time,device_id,latitude,longitude,aqi,co,co2,hum,no2,o3,pm1,pm10,pm25,so2,temp
2026-09-06T18:30:00.000Z,MCT2408020,15.543475,74.039433,24.25,180,512.5625,86.702865,9.155613125,19.298656875,7.013750000000001,22.368750000000002,12.486875000000001,3.6599999999999984,27.23227187499999
2026-09-06T18:40:00.000Z,MCT2408020,15.543475,74.039433,25.25,180,505,86.83971937499999,8.9796611875,19.140030624999998,7.594374999999999,24.2325,13.416875000000001,3.6599999999999984,27.24500812499999
2026-09-06T18:40:49.011Z,MCT2408020,15.543475,74.039433,27,180,506,86.78107,8.888889,19.30371,8.35,27.03,14.87,3.66,27.26043
2026-09-06T18:30:00.000Z,MCT2408028,15.186944,74.096667,43.64,624.3711999999999,550.28,89.79956039999999,19.043199999999995,11.7708,7.790000000000003,26.369600000000005,15.390000000000008,2.4071999999999996,26.318761999999996
2026-09-06T18:40:00.000Z,MCT2408028,15.186944,74.096667,43.708333333333336,623.6345833333332,555.5,89.92342624999998,19.10541666666666,11.782499999999999,7.156666666666667,23.740416666666665,13.627083333333333,2.355,26.311702500000006
2026-09-06T18:40:49.012Z,MCT2408028,15.186944,74.096667,44,619.5,543,89.9549,19.4,11.56,6.99,24.36,14.415,2.44,26.332704999999997
2026-09-06T18:30:00.000Z,MCT2408057,15.272222,74.104722,29.92,324.29439999999994,481.88,85.42883199999997,12.361999999999998,8.823999999999998,4.6732,14.044399999999996,7.595200000000001,1.8524000000000003,28.1338764
2026-09-06T18:40:00.000Z,MCT2408057,15.272222,74.104722,29.84,321.6787999999999,474.72,85.76666159999999,12.322799999999997,8.78,5.7936000000000005,17.0304,9.011600000000001,1.7967999999999997,28.065236800000008
2026-09-06T18:40:49.030Z,MCT2408057,15.272222,74.104722,29.5,318.53,462.5,85.89606,12.15,8.69,6.855,20.36,10.795,1.58,28.04336
2026-09-06T18:30:00.000Z,MCT2408056,15.579167,73.920833,31.25,180,530.1875,87.6203025,6.863124999999999,10.304283249999997,11.025,32.78812500000001,17.923750000000002,1.5874999999999997,26.74763249999999
2026-09-06T18:40:00.000Z,MCT2408056,15.579167,73.920833,28.1875,180,539.0625,87.67036875000001,6.860625,9.690727,8.622499999999999,26.24,14.761875000000002,1.5743749999999999,26.763051250000004
2026-09-06T18:40:49.034Z,MCT2408056,15.579167,73.920833,30,180,544,87.98651,5.93,9,10.32,29.14,15,1.56,26.76707
2026-09-06T18:30:00.000Z,MCT2408055,15.585833,73.885556,20,93.80375000000001,808.0625,87.17398062499998,8.981875,6.33,5.940625000000002,17.1475,9.54,1.328125,26.69467562500001
2026-09-06T18:40:00.000Z,MCT2408055,15.585833,73.885556,19.8125,92.163125,809.8125,87.352319375,8.854375000000001,6.540000000000001,5.984375,17.023125,9.413124999999999,1.2768750000000002,26.597478750000004
2026-09-06T18:40:49.064Z,MCT2408055,15.585833,73.885556,20,93.75,814,87.42194,9.41,7.11,6.99,19.08,10.22,1.4,26.56329
2026-09-06T18:30:00.000Z,MCT2408053,15.263333,74.110833,58.375,115.1407625,736.9375,90.97294187499998,16.122500000000002,29.051874999999992,27.260624999999997,90.54500000000002,56.96562499999999,5.97,27.158535
2026-09-06T18:40:00.000Z,MCT2408053,15.263333,74.110833,54.875,130.9945125,742.875,90.79174437500002,18.37125,29.823124999999994,25.654999999999998,84.4075,52.80562499999999,6.174375,27.193390000000004
2026-09-06T18:40:49.228Z,MCT2408053,15.263333,74.110833,52,155.259,757,90.63391,17.4,30.33,24.79,80.7,49.63,5.21,27.19607
2026-09-06T18:30:00.000Z,MCT2408052,15.444425,74.063856,43.375,160,714.5625,86.17786874999996,3.6019299375000005,8,16.16,44.98,21.14125,2,27.277854375
2026-09-06T18:40:00.000Z,MCT2408052,15.444425,74.063856,46.4375,160,714.3125,86.08440750000003,3.571885937500001,8,18.583750000000002,50.713750000000005,23.25625,2,27.299976875000002
2026-09-06T18:40:49.229Z,MCT2408052,15.444425,74.063856,43,160,727,86.08679,3.64,8,15.39,43.79,21.06,2,27.28188
2026-09-06T18:30:00.000Z,MCT2408021,15.500556,74.053333,50,375,516.375,85.38822562499999,21.567500000000003,14.703340000000003,2.86,8.5325,5.057499999999998,4.173750000000001,27.250370625
2026-09-06T18:40:00.000Z,MCT2408021,15.500556,74.053333,50.25,375,530.5625,85.57133000000002,21.683750000000007,14.703338749999997,2.86,8.26125,4.76125,4.195624999999999,27.222886250000002
2026-09-06T18:40:49.234Z,MCT2408021,15.500556,74.053333,50,375,533,85.57562,21.74,14.83784,2.86,9.57,6.19,3.92,27.22825
2026-09-06T18:30:00.000Z,MCT2408043,15.221111,74.087222,34.25,166.515,619.4375,85.04680999999998,14.198749999999999,10.487499999999999,12.425625,39.106875,21.059375,5.290000000000001,27.661275625
2026-09-06T18:40:00.000Z,MCT2408043,15.221111,74.087222,35.5,168.385,654.8125,85.1650675,14.187499999999996,10.441875,13.455,41.761875,22.099375,5.290000000000001,27.615693125000007
2026-09-06T18:40:49.238Z,MCT2408043,15.221111,74.087222,37,168.375,636,85.152195,14.17,10.45,14.565,45.06,23.7,5.29,27.6358
2026-09-06T18:30:00.000Z,MCT2408051,15.486528,74.033889,52.5,355.2825,856.25,97.12318687499999,22.411875,5.1899999999999995,6.6850000000000005,21.753125,12.213124999999998,4.39,25.369456250000002
2026-09-06T18:40:00.000Z,MCT2408051,15.486528,74.033889,52.625,355.005,874.9375,98.074954375,22.581249999999997,5.1899999999999995,7.229375,23.15125,12.794999999999998,4.39,25.486090000000004
2026-09-06T18:40:49.269Z,MCT2408051,15.486528,74.033889,53,342.26,873,98.30908,22.71,5.19,11.19,34.18,18.05,4.39,25.60876
2026-09-06T18:30:00.000Z,MCT2408050,15.553611,73.958333,27,86.02999999999999,580.5625,90.529005625,10.97625,4.199375,4.399375000000001,13.8475,7.437500000000001,2.3237499999999995,25.713333749999993
2026-09-06T18:40:00.000Z,MCT2408050,15.553611,73.958333,27.3125,86.02999999999999,588.4375,90.45366687500001,11.122500000000002,4.290000000000001,5.196250000000001,17.12,9.249375,2.0824999999999996,25.784385625000006
2026-09-06T18:40:49.436Z,MCT2408050,15.553611,73.958333,27,86.03,584,90.63391,10.83,4.25,5.09,15.030000000000001,7.225,2.59,25.83399
2026-09-06T18:30:00.000Z,MCT2408030,15.142519,74.075003,37.06666666666667,163,515.4,82.06203066666667,8.703333333333331,6.200000000000002,14.745333333333333,43.065333333333335,23.223999999999997,4.002,27.304759333333333
2026-09-06T18:40:00.000Z,MCT2408030,15.142519,74.075003,41,163,547.25,82.0818375,8.6825,6.200000000000002,17.103125000000002,50.98062500000001,27.925,4.2775,27.34890875
2026-09-06T18:40:49.447Z,MCT2408030,15.142519,74.075003,34,163,549,81.95166,8.31,6.2,12.18,37.41,20.83,4.54,27.3784
2026-09-06T18:30:00.000Z,MCT2408034,15.356389,74.123611,29.083333333333332,180,538,75.831295,6.150000000000002,5.3570833333333345,9.112916666666669,28.95500000000001,15.548333333333332,1.125833333333333,30.74429541666667
2026-09-06T18:40:00.000Z,MCT2408034,15.356389,74.123611,28.44,180,537.92,76.34466519999995,6.150000000000002,5.0696,8.564799999999996,27.4212,14.850400000000002,1.1311999999999998,30.6881672
2026-09-06T18:40:49.447Z,MCT2408034,15.356389,74.123611,29,180,536.5,76.466125,6.15,4.79,9.11,28.13,15,1.495,30.72463
2026-09-06T18:30:00.000Z,MCT2408029,15.333611,74.206944,12.8125,120,568.6875,91.35107624999999,4.213125,7.698750000000001,3.4931249999999996,11.127500000000001,6.248749999999999,3.5,26.98157249999999
2026-09-06T18:40:00.000Z,MCT2408029,15.333611,74.206944,12.5625,120,567.25,91.49984812499999,3.796875,8.065000000000001,4.193124999999999,13.294375,7.539375,3.5,26.945375625000004
2026-09-06T18:40:49.448Z,MCT2408029,15.333611,74.206944,13,120,568,91.64862,6.37,9.85,4.12,13.87,8.24,3.5,26.96012
2026-09-06T18:30:00.000Z,MCT2408023,15.499722,74.020833,36.1875,150.784375,475.9375,90.731185,9.300624999999998,19.450624999999995,9.34625,32.136875,21.56875,4.3062499999999995,26.065914999999997
2026-09-06T18:40:00.000Z,MCT2408023,15.499722,74.020833,35.5,150.51,489.625,91.04303687499998,9.143749999999999,18.985625000000002,8.87,30.79125,20.753125,4.373125,26.199313749999998
2026-09-06T18:40:49.475Z,MCT2408023,15.499722,74.020833,38,150.51,494,91.13745,8.91,15.61,8.87,32.93,23.2,4.43,26.26299
2026-09-06T18:30:00.000Z,MCT2408027,15.275556,74.1075,25.375,1184.944375,565.4375,89.673561875,6.579999999999999,13.093749999999998,8.57,26.98375,14.759374999999999,2.9500000000000006,27.2409875
2026-09-06T18:40:00.000Z,MCT2408027,15.275556,74.1075,23.9375,1180.6987500000002,570.6875,89.691680625,6.579999999999999,13.133125,7.5187500000000025,24.149375,13.586249999999998,2.9500000000000006,27.267131874999997
2026-09-06T18:40:49.644Z,MCT2408027,15.275556,74.1075,23,1191.06,597,89.71075,6.58,13.14,6.9,22.67,12.85,2.95,27.26043
2026-09-06T18:30:00.000Z,MCT2408040,15.528056,74.020833,18.8125,100,522.5,88.19202875,7.920625000000001,4.748125,3.07,8.42,3.7299999999999986,3.5,26.712779375000007
2026-09-06T18:40:00.000Z,MCT2408040,15.528056,74.020833,18.875,100,507.9375,88.19727250000003,7.952500000000001,4.746249999999999,3.07,8.42,3.7299999999999986,3.5,26.69534875
2026-09-06T18:40:49.659Z,MCT2408040,15.528056,74.020833,19,100,512,88.3222,7.84,4.67,3.07,8.42,3.73,3.5,26.64909
2026-09-06T18:30:00.000Z,MCT2408049,15.475278,74.055833,56.75,151.77786250000003,552.625,85.24803374999999,24.2925,13.6075,12.268125000000003,36.721875,19.08375,2.61,27.18802875
2026-09-06T18:40:00.000Z,MCT2408049,15.475278,74.055833,56.8125,150.464575,558.9375,85.40729812499998,24.274375,14.02,11.213124999999998,33.753750000000004,17.695,2.61,27.165908125
2026-09-06T18:40:49.659Z,MCT2408049,15.475278,74.055833,56,150,568,85.66718,23.8,15.06,9.2,26.81,13.81,2.61,27.15317
2026-09-06T18:30:00.000Z,MCT2408044,15.313669,74.140042,24.133333333333333,214.29,537.1333333333333,94.23040733333333,10.690666666666669,3.7,3.6766666666666654,9.966666666666667,5.768666666666666,2.7996582,25.97341
2026-09-06T18:40:00.000Z,MCT2408044,15.313669,74.140042,24.3125,214.29,547.0625,94.38232812499999,10.77625,3.5674999999999994,3.410625,9.5,5.676874999999999,3.2217146249999997,25.948610000000002
2026-09-06T18:40:49.670Z,MCT2408044,15.313669,74.140042,24,214.29,546.5,94.56305,10.71,3.32,5.75,16,9.73,2.7076925,25.892975
2026-09-06T18:30:00.000Z,MCT2408046,15.529167,74.07,31,95.52,616.24,83.4543456,13.495600000000003,0.7367999999999998,9.7876,29.5092,14.614799999999997,3.1844,28.2171024
2026-09-06T18:40:00.000Z,MCT2408046,15.529167,74.07,31,95.52,617.96,83.53033479999998,13.3092,0.7644,9.053199999999999,26.750799999999998,12.9448,3.3188,28.2183884
2026-09-06T18:40:49.683Z,MCT2408046,15.529167,74.07,31,95.52,624,83.65683,13.37,0.735,8.850000000000001,25.55,12.399999999999999,3.135,28.22032
2026-09-06T18:30:00.000Z,MCT2408037,15.394444,74.118333,25.1875,160,456.6875,84.76642875000002,10.504375000000001,14.364374999999999,5.248125000000001,19.830624999999998,10.630625,3.6618749999999998,26.879013125000007
2026-09-06T18:40:00.000Z,MCT2408037,15.394444,74.118333,25.4375,160,462.9375,84.84606125000002,10.565625,14.39,7.014374999999999,24.736874999999998,12.693125000000002,3.4262500000000005,26.905828124999996
2026-09-06T18:40:49.857Z,MCT2408037,15.394444,74.118333,25,160,475,84.87372,10.65,14.35,6.69,25.35,13.49,3.18,26.93867
2026-09-06T18:30:00.000Z,MCT2408041,15.224628,74.171389,32.8125,382.711625,543,89.93200874999998,13.733124999999998,9.7,8.090000000000002,20.401875,9.051875000000003,7.77375,27.093514999999996
2026-09-06T18:40:00.000Z,MCT2408041,15.224628,74.171389,32.6875,396.03456249999994,542.5,90.23479937500001,13.671875,9.7,8.090000000000002,20.25,8.900000000000002,7.7875,27.08211937500001
2026-09-06T18:40:49.867Z,MCT2408041,15.224628,74.171389,33,405.23805000000004,541.5,90.355435,13.765,9.7,8.09,20.25,8.9,8.120000000000001,27.09955
2026-09-06T18:30:00.000Z,MCT2408042,15.213889,74.071667,61.13333333333333,216.67,514.6666666666666,87.76068133333337,26.115999999999996,13.162666666666667,11.283999999999999,33.74533333333333,17.37066666666667,3.028,27.667977333333326
2026-09-06T18:40:00.000Z,MCT2408042,15.213889,74.071667,61.25,219.645625,515.4375,87.99271000000002,26.23,13.25375,11.431874999999998,34.03,17.480625,3.0662499999999993,27.657923750000002
2026-09-06T18:40:49.867Z,MCT2408042,15.213889,74.071667,61,224.72,518,88.013215,26.07,13.09,10.465,31.01,15.945,3.27,27.65725
2026-09-06T18:30:00.000Z,MCT2408033,15.346944,74.007778,20.375,110.4201125,517.5,88.300745,8.285,4.153125,3.7506250000000008,10,6.175,4.39,26.70674125
2026-09-06T18:40:00.000Z,MCT2408033,15.346944,74.007778,20.9375,111.796075,522.8125,88.43187875000002,8.939375,4.836875,3.863750000000001,10.480625,6.580625,4.39,26.634346875000006
2026-09-06T18:40:49.879Z,MCT2408033,15.346944,74.007778,22,110.1177,515,88.53583,9.97,4.49,4.24,10.26,5.88,4.39,26.62764
2026-09-06T18:30:00.000Z,MCT2408024,15.148056,74.131667,41.52,216.12561999999997,645.6,80.22558640000001,18.2796352,5.494083840000001,5.3996,17.550000000000004,9.790000000000003,2.4979999999999998,28.093980000000006
2026-09-06T18:40:00.000Z,MCT2408024,15.148056,74.131667,40.92,217.057036,755.36,80.25427359999996,17.7684664,6.003174640000001,5,16.230000000000004,9.230000000000004,2.4988,27.9871584
2026-09-06T18:40:49.891Z,MCT2408024,15.148056,74.131667,41,214.43895,758,80.33423,17.853345,5,5,15.99,8.99,2.495,27.92538
2026-09-06T18:30:00.000Z,MCT2408045,15.619444,73.878889,26.6875,178.11999999999995,672.6875,84.692520625,10.704374999999999,16.423750000000002,4.12375,13.61875,7.07,2.5300000000000002,26.678586874999993
2026-09-06T18:40:00.000Z,MCT2408045,15.619444,73.878889,27.0625,178.11999999999995,676.8125,84.76166125,10.95,16.45,4.185625000000001,14.153125000000003,7.42375,2.5300000000000002,26.708085000000008
2026-09-06T18:40:50.062Z,MCT2408045,15.619444,73.878889,25.5,178.12,666,84.80505,9.96,16.259999999999998,4.78,15.969999999999999,8.2,2.53,26.71345
2026-09-06T18:30:00.000Z,MCT2408032,15.525556,73.828611,34.48,178.92999999999995,630.2,84.3778076,14.399200000000006,18.398800000000005,8.085999999999999,25.8852,13.986400000000001,2.3864000000000005,27.61907040000001
2026-09-06T18:40:00.000Z,MCT2408032,15.525556,73.828611,34.24,178.92999999999995,635,85.0443116,14.096000000000005,18.7972,7.176800000000003,18.8316,8.719200000000003,2.2512000000000003,27.597620799999994
2026-09-06T18:40:50.073Z,MCT2408032,15.525556,73.828611,33.5,178.93,649.5,85.144565,13.445,19.095,7.12,19.2,9.2,2.275,27.58754
2026-09-06T18:30:00.000Z,MCT2408022,15.475833,74.038889,27.2,150,440.53333333333336,87.88732933333334,4.524666666666667,11.365258666666666,8.866666666666667,27.866666666666667,15.333333333333334,4.248535266666667,26.550422
2026-09-06T18:40:00.000Z,MCT2408022,15.475833,74.038889,28.3125,150,447.5625,88.114780625,4.42125,11.398343124999998,9.625,30,16.3125,4.2244470625,26.505646250000005
2026-09-06T18:40:50.071Z,MCT2408022,15.475833,74.038889,29.5,150,450.5,88.11239499999999,4.495,11.695785,10.5,32.5,17.5,4.238716999999999,26.55257
2026-09-06T18:30:00.000Z,MCT2408036,15.171567,74.067106,35.8125,120,566,87.47534124999999,10.418125,8.10375,7.104375,21.72,11.808750000000002,10.8325,27.252383750000003
2026-09-06T18:40:00.000Z,MCT2408036,15.171567,74.067106,36.1875,120,567.9375,87.11389624999998,10.467500000000001,8.100625,6.284375000000001,19.186875,10.479999999999997,11.040624999999999,27.4032025
2026-09-06T18:40:50.083Z,MCT2408036,15.171567,74.067106,36,120,580,87.2312,9.35,8.08,6.84,19.76,10.13,10.92,27.39985
2026-09-06T18:30:00.000Z,MCT2408031,15.290833,74.149167,17.75,140,537.5,87.08433249999999,7.149361187499999,6.908330937500001,6.459375,17.03875,9.315000000000001,4.63125,26.732216875000002
2026-09-06T18:40:00.000Z,MCT2408031,15.290833,74.149167,17.625,140.093025,552.3125,87.10102312499998,7.0853566875,7.057225875,6.190624999999999,16.03375,8.631874999999999,4.440625000000001,26.739589374999994
2026-09-06T18:40:50.099Z,MCT2408031,15.290833,74.149167,18,140,566,87.12439,7.609797,6,5.71,14.78,8.1,4.7,26.72417
2026-09-06T18:30:00.000Z,MCT2408035,15.236111,74.125,48.3125,190,776.75,88.87867437499997,19.094701875000002,8.913749999999999,4.0612499999999985,12.429999999999998,6.698125000000002,3.831249999999999,27.351589375000003
2026-09-06T18:40:00.000Z,MCT2408035,15.236111,74.125,47.5,190,762.5,88.75135750000003,18.464005,9.076249999999998,7.4625,22.90125,12.311249999999998,3.8299999999999987,27.482971875
2026-09-06T18:40:50.275Z,MCT2408035,15.236111,74.125,46,190,754,88.69604,17.53162,8.94,12.17,36.98,19.62,3.83,27.57145
2026-09-06T18:30:00.000Z,MCT2408026,15.2467,74.198281,30.84,125,553.76,83.22210639999999,13.202068000000004,12.5,5.069200000000002,16.209199999999996,8.7924,1.8572000000000002,28.72847639999999
2026-09-06T18:40:00.000Z,MCT2408026,15.2467,74.198281,30.92,125,553.84,83.20532279999999,13.179263600000002,12.5,4.805200000000003,15.357599999999998,8.4072,1.8683999999999998,28.7550732
2026-09-06T18:40:50.288Z,MCT2408026,15.2467,74.198281,31,125,554,83.27917,13.02891,12.5,4.73,14.99,8.195,1.71,28.7673
2026-09-06T18:30:00.000Z,MCT2408038,15.188889,74.055556,22.4375,234.21124999999998,737.6875,84.97146874999999,9.13375,13.330000000000005,6.887500000000001,20.127499999999998,10.195625,4.6175,28.195518124999992
2026-09-06T18:40:00.000Z,MCT2408038,15.188889,74.055556,23.4375,233.55124999999995,726.3125,85.13884,9.009999999999998,13.330000000000005,8.63125,25.284375000000004,12.77875,4.595625,28.203563750000004
2026-09-06T18:40:50.288Z,MCT2408038,15.188889,74.055556,24,233.33,726,85.11786,9.02,13.33,9.91,28.33,14.33,4.545,28.22568
2026-09-06T18:30:00.000Z,MCT2408039,15.163611,74.110833,29,266.61125,528.25,85.31860750000001,12.040624999999999,10.3,9.019999999999998,28.94,11.759999999999998,2.3,27.1618875
2026-09-06T18:40:00.000Z,MCT2408039,15.163611,74.110833,29.1875,259.69187500000004,536.125,85.55273437499999,12.732499999999998,10.3,9.019999999999998,28.94,11.759999999999998,2.3,27.071394375000004
2026-09-06T18:40:50.292Z,MCT2408039,15.163611,74.110833,29,245.29,540,85.7511,11.26,10.3,9.02,28.94,11.76,2.3,27.04592
2026-09-06T20:00:00.000Z,MCT2408020,15.543475,74.039433,41.666666666666664,180,519.1666666666666,86.95273000000002,9.235677833333334,19.164687499999996,19.480833333333333,58.326666666666654,29.895,3.659999999999999,27.34175833333333
2026-09-06T20:10:00.000Z,MCT2408020,15.543475,74.039433,43.4375,180,514,87.02187062499999,9.179411624999998,19.258851874999998,20.468125,61.743125,31.948749999999997,3.6599999999999984,27.300647500000004
2026-09-06T20:20:00.000Z,MCT2408020,15.543475,74.039433,44.1875,180,517.25,87.09005687499999,9.257439374999999,19.14003125,21.106875,63.19874999999999,32.58812499999999,3.6599999999999984,27.293943124999995
2026-09-06T20:30:00.000Z,MCT2408020,15.543475,74.039433,45.13333333333333,180,511.46666666666664,87.21797599999998,9.083090933333333,19.335394666666666,21.337999999999997,64.43133333333334,33.583999999999996,3.6599999999999984,27.25971333333333
2026-09-06T20:40:00.000Z,MCT2408020,15.543475,74.039433,44.75,180,507.125,87.204498125,9.155613125,19.2639025,20.99,63.139374999999994,32.76249999999999,3.6599999999999984,27.236964374999996
2026-09-06T20:50:00.000Z,MCT2408020,15.543475,74.039433,45.1875,180,508.6875,87.11485249999998,9.1401379375,19.172261250000002,21.338124999999998,64.07312499999999,33.22749999999999,3.6599999999999984,27.236967500000006
2026-09-06T20:52:59.702Z,MCT2408020,15.543475,74.039433,44.8,180,511,87.084714,9.221806599999999,19.089351999999998,21.152,63.562,32.902,3.66,27.21323
2026-09-06T20:00:00.000Z,MCT2408028,15.186944,74.096667,43.666666666666664,599.5733333333333,554.5,90.41859333333332,19.07166666666667,11.856666666666666,7.489999999999998,24.637777777777785,14.194999999999999,2.3333333333333335,26.09555777777778
2026-09-06T20:10:00.000Z,MCT2408028,15.186944,74.096667,43.24,596.1079999999998,558.24,90.42486680000002,18.6576,11.6668,7.710000000000003,25.17600000000001,14.474400000000005,2.1092,26.060070000000007
2026-09-06T20:20:00.000Z,MCT2408028,15.186944,74.096667,43.208333333333336,589.58375,561.2916666666666,90.44444875,18.629166666666666,11.819583333333334,7.656666666666667,24.277500000000007,13.66916666666667,2.1570833333333335,25.999332083333343
2026-09-06T20:30:00.000Z,MCT2408028,15.186944,74.096667,43.44,588.7372000000003,561.6,90.50634880000005,18.843999999999998,11.7024,8.430000000000001,26.250799999999998,14.473999999999998,2.2132,25.955822400000002
2026-09-06T20:40:00.000Z,MCT2408028,15.186944,74.096667,43.48,586.1164,563.64,90.65832599999997,18.881999999999994,11.6668,7.110000000000001,22.473599999999998,12.4876,1.9367999999999999,25.8833208
2026-09-06T20:50:00.000Z,MCT2408028,15.186944,74.096667,43.68,584.5688000000001,570.4,90.71539240000001,19.0708,11.6996,5.149999999999999,16.386000000000003,9.187599999999996,1.9924000000000002,25.822405200000013
2026-09-06T20:52:59.702Z,MCT2408028,15.186944,74.096667,43.375,585.9387499999999,570.75,90.76361000000001,18.79,11.89375,5.240000000000001,16.77875,9.44625,2.4025,25.79913125
2026-09-06T20:00:00.000Z,MCT2408057,15.272222,74.104722,29.823529411764707,318.10764705882355,465.11764705882354,86.01049823529412,12.303529411764705,8.738823529411766,6.206470588235293,18.0264705882353,9.44235294117647,2.0235294117647067,27.798575294117644
2026-09-06T20:10:00.000Z,MCT2408057,15.272222,74.104722,29.96,311.37200000000007,471.56,85.77398679999999,12.395999999999999,8.7544,6.102800000000001,17.79960000000001,9.277999999999999,2.0319999999999996,27.832718399999997
2026-09-06T20:20:00.000Z,MCT2408057,15.272222,74.104722,29.92,308.40200000000004,467.12,85.52587800000003,12.3804,8.708,6.6064000000000025,19.35920000000001,10.073600000000003,2.1304000000000003,27.8215636
2026-09-06T20:30:00.000Z,MCT2408057,15.272222,74.104722,29.64,311.7316,471.2,85.75933840000002,12.256799999999998,8.789599999999998,6.700400000000002,19.427600000000005,10.097200000000004,2.2239999999999993,27.742623200000004
2026-09-06T20:40:00.000Z,MCT2408057,15.272222,74.104722,29.76,318.7675999999999,476.36,85.6387952,12.323999999999998,8.6316,6.127200000000001,18.296799999999998,9.764400000000002,2.1324000000000005,27.7413368
2026-09-06T20:50:00.000Z,MCT2408057,15.272222,74.104722,29.92,317.31639999999993,488.36,85.69036960000001,12.3692,8.6884,5.481599999999999,16.351999999999997,8.790400000000002,2.1399999999999997,27.684709199999997
2026-09-06T20:52:59.750Z,MCT2408057,15.272222,74.104722,30,316.34625000000005,485.875,85.69292625,12.475,8.49875,5.8100000000000005,17.38625,9.3425,2.09,27.6317825
2026-09-06T20:00:00.000Z,MCT2408056,15.579167,73.920833,26.545454545454547,180,563.4545454545455,88.24174818181815,6.808181818181819,9.68075109090909,7.936363636363637,24.34181818181818,13.973636363636365,1.5600000000000003,26.90162272727272
2026-09-06T20:10:00.000Z,MCT2408056,15.579167,73.920833,25.3125,180,557.0625,88.301224375,6.981249999999999,9.863555875000001,6.922499999999998,21.518749999999997,12.299375000000003,1.5699999999999998,26.873650625
2026-09-06T20:20:00.000Z,MCT2408056,15.579167,73.920833,24.5,180,559.4375,88.23112875,6.875625,10.351818625,6.04125,19.639374999999998,11.422500000000001,1.5712499999999998,26.8743225
2026-09-06T20:30:00.000Z,MCT2408056,15.579167,73.920833,23.9375,180,559.4375,88.24066499999999,6.7006250000000005,9.800029187500002,5.571249999999999,18.55625,10.8375,1.6137499999999996,26.885047500000002
2026-09-06T20:40:00.000Z,MCT2408056,15.579167,73.920833,23.75,180,551.9375,88.51866124999998,6.671250000000001,9.812499875,5.571249999999999,18.785,11.071875000000002,1.5943749999999997,26.842817500000006
2026-09-06T20:50:00.000Z,MCT2408056,15.579167,73.920833,22.625,180,550,88.42806187499998,6.866875,9.568368375,5.277499999999999,17.189375000000002,9.958125000000003,1.5712499999999998,26.858234375
2026-09-06T20:52:59.757Z,MCT2408056,15.579167,73.920833,22.4,180,557.6,88.532776,6.860000000000001,9.435210600000001,4.878000000000001,16.938,10.496,1.6,26.857162
2026-09-06T20:00:00.000Z,MCT2408055,15.585833,73.885556,19.833333333333332,94.09250000000002,829.9166666666666,88.03165249999999,8.873333333333333,6.496666666666667,4.78,14.144166666666665,8.01,1.265,26.508775833333335
2026-09-06T20:10:00.000Z,MCT2408055,15.585833,73.885556,19.6875,97.04125,818.125,87.88780624999998,8.779375,6.555,4.462500000000001,13.116874999999999,7.244374999999998,1.2487500000000005,26.55189875
2026-09-06T20:20:00.000Z,MCT2408055,15.585833,73.885556,20.0625,100.56875,815.6875,87.71423687499998,9.01,6.620000000000001,4.375000000000001,12.953125,7.201875,1.4718749999999998,26.58139187500001
2026-09-06T20:30:00.000Z,MCT2408055,15.585833,73.885556,19.9375,97.62937500000001,826.875,88.00224687500001,9.001875,6.7650000000000015,4.461875000000001,13.199375,7.372499999999999,1.4181249999999999,26.502293125
2026-09-06T20:40:00.000Z,MCT2408055,15.585833,73.885556,19.9375,97.54625,822.25,88.05946624999999,8.943750000000001,6.58,4.375000000000001,13.076249999999998,7.329375000000001,1.34375,26.50966937500001
2026-09-06T20:50:00.000Z,MCT2408055,15.585833,73.885556,19.875,96.94749999999998,826.125,88.01273812499998,8.925,6.764374999999999,4.2875000000000005,12.665624999999999,6.945,1.2756250000000002,26.580050625000002
2026-09-06T20:52:59.757Z,MCT2408055,15.585833,73.885556,19.75,99.0825,829.25,87.92357,8.764999999999999,6.57,4.725,13.6525,7.5,1.2375,26.635687499999996
2026-09-06T20:00:00.000Z,MCT2408053,15.263333,74.110833,41.72727272727273,193.00368181818183,744.7272727272727,91.32957272727272,16.58454545454545,29.55545454545454,6.010909090909092,20.949090909090906,13.639090909090909,6.364545454545455,26.943548181818183
2026-09-06T20:10:00.000Z,MCT2408053,15.263333,74.110833,41.125,174.49535625000001,733.375,91.32485062500001,15.98,29.987499999999994,5.452500000000001,18.96,12.338124999999998,6.1187499999999995,26.89443125
2026-09-06T20:20:00.000Z,MCT2408053,15.263333,74.110833,41.8125,168.27913125,708.3125,91.20897812499997,16.540000000000003,29.619374999999998,5.280000000000002,19.02125,12.760625,6.231249999999999,26.822037500000004
2026-09-06T20:30:00.000Z,MCT2408053,15.263333,74.110833,41.75,192.71538750000002,743.6875,91.436905,16.53875,30.164374999999993,5.395,18.96125,12.197499999999998,6.32875,26.730203749999998
2026-09-06T20:40:00.000Z,MCT2408053,15.263333,74.110833,41.6875,194.4284875,732.125,91.79405500000003,16.325,29.519374999999993,5.625,19.506249999999994,12.620624999999997,6.291875,26.646410624999994
2026-09-06T20:50:00.000Z,MCT2408053,15.263333,74.110833,43.125,193.20946249999997,772.3125,91.75448,17.62625,30.453749999999996,5.567500000000001,19.445625,12.691249999999998,6.265625000000001,26.620939375000003
2026-09-06T20:52:59.955Z,MCT2408053,15.263333,74.110833,42.2,196.34684000000001,754.4,91.969054,16.848,29.803999999999995,5.694,19.836000000000002,12.859999999999996,6.05,26.556858
2026-09-06T20:00:00.000Z,MCT2408052,15.444425,74.063856,46.54545454545455,160,725.2727272727273,86.63888363636364,3.6611801818181817,8,18.79,51.349090909090904,23.628181818181815,2,27.056648181818183
2026-09-06T20:10:00.000Z,MCT2408052,15.444425,74.063856,42.25,160,734.0625,86.9636975,3.6107018750000006,8,15.595625000000002,43.49125,20.473125,2,26.98358375
2026-09-06T20:20:00.000Z,MCT2408052,15.444425,74.063856,39.875,160,717.3125,87.25265874999998,3.589430125000001,8,14.2575,38.90125,17.841250000000002,2,26.91319999999999
2026-09-06T20:30:00.000Z,MCT2408052,15.444425,74.063856,43,160,721.375,87.421460625,3.5974563125000008,8,16.660625,44.72,20.12875,2,26.875662500000008
2026-09-06T20:40:00.000Z,MCT2408052,15.444425,74.063856,39.375,160,727.25,87.585968125,3.617982687500001,8,13.776249999999997,37.715625,17.388125,2,26.876333125000002
2026-09-06T20:50:00.000Z,MCT2408052,15.444425,74.063856,38.5625,160,714.0625,87.65797124999999,3.6560526250000005,8,13.086875,36.05500000000001,16.740000000000002,2,26.84483
2026-09-06T20:52:59.956Z,MCT2408052,15.444425,74.063856,41.2,160,725.8,87.68896400000001,3.7313685999999997,8,15.518,41.932,18.984,2,26.814261999999996
2026-09-06T20:00:00.000Z,MCT2408043,15.221111,74.087222,35.90909090909091,175.16181818181818,659.6363636363636,86.38295,14.226363636363637,10.445454545454547,13.813636363636364,43.07,22.827272727272728,5.29,27.116121818181817
2026-09-06T20:10:00.000Z,MCT2408043,15.221111,74.087222,33.3125,176.85812500000003,665.875,86.37289374999997,14.214374999999997,10.434374999999998,11.951875000000003,36.77312499999999,19.296875,5.290000000000001,27.061339375
2026-09-06T20:20:00.000Z,MCT2408043,15.221111,74.087222,33.0625,177.02187500000002,674.5,86.30089249999999,14.213749999999997,10.434375,10.60625,33.313125,18.093125,5.290000000000001,27.020450624999995
2026-09-06T20:30:00.000Z,MCT2408043,15.221111,74.087222,33,184.594375,675.375,86.32568624999999,14.197499999999996,10.454375,9.105,28.966875,15.770000000000003,5.290000000000001,26.925935624999994
2026-09-06T20:40:00.000Z,MCT2408043,15.221111,74.087222,33.0625,185.681875,678.5,86.40436500000001,14.191875,10.471249999999998,9.184375000000001,30.094375,16.65125,5.290000000000001,26.862257500000005
2026-09-06T20:50:00.000Z,MCT2408043,15.221111,74.087222,33,185.58062500000003,676.375,86.83113500000003,14.226249999999997,10.402499999999998,8.234374999999998,27.116875,14.810000000000002,5.290000000000001,26.740260625
2026-09-06T20:53:00.009Z,MCT2408043,15.221111,74.087222,33,184.09,667,86.820738,14.152000000000001,10.459999999999999,8.614,28.068,15.37,5.29,26.74991
2026-09-06T20:00:00.000Z,MCT2408021,15.500556,74.053333,49.54545454545455,375,518.8181818181819,86.36630454545454,21.30090909090909,14.51841090909091,5.321818181818181,16.88,10.954545454545455,4.278181818181817,27.16194909090909
2026-09-06T20:10:00.000Z,MCT2408021,15.500556,74.053333,49.8125,375,524.1875,86.34380749999997,21.450625000000006,14.551115625000001,5.443124999999999,17.44625,11.400000000000002,4.219375,27.147809374999998
2026-09-06T20:20:00.000Z,MCT2408021,15.500556,74.053333,49.5625,375,521.3125,86.358111875,21.333125000000003,14.497152499999999,5.561875,17.90875,11.726250000000002,4.2562500000000005,27.116976250000004
2026-09-06T20:30:00.000Z,MCT2408021,15.500556,74.053333,49.5,375,524.25,86.588901875,21.286875000000006,14.4468825,5.741249999999999,18.099999999999998,11.608125000000001,4.260625000000001,26.996319375
2026-09-06T20:40:00.000Z,MCT2408021,15.500556,74.053333,49.3125,375,529.625,86.57316687499998,21.110000000000003,14.37292,5.3843749999999995,17.2825,11.279375000000002,4.1825,26.956771875000005
2026-09-06T20:50:00.000Z,MCT2408021,15.500556,74.053333,49.5625,375,531.125,86.70000375,21.177500000000002,14.372920000000002,5.294375,16.985,11.130625000000002,4.241250000000001,26.901804999999996
2026-09-06T20:53:00.012Z,MCT2408021,15.500556,74.053333,49.25,375,527.75,86.73528999999999,21.0225,14.4209075,5.83,18.262500000000003,11.665,4.265000000000001,26.887729999999998
2026-09-06T20:00:00.000Z,MCT2408034,15.356389,74.123611,30.823529411764707,180,556.2352941176471,76.4167594117647,6.217058823529413,5.573529411764707,10.399999999999997,32.768235294117645,17.37470588235294,1.1941176470588233,30.453978235294123
2026-09-06T20:10:00.000Z,MCT2408034,15.356389,74.123611,30.96,180,551.56,76.49115039999998,6.202000000000003,5.4488,10.572399999999998,32.973600000000005,17.441199999999995,1.1403999999999999,30.445777200000013
2026-09-06T20:20:00.000Z,MCT2408034,15.356389,74.123611,28.125,180,553.8333333333334,76.41303833333332,6.1837500000000025,6.3808333333333325,8.581249999999999,27.353333333333328,14.807083333333333,1.118333333333333,30.381875000000004
2026-09-06T20:30:00.000Z,MCT2408034,15.356389,74.123611,28.4,180,556.56,76.41424559999997,6.150000000000002,5.754,8.491999999999996,27.571600000000004,15.075999999999999,1.2415999999999996,30.397729999999996
2026-09-06T20:40:00.000Z,MCT2408034,15.356389,74.123611,26.52,180,555.4,76.4450692,6.176000000000003,5.368399999999999,7.362799999999998,24.084,13.426799999999998,1.1615999999999997,30.43119080000001
2026-09-06T20:50:00.000Z,MCT2408034,15.356389,74.123611,26.583333333333332,180,555.7916666666666,76.7960979166667,6.150000000000002,5.669166666666668,7.593333333333333,24.032916666666665,13.049999999999999,1.1979166666666663,30.370702499999993
2026-09-06T20:53:00.205Z,MCT2408034,15.356389,74.123611,26.25,180,566.25,76.83901375,6.1499999999999995,4.75875,7.517499999999999,23.682499999999994,12.895,1.17625,30.346571250000004
2026-09-06T20:00:00.000Z,MCT2408050,15.553611,73.958333,27.727272727272727,86.02999999999999,603.3636363636364,91.42181818181821,11.513636363636362,4.170000000000001,4.935454545454546,15.771818181818185,8.269090909090908,2.5990909090909087,26.164517272727277
2026-09-06T20:10:00.000Z,MCT2408050,15.553611,73.958333,27.5,86.02999999999999,591.3125,91.50080062500001,11.17125,4.3012500000000005,5.515,17.120625,8.876874999999998,2.760625,26.165126249999993
2026-09-06T20:20:00.000Z,MCT2408050,15.553611,73.958333,27.375,86.02999999999999,615.25,91.54514812500003,11.249375,4.2225,5.780625,17.870625000000004,9.41,2.67375,26.1725
2026-09-06T20:30:00.000Z,MCT2408050,15.553611,73.958333,27.6875,86.02999999999999,599.75,91.59521625000001,11.403125000000001,4.146249999999999,5.780625,17.978125000000002,9.463750000000001,2.581875,26.167806249999998
2026-09-06T20:40:00.000Z,MCT2408050,15.553611,73.958333,27.25,86.02999999999999,617.25,91.77212062500003,11.169375000000002,4.078749999999999,5.2493750000000015,16.905,9.0375,2.8631249999999997,26.11886999999999
2026-09-06T20:50:00.000Z,MCT2408050,15.553611,73.958333,27.375,86.02999999999999,628.0625,91.90706625000001,11.25,4.203125,5.833750000000001,18.46,9.890625,2.694375,26.103451249999996
2026-09-06T20:53:00.205Z,MCT2408050,15.553611,73.958333,27.4,86.03,619.2,91.94464,11.15,4.162000000000001,6.28,19.234,10.21,2.738,26.121418
2026-09-06T20:00:00.000Z,MCT2408029,15.333611,74.206944,12.083333333333334,120,597,91.51574416666665,2.566666666666667,7.788333333333334,3.1366666666666667,10.2125,5.88,3.5,26.71344666666667
2026-09-06T20:10:00.000Z,MCT2408029,15.333611,74.206944,12.066666666666666,120,593.4,91.47772466666666,2.22,7.470000000000001,3.2546666666666666,10.327333333333334,5.763999999999999,3.5373333333333337,26.665538000000005
2026-09-06T20:20:00.000Z,MCT2408029,15.333611,74.206944,12.375,120,605.5,91.54419250000001,3.78625,7.527500000000001,3.1981249999999997,9.969999999999999,5.5125,3.5,26.587423750000003
2026-09-06T20:30:00.000Z,MCT2408029,15.333611,74.206944,12.1875,120,621,91.60856500000001,3.18625,7.355,3.0137499999999995,9.538749999999999,5.438750000000001,3.5,26.527095625000005
2026-09-06T20:40:00.000Z,MCT2408029,15.333611,74.206944,12.25,120,626.625,91.61810312500002,2.8274999999999997,7.371250000000002,3.1612500000000003,9.861875,5.476875,3.5,26.443306250000003
2026-09-06T20:50:00.000Z,MCT2408029,15.333611,74.206944,12.5625,120,618.125,91.82171125000002,3.5356249999999996,7.3475,3.0875,9.9,5.659375000000001,3.509375,26.32466
2026-09-06T20:53:00.261Z,MCT2408029,15.333611,74.206944,12,120,603.6,91.95532399999999,2.8600000000000003,8.274000000000001,3.53,10.518,5.41,3.5,26.288729999999997
2026-09-06T20:00:00.000Z,MCT2408030,15.142519,74.075003,28.1,163,543.5,82.519286,8.774000000000001,6.200000000000001,9.370000000000001,24.731,12.404,4.372999999999999,26.844292000000003
2026-09-06T20:10:00.000Z,MCT2408030,15.142519,74.075003,28.0625,163,542.0625,82.52958687499999,8.75,6.200000000000002,9.370000000000001,24.696874999999995,12.36875,4.379375,26.772434374999992
2026-09-06T20:20:00.000Z,MCT2408030,15.142519,74.075003,28.125,163,547.3125,82.54055312499999,8.745625,6.200000000000002,9.370000000000001,24.753749999999993,12.427500000000002,4.333749999999999,26.710094999999992
2026-09-06T20:30:00.000Z,MCT2408030,15.142519,74.075003,28,163,570.6,82.58388133333334,8.770666666666669,6.200000000000002,9.370000000000001,24.639999999999993,12.31,4.534,26.63908333333333
2026-09-06T20:40:00.000Z,MCT2408030,15.142519,74.075003,28,163,584.9375,82.68837437499998,8.620625,6.200000000000002,9.370000000000001,24.639999999999993,12.31,4.386875,26.551226249999996
2026-09-06T20:50:00.000Z,MCT2408030,15.142519,74.075003,28,163,561.0666666666667,82.71510866666668,8.848,6.200000000000002,9.370000000000001,24.639999999999993,12.31,4.2700000000000005,26.507523333333335
2026-09-06T20:53:00.260Z,MCT2408030,15.142519,74.075003,28,163,551.8,82.734438,8.876,6.2,9.37,24.64,12.31,4.4,26.481782
2026-09-06T20:00:00.000Z,MCT2408023,15.499722,74.020833,33.72727272727273,187.98090909090908,479.8181818181818,91.74156181818181,9.207272727272729,19.365454545454543,8.062727272727274,27.862727272727273,18.454545454545453,3.969090909090909,25.708211818181816
2026-09-06T20:10:00.000Z,MCT2408023,15.499722,74.020833,35.6875,184.330625,487.8125,92.035814375,8.4575,18.235,8.631875,30.791874999999997,20.934375,3.1500000000000004,25.708638124999993
2026-09-06T20:20:00.000Z,MCT2408023,15.499722,74.020833,36.3125,174.15500000000003,497.4375,92.10543,8.335624999999999,18.27875,9.34625,32.29375,21.749999999999996,3.104375,25.692551249999998
2026-09-06T20:30:00.000Z,MCT2408023,15.499722,74.020833,37.5625,167.721875,503.5625,92.15072937500003,8.12875,18.111250000000002,10.455000000000002,35.224374999999995,23.2,2.9306250000000005,25.669760625000006
2026-09-06T20:40:00.000Z,MCT2408023,15.499722,74.020833,36.93333333333333,170.478,507.1333333333333,92.17098,8.328666666666665,18.677999999999997,9.801333333333332,33.26599999999999,22.426666666666666,3.062,25.662390000000002
2026-09-06T20:50:00.000Z,MCT2408023,15.499722,74.020833,36.9375,169.580625,512.6875,92.20270437499997,8.04625,19.636249999999997,9.425624999999998,32.9275,22.384375,3.334375,25.6597075
2026-09-06T20:53:00.460Z,MCT2408023,15.499722,74.020833,38.2,170.83,516.8,92.18268,7.961999999999999,20.948,9.886,34.954,23.78,2.824,25.658097999999995
2026-09-06T20:00:00.000Z,MCT2408027,15.275556,74.1075,24,1177.8283333333336,617.8333333333334,90.1106625,6.579999999999999,13.124166666666667,7.641666666666668,24.150000000000002,13.422500000000001,2.9499999999999997,27.004810833333337
2026-09-06T20:10:00.000Z,MCT2408027,15.275556,74.1075,24.25,1184.16125,587,90.10366812500001,6.579999999999999,12.97625,7.76625,24.581875,13.710000000000003,2.9500000000000006,26.968836874999994
2026-09-06T20:20:00.000Z,MCT2408027,15.275556,74.1075,24.066666666666666,1177.9226666666668,593.3333333333334,90.20208866666665,6.579999999999999,13.062000000000001,7.758,24.24866666666667,13.505333333333333,2.9500000000000006,26.913648
2026-09-06T20:30:00.000Z,MCT2408027,15.275556,74.1075,24.25,1175.1331250000003,621.0625,90.130848125,6.579999999999999,13.040000000000001,7.76625,24.58125,13.833750000000002,2.9500000000000006,26.8716425
2026-09-06T20:40:00.000Z,MCT2408027,15.275556,74.1075,24.1875,1179.02875,595.0625,90.14372249999997,6.579999999999999,13.071874999999999,7.766875000000001,24.581249999999997,13.709375000000001,2.9500000000000006,26.834104375000006
2026-09-06T20:50:00.000Z,MCT2408027,15.275556,74.1075,24.3125,1176.608125,592.3125,90.31538312499998,6.579999999999999,12.976249999999997,7.581875,24.643124999999998,13.95625,2.9500000000000006,26.736238125000007
2026-09-06T20:53:00.460Z,MCT2408027,15.275556,74.1075,24.8,1177.8120000000001,629.6,90.34094,6.58,13.069999999999999,8.088,25.628000000000004,14.424000000000001,2.95,26.707012
2026-09-06T20:00:00.000Z,MCT2408049,15.475278,74.055833,56.45454545454545,150,548.6363636363636,86.34549727272726,23.98909090909091,13.514545454545454,11.360000000000001,34.054545454545455,17.507272727272724,2.61,27.10344818181818
2026-09-06T20:10:00.000Z,MCT2408049,15.475278,74.055833,56.625,151.112425,551.8125,86.02146499999998,24.166249999999998,14.153125000000001,11.259374999999999,33.514375,17.167499999999997,2.61,27.159206250000004
2026-09-06T20:20:00.000Z,MCT2408049,15.475278,74.055833,56.625,150.26151249999998,541.625,86.05913562499997,24.173125,13.840000000000005,10.826875,32.411875,16.88,2.61,27.145800625
2026-09-06T20:30:00.000Z,MCT2408049,15.475278,74.055833,56.8125,150.08306875,534.4375,86.10109687499998,24.334375,13.99625,10.731874999999999,32.173125000000006,16.735625,2.61,27.145129374999996
2026-09-06T20:40:00.000Z,MCT2408049,15.475278,74.055833,56.625,151.03199375000003,545.375,86.05198499999999,24.081875,14.045000000000002,10.54125,31.646250000000002,16.446875,2.61,27.145798124999992
2026-09-06T20:50:00.000Z,MCT2408049,15.475278,74.055833,56.875,150.84124375000002,544.8125,86.067241875,24.299374999999998,13.446250000000003,10.301875,31.167499999999997,16.351249999999997,2.61,27.108931875000003
2026-09-06T20:53:00.513Z,MCT2408049,15.475278,74.055833,56.6,150.26582000000002,549.8,86.185972,24.1,13.919999999999998,10.122,31.253999999999998,16.571999999999996,2.61,27.026618000000003
2026-09-06T20:00:00.000Z,MCT2408040,15.528056,74.020833,18.90909090909091,100,523.3636363636364,88.81395454545455,7.895454545454546,4.783636363636362,3.07,8.42,3.7299999999999995,3.5,26.770970909090906
2026-09-06T20:10:00.000Z,MCT2408040,15.528056,74.020833,18.8125,100,522.8125,88.75421875000002,7.917500000000002,4.7250000000000005,3.07,8.42,3.7624999999999993,3.5,26.812653124999997
2026-09-06T20:20:00.000Z,MCT2408040,15.528056,74.020833,18.8125,100,521.875,88.70128562500003,7.920000000000002,4.77375,3.07,8.485625,3.8656249999999996,3.5,26.858904375000005
2026-09-06T20:30:00.000Z,MCT2408040,15.528056,74.020833,19.0625,100,522.375,88.70891687500001,8.01875,4.788125000000001,3.07,8.463750000000001,3.8312499999999994,3.5,26.905156249999994
2026-09-06T20:40:00.000Z,MCT2408040,15.528056,74.020833,19.0625,100,522.875,88.66409750000001,8.033125000000002,4.7875000000000005,3.07,8.55125,3.935625,3.5,26.896443125
2026-09-06T20:50:00.000Z,MCT2408040,15.528056,74.020833,19,100,521.9375,88.65074687500001,7.963750000000001,4.791250000000001,3.07,8.42,3.8049999999999997,3.5,26.857564375
2026-09-06T20:53:00.513Z,MCT2408040,15.528056,74.020833,19,100,520.5,88.64264,8.11,4.7575,3.07,8.5075,3.8275,3.5,26.855552499999998
2026-09-06T20:00:00.000Z,MCT2408051,15.486528,74.033889,52.166666666666664,334.2708333333333,820.6666666666666,95.9172675,22.185,5.1899999999999995,7.408333333333332,23.513333333333335,12.913333333333334,4.39,26.307680833333333
2026-09-06T20:10:00.000Z,MCT2408051,15.486528,74.033889,52.125,333.15749999999997,822.25,95.48000687500002,22.16875,5.1899999999999995,7.2662499999999985,22.995,12.601249999999997,4.39,26.404428750000005
2026-09-06T20:20:00.000Z,MCT2408051,15.486528,74.033889,52.0625,328.988125,818,95.16481875000002,22.131874999999997,5.1899999999999995,6.996250000000002,22.178124999999998,12.133749999999997,4.39,26.468778124999996
2026-09-06T20:30:00.000Z,MCT2408051,15.486528,74.033889,52,323.2033333333333,829.2,94.94350400000002,22.093333333333327,5.1899999999999995,8.912666666666667,27.30266666666667,14.518666666666665,4.39,26.50323133333334
2026-09-06T20:40:00.000Z,MCT2408051,15.486528,74.033889,52.1875,324.30875,822,94.98075875000002,22.214999999999996,5.1899999999999995,7.229375000000001,23.228749999999998,12.874374999999997,4.39,26.49022875
2026-09-06T20:50:00.000Z,MCT2408051,15.486528,74.033889,52.0625,322.40562500000004,833.25,94.80719,22.125624999999996,5.1899999999999995,7.227499999999999,22.996875000000003,12.679999999999996,4.39,26.488219375000007
2026-09-06T20:53:00.514Z,MCT2408051,15.486528,74.033889,51.8,320.942,832,94.564572,21.972,5.19,7.710000000000001,25.357999999999997,14.309999999999999,4.39,26.565438
2026-09-06T20:00:00.000Z,MCT2408044,15.313669,74.140042,24.545454545454547,214.29,572.1818181818181,94.83701636363638,10.845454545454546,3.909090909090909,7.996363636363636,21.727272727272727,12.676363636363636,2.894172545454546,25.469334545454547
2026-09-06T20:10:00.000Z,MCT2408044,15.313669,74.140042,24.25,214.29,567.25,94.93498249999999,10.804374999999999,4.050624999999999,5.532499999999999,14.78125,8.616249999999999,2.9925481874999993,25.4478825
2026-09-06T20:20:00.000Z,MCT2408044,15.313669,74.140042,24.066666666666666,214.29,578.4,94.77616133333329,10.728666666666665,3.5960000000000005,7.088666666666668,18.866666666666667,10.774,2.9799145333333334,25.401407333333335
2026-09-06T20:30:00.000Z,MCT2408044,15.313669,74.140042,24.466666666666665,214.29,571.4,94.91552666666666,10.870666666666667,3.4519999999999995,4.521333333333334,12.266666666666667,7.174,2.8817949333333335,25.40569733333333
2026-09-06T20:40:00.000Z,MCT2408044,15.313669,74.140042,24.375,214.29,546.25,95.12333250000003,10.827499999999999,3.43125,4.0225,11.09375,6.557500000000001,2.8284455625,25.448553125000007
2026-09-06T20:50:00.000Z,MCT2408044,15.313669,74.140042,24,214.29,563.0666666666667,94.94757066666668,10.638000000000002,3.745333333333334,4.788666666666668,12.9,7.570000000000001,3.075982866666666,25.36065266666667
2026-09-06T20:53:00.712Z,MCT2408044,15.313669,74.140042,24,214.29000000000002,591.2,94.85449200000001,10.724,3.772,6.552,17.1,9.622,2.7476923999999996,25.276283999999997
2026-09-06T20:00:00.000Z,MCT2408046,15.529167,74.07,31,95.52,636.8235294117648,84.77498294117649,13.289411764705884,0.8052941176470587,9.966470588235293,29.73588235294117,14.623529411764705,3.3088235294117654,27.82507235294118
2026-09-06T20:10:00.000Z,MCT2408046,15.529167,74.07,31.08,95.52,630.52,84.8999628,13.5612,0.7692000000000001,7.964799999999997,24.30720000000001,12.121599999999999,3.388,27.78423999999999
2026-09-06T20:20:00.000Z,MCT2408046,15.529167,74.07,30.96,95.52,626.8,84.86334240000001,13.4012,0.7584000000000001,7.409599999999998,22.3976,11.1052,3.4228000000000005,27.770940400000004
2026-09-06T20:30:00.000Z,MCT2408046,15.529167,74.07,30.88,95.52,632.48,85.01440560000003,13.1864,0.7915999999999999,7.155199999999999,21.820400000000003,10.935599999999999,3.4640000000000004,27.708303599999994
2026-09-06T20:40:00.000Z,MCT2408046,15.529167,74.07,30.92,95.52,625.32,85.27899039999997,13.3344,0.802,6.445999999999997,19.6892,10.0408,3.3884,27.680848000000005
2026-09-06T20:50:00.000Z,MCT2408046,15.529167,74.07,31,95.52,625.64,85.41723599999999,13.39,0.8012,6.370399999999997,19.422800000000002,9.968800000000002,3.4896000000000003,27.649530799999997
2026-09-06T20:53:00.712Z,MCT2408046,15.529167,74.07,31,95.52,631.75,85.48407,13.2225,0.8374999999999999,5.847499999999999,17.916249999999998,9.147499999999999,3.3312500000000003,27.647869999999998
2026-09-06T20:00:00.000Z,MCT2408041,15.224628,74.171389,32.63636363636363,409.6955909090908,561.6363636363636,90.16574545454546,13.595454545454542,9.700000000000001,8.090000000000002,20.25,8.900000000000002,7.7681818181818185,26.873345454545458
2026-09-06T20:10:00.000Z,MCT2408041,15.224628,74.171389,32.6875,408.50245000000007,563.75,90.22383125,13.67625,9.7,8.090000000000002,20.25,8.900000000000002,7.816250000000001,26.850861875
2026-09-06T20:20:00.000Z,MCT2408041,15.224628,74.171389,32.625,408.63000000000005,565.5625,90.22812187500003,13.603124999999997,9.7,8.090000000000002,20.25,8.900000000000002,7.8187500000000005,26.838796249999994
2026-09-06T20:30:00.000Z,MCT2408041,15.224628,74.171389,32.6875,401.99733749999996,575.9375,90.20571000000002,13.679375,9.7,8.090000000000002,20.25,8.900000000000002,7.926875000000001,26.781819374999998
2026-09-06T20:40:00.000Z,MCT2408041,15.224628,74.171389,32.75,389.22333125,594.875,90.04549624999999,13.653749999999997,9.7,8.090000000000002,20.401875,9.051875000000003,7.919374999999999,26.689313125000005
2026-09-06T20:50:00.000Z,MCT2408041,15.224628,74.171389,32.75,403.37204999999994,606.6875,90.165180625,13.784999999999998,9.7,8.090000000000002,20.35125,9.001250000000002,7.9106250000000005,26.60284125
2026-09-06T20:53:00.763Z,MCT2408041,15.224628,74.171389,32.8,411.30458,599.8,90.33636400000002,13.809999999999999,9.7,8.09,20.25,8.9,7.846000000000001,26.556858
2026-09-06T20:00:00.000Z,MCT2408042,15.213889,74.071667,61,231.95272727272732,525.2727272727273,88.66552818181817,26.020909090909093,12.996363636363638,9.844545454545454,29.35,15.241818181818184,3.4736363636363636,27.33647636363637
2026-09-06T20:10:00.000Z,MCT2408042,15.213889,74.071667,61.5625,236.93312500000002,525.0625,88.64121062499999,26.429999999999993,13.166875000000001,9.498124999999998,28.443125000000006,14.807500000000003,3.5375,27.287909999999997
2026-09-06T20:20:00.000Z,MCT2408042,15.213889,74.071667,61.5,239.65562500000004,523.4375,88.69604187500002,26.389999999999993,12.978125,9.384374999999999,27.930625,14.466250000000002,3.4918750000000003,27.214171875
2026-09-06T20:30:00.000Z,MCT2408042,15.213889,74.071667,61.125,242.46375000000003,522,88.81096250000002,26.149999999999995,13.035625000000001,8.701875,26.392500000000002,13.896249999999998,3.5575,27.159876249999996
2026-09-06T20:40:00.000Z,MCT2408042,15.213889,74.071667,61.3125,242.46562500000005,524.0625,88.93541687500002,26.269999999999992,12.945625,7.791874999999999,23.59625,12.415,3.524374999999999,27.099548125000005
2026-09-06T20:50:00.000Z,MCT2408042,15.213889,74.071667,61.5,250.529375,527.25,88.96927125000002,26.389999999999997,13.09,7.962499999999999,23.997500000000002,12.700000000000001,3.5649999999999995,27.0573175
2026-09-06T20:53:00.762Z,MCT2408042,15.213889,74.071667,61,250.91199999999998,523.4,89.021058,26.07,12.831999999999999,7.8260000000000005,23.895999999999997,12.755999999999998,3.4219999999999997,27.018038
2026-09-06T20:00:00.000Z,MCT2408037,15.394444,74.118333,26.363636363636363,160,467.72727272727275,85.00133909090908,10.497272727272732,14.412727272727269,8.38,31.817272727272723,16.96727272727273,3.764545454545454,26.661766363636364
2026-09-06T20:10:00.000Z,MCT2408037,15.394444,74.118333,27,160,469.4375,85.06540687499998,10.440625,14.448124999999997,8.501875,32.914375,17.896250000000002,3.75,26.620938749999997
2026-09-06T20:20:00.000Z,MCT2408037,15.394444,74.118333,26.8125,160,477.0625,85.12119749999998,10.463125000000002,14.410624999999998,8.409375,32.760625,17.849375000000002,3.7075,26.578710625000003
2026-09-06T20:30:00.000Z,MCT2408037,15.394444,74.118333,26.125,160,477.5625,85.28618125,10.58875,14.437499999999998,7.990625000000003,31.175,17.099375000000002,3.6737499999999996,26.53312812499999
2026-09-06T20:40:00.000Z,MCT2408037,15.394444,74.118333,25.375,160,475.4375,85.25900187499998,10.463749999999997,14.423750000000002,7.572500000000002,28.979375,15.646250000000004,3.7731250000000003,26.578709375000003
2026-09-06T20:50:00.000Z,MCT2408037,15.394444,74.118333,25.1875,160,471.125,85.26853874999999,10.419375,14.420624999999996,7.246250000000002,27.24125,14.615000000000002,3.7175,26.5619525
2026-09-06T20:53:00.762Z,MCT2408037,15.394444,74.118333,25.4,160,475,85.27044599999999,10.32,14.462,7.4319999999999995,29.276,16.189999999999998,3.534,26.571874
2026-09-06T20:00:00.000Z,MCT2408033,15.346944,74.007778,19.5,113.49310833333334,519.25,88.91221166666668,7.700833333333333,4.535000000000001,3.284166666666667,8.803333333333333,5.488333333333333,4.39,26.36041333333333
2026-09-06T20:10:00.000Z,MCT2408033,15.346944,74.007778,19.8125,113.81336875,537.4375,88.89870124999999,7.906874999999999,4.506874999999999,3.2587500000000005,8.975,5.733125,4.39,26.326671874999995
2026-09-06T20:20:00.000Z,MCT2408033,15.346944,74.007778,19.5625,112.73764999999999,558.5625,88.99502249999998,7.779375000000001,4.348125,3.2206250000000005,8.46125,5.22,4.39,26.266344375
2026-09-06T20:30:00.000Z,MCT2408033,15.346944,74.007778,19.9375,111.90996875,548.25,89.17669562499998,8.13625,4.429375000000001,3.4487500000000004,9.2325,5.69625,4.39,26.26634500000001
2026-09-06T20:40:00.000Z,MCT2408033,15.346944,74.007778,19.5625,111.46342500000003,547.0625,89.36886187499998,7.701249999999997,4.382499999999999,3.5237500000000006,9.615625,6.064374999999999,4.39,26.301200625
2026-09-06T20:50:00.000Z,MCT2408033,15.346944,74.007778,19.4375,112.31135,547.0625,89.436573125,7.689375,4.43625,3.7506250000000008,9.935625000000002,6.10125,4.39,26.332034375000003
2026-09-06T20:53:00.961Z,MCT2408033,15.346944,74.007778,19.75,114.86272500000001,520.75,89.5181125,8.035,4.3725000000000005,3.7875,10.2575,6.47,4.39,26.3193
2026-09-06T20:00:00.000Z,MCT2408024,15.148056,74.131667,40.88235294117647,218.19682941176472,653,80.81218705882354,17.771320588235294,5.772006,5.529411764705882,17.872352941176473,9.813529411764707,2.527058823529412,27.692582352941177
2026-09-06T20:10:00.000Z,MCT2408024,15.148056,74.131667,41.08,217.085112,762.68,80.81885,17.981838800000002,5.741125760000001,5.12,16.870000000000005,9.630000000000003,2.5200000000000005,27.648672000000012
2026-09-06T20:20:00.000Z,MCT2408024,15.148056,74.131667,41.208333333333336,218.39519583333333,684.5416666666666,80.57741541666668,18.083682083333333,5.675505250000001,5.375,17.948333333333338,10.198333333333336,2.508333333333333,27.694343333333336
2026-09-06T20:30:00.000Z,MCT2408024,15.148056,74.131667,41,218.20628799999997,771.72,80.5744024,17.892933200000005,5.772006000000001,5.719200000000001,19.270000000000003,10.910000000000004,2.5196000000000005,27.673983599999996
2026-09-06T20:40:00.000Z,MCT2408024,15.148056,74.131667,41.2,218.996448,712.56,80.69677960000003,18.0374624,5.772006000000001,5.08,16.870000000000005,9.710000000000003,2.5336000000000003,27.598049600000003
2026-09-06T20:50:00.000Z,MCT2408024,15.148056,74.131667,41.12,218.708248,776.84,80.79290720000003,18.0031924,5.772006000000001,5.28,17.790000000000006,10.230000000000004,2.5224,27.539276799999996
2026-09-06T20:53:00.961Z,MCT2408024,15.148056,74.131667,40.857142857142854,217.31648571428573,746,80.79744000000001,17.663372857142857,5.772005999999999,5,17.13285714285714,10.132857142857144,2.5414285714285714,27.51323142857143
2026-09-06T20:00:00.000Z,MCT2408022,15.475833,74.038889,33.72727272727273,150,484.27272727272725,89.71006000000001,4.095454545454545,11.322744545454544,13.454545454545455,41.18181818181818,21.727272727272727,4.235613090909092,26.53014272727273
2026-09-06T20:10:00.000Z,MCT2408022,15.475833,74.038889,34.625,150,483.9375,89.52812625,4.221875,11.421309374999998,14,42.6875,22.4375,4.2204833125,26.54452375
2026-09-06T20:20:00.000Z,MCT2408022,15.475833,74.038889,34.8125,150,483.875,89.627784375,4.300624999999999,11.350275625,14.0625,43.1875,22.875,4.228134375,26.492240000000006
2026-09-06T20:30:00.000Z,MCT2408022,15.475833,74.038889,35.125,150,486.3125,89.65925500000002,4.228125,11.413277500000001,14.25,43.75,23.125,4.242173812499999,26.4567125
2026-09-06T20:40:00.000Z,MCT2408022,15.475833,74.038889,35.5625,150,474.75,89.947265625,4.048749999999999,11.39646125,14.3125,44.3125,23.6875,4.21463875,26.422526875000003
2026-09-06T20:50:00.000Z,MCT2408022,15.475833,74.038889,35.5,150,475.4375,89.91865375,3.9712500000000004,11.40901,13.875,43.625,23.5625,4.2427269375000005,26.439955624999993
2026-09-06T20:53:01.014Z,MCT2408022,15.475833,74.038889,35.25,150,472,89.91484250000002,4.355,11.419175000000001,14.25,43,22.5,4.2600665,26.415822499999997
2026-09-06T20:00:00.000Z,MCT2408032,15.525556,73.828611,35.411764705882355,182.37764705882356,635.5882352941177,86.02575705882354,15.145294117647056,18.70764705882353,7.120000000000002,17.069999999999997,7.079999999999999,2.108235294117647,27.52287411764706
2026-09-06T20:10:00.000Z,MCT2408032,15.525556,73.828611,34.88,193.7332,630.2,85.7269896,14.696400000000004,18.633200000000006,7.120000000000002,17.183599999999995,7.193200000000003,2.2184000000000004,27.566733199999998
2026-09-06T20:20:00.000Z,MCT2408032,15.525556,73.828611,35.12,191.838,626.56,85.9128412,14.823200000000003,19.249199999999995,7.120000000000002,17.069999999999997,7.080000000000002,2.1776000000000004,27.585609599999998
2026-09-06T20:30:00.000Z,MCT2408032,15.525556,73.828611,34,192.8272,624.64,86.10052440000003,13.861600000000003,18.916400000000003,7.120000000000002,17.069999999999997,7.080000000000002,2.2416,27.533701199999996
2026-09-06T20:40:00.000Z,MCT2408032,15.525556,73.828611,35.56,189.7624,623.48,86.0617656,15.190800000000001,18.9328,7.120000000000002,17.297199999999997,7.306400000000001,2.2019999999999995,27.577458399999998
2026-09-06T20:50:00.000Z,MCT2408032,15.525556,73.828611,35,188.70119999999994,623.48,85.79138160000001,14.746400000000001,19.253999999999998,7.120000000000002,17.467999999999996,7.475600000000003,2.1435999999999997,27.721174799999993
2026-09-06T20:53:01.015Z,MCT2408032,15.525556,73.828611,35.857142857142854,188.25142857142856,594.7142857142857,85.0590042857143,15.479999999999999,18.801428571428573,7.119999999999999,18.287142857142857,8.28857142857143,2.212857142857143,27.90699857142857
2026-09-06T20:00:00.000Z,MCT2408045,15.619444,73.878889,26.363636363636363,178.11999999999998,675.3636363636364,85.04295181818183,10.480909090909092,16.43181818181818,4.027272727272728,13.586363636363636,7.043636363636364,2.5300000000000002,26.795347272727273
2026-09-06T20:10:00.000Z,MCT2408045,15.619444,73.878889,26.625,178.11999999999995,676.5,85.15648062500001,10.6375,16.5375,4.31125,14.47375,7.4925,2.5300000000000002,26.763721874999998
2026-09-06T20:20:00.000Z,MCT2408045,15.619444,73.878889,27.125,178.11999999999995,687.25,85.23230000000002,11.005000000000003,16.61625,4.405,14.794375000000002,7.59875,2.5300000000000002,26.775115
2026-09-06T20:30:00.000Z,MCT2408045,15.619444,73.878889,26.3125,178.11999999999995,683.875,85.37249125000002,10.44875,16.65875,4.405,14.936875,7.775625000000001,2.5300000000000002,26.77511625
2026-09-06T20:40:00.000Z,MCT2408045,15.619444,73.878889,26.6875,178.11999999999995,664.25,85.40396312499999,10.730625000000002,16.4775,4.310625000000001,14.4025,7.42375,2.5300000000000002,26.799248125000005
2026-09-06T20:50:00.000Z,MCT2408045,15.619444,73.878889,26.4375,178.11999999999995,682.6875,85.44258312499998,10.496875,16.165625000000002,4.4675,15.043750000000003,7.776875,2.5300000000000002,26.816675624999995
2026-09-06T20:53:01.015Z,MCT2408045,15.619444,73.878889,26.8,178.12,673.2,85.65496599999999,10.761999999999997,16.654,4.53,15.285999999999998,7.9159999999999995,2.53,26.754202
2026-09-06T20:00:00.000Z,MCT2408031,15.290833,74.149167,18,140.5674272727273,581.3636363636364,87.23397454545453,7.395001545454545,6.8007515454545455,5.885454545454545,15.296363636363639,8.27,4.602727272727273,26.401441818181823
2026-09-06T20:10:00.000Z,MCT2408031,15.290833,74.149167,17.9375,144.40088749999998,578.6875,87.28842500000003,7.257178937500001,6.3720938125,5.831874999999999,15.216875000000002,8.305,4.719375,26.345441875000002
2026-09-06T20:20:00.000Z,MCT2408031,15.290833,74.149167,17.9375,145.27669375,577.375,87.28031750000002,7.493005500000001,6.5200200625,5.742499999999999,14.863750000000001,8.007499999999999,4.745,26.318628124999993
2026-09-06T20:30:00.000Z,MCT2408031,15.290833,74.149167,18.0625,146.65879375,578.75,87.33276500000001,7.4334880625,6.877834375000001,5.741249999999998,14.919374999999999,8.125625,4.814375,26.279080000000004
2026-09-06T20:40:00.000Z,MCT2408031,15.290833,74.149167,17.875,145.62093125,585.625,87.33896374999998,7.2903029375,6.34159725,5.653124999999999,14.836249999999998,8.126875,4.603749999999999,26.21204875
2026-09-06T20:50:00.000Z,MCT2408031,15.290833,74.149167,17.6875,150.4393125,583.875,87.43814812499998,7.0656935625,7.428351125,5.089375000000001,13.369375,7.35125,4.444375,26.1356275
2026-09-06T20:53:01.210Z,MCT2408031,15.290833,74.149167,18,156.46638,559,87.499756,7.3420608000000005,6.1432836,4.858,12.522,6.7620000000000005,4.83,26.121416
2026-09-06T20:00:00.000Z,MCT2408036,15.171567,74.067106,36.09090909090909,120,582.6363636363636,87.8373909090909,10.533636363636363,8.131818181818183,3.8263636363636366,11.695454545454545,6.44909090909091,11.092727272727272,26.985473636363636
2026-09-06T20:10:00.000Z,MCT2408036,15.171567,74.067106,36.06666666666667,120,569.6666666666666,87.93920866666667,10.642666666666667,8.171999999999999,3.647333333333333,11.211999999999998,6.181333333333333,11.038,26.95797666666667
2026-09-06T20:20:00.000Z,MCT2408036,15.171567,74.067106,35.5625,120,544.4375,88.05136062499997,10.428124999999998,7.99875,3.2875000000000005,10.509999999999998,5.9525,10.766875,26.902476249999996
2026-09-06T20:30:00.000Z,MCT2408036,15.171567,74.067106,36,120,565.4375,88.112395,10.52125,8.254375,3.550625,11.048749999999998,6.112499999999999,10.942499999999999,26.854213125
2026-09-06T20:40:00.000Z,MCT2408036,15.171567,74.067106,35.75,120,553.5625,88.53678187500002,10.306875,7.903125,3.059375,9.91,5.605624999999999,10.808750000000002,26.838126250000002
2026-09-06T20:50:00.000Z,MCT2408036,15.171567,74.067106,35.8125,120,531.8125,88.52485937500002,10.02625,7.740625,3.1906250000000003,9.975000000000001,5.47875,10.906875000000001,26.992296249999995
2026-09-06T20:53:01.211Z,MCT2408036,15.171567,74.067106,35.2,120,538.8,88.006348,9.598000000000003,8.09,2.9479999999999995,9.120000000000001,4.964,10.556000000000001,27.151028000000004
2026-09-06T20:00:00.000Z,MCT2408035,15.236111,74.125,48.72727272727273,190,815.0909090909091,88.92839545454547,19.409495454545453,9.659090909090912,11.27090909090909,34.85636363636364,18.799090909090907,3.8299999999999987,27.28772818181818
2026-09-06T20:10:00.000Z,MCT2408035,15.236111,74.125,48.0625,190,818.375,89.16382124999997,18.862186875,9.47625,4.464999999999999,13.72625,7.429375000000002,3.8299999999999987,27.181327500000002
2026-09-06T20:20:00.000Z,MCT2408035,15.236111,74.125,48,190,827.3125,89.101356875,18.75581125,9.745625,8.151875,25.306874999999998,13.679375000000002,3.8299999999999987,27.056648125000002
2026-09-06T20:30:00.000Z,MCT2408035,15.236111,74.125,47.5,190,818.5,89.32642249999999,18.397156875,9.701250000000002,8.625625,26.438749999999995,14.126875,3.8299999999999987,26.938672499999996
2026-09-06T20:40:00.000Z,MCT2408035,15.236111,74.125,47.75,190,820,89.38745875000001,18.523296249999998,9.66375,6.771250000000002,21.2025,11.556875000000002,3.8299999999999987,26.88839875
2026-09-06T20:50:00.000Z,MCT2408035,15.236111,74.125,48.1875,190,830.0625,89.379351875,19.124347500000002,9.704375000000002,9.793125,30.235624999999995,16.273750000000003,3.8299999999999987,26.930629375000002
2026-09-06T20:53:01.266Z,MCT2408035,15.236111,74.125,48.6,190,829.4,89.44373,19.272692,9.224,9.510000000000002,29.058000000000003,15.622,3.8299999999999996,26.930093999999997
2026-09-06T20:00:00.000Z,MCT2408038,15.188889,74.055556,22.454545454545453,288.5627272727273,785.2727272727273,86.61321909090908,9.203636363636365,13.330000000000002,6.037272727272727,17.260000000000005,8.579999999999998,4.661818181818182,27.356951818181816
2026-09-06T20:10:00.000Z,MCT2408038,15.188889,74.055556,22.5625,291.005625,801.0625,86.737199375,9.319999999999999,13.330000000000005,6.010000000000002,17.271875,8.483124999999998,4.685,27.22288625
2026-09-06T20:20:00.000Z,MCT2408038,15.188889,74.055556,22.5,300.02750000000003,797.1875,86.98801250000002,9.23875,13.330000000000005,5.950000000000002,16.900000000000002,8.166875,4.694375,27.131050624999997
2026-09-06T20:30:00.000Z,MCT2408038,15.188889,74.055556,22.375,291.84437499999996,769.1875,86.98515250000001,9.173124999999999,13.330000000000005,5.950000000000002,16.900000000000002,8.159999999999998,4.68375,27.161885625
2026-09-06T20:40:00.000Z,MCT2408038,15.188889,74.055556,22.4375,316.58375000000007,761.1875,87.06144749999997,9.200624999999999,13.330000000000005,5.950000000000002,16.900000000000002,8.132499999999999,4.679374999999999,27.209478124999997
2026-09-06T20:50:00.000Z,MCT2408038,15.188889,74.055556,22.4375,295.84062500000005,808.375,87.08624312500001,9.23125,13.330000000000005,5.950000000000002,16.900000000000002,8.056874999999998,4.67,27.116305000000004
2026-09-06T20:53:01.267Z,MCT2408038,15.188889,74.055556,22.2,304.762,815.6,87.10913200000002,9.03,13.330000000000002,5.95,16.9,8.006,4.6579999999999995,27.039488
2026-09-06T20:00:00.000Z,MCT2408039,15.163611,74.110833,29.181818181818183,287.3572727272727,553.0909090909091,86.22551090909091,13.32181818181818,10.299999999999999,9.019999999999998,28.94,11.760000000000002,2.3000000000000003,26.785595454545447
2026-09-06T20:10:00.000Z,MCT2408039,15.163611,74.110833,29.1875,303.91749999999996,539.875,86.09251437500002,13.032499999999997,10.3,9.019999999999998,28.94,11.759999999999998,2.3,26.777796874999996
2026-09-06T20:20:00.000Z,MCT2408039,15.163611,74.110833,29.4375,292.929375,545.125,86.14973312500001,12.688749999999997,10.3,9.019999999999998,28.94,11.759999999999998,2.3,26.702050625000002
2026-09-06T20:30:00.000Z,MCT2408039,15.163611,74.110833,29.25,284.905,573.625,86.26322249999998,12.456249999999999,10.3,9.019999999999998,28.94,11.759999999999998,2.3,26.623620624999997
2026-09-06T20:40:00.000Z,MCT2408039,15.163611,74.110833,29.066666666666666,295.07733333333334,560.0666666666667,86.24904333333333,12.548,10.3,9.019999999999998,28.94,11.759999999999998,2.3,26.59260733333333
2026-09-06T20:50:00.000Z,MCT2408039,15.163611,74.110833,29.0625,316.7200000000001,531.6875,86.19122062499997,11.625624999999998,10.3,9.019999999999998,28.94,11.759999999999998,2.3,26.561279999999993
2026-09-06T20:53:01.267Z,MCT2408039,15.163611,74.110833,29,334.476,532.2,86.17529400000001,11.106,10.3,9.02,28.940000000000005,11.76,2.3,26.561147999999996
2026-09-06T20:00:00.000Z,MCT2408026,15.2467,74.198281,30.88235294117647,125,569.4117647058823,84.98636411764703,13.234249411764708,12.5,4.730000000000002,14.679411764705879,7.881176470588233,2.090588235294118,28.042094705882352
2026-09-06T20:10:00.000Z,MCT2408026,15.2467,74.198281,31.25,125.01067083333334,576,84.87435416666665,13.529420416666667,12.5,4.730000000000003,14.629999999999997,7.831250000000001,1.8950000000000002,28.04112166666667
2026-09-06T20:20:00.000Z,MCT2408026,15.2467,74.198281,30.958333333333332,125.9568875,576.4166666666666,85.42271625000002,13.341272916666666,12.5,4.76916666666667,14.870416666666666,7.992916666666667,2.047916666666666,27.818133333333332
2026-09-06T20:30:00.000Z,MCT2408026,15.2467,74.198281,31,125,570.68,85.45904440000002,13.221577200000004,12.5,4.730000000000003,14.663599999999997,7.865200000000001,1.9979999999999996,27.778234
2026-09-06T20:40:00.000Z,MCT2408026,15.2467,74.198281,30.958333333333332,129.84905416666666,571.8333333333334,85.52666708333334,13.312336666666669,12.5,4.730000000000003,14.549999999999995,7.750416666666667,1.9470833333333333,27.74796833333333
2026-09-06T20:50:00.000Z,MCT2408026,15.2467,74.198281,30.875,127.85564166666667,576.5416666666666,84.70968750000002,13.159990833333334,12.5,4.730000000000003,14.509999999999996,7.710000000000001,2.205833333333333,27.90840041666667
2026-09-06T20:53:01.465Z,MCT2408026,15.2467,74.198281,31.285714285714285,125,582.2857142857143,84.8105,13.678018571428572,12.5,4.7299999999999995,14.785714285714288,7.985714285714287,2.8371428571428567,27.831922857142853
2026-09-06T21:30:00.000Z,MCT2408028,15.186944,74.096667,43,574.04,564.25,90.81511250000001,18.419999999999998,11.56,4.99,14.665,7.7025,1.9325,25.6945625
2026-09-06T21:40:00.000Z,MCT2408028,15.186944,74.096667,43.36,572.496,558.8,90.854554,18.7736,11.8092,4.989999999999998,15.549600000000005,8.589599999999997,1.944,25.669252
2026-09-06T21:50:00.000Z,MCT2408028,15.186944,74.096667,43.4,569.7040000000001,560.24,90.87988200000001,18.805199999999996,11.738,4.989999999999998,15.190400000000004,8.230399999999998,2.0392,25.62634879999999
2026-09-06T22:00:00.000Z,MCT2408028,15.186944,74.096667,43.44,567.5160000000001,557.8,90.87072679999997,18.853599999999997,11.8804,4.989999999999998,15.82680000000001,8.866799999999996,1.9628,25.608330000000002
2026-09-06T22:10:00.000Z,MCT2408028,15.186944,74.096667,43.48,566.9832000000001,561.44,90.91253719999999,18.878,11.844799999999998,4.989999999999998,14.792400000000004,7.832399999999995,1.7804,25.580015200000002
2026-09-06T22:20:00.000Z,MCT2408028,15.186944,74.096667,43.208333333333336,565.7741666666667,551.6666666666666,90.91111291666668,18.62333333333333,11.890833333333333,4.989999999999998,14.539166666666668,7.579166666666668,1.8933333333333338,25.574795833333337
2026-09-06T22:28:31.306Z,MCT2408028,15.186944,74.096667,43.31818181818182,562.1004545454545,558.6363636363636,90.9425559090909,18.727272727272723,12.004999999999995,4.989999999999998,14.505454545454546,7.545000000000001,2.0145454545454546,25.543920454545454
2026-09-06T21:30:00.000Z,MCT2408020,15.543475,74.039433,34,180,506.5,87.36852999999999,9.566167499999999,19.54135,13.91,42.405,21.84,3.66,27.1639
2026-09-06T21:40:00.000Z,MCT2408020,15.543475,74.039433,33.625,180,506.6875,87.38283562500001,9.151192125000001,19.239248125,13.73875,40.89,20.796875,3.6599999999999984,27.17194250000001
2026-09-06T21:50:00.000Z,MCT2408020,15.543475,74.039433,34.875,180,508.9375,87.391418125,9.283447749999999,19.350493750000002,14.549999999999999,44.034375000000004,22.825000000000003,3.6599999999999984,27.189369375
2026-09-06T22:00:00.000Z,MCT2408020,15.543475,74.039433,38,180,515.8125,87.41382999999998,9.372529625,19.457283124999996,16.409374999999997,49.918125,26.310624999999998,3.6599999999999984,27.149820624999997
2026-09-06T22:10:00.000Z,MCT2408020,15.543475,74.039433,36.3125,180,516.3125,87.571188125,9.368108125000001,19.44970875,15.479375000000003,46.774375,24.508750000000003,3.6599999999999984,27.069383750000004
2026-09-06T22:20:00.000Z,MCT2408020,15.543475,74.039433,37,180,524.4375,87.74427750000004,9.285659062499999,19.548925,15.770000000000001,47.647499999999994,24.915625000000002,3.6599999999999984,27.024471875
2026-09-06T22:28:31.312Z,MCT2408020,15.543475,74.039433,33.142857142857146,180,515.5,87.84155214285715,9.476399642857142,19.26110214285714,13.052142857142856,39.34142857142857,20.447142857142858,3.659999999999999,27.049752142857137
2026-09-06T21:30:00.000Z,MCT2408057,15.272222,74.104722,30,316.1033333333333,486.6666666666667,86.17071666666668,12.28,8.49,6.16,18.28,9.776666666666667,1.9799999999999998,27.457053333333334
2026-09-06T21:40:00.000Z,MCT2408057,15.272222,74.104722,29.92,320.51919999999996,487.88,86.31475719999999,12.398399999999997,8.7492,5.959999999999999,17.79799999999999,9.542400000000002,2.0656000000000003,27.412294000000006
2026-09-06T21:50:00.000Z,MCT2408057,15.272222,74.104722,29.92,318.06839999999994,482.12,86.3904408,12.418,8.638,6.341600000000003,18.6588,9.831600000000002,2.0799999999999996,27.39384680000001
2026-09-06T22:00:00.000Z,MCT2408057,15.272222,74.104722,29.92,322.19839999999994,486.56,86.4560548,12.446799999999998,8.684,5.6979999999999995,17.1436,9.276800000000001,2.2296000000000005,27.3861244
2026-09-06T22:10:00.000Z,MCT2408057,15.272222,74.104722,29.92,320.98999999999995,492.28,86.55523720000001,12.361999999999998,8.698000000000002,6.2468,18.295999999999996,9.6308,2.2464,27.363387999999997
2026-09-06T22:20:00.000Z,MCT2408057,15.272222,74.104722,29.96,317.4339999999999,493.56,86.60467440000001,12.4372,8.5708,6.248000000000001,18.273600000000002,9.586800000000002,2.3116,27.334215600000007
2026-09-06T22:28:31.320Z,MCT2408057,15.272222,74.104722,29.954545454545453,319.990909090909,494.3181818181818,86.60108363636364,12.463636363636363,8.638181818181819,5.688181818181817,16.783636363636365,8.907727272727273,2.2790909090909093,27.36085272727273
2026-09-06T21:30:00.000Z,MCT2408056,15.579167,73.920833,22,180,558,89.22247,7,10.767605,4.69,15.48,9.375,1.56,26.80997
2026-09-06T21:40:00.000Z,MCT2408056,15.579167,73.920833,21.8125,180,566.8125,89.21865750000002,6.7875000000000005,10.708772999999999,4.86625,15.651250000000001,9.195625000000001,1.5968749999999996,26.816004375000006
2026-09-06T21:50:00.000Z,MCT2408056,15.579167,73.920833,21.8125,180,573.8125,89.16811250000002,6.950000000000001,10.377934125,4.98375,15.59375,8.902500000000002,1.6074999999999997,26.777128125000004
2026-09-06T22:00:00.000Z,MCT2408056,15.579167,73.920833,22.0625,180,573.25,89.3559875,6.635624999999998,9.6764963125,4.925,15.9925,9.43125,1.6325,26.687973750000005
2026-09-06T22:10:00.000Z,MCT2408056,15.579167,73.920833,21.625,180,568.25,89.45469187499998,6.727499999999999,9.678256750000001,4.748749999999999,15.253125,9.020000000000001,1.6506249999999996,26.637028750000002
2026-09-06T22:20:00.000Z,MCT2408056,15.579167,73.920833,21.8125,180,583,89.44610937499999,6.715,10.636296125000001,4.86625,16.4475,10.015625,1.5899999999999996,26.630325000000003
2026-09-06T22:28:31.341Z,MCT2408056,15.579167,73.920833,22.214285714285715,180,587.8571428571429,89.45952857142858,6.765714285714286,10.181086285714287,5.2942857142857145,16.976428571428574,9.705714285714288,1.5714285714285714,26.616151428571424
2026-09-06T21:30:00.000Z,MCT2408055,15.585833,73.885556,20,100.33999999999999,825.6666666666666,88.48242,8.973333333333334,6.763333333333333,4.2,12.94,7.273333333333333,1.39,26.50967
2026-09-06T21:40:00.000Z,MCT2408055,15.585833,73.885556,19.9375,99.494375,820.3125,88.44952000000002,8.986875,6.635000000000002,4.33125,12.706874999999998,6.98875,1.48625,26.49894
2026-09-06T21:50:00.000Z,MCT2408055,15.585833,73.885556,19.75,98.84125000000002,823.3125,88.43950500000001,8.856875,7.02,4.200000000000001,12.376875000000002,6.861249999999998,1.4449999999999998,26.49491875
2026-09-06T22:00:00.000Z,MCT2408055,15.585833,73.885556,19.9375,98.46437499999999,834.75,88.44379750000002,8.9625,6.960000000000001,4.0687500000000005,12.213750000000001,6.858750000000001,1.424375,26.446656875000002
2026-09-06T22:10:00.000Z,MCT2408055,15.585833,73.885556,19.9375,78.55812499999999,836.6875,88.69842875000002,8.956875000000002,6.6000000000000005,5.332500000000001,15.295624999999998,8.52,1.54125,26.247574375000003
2026-09-06T22:20:00.000Z,MCT2408055,15.585833,73.885556,19.875,81.581875,850.125,88.52056875000002,8.839374999999999,6.790000000000001,4.767500000000001,13.939999999999998,7.754999999999999,1.466875,26.254948750000004
2026-09-06T22:28:31.363Z,MCT2408055,15.585833,73.885556,19.846153846153847,92.25846153846153,862.6153846153846,88.55108846153848,8.906923076923077,6.962307692307693,4.361538461538462,12.855384615384613,7.079230769230767,1.3946153846153848,26.23081846153846
2026-09-06T21:30:00.000Z,MCT2408053,15.263333,74.110833,39.5,215.59120000000001,750.5,91.988125,14.535,28.91,5.51,18.96,11.844999999999999,6.744999999999999,26.568655
2026-09-06T21:40:00.000Z,MCT2408053,15.263333,74.110833,43.8125,209.26589374999998,755.5,92.11258500000001,18.19875,29.632499999999993,5.05,17.5025,11.280000000000001,6.127500000000001,26.559270000000005
2026-09-06T21:50:00.000Z,MCT2408053,15.263333,74.110833,43.5,206.16905625,771.625,92.05822500000001,18.040000000000003,30.591874999999998,5.2225,18.2925,11.915624999999999,6.3343750000000005,26.56262187499999
2026-09-06T22:00:00.000Z,MCT2408053,15.263333,74.110833,43.0625,204.42285625,764.8125,92.046779375,17.64125,31.388125,5.510000000000001,18.959999999999994,12.05625,6.28375,26.556588749999996
2026-09-06T22:10:00.000Z,MCT2408053,15.263333,74.110833,44.125,214.78251874999995,709.125,92.01149187499999,18.584999999999997,30.605624999999993,5.165000000000001,18.353125,12.056875,6.163124999999999,26.567985
2026-09-06T22:20:00.000Z,MCT2408053,15.263333,74.110833,43.9375,220.24844374999998,731.3125,92.02103062499998,18.341250000000002,30.921249999999997,4.705000000000001,15.679375000000004,10.010625000000001,6.4106250000000005,26.559941249999998
2026-09-06T22:28:31.518Z,MCT2408053,15.263333,74.110833,40.76923076923077,203.65557692307692,762.1538461538462,92.10051615384616,15.583846153846155,31.090769230769222,6.0030769230769225,19.52,12.233846153846153,6.1184615384615375,26.532766923076924
2026-09-06T21:30:00.000Z,MCT2408052,15.444425,74.063856,41.5,160,723.5,88.06662,3.6459650000000003,8,15.719999999999999,43.105000000000004,19.845,2,26.68127
2026-09-06T21:40:00.000Z,MCT2408052,15.444425,74.063856,38.625,160,731.125,88.12384000000002,3.6442983125000006,8,13.588125000000002,37.393125,17.345,2,26.677915
2026-09-06T21:50:00.000Z,MCT2408052,15.444425,74.063856,37.4375,160,733.6875,88.02561187500001,3.7051316875,8,12.375625,34.46062499999999,16.159375,2,26.741600624999997
2026-09-06T22:00:00.000Z,MCT2408052,15.444425,74.063856,36.6875,160,733.25,88.35176750000001,3.6362720000000004,8,11.999375,33.448125,15.749375000000002,2,26.68395
2026-09-06T22:10:00.000Z,MCT2408052,15.444425,74.063856,38.625,160,729.9375,88.46763812500001,3.6092105625000004,8,13.565625,37.306250000000006,17.258125,2,26.718139374999993
2026-09-06T22:20:00.000Z,MCT2408052,15.444425,74.063856,38.0625,160,729.9375,88.47002312500001,3.645044062500001,8,13.108749999999999,35.990625,16.655625,2,26.734898749999996
2026-09-06T22:28:31.518Z,MCT2408052,15.444425,74.063856,44.57142857142857,160,723.6428571428571,88.53419285714288,3.6491730714285717,8,18.467142857142854,49.186428571428564,21.918571428571425,2,26.717278571428576
2026-09-06T21:30:00.000Z,MCT2408021,15.500556,74.053333,50,375,524,86.93365499999999,21.57,14.37178,5.95,19.13,12.379999999999999,4.300000000000001,26.750985
2026-09-06T21:40:00.000Z,MCT2408021,15.500556,74.053333,49.625,375,525.3125,87.136786875,21.308750000000003,14.399766250000003,6.129375,19.835625,12.826875000000001,4.276250000000001,26.7643925
2026-09-06T21:50:00.000Z,MCT2408021,15.500556,74.053333,49.5625,375,531,87.05524875,21.27625,14.502858750000001,6.308749999999999,20.622500000000002,13.361250000000004,4.266875000000001,26.81868625
2026-09-06T22:00:00.000Z,MCT2408021,15.500556,74.053333,49.5,375,528.25,87.13488,21.248750000000005,14.501717499999996,6.129999999999999,20.025624999999998,13.006875,4.250625,26.80729125
2026-09-06T22:10:00.000Z,MCT2408021,15.500556,74.053333,49.5,375,527.5625,87.32847562500001,21.265000000000004,14.515140624999997,6.546249999999999,20.62375,13.035,4.2375,26.74227125
2026-09-06T22:20:00.000Z,MCT2408021,15.500556,74.053333,49.25,375,539.3125,87.324660625,21.118125,14.400908124999999,5.980624999999998,19.61875,12.827499999999999,4.266875,26.681269375000003
2026-09-06T22:28:31.527Z,MCT2408021,15.500556,74.053333,49.46153846153846,375,539.8461538461538,87.30925615384614,21.046153846153842,14.370374615384614,5.968461538461538,19.63230769230769,12.894615384615385,4.286153846153846,26.62021692307692
2026-09-06T21:30:00.000Z,MCT2408043,15.221111,74.087222,33,185.065,695,87.2045,14.17,10.305,8.87,28.965,16.009999999999998,5.29,26.53648
2026-09-06T21:40:00.000Z,MCT2408043,15.221111,74.087222,33,178.856875,689.625,86.96417125,14.209374999999996,10.468124999999999,8.233749999999999,26.874999999999996,14.570000000000002,5.290000000000001,26.612225000000006
2026-09-06T21:50:00.000Z,MCT2408043,15.221111,74.087222,33,184.98812500000003,712.8125,86.60702124999999,14.181249999999997,10.418125,7.758749999999998,25.347500000000004,13.850000000000001,5.290000000000001,26.609543749999997
2026-09-06T22:00:00.000Z,MCT2408043,15.221111,74.087222,33,191.815,693.625,86.92841000000003,14.192499999999995,10.417499999999999,7.6793749999999985,25.507500000000004,14.010000000000002,5.290000000000001,26.484195624999998
2026-09-06T22:10:00.000Z,MCT2408043,15.221111,74.087222,33,189.6775,693,86.88311125000003,14.207499999999998,10.467500000000001,7.441249999999998,25.106875000000002,13.850000000000001,5.290000000000001,26.511009374999993
2026-09-06T22:20:00.000Z,MCT2408043,15.221111,74.087222,33,191.8525,711.375,86.73958249999998,14.181249999999995,10.42,7.6,24.380625000000006,13.05,5.290000000000001,26.477492500000007
2026-09-06T22:28:31.546Z,MCT2408043,15.221111,74.087222,33,192.2269230769231,707.0769230769231,86.83271384615384,14.156153846153842,10.437692307692307,6.818461538461539,23.075384615384618,13.006923076923076,5.29,26.37766769230769
2026-09-06T21:30:00.000Z,MCT2408051,15.486528,74.033889,51.5,315.675,834.5,94.85297,21.775,5.19,7.46,23.619999999999997,13.07,4.39,26.47213
2026-09-06T21:40:00.000Z,MCT2408051,15.486528,74.033889,51.875,314.30062499999997,824.1875,95.00746249999999,22.011874999999993,5.1899999999999995,8.199375,26.840625000000003,15.011875000000003,4.39,26.48620625
2026-09-06T21:50:00.000Z,MCT2408051,15.486528,74.033889,52.0625,314.19875,832.5625,95.06754250000002,22.12875,5.1899999999999995,7.072500000000001,23.695,13.494999999999997,4.39,26.528436875
2026-09-06T22:00:00.000Z,MCT2408051,15.486528,74.033889,51.8125,311.955625,831.375,95.11045875000002,21.98125,5.1899999999999995,7.0725,23.3075,13.223749999999999,4.39,26.51368875
2026-09-06T22:10:00.000Z,MCT2408051,15.486528,74.033889,51.625,311.31749999999994,837.875,95.19247499999999,21.858125000000005,5.1899999999999995,6.840000000000002,23.928125,14.11625,4.39,26.472800624999998
2026-09-06T22:20:00.000Z,MCT2408051,15.486528,74.033889,51.75,309.824375,831.75,95.194860625,21.938125,5.1899999999999995,6.64625,21.791249999999998,12.367499999999998,4.39,26.439284375
2026-09-06T22:28:31.576Z,MCT2408051,15.486528,74.033889,51.642857142857146,309.34857142857146,828.3571428571429,95.27857785714285,21.880714285714284,5.1899999999999995,7.105714285714286,23.48357142857143,13.288571428571428,4.39,26.40701428571429
2026-09-06T21:30:00.000Z,MCT2408050,15.553611,73.958333,27.666666666666668,86.03000000000002,581.6666666666666,92.27423,11.49,4.243333333333333,8.196666666666667,25.76,13.893333333333333,2.6266666666666665,26.195066666666666
2026-09-06T21:40:00.000Z,MCT2408050,15.553611,73.958333,27.625,86.02999999999999,588.125,92.09065,11.318125000000002,4.193124999999999,7.525625,23.881875,12.86625,2.7675000000000005,26.256288125
2026-09-06T21:50:00.000Z,MCT2408050,15.553611,73.958333,27.5,86.02999999999999,633.6875,91.987650625,11.310625000000002,4.22375,8.958125,27.909999999999997,14.725625000000003,3.0031250000000003,26.245565625
2026-09-06T22:00:00.000Z,MCT2408050,15.553611,73.958333,28.25,86.02999999999999,632.1875,91.76496875000002,11.231875000000002,4.2543750000000005,10.286250000000003,32.470625,17.32875,2.85125,26.240873124999997
2026-09-06T22:10:00.000Z,MCT2408050,15.553611,73.958333,27.5,86.02999999999999,628.875,92.00100312500001,11.180625000000001,4.115,9.808125,30.431249999999995,16.05375,2.943749999999999,26.149035625
2026-09-06T22:20:00.000Z,MCT2408050,15.553611,73.958333,27.6875,86.02999999999999,649.4375,92.24466687500001,11.255000000000003,4.1625000000000005,10.020625000000003,31.236250000000002,16.478749999999998,2.725625,26.104792499999995
2026-09-06T22:28:31.726Z,MCT2408050,15.553611,73.958333,29.307692307692307,86.02999999999999,644.6153846153846,92.36284692307694,11.226923076923075,4.111538461538461,11.226153846153846,35.605384615384615,18.90615384615385,2.8607692307692307,26.100461538461538
2026-09-06T21:30:00.000Z,MCT2408034,15.356389,74.123611,30,180,551.6666666666666,76.76621666666666,6.150000000000001,5.37,9.11,30.323333333333334,17.19333333333333,1.4933333333333334,30.356403333333333
2026-09-06T21:40:00.000Z,MCT2408034,15.356389,74.123611,28.6,180,552.48,76.5759896,6.254000000000002,6.052399999999999,8.5284,27.983600000000003,15.489199999999999,1.2915999999999996,30.335096
2026-09-06T21:50:00.000Z,MCT2408034,15.356389,74.123611,28.52,180,552.08,76.78289720000002,6.150000000000002,5.6796000000000015,8.236399999999998,27.720000000000006,15.601599999999998,1.2995999999999999,30.301204399999996
2026-09-06T22:00:00.000Z,MCT2408034,15.356389,74.123611,27.875,180,555.9166666666666,76.82788625000002,6.150000000000002,5.713333333333335,8.086666666666664,26.376249999999995,14.570416666666667,1.25125,30.33629208333333
2026-09-06T22:10:00.000Z,MCT2408034,15.356389,74.123611,26.76,180,555.52,76.80578560000002,6.150000000000002,5.0968,7.362799999999998,24.346,13.7252,1.2507999999999995,30.30892680000001
2026-09-06T22:20:00.000Z,MCT2408034,15.356389,74.123611,26.32,180,565.88,76.75848280000002,6.150000000000002,5.747999999999999,7.29,23.672000000000004,13.163999999999998,1.1771999999999998,30.289621999999994
2026-09-06T22:28:31.726Z,MCT2408034,15.356389,74.123611,26.571428571428573,180,562.4761904761905,77.00672285714288,6.150000000000001,4.876190476190475,7.246666666666667,24.11619047619047,13.661904761904761,1.24047619047619,30.231278095238103
2026-09-06T21:30:00.000Z,MCT2408030,15.142519,74.075003,28,163,556,82.75274999999999,8.73,6.2,9.37,24.64,12.31,4.654999999999999,26.36488
2026-09-06T21:40:00.000Z,MCT2408030,15.142519,74.075003,28,163,563.125,82.82427375000002,8.631250000000001,6.200000000000002,9.370000000000001,24.639999999999993,12.31,4.398749999999999,26.33002375
2026-09-06T21:50:00.000Z,MCT2408030,15.142519,74.075003,28,163,564.2666666666667,82.88041533333336,8.813333333333334,6.200000000000002,9.370000000000001,24.639999999999993,12.31,4.51,26.330201333333328
2026-09-06T22:00:00.000Z,MCT2408030,15.142519,74.075003,28,163,551.4375,82.9034275,8.783750000000001,6.200000000000002,9.370000000000001,24.639999999999993,12.31,4.273125000000001,26.312595624999993
2026-09-06T22:10:00.000Z,MCT2408030,15.142519,74.075003,28,163,544.5,82.88578750000002,8.60125,6.200000000000002,9.370000000000001,24.639999999999993,12.31,4.48625,26.286453125000005
2026-09-06T22:20:00.000Z,MCT2408030,15.142519,74.075003,28,163,542.5333333333333,82.87837933333331,8.746,6.200000000000002,9.370000000000001,24.639999999999993,12.31,4.508,26.257988000000005
2026-09-06T22:28:31.729Z,MCT2408030,15.142519,74.075003,28,163,538.6923076923077,82.81084538461538,8.793846153846156,6.200000000000002,9.370000000000001,24.639999999999993,12.31,4.451538461538461,26.231643076923085
2026-09-06T21:30:00.000Z,MCT2408029,15.333611,74.206944,12,120,605.3333333333334,92.18268,3.0033333333333334,7.653333333333333,3.1366666666666667,10.980000000000002,6.666666666666667,3.5,26.30946666666667
2026-09-06T21:40:00.000Z,MCT2408029,15.333611,74.206944,12,120,587.1875,92.023415,2.836875,7.281250000000002,3.5300000000000002,11.09,6.064375000000001,3.5,26.34611125
2026-09-06T21:50:00.000Z,MCT2408029,15.333611,74.206944,12.466666666666667,120,573.0666666666667,91.97922866666667,3.6666666666666656,7.472000000000002,3.3333333333333335,10.712,6.037999999999999,3.5,26.32090733333333
2026-09-06T22:00:00.000Z,MCT2408029,15.333611,74.206944,12.0625,120,578.75,92.00529375,3.04125,7.200000000000001,3.235,10.368125000000001,5.843750000000002,3.504375,26.301199999999998
2026-09-06T22:10:00.000Z,MCT2408029,15.333611,74.206944,12.0625,120,586.0625,92.06108562500002,3.0599999999999996,7.340000000000001,3.4562500000000003,11.090625,6.175624999999999,3.5,26.275728125000004
2026-09-06T22:20:00.000Z,MCT2408029,15.333611,74.206944,12.0625,120,586.0625,92.17266375000001,3.205,7.395625000000001,3.16125,9.790000000000001,5.403125,3.5,26.289133124999996
2026-09-06T22:28:31.752Z,MCT2408029,15.333611,74.206944,12.214285714285714,120,599.3571428571429,92.2137392857143,3.077142857142857,7.545000000000001,3.319285714285715,10.486428571428572,5.797857142857143,3.5107142857142857,26.28980428571429
2026-09-06T21:30:00.000Z,MCT2408023,15.499722,74.020833,36.5,174.195,510.5,92.20557,7.89,18.65,10.14,33.56,21.75,4.15,25.63021
2026-09-06T21:40:00.000Z,MCT2408023,15.499722,74.020833,37.1875,171.64124999999999,513.6875,92.20175250000001,8.416250000000002,18.354999999999997,10.218125,34.115,22.565625,2.7943750000000005,25.615460625
2026-09-06T21:50:00.000Z,MCT2408023,15.499722,74.020833,36.3125,172.679375,510.4375,92.24180249999998,8.056875,18.535625,9.743125,32.69125,21.840625,2.6824999999999997,25.61680000000001
2026-09-06T22:00:00.000Z,MCT2408023,15.499722,74.020833,34.8125,184.753125,502.125,92.23607999999997,8.3225,18.304375,8.71125,30.000624999999996,20.028125,2.8575,25.601383124999998
2026-09-06T22:10:00.000Z,MCT2408023,15.499722,74.020833,33.875,181.014375,500.4375,92.21891624999998,7.860625,18.248124999999998,7.998750000000001,27.941875000000007,18.759375,2.9749999999999996,25.606077500000005
2026-09-06T22:20:00.000Z,MCT2408023,15.499722,74.020833,34.4375,181.88437499999998,509,92.206520625,8.17125,18.866874999999997,7.998125,28.653750000000006,19.484375,2.8037499999999995,25.618141875000006
2026-09-06T22:28:31.776Z,MCT2408023,15.499722,74.020833,33.07692307692308,186.20538461538462,509.38461538461536,92.1498123076923,8.11076923076923,18.506153846153843,7.70076923076923,26.500000000000004,17.623076923076923,3.0507692307692307,25.606281538461534
2026-09-06T21:30:00.000Z,MCT2408040,15.528056,74.020833,19,100,524,88.69604,7.939999999999999,4.81,3.07,8.653333333333334,3.98,3.5,26.956546666666668
2026-09-06T21:40:00.000Z,MCT2408040,15.528056,74.020833,19,100,525.8125,88.647884375,8.059375,4.743125,3.07,8.791875000000001,4.103125,3.5,26.96682562499999
2026-09-06T21:50:00.000Z,MCT2408040,15.528056,74.020833,19,100,523,88.55776187499998,8.130625000000002,4.778125,3.07,8.704374999999997,4.033125000000001,3.5,26.950740000000003
2026-09-06T22:00:00.000Z,MCT2408040,15.528056,74.020833,18.75,100,529.625,88.46668375000002,7.805000000000002,4.871250000000001,3.07,8.966875,4.248125,3.5,26.931299375000002
2026-09-06T22:10:00.000Z,MCT2408040,15.528056,74.020833,18.8125,100,528.9375,88.57302187500002,7.89125,4.853750000000001,3.07,8.6825,4.0575,3.5,26.807289375000007
2026-09-06T22:20:00.000Z,MCT2408040,15.528056,74.020833,18.933333333333334,100,531.7333333333333,88.69197400000003,7.995333333333334,4.8453333333333335,3.07,8.956666666666669,4.233333333333333,3.5,26.72417000000001
2026-09-06T22:28:31.938Z,MCT2408040,15.528056,74.020833,18.857142857142858,100,530.7857142857143,88.72492500000001,7.937857142857145,4.849285714285714,3.0799999999999996,8.97,4.2821428571428575,3.5,26.716512857142863
2026-09-06T21:30:00.000Z,MCT2408049,15.475278,74.055833,57,150,568,86.372895,24.61,13.895,10.350000000000001,31.405,16.494999999999997,2.61,26.89041
2026-09-06T21:40:00.000Z,MCT2408049,15.475278,74.055833,57.0625,152.2398,568.1875,86.405320625,24.384375000000002,13.379999999999997,10.206874999999998,30.88125,16.158125000000002,2.61,26.914540624999997
2026-09-06T21:50:00.000Z,MCT2408049,15.475278,74.055833,57,151.02979374999998,567,86.644693125,24.475624999999994,13.696249999999997,10.0175,30.642500000000002,16.063750000000002,2.61,26.972188124999995
2026-09-06T22:00:00.000Z,MCT2408049,15.475278,74.055833,56.8125,150.43249375,561.375,86.563629375,24.233750000000004,13.659999999999998,10.254375,31.119375,16.350625,2.61,27.072063749999998
2026-09-06T22:10:00.000Z,MCT2408049,15.475278,74.055833,56.75,150.93178749999998,560.5625,86.38529187500002,24.215624999999996,13.57125,10.445624999999998,31.646250000000002,16.59125,2.61,27.051286249999997
2026-09-06T22:20:00.000Z,MCT2408049,15.475278,74.055833,56.6875,150.09054375,567.0625,86.4019825,24.267500000000002,13.514375,10.158750000000001,30.977500000000003,16.350625,2.61,26.969506250000006
2026-09-06T22:28:31.937Z,MCT2408049,15.475278,74.055833,56.46153846153846,152.1481076923077,577.5384615384615,86.29161153846154,24.16769230769231,12.09076923076923,10.321538461538463,31.23153846153846,16.287692307692307,2.61,26.888347692307697
2026-09-06T21:30:00.000Z,MCT2408027,15.275556,74.1075,26.5,1174.76,570,90.35162,6.58,13.18,9.370000000000001,29.08,15.81,2.95,26.72417
2026-09-06T21:40:00.000Z,MCT2408027,15.275556,74.1075,26.5625,1171.6725000000001,611.25,90.402644375,6.579999999999999,13.174375000000003,9.369999999999997,29.2025,15.93375,2.9500000000000006,26.726853125
2026-09-06T21:50:00.000Z,MCT2408027,15.275556,74.1075,27.125,1174.8706250000002,611.8125,90.523284375,6.579999999999999,12.964375000000002,9.430625,30.249374999999997,16.984375,2.9500000000000006,26.73020625000001
2026-09-06T22:00:00.000Z,MCT2408027,15.275556,74.1075,25.25,1177.2350000000001,623.6875,90.72498749999997,6.579999999999999,13.181250000000004,8.323125000000001,26.738124999999997,15.006250000000001,2.9500000000000006,26.67389500000001
2026-09-06T22:10:00.000Z,MCT2408027,15.275556,74.1075,26,1170.8381250000002,616.9375,90.63581874999997,6.579999999999999,13.176250000000001,9.0625,28.21625,15.316250000000004,2.9500000000000006,26.69869875000001
2026-09-06T22:20:00.000Z,MCT2408027,15.275556,74.1075,27.1875,1172.3668750000002,629.0625,90.420765625,6.579999999999999,13.175000000000002,9.801874999999999,30.804999999999996,16.798125000000002,2.9500000000000006,26.746292499999992
2026-09-06T22:28:31.935Z,MCT2408027,15.275556,74.1075,26.571428571428573,1167.6335714285717,633.2142857142857,90.57614500000001,6.579999999999999,13.006428571428573,9.15857142857143,29.078571428571422,16.16357142857143,2.95,26.730299999999996
2026-09-06T21:30:00.000Z,MCT2408044,15.313669,74.140042,24.333333333333332,214.29,595,95.15051,10.806666666666667,3.6,4.213333333333333,12,7.390000000000001,2.7115386666666663,25.09396
2026-09-06T21:40:00.000Z,MCT2408044,15.313669,74.140042,24.333333333333332,214.29,584.6666666666666,95.19832466666665,10.782666666666668,3.6426666666666674,4.596666666666665,12.466666666666667,7.354,2.9899145333333332,25.096817999999995
2026-09-06T21:50:00.000Z,MCT2408044,15.313669,74.140042,24.375,214.29,572.1875,95.21154999999997,10.85125,3.32,4.1656249999999995,11.59375,6.9624999999999995,2.6642628124999996,25.150934999999997
2026-09-06T22:00:00.000Z,MCT2408044,15.313669,74.140042,24.066666666666666,214.29,586.8666666666667,95.17441733333331,10.621333333333332,3.6013333333333337,4.33,11.966666666666667,7.21,2.8285470666666668,25.176898
2026-09-06T22:10:00.000Z,MCT2408044,15.313669,74.140042,24.1875,214.29,599.0625,95.13811562500001,10.676874999999997,3.495625,4.560624999999999,12.6875,7.637500000000001,2.9947917499999996,25.120770624999995
2026-09-06T22:20:00.000Z,MCT2408044,15.313669,74.140042,24.133333333333333,214.29,618.5333333333333,95.11389599999997,10.672666666666666,3.5480000000000005,4.712666666666666,13.066666666666666,7.8939999999999975,2.919658133333334,25.092529333333335
2026-09-06T22:28:31.957Z,MCT2408044,15.313669,74.140042,24.307692307692307,214.29,614.3076923076923,95.18044384615384,10.78,3.5661538461538465,4.376923076923077,12.26923076923077,7.5284615384615385,2.8219920769230766,25.11045846153846
2026-09-06T21:30:00.000Z,MCT2408046,15.529167,74.07,31,95.52,639,85.55781999999999,13.270000000000001,0.8566666666666668,5.69,18.150000000000002,9.476666666666667,3.4599999999999995,27.567876666666667
2026-09-06T21:40:00.000Z,MCT2408046,15.529167,74.07,30.96,95.52,639.92,85.7764284,13.322000000000003,0.7639999999999999,5.488400000000001,16.440400000000004,8.1768,3.4932,27.5281248
2026-09-06T21:50:00.000Z,MCT2408046,15.529167,74.07,30.96,95.52,635.6,85.90307720000003,13.272800000000004,0.7387999999999999,5.085200000000001,14.839599999999997,7.3548,3.4736000000000002,27.537134399999996
2026-09-06T22:00:00.000Z,MCT2408046,15.529167,74.07,30.96,95.52,637,85.83197160000002,13.277599999999998,0.7628,5.085200000000001,14.5732,7.015600000000001,3.4163999999999994,27.54742959999999
2026-09-06T22:10:00.000Z,MCT2408046,15.529167,74.07,30.96,95.52,636.28,85.83746280000001,13.3764,0.8335999999999999,5.1356,15.595200000000002,7.7896,3.551999999999999,27.517399200000003
2026-09-06T22:20:00.000Z,MCT2408046,15.529167,74.07,30.96,95.52,637.6,85.898498,13.3096,0.7876000000000001,5.3372,16.128400000000003,8.056,3.5428,27.514396800000004
2026-09-06T22:28:31.980Z,MCT2408046,15.529167,74.07,31,95.52,641.2727272727273,85.97443181818184,13.375454545454547,0.7604545454545453,5.260454545454546,15.701818181818187,7.835,3.523636363636363,27.499302727272724
2026-09-06T21:30:00.000Z,MCT2408037,15.394444,74.118333,27.333333333333332,160,511,85.27045,10.43,14.516666666666667,9.663333333333332,33.52333333333333,16.74,3.5666666666666664,26.73847333333333
2026-09-06T21:40:00.000Z,MCT2408037,15.394444,74.118333,25.375,160,497,85.23229999999998,10.415624999999999,14.465625,7.061875000000001,25.296874999999996,13.068125000000002,3.6562499999999996,26.767070624999995
2026-09-06T21:50:00.000Z,MCT2408037,15.394444,74.118333,25.25,160,493.6875,85.34435749999999,10.47875,14.470625000000002,6.226250000000001,22.947499999999998,12.177500000000002,3.7950000000000004,26.718808125000006
2026-09-06T22:00:00.000Z,MCT2408037,15.394444,74.118333,25.25,160,484.25,85.44019875000001,10.543125,14.465,6.133125000000001,24.12375,13.396250000000002,3.8243749999999994,26.710765625000008
2026-09-06T22:10:00.000Z,MCT2408037,15.394444,74.118333,25.1875,160,490.875,85.43638562499999,10.521875000000001,14.456249999999997,5.993750000000001,22.793125,12.365000000000002,3.685,26.719481250000005
2026-09-06T22:20:00.000Z,MCT2408037,15.394444,74.118333,25.3125,160,502.5625,85.409206875,10.628749999999998,14.455,5.5756250000000005,21.056874999999998,11.333750000000002,3.790625,26.758356874999993
2026-09-06T22:28:32.144Z,MCT2408037,15.394444,74.118333,25.23076923076923,160,490.38461538461536,85.65778615384617,10.599999999999998,14.480769230769226,5.430769230769231,20.444615384615382,11.00923076923077,3.7399999999999998,26.677141538461534
2026-09-06T21:30:00.000Z,MCT2408042,15.213889,74.071667,61.666666666666664,267.7,517,89.27587999999999,26.49666666666667,12.816666666666668,5.46,16.723333333333333,8.503333333333332,3.856666666666667,26.860023333333334
2026-09-06T21:40:00.000Z,MCT2408042,15.213889,74.071667,61.266666666666666,266.7306666666667,518.4666666666667,89.35064466666667,26.24066666666666,12.862,5.2173333333333325,16.841333333333335,9.231333333333335,3.676,26.829277333333334
2026-09-06T21:50:00.000Z,MCT2408042,15.213889,74.071667,61.125,262.919375,521.9375,89.41082249999998,26.149999999999995,13.181875000000002,5.232499999999999,16.701875,8.99625,3.6825,26.83075375
2026-09-06T22:00:00.000Z,MCT2408042,15.213889,74.071667,61,264.024375,529.6875,89.35074062499999,26.069999999999993,13.101875,5.744375,17.726875,9.337500000000002,3.6006249999999995,26.815335
2026-09-06T22:10:00.000Z,MCT2408042,15.213889,74.071667,61,265.656875,526.5625,89.45993562499997,26.029999999999994,13.0325,5.289374999999999,16.188124999999996,8.484375,3.48125,26.740930625
2026-09-06T22:20:00.000Z,MCT2408042,15.213889,74.071667,61.3125,266.679375,519.375,89.49856249999998,26.269999999999996,12.594375000000001,5.459999999999999,17.101250000000004,8.996249999999998,3.53625,26.702720624999998
2026-09-06T22:28:32.147Z,MCT2408042,15.213889,74.071667,61.142857142857146,267.55,531.8571428571429,89.44535999999997,26.161428571428566,12.540714285714285,5.590000000000001,16.93714285714286,8.85,3.672857142857143,26.705783571428565
2026-09-06T21:30:00.000Z,MCT2408041,15.224628,74.171389,32.5,412.2146,555.5,90.55762,13.565000000000001,9.7,8.09,20.25,8.9,8.2,26.482855
2026-09-06T21:40:00.000Z,MCT2408041,15.224628,74.171389,32.5625,406.8093375,572.4375,90.49181250000001,13.560625,9.7,8.090000000000002,20.25,8.900000000000002,7.971874999999999,26.458053125
2026-09-06T21:50:00.000Z,MCT2408041,15.224628,74.171389,32.8125,405.82859375000004,599.8125,90.41599749999999,13.673125,9.7,8.090000000000002,20.25,8.900000000000002,7.951874999999999,26.38767000000001
2026-09-06T22:00:00.000Z,MCT2408041,15.224628,74.171389,32.875,407.1475625,594.1875,90.49896499999998,13.684999999999999,9.7,8.090000000000002,20.25,8.900000000000002,7.849375,26.354826250000006
2026-09-06T22:10:00.000Z,MCT2408041,15.224628,74.171389,32.625,408.582775,587,90.487523125,13.593125000000002,9.7,8.090000000000002,20.25,8.900000000000002,7.97125,26.317288124999994
2026-09-06T22:20:00.000Z,MCT2408041,15.224628,74.171389,32.6875,417.13433125000006,577.25,90.600055,13.638749999999998,9.7,8.090000000000002,20.25,8.900000000000002,8.070624999999998,26.289805625000007
2026-09-06T22:28:32.148Z,MCT2408041,15.224628,74.171389,32.714285714285715,414.81804999999997,577.0714285714286,90.5641557142857,13.650000000000002,9.700000000000001,8.090000000000002,20.25,8.900000000000002,7.905,26.272187142857153
2026-09-06T21:30:00.000Z,MCT2408033,15.346944,74.007778,21.333333333333332,116.76916666666666,548.3333333333334,89.5836,9.326666666666666,4.756666666666667,3.436666666666667,9.746666666666668,6.273333333333333,4.39,26.205793333333332
2026-09-06T21:40:00.000Z,MCT2408033,15.346944,74.007778,19.8125,114.11736875,541.375,89.74079562499999,8.0425,4.433749999999999,3.4112500000000003,8.878125000000002,5.328749999999999,4.39,26.1751825
2026-09-06T21:50:00.000Z,MCT2408033,15.346944,74.007778,19.6875,114.05484999999999,540.875,89.77035749999999,7.922499999999999,4.703749999999999,3.5243750000000005,9.4225,5.8081249999999995,4.39,26.172498125
2026-09-06T22:00:00.000Z,MCT2408033,15.346944,74.007778,19.9375,112.704425,544.25,89.68548249999998,8.045625000000001,4.429375,3.6381250000000005,9.678125,5.918125,4.39,26.174510625
2026-09-06T22:10:00.000Z,MCT2408033,15.346944,74.007778,19.8125,112.66274999999997,535.4375,89.77798874999998,7.875625,4.465,3.7131250000000007,10.0325,6.2856250000000005,4.39,26.17719125
2026-09-06T22:20:00.000Z,MCT2408033,15.346944,74.007778,19.75,114.03693749999998,544.5,89.86763312499998,7.884374999999999,4.373124999999999,3.4106250000000005,9.230625,5.770624999999999,4.39,26.1530575
2026-09-06T22:28:32.167Z,MCT2408033,15.346944,74.007778,19.615384615384617,113.99636923076923,544.0769230769231,89.9396353846154,7.826923076923077,4.297692307692308,3.264615384615385,8.638461538461538,5.338461538461539,4.39,26.136762307692305
2026-09-06T21:30:00.000Z,MCT2408024,15.148056,74.131667,40.333333333333336,220.45280000000002,782,80.67755,17.377786666666665,5,5,14.99,7.989999999999999,2.526666666666667,27.26043
2026-09-06T21:40:00.000Z,MCT2408024,15.148056,74.131667,41.24,220.08670400000003,691.8,80.69860880000002,18.0526592,5.586724560000001,5,15.430000000000005,8.430000000000001,2.5463999999999998,27.226963599999994
2026-09-06T21:50:00.000Z,MCT2408024,15.148056,74.131667,41.32,219.87046400000003,797.88,80.80084120000004,18.0652736,5.741125760000002,5,15.310000000000004,8.310000000000002,2.534,27.176337200000003
2026-09-06T22:00:00.000Z,MCT2408024,15.148056,74.131667,41.208333333333336,218.76851666666664,764.125,80.84603416666666,18.03721916666667,5.772006000000001,5,15.323333333333338,8.323333333333336,2.5379166666666664,27.17596416666667
2026-09-06T22:10:00.000Z,MCT2408024,15.148056,74.131667,41.2,218.87172000000007,726.92,80.92138479999994,18.034878400000004,5.741125760000001,5,15.670000000000005,8.670000000000002,2.5404,27.16390000000001
2026-09-06T22:20:00.000Z,MCT2408024,15.148056,74.131667,41.04,217.55544,784.24,81.04711919999998,17.95889,5.772006000000001,5,15.350000000000005,8.350000000000001,2.5348000000000006,27.163042000000008
2026-09-06T22:28:32.182Z,MCT2408024,15.148056,74.131667,41.42857142857143,218.89869999999996,689.9047619047619,81.02995619047617,18.21301952380953,5.772006000000001,5,15.228095238095241,8.22809523809524,2.537142857142858,27.1700280952381
2026-09-06T21:30:00.000Z,MCT2408045,15.619444,73.878889,27.5,178.12,678.5,85.45355,11.185,16.770000000000003,4.28,14.545,7.635,2.53,26.84751
2026-09-06T21:40:00.000Z,MCT2408045,15.619444,73.878889,27,178.11999999999995,685.625,85.48263937499999,10.915625000000002,16.61125,3.838750000000001,13.084375000000001,6.927499999999999,2.5300000000000002,26.837455624999993
2026-09-06T21:50:00.000Z,MCT2408045,15.619444,73.878889,27,178.11999999999995,688.0625,85.50266812500001,10.968125,16.752499999999998,3.8375000000000012,12.977500000000001,6.7875000000000005,2.5300000000000002,26.822036250000007
2026-09-06T22:00:00.000Z,MCT2408045,15.619444,73.878889,27,178.11999999999995,682.75,85.585635,10.958125,16.845625000000002,3.9337500000000007,13.191250000000002,6.92875,2.5300000000000002,26.775115624999998
2026-09-06T22:10:00.000Z,MCT2408045,15.619444,73.878889,27.1875,178.11999999999995,691.625,85.680046875,11.099375,16.661875,4.0600000000000005,13.405000000000003,6.928749999999999,2.5300000000000002,26.763049999999996
2026-09-06T22:20:00.000Z,MCT2408045,15.619444,73.878889,26.9375,178.11999999999995,697.625,85.71390375000003,10.890625000000002,16.75875,4.0600000000000005,13.654375000000002,7.1762500000000005,2.5300000000000002,26.72819500000001
2026-09-06T22:28:32.354Z,MCT2408045,15.619444,73.878889,27.285714285714285,178.11999999999995,704.8571428571429,85.79633285714287,11.117142857142857,16.712142857142858,3.9200000000000013,13.201428571428574,6.907857142857145,2.5300000000000002,26.705020714285713
2026-09-06T21:30:00.000Z,MCT2408022,15.475833,74.038889,37,150,474,90.50421,3.79,11.49498,15,46.5,24.5,4.217699,26.32734
2026-09-06T21:40:00.000Z,MCT2408022,15.475833,74.038889,34.8125,150,482.4375,90.48084625000001,4.101875,11.386859999999999,13.5,42,22.5,4.2147956875,26.364879375
2026-09-06T21:50:00.000Z,MCT2408022,15.475833,74.038889,35.8125,150,499.75,90.23861312500001,4.213749999999999,11.290474375,14.3125,44.125,23.3125,4.211071375,26.42788812500001
2026-09-06T22:00:00.000Z,MCT2408022,15.475833,74.038889,35.8125,150,482.6875,90.24004562500001,4.078749999999999,11.38391125,14.4375,44.375,23.4375,4.2296646875000015,26.443306875000008
2026-09-06T22:10:00.000Z,MCT2408022,15.475833,74.038889,33.9375,150,490.75,90.26674625000003,4.300625,11.30220875,13.25,40.5,21.4375,4.222916875,26.353484374999997
2026-09-06T22:20:00.000Z,MCT2408022,15.475833,74.038889,34.375,150,492.75,90.30537125000001,4.278124999999998,11.184990624999998,13.375,41.25,21.875,4.25166875,26.248245625
2026-09-06T22:28:32.353Z,MCT2408022,15.475833,74.038889,34.84615384615385,150,486.9230769230769,90.41148538461539,4.473076923076922,11.199721538461539,13.538461538461538,42.30769230769231,22.76923076923077,4.250193076923077,26.19451846153847
2026-09-06T21:30:00.000Z,MCT2408032,15.525556,73.828611,36.75,199.35999999999999,627.5,84.39116250000001,16.1825,18.825,7.12,17.07,7.08,2.2875,27.8985725
2026-09-06T21:40:00.000Z,MCT2408032,15.525556,73.828611,35.4,198.604,632.68,84.90881319999997,15.13,19.471999999999994,7.120000000000002,17.069999999999997,7.080000000000002,2.4372,27.752492400000005
2026-09-06T21:50:00.000Z,MCT2408032,15.525556,73.828611,35.6,197.1128,621.16,84.87799040000002,15.302000000000005,19.465999999999994,7.120000000000002,17.4108,7.418400000000003,2.3816,27.771798799999996
2026-09-06T22:00:00.000Z,MCT2408032,15.525556,73.828611,34.76,192.92639999999994,632.8,85.19323800000002,14.4892,19.0632,7.120000000000002,17.069999999999997,7.080000000000002,2.362800000000001,27.7014408
2026-09-06T22:10:00.000Z,MCT2408032,15.525556,73.828611,34.6,198.0068,625.04,85.79260320000002,14.486000000000004,19.1372,7.120000000000002,17.297199999999997,7.305600000000003,2.3164,27.541851599999994
2026-09-06T22:20:00.000Z,MCT2408032,15.525556,73.828611,35.28,193.21919999999997,624.8,85.9360364,14.953200000000004,18.882400000000004,7.120000000000002,17.297199999999997,7.305600000000003,2.3532,27.4989516
2026-09-06T22:28:32.356Z,MCT2408032,15.525556,73.828611,35.285714285714285,182.2828571428571,624.047619047619,85.88188857142856,15.006666666666671,19.22761904761905,7.120000000000002,17.543333333333333,7.550000000000001,2.3442857142857143,27.521913333333334
2026-09-06T21:30:00.000Z,MCT2408036,15.171567,74.067106,36.5,120,536,88.51675,10.379999999999999,7.48,2.895,9.879999999999999,5.825,11.3,26.927945
2026-09-06T21:40:00.000Z,MCT2408036,15.171567,74.067106,35.9375,120,527.6875,89.36934,10.584375,7.775625,3.5837499999999993,11.14375,6.175000000000001,11.000625,26.78316125
2026-09-06T21:50:00.000Z,MCT2408036,15.171567,74.067106,36.125,120,525.5625,90.311569375,10.068750000000003,7.717500000000001,3.3225000000000002,10.4175,5.763124999999999,11.055625000000003,26.628983750000003
2026-09-06T22:00:00.000Z,MCT2408036,15.171567,74.067106,35.875,120,526.1875,91.67389374999999,9.703750000000001,7.621875,4.3412500000000005,12.981874999999999,7.061249999999999,10.88625,26.283770625
2026-09-06T22:10:00.000Z,MCT2408036,15.171567,74.067106,35.625,120,525.5,92.43444875,9.775625,7.88625,5.39375,16.148125000000004,8.738124999999998,10.796875000000004,26.100772499999998
2026-09-06T22:20:00.000Z,MCT2408036,15.171567,74.067106,35.53333333333333,120,521.2,92.30830933333331,9.966666666666667,7.772666666666667,5.298,15.941333333333331,8.612,10.776666666666669,26.149305333333327
2026-09-06T22:28:32.366Z,MCT2408036,15.171567,74.067106,35.714285714285715,120,522.9285714285714,92.32164357142857,10.019285714285713,7.981428571428571,4.961428571428571,15.087857142857144,8.213571428571427,10.870714285714287,26.10441142857143
2026-09-06T21:30:00.000Z,MCT2408031,15.290833,74.149167,17.666666666666668,158.52173333333334,550.3333333333334,87.6203,6.986908666666667,7.032912333333333,5.236666666666667,14.06,7.9366666666666665,4.74,26.12713666666667
2026-09-06T21:40:00.000Z,MCT2408031,15.290833,74.149167,17.75,159.16163124999997,558.5,87.59550499999999,7.1735114375,6.743218875,5.09,13.558124999999997,7.530000000000002,4.838125000000001,26.140989375000004
2026-09-06T21:50:00.000Z,MCT2408031,15.290833,74.149167,17.9375,156.19594999999995,562.6875,87.576431875,7.2571789375,6.727970625,4.821875,12.716249999999995,7.0531250000000005,4.929374999999999,26.13026625
2026-09-06T22:00:00.000Z,MCT2408031,15.290833,74.149167,17.75,157.6828125,544.875,87.584060625,7.2262985,6.6994115,4.97125,12.906249999999998,6.995000000000001,4.886875000000001,26.106133124999996
2026-09-06T22:10:00.000Z,MCT2408031,15.290833,74.149167,17.75,160.31375625000004,553.5,87.62793,7.197661374999999,6.400652875,4.6450000000000005,12.118125000000001,6.606249999999999,4.736249999999999,26.07060874999999
2026-09-06T22:20:00.000Z,MCT2408031,15.290833,74.149167,17.8125,160.63050625,550.4375,87.67323000000002,7.2021483125,6.5495479375,4.8218749999999995,12.6075,6.933750000000001,4.884375,26.053179999999994
2026-09-06T22:28:32.388Z,MCT2408031,15.290833,74.149167,17.928571428571427,152.09614285714284,554.6428571428571,87.684605,7.242097,7.019558857142857,4.627142857142857,12.204285714285712,6.769285714285714,4.934285714285714,26.069170000000007
2026-09-06T21:30:00.000Z,MCT2408039,15.163611,74.110833,29,304.28499999999997,549,86.39578499999999,9.965,10.3,9.02,28.94,11.76,2.3,26.43459
2026-09-06T21:40:00.000Z,MCT2408039,15.163611,74.110833,29.4375,312.068125,549.875,86.51451437499999,11.775625,10.3,9.019999999999998,28.94,11.759999999999998,2.3,26.417164375
2026-09-06T21:50:00.000Z,MCT2408039,15.163611,74.110833,29.125,302.92749999999995,541.25,86.54980062499999,11.993124999999997,10.3,9.019999999999998,28.94,11.759999999999998,2.3,26.454033125000002
2026-09-06T22:00:00.000Z,MCT2408039,15.163611,74.110833,29,306.67625,530.6875,86.42868562499999,11.060625,10.3,9.019999999999998,28.94,11.759999999999998,2.3,26.456712500000002
2026-09-06T22:10:00.000Z,MCT2408039,15.163611,74.110833,29,312.45,544.75,86.576980625,12.064999999999998,10.3,9.019999999999998,28.94,11.759999999999998,2.3,26.4030875
2026-09-06T22:20:00.000Z,MCT2408039,15.163611,74.110833,29.3125,318.43625000000003,549.875,86.732429375,12.503124999999999,10.3,9.019999999999998,28.94,11.759999999999998,2.3,26.367559999999997
2026-09-06T22:28:32.558Z,MCT2408039,15.163611,74.110833,29.615384615384617,319.10538461538465,555.4615384615385,86.84093,13.542307692307691,10.299999999999999,9.019999999999998,28.94,11.76,2.3000000000000003,26.366942307692316
2026-09-06T21:30:00.000Z,MCT2408038,15.188889,74.055556,23,332.8233333333333,782,87.48805666666665,9.473333333333334,13.33,5.95,16.9,7.94,4.676666666666667,26.842146666666668
2026-09-06T21:40:00.000Z,MCT2408038,15.188889,74.055556,22.8125,316.87375000000003,791.5,87.5196875,9.51625,13.330000000000005,5.950000000000002,16.900000000000002,7.9606249999999985,4.709375,26.837454375
2026-09-06T21:50:00.000Z,MCT2408038,15.188889,74.055556,22.5,302.268125,787.5625,87.55831187499999,9.243124999999997,13.330000000000005,5.950000000000002,16.900000000000002,7.939999999999999,4.678125,26.885047500000002
2026-09-06T22:00:00.000Z,MCT2408038,15.188889,74.055556,22.5625,341.325625,771.0625,87.65510937500001,9.33,13.330000000000005,5.950000000000002,16.900000000000002,7.939999999999999,4.694374999999999,26.925266875000005
2026-09-06T22:10:00.000Z,MCT2408038,15.188889,74.055556,22.875,388.97937500000006,716.5625,87.85871937499998,9.478124999999999,13.330000000000005,5.950000000000002,16.900000000000002,7.939999999999999,4.70125,27.004361875
2026-09-06T22:20:00.000Z,MCT2408038,15.188889,74.055556,22.5625,394.27312500000005,711.8125,87.94121187500001,9.29125,13.330000000000005,5.950000000000002,16.900000000000002,7.939999999999999,4.71,27.095525624999993
2026-09-06T22:28:32.558Z,MCT2408038,15.188889,74.055556,22.692307692307693,380.82153846153847,699.0769230769231,87.83685846153845,9.325384615384614,13.330000000000004,5.950000000000002,16.900000000000002,7.939999999999999,4.681538461538461,27.15647153846154
2026-09-06T21:30:00.000Z,MCT2408035,15.236111,74.125,49,190,829,89.77179,19.70796,9.65,3.8,11.129999999999999,5.85,3.83,26.858235
2026-09-06T21:40:00.000Z,MCT2408035,15.236111,74.125,48.4375,190,827.875,89.83377875000002,19.22084125,9.519375,3.799999999999999,10.379374999999998,5.0962499999999995,3.8299999999999987,26.832092499999995
2026-09-06T21:50:00.000Z,MCT2408035,15.236111,74.125,48.4375,190,824.5625,89.92390000000002,19.114465624999998,9.738125000000002,3.799999999999999,10.19,4.909999999999998,3.8299999999999987,26.791874375000003
2026-09-06T22:00:00.000Z,MCT2408035,15.236111,74.125,48,190,809.5625,89.88956937500001,18.755811249999997,9.864374999999999,4.9875,15.449374999999998,8.35,3.8299999999999987,26.80394
2026-09-06T22:10:00.000Z,MCT2408035,15.236111,74.125,47.6875,190,822.4375,90.11034437500001,18.629671875,9.557500000000001,3.8237499999999986,11.109374999999998,5.779375000000001,3.8299999999999987,26.708080624999994
2026-09-06T22:20:00.000Z,MCT2408035,15.236111,74.125,47.875,190,830.3125,89.94488250000002,18.726165625,9.650000000000002,4.3225,13.27625,7.146875,3.8299999999999987,26.7000375
2026-09-06T22:28:32.557Z,MCT2408035,15.236111,74.125,48.285714285714285,190,830.7142857142857,89.84318214285715,19.173840000000002,9.860000000000001,4.125714285714285,12.372142857142858,6.522142857142856,3.8299999999999987,26.695823571428566
2026-09-06T21:30:00.000Z,MCT2408026,15.2467,74.198281,31,125,591.75,83.6167775,13.3724975,12.5,4.73,15.2325,8.435,2.0725,28.102345
2026-09-06T21:40:00.000Z,MCT2408026,15.2467,74.198281,30.791666666666668,125,597.3333333333334,83.24929333333336,13.04808666666667,12.5,4.730000000000003,14.509999999999996,7.710000000000001,2.0641666666666665,28.186804166666672
2026-09-06T21:50:00.000Z,MCT2408026,15.2467,74.198281,30.708333333333332,125,594.5833333333334,83.38121749999999,13.082135416666672,12.5,4.730000000000003,14.549999999999995,7.750416666666667,2.3716666666666675,28.10770666666666
2026-09-06T22:00:00.000Z,MCT2408026,15.2467,74.198281,30.916666666666668,125,605.4166666666666,84.61686083333338,13.268261666666668,12.5,4.730000000000003,14.509999999999996,7.710000000000001,2.21875,27.686746666666664
2026-09-06T22:10:00.000Z,MCT2408026,15.2467,74.198281,30.708333333333332,125,607.4583333333334,85.01136375,13.08873041666667,12.5,4.730000000000003,14.669999999999996,7.871666666666669,2.1104166666666666,27.516933750000003
2026-09-06T22:20:00.000Z,MCT2408026,15.2467,74.198281,30.88,125,605.48,85.248168,13.211692400000002,12.5,4.730000000000003,14.663599999999997,7.865200000000001,2.0804,27.446183600000005
2026-09-06T22:28:32.573Z,MCT2408026,15.2467,74.198281,30.85,125,595.1,85.50276100000002,13.127503500000003,12.5,4.730000000000002,14.509999999999996,7.709999999999999,2.1500000000000004,27.383227999999995
2026-09-06T23:30:00.000Z,MCT2408020,15.543475,74.039433,34.6,180,513.7,88.07958699999999,9.3227224,19.355275,14.282999999999998,42.403,21.562000000000005,3.6599999999999993,27.044849
2026-09-06T23:40:00.000Z,MCT2408020,15.543475,74.039433,32.875,180,523.1875,88.156264375,9.339888375,19.372623124999997,13.04375,38.85,19.923750000000002,3.6599999999999984,27.033857500000003
2026-09-06T23:50:00.000Z,MCT2408020,15.543475,74.039433,29.125,180,521.9375,88.08473937499998,9.31609,19.476888749999997,10.435624999999998,31.278749999999995,16.265000000000004,3.6599999999999984,27.091503750000005
2026-09-07T00:00:00.000Z,MCT2408020,15.543475,74.039433,27.4375,180,519.75,88.01369187499999,9.492041187499998,19.543875625,9.27875,27.902499999999996,14.695625,3.6599999999999984,27.0680425
2026-09-07T00:10:00.000Z,MCT2408020,15.543475,74.039433,41.5625,180,520.6875,87.997478125,9.480987875,19.484464375,17.451875,56.50125,31.308125,3.6599999999999984,27.007715625
2026-09-07T00:20:00.000Z,MCT2408020,15.543475,74.039433,53.375,180,527.6875,88.09236937500002,9.454978937500002,19.68037125,24.291875,77.35375,42.169374999999995,3.6599999999999984,26.926606874999997
2026-09-07T00:23:34.518Z,MCT2408020,15.543475,74.039433,32.833333333333336,180,536.3333333333334,88.10349333333333,9.542586166666666,19.296975,12.831666666666665,38.056666666666665,19.363333333333333,3.66,26.89934666666667
2026-09-06T23:30:00.000Z,MCT2408028,15.186944,74.096667,43.5,548.9856249999998,572.25,90.69399437499999,18.886874999999996,12.073749999999999,4.99,13.422499999999996,6.462499999999999,2.0162500000000003,25.695902499999995
2026-09-06T23:40:00.000Z,MCT2408028,15.186944,74.096667,43.24,550.1328000000001,580.28,90.591186,18.647999999999996,11.8476,4.989999999999998,13.003999999999998,6.044,1.8271999999999997,25.711294
2026-09-06T23:50:00.000Z,MCT2408028,15.186944,74.096667,43.52,546.9991999999999,579.52,90.5908808,18.908399999999997,11.8804,4.989999999999998,13.123200000000002,6.1632,1.8851999999999998,25.71129319999999
2026-09-07T00:00:00.000Z,MCT2408028,15.186944,74.096667,43.52,544.5064000000001,579.28,90.65039080000001,18.911599999999993,11.773599999999998,4.989999999999998,12.6064,5.646399999999999,1.9824000000000002,25.700998
2026-09-07T00:10:00.000Z,MCT2408028,15.186944,74.096667,43.583333333333336,543.4775,579.5416666666666,90.50008000000001,18.95666666666666,11.893749999999997,4.989999999999998,12.717916666666667,5.757083333333333,1.9333333333333333,25.723162916666666
2026-09-07T00:20:00.000Z,MCT2408028,15.186944,74.096667,43.56,539.5296,569.72,90.49108960000004,18.953599999999998,11.915999999999999,4.989999999999998,13.958000000000002,6.997999999999999,1.8304,25.738749600000006
2026-09-07T00:23:34.519Z,MCT2408028,15.186944,74.096667,43.666666666666664,536.5866666666667,570.8888888888889,90.50166666666667,19.064444444444444,11.757777777777779,4.990000000000001,14.469999999999999,7.510000000000001,2.487777777777777,25.69337111111111
2026-09-06T23:30:00.000Z,MCT2408057,15.272222,74.104722,29.875,329.80375000000004,498.3125,87.09434687500001,12.375625000000003,8.639375,4.990624999999999,14.984375,8.131250000000001,2.2175,27.50374999999999
2026-09-06T23:40:00.000Z,MCT2408057,15.272222,74.104722,30,329.4212,499.52,87.08593520000002,12.502400000000002,8.6632,4.5767999999999995,13.704799999999999,7.440799999999997,2.1416,27.510535599999997
2026-09-06T23:50:00.000Z,MCT2408057,15.272222,74.104722,30,330.41269230769245,505.03846153846155,87.02755538461535,12.424615384615386,8.629615384615388,4.423461538461539,13.156538461538458,7.090769230769229,2.2042307692307688,27.55206423076924
2026-09-07T00:00:00.000Z,MCT2408057,15.272222,74.104722,29.96,327.3852,509.16,86.89794959999999,12.483600000000001,8.610000000000003,4.3392,13.2528,7.286399999999999,2.176,27.584752400000003
2026-09-07T00:10:00.000Z,MCT2408057,15.272222,74.104722,29.92,328.6671999999999,519.92,86.74963479999998,12.494399999999999,8.488800000000001,4.2204,12.642000000000001,6.798399999999999,2.2691999999999997,27.534129200000017
2026-09-07T00:20:00.000Z,MCT2408057,15.272222,74.104722,30,326.92440000000005,514.8,86.74597199999998,12.509600000000002,8.621199999999998,4.386799999999999,13.276399999999994,7.2408,2.2344000000000004,27.513108399999997
2026-09-07T00:23:34.530Z,MCT2408057,15.272222,74.104722,30,308.8266666666666,521.3333333333334,86.69968333333333,12.571111111111112,8.456666666666669,5.825555555555556,17.34,9.288888888888888,2.2233333333333327,27.53570333333333
2026-09-06T23:30:00.000Z,MCT2408056,15.579167,73.920833,24.6,180,617.9,89.56427000000001,6.6850000000000005,10.045305100000002,7.415000000000001,23.225,13.59,1.6290000000000002,26.623353
2026-09-06T23:40:00.000Z,MCT2408056,15.579167,73.920833,25.4375,180,615.0625,89.63732125000001,6.61125,10.5110030625,7.977499999999999,25.045,14.645000000000001,1.5599999999999998,26.635017500000004
2026-09-06T23:50:00.000Z,MCT2408056,15.579167,73.920833,28.75,180,607.125,89.90005999999998,6.786875,9.8510854375,10.202499999999999,31.820625,18.098125000000003,1.5599999999999998,26.601500624999996
2026-09-07T00:00:00.000Z,MCT2408056,15.579167,73.920833,30.4375,180.8633375,597.8125,90.08650374999999,6.686874999999999,9.9853285625,11.201249999999998,34.60937499999999,19.621250000000003,1.5599999999999998,26.533798749999995
2026-09-07T00:10:00.000Z,MCT2408056,15.579167,73.920833,36.75,216.6455375,578.125,90.17090250000001,6.7056249999999995,9.727552312500002,15.423749999999995,47.358125,26.653125000000003,1.5599999999999998,26.430570625
2026-09-07T00:20:00.000Z,MCT2408056,15.579167,73.920833,37.0625,180.90559375,572.125,90.01735937500001,6.9281250000000005,10.059565625,15.598124999999998,48.04250000000002,27.178750000000004,1.5674999999999997,26.437943125000004
2026-09-07T00:23:34.531Z,MCT2408056,15.579167,73.920833,35.5,180,595,89.92183499999999,6.715,11.063771333333335,14.85666666666667,45.08500000000001,24.991666666666664,1.5600000000000003,26.434590000000004
2026-09-06T23:30:00.000Z,MCT2408055,15.585833,73.885556,25.09090909090909,185.89909090909092,849.4545454545455,89.04977272727274,8.936363636363637,6.702727272727272,11.19,33.193636363636365,18.590909090909093,1.5327272727272727,26.192792727272728
2026-09-06T23:40:00.000Z,MCT2408055,15.585833,73.885556,23.1875,92.053125,865.75,89.14045625000001,8.901875,6.8950000000000005,10.008749999999997,29.523750000000007,16.486875,1.5556249999999998,26.12892625
2026-09-06T23:50:00.000Z,MCT2408055,15.585833,73.885556,27.3125,50.178750000000015,863.125,89.40700749999998,8.965,6.760000000000001,12.765,37.294999999999995,20.788749999999997,1.455,26.074630625
2026-09-07T00:00:00.000Z,MCT2408055,15.585833,73.885556,24.6875,45.830000000000005,890.5625,89.51906625000002,9.028125000000001,7.155000000000001,11.1025,32.400625,18.064375,1.336875,26.062564375
2026-09-07T00:10:00.000Z,MCT2408055,15.585833,73.885556,25.125,45.830000000000005,899.875,89.63112187500003,9.14625,6.825,11.32125,33.058125,18.487499999999997,1.226875,26.00424625000001
2026-09-07T00:20:00.000Z,MCT2408055,15.585833,73.885556,27.875,45.830000000000005,895.0625,89.61920000000002,9.042499999999999,6.895,13.333750000000002,38.363125,21.0875,1.31625,25.986818750000005
2026-09-07T00:23:34.546Z,MCT2408055,15.585833,73.885556,30.8,45.83,886.4,89.640564,9.026,6.678,15.522,44.472,24.266,1.1199999999999999,25.969122
2026-09-06T23:30:00.000Z,MCT2408053,15.263333,74.110833,45.72727272727273,218.37939090909092,737.0909090909091,92.33873636363636,19.85363636363636,30.215454545454545,4.590000000000001,14.317272727272728,8.715454545454547,6.490909090909091,26.524290909090904
2026-09-06T23:40:00.000Z,MCT2408053,15.263333,74.110833,42.4,176.86488666666665,790.1333333333333,92.32509400000002,17.016,31.43133333333333,9.121333333333332,29.363333333333337,17.898,6.097333333333332,26.564007333333336
2026-09-06T23:50:00.000Z,MCT2408053,15.263333,74.110833,42.6875,169.49745625,741.6875,92.04201249999998,17.410625,30.985624999999995,8.83875,28.256250000000005,17.271875,6.234375,26.559940625
2026-09-07T00:00:00.000Z,MCT2408053,15.263333,74.110833,45.375,189.41441875,792.9375,92.29092000000003,19.642499999999995,31.414374999999996,7.060625,23.150624999999994,14.591249999999997,6.375624999999999,26.492909374999996
2026-09-07T00:10:00.000Z,MCT2408053,15.263333,74.110833,43.75,187.26701874999995,772.8125,92.36196999999999,18.184375000000003,31.895,6.6018750000000015,22.728125,14.805,6.133749999999999,26.439284375000003
2026-09-07T00:20:00.000Z,MCT2408053,15.263333,74.110833,44.5,183.61204375,762.9375,92.22082437499998,18.92875,31.578749999999996,7.748125,25.644375000000004,16.004375,6.364375000000002,26.404429375
2026-09-07T00:23:34.720Z,MCT2408053,15.263333,74.110833,41.5,171.30443333333332,771.8333333333334,92.39121333333333,16.403333333333332,30.73333333333333,10.558333333333334,34.68,21.618333333333336,6.373333333333334,26.35951833333333
2026-09-06T23:30:00.000Z,MCT2408052,15.444425,74.063856,41.90909090909091,160,744.5454545454545,89.34454545454545,3.636746636363637,8,16.784545454545455,44.60818181818182,19.834545454545456,2,26.591568181818182
2026-09-06T23:40:00.000Z,MCT2408052,15.444425,74.063856,43.0625,160,742.25,89.32880875000001,3.697675500000001,8,17.644375,47.06937500000001,21.013125,2,26.641047499999996
2026-09-06T23:50:00.000Z,MCT2408052,15.444425,74.063856,42.1875,160,746.8125,89.49713125000002,3.6610965625,8,17.07875,45.388124999999995,20.171875,2,26.637024999999998
2026-09-07T00:00:00.000Z,MCT2408052,15.444425,74.063856,39.875,160,741.25,89.51191375,3.5996929375000004,8,15.240624999999998,40.559375,18.058125,2,26.671212500000003
2026-09-07T00:10:00.000Z,MCT2408052,15.444425,74.063856,37.375,160,748.4375,89.56627250000004,3.6538158125000004,8,13.4,35.92625,16.179375,2,26.683948124999993
2026-09-07T00:20:00.000Z,MCT2408052,15.444425,74.063856,37.9375,160,742.375,89.61061812500002,3.664824687500001,8,14.0075,37.52187500000001,16.805625,2,26.67657562499999
2026-09-07T00:23:34.720Z,MCT2408052,15.444425,74.063856,38.2,160,735.2,89.53528,3.6609124,8,14.316000000000003,38.550000000000004,17.398,2,26.689846
2026-09-06T23:30:00.000Z,MCT2408021,15.500556,74.053333,49.6,375,535.8,87.78967300000002,21.19,14.371779,4.241,14.346,9.62,4.2170000000000005,26.482855999999998
2026-09-06T23:40:00.000Z,MCT2408021,15.500556,74.053333,49.4375,375,537.875,87.79625500000003,21.14,14.473729999999998,4.316875,14.102499999999996,9.286249999999999,4.2924999999999995,26.483524375
2026-09-06T23:50:00.000Z,MCT2408021,15.500556,74.053333,49.25,375,536,87.90401874999998,21.0675,14.370637499999999,3.959374999999999,12.716249999999999,8.24375,4.33125,26.486876874999997
2026-09-07T00:00:00.000Z,MCT2408021,15.500556,74.053333,49.4375,375,538.0625,87.951225,21.145625,14.360636875,3.988749999999999,12.607500000000002,8.095625000000002,4.28125,26.482184999999998
2026-09-07T00:10:00.000Z,MCT2408021,15.500556,74.053333,49.3125,375,541,87.94311999999996,21.117500000000003,14.301238749999998,4.851875,15.325625,9.8225,4.268125,26.454701875
2026-09-07T00:20:00.000Z,MCT2408021,15.500556,74.053333,55.06666666666667,375,541.4666666666667,88.05466666666666,21.046,14.279784,17.491333333333333,53.828,33.842,4.074,26.375247333333334
2026-09-07T00:23:34.731Z,MCT2408021,15.500556,74.053333,49.5,375,543.6666666666666,88.09713666666669,21.231666666666666,14.261348333333332,9.126666666666667,28.334999999999997,17.936666666666667,4.2,26.343429999999998
2026-09-06T23:30:00.000Z,MCT2408043,15.221111,74.087222,33,191.44000000000003,695.8181818181819,86.98359181818182,14.224545454545451,10.41909090909091,7.369090909090909,24.46272727272727,13.508181818181818,5.29,26.517466363636366
2026-09-06T23:40:00.000Z,MCT2408043,15.221111,74.087222,33,189.57,670.7333333333333,87.09438066666667,14.239333333333333,10.371333333333332,9.035333333333334,28.582666666666668,15.455333333333336,5.290000000000001,26.53183333333333
2026-09-06T23:50:00.000Z,MCT2408043,15.221111,74.087222,33.0625,182.97249999999997,659.9375,87.0867175,14.246874999999998,10.424375000000001,10.9225,33.715625,18.014375,5.290000000000001,26.589434375000007
2026-09-07T00:00:00.000Z,MCT2408043,15.221111,74.087222,38.75,178.25312499999998,682.375,87.0418975,14.246874999999998,10.498125,15.9875,48.28062499999999,24.82125,5.290000000000001,26.662498124999992
2026-09-07T00:10:00.000Z,MCT2408043,15.221111,74.087222,35.93333333333333,178.15399999999997,686.2666666666667,86.95756066666668,14.211999999999996,10.485999999999997,14.015333333333333,42.657999999999994,22.12066666666666,5.290000000000001,26.727031999999998
2026-09-07T00:20:00.000Z,MCT2408043,15.221111,74.087222,33.3125,183.06625,688.4375,86.93365500000002,14.213749999999996,10.425625,10.844375,34.036249999999995,18.333750000000002,5.290000000000001,26.698025624999996
2026-09-07T00:23:34.731Z,MCT2408043,15.221111,74.087222,33,191.07000000000002,683.5,86.95781166666666,14.256666666666668,10.403333333333334,9.709999999999999,30.47,16.650000000000002,5.29,26.641943333333334
2026-09-06T23:30:00.000Z,MCT2408051,15.486528,74.033889,51.7,305.399,828.6,95.34887600000002,21.907999999999998,5.1899999999999995,6.964,22.621000000000002,12.693999999999999,4.39,26.247978
2026-09-06T23:40:00.000Z,MCT2408051,15.486528,74.033889,51.4375,302.60874999999993,823.125,95.39274625000002,21.744375,5.1899999999999995,7.4625,24.044999999999998,13.38,4.39,26.256289375
2026-09-06T23:50:00.000Z,MCT2408051,15.486528,74.033889,51.5625,302.398125,823.5,95.52721562500003,21.818125,5.1899999999999995,7.266249999999999,22.99625,12.639999999999999,4.39,26.267013750000004
2026-09-07T00:00:00.000Z,MCT2408051,15.486528,74.033889,51.6875,300.94875,829.875,95.41324937499998,21.90125,5.1899999999999995,6.84,21.945625,12.173124999999999,4.39,26.232828750000007
2026-09-07T00:10:00.000Z,MCT2408051,15.486528,74.033889,51.875,298.366875,844.6875,95.462840625,22.00875,5.1899999999999995,7.03375,22.490625,12.446874999999997,4.39,26.14702625
2026-09-07T00:20:00.000Z,MCT2408051,15.486528,74.033889,51.6875,296.39875,837.1875,96.30541375000001,21.888750000000005,5.1899999999999995,7.46125,24.044375000000002,13.303124999999998,4.39,25.906380625
2026-09-07T00:23:34.737Z,MCT2408051,15.486528,74.033889,51.833333333333336,300.61833333333334,832.8333333333334,96.13597666666668,21.971666666666664,5.19,7.7700000000000005,25.27333333333333,14.103333333333333,4.39,25.973411666666667
2026-09-06T23:30:00.000Z,MCT2408050,15.553611,73.958333,33.72727272727273,86.02999999999999,634.2727272727273,92.6425209090909,11.26090909090909,3.943636363636364,14.110909090909091,44.42,23.732727272727274,2.566363636363637,26.074810909090903
2026-09-06T23:40:00.000Z,MCT2408050,15.553611,73.958333,34.1875,86.02999999999999,644.1875,92.53410625000001,11.24625,4.08625,14.366875,45.1375,24.02375,2.550625,26.155739999999998
2026-09-06T23:50:00.000Z,MCT2408050,15.553611,73.958333,36.625,86.09999999999998,643.6875,92.40869937500001,10.903125000000003,4.3237499999999995,15.956875000000004,49.966875,26.578125000000007,1.9662500000000003,26.208027499999996
2026-09-07T00:00:00.000Z,MCT2408050,15.553611,73.958333,36.25,86.02999999999999,638.1875,92.54507375,11.041250000000002,4.331875,15.587500000000002,49.433125000000004,26.472499999999997,2.298125,26.177191874999995
2026-09-07T00:10:00.000Z,MCT2408050,15.553611,73.958333,35,86.02999999999999,653.375,92.65426937500001,11.244375000000003,3.98125,14.951250000000002,47.01562500000001,25.14125,2.96875,26.100101250000005
2026-09-07T00:20:00.000Z,MCT2408050,15.553611,73.958333,35.375,86.02999999999999,653.5625,92.74773000000002,11.259375,4.092499999999999,15.004375000000001,47.44500000000001,25.459374999999994,2.89375,26.039103124999997
2026-09-07T00:23:34.918Z,MCT2408050,15.553611,73.958333,37,86.03,646.2,92.77471799999998,11.238,4.118,16.624000000000002,51.010000000000005,26.536,2.2800000000000002,26.022746
2026-09-06T23:30:00.000Z,MCT2408034,15.356389,74.123611,24.5,180,544,76.62109749999999,6.150000000000001,4.996875000000001,6.379999999999999,20.279999999999998,10.899999999999999,1.2799999999999996,30.486666874999997
2026-09-06T23:40:00.000Z,MCT2408034,15.356389,74.123611,24.875,180,551.6666666666666,76.65145625000004,6.150000000000002,5.47625,6.417916666666666,20.747916666666665,11.32875,1.2841666666666665,30.499402083333326
2026-09-06T23:50:00.000Z,MCT2408034,15.356389,74.123611,24.8,180,543.8,76.54516680000002,6.176000000000003,5.3,6.4891999999999985,20.7428,11.25,1.3135999999999999,30.4710876
2026-09-07T00:00:00.000Z,MCT2408034,15.356389,74.123611,24.28,180,541.8,76.49939039999998,6.150000000000002,5.976400000000001,6.416399999999998,20.0288,10.611200000000002,1.3388,30.411028800000008
2026-09-07T00:10:00.000Z,MCT2408034,15.356389,74.123611,26.08,180,544.6,76.76153599999999,6.169600000000003,5.0152,7.144399999999999,23.1096,12.789599999999998,1.1931999999999998,30.389148799999997
2026-09-07T00:20:00.000Z,MCT2408034,15.356389,74.123611,24.708333333333332,180,547.7083333333334,76.79419166666669,6.150000000000002,5.8516666666666675,6.455833333333331,20.5525,11.094166666666666,1.3024999999999995,30.37964
2026-09-07T00:23:34.918Z,MCT2408034,15.356389,74.123611,26.333333333333332,180,557.7777777777778,76.51868222222222,6.1499999999999995,5.742222222222222,7.087777777777777,23.653333333333332,13.333333333333334,1.3411111111111111,30.35997777777778
2026-09-06T23:30:00.000Z,MCT2408029,15.333611,74.206944,12.3,120,599.5,92.36044300000002,3.6979999999999995,7.188,3.825,12.773,7.4719999999999995,3.503,26.274790000000003
2026-09-06T23:40:00.000Z,MCT2408029,15.333611,74.206944,12.3125,120,597.375,92.25992562500001,2.963125,7.36,3.7512499999999998,12.065624999999999,6.801875000000001,3.591875,26.259639375
2026-09-06T23:50:00.000Z,MCT2408029,15.333611,74.206944,12.1875,120,604.5,92.29521125000001,3.2537499999999997,7.325,3.5300000000000002,11.813125,6.838750000000001,3.535,26.181884375000003
2026-09-07T00:00:00.000Z,MCT2408029,15.333611,74.206944,12.125,120,602.75,92.36053812500002,3.0993749999999993,7.288750000000001,3.6037500000000002,11.632499999999999,6.5806249999999995,3.5,26.120211875
2026-09-07T00:10:00.000Z,MCT2408029,15.333611,74.206944,12.0625,120,596.5,92.35576937500002,2.8962499999999998,7.2775,3.4562500000000003,11.271875000000001,6.396249999999999,3.5,26.053851250000008
2026-09-07T00:20:00.000Z,MCT2408029,15.333611,74.206944,12.4375,120,596.875,92.24752812499999,3.2643750000000002,7.1975,3.271874999999999,10.658125,6.175625,3.5,26.028378125
2026-09-07T00:23:34.924Z,MCT2408029,15.333611,74.206944,12.166666666666666,120,593.1666666666666,92.32254999999999,3.2383333333333333,7.396666666666667,3.1366666666666667,9.923333333333334,5.586666666666666,3.5,25.978775000000002
2026-09-06T23:30:00.000Z,MCT2408030,15.142519,74.075003,28,163,569,83.154815,8.867,6.200000000000001,9.370000000000001,24.639999999999997,12.31,4.414,25.944455999999995
2026-09-06T23:40:00.000Z,MCT2408030,15.142519,74.075003,28,163,572.2666666666667,83.21203399999999,8.673333333333336,6.200000000000002,9.370000000000001,24.639999999999993,12.31,4.373333333333333,25.98199199999999
2026-09-06T23:50:00.000Z,MCT2408030,15.142519,74.075003,28,163.02715625,565.625,83.22862875000001,8.66125,6.200000000000002,9.370000000000001,24.639999999999993,12.31,4.454375000000001,26.035752500000005
2026-09-07T00:00:00.000Z,MCT2408030,15.142519,74.075003,28,163.0682733333333,551.9333333333333,83.178466,8.567333333333334,6.200000000000002,9.370000000000001,24.639999999999993,12.31,4.294666666666667,26.143584666666666
2026-09-07T00:10:00.000Z,MCT2408030,15.142519,74.075003,28,163.01746875,555.6875,83.14375562499998,8.65,6.200000000000002,9.370000000000001,24.639999999999993,12.31,4.277500000000002,26.24556500000001
2026-09-07T00:20:00.000Z,MCT2408030,15.142519,74.075003,28,163,554.8,83.12302933333332,8.679333333333336,6.200000000000002,9.370000000000001,24.639999999999993,12.31,4.172666666666666,26.297311333333322
2026-09-07T00:23:34.924Z,MCT2408030,15.142519,74.075003,28,163,559.1666666666666,83.09098333333333,8.791666666666666,6.2,9.37,24.64,12.31,4.403333333333333,26.314831666666667
2026-09-06T23:30:00.000Z,MCT2408023,15.499722,74.020833,37.9,176.382,510.8,92.27651899999998,7.8870000000000005,18.894,9.759,34.32000000000001,23.634999999999998,3.2950000000000004,25.348139
2026-09-06T23:40:00.000Z,MCT2408023,15.499722,74.020833,37.4375,166.84562499999998,510.4375,92.30093499999998,7.508749999999999,18.703125,9.1875,33.08562500000001,23.01875,2.9756250000000004,25.346664999999998
2026-09-06T23:50:00.000Z,MCT2408023,15.499722,74.020833,39.875,163.20437499999997,514.125,92.26946125,7.936249999999999,18.456249999999997,12.11875,40.210625,26.009375000000002,3.301875,25.354038749999994
2026-09-07T00:00:00.000Z,MCT2408023,15.499722,74.020833,36.0625,175.54312500000003,518.6875,92.23989624999997,8.128124999999999,17.711875000000003,8.790625000000002,31.34625,21.478125,3.300625,25.333929374999997
2026-09-07T00:10:00.000Z,MCT2408023,15.499722,74.020833,35.0625,180.061875,524.875,92.22082749999998,8.213125,18.565624999999997,8.395000000000001,29.763125,20.3,3.0424999999999995,25.33593875
2026-09-07T00:20:00.000Z,MCT2408023,15.499722,74.020833,38.875,176.60562500000003,516.4375,92.25324999999998,8.186875,18.22375,10.535,36.56812500000001,24.740625,3.1906250000000003,25.309128750000006
2026-09-07T00:23:34.934Z,MCT2408023,15.499722,74.020833,39,176.38600000000002,522.6,92.23913399999999,8.286,18.17,10.646,36.726000000000006,24.65,3.4979999999999998,25.29773
2026-09-06T23:30:00.000Z,MCT2408040,15.528056,74.020833,18.9,100,543.2,88.918826,8.008,4.845000000000001,3.07,8.629999999999999,3.978,3.5,26.71345
2026-09-06T23:40:00.000Z,MCT2408040,15.528056,74.020833,18.9375,100,539.875,88.90585500000002,7.900625000000002,4.798125,3.07,8.72625,4.0925,3.5,26.71345000000001
2026-09-06T23:50:00.000Z,MCT2408040,15.528056,74.020833,18.8125,100,536,88.87247375000001,7.888125000000001,4.84,3.10375,8.923750000000002,4.1675,3.5,26.72283000000001
2026-09-07T00:00:00.000Z,MCT2408040,15.528056,74.020833,18.9375,100,545.5625,88.86293625000002,8.20625,4.826875000000001,3.07,8.90125,4.1925,3.5,26.715460000000007
2026-09-07T00:10:00.000Z,MCT2408040,15.528056,74.020833,19.0625,100,548.375,88.86579750000001,8.038125,4.861875,3.07,8.770000000000001,4.091875,3.5,26.638368125
2026-09-07T00:20:00.000Z,MCT2408040,15.528056,74.020833,19.25,100,552.125,88.88344187499999,8.190000000000001,4.8500000000000005,3.07,8.704374999999999,4.045,3.5,26.558599375
2026-09-07T00:23:35.120Z,MCT2408040,15.528056,74.020833,18.8,100,556.8,88.918826,8.116,4.848000000000001,3.07,8.7,3.9959999999999996,3.5,26.501086000000004
2026-09-06T23:30:00.000Z,MCT2408027,15.275556,74.1075,24.7,1165.9320000000002,637.6,90.839906,6.58,13.086000000000004,8.385000000000002,25.629,13.834,2.9499999999999997,26.806752999999997
2026-09-06T23:40:00.000Z,MCT2408027,15.275556,74.1075,23.6875,1171.3374999999999,653.4375,90.83418437499998,6.579999999999999,13.125000000000004,7.456875,23.779375000000005,13.279375000000002,2.9500000000000006,26.797234375
2026-09-06T23:50:00.000Z,MCT2408027,15.275556,74.1075,23.6875,1174.065,625.375,90.87042187499999,6.579999999999999,12.969375000000003,7.3950000000000005,23.350625,13.031874999999996,2.9500000000000006,26.760369374999993
2026-09-07T00:00:00.000Z,MCT2408027,15.275556,74.1075,23.75,1176.226875,637,90.91667437499999,6.579999999999999,13.055000000000001,7.643125,23.718750000000004,13.03125,2.9500000000000006,26.710765
2026-09-07T00:10:00.000Z,MCT2408027,15.275556,74.1075,23.5,1170.0843750000001,632.1875,90.92001187499999,6.579999999999999,13.116250000000003,7.273125000000002,23.22625,12.909374999999999,2.9500000000000006,26.731545624999995
2026-09-07T00:20:00.000Z,MCT2408027,15.275556,74.1075,23.6875,1169.5449999999998,640.125,90.89951062499998,6.579999999999999,12.913125000000004,7.518750000000002,23.535000000000004,13.033125,2.9500000000000006,26.739589374999998
2026-09-07T00:23:35.120Z,MCT2408027,15.275556,74.1075,23.333333333333332,1160.93,671.3333333333334,90.87296500000001,6.579999999999999,13.180000000000001,7.064999999999999,22.83666666666667,12.846666666666666,2.9499999999999997,26.720596666666665
2026-09-06T23:30:00.000Z,MCT2408049,15.475278,74.055833,56.90909090909091,150.81447272727272,578.6363636363636,86.93642818181819,24.390909090909087,13.056363636363637,10.801818181818183,32.31272727272727,16.74,2.61,26.692967272727273
2026-09-06T23:40:00.000Z,MCT2408049,15.475278,74.055833,56.5625,152.47626874999997,567.5625,86.88692437499999,24.175000000000004,13.705625000000001,10.494375,31.646874999999998,16.446875,2.61,26.723500625000007
2026-09-06T23:50:00.000Z,MCT2408049,15.475278,74.055833,56.625,150.6628,572.4375,86.9355625,24.234375,13.488125,10.159375,31.025000000000006,16.350625,2.61,26.766403125000007
2026-09-07T00:00:00.000Z,MCT2408049,15.475278,74.055833,56.6875,150.0026375,584.5625,87.07432187500001,24.235000000000007,13.092500000000001,12.603125,37.774375,19.755625000000002,2.61,26.788521250000002
2026-09-07T00:10:00.000Z,MCT2408049,15.475278,74.055833,56.6875,150.94145625,583.125,86.92888749999997,24.293125,13.48,17.824375,51.71,26.229999999999997,2.61,26.764391250000003
2026-09-07T00:20:00.000Z,MCT2408049,15.475278,74.055833,56.5625,150.45226875,574.875,87.01710312499998,24.158125000000002,12.708124999999999,16.818749999999998,49.07625000000001,24.983749999999997,2.61,26.66384
2026-09-07T00:23:35.121Z,MCT2408049,15.475278,74.055833,57,151.48664,584.2,87.046572,24.564,13.814000000000002,16.254,48.11,24.857999999999997,2.61,26.627639999999996
2026-09-06T23:30:00.000Z,MCT2408044,15.313669,74.140042,24.1,214.29000000000002,612.2,95.20392000000001,10.723,3.372,4.597,12.85,7.786000000000001,3.1674359,25.210859999999997
2026-09-06T23:40:00.000Z,MCT2408044,15.313669,74.140042,24.25,214.29,603.875,95.19056749999999,10.799999999999999,3.419375,4.0218750000000005,11.53125,7.06375,3.1074519374999996,25.207240624999994
2026-09-06T23:50:00.000Z,MCT2408044,15.313669,74.140042,24.2,214.29,600.8666666666667,95.21002399999999,10.785333333333334,3.479999999999999,3.9453333333333327,11.6,7.209999999999999,3.3386325999999995,25.174037333333334
2026-09-07T00:00:00.000Z,MCT2408044,15.313669,74.140042,24.125,214.29,593.1875,95.20391999999998,10.751249999999997,3.5606250000000004,3.698125,10.59375,6.456249999999999,3.0426283124999998,25.144231875000003
2026-09-07T00:10:00.000Z,MCT2408044,15.313669,74.140042,24,214.29,571.875,95.19724375,10.655000000000001,3.5400000000000005,3.8062499999999995,11.09375,6.8275,3.2617788750000005,25.08457125
2026-09-07T00:20:00.000Z,MCT2408044,15.313669,74.140042,24.2,214.29,574.3333333333334,95.191712,10.744666666666665,3.526666666666667,3.9073333333333333,11.1,6.706,3.3342733333333334,25.058203333333328
2026-09-07T00:23:35.130Z,MCT2408044,15.313669,74.140042,24.333333333333332,214.29,574.3333333333334,95.18866000000001,10.83,3.4766666666666666,3.83,11.166666666666666,6.8500000000000005,2.7675213333333333,25.049263333333332
2026-09-06T23:30:00.000Z,MCT2408046,15.529167,74.07,30.9375,95.52,650.0625,85.9022575,13.268125000000003,0.7918750000000001,5.217500000000001,15.272500000000003,7.5218750000000005,3.4949999999999997,27.608990625000004
2026-09-06T23:40:00.000Z,MCT2408046,15.529167,74.07,31,95.52,644.88,85.89147919999999,13.242800000000004,0.786,5.211200000000002,15.150800000000002,7.353600000000004,3.4528,27.622075199999998
2026-09-06T23:50:00.000Z,MCT2408046,15.529167,74.07,30.88,95.52,652.76,85.90399200000002,13.283599999999996,0.8104000000000002,7.181199999999998,21.020799999999998,10.015999999999998,3.4736000000000007,27.586038399999993
2026-09-07T00:00:00.000Z,MCT2408046,15.529167,74.07,30.92,95.52,660.44,86.00317399999999,13.205200000000001,0.8276,5.639599999999999,16.974000000000004,8.491600000000004,3.5304,27.542281600000006
2026-09-07T00:10:00.000Z,MCT2408046,15.529167,74.07,30.88,95.52,662.36,85.7230212,13.205200000000005,0.8008000000000002,5.765599999999998,16.929200000000005,8.4444,3.4896,27.57316919999999
2026-09-07T00:20:00.000Z,MCT2408046,15.529167,74.07,30.84,95.52,663.04,85.81030280000004,13.221200000000001,0.8091999999999999,6.6244,19.7324,9.604000000000001,3.5787999999999998,27.51139319999999
2026-09-07T00:23:35.130Z,MCT2408046,15.529167,74.07,30.88888888888889,95.52,664.2222222222222,85.92996555555555,13.208888888888888,0.8266666666666667,5.62,17.03222222222222,8.603333333333332,3.4488888888888893,27.46420333333333
2026-09-06T23:30:00.000Z,MCT2408037,15.394444,74.118333,25.2,160,544.5,85.516876,10.581,14.456,5.352000000000001,20.035,10.714999999999998,3.725,26.759565000000002
2026-09-06T23:40:00.000Z,MCT2408037,15.394444,74.118333,25.1875,160,527.875,85.5684675,10.396874999999998,14.464375,5.389375,19.625625,10.255625,3.65375,26.730205624999993
2026-09-06T23:50:00.000Z,MCT2408037,15.394444,74.118333,25.375,160,528.3125,85.645720625,10.646249999999998,14.441875,5.203125000000001,19.3175,10.1625,3.828125,26.689311250000006
2026-09-07T00:00:00.000Z,MCT2408037,15.394444,74.118333,25.375,160,523.0625,85.65621000000002,10.580625,14.423749999999998,5.9,22.18125,11.896250000000002,3.808125,26.715457500000003
2026-09-07T00:10:00.000Z,MCT2408037,15.394444,74.118333,25.1875,160,513.9375,85.85552625000001,10.507500000000002,14.440624999999999,6.504375,23.713749999999997,12.505625000000002,3.661875,26.71880687499999
2026-09-07T00:20:00.000Z,MCT2408037,15.394444,74.118333,25.5625,160,511.6875,85.75539062499999,10.658125000000002,14.37625,6.411250000000001,23.611874999999998,12.552500000000002,3.5618749999999997,26.748973749999998
2026-09-07T00:23:35.318Z,MCT2408037,15.394444,74.118333,25.166666666666668,160,531,85.79560333333335,10.42,14.493333333333334,6.8133333333333335,24.121666666666666,12.24,3.6350000000000002,26.738471666666666
2026-09-06T23:30:00.000Z,MCT2408042,15.213889,74.071667,61.7,265.15,496.4,89.773316,26.478,13.108,4.914,15.594999999999999,8.472999999999999,3.383,26.940818
2026-09-06T23:40:00.000Z,MCT2408042,15.213889,74.071667,60.75,267.520625,507.8125,89.6931125,25.8975,13.04875,5.289374999999999,16.644999999999996,8.8825,3.406875,26.984253750000004
2026-09-06T23:50:00.000Z,MCT2408042,15.213889,74.071667,61.25,266.92437500000005,510.9375,89.57771687500001,26.217499999999998,13.028749999999999,5.630624999999999,17.555625,9.337499999999999,3.6175,26.995649374999992
2026-09-07T00:00:00.000Z,MCT2408042,15.213889,74.071667,60.9375,263.991875,518.625,89.73316625000001,26.03,12.8225,6.02875,18.18375,9.45125,3.7668749999999998,26.946046875000004
2026-09-07T00:10:00.000Z,MCT2408042,15.213889,74.071667,61.1875,250.88625,533.25,89.832824375,26.189999999999998,12.93375,6.5975,20.290625,10.873125000000003,3.72875,26.947388125000007
2026-09-07T00:20:00.000Z,MCT2408042,15.213889,74.071667,61.375,254.9025,542.25,89.85809375,26.309999999999995,13.230624999999998,6.654375,19.893749999999997,10.475,3.729375,26.877003125000005
2026-09-07T00:23:35.318Z,MCT2408042,15.213889,74.071667,61.166666666666664,251.88666666666668,546.8333333333334,89.84553666666666,26.176666666666662,13.078333333333333,6.521666666666667,19.456666666666667,10.171666666666667,4.053333333333334,26.85466
2026-09-06T23:30:00.000Z,MCT2408033,15.346944,74.007778,19.90909090909091,110.59317272727272,542.5454545454545,90.18516636363637,7.966363636363638,4.541818181818183,4.5172727272727276,11.793636363636363,7.328181818181818,4.39,26.23764272727273
2026-09-06T23:40:00.000Z,MCT2408033,15.346944,74.007778,20.1875,110.04663124999999,562.375,90.19045374999999,8.295000000000002,4.632499999999999,3.750000000000001,10.28875,6.54375,4.39,26.246235625
2026-09-06T23:50:00.000Z,MCT2408033,15.346944,74.007778,20.1875,110.867325,537.4375,90.27056249999998,8.275000000000002,4.493125000000001,3.5618750000000006,9.58375,5.953750000000001,4.39,26.264334375000008
2026-09-07T00:00:00.000Z,MCT2408033,15.346944,74.007778,19.625,110.2198625,543.9375,90.387865,7.8575,4.556875000000001,4.355625000000001,11.504999999999999,7.170625000000001,4.39,26.291146249999997
2026-09-07T00:10:00.000Z,MCT2408033,15.346944,74.007778,20.125,110,537.8125,90.30155562499998,8.319375000000003,4.4818750000000005,5.454375000000001,14.197499999999998,8.824375000000002,4.39,26.334045624999998
2026-09-07T00:20:00.000Z,MCT2408033,15.346944,74.007778,20.1875,110,554.625,90.17376437499999,8.318749999999998,4.70375,7.915624999999999,20.7375,12.682499999999997,4.39,26.355497500000002
2026-09-07T00:23:35.321Z,MCT2408033,15.346944,74.007778,19.8,110,506.6,90.21581800000001,7.744,4.609999999999999,7.029999999999999,18.46,11.409999999999998,4.39,26.329487999999998
2026-09-06T23:30:00.000Z,MCT2408024,15.148056,74.131667,41.3125,218.20057500000001,784.6875,81.11433250000002,18.121081874999998,5.772006,6.308749999999999,19.865000000000002,10.615,2.53125,27.117646875
2026-09-06T23:40:00.000Z,MCT2408024,15.148056,74.131667,41.5,218.49604999999997,691.125,81.22273416666664,18.371644583333335,5.892256125000002,5.915,19.03166666666667,10.365000000000004,2.540833333333333,27.11474000000001
2026-09-06T23:50:00.000Z,MCT2408024,15.148056,74.131667,40.96,217.61495599999998,785.52,81.1881116,17.857674000000003,5.772006000000001,6.553999999999999,20.230000000000004,10.750000000000002,2.5372000000000003,27.189638399999993
2026-09-07T00:00:00.000Z,MCT2408024,15.148056,74.131667,41,218.532876,785.12,81.12860040000001,17.867704,5.741125760000001,5.3988,16.710000000000004,9.030000000000003,2.5315999999999996,27.188780800000007
2026-09-07T00:10:00.000Z,MCT2408024,15.148056,74.131667,41.48,218.303844,681.36,81.32696720000003,18.260866000000004,5.887446120000002,5.24,16.190000000000005,8.710000000000003,2.5344000000000007,27.162612399999997
2026-09-07T00:20:00.000Z,MCT2408024,15.148056,74.131667,41.416666666666664,218.70612916666664,781.0416666666666,81.18935541666667,18.153733750000004,5.980339333333336,5.166666666666667,15.823333333333338,8.490000000000002,2.5383333333333336,27.18713416666667
2026-09-07T00:23:35.326Z,MCT2408024,15.148056,74.131667,41.55555555555556,218.5965111111111,783.7777777777778,81.40827777777777,18.392647777777782,5.772005999999999,5,15.101111111111111,8.101111111111111,2.533333333333333,27.163900000000005
2026-09-06T23:30:00.000Z,MCT2408045,15.619444,73.878889,26.6,178.11999999999998,692.2,85.795352,10.605,16.929000000000002,4.027000000000001,13.519,7.013,2.5300000000000002,26.549349999999997
2026-09-06T23:40:00.000Z,MCT2408045,15.619444,73.878889,26.75,178.11999999999995,705.125,85.85647937499996,10.765,16.811875,4.2787500000000005,14.545000000000002,7.635,2.5300000000000002,26.4647575
2026-09-06T23:50:00.000Z,MCT2408045,15.619444,73.878889,27.125,178.11999999999995,690.875,85.95661562499997,11.043750000000001,16.89625,5.915625,20.066875,10.31875,2.5300000000000002,26.356165625
2026-09-07T00:00:00.000Z,MCT2408045,15.619444,73.878889,27.3125,178.11999999999995,703.0625,86.10920375,11.089375000000002,17.051875,7.299374999999999,25.161875000000002,13.042499999999999,2.5300000000000002,26.265003749999998
2026-09-07T00:10:00.000Z,MCT2408045,15.619444,73.878889,27.1875,178.11999999999995,709,86.29469375,11.008750000000003,16.805,7.204999999999999,24.449374999999993,12.544999999999998,2.5300000000000002,26.204675625000007
2026-09-07T00:20:00.000Z,MCT2408045,15.619444,73.878889,26.9375,178.11999999999995,720,86.45109500000002,10.849375000000002,16.87875,7.487499999999998,25.662499999999998,13.218749999999996,2.5300000000000002,26.142333125000004
2026-09-07T00:23:35.519Z,MCT2408045,15.619444,73.878889,27.5,178.12,718.3333333333334,86.52802833333334,11.199999999999998,16.826666666666664,7.968333333333334,27.37833333333333,14.325000000000001,2.53,26.086025000000003
2026-09-06T23:30:00.000Z,MCT2408036,15.171567,74.067106,35.7,120,569.7,91.60055500000001,9.972,8.089000000000002,5.156000000000001,14.893,7.803,10.748,26.154667999999997
2026-09-06T23:40:00.000Z,MCT2408036,15.171567,74.067106,35.5625,120,577.5625,92.05870124999998,10.159374999999999,8.107499999999998,4.702499999999999,13.836249999999998,7.345624999999999,10.774375000000001,26.042454375
2026-09-06T23:50:00.000Z,MCT2408036,15.171567,74.067106,35.5,120,576,92.04773249999998,10.21,7.8812500000000005,3.979375,11.525625,6.047500000000001,10.648125,26.061893124999997
2026-09-07T00:00:00.000Z,MCT2408036,15.171567,74.067106,35.0625,120,574.875,92.10399937499999,9.96125,7.888124999999999,4.406875,12.759999999999998,6.680624999999999,10.415,26.043795624999998
2026-09-07T00:10:00.000Z,MCT2408036,15.171567,74.067106,35.6,120,576.3333333333334,92.22489466666664,10.048666666666666,8.056666666666667,5.7893333333333326,16.65,8.645333333333333,10.796000000000001,26.004871999999995
2026-09-07T00:20:00.000Z,MCT2408036,15.171567,74.067106,35.5625,120,565.0625,92.01006312499997,9.621875000000001,8.13625,4.5062500000000005,12.98,6.775625,10.674375000000001,25.99888375
2026-09-07T00:23:35.520Z,MCT2408036,15.171567,74.067106,36,120,565.1666666666666,92.07713833333334,10.128333333333332,7.965,4.033333333333333,11.228333333333333,5.740000000000001,11.016666666666666,25.926938333333336
2026-09-06T23:30:00.000Z,MCT2408022,15.475833,74.038889,34.5,150,483.9,90.851346,4.2829999999999995,11.337349,13.2,40.4,21.4,4.2495871,26.027036999999996
2026-09-06T23:40:00.000Z,MCT2408022,15.475833,74.038889,35.875,150,488.375,90.96865124999998,4.23375,11.319025625,13.875,43.25,23.1875,4.2666945,26.033069999999995
2026-09-06T23:50:00.000Z,MCT2408022,15.475833,74.038889,35.375,150,488.0625,90.91524625,4.104999999999999,11.190323125,13.75,42.375,22.5,4.2266871875,26.07529999999999
2026-09-07T00:00:00.000Z,MCT2408022,15.475833,74.038889,37.13333333333333,150,486.6,90.870424,4.167999999999999,11.290629333333332,14.533333333333333,45.733333333333334,24.666666666666668,4.246027600000001,26.080662000000004
2026-09-07T00:10:00.000Z,MCT2408022,15.475833,74.038889,87.3125,150,481.4375,90.77791625000002,4.071874999999999,11.081386875,44.125,134.3125,71,4.2169156249999995,26.081332500000002
2026-09-07T00:20:00.000Z,MCT2408022,15.475833,74.038889,83.25,150,480.1875,90.84514812499998,3.9362500000000002,11.317143125000001,43.3125,129.75,67.6875,4.157485374999999,26.029048749999998
2026-09-07T00:23:35.519Z,MCT2408022,15.475833,74.038889,85.16666666666667,150,483.8333333333333,90.93146,4.1816666666666675,11.062081666666666,45.5,140,74.66666666666667,4.236627666666667,25.998438333333336
2026-09-06T23:30:00.000Z,MCT2408032,15.525556,73.828611,35.375,204.29625,633.75,85.40062375,15.022499999999999,19.038750000000004,7.120000000000002,17.158749999999998,7.168124999999999,2.375,27.565420000000003
2026-09-06T23:40:00.000Z,MCT2408032,15.525556,73.828611,35.24,201.97240000000005,633.76,86.2683724,14.990800000000009,19.7288,7.120000000000002,17.297199999999997,7.306000000000003,2.2791999999999994,27.433315199999996
2026-09-06T23:50:00.000Z,MCT2408032,15.525556,73.828611,34.88,193.1232,638.56,86.94860799999996,14.570000000000002,19.5692,7.120000000000002,17.297199999999997,7.306000000000003,2.1255999999999995,27.37925840000001
2026-09-07T00:00:00.000Z,MCT2408032,15.525556,73.828611,35.36,183.99920000000003,647.12,87.44238199999998,14.966000000000006,19.720799999999993,7.176800000000002,18.718799999999998,8.608,2.048,27.37239480000001
2026-09-07T00:10:00.000Z,MCT2408032,15.525556,73.828611,35.08,178.92999999999995,642.64,87.41827319999999,14.796800000000008,19.805599999999995,7.176800000000002,19.8552,9.738400000000002,1.9995999999999996,27.392986400000005
2026-09-07T00:20:00.000Z,MCT2408032,15.525556,73.828611,35.08,178.92999999999995,609.84,86.50274680000001,14.764400000000002,19.854399999999995,7.518000000000002,23.7808,13.082000000000003,1.8780000000000001,27.679561599999996
2026-09-07T00:23:35.520Z,MCT2408032,15.525556,73.828611,35.22222222222222,178.93000000000004,606.8888888888889,85.66378444444445,14.803333333333333,19.981111111111108,7.593333333333332,24.970000000000002,14.00111111111111,1.8788888888888888,27.93849111111111
2026-09-06T23:30:00.000Z,MCT2408041,15.224628,74.171389,32.6,422.85107,587.6,90.88262800000001,13.523,9.700000000000001,8.090000000000002,20.25,8.900000000000002,7.827,26.297313999999993
2026-09-06T23:40:00.000Z,MCT2408041,15.224628,74.171389,32.625,425.2220375,570.375,90.81987812500002,13.665000000000003,9.7,8.090000000000002,20.25,8.900000000000002,7.831249999999999,26.315946875
2026-09-06T23:50:00.000Z,MCT2408041,15.224628,74.171389,32.375,421.26226875,572.4375,90.71545000000003,13.486874999999998,9.7,8.090000000000002,20.25,8.900000000000002,8.036249999999999,26.34879125
2026-09-07T00:00:00.000Z,MCT2408041,15.224628,74.171389,32.625,424.0211749999999,571.4375,90.64535500000001,13.620624999999999,9.7,8.090000000000002,20.25,8.900000000000002,8.02,26.368903749999998
2026-09-07T00:10:00.000Z,MCT2408041,15.224628,74.171389,32.5,425.77758125,563.625,90.6000575,13.608749999999997,9.7,8.090000000000002,20.25,8.900000000000002,8.055625,26.378287499999995
2026-09-07T00:20:00.000Z,MCT2408041,15.224628,74.171389,32.6875,415.13605,563.4375,90.54331249999998,13.574374999999998,9.7,8.090000000000002,20.75625,9.404375000000002,7.991250000000002,26.381639375
2026-09-07T00:23:35.672Z,MCT2408041,15.224628,74.171389,32.833333333333336,355.63868333333335,573.8333333333334,90.55507666666666,13.775,9.700000000000001,8.090000000000002,20.25,8.9,7.985,26.38097
2026-09-06T23:30:00.000Z,MCT2408039,15.163611,74.110833,29,322.03000000000003,564.3,86.617798,11.682,10.299999999999999,9.019999999999998,28.940000000000005,11.760000000000002,2.3000000000000003,26.45068
2026-09-06T23:40:00.000Z,MCT2408039,15.163611,74.110833,29.125,322.663125,559.125,86.67234875,12.47875,10.3,9.019999999999998,28.94,11.759999999999998,2.3,26.43124125
2026-09-06T23:50:00.000Z,MCT2408039,15.163611,74.110833,29.0625,321.28875000000005,565.0625,86.84687124999998,11.313749999999999,10.3,9.019999999999998,28.94,11.759999999999998,2.3,26.38901125
2026-09-07T00:00:00.000Z,MCT2408039,15.163611,74.110833,29.0625,320.39937499999996,541.625,86.88311125000001,11.415,10.3,9.019999999999998,28.94,11.759999999999998,2.3,26.368230625000002
2026-09-07T00:10:00.000Z,MCT2408039,15.163611,74.110833,29.0625,306.3525,547.9375,86.92173375,12.214374999999997,10.3,9.019999999999998,28.94,11.759999999999998,2.3,26.363539999999997
2026-09-07T00:20:00.000Z,MCT2408039,15.163611,74.110833,29.1875,310.768125,563.3125,86.913628125,10.897499999999999,10.3,9.019999999999998,28.94,11.759999999999998,2.3,26.354153750000002
2026-09-07T00:23:35.715Z,MCT2408039,15.163611,74.110833,29,313.7866666666667,565.1666666666666,86.96035666666667,11.594999999999999,10.299999999999999,9.019999999999998,28.94,11.76,2.3000000000000003,26.320193333333332
2026-09-06T23:30:00.000Z,MCT2408031,15.290833,74.149167,17.9,140,541.5,87.74313299999999,7.2639357,6.8792766,6.619,17.651,9.761999999999999,4.696,26.1847
2026-09-06T23:40:00.000Z,MCT2408031,15.290833,74.149167,17.75,140,543.9375,87.76764375000003,7.023595687499999,6.593355312499999,6.608125,17.555625,9.671249999999999,4.88375,26.17451125
2026-09-06T23:50:00.000Z,MCT2408031,15.290833,74.149167,17.8125,140,550.1875,87.77527437500001,7.2195680625,7.1172500625,6.309374999999998,16.630625000000002,9.077499999999999,4.783125,26.142333750000006
2026-09-07T00:00:00.000Z,MCT2408031,15.290833,74.149167,17.8125,140,548.5,87.77861250000004,7.169024375,6.7584671875,6.070624999999998,16.060000000000002,8.81,5.005624999999998,26.120211249999993
2026-09-07T00:10:00.000Z,MCT2408031,15.290833,74.149167,17.8125,140,560.375,87.73044812500001,7.257179,6,5.830624999999999,15.190624999999999,8.275624999999998,4.899374999999999,26.086696249999996
2026-09-07T00:20:00.000Z,MCT2408031,15.290833,74.149167,17.846153846153847,140,567.6923076923077,87.69483307692309,7.276019923076924,6.696326,6.1899999999999995,16.12076923076923,8.717692307692307,4.826153846153847,26.053437692307696
2026-09-07T00:23:35.714Z,MCT2408031,15.290833,74.149167,18.166666666666668,140,567.3333333333334,87.654635,7.3627530000000005,6,6.43,16.884999999999998,9.206666666666665,4.733333333333333,26.060998333333334
2026-09-06T23:30:00.000Z,MCT2408035,15.236111,74.125,47.8,190,818,90.072391,18.774179999999998,9.661,4.066000000000001,12.679999999999998,6.9449999999999985,3.829999999999999,26.767069999999997
2026-09-06T23:40:00.000Z,MCT2408035,15.236111,74.125,47.8125,190,816.125,90.08840875000001,18.686638124999998,9.690625,3.8237499999999986,10.802499999999998,5.473749999999998,3.8299999999999987,26.791204375000007
2026-09-06T23:50:00.000Z,MCT2408035,15.236111,74.125,48.5,190,834.0625,89.819950625,19.317335,9.745625,4.5125,13.91375,7.5024999999999995,3.8299999999999987,26.826731249999998
2026-09-07T00:00:00.000Z,MCT2408035,15.236111,74.125,49.375,190,847.625,89.97015375000001,20.084053125,9.690625,3.799999999999999,10.591249999999997,5.305625,3.8299999999999987,26.749644999999994
2026-09-07T00:10:00.000Z,MCT2408035,15.236111,74.125,48.5,190,851.625,89.98684187500001,19.230723125,9.915625000000002,3.799999999999999,10.260625,4.979999999999999,3.8299999999999987,26.698026249999998
2026-09-07T00:20:00.000Z,MCT2408035,15.236111,74.125,48.625,190,845.375,90.02642125000001,19.473119999999998,9.871875000000001,3.799999999999999,10.19,4.909999999999998,3.8299999999999987,26.649090625
2026-09-07T00:23:35.714Z,MCT2408035,15.236111,74.125,49,190,843.6666666666666,90.04645,19.681608333333333,9.995,3.8000000000000003,10.19,4.91,3.8299999999999996,26.63837
2026-09-06T23:30:00.000Z,MCT2408038,15.188889,74.055556,23,347.4672727272727,790.3636363636364,88.29723545454546,9.58181818181818,13.330000000000002,5.950000000000002,16.900000000000002,7.939999999999999,4.757272727272728,26.79729727272727
2026-09-06T23:40:00.000Z,MCT2408038,15.188889,74.055556,22.333333333333332,339.45866666666666,780.8,88.47072333333332,9.179333333333334,13.330000000000005,5.950000000000002,16.900000000000002,7.939999999999999,4.720666666666667,26.778511333333334
2026-09-06T23:50:00.000Z,MCT2408038,15.188889,74.055556,22.75,344.32125,770.625,88.6021075,9.405624999999999,13.330000000000005,5.950000000000002,16.900000000000002,7.939999999999999,4.72875,26.831421875
2026-09-07T00:00:00.000Z,MCT2408038,15.188889,74.055556,22.8125,339.02625000000006,776.3125,88.60163062500001,9.521250000000002,13.330000000000005,5.950000000000002,16.900000000000002,7.939999999999999,4.725,26.879015
2026-09-07T00:10:00.000Z,MCT2408038,15.188889,74.055556,22.8125,336.548125,769.875,88.65503562500001,9.4575,13.330000000000005,5.950000000000002,16.900000000000002,7.939999999999999,4.69375,26.885048749999996
2026-09-07T00:20:00.000Z,MCT2408038,15.188889,74.055556,22.4375,340.929375,743.125,88.80094812499999,9.32125,13.330000000000005,5.950000000000002,16.900000000000002,7.939999999999999,4.724375,26.90917749999999
2026-09-07T00:23:35.715Z,MCT2408038,15.188889,74.055556,22.666666666666668,287.58666666666664,743.1666666666666,88.77996833333334,9.371666666666666,13.33,5.95,16.900000000000002,7.94,4.671666666666667,26.924373333333335
2026-09-06T23:30:00.000Z,MCT2408026,15.2467,74.198281,30.9375,125,587.8125,85.77112625,13.17021875,12.5,4.730000000000002,14.509999999999996,7.709999999999997,2.0906249999999997,27.57413375
2026-09-06T23:40:00.000Z,MCT2408026,15.2467,74.198281,31,125,583.375,85.71835624999999,13.257697916666666,12.5,4.730000000000003,14.509999999999996,7.710000000000001,2.0262499999999997,27.650996250000002
2026-09-06T23:50:00.000Z,MCT2408026,15.2467,74.198281,31,125,583.2083333333334,85.73838249999996,13.13455416666667,12.5,4.730000000000003,14.509999999999996,7.710000000000001,2.6437499999999994,27.661274583333338
2026-09-07T00:00:00.000Z,MCT2408026,15.2467,74.198281,30.833333333333332,125.01245,577.5416666666666,85.59596791666665,13.236500416666667,12.5,4.730000000000003,14.509999999999996,7.710000000000001,2.0741666666666663,27.676468333333332
2026-09-07T00:10:00.000Z,MCT2408026,15.2467,74.198281,31,125,584.24,85.50573519999998,13.2768724,12.5,4.7676000000000025,14.779999999999998,7.903600000000001,2.0183999999999997,27.6358028
2026-09-07T00:20:00.000Z,MCT2408026,15.2467,74.198281,30.958333333333332,125,594.3333333333334,85.9844316666667,13.157165833333336,12.5,5.555833333333335,17.610000000000003,9.521250000000004,2.1620833333333334,27.42532416666667
2026-09-07T00:23:35.862Z,MCT2408026,15.2467,74.198281,31,125,605,85.66971888888888,13.150302222222223,12.5,6.092222222222222,19.34444444444445,10.39111111111111,2.1855555555555557,27.503525555555555
2026-09-07T04:20:00.000Z,MCT2408028,15.186944,74.096667,41.666666666666664,517.7766666666666,456,76.21181333333334,17.150000000000002,11.699999999999998,4.99,14.910000000000002,7.95,0.6266666666666666,31.81859
2026-09-07T04:30:00.000Z,MCT2408028,15.186944,74.096667,41.6,537.8583999999998,452.84,75.9567876,17.1704,11.7724,5.269999999999999,16.662799999999997,9.1456,0.532,32.2450216
2026-09-07T04:40:00.000Z,MCT2408028,15.186944,74.096667,41.52,526.2847999999999,453,74.8425904,17.151999999999997,11.310799999999995,6.429599999999999,21.0796,11.9704,0.9784,32.8593536
2026-09-07T04:50:00.000Z,MCT2408028,15.186944,74.096667,40.04,488.8055999999999,453.8,75.297302,16.200399999999995,11.708399999999997,14.582400000000002,47.768,26.881200000000003,0.9135999999999999,32.41919719999999
2026-09-07T05:00:00.000Z,MCT2408028,15.186944,74.096667,41.44,537.4952,449.08,73.44854759999998,17.028399999999998,11.9144,9.230000000000004,30.546000000000014,17.537599999999998,0.5004000000000001,33.0742852
2026-09-07T05:10:00.000Z,MCT2408028,15.186944,74.096667,40.44,524.8756,442.44,72.0178828,16.413200000000003,11.6632,6.790000000000001,22.472800000000003,12.724400000000001,0.5019999999999999,33.409768799999995
2026-09-07T05:18:29.659Z,MCT2408028,15.186944,74.096667,40.904761904761905,543.3180952380951,449.6190476190476,70.02800619047619,16.51380952380952,11.961904761904766,5.418571428571427,17.660476190476192,9.894761904761902,0.43523809523809526,33.838994285714286
2026-09-07T04:20:00.000Z,MCT2408057,15.272222,74.104722,30.5,370.93,428.75,74.95931999999999,12.745000000000001,8.5675,3.2800000000000002,10.6,5.947500000000001,3.425,31.925842499999998
2026-09-07T04:30:00.000Z,MCT2408057,15.272222,74.104722,29.96,342.4072,428.92,73.503174,12.473999999999998,8.7264,4.435199999999999,13.547199999999998,7.373599999999998,3.1619999999999995,32.329963199999995
2026-09-07T04:40:00.000Z,MCT2408057,15.272222,74.104722,29.76,332.79479999999995,434.72,71.05657839999999,12.427999999999999,8.584,4.648399999999999,13.887599999999997,7.505999999999999,3.1803999999999992,33.357857599999996
2026-09-07T04:50:00.000Z,MCT2408057,15.272222,74.104722,30.04,334.6628,427.92,67.285218,12.622800000000005,8.3788,4.1011999999999995,12.279600000000002,6.620000000000001,4.1008000000000004,34.0176632
2026-09-07T05:00:00.000Z,MCT2408057,15.272222,74.104722,30.44,353.8132,418.68,65.022034,12.8872,8.168399999999998,3.4336000000000007,10.651200000000001,5.8660000000000005,4.502000000000001,34.5041572
2026-09-07T05:10:00.000Z,MCT2408057,15.272222,74.104722,30.44,373.6096,418.84,65.30462640000002,12.901999999999997,8.170799999999998,3.0999999999999996,9.387200000000002,5.090000000000002,4.723199999999999,34.67446999999999
2026-09-07T05:18:29.659Z,MCT2408057,15.272222,74.104722,30.285714285714285,364.76809523809516,424.9047619047619,65.59641761904761,12.774761904761904,7.957142857142857,3.1514285714285704,9.854285714285714,5.453333333333335,4.435238095238095,34.71538904761905
2026-09-07T04:20:00.000Z,MCT2408020,15.543475,74.039433,24.666666666666668,180,447.3333333333333,67.70758000000001,10.948813333333334,21.403676666666666,5.57,15.839999999999998,7.43,3.66,34.03868333333333
2026-09-07T04:30:00.000Z,MCT2408020,15.543475,74.039433,25.9375,180,458.6875,70.275825,10.450997874999999,21.954313124999995,7.36375,23.008125,12.42875,3.6599999999999984,33.663308125
2026-09-07T04:40:00.000Z,MCT2408020,15.543475,74.039433,31.4375,202.36840625000002,457.0625,71.34346375,10.1167800625,21.57512625,10.956249999999997,34.94875,18.995625,3.6599999999999984,33.556727499999994
2026-09-07T04:50:00.000Z,MCT2408020,15.543475,74.039433,27,180,457.1875,68.66030124999999,9.8340618125,20.605095000000002,8.175,25.979375000000005,14.405000000000001,3.6599999999999984,34.41674562499999
2026-09-07T05:00:00.000Z,MCT2408020,15.543475,74.039433,27.1875,265.825425,458.3125,67.112488125,9.841865937500001,21.02542625,8.232499999999998,26.153750000000002,14.28875,3.6599999999999984,35.337761875000005
2026-09-07T05:10:00.000Z,MCT2408020,15.543475,74.039433,24.6875,180,446.4375,63.8471075,10.7991335625,21.749049375000002,5.742499999999998,18.05875,9.464374999999999,3.6599999999999984,36.234649375000004
2026-09-07T05:18:29.660Z,MCT2408020,15.543475,74.039433,25.076923076923077,180,441.2307692307692,62.83181153846154,11.238517692307692,22.19581846153846,5.712307692307691,17.27923076923077,8.717692307692307,3.659999999999999,36.39655769230769
2026-09-07T04:20:00.000Z,MCT2408055,15.585833,73.885556,18.5,120.22,777,67.753355,7.535,8.86,3.85,10.855,5.795,3.225,34.333625
2026-09-07T04:30:00.000Z,MCT2408055,15.585833,73.885556,18.25,122.486875,774.8125,67.195458125,7.485625,9.999375,3.937500000000001,11.76,6.602499999999999,3.5393749999999997,34.59371125000001
2026-09-07T04:40:00.000Z,MCT2408055,15.585833,73.885556,18.375,117.58375,781.3125,67.4276775,7.6025,10.694374999999999,4.504375000000001,13.364374999999997,7.457499999999999,3.5824999999999996,34.697609375
2026-09-07T04:50:00.000Z,MCT2408055,15.585833,73.885556,18.375,113.334375,779.25,68.36800187499999,7.613125000000001,11.124999999999998,4.636875000000001,14.144374999999998,8.095,3.4175000000000004,33.980368750000004
2026-09-07T05:00:00.000Z,MCT2408055,15.585833,73.885556,18.625,119.38062500000001,774.25,68.89872,7.775625000000001,10.530000000000001,3.71875,11.512500000000001,6.732499999999998,2.6925,33.76184375
2026-09-07T05:10:00.000Z,MCT2408055,15.585833,73.885556,18.375,128.6875,773.6875,66.31235562500001,7.666875,9.02,3.9812500000000006,11.965625000000001,6.733124999999998,2.90125,34.188836249999994
2026-09-07T05:18:29.665Z,MCT2408055,15.585833,73.885556,18.692307692307693,133.65230769230772,769,65.81666461538462,7.811538461538461,9.278461538461539,3.5,10.67846153846154,6.290769230769232,2.836153846153846,33.96360846153846
2026-09-07T04:20:00.000Z,MCT2408056,15.579167,73.920833,20.5,180,463,71.6062,7.375,18.20422,4.69,15.025,8.899999999999999,3.04,34.119125
2026-09-07T04:30:00.000Z,MCT2408056,15.579167,73.920833,21.3125,180,461.1875,70.22385125,7.6825,13.110330062500003,5.16,16.448125,9.429375,2.930625,34.53002937499999
2026-09-07T04:40:00.000Z,MCT2408056,15.579167,73.920833,20.5625,180,448.625,68.61786250000002,7.658125,15.545039375000002,4.807499999999999,15.139374999999996,8.783750000000001,2.8393750000000004,35.178226875
2026-09-07T04:50:00.000Z,MCT2408056,15.579167,73.920833,22.0625,180,458.5625,67.95791999999999,7.83125,17.089933749999997,5.571249999999999,18.100624999999997,10.543750000000001,3.1825,35.170181875000004
2026-09-07T05:00:00.000Z,MCT2408056,15.579167,73.920833,23.25,180,462.125,68.20396874999999,7.774375,16.112824375,6.511249999999999,20.665,11.948125000000003,2.955625,34.942273125
2026-09-07T05:10:00.000Z,MCT2408056,15.579167,73.920833,22.6875,180,455.1875,67.556900625,7.888750000000001,14.742519499999998,6.1,19.354374999999997,11.071250000000001,2.8337499999999998,35.133314999999996
2026-09-07T05:18:29.658Z,MCT2408056,15.579167,73.920833,20.153846153846153,180,453.46153846153845,65.85305,8.033846153846154,15.463164615384615,4.6899999999999995,14.639999999999999,8.503846153846155,2.912307692307692,35.46842615384616
2026-09-07T04:20:00.000Z,MCT2408051,15.486528,74.033889,53,277.27,805,88.924925,22.71,5.19,4.04,13.67,7.779999999999999,4.39,29.448349999999998
2026-09-07T04:30:00.000Z,MCT2408051,15.486528,74.033889,52.375,288.491875,804.375,85.89176624999999,22.3475,5.1899999999999995,3.8849999999999985,12.508124999999998,6.769375000000001,4.39,30.064368125000005
2026-09-07T04:40:00.000Z,MCT2408051,15.486528,74.033889,52.5,292.364375,794.875,82.300228125,22.429999999999996,5.1899999999999995,3.768749999999999,11.538749999999997,5.9125000000000005,4.39,31.069845
2026-09-07T04:50:00.000Z,MCT2408051,15.486528,74.033889,51.625,269.881875,766.625,79.655688125,21.83,5.1899999999999995,3.7299999999999986,10.608749999999995,5.0187500000000025,4.39,31.79513
2026-09-07T05:00:00.000Z,MCT2408051,15.486528,74.033889,51.375,251.65937500000004,757.5625,77.25195375,21.669999999999998,5.1899999999999995,3.7299999999999986,10.918749999999998,5.329375000000001,4.39,32.51371125
2026-09-07T05:10:00.000Z,MCT2408051,15.486528,74.033889,51.0625,239.938125,757.4375,73.84638125,21.470000000000006,5.1899999999999995,3.7299999999999986,10.569999999999997,4.980000000000002,4.39,33.456849999999996
2026-09-07T05:18:29.983Z,MCT2408051,15.486528,74.033889,50,207.35642857142858,748.7857142857143,72.11519,20.687857142857148,5.1899999999999995,3.729999999999999,10.614285714285712,5.024285714285716,4.39,33.87397785714286
2026-09-07T04:20:00.000Z,MCT2408052,15.444425,74.063856,45,160,651.6666666666666,78.57692333333334,4.034152,8,20.066666666666666,56.089999999999996,26.580000000000002,2,31.446786666666664
2026-09-07T04:30:00.000Z,MCT2408052,15.444425,74.063856,31.4375,160,649.6875,77.53042687499999,4.0050438125,8,10.369375,28.836875000000003,13.549375000000003,2,31.946622499999993
2026-09-07T04:40:00.000Z,MCT2408052,15.444425,74.063856,33.5625,160,639.125,73.91218625000002,4.067192749999999,8,12.333125000000003,32.95249999999999,14.735000000000003,2,32.661180625
2026-09-07T04:50:00.000Z,MCT2408052,15.444425,74.063856,32,160,632,71.5380125,4.0854823125,8,11.141874999999999,30.021875,13.504375000000001,2,33.326808125
2026-09-07T05:00:00.000Z,MCT2408052,15.444425,74.063856,31.125,160,616.5,68.25975749999999,4.2105264375,8,10.34875,28.233124999999994,12.988125000000002,2,34.449591874999996
2026-09-07T05:10:00.000Z,MCT2408052,15.444425,74.063856,42.125,160,615.3125,64.781706875,4.4425001875,8.212552687499999,19.024375,50.410624999999996,22.32875,2,35.398764375
2026-09-07T05:18:29.982Z,MCT2408052,15.444425,74.063856,33.38461538461539,161.60397692307694,606.8461538461538,63.757316153846155,4.532361692307693,8.518824846153846,12.272307692307692,32.89153846153847,14.79,2,35.758828461538464
2026-09-07T04:20:00.000Z,MCT2408053,15.263333,74.110833,52,247.60133333333337,559,67.75081333333334,25.253333333333334,36.583333333333336,4.59,12.64,6.77,6.486666666666667,33.90998333333334
2026-09-07T04:30:00.000Z,MCT2408053,15.263333,74.110833,48.4375,222.77660000000003,560.125,66.80397437500001,22.102500000000003,36.20625,5.107500000000002,16.283125000000002,10.009375,7.050625,34.151299375
2026-09-07T04:40:00.000Z,MCT2408053,15.263333,74.110833,52.5625,273.76476875,547.8125,66.3986625,25.680625000000003,37.494375000000005,4.590000000000002,13.550000000000002,7.82625,6.927499999999998,34.513944375
2026-09-07T04:50:00.000Z,MCT2408053,15.263333,74.110833,54.375,236.91369375,574.0625,65.6590875,27.286250000000003,37.320625,4.705000000000001,15.556875000000002,9.868125000000003,7.289375000000001,34.31217625
2026-09-07T05:00:00.000Z,MCT2408053,15.263333,74.110833,49.2,209.53303333333332,552.3333333333334,67.35611866666666,22.758666666666663,35.72400000000001,6.427999999999999,20.548666666666666,12.634666666666666,7.077333333333334,33.88281133333333
2026-09-07T05:10:00.000Z,MCT2408053,15.263333,74.110833,46.25,192.58023749999998,568.1875,69.58584187500001,20.304999999999996,34.146875,4.935000000000001,16.832500000000003,10.85625,5.954375000000001,33.865071875
2026-09-07T05:18:29.981Z,MCT2408053,15.263333,74.110833,45.57142857142857,151.49453571428572,569.0714285714286,70.27541428571428,19.717142857142857,33.133571428571436,4.7871428571428565,15.972857142857142,10.150000000000002,5.444285714285714,34.11146214285714
2026-09-07T04:20:00.000Z,MCT2408043,15.221111,74.087222,33,210.93333333333337,498,67.18878000000001,14.063333333333333,10.85,6.330000000000001,22.316666666666666,13.236666666666666,5.29,34.46769
2026-09-07T04:30:00.000Z,MCT2408043,15.221111,74.087222,34.8,229.238,493.6666666666667,68.28334533333333,13.98,10.792666666666666,8.610666666666667,27.895333333333333,15.286666666666667,5.290000000000001,33.912844
2026-09-07T04:40:00.000Z,MCT2408043,15.221111,74.087222,33,215.4925,493.75,68.7995375,13.921875000000002,10.755000000000003,6.568124999999998,21.243750000000002,11.77,5.290000000000001,33.435401875000004
2026-09-07T04:50:00.000Z,MCT2408043,15.221111,74.087222,33.3125,208.28125,497.3125,67.194025,14.01875,10.801874999999997,7.993124999999999,25.508125000000003,13.851250000000002,5.290000000000001,33.903280625
2026-09-07T05:00:00.000Z,MCT2408043,15.221111,74.087222,33,251.11187500000003,476.1875,62.13144625,13.972499999999998,10.896249999999997,6.329999999999999,19.713125,10.65,5.290000000000001,34.772014375
2026-09-07T05:10:00.000Z,MCT2408043,15.221111,74.087222,34.266666666666666,182.83,489.8,63.63246600000001,14.005333333333331,10.730666666666668,10.383999999999999,32.01466666666667,16.909333333333333,5.290000000000001,34.68219333333333
2026-09-07T05:18:29.983Z,MCT2408043,15.221111,74.087222,37.357142857142854,180.54714285714286,485.92857142857144,65.92121357142858,13.964285714285717,10.602142857142857,11.760714285714286,37.88857142857143,20.587142857142858,5.29,33.90845214285714
2026-09-07T04:20:00.000Z,MCT2408029,15.333611,74.206944,12,120,477,77.957675,4.41,7.355,2.94,8.67,4.71,3.535,32.25832
2026-09-07T04:30:00.000Z,MCT2408029,15.333611,74.206944,12.3125,120,463.125,77.93192250000001,3.0812500000000003,7.427500000000001,2.9399999999999995,8.77875,4.81875,3.6581249999999996,32.75301500000001
2026-09-07T04:40:00.000Z,MCT2408029,15.333611,74.206944,13.3125,120,473.5625,75.485748125,4.9887500000000005,7.239375,2.9399999999999995,8.7425,4.783124999999999,3.79625,33.641188125000006
2026-09-07T04:50:00.000Z,MCT2408029,15.333611,74.206944,13.625,120,473.125,74.59930812500001,6.136875000000001,7.14,2.9399999999999995,8.70625,4.74625,3.9375,34.018575625
2026-09-07T05:00:00.000Z,MCT2408029,15.333611,74.206944,17.666666666666668,120,470.8666666666667,73.64273999999999,9.846666666666666,7.14,2.9399999999999995,8.67,4.709999999999999,3.9886666666666666,34.238887999999996
2026-09-07T05:10:00.000Z,MCT2408029,15.333611,74.206944,15.9375,120,470.6875,73.8707,8.592500000000001,7.14,2.9399999999999995,8.67,4.709999999999999,3.530625,34.26994625
2026-09-07T05:18:30.293Z,MCT2408029,15.333611,74.206944,15,120,470.2857142857143,71.366965,7.147142857142858,7.14,2.94,8.67,4.71,3.6614285714285715,35.14566857142857
2026-09-07T04:20:00.000Z,MCT2408030,15.142519,74.075003,27,163,427,77.23288,8.345,6.2,9.37,24.64,12.31,4.73,31.534375
2026-09-07T04:30:00.000Z,MCT2408030,15.142519,74.075003,27.0625,166.1716125,428.375,76.85331750000002,7.990624999999998,6.200000000000002,9.370000000000001,24.753749999999993,12.428125,4.779999999999999,31.852776875
2026-09-07T04:40:00.000Z,MCT2408030,15.142519,74.075003,27,164.35462,427.06666666666666,75.26373266666666,7.844666666666665,6.200000000000002,9.370000000000001,24.639999999999993,12.31,5.178,32.380586666666666
2026-09-07T04:50:00.000Z,MCT2408030,15.142519,74.075003,27,171.34294999999997,421.625,73.78773,7.6324999999999985,6.200000000000002,9.370000000000001,24.639999999999993,12.31,5.440625,32.6859825
2026-09-07T05:00:00.000Z,MCT2408030,15.142519,74.075003,27.8125,167.66514999999998,426.375,73.20741875,7.579999999999999,6.200000000000002,9.605,25.949374999999996,13.315000000000001,5.5443750000000005,32.53516125
2026-09-07T05:10:00.000Z,MCT2408030,15.142519,74.075003,29.066666666666666,169.41307333333333,428.8,73.39096933333333,7.714,6.200000000000002,10.245333333333337,28.347333333333324,14.769333333333334,5.290666666666666,32.55719333333333
2026-09-07T05:18:30.292Z,MCT2408030,15.142519,74.075003,27,168.42354615384616,418.46153846153845,72.35447076923076,7.716923076923076,6.200000000000002,9.370000000000001,24.639999999999993,12.31,5.193076923076924,32.83829846153846
2026-09-07T04:20:00.000Z,MCT2408050,15.553611,73.958333,28.5,86.03,481.5,71.114105,11.985,3.705,8.48,26.19,14.035,2.63,33.405905000000004
2026-09-07T04:30:00.000Z,MCT2408050,15.553611,73.958333,28,86.02999999999999,483.125,71.46028937499999,11.851875000000001,3.7687500000000003,8.10875,26.190624999999997,14.353749999999996,2.179375,33.399875
2026-09-07T04:40:00.000Z,MCT2408050,15.553611,73.958333,28.25,86.02999999999999,491.75,71.24094375000001,11.969375000000001,3.8031250000000005,6.5225,21.36125,11.909999999999998,2.526875,33.885853125
2026-09-07T04:50:00.000Z,MCT2408050,15.553611,73.958333,28.4375,86.02999999999999,480.6875,69.52767000000001,12.123750000000003,3.5725,5.833125,18.89125,10.314375000000002,2.6831250000000004,34.743190625000004
2026-09-07T05:00:00.000Z,MCT2408050,15.553611,73.958333,28.9375,86.02999999999999,451.5,67.53925625000001,12.607499999999998,3.5156249999999996,5.249375000000001,17.493125000000003,9.571875000000002,3.4925000000000006,35.056897500000005
2026-09-07T05:10:00.000Z,MCT2408050,15.553611,73.958333,29.125,86.02999999999999,472.375,67.25983125,12.714999999999998,3.5537500000000004,4.983749999999999,16.74375,9.304375000000002,4.038125,35.317654375000004
2026-09-07T05:18:30.290Z,MCT2408050,15.553611,73.958333,29.142857142857142,86.16357142857142,460.64285714285717,64.79369714285714,12.694285714285716,3.552142857142858,5.029285714285715,17.112142857142857,9.539285714285715,4.324285714285716,36.05960071428571
2026-09-07T04:20:00.000Z,MCT2408034,15.356389,74.123611,23.5,206.345825,449,62.64929,9.9075,8.49,6.38,18.290000000000003,8.91,2.41,36.22929
2026-09-07T04:30:00.000Z,MCT2408034,15.356389,74.123611,23.8,211.85842000000005,445.6,62.753052,10.352399999999998,8.242799999999999,6.379999999999998,18.831599999999995,9.4516,2.124,36.28066119999998
2026-09-07T04:40:00.000Z,MCT2408034,15.356389,74.123611,23.76,190.91799999999995,450.88,62.32183840000002,9.291199999999998,8.0684,6.379999999999998,18.794799999999995,9.4148,1.5192,36.7379792
2026-09-07T04:50:00.000Z,MCT2408034,15.356389,74.123611,24.833333333333332,211.45621250000002,451.75,59.79176624999999,10.251249999999997,8.45875,6.835833333333331,20.749166666666664,10.704999999999998,2.4079166666666665,37.462673333333335
2026-09-07T05:00:00.000Z,MCT2408034,15.356389,74.123611,24,225.38758800000002,444.56,58.91455080000001,10.805599999999997,8.277599999999998,6.379999999999998,18.869599999999995,9.489599999999998,2.36,37.904869600000005
2026-09-07T05:10:00.000Z,MCT2408034,15.356389,74.123611,26.916666666666668,231.76042916666665,436.0416666666667,57.94831333333332,14.910416666666665,10.634166666666667,6.379999999999998,18.601666666666663,9.221666666666666,3.485416666666667,37.90597916666666
2026-09-07T05:18:30.291Z,MCT2408034,15.356389,74.123611,27.90909090909091,207.5201045454546,432.22727272727275,59.09017863636365,15.702272727272732,11.142272727272728,6.379999999999998,18.713181818181816,9.333181818181817,2.555,37.342015454545454
2026-09-07T04:20:00.000Z,MCT2408021,15.500556,74.053333,45.5,375,493,73.52499499999999,17.509999999999998,13.11533,3.33,10.65,6.905,4.225,31.502200000000002
2026-09-07T04:30:00.000Z,MCT2408021,15.500556,74.053333,46.4375,375,483.3125,74.33418562499999,18.4775,13.6567725,3.24375,9.863124999999998,6.132500000000001,4.13375,31.588671250000004
2026-09-07T04:40:00.000Z,MCT2408021,15.500556,74.053333,47.5625,375,483.1875,74.14249625000001,19.417499999999997,14.517759375,2.889375,8.016250000000001,4.464375,4.074375,32.474833125
2026-09-07T04:50:00.000Z,MCT2408021,15.500556,74.053333,48.3125,375,485.4375,71.881814375,20.028125,14.604541875,2.889375,8.616249999999999,5.119375,4.1206249999999995,33.638505625
2026-09-07T05:00:00.000Z,MCT2408021,15.500556,74.053333,48.53333333333333,375,472.8666666666667,69.379436,20.249333333333333,14.083907333333334,2.8913333333333333,9.015999999999998,5.554666666666666,4.164,34.636432000000006
2026-09-07T05:10:00.000Z,MCT2408021,15.500556,74.053333,47.5,375,475,65.89750624999999,19.509375,13.130636250000002,3.215,10.216874999999996,6.548125,4.265624999999999,35.22649
2026-09-07T05:18:30.545Z,MCT2408021,15.500556,74.053333,47.15384615384615,375,466.7692307692308,63.25964384615383,19.089230769230767,12.208399230769231,2.86,7.457692307692308,3.883846153846154,4.377692307692309,35.65487692307693
2026-09-07T04:20:00.000Z,MCT2408040,15.528056,74.020833,19,100,456,77.04341666666666,7.7700000000000005,5.286666666666666,4.753333333333333,14.386666666666665,7.073333333333333,3.5,31.657713333333334
2026-09-07T04:30:00.000Z,MCT2408040,15.528056,74.020833,19.466666666666665,100,454.06666666666666,76.94219866666667,8.695333333333334,5.191333333333334,3.8,11.319999999999997,5.554666666666667,3.5,31.623392666666668
2026-09-07T04:40:00.000Z,MCT2408040,15.528056,74.020833,19.375,100,448.4375,76.94820812500001,8.474375,4.988125,3.07,8.42,3.7437499999999986,3.5,31.850768124999995
2026-09-07T04:50:00.000Z,MCT2408040,15.528056,74.020833,19.25,100,446.0625,75.48241125000001,8.543125,5.025,3.07,8.42,3.7299999999999986,3.5,32.479525
2026-09-07T05:00:00.000Z,MCT2408040,15.528056,74.020833,19.875,100,441.6875,72.11403250000001,9.038749999999999,5.1068750000000005,3.07,8.42,3.7299999999999986,3.5,33.32211624999999
2026-09-07T05:10:00.000Z,MCT2408040,15.528056,74.020833,20.0625,100,437.375,69.86145375,9.183124999999999,5.35125,3.07,8.42,3.7299999999999986,3.5,33.912664375
2026-09-07T05:18:30.587Z,MCT2408040,15.528056,74.020833,20.928571428571427,100,431.92857142857144,67.97624285714286,9.73285714285714,5.577857142857142,3.07,8.42,3.729999999999999,3.5914285714285716,34.32979785714286
2026-09-07T04:20:00.000Z,MCT2408023,15.499722,74.020833,27,162.72,448.5,79.46829,9.92,19.96,6.34,17.73,10.15,4.914999999999999,31.877580000000002
2026-09-07T04:30:00.000Z,MCT2408023,15.499722,74.020833,28.25,157.061875,456.0625,76.729815625,10.225,18.900624999999998,6.340000000000002,19.31375,11.9625,4.873125,33.0533175
2026-09-07T04:40:00.000Z,MCT2408023,15.499722,74.020833,28.0625,220.70125000000002,452.5625,69.92678124999999,12.548124999999997,13.980625,6.340000000000002,17.968124999999997,10.421875,5.904375,34.71637875
2026-09-07T04:50:00.000Z,MCT2408023,15.499722,74.020833,29.625,254.77125,449.25,67.27985874999999,13.2775,12.168750000000001,7.052500000000001,20.185,11.78125,6.811875,35.60857375
2026-09-07T05:00:00.000Z,MCT2408023,15.499722,74.020833,29.9375,262.61812499999996,445.6875,65.54607812500001,14.496875,9.75625,6.340000000000002,17.729999999999997,10.150000000000002,6.724375,36.507469375
2026-09-07T05:10:00.000Z,MCT2408023,15.499722,74.020833,30.933333333333334,275.90066666666667,446.93333333333334,63.60550866666667,15.402000000000003,6.786666666666665,6.340000000000002,17.729999999999997,10.150000000000002,6.885999999999998,37.25835933333334
2026-09-07T05:18:30.587Z,MCT2408023,15.499722,74.020833,32.214285714285715,291.505,446.35714285714283,61.22640928571429,16.477142857142855,6.057857142857143,6.340000000000002,17.91071428571428,10.35714285714286,7.327857142857143,37.57337285714285
2026-09-07T04:20:00.000Z,MCT2408049,15.475278,74.055833,56,150,491,74.883025,23.615000000000002,7.96,5.37,17.235,9.59,2.61,32.10817
2026-09-07T04:30:00.000Z,MCT2408049,15.475278,74.055833,56.5,150,484.3125,74.18970562499999,24.075000000000003,8.019374999999997,5.510625,16.278750000000002,8.486874999999998,2.61,32.519744374999995
2026-09-07T04:40:00.000Z,MCT2408049,15.475278,74.055833,56.1875,150,483.5625,70.98202125000002,23.840000000000003,8.6425,4.311249999999999,13.643750000000002,7.4325,2.61,33.64654875
2026-09-07T04:50:00.000Z,MCT2408049,15.475278,74.055833,56.3125,150,477.25,66.10254625,23.975625,8.323124999999997,3.8299999999999987,11.6825,6.3325,2.61,34.615160624999994
2026-09-07T05:00:00.000Z,MCT2408049,15.475278,74.055833,56.1875,150,475.3125,63.625853125000006,23.845,9.609375,3.8299999999999987,10.578125000000002,5.225624999999999,2.61,35.50132125
2026-09-07T05:10:00.000Z,MCT2408049,15.475278,74.055833,56.9375,150,468.5625,60.269398124999995,24.400624999999998,7.959999999999997,3.8299999999999987,10.533125000000002,5.177499999999999,2.61,36.12807
2026-09-07T05:18:30.588Z,MCT2408049,15.475278,74.055833,55.69230769230769,150,466.6923076923077,59.87336615384616,23.45076923076923,7.959999999999998,3.8299999999999987,10.663076923076924,5.31153846153846,2.61,36.545060769230766
2026-09-07T04:20:00.000Z,MCT2408027,15.275556,74.1075,20.5,1154.925,547,74.36041,6.58,12.004999999999999,4.93,15.775,8.895,2.95,33.019805000000005
2026-09-07T04:30:00.000Z,MCT2408027,15.275556,74.1075,22.6875,1159.1893750000002,525.75,72.026295625,6.579999999999999,11.801875,6.41,20.7,11.547500000000003,2.9500000000000006,33.358985
2026-09-07T04:40:00.000Z,MCT2408027,15.275556,74.1075,21.75,1154.03875,510.25,70.11846874999998,6.579999999999999,11.503125000000002,5.732500000000002,18.604999999999997,10.313749999999999,2.9500000000000006,33.969641875
2026-09-07T04:50:00.000Z,MCT2408027,15.275556,74.1075,20.4375,1155.154375,491.0625,67.45867,6.579999999999999,11.109375000000002,5.115,16.019375,8.831875,2.9500000000000006,34.61985125
2026-09-07T05:00:00.000Z,MCT2408027,15.275556,74.1075,19.8125,1150.705,479.6875,65.472645,6.579999999999999,10.889375000000001,4.9300000000000015,15.033125000000002,8.153125000000001,2.9500000000000006,35.25464312500001
2026-09-07T05:10:00.000Z,MCT2408027,15.275556,74.1075,19.5,1146.9537500000001,470.125,65.44355750000001,6.579999999999999,11.114375000000003,4.9300000000000015,14.355625000000002,7.475624999999999,2.9500000000000006,35.546906875
2026-09-07T05:18:30.587Z,MCT2408027,15.275556,74.1075,19.53846153846154,1141.8653846153848,512.7692307692307,66.17172384615384,6.579999999999999,11.3,4.930000000000001,14.18,7.300000000000002,2.95,35.52287846153846
2026-09-07T04:20:00.000Z,MCT2408044,15.313669,74.140042,24,214.29,460.5,82.15764999999999,10.43,3.32,3.16,9.25,5.68,3.521795,30.29563
2026-09-07T04:30:00.000Z,MCT2408044,15.313669,74.140042,23.6875,214.29,457.9375,79.230350625,10.08125,3.4637499999999997,3.4112500000000003,10.03125,6.186249999999999,4.32379775,30.834564375
2026-09-07T04:40:00.000Z,MCT2408044,15.313669,74.140042,23.5625,214.29,446.625,75.80475062500001,10.003125,3.444375,2.9787499999999993,8.53125,5.235625,5.1022433125,31.477399375
2026-09-07T04:50:00.000Z,MCT2408044,15.313669,74.140042,23.4375,214.29,445.1875,73.67472125,10.01875,3.34,3.160000000000001,9.125,5.543124999999999,4.9596955000000005,32.513040625
2026-09-07T05:00:00.000Z,MCT2408044,15.313669,74.140042,22.25,214.29,438.6875,69.975418125,9.019375,3.754375,3.2318749999999996,8.9375,5.2368749999999995,5.923958062499999,33.25374562499999
2026-09-07T05:10:00.000Z,MCT2408044,15.313669,74.140042,22.625,214.29,436.5625,72.49788749999999,9.198125000000001,4.481249999999999,3.2324999999999995,9.03125,5.304375,5.72548075,32.73960937499999
2026-09-07T05:18:30.815Z,MCT2408044,15.313669,74.140042,23,214.29,434.35714285714283,74.2808492857143,9.482142857142858,4.482142857142857,2.9114285714285715,7.928571428571429,4.707142857142857,5.09652,32.15796428571428
2026-09-07T04:20:00.000Z,MCT2408037,15.394444,74.118333,27.333333333333332,182.71746666666664,434,70.72627666666666,12.07,14.206666666666669,3.72,13.356666666666667,7,5.32,32.82674666666667
2026-09-07T04:30:00.000Z,MCT2408037,15.394444,74.118333,26.625,171.63167500000003,434.875,71.59428062500001,11.634999999999998,14.22,3.7199999999999993,13.339375000000002,6.9825,4.948125000000001,32.67927812499999
2026-09-07T04:40:00.000Z,MCT2408037,15.394444,74.118333,26.625,160.41074375,440,72.24087187500001,11.62,14.239375000000003,3.7199999999999993,12.981875000000002,6.655,4.498125,32.570688125000004
2026-09-07T04:50:00.000Z,MCT2408037,15.394444,74.118333,26.3125,162.02761875,430.9375,73.61702375,11.435624999999998,14.216250000000002,5.112500000000001,17.888125000000002,9.135,4.2749999999999995,32.33607875
2026-09-07T05:00:00.000Z,MCT2408037,15.394444,74.118333,27.1875,161.8279,434.875,74.31845187500001,11.562500000000002,14.285000000000002,7.3875,26.269375000000004,13.536875000000002,4.20875,32.256980625
2026-09-07T05:10:00.000Z,MCT2408037,15.394444,74.118333,26.125,160.65702499999998,436.4375,72.742026875,11.202499999999997,14.426250000000001,4.78625,17.784375000000004,9.320625,4.064374999999999,32.7898825
2026-09-07T05:18:30.868Z,MCT2408037,15.394444,74.118333,26,161.70708461538464,444.15384615384613,69.77338615384615,11.053846153846155,14.592307692307694,5.146923076923077,18.932307692307695,9.857692307692306,4.071538461538462,33.75240923076923
2026-09-07T04:20:00.000Z,MCT2408046,15.529167,74.07,30,95.52,556.3333333333334,69.15462333333333,12.74,1.2533333333333332,5.06,13.33,6.05,4.516666666666667,34.456966666666666
2026-09-07T04:30:00.000Z,MCT2408046,15.529167,74.07,30.04,95.52,560.48,68.5104976,12.5616,1.3700000000000003,5.060000000000001,14.218000000000002,6.701200000000001,4.6880000000000015,34.441952400000005
2026-09-07T04:40:00.000Z,MCT2408046,15.529167,74.07,30.03846153846154,96.98269230769232,563.7692307692307,68.46905192307692,12.590384615384618,1.3480769230769232,5.763846153846154,17.17538461538462,8.584615384615386,4.607307692307693,34.61330538461538
2026-09-07T04:50:00.000Z,MCT2408046,15.529167,74.07,30.2,118.55400000000002,565.96,66.7188104,12.6456,1.3940000000000001,9.331199999999997,29.063599999999997,14.758800000000006,4.709199999999999,35.02625040000001
2026-09-07T05:00:00.000Z,MCT2408046,15.529167,74.07,29.96,100.69,565.32,66.2082528,12.532000000000004,1.4435999999999998,7.914799999999997,24.351200000000002,12.242399999999996,4.596799999999999,35.1274972
2026-09-07T05:10:00.000Z,MCT2408046,15.529167,74.07,29.88,95.52,565.76,65.06201080000001,12.514800000000003,1.3020000000000003,6.2444,19.1552,9.725200000000001,4.4196,35.57795360000001
2026-09-07T05:18:30.868Z,MCT2408046,15.529167,74.07,29.857142857142858,95.52,554.2380952380952,63.100880000000004,12.373809523809525,1.3109523809523806,5.12,16.237142857142864,8.266666666666666,4.835714285714286,36.27818714285714
2026-09-07T04:20:00.000Z,MCT2408041,15.224628,74.171389,31.666666666666668,484.6913666666667,462.3333333333333,70.70847666666667,12.963333333333333,9.7,8.09,20.25,8.9,8.166666666666666,33.009080000000004
2026-09-07T04:30:00.000Z,MCT2408041,15.224628,74.171389,31.6875,446.0147250000001,460.8125,69.98447875000001,12.994375,9.7,8.090000000000002,20.300625,8.950625000000002,8.431875,33.342225625000005
2026-09-07T04:40:00.000Z,MCT2408041,15.224628,74.171389,31.75,403.69868749999995,468.5625,69.22535375,13.059375,9.7,8.090000000000002,20.25,8.900000000000002,8.25375,33.827534375
2026-09-07T04:50:00.000Z,MCT2408041,15.224628,74.171389,31.875,387.54885,465.9375,67.792935,13.033125000000002,9.7,8.090000000000002,20.25,8.900000000000002,8.391250000000001,34.28871624999999
2026-09-07T05:00:00.000Z,MCT2408041,15.224628,74.171389,31.533333333333335,456.7457666666668,453.2,66.50366266666668,12.859999999999998,9.7,8.090000000000002,20.412,9.061333333333335,8.555333333333332,34.14164600000001
2026-09-07T05:10:00.000Z,MCT2408041,15.224628,74.171389,31.6875,449.50963750000005,448.5625,67.17304625,12.92875,9.7,8.090000000000002,20.604375,9.253125000000002,8.430625000000001,33.86641375
2026-09-07T05:18:30.869Z,MCT2408041,15.224628,74.171389,31.714285714285715,429.54216428571425,449.2142857142857,68.70103642857143,12.973571428571427,9.700000000000001,8.090000000000002,20.25,8.900000000000002,8.155714285714286,33.98199285714286
2026-09-07T04:20:00.000Z,MCT2408042,15.213889,74.071667,62,184.125,450,69.91629,26.66,12.795,5.915,18.24,9.565,5.655,33.958245000000005
2026-09-07T04:30:00.000Z,MCT2408042,15.213889,74.071667,60.9375,193.39999999999998,452,69.784683125,25.835,12.3275,5.573749999999999,17.383125,9.451875000000001,4.73875,34.240453125
2026-09-07T04:40:00.000Z,MCT2408042,15.213889,74.071667,62.25,140.51625,450.1875,68.08428187500002,26.732499999999998,12.584374999999998,5.80125,17.670625,9.452500000000002,5.0443750000000005,34.778718125
2026-09-07T04:50:00.000Z,MCT2408042,15.213889,74.071667,62.3125,191.64249999999998,447.25,66.49403125,26.877500000000005,12.504375000000001,5.5737499999999995,16.986875,8.825624999999999,5.915,34.751905625
2026-09-07T05:00:00.000Z,MCT2408042,15.213889,74.071667,62,104.65125000000002,447.3125,66.87263937499999,26.699375000000003,12.116249999999999,6.37,19.265,10.133750000000003,5.635,34.68554437499999
2026-09-07T05:10:00.000Z,MCT2408042,15.213889,74.071667,62,122.95062500000002,445.9375,65.74205875000001,26.639375,12.385000000000002,6.199374999999999,19.266875,10.476875,6.154999999999999,34.50388875
2026-09-07T05:18:30.869Z,MCT2408042,15.213889,74.071667,62.07142857142857,232.11642857142857,432.7142857142857,64.060185,26.814285714285713,13.020714285714286,5.5249999999999995,17.197142857142858,9.306428571428572,5.930714285714286,34.5872
2026-09-07T04:20:00.000Z,MCT2408033,15.346944,74.007778,24.5,130.29075,469.5,67.661805,11.845,7.33,3.03,7.18,4.12,4.39,33.893895
2026-09-07T04:30:00.000Z,MCT2408033,15.346944,74.007778,24.25,123.12531874999999,499.1875,67.50349375,11.651875,6.783125,3.0300000000000007,7.821250000000001,4.853749999999999,4.39,34.074213125
2026-09-07T04:40:00.000Z,MCT2408033,15.346944,74.007778,24.8125,122.67628125000002,485.8125,67.579788125,12.19875,7.015000000000001,3.4475000000000007,8.910625,5.44125,4.39,33.966960625
2026-09-07T04:50:00.000Z,MCT2408033,15.346944,74.007778,23.5,111.19158125,506.9375,68.75471625,10.903749999999999,6.768749999999999,4.166250000000001,10.673124999999999,6.470624999999998,4.39,33.658615000000005
2026-09-07T05:00:00.000Z,MCT2408033,15.346944,74.007778,23.375,113.18087499999999,482.8125,67.72093249999999,10.744374999999998,6.470000000000001,3.2962500000000006,8.687500000000002,5.364999999999999,4.39,33.98036625
2026-09-07T05:10:00.000Z,MCT2408033,15.346944,74.007778,22.4375,114.88343124999999,476,68.080945,10.018125,5.970625000000001,3.0300000000000007,7.75625,4.781249999999999,4.39,34.182134375000004
2026-09-07T05:18:31.089Z,MCT2408033,15.346944,74.007778,23.214285714285715,118.4550857142857,500,66.11085857142858,10.562142857142856,5.480714285714286,3.0735714285714293,8.132857142857144,5.125714285714286,4.39,34.700577857142854
2026-09-07T04:20:00.000Z,MCT2408024,15.148056,74.131667,36.333333333333336,244.57766666666666,490.3333333333333,61.960103333333336,14.15527,6.017316,6,20.323333333333334,11.323333333333332,2.723333333333333,36.641310000000004
2026-09-07T04:30:00.000Z,MCT2408024,15.148056,74.131667,37.44,241.48329200000003,535.24,63.0338132,14.922568000000002,7.635786319999999,5.2,17.590000000000003,10.190000000000003,2.6927999999999996,36.0489988
2026-09-07T04:40:00.000Z,MCT2408024,15.148056,74.131667,37.625,238.18389166666665,502.625,63.49869750000001,15.055565833333338,9.148629,5.913749999999999,19.948333333333338,11.490000000000002,2.6229166666666672,36.005847916666674
2026-09-07T04:50:00.000Z,MCT2408024,15.148056,74.131667,37.625,240.03420416666668,490.3333333333333,61.80401833333332,15.093877499999998,9.018157624999999,7.4508333333333345,24.98625000000001,14.365000000000004,2.6408333333333336,36.412061666666666
2026-09-07T05:00:00.000Z,MCT2408024,15.148056,74.131667,37.875,238.46355833333334,491.5416666666667,61.85806083333335,15.263582499999997,6.65945158333333,9.198333333333336,30.18875000000001,17.11291666666667,2.6466666666666665,36.64041916666667
2026-09-07T05:10:00.000Z,MCT2408024,15.148056,74.131667,38.333333333333336,234.16490833333333,504.9583333333333,61.562102916666674,15.619221666666666,6.2578161666666645,9.948333333333336,32.35500000000001,18.111666666666675,2.602083333333333,37.04081958333334
2026-09-07T05:18:31.145Z,MCT2408024,15.148056,74.131667,38.142857142857146,239.39739999999998,468.76190476190476,59.432230476190476,15.352980952380955,6.0173159999999974,9.180476190476192,29.696190476190488,16.702857142857145,2.636190476190477,37.623935714285714
2026-09-07T04:20:00.000Z,MCT2408045,15.619444,73.878889,30,178.12,615.3333333333334,73.63053333333333,13.28,19.58,4.53,15.21,7.7299999999999995,2.53,33.34513333333333
2026-09-07T04:30:00.000Z,MCT2408045,15.619444,73.878889,29.6,178.11999999999995,579.6666666666666,73.17277133333333,13.261999999999999,19.365333333333336,3.8593333333333346,13.234000000000002,7.050000000000002,2.5300000000000002,33.703348
2026-09-07T04:40:00.000Z,MCT2408045,15.619444,73.878889,28.875,178.11999999999995,578,70.92814062500001,12.621875,19.580000000000002,3.7437500000000012,13.440625000000002,7.387500000000001,2.5300000000000002,34.818936875
2026-09-07T04:50:00.000Z,MCT2408045,15.619444,73.878889,30.4375,178.11999999999995,593.125,68.73134875,13.8525,20.078750000000003,3.649375000000001,12.656875000000001,6.68125,2.5300000000000002,34.7981575
2026-09-07T05:00:00.000Z,MCT2408045,15.619444,73.878889,30.75,179.73999999999995,594.375,69.051784375,14.193750000000001,20.62,3.6175000000000006,12.585625,6.610000000000001,2.5300000000000002,34.18481625
2026-09-07T05:10:00.000Z,MCT2408045,15.619444,73.878889,30.6875,187.15187500000002,582.125,68.801445,13.970625,19.751875,3.051250000000001,10.697500000000002,5.47625,2.5300000000000002,34.68018125
2026-09-07T05:18:31.151Z,MCT2408045,15.619444,73.878889,30.428571428571427,192.91285714285712,567,66.48905857142857,13.92357142857143,19.834285714285716,3.0557142857142865,10.35142857142857,5.127857142857143,2.5300000000000002,35.49883214285714
2026-09-07T04:20:00.000Z,MCT2408022,15.475833,74.038889,31.5,150,470.5,77.438875,4.9,10.179215,8.5,25,13,4.3702065,31.80787
2026-09-07T04:30:00.000Z,MCT2408022,15.475833,74.038889,29.375,150,466.75,75.75182437500001,5.195,10.353539125,6.625,21,11.4375,4.3057616874999995,32.551918750000006
2026-09-07T04:40:00.000Z,MCT2408022,15.475833,74.038889,28.5625,150,465.3125,72.1879425,5.323749999999999,10.3572419375,6.25,19.875,10.625,4.3156895625,33.556726874999995
2026-09-07T04:50:00.000Z,MCT2408022,15.475833,74.038889,27.6875,150,464.5,70.223373125,5.6431249999999995,10.187437875,5.625,17.875,9.625,4.38272525,34.25318875
2026-09-07T05:00:00.000Z,MCT2408022,15.475833,74.038889,26.666666666666668,150,461.53333333333336,68.74110999999999,6.005333333333334,10.055422866666667,5.133333333333334,15.733333333333333,8.466666666666667,4.392261599999999,34.73939333333333
2026-09-07T05:10:00.000Z,MCT2408022,15.475833,74.038889,26.5,150,464.125,66.9837425,6.338750000000001,9.799762312499999,5,15.4375,8.4375,4.476825375000001,35.359215
2026-09-07T05:18:31.150Z,MCT2408022,15.475833,74.038889,26,150,464,65.37734571428571,6.4607142857142845,9.506024285714288,5,14.214285714285714,7.214285714285714,4.487168357142857,35.822116428571434
2026-09-07T04:20:00.000Z,MCT2408032,15.525556,73.828611,36.5,208.9625,590.5,68.62119999999999,15.895,20.3325,7.12,17.07,7.08,5.9,32.995672500000005
2026-09-07T04:30:00.000Z,MCT2408032,15.525556,73.828611,35.92,186.72639999999998,551.64,69.06988519999999,15.518800000000004,19.285999999999994,7.233600000000003,19.1736,8.947200000000004,5.071200000000001,32.9301388
2026-09-07T04:40:00.000Z,MCT2408032,15.525556,73.828611,35.36,218.7164,551.2,66.67700200000002,15.169599999999997,19.500799999999998,7.120000000000002,17.126799999999996,7.136400000000004,3.249199999999999,34.057991200000004
2026-09-07T04:50:00.000Z,MCT2408032,15.525556,73.828611,36.56,204.92199999999997,563.56,66.0495616,16.114800000000006,20.415599999999994,7.120000000000002,17.126799999999996,7.136400000000004,4.5924000000000005,33.9953556
2026-09-07T05:00:00.000Z,MCT2408032,15.525556,73.828611,36.96,250.31760000000003,558.2,65.12274120000001,16.431200000000004,20.201999999999995,7.120000000000002,17.069999999999997,7.080000000000002,4.190799999999999,34.3540052
2026-09-07T05:10:00.000Z,MCT2408032,15.525556,73.828611,37.16,242.00599999999997,560.2,64.1293948,16.462400000000006,19.918800000000005,7.120000000000002,17.069999999999997,7.080000000000002,4.575200000000001,34.5599272
2026-09-07T05:18:31.151Z,MCT2408032,15.525556,73.828611,35.523809523809526,245.80857142857144,553.7619047619048,62.58971095238095,15.239523809523812,19.906190476190474,7.120000000000002,17.069999999999997,7.08,4.554285714285715,34.96564000000001
2026-09-07T04:20:00.000Z,MCT2408036,15.171567,74.067106,35,120,496.5,68.260715,13.64,10.735,11.05,34.195,18.994999999999997,10.405000000000001,33.046615
2026-09-07T04:30:00.000Z,MCT2408036,15.171567,74.067106,38.25,120,496.0625,69.44803687499999,13.536249999999999,10.089374999999999,9.9675,30.775624999999998,17.035,12.392500000000002,32.90651625
2026-09-07T04:40:00.000Z,MCT2408036,15.171567,74.067106,36.3125,120,492.5625,69.65402875000001,13.289375,9.429375,7.171250000000001,22.036874999999995,12.095,11.123124999999998,32.796583749999996
2026-09-07T04:50:00.000Z,MCT2408036,15.171567,74.067106,36.266666666666666,120,498.93333333333334,68.39320866666667,13.088666666666667,9.265333333333333,5.648666666666666,17.628666666666664,9.828,11.055333333333335,33.24431533333333
2026-09-07T05:00:00.000Z,MCT2408036,15.171567,74.067106,36.0625,120,495.5,67.703765,12.916250000000002,9.380000000000003,5.031875,16.084375,9.117500000000001,11.044374999999999,33.37172
2026-09-07T05:10:00.000Z,MCT2408036,15.171567,74.067106,36.375,120,491.375,67.06480437500001,13.521249999999997,9.597500000000002,4.3081249999999995,13.425,7.5043750000000005,11.213125,33.239668125
2026-09-07T05:18:31.361Z,MCT2408036,15.171567,74.067106,35.92307692307692,120,492.15384615384613,67.27035846153846,12.651538461538461,9.419230769230769,4.371538461538462,13.210769230769232,7.208461538461538,10.979999999999999,33.83490846153846
2026-09-07T04:20:00.000Z,MCT2408031,15.290833,74.149167,20.5,198.0428,446.5,81.33749499999999,7.7491555000000005,6,9.52,25.215,13.809999999999999,5.745,30.71927
2026-09-07T04:30:00.000Z,MCT2408031,15.290833,74.149167,21.125,194.6152875,439.625,79.84880874999999,7.7132599375,6,10.029999999999998,26.496249999999993,14.553125,5.866249999999999,31.2005575
2026-09-07T04:40:00.000Z,MCT2408031,15.290833,74.149167,20.4375,204.05855624999998,440.5625,77.51755125,7.7744934375,6,9.433125,24.7275,13.513124999999997,5.938750000000001,32.07666375
2026-09-07T04:50:00.000Z,MCT2408031,15.290833,74.149167,19.6875,201.5020375,436.5,74.33323312499999,8.076039999999997,6,8.602499999999997,22.744375,12.619374999999998,6.494374999999999,32.961484375000005
2026-09-07T05:00:00.000Z,MCT2408031,15.290833,74.149167,19.875,206.29693749999998,437.75,72.089713125,8.210251312499999,6,7.500000000000001,19.621249999999996,10.654374999999998,6.97625,33.830214999999995
2026-09-07T05:10:00.000Z,MCT2408031,15.290833,74.149167,21.125,231.91518125000005,437.8125,71.043534375,9.030563687499999,8.512485625,7.261875000000001,19.023124999999993,10.326250000000002,7.821249999999999,33.75246
2026-09-07T05:18:31.410Z,MCT2408031,15.290833,74.149167,20.692307692307693,227.60289999999998,439.46153846153845,72.49355999999999,8.98583653846154,10.330830692307691,7.06923076923077,18.730769230769226,10.25769230769231,7.476153846153846,33.152628461538455
2026-09-07T04:20:00.000Z,MCT2408035,15.236111,74.125,55.5,190,663,65.41875999999999,26.297435,13.385,3.8,10.19,4.91,3.83,35.095105000000004
2026-09-07T04:30:00.000Z,MCT2408035,15.236111,74.125,57.75,194.01813750000002,693.625,65.1841575,28.152323124999995,13.621875,3.799999999999999,10.19,4.909999999999998,3.8299999999999987,35.001259375
2026-09-07T04:40:00.000Z,MCT2408035,15.236111,74.125,57.6875,191.273,692.25,65.0530275,28.152323125,13.781874999999998,3.799999999999999,10.19,4.909999999999998,3.8299999999999987,35.336423124999996
2026-09-07T04:50:00.000Z,MCT2408035,15.236111,74.125,57.3125,191.05218125,684.625,63.881438124999995,27.697175,14.522499999999997,3.799999999999999,10.19,4.909999999999998,3.8299999999999987,35.364578125
2026-09-07T05:00:00.000Z,MCT2408035,15.236111,74.125,58.6875,202.55297500000006,682.875,65.1865425,28.931248124999996,15.64875,3.799999999999999,10.19,4.909999999999998,3.8299999999999987,34.887308125000004
2026-09-07T05:10:00.000Z,MCT2408035,15.236111,74.125,57.5,201.67650625,683,66.18027124999999,27.865166875000003,14.564374999999998,3.799999999999999,10.19,4.909999999999998,3.8299999999999987,34.704313125
2026-09-07T05:18:31.420Z,MCT2408035,15.236111,74.125,55.30769230769231,193.80272307692306,673.3076923076923,64.69103461538462,26.091748461538465,12.788461538461538,3.7999999999999994,10.19,4.909999999999998,3.8299999999999987,35.38179923076923
2026-09-07T04:20:00.000Z,MCT2408038,15.188889,74.055556,29,233.33,607,64.15991500000001,10.85,13.33,13.63,37.77,18.19,4.734999999999999,35.10583
2026-09-07T04:30:00.000Z,MCT2408038,15.188889,74.055556,26.5625,254.69874999999996,632.125,65.245194375,10.553124999999998,13.330000000000005,10.530000000000001,30.317499999999995,15.052500000000002,4.693124999999999,34.54075687500001
2026-09-07T04:40:00.000Z,MCT2408038,15.188889,74.055556,23.5,382.849375,626.5625,65.45118687499999,10.091249999999999,13.330000000000005,6.1712500000000015,18.14125,9.143125,4.715625,34.860495625
2026-09-07T04:50:00.000Z,MCT2408038,15.188889,74.055556,24.125,371.29375000000005,606.8125,63.01121187499998,10.106875,13.330000000000005,6.823750000000001,20.129999999999995,10.075,4.688125,35.67962562500001
2026-09-07T05:00:00.000Z,MCT2408038,15.188889,74.055556,23.733333333333334,393.2086666666667,605.0666666666667,60.88334266666666,10.236666666666668,13.330000000000005,5.950000000000002,16.900000000000002,7.939999999999999,4.672666666666667,36.419658000000005
2026-09-07T05:10:00.000Z,MCT2408038,15.188889,74.055556,29.375,269.85625,591.375,59.84739749999999,10.877500000000001,13.330000000000005,12.1725,34.544375,16.93375,4.68375,37.035009375
2026-09-07T05:18:31.420Z,MCT2408038,15.188889,74.055556,24.785714285714285,291.42285714285714,608.7142857142857,58.34086357142858,10.807142857142855,13.330000000000004,8.502857142857144,23.85714285714286,11.567142857142859,4.777142857142857,37.07158928571429
2026-09-07T04:20:00.000Z,MCT2408039,15.163611,74.110833,29,350.12,443,73.13971000000001,3.1,10.3,9.02,28.94,11.76,2.3,32.72486
2026-09-07T04:30:00.000Z,MCT2408039,15.163611,74.110833,29,352.3706250000001,440,71.45838312500001,3.325625000000001,10.3,9.019999999999998,28.94,11.759999999999998,2.3,33.07543875
2026-09-07T04:40:00.000Z,MCT2408039,15.163611,74.110833,29,353.098125,435.5,69.839996875,3.290000000000001,10.3,9.019999999999998,29.004375000000003,11.885,2.3,33.58152875
2026-09-07T04:50:00.000Z,MCT2408039,15.163611,74.110833,29.125,352.2325000000001,441.75,69.78468375,3.41125,10.3,9.019999999999998,29.263125000000002,12.1475,2.3,33.3033475
2026-09-07T05:00:00.000Z,MCT2408039,15.163611,74.110833,30.625,332.65937500000007,435.25,70.88188624999998,3.218750000000001,10.3,9.124999999999998,31.910625,14.079374999999997,2.3,33.034548125
2026-09-07T05:10:00.000Z,MCT2408039,15.163611,74.110833,29,370.309375,435.4375,69.01220687499999,3.783750000000001,10.3,9.019999999999998,28.94,11.759999999999998,2.3,33.77726187500001
2026-09-07T05:18:31.420Z,MCT2408039,15.163611,74.110833,29,389.40461538461534,443.15384615384613,67.65476230769231,3.1623076923076927,10.299999999999999,9.019999999999998,28.94,11.76,2.3000000000000003,34.45531846153846
2026-09-07T04:20:00.000Z,MCT2408026,15.2467,74.198281,31,126.30194999999999,435.5,69.2449025,13.30911,12.5,4.73,14.51,7.71,2.56,34.4596475
2026-09-07T04:30:00.000Z,MCT2408026,15.2467,74.198281,30.791666666666668,130.07455,434.625,67.41225916666666,13.238655416666669,12.5,4.847916666666669,15.193333333333328,8.193750000000003,2.646666666666667,34.92842125
2026-09-07T04:40:00.000Z,MCT2408026,15.2467,74.198281,31.083333333333332,130.22908333333334,434.0416666666667,65.63524666666666,13.457687499999997,12.5,5.3591666666666695,17.128333333333327,9.358333333333333,3.5016666666666665,35.17822708333334
2026-09-07T04:50:00.000Z,MCT2408026,15.2467,74.198281,31.083333333333332,138.22054166666666,427.3333333333333,63.727261250000005,13.563873333333333,12.5,5.3970833333333355,17.16625,9.12,4.185,35.428482083333336
2026-09-07T05:00:00.000Z,MCT2408026,15.2467,74.198281,31.08,127.66457600000001,427.64,64.4183964,13.488048000000001,12.5,7.033599999999996,22.3988,12.033999999999997,3.6704000000000003,35.6217128
2026-09-07T05:10:00.000Z,MCT2408026,15.2467,74.198281,31.041666666666668,127.57382916666666,427.0833333333333,62.86609416666667,13.475115833333332,12.5,4.9650000000000025,16.159166666666668,8.877916666666668,3.5283333333333338,36.159574583333324
2026-09-07T05:18:31.627Z,MCT2408026,15.2467,74.198281,31.25,138.794115,429.7,62.474960499999995,13.627826000000002,12.5,4.730000000000002,14.605999999999998,7.8069999999999995,4.535,36.1617185
2026-09-07T09:50:00.000Z,MCT2408028,15.186944,74.096667,41.125,673.2,428.875,66.38101875,16.73625,12.314999999999998,5.490000000000001,17.648750000000003,9.94125,0.28500000000000003,34.9074175
2026-09-07T10:00:00.000Z,MCT2408028,15.186944,74.096667,41.24,651.9168,426.4,65.09313920000001,16.809999999999995,11.407599999999997,4.989999999999998,12.566800000000002,5.606399999999999,0.5700000000000001,35.267353199999995
2026-09-07T10:10:00.000Z,MCT2408028,15.186944,74.096667,40.84,648.3036000000002,425.8,65.293336,16.448399999999996,11.503199999999994,4.989999999999998,12.845200000000002,5.884399999999999,0.7904000000000001,35.6474528
2026-09-07T10:20:00.000Z,MCT2408028,15.186944,74.096667,40.92,655.6915999999999,426.16,62.96423279999999,16.550399999999996,11.3692,4.989999999999998,13.839600000000008,6.8783999999999965,0.8536,36.50546
2026-09-07T10:30:00.000Z,MCT2408028,15.186944,74.096667,40.04,647.8124,428.48,63.806824000000006,15.986800000000002,11.546399999999998,5.429999999999999,16.8232,9.185199999999996,1.1123999999999998,36.54793120000001
2026-09-07T10:40:00.000Z,MCT2408028,15.186944,74.096667,41.44,662.9976000000001,429.4,68.29595799999998,15.6576,11.9576,15.781200000000004,50.7116,28.153999999999996,1.8752000000000002,34.816900000000004
2026-09-07T10:46:33.818Z,MCT2408028,15.186944,74.096667,51.25,678.7156249999999,433.875,69.883865625,16.010624999999997,12.9375,19.288125,62.58125,35.043125,1.753125,34.074210625000006
2026-09-07T09:50:00.000Z,MCT2408020,15.543475,74.039433,23.5,180,422.8333333333333,65.35518333333334,10.042654,20.309723333333334,5.57,15.840000000000002,7.43,3.66,33.30401833333334
2026-09-07T10:00:00.000Z,MCT2408020,15.543475,74.039433,22.9375,180,427.6875,67.95887312500001,9.4742251875,19.622144375000005,5.5699999999999985,15.840000000000002,7.430000000000003,3.6599999999999984,32.879703750000004
2026-09-07T10:10:00.000Z,MCT2408020,15.543475,74.039433,22.4,180,423.1333333333333,69.67952466666665,8.921903533333333,19.073826666666665,5.5699999999999985,15.840000000000002,7.430000000000003,3.6599999999999984,32.876083333333334
2026-09-07T10:20:00.000Z,MCT2408020,15.543475,74.039433,22.0625,180,424.625,70.62010187499999,8.365455,18.400665625,5.5699999999999985,16.074375000000003,7.662500000000002,3.6599999999999984,33.41193749999999
2026-09-07T10:30:00.000Z,MCT2408020,15.543475,74.039433,22.625,180,425.625,67.41623374999999,8.939867500000002,18.468985,5.5699999999999985,15.898750000000001,7.488125000000002,3.6599999999999984,34.557512499999994
2026-09-07T10:40:00.000Z,MCT2408020,15.543475,74.039433,23.5625,180,429.75,64.655345625,10.123413812499999,19.780922499999996,5.5699999999999985,15.840000000000002,7.430000000000003,3.6599999999999984,34.745201875
2026-09-07T10:46:33.818Z,MCT2408020,15.543475,74.039433,23.181818181818183,180,423.6363636363636,66.27047909090909,9.757312727272728,20.01706727272727,5.57,15.840000000000002,7.4300000000000015,3.6599999999999993,34.265862727272726
2026-09-07T09:50:00.000Z,MCT2408056,15.579167,73.920833,20,180,407.4,73.79126,6.976000000000001,9,4.69,13.66,7.5,1.916,33.191404
2026-09-07T10:00:00.000Z,MCT2408056,15.579167,73.920833,20.0625,180,407.125,70.094150625,7.049375,9.04929575,4.6899999999999995,13.830624999999998,7.675625,1.6606249999999996,33.766534375000006
2026-09-07T10:10:00.000Z,MCT2408056,15.579167,73.920833,20,180,416.1875,68.00465062500001,7.295625,10.9659619375,4.6899999999999995,13.716874999999998,7.558125,1.5599999999999998,33.84362125
2026-09-07T10:20:00.000Z,MCT2408056,15.579167,73.920833,20,180,418.5625,68.53918374999999,7.158750000000001,10.6095945625,4.6899999999999995,13.659999999999998,7.5,1.5599999999999998,33.7055375
2026-09-07T10:30:00.000Z,MCT2408056,15.579167,73.920833,20,180,408.75,66.81303375,7.343125,10.190287374999999,4.6899999999999995,13.659999999999998,7.5,1.5599999999999998,34.263243124999995
2026-09-07T10:40:00.000Z,MCT2408056,15.579167,73.920833,20,180,412.0625,64.540428125,7.6068750000000005,11.441167625000002,4.6899999999999995,13.659999999999998,7.5,1.6037499999999996,34.553493124999996
2026-09-07T10:46:33.833Z,MCT2408056,15.579167,73.920833,20,180,405.09090909090907,65.01232181818182,7.659999999999999,11.855313545454544,4.6899999999999995,13.659999999999998,7.5,1.6181818181818182,34.48426727272727
2026-09-07T09:50:00.000Z,MCT2408057,15.272222,74.104722,30.77777777777778,369.7988888888889,413.3333333333333,59.70180111111111,13.101111111111113,7.978888888888887,2.98,7.477777777777779,3.4444444444444446,1.5377777777777777,35.86910222222222
2026-09-07T10:00:00.000Z,MCT2408057,15.272222,74.104722,30.416666666666668,360.8087500000001,408.9583333333333,59.69862375000002,12.9675,7.815833333333331,2.979999999999999,7.84708333333333,3.803750000000001,1.5745833333333332,35.9584775
2026-09-07T10:10:00.000Z,MCT2408057,15.272222,74.104722,30.96,368.54439999999994,404.12,60.863708,13.360800000000001,7.715200000000001,2.9799999999999995,7.826799999999997,3.784399999999999,1.8396000000000001,35.420936000000005
2026-09-07T10:20:00.000Z,MCT2408057,15.272222,74.104722,30.64,364.8764,408.36,62.71551520000002,13.113999999999997,7.879200000000002,2.9799999999999995,7.6683999999999966,3.6304,1.0028000000000001,35.0803048
2026-09-07T10:30:00.000Z,MCT2408057,15.272222,74.104722,30.8,353.3524,408.88,63.625854,13.171600000000002,8.010000000000002,3.1708,8.212399999999997,3.9179999999999997,1.0692000000000002,34.81904359999999
2026-09-07T10:40:00.000Z,MCT2408057,15.272222,74.104722,30.6,357.48280000000005,409.72,65.0681152,13.118,7.9496,2.9799999999999995,8.279999999999998,4.226000000000002,0.8331999999999999,34.2720644
2026-09-07T10:46:33.833Z,MCT2408057,15.272222,74.104722,30.375,355.556875,399.4375,65.30527437500001,12.994375,8.060625,2.979999999999999,8.09375,4.045624999999999,0.7262500000000001,33.979695625
2026-09-07T09:50:00.000Z,MCT2408055,15.585833,73.885556,20.5,115.86333333333333,658.8333333333334,65.55863666666666,8.250000000000002,7.821666666666668,3.5,8.99,4.543333333333333,0.22999999999999998,33.52567
2026-09-07T10:00:00.000Z,MCT2408055,15.585833,73.885556,19.875,116.18375,656.75,65.951389375,7.8568750000000005,7.6831249999999995,3.5,8.75625,4.302499999999999,0.33375,33.47427875000001
2026-09-07T10:10:00.000Z,MCT2408055,15.585833,73.885556,20.0625,115.06562500000001,657.5625,67.77481374999999,8.185625000000002,7.934375000000001,3.5,8.7975,4.345,0.38812500000000005,33.037898750000004
2026-09-07T10:20:00.000Z,MCT2408055,15.585833,73.885556,20.25,112.386875,656,66.106361875,8.18875,7.483750000000001,3.5,8.838750000000003,4.3875,0.3643750000000001,33.208161874999995
2026-09-07T10:30:00.000Z,MCT2408055,15.585833,73.885556,20.125,116.505,654.75,64.16468062500002,8.07375,7.571875000000001,3.5,9.086250000000001,4.642499999999999,0.40874999999999995,33.77659
2026-09-07T10:40:00.000Z,MCT2408055,15.585833,73.885556,20,121.22687499999999,652.25,63.24056937499999,7.911249999999999,7.965625,3.5,9.375,4.94,0.891875,34.057453125
2026-09-07T10:46:33.847Z,MCT2408055,15.585833,73.885556,20.1,120.69800000000001,648.9,63.810486000000004,8.035,7.030000000000001,3.5,9.077,4.635,0.756,34.173821999999994
2026-09-07T09:50:00.000Z,MCT2408052,15.444425,74.063856,21,160.32826,584.2,60.296386000000005,4.0735438,8,2.01,6,2.8999999999999995,2,35.778298
2026-09-07T10:00:00.000Z,MCT2408052,15.444425,74.063856,21,160.51969375,588.75,61.818164375,3.9344735625,8,2.009999999999999,6.034374999999999,2.9343749999999993,2,35.363907499999996
2026-09-07T10:10:00.000Z,MCT2408052,15.444425,74.063856,20.3125,160,583.1875,63.046496250000004,3.9001313124999992,8,2.009999999999999,5.969374999999999,2.8693749999999993,2,34.90540625
2026-09-07T10:20:00.000Z,MCT2408052,15.444425,74.063856,20.75,160.14569375,579.4375,62.43376249999999,3.909648874999999,8,2.051874999999999,6.208124999999998,3.065,2,34.753246250000004
2026-09-07T10:30:00.000Z,MCT2408052,15.444425,74.063856,20.625,160,583.5,63.215298125000004,3.9001314375,8,2.009999999999999,6.184999999999999,3.0849999999999995,2,34.426803125000006
2026-09-07T10:40:00.000Z,MCT2408052,15.444425,74.063856,20.875,160,564.75,64.21761062499999,3.831271625,8,2.051874999999999,6.338124999999998,3.195,2,34.1479475
2026-09-07T10:46:34.051Z,MCT2408052,15.444425,74.063856,20.363636363636363,160,578.4545454545455,65.34385727272726,3.8585007272727267,8,2.0099999999999993,5.987272727272727,2.8872727272727263,2,33.83880727272727
2026-09-07T09:50:00.000Z,MCT2408021,15.500556,74.053333,46.2,375,444.2,60.687011999999996,19.234,14.76482,2.86,7.389999999999999,3.81,3.978,35.924158
2026-09-07T10:00:00.000Z,MCT2408021,15.500556,74.053333,46.875,375,452.5,63.675445625,19.85125,15.081548750000001,2.86,7.39,3.810000000000001,3.97,34.932221250000005
2026-09-07T10:10:00.000Z,MCT2408021,15.500556,74.053333,47.9375,375,446.5,66.52883875,20.710625000000004,15.538484999999998,2.86,7.39,3.810000000000001,3.9475000000000002,33.763854374999994
2026-09-07T10:20:00.000Z,MCT2408021,15.500556,74.053333,48.375,375,440.75,67.46439375,21.19875,16.057371875,2.86,7.39,3.810000000000001,3.9749999999999996,33.46422437500001
2026-09-07T10:30:00.000Z,MCT2408021,15.500556,74.053333,49.75,375,448.125,68.397563125,21.82,16.198724374999998,2.86,7.39,3.810000000000001,3.9143749999999997,33.35764500000001
2026-09-07T10:40:00.000Z,MCT2408021,15.500556,74.053333,50.53333333333333,375,449.6666666666667,67.08247800000001,21.850666666666665,16.122495999999998,2.86,7.39,3.810000000000001,4.0473333333333334,33.67045866666667
2026-09-07T10:46:34.059Z,MCT2408021,15.500556,74.053333,50.27272727272727,375,446.45454545454544,65.50754181818182,21.679090909090913,15.824450909090912,2.86,7.39,3.8100000000000005,4.059999999999999,34.11766181818182
2026-09-07T09:50:00.000Z,MCT2408053,15.263333,74.110833,46.8,247.61260000000001,535.6,62.348696,20.605999999999998,34.286,4.59,11.864,5.8660000000000005,4.66,35.231318
2026-09-07T10:00:00.000Z,MCT2408053,15.263333,74.110833,50.1875,246.70185625000002,500.5625,62.200111875,23.554375,34.453125,4.590000000000002,11.730624999999996,5.710625,4.3306249999999995,35.113205625
2026-09-07T10:10:00.000Z,MCT2408053,15.263333,74.110833,48.25,244.88666875,513.4375,62.37940187500001,21.991875,33.04750000000001,4.590000000000002,11.730624999999996,5.710625,4.340625,35.211743125000005
2026-09-07T10:20:00.000Z,MCT2408053,15.263333,74.110833,47.375,207.52252500000003,528.25,62.903446249999995,21.263749999999998,33.56562500000001,4.590000000000002,11.669999999999996,5.64,4.491249999999999,35.25665500000001
2026-09-07T10:30:00.000Z,MCT2408053,15.263333,74.110833,50.5625,195.43568125,521.875,63.58580062499999,23.92625,35.794375,4.590000000000002,11.912499999999996,5.9225,4.139375,35.06427125
2026-09-07T10:40:00.000Z,MCT2408053,15.263333,74.110833,49.75,224.9310375,536.6875,65.19131062499999,23.386249999999997,36.168125,4.590000000000002,11.912499999999998,5.921874999999999,4.51125,34.350385
2026-09-07T10:46:34.051Z,MCT2408053,15.263333,74.110833,42.45454545454545,183.82472727272727,533.2727272727273,67.23316999999999,17.10909090909091,32.21363636363637,4.590000000000001,11.934545454545455,5.948181818181817,3.605454545454545,34.03186
2026-09-07T09:50:00.000Z,MCT2408043,15.221111,74.087222,33,216.69400000000002,487,58.860538,13.780000000000001,10.612,6.33,20.082,11.018,5.29,35.32569600000001
2026-09-07T10:00:00.000Z,MCT2408043,15.221111,74.087222,33,218.19,456.5,59.93513625,13.913749999999997,10.418749999999998,6.329999999999999,19.551875,10.49,5.290000000000001,35.109181875000004
2026-09-07T10:10:00.000Z,MCT2408043,15.221111,74.087222,33,204.52812499999996,461.75,61.429065625,13.92875,10.393749999999999,6.329999999999999,19.390625,10.33,5.290000000000001,35.01802
2026-09-07T10:20:00.000Z,MCT2408043,15.221111,74.087222,33,202.98062499999997,471.0625,62.154811875,13.94125,10.474375,6.329999999999999,19.390625,10.33,5.290000000000001,35.046841875
2026-09-07T10:30:00.000Z,MCT2408043,15.221111,74.087222,33,199.41933333333333,470.93333333333334,62.99363266666668,13.936,10.427333333333332,6.329999999999999,19.740000000000002,10.676666666666668,5.290000000000001,34.813752
2026-09-07T10:40:00.000Z,MCT2408043,15.221111,74.087222,33.75,186.1475,476.1875,64.371150625,13.966249999999995,10.434999999999999,7.834375,24.944375,13.69125,5.290000000000001,34.485791875
2026-09-07T10:46:34.067Z,MCT2408043,15.221111,74.087222,33,192.53199999999998,485.3,63.266510000000004,13.943000000000001,10.486,6.329999999999999,19.697000000000003,10.634,5.29,34.348642
2026-09-07T09:50:00.000Z,MCT2408051,15.486528,74.033889,50,424.934,763.6,74.23987,20.8,5.19,3.7299999999999995,10.57,4.98,4.39,32.637988
2026-09-07T10:00:00.000Z,MCT2408051,15.486528,74.033889,50.3125,429.886875,736.75,75.89868875,20.965624999999996,5.1899999999999995,4.118749999999999,11.889999999999997,5.757500000000002,4.39,32.1577725
2026-09-07T10:10:00.000Z,MCT2408051,15.486528,74.033889,51.3125,448.28437499999995,751.375,76.11898937500003,21.673750000000002,5.1899999999999995,3.7299999999999986,10.569999999999997,4.980000000000002,4.39,32.012313125000006
2026-09-07T10:20:00.000Z,MCT2408051,15.486528,74.033889,52,440.1125,734.25,76.083225,22.098125,5.1899999999999995,3.8081249999999986,10.802499999999997,5.135625000000002,4.39,32.099451875
2026-09-07T10:30:00.000Z,MCT2408051,15.486528,74.033889,51.875,439.65,727.125,75.171989375,21.993125,5.1899999999999995,3.7299999999999986,10.569999999999997,4.980000000000002,4.39,32.157101250000004
2026-09-07T10:40:00.000Z,MCT2408051,15.486528,74.033889,52.125,434.84000000000003,755.25,75.27021875000001,22.165625,5.1899999999999995,3.7299999999999986,10.569999999999997,4.980000000000002,4.39,32.3876925
2026-09-07T10:46:34.074Z,MCT2408051,15.486528,74.033889,52,435.802,736.4,74.99823099999999,22.069999999999997,5.1899999999999995,4.3519999999999985,12.619999999999996,6.224000000000002,4.39,32.516795
2026-09-07T09:50:00.000Z,MCT2408050,15.553611,73.958333,27.5,86.02999999999999,445.6666666666667,72.022005,11.44,3.5549999999999997,4.240000000000001,12.88,6.8,2.506666666666667,34.17632666666667
2026-09-07T10:00:00.000Z,MCT2408050,15.553611,73.958333,27.6875,86.02999999999999,456.625,70.71451625,11.504999999999999,3.5743750000000003,4.240000000000001,12.879999999999997,6.799999999999998,2.39125,34.59237
2026-09-07T10:10:00.000Z,MCT2408050,15.553611,73.958333,27.875,86.02999999999999,432.0625,68.3465425,11.665000000000001,3.5262500000000006,4.240000000000001,12.879999999999997,6.799999999999998,1.6275,34.831672499999996
2026-09-07T10:20:00.000Z,MCT2408050,15.553611,73.958333,28.3125,86.02999999999999,433.375,67.088645,12.078124999999998,3.69875,4.240000000000001,12.879999999999997,6.799999999999998,1.265,35.5422125
2026-09-07T10:30:00.000Z,MCT2408050,15.553611,73.958333,28.6875,86.09624999999998,429.5625,65.753501875,12.42,3.505625,4.240000000000001,12.879999999999997,6.799999999999998,1,35.675605624999996
2026-09-07T10:40:00.000Z,MCT2408050,15.553611,73.958333,28.666666666666668,87.77133333333332,424.3333333333333,64.88165266666667,12.418666666666665,3.4393333333333342,4.240000000000001,12.879999999999997,6.799999999999998,1.0333333333333334,35.770432666666665
2026-09-07T10:46:34.279Z,MCT2408050,15.553611,73.958333,28.90909090909091,88.93727272727271,443.1818181818182,64.16199363636365,12.643636363636363,3.15,4.240000000000001,12.879999999999997,6.799999999999998,1.0518181818181818,35.93410272727272
2026-09-07T09:50:00.000Z,MCT2408034,15.356389,74.123611,23.88888888888889,183.5667777777778,425.1111111111111,55.90745,10.063333333333334,6.467777777777778,6.481111111111113,19.173333333333332,9.68888888888889,1.5255555555555553,37.90925555555556
2026-09-07T10:00:00.000Z,MCT2408034,15.356389,74.123611,23.333333333333332,197.53333333333333,423.2916666666667,55.550775416666674,9.921666666666669,7.5474999999999985,6.379999999999998,17.819999999999997,8.44,1.2749999999999997,38.05255333333333
2026-09-07T10:10:00.000Z,MCT2408034,15.356389,74.123611,23.32,205.866284,415.68,55.753844,10.986400000000001,7.4376,6.379999999999998,17.819999999999997,8.44,1.2611999999999997,38.1176544
2026-09-07T10:20:00.000Z,MCT2408034,15.356389,74.123611,25.04,204.618944,418.08,57.90686120000002,13.174,7.9456,6.379999999999998,17.819999999999997,8.44,1.3432,37.477583599999996
2026-09-07T10:30:00.000Z,MCT2408034,15.356389,74.123611,24.041666666666668,194.66531666666666,423.75,62.16450708333334,11.175833333333335,6.352916666666666,6.379999999999998,17.897916666666664,8.517916666666666,2.6562499999999996,36.494735
2026-09-07T10:40:00.000Z,MCT2408034,15.356389,74.123611,23.24,180,424.16,64.20416279999999,7.136400000000001,4.201599999999999,6.379999999999998,18.082799999999995,8.702799999999998,3.9032,36.238617600000005
2026-09-07T10:46:34.280Z,MCT2408034,15.356389,74.123611,24,180.15305625000002,426.0625,64.18375375000001,7.15625,3.0656250000000003,6.379999999999999,18.992499999999996,9.612499999999999,3.5450000000000004,36.05500249999999
2026-09-07T09:50:00.000Z,MCT2408029,15.333611,74.206944,17.5,120,450.8333333333333,65.28779,8.741666666666667,7.14,2.94,8.67,4.71,3.5566666666666666,36.144378333333336
2026-09-07T10:00:00.000Z,MCT2408029,15.333611,74.206944,18.4375,120,450.75,66.542668125,9.456874999999998,7.14,2.9399999999999995,8.67,4.709999999999999,3.6975,35.649460625
2026-09-07T10:10:00.000Z,MCT2408029,15.333611,74.206944,16.5,120,450.75,67.461055625,8.081249999999999,7.14,2.9399999999999995,8.67,4.709999999999999,3.6243749999999997,34.941604375
2026-09-07T10:20:00.000Z,MCT2408029,15.333611,74.206944,13.866666666666667,120,460.8666666666667,68.45831333333334,5.516666666666665,7.14,2.9399999999999995,8.67,4.709999999999999,3.6633333333333336,34.597822666666666
2026-09-07T10:30:00.000Z,MCT2408029,15.333611,74.206944,13.25,120,451.3125,69.27876,4.115,7.14,2.9399999999999995,8.67,4.709999999999999,3.9412499999999997,34.230396875
2026-09-07T10:40:00.000Z,MCT2408029,15.333611,74.206944,14.0625,120,450.25,70.95245937500002,5.172499999999999,7.14,2.9399999999999995,8.67,4.709999999999999,3.84375,33.53326562499999
2026-09-07T10:46:34.296Z,MCT2408029,15.333611,74.206944,14,120,452.3636363636364,73.87837272727273,3.5863636363636364,7.14,2.9400000000000004,8.67,4.71,4.582727272727273,32.75654909090909
2026-09-07T09:50:00.000Z,MCT2408023,15.499722,74.020833,27.4,179.866,413.6,69.135804,12.038,14.854,6.34,17.73,10.15,3.75,34.070859999999996
2026-09-07T10:00:00.000Z,MCT2408023,15.499722,74.020833,27.125,168.88812499999997,408.8125,70.344013125,11.371875,16.8775,6.340000000000002,17.729999999999997,10.150000000000002,3.5793749999999998,33.69079
2026-09-07T10:10:00.000Z,MCT2408023,15.499722,74.020833,27,178.638125,405,70.67303249999999,11.260624999999997,17.267500000000002,6.340000000000002,17.729999999999997,10.150000000000002,3.675,33.54533375
2026-09-07T10:20:00.000Z,MCT2408023,15.499722,74.020833,27.375,178.86062499999994,410.125,69.61111437499999,11.576249999999996,17.193749999999998,6.418750000000001,18.125625,10.421875000000002,3.956875,33.554046875
2026-09-07T10:30:00.000Z,MCT2408023,15.499722,74.020833,27.25,200.02437499999994,410.0625,69.411796875,11.665624999999999,16.87875,6.340000000000002,17.729999999999997,10.150000000000002,4.041249999999999,33.54064
2026-09-07T10:40:00.000Z,MCT2408023,15.499722,74.020833,27.0625,218.20000000000002,414.4375,69.391770625,11.319374999999997,16.706875,6.340000000000002,17.729999999999997,10.150000000000002,4.211875,33.6002975
2026-09-07T10:46:34.307Z,MCT2408023,15.499722,74.020833,27.1,229.881,416,69.455475,11.218,17.032,6.340000000000001,17.729999999999997,10.150000000000002,4.2010000000000005,33.557131000000005
2026-09-07T09:50:00.000Z,MCT2408027,15.275556,74.1075,19.833333333333332,1175.2633333333333,489.1666666666667,63.49742499999999,6.579999999999999,12.479999999999999,4.93,14.788333333333332,7.908333333333334,2.9499999999999997,34.73224166666667
2026-09-07T10:00:00.000Z,MCT2408027,15.275556,74.1075,19.75,1176.5525,478.1875,63.88811499999999,6.579999999999999,12.549999999999997,4.9300000000000015,14.848125000000003,7.968125,2.9500000000000006,34.59438125
2026-09-07T10:10:00.000Z,MCT2408027,15.275556,74.1075,20.625,1179.9381249999997,485.9375,65.26236062499999,6.579999999999999,12.635624999999997,5.238750000000001,16.449375,9.07875,2.9500000000000006,34.347703749999994
2026-09-07T10:20:00.000Z,MCT2408027,15.275556,74.1075,19.6875,1180.4437500000001,504.375,66.0582,6.579999999999999,12.963749999999996,4.9300000000000015,14.601875000000001,7.722499999999999,2.9500000000000006,34.257209374999995
2026-09-07T10:30:00.000Z,MCT2408027,15.275556,74.1075,19.1875,1179.1056250000001,479.9375,67.38619249999999,6.579999999999999,13.341874999999996,4.9300000000000015,13.676250000000001,6.795625000000001,2.9500000000000006,33.804742499999996
2026-09-07T10:40:00.000Z,MCT2408027,15.275556,74.1075,19.6875,1181.973125,480.5625,69.372694375,6.579999999999999,13.376249999999999,4.9300000000000015,14.6625,7.783125,2.9500000000000006,33.2202275
2026-09-07T10:46:34.501Z,MCT2408027,15.275556,74.1075,19.5,1188.0400000000002,495.4,70.125335,6.58,13.041999999999998,4.93,14.589000000000002,7.7090000000000005,2.9499999999999997,33.147428000000005
2026-09-07T09:50:00.000Z,MCT2408040,15.528056,74.020833,19.6,100,415,66.37243600000002,8.68,5.273999999999999,3.07,8.42,3.7299999999999995,3.5,33.11418199999999
2026-09-07T10:00:00.000Z,MCT2408040,15.528056,74.020833,19.4375,100,416.625,68.924945,8.435,5.021875,3.07,8.42,3.7299999999999986,3.5,32.72016875
2026-09-07T10:10:00.000Z,MCT2408040,15.528056,74.020833,18.9375,100,432.5625,70.731204375,8.036249999999999,4.686875,3.07,8.42,3.7299999999999986,3.5,32.69469562500001
2026-09-07T10:20:00.000Z,MCT2408040,15.528056,74.020833,19,100,419.25,70.66158750000001,8.081875,4.5649999999999995,3.07,8.42,3.7299999999999986,3.5,32.983604375
2026-09-07T10:30:00.000Z,MCT2408040,15.528056,74.020833,19.1875,100,419.8125,69.426101875,8.166875000000001,4.63125,3.07,8.42,3.7299999999999986,3.5,33.518518750000005
2026-09-07T10:40:00.000Z,MCT2408040,15.528056,74.020833,19.5625,100,418.125,67.016166875,8.695625000000001,4.805625,3.07,8.42,3.7299999999999986,3.5,33.975674375000004
2026-09-07T10:46:34.504Z,MCT2408040,15.528056,74.020833,20.1,100,417.7,65.75979600000001,9.125,4.960000000000001,3.07,8.42,3.7299999999999995,3.5,33.911055
2026-09-07T09:50:00.000Z,MCT2408049,15.475278,74.055833,56,150,459,65.06476,23.41,9.358,3.8299999999999996,9.65,4.298,2.61,33.63328
2026-09-07T10:00:00.000Z,MCT2408049,15.475278,74.055833,56.5625,150.06988124999998,458.125,66.680475,24.11,12.435,3.8299999999999987,9.67125,4.315000000000001,2.61,33.44880875
2026-09-07T10:10:00.000Z,MCT2408049,15.475278,74.055833,56.4375,153.356625,458.3125,66.61753062499999,23.931874999999998,12.313125,3.8299999999999987,10.149375000000003,4.794375,2.61,33.631801875
2026-09-07T10:20:00.000Z,MCT2408049,15.475278,74.055833,56.25,150.91025,456.875,64.93811062500001,23.815625000000004,11.790624999999999,3.8299999999999987,10.291875000000001,4.938124999999999,2.61,33.903950625
2026-09-07T10:30:00.000Z,MCT2408049,15.475278,74.055833,56.25,150.24261875000002,459.6875,64.356368125,23.840000000000003,11.526249999999997,3.8299999999999987,10.387500000000001,5.03375,2.61,33.77256937500001
2026-09-07T10:40:00.000Z,MCT2408049,15.475278,74.055833,56.23076923076923,153.41826923076923,458.61538461538464,65.25091538461538,23.889230769230764,12.128461538461538,3.8299999999999987,10.31076923076923,4.958461538461538,2.61,33.77550615384616
2026-09-07T10:46:34.513Z,MCT2408049,15.475278,74.055833,56.45454545454545,150,457.27272727272725,64.69327636363636,23.85272727272728,12.043636363636363,3.8299999999999987,11.280000000000001,5.929999999999999,2.61,33.76958363636363
2026-09-07T09:50:00.000Z,MCT2408044,15.313669,74.140042,22.8,214.29000000000002,426.6,60.300965999999995,9.222000000000001,4.6419999999999995,2.87,7.5,4.32,3.0074359999999998,34.90741800000001
2026-09-07T10:00:00.000Z,MCT2408044,15.313669,74.140042,23,214.29,423.4375,61.96646062499999,9.54625,4.54125,2.8699999999999997,7.5,4.32,2.7613781875,34.839715625
2026-09-07T10:10:00.000Z,MCT2408044,15.313669,74.140042,23.0625,214.29,422.875,62.735599375,9.531875,4.856875000000001,2.8699999999999997,7.5,4.32,2.766346125,34.7136975
2026-09-07T10:20:00.000Z,MCT2408044,15.313669,74.140042,23,214.29,418.4375,63.31686375,9.4225,4.949375,2.8699999999999997,7.5,4.32,2.805208312499999,34.17543250000001
2026-09-07T10:30:00.000Z,MCT2408044,15.313669,74.140042,23.266666666666666,214.29,415.93333333333334,67.91509933333333,9.844666666666665,4.522666666666666,2.8699999999999997,7.5,4.320000000000001,2.3,33.157083333333325
2026-09-07T10:40:00.000Z,MCT2408044,15.313669,74.140042,24.0625,214.29,420.5625,70.66587874999999,10.509375,3.493125,2.8699999999999997,7.5,4.32,2.3,32.275078750000006
2026-09-07T10:46:34.527Z,MCT2408044,15.313669,74.140042,24.09090909090909,214.29,418.6363636363636,71.13595272727274,10.64,3.367272727272727,2.8700000000000006,7.5,4.32,2.3000000000000003,32.12571636363637
2026-09-07T09:50:00.000Z,MCT2408030,15.142519,74.075003,27,169.642,410,68.11956666666667,8.168333333333335,6.2,9.37,24.64,12.31,3.1916666666666664,33.60968333333333
2026-09-07T10:00:00.000Z,MCT2408030,15.142519,74.075003,27,175.02066,413.2,67.618572,7.566000000000002,6.200000000000002,9.370000000000001,24.639999999999993,12.31,3.294,33.598244
2026-09-07T10:10:00.000Z,MCT2408030,15.142519,74.075003,27,171.84508749999998,412.375,67.429585625,7.633750000000001,6.200000000000002,9.370000000000001,24.639999999999993,12.31,3.45625,33.478301249999994
2026-09-07T10:20:00.000Z,MCT2408030,15.142519,74.075003,27,170.56284666666664,409.6,68.74466933333333,7.7826666666666675,6.200000000000002,9.370000000000001,24.639999999999993,12.31,3.342666666666667,33.14063933333333
2026-09-07T10:30:00.000Z,MCT2408030,15.142519,74.075003,27,164.29027499999998,418.5625,69.82759874999999,7.845,6.200000000000002,9.370000000000001,24.639999999999993,12.31,3.0774999999999997,32.906515625
2026-09-07T10:40:00.000Z,MCT2408030,15.142519,74.075003,27,165.94690666666665,413.53333333333336,70.32293800000001,7.923333333333335,6.200000000000002,9.370000000000001,24.639999999999993,12.31,2.771333333333333,32.85534533333334
2026-09-07T10:46:34.687Z,MCT2408030,15.142519,74.075003,27,163.94013,412.6,70.646424,8.102,6.200000000000001,9.370000000000001,24.639999999999997,12.31,2.748,32.801007000000006
2026-09-07T09:50:00.000Z,MCT2408037,15.394444,74.118333,26.833333333333332,164.7617,433.6666666666667,61.824046666666675,11.733333333333333,14.258333333333335,3.72,11.584999999999999,5.375,2.965,36.001376666666665
2026-09-07T10:00:00.000Z,MCT2408037,15.394444,74.118333,26.357142857142858,165.14672857142858,428.7142857142857,61.809514285714286,11.504999999999997,14.225000000000003,3.7199999999999993,11.624285714285714,5.410714285714286,2.654999999999999,36.04044642857143
2026-09-07T10:10:00.000Z,MCT2408037,15.394444,74.118333,26.4375,161.6887375,436.375,61.31653312499999,11.49375,14.178749999999996,3.7199999999999993,11.806249999999999,5.578125,2.7243749999999998,36.36603125
2026-09-07T10:20:00.000Z,MCT2408037,15.394444,74.118333,26.875,161.67070625,436.6875,61.778586250000004,11.873125000000002,14.1025,3.7199999999999993,11.24375,5.0625,2.666875,36.20783625000001
2026-09-07T10:30:00.000Z,MCT2408037,15.394444,74.118333,26.625,166.2777125,426,61.502021875,11.700000000000001,14.043750000000003,3.7199999999999993,11.038749999999999,4.875,3.0418749999999997,35.622650625000006
2026-09-07T10:40:00.000Z,MCT2408037,15.394444,74.118333,26.6875,164.659775,424.625,63.263935,11.570000000000002,14.040625,4.369999999999999,13.8,6.467499999999999,2.529375,35.060249375
2026-09-07T10:46:34.726Z,MCT2408037,15.394444,74.118333,26.272727272727273,161.65882727272728,420.8181818181818,61.994550000000004,11.290000000000003,14.161818181818182,4.259999999999999,14.421818181818184,7.157272727272727,2.5327272727272727,35.34617272727273
2026-09-07T09:50:00.000Z,MCT2408046,15.529167,74.07,29.666666666666668,95.52,539.8888888888889,61.518445555555545,12.371111111111112,1.6677777777777778,5.06,13.33,5.75,2.8455555555555554,35.320931111111115
2026-09-07T10:00:00.000Z,MCT2408046,15.529167,74.07,30.28,95.52,537.72,62.86138880000001,12.648400000000002,1.5764000000000002,5.060000000000001,13.330000000000002,5.75,2.8420000000000014,34.4072
2026-09-07T10:10:00.000Z,MCT2408046,15.529167,74.07,30.68,95.52,537.6,64.05340559999999,12.989199999999999,1.4235999999999998,5.060000000000001,13.330000000000002,5.75,2.8400000000000016,33.8439156
2026-09-07T10:20:00.000Z,MCT2408046,15.529167,74.07,31.04,95.52,535.64,65.98608359999999,13.4108,1.0764,5.060000000000001,13.9516,6.425200000000002,2.8400000000000016,33.74782
2026-09-07T10:30:00.000Z,MCT2408046,15.529167,74.07,31.04,99.12479999999998,545.92,67.52722199999998,13.476400000000002,0.9556000000000003,5.060000000000001,13.374400000000003,5.9064,2.8400000000000016,33.835766
2026-09-07T10:40:00.000Z,MCT2408046,15.529167,74.07,31.08,95.52,542.48,66.6327512,13.598000000000003,0.7587999999999999,5.060000000000001,13.374400000000001,5.8344,2.8400000000000016,34.520886
2026-09-07T10:46:34.724Z,MCT2408046,15.529167,74.07,30.8125,95.52,539.8125,64.278166875,13.180000000000001,1.031875,5.0600000000000005,13.330000000000005,5.75,2.8400000000000007,34.92283625
2026-09-07T09:50:00.000Z,MCT2408042,15.213889,74.071667,61.2,172.096,425.8,63.625857999999994,26.119999999999997,14.112,4.55,13.862,7.4719999999999995,2.782,34.868806
2026-09-07T10:00:00.000Z,MCT2408042,15.213889,74.071667,61.5,194.11187500000003,424.875,64.00398625,26.350624999999997,13.196874999999999,4.606874999999999,12.939999999999998,6.436875,2.6193750000000002,34.80821125000001
2026-09-07T10:10:00.000Z,MCT2408042,15.213889,74.071667,61.875,205.08187499999997,424.25,63.169998125,26.6725,13.309375000000001,4.948124999999999,14.080000000000002,7.12,2.4093750000000003,35.04818375000001
2026-09-07T10:20:00.000Z,MCT2408042,15.213889,74.071667,61.75,197.82187500000003,431.4375,63.70262687499999,26.522499999999997,13.710625,4.777499999999999,13.908750000000005,7.17625,3.0212499999999998,34.94897625
2026-09-07T10:30:00.000Z,MCT2408042,15.213889,74.071667,61.0625,146.033125,437.75,64.88327375,25.880000000000003,13.929374999999999,5.516874999999999,16.759375000000002,8.826875000000001,2.706875,34.68889625
2026-09-07T10:40:00.000Z,MCT2408042,15.213889,74.071667,61.5625,201.540625,431.375,64.746898125,26.449375000000003,13.518124999999998,6.369999999999999,19.095625,10.022499999999997,2.501875,34.586338125
2026-09-07T10:46:34.735Z,MCT2408042,15.213889,74.071667,61.54545454545455,250.50272727272724,423.27272727272725,64.88054181818181,26.40181818181818,13.770909090909093,4.549999999999999,13.183636363636365,6.793636363636363,2.2936363636363635,34.74751818181819
2026-09-07T09:50:00.000Z,MCT2408041,15.224628,74.171389,30.6,463.05062,411.4,63.584655999999995,12.968,9.7,8.09,20.25,8.9,7.739999999999999,34.141646
2026-09-07T10:00:00.000Z,MCT2408041,15.224628,74.171389,30.6875,429.84124374999993,422.5625,64.31488437499999,13.101875000000001,9.7,8.090000000000002,20.25,8.900000000000002,7.604374999999999,34.111749999999994
2026-09-07T10:10:00.000Z,MCT2408041,15.224628,74.171389,30.75,429.33860624999994,416.9375,64.65153124999999,13.14,9.7,8.090000000000002,20.25,8.900000000000002,7.748750000000001,33.985726875000005
2026-09-07T10:20:00.000Z,MCT2408041,15.224628,74.171389,31.3125,401.2188,416.8125,63.81039125,13.2175,9.7,8.797500000000001,22.57875,10.214375000000004,7.613125,33.981035625
2026-09-07T10:30:00.000Z,MCT2408041,15.224628,74.171389,30.875,434.8261437499999,424.375,63.394588125000006,13.298125000000002,9.7,8.090000000000002,20.25,8.900000000000002,7.63,34.237100625000004
2026-09-07T10:40:00.000Z,MCT2408041,15.224628,74.171389,30.6875,428.1915937499999,425.375,62.866730000000004,13.131250000000001,9.7,8.090000000000002,20.25,8.900000000000002,7.683750000000002,34.572261250000004
2026-09-07T10:46:34.747Z,MCT2408041,15.224628,74.171389,31,430.10126999999994,424.6,63.57473899999999,13.227,9.700000000000001,8.090000000000002,20.736,9.385000000000002,7.5600000000000005,34.56529
2026-09-07T09:50:00.000Z,MCT2408033,15.346944,74.007778,23.666666666666668,127.97488333333332,440.3333333333333,58.25221833333333,11.083333333333334,5.783333333333332,3.231666666666667,7.4366666666666665,4.118333333333333,4.39,36.54478833333333
2026-09-07T10:00:00.000Z,MCT2408033,15.346944,74.007778,22.5625,125.66766249999999,479.9375,60.46442312499999,10.111875000000001,5.501249999999999,3.2575000000000007,7.2112500000000015,3.8237499999999995,4.39,35.8411725
2026-09-07T10:10:00.000Z,MCT2408033,15.346944,74.007778,21.625,119.85932500000001,478,62.597794375,9.503125,5.08,3.0300000000000007,6.7631250000000005,3.640625,4.39,35.34379500000001
2026-09-07T10:20:00.000Z,MCT2408033,15.346944,74.007778,21.3125,111.11865,454.1875,59.8178325,9.14625,4.3475,3.5225000000000004,8.590625000000001,5.03625,4.39,36.320451874999996
2026-09-07T10:30:00.000Z,MCT2408033,15.346944,74.007778,23,125.85379375,462.1875,56.274933125000004,10.395000000000001,4.7318750000000005,3.0300000000000007,6.377500000000001,3.1981249999999997,4.39,37.13958062500001
2026-09-07T10:40:00.000Z,MCT2408033,15.346944,74.007778,23.0625,134.8466375,457.625,53.831142500000006,10.618125,4.900625,3.0300000000000007,6.280000000000001,3.0875,4.39,38.297220625
2026-09-07T10:46:34.908Z,MCT2408033,15.346944,74.007778,23.9,134.35189,470.1,53.66796899999999,11.439000000000002,5.54,3.0300000000000002,6.357,3.1760000000000006,4.39,38.71161400000001
2026-09-07T09:50:00.000Z,MCT2408024,15.148056,74.131667,38.125,228.8102,550.125,61.4686425,15.58296875,5,5,14.989999999999998,7.990000000000001,2.41625,36.071090000000005
2026-09-07T10:00:00.000Z,MCT2408024,15.148056,74.131667,38.56,227.57764799999998,553.48,61.23388720000002,15.908357999999998,5,5,14.990000000000004,7.990000000000002,2.432,36.1202112
2026-09-07T10:10:00.000Z,MCT2408024,15.148056,74.131667,38.44,229.873844,471.52,60.2997444,15.783889199999997,5.325541119999998,5,14.990000000000004,7.990000000000002,2.4668,36.062724
2026-09-07T10:20:00.000Z,MCT2408024,15.148056,74.131667,38.291666666666664,229.42967916666672,539,60.81315083333332,15.603548750000002,5.932539666666664,5,14.990000000000004,7.990000000000002,2.455,35.75559625
2026-09-07T10:30:00.000Z,MCT2408024,15.148056,74.131667,38.56,226.641604,545.56,62.17871120000001,15.837918399999996,5.7324675199999975,5,14.990000000000004,7.990000000000002,2.4004000000000003,35.54234759999999
2026-09-07T10:40:00.000Z,MCT2408024,15.148056,74.131667,39.16,224.90670800000004,466.36,62.500975600000004,16.386549200000005,5.09264072,5,14.990000000000004,7.990000000000002,2.3972,35.786877200000006
2026-09-07T10:46:34.971Z,MCT2408024,15.148056,74.131667,38.9375,224.41419999999997,582.125,62.4094425,16.1695,5,5,14.990000000000004,7.989999999999998,2.374375,35.899489374999995
2026-09-07T09:50:00.000Z,MCT2408022,15.475833,74.038889,26,150,441.4,67.626706,5.438,11.024700000000001,5,14,7,4.0779944,33.761978
2026-09-07T10:00:00.000Z,MCT2408022,15.475833,74.038889,31.0625,150,439.375,69.662613125,5.6274999999999995,11.217119375,8.125,24.4375,12.8125,4.0556140625,33.22693
2026-09-07T10:10:00.000Z,MCT2408022,15.475833,74.038889,28.4375,150,433.75,70.13468187499998,5.42875,11.166101875,6,19.3125,10.75,3.9753596875,33.017791875
2026-09-07T10:20:00.000Z,MCT2408022,15.475833,74.038889,28.125,150,434,68.57637875000002,5.36,11.183986875,5.875,18.875,10.375,4.008508625,32.971538124999995
2026-09-07T10:30:00.000Z,MCT2408022,15.475833,74.038889,26.25,150,434.6875,69.582505,5.290625,11.189320625,5,15.0625,8.0625,4.027332374999999,32.883724375
2026-09-07T10:40:00.000Z,MCT2408022,15.475833,74.038889,29.2,150,433.6,69.25787466666667,5.260000000000001,11.428246666666668,6.466666666666667,20.8,11.466666666666667,4.022595933333333,33.01050733333333
2026-09-07T10:46:34.976Z,MCT2408022,15.475833,74.038889,28.545454545454547,150,434.09090909090907,69.91871636363636,5.233636363636363,11.27929909090909,6,19.454545454545453,10.909090909090908,4.112885545454545,32.75654727272728
2026-09-07T09:50:00.000Z,MCT2408045,15.619444,73.878889,28.4,190.162,579,62.934632,12.245999999999999,19.398,3.02,9.7,4.52,2.53,35.548782
2026-09-07T10:00:00.000Z,MCT2408045,15.619444,73.878889,28.8125,179.63499999999996,579.125,64.07980375,12.530624999999999,18.163125,3.8700000000000014,12.550624999999998,6.0775,2.5300000000000002,35.1782275
2026-09-07T10:10:00.000Z,MCT2408045,15.619444,73.878889,34.5,188.13687499999995,581.75,65.59614624999999,17.847499999999997,19.51,3.020000000000001,9.7,4.519999999999998,2.5300000000000002,34.449592499999994
2026-09-07T10:20:00.000Z,MCT2408045,15.619444,73.878889,27.75,178.53812499999998,599.4375,66.437285625,11.679374999999997,17.369375,3.020000000000001,9.985,4.803124999999999,2.5300000000000002,34.250506249999994
2026-09-07T10:30:00.000Z,MCT2408045,15.619444,73.878889,27.6875,178.11999999999995,591.875,66.19123875,11.665,17.58125,3.208750000000001,10.697499999999998,5.2643749999999985,2.5300000000000002,34.227045
2026-09-07T10:40:00.000Z,MCT2408045,15.619444,73.878889,28.1875,178.11999999999995,599.875,67.07147937500001,12.180625,17.700625,3.020000000000001,9.735624999999999,4.555624999999997,2.5300000000000002,33.891884375000004
2026-09-07T10:46:34.971Z,MCT2408045,15.619444,73.878889,28.2,178.11999999999998,602.7,68.49341000000001,12.068999999999997,17.331,3.02,9.871,4.6899999999999995,2.5300000000000002,33.740528
2026-09-07T09:50:00.000Z,MCT2408032,15.525556,73.828611,37.125,191.72875,534.875,59.374375,16.67125,20.41375,7.119999999999999,17.069999999999997,7.079999999999999,2.76375,36.17565875
2026-09-07T10:00:00.000Z,MCT2408032,15.525556,73.828611,36.22727272727273,229.50681818181826,535.8636363636364,61.07971863636363,15.861363636363633,20.416363636363638,7.120000000000002,17.069999999999997,7.080000000000001,2.7113636363636364,35.728865000000006
2026-09-07T10:10:00.000Z,MCT2408032,15.525556,73.828611,36.32,208.2284,527.76,60.71234079999999,15.848399999999996,19.911999999999995,7.120000000000002,17.467599999999994,7.475600000000003,2.6971999999999996,35.624714399999995
2026-09-07T10:20:00.000Z,MCT2408032,15.525556,73.828611,36.64,207.59,537.2,62.24157760000002,16.215999999999998,19.629199999999997,7.120000000000002,17.069999999999997,7.080000000000002,1.9551999999999998,35.246331600000005
2026-09-07T10:30:00.000Z,MCT2408032,15.525556,73.828611,36.2,211.16320000000005,514.88,60.462402000000004,15.826399999999994,19.749599999999997,7.120000000000002,17.126799999999996,7.136400000000004,2.2152000000000007,35.527759599999996
2026-09-07T10:40:00.000Z,MCT2408032,15.525556,73.828611,35.84,203.19120000000004,544.24,61.522888800000004,15.544799999999993,19.628400000000003,7.120000000000002,17.069999999999997,7.080000000000002,2.4964,35.3201216
2026-09-07T10:46:34.999Z,MCT2408032,15.525556,73.828611,35.75,202.60187499999998,549.875,63.59200062500001,15.3625,19.409374999999997,7.120000000000002,17.069999999999997,7.079999999999999,2.308125,34.853793125
2026-09-07T09:50:00.000Z,MCT2408036,15.171567,74.067106,36.2,120,479.6,63.773864,11.803999999999998,8.044,2.63,7.6,4.05,10.924,34.111616
2026-09-07T10:00:00.000Z,MCT2408036,15.171567,74.067106,35.5,120,480.875,63.039345624999996,12.05625,8.095625,2.63,7.599999999999998,4.049999999999999,10.716249999999999,34.286705
2026-09-07T10:10:00.000Z,MCT2408036,15.171567,74.067106,35.375,120,479.1875,64.146560625,11.999375,8.233125000000001,2.63,7.599999999999998,4.049999999999999,10.564375000000002,34.101695
2026-09-07T10:20:00.000Z,MCT2408036,15.171567,74.067106,35.375,120,481.8125,64.3859325,12.08625,8.12625,2.63,7.599999999999998,4.049999999999999,10.57625,34.182134375000004
2026-09-07T10:30:00.000Z,MCT2408036,15.171567,74.067106,35.666666666666664,120,483.6,65.75801666666668,12.359999999999998,7.888000000000002,2.63,7.599999999999998,4.049999999999999,10.761333333333333,33.642571333333336
2026-09-07T10:40:00.000Z,MCT2408036,15.171567,74.067106,35.6875,120,480.3125,66.295665625,12.161249999999995,7.995625,2.63,7.790624999999999,4.240625,10.85,33.256425625
2026-09-07T10:46:35.127Z,MCT2408036,15.171567,74.067106,35.09090909090909,120,475.8181818181818,67.90316999999999,11.818181818181815,7.887272727272728,3.443636363636364,9.994545454545452,5.294545454545454,10.460909090909091,32.811148181818176
2026-09-07T09:50:00.000Z,MCT2408031,15.290833,74.149167,18.833333333333332,198.6585,412.5,65.37807166666667,8.067989500000001,6,3.97,10.795,6.1883333333333335,4.176666666666667,33.58823333333333
2026-09-07T10:00:00.000Z,MCT2408031,15.290833,74.149167,19.0625,192.02415625000003,414.5625,65.8693725,8.31279,6.0142795625000005,4.315625,11.46625,6.428749999999999,4.1625,33.518519375
2026-09-07T10:10:00.000Z,MCT2408031,15.290833,74.149167,19.25,192.28634375000001,412.375,66.18646874999999,8.583984312500002,6,3.959375,10.433750000000002,5.833749999999999,4.137499999999999,33.315412499999994
2026-09-07T10:20:00.000Z,MCT2408031,15.290833,74.149167,18.9375,181.2157625,415.6875,68.26500374999999,8.2891680625,6.1927023125,3.9593749999999996,10.244375000000002,5.653124999999999,4.084999999999999,32.860264375
2026-09-07T10:30:00.000Z,MCT2408031,15.290833,74.149167,18.875,177.46026249999997,417.8125,70.0893825,8.110615125,6.34159725,4.04875,10.87,6.159999999999999,4.009999999999999,32.663190625
2026-09-07T10:40:00.000Z,MCT2408031,15.290833,74.149167,18.5,170.3904875,414.5,70.340675625,7.900654125000001,6.1631745,3.9593749999999996,10.542500000000002,5.951249999999999,4.009999999999999,32.773793125000005
2026-09-07T10:46:35.210Z,MCT2408031,15.290833,74.149167,18.4,174.88998999999998,421.6,71.04620399999999,7.7580231,6,4.428999999999999,11.65,6.523000000000001,4.009999999999999,32.693756
2026-09-07T09:50:00.000Z,MCT2408039,15.163611,74.110833,29,342.63333333333327,419.6666666666667,60.510518333333344,4.6850000000000005,10.299999999999999,9.019999999999998,28.94,11.76,2.3000000000000003,36.414294999999996
2026-09-07T10:00:00.000Z,MCT2408039,15.163611,74.110833,29,372.645625,421.0625,59.12689625,3.9206250000000007,10.3,9.019999999999998,28.94,11.759999999999998,2.3,36.33854937500001
2026-09-07T10:10:00.000Z,MCT2408039,15.163611,74.110833,29,365.35874999999993,428.75,59.630435625000004,4.233750000000001,10.3,9.019999999999998,28.94,11.759999999999998,2.3,36.103266874999996
2026-09-07T10:20:00.000Z,MCT2408039,15.163611,74.110833,29,367.6226666666667,431.3333333333333,59.75520933333335,5.334,10.3,9.019999999999998,28.94,11.759999999999998,2.3,35.839788
2026-09-07T10:30:00.000Z,MCT2408039,15.163611,74.110833,29,358.33250000000004,423.625,60.84446312499999,6.396875,10.3,9.019999999999998,28.94,11.759999999999998,2.3,35.58243125
2026-09-07T10:40:00.000Z,MCT2408039,15.163611,74.110833,29,341.97812500000003,429.0625,62.619249375,7.911874999999998,10.3,9.019999999999998,28.94,11.759999999999998,2.3,35.166160624999996
2026-09-07T10:46:35.212Z,MCT2408039,15.163611,74.110833,29,336.87363636363636,439.09090909090907,63.863058181818175,9.031818181818181,10.299999999999999,9.019999999999998,28.94,11.760000000000002,2.3000000000000003,34.782616363636365
2026-09-07T09:50:00.000Z,MCT2408035,15.236111,74.125,55.4,191.91088,661.2,60.076662,25.264138000000003,11.797999999999998,3.8,10.19,4.91,4.564,35.44153200000001
2026-09-07T10:00:00.000Z,MCT2408035,15.236111,74.125,56.1875,197.221775,665.125,59.08922562500001,25.733004375000007,11.972500000000004,3.799999999999999,10.19,4.909999999999998,4.26,35.363904999999995
2026-09-07T10:10:00.000Z,MCT2408035,15.236111,74.125,54.125,194.015275,664.9375,60.19405625000001,23.957171250000002,11.436250000000001,3.799999999999999,10.19,4.909999999999998,4.706875,35.41418062500001
2026-09-07T10:20:00.000Z,MCT2408035,15.236111,74.125,55.75,192.30299375000004,670.1875,60.2741675,25.3348225,11.86625,3.799999999999999,10.19,4.909999999999998,4.477499999999999,35.328378750000006
2026-09-07T10:30:00.000Z,MCT2408035,15.236111,74.125,54.375,192.99831874999998,668.9375,61.45052312500001,24.239095625,11.644375,3.799999999999999,10.19,4.909999999999998,4.7837499999999995,35.164149375
2026-09-07T10:40:00.000Z,MCT2408035,15.236111,74.125,53.4375,190.87149375,663.625,62.28498812499999,23.45261375,11.358125,3.799999999999999,10.19,4.909999999999998,5.253125,35.12124874999999
2026-09-07T10:46:35.212Z,MCT2408035,15.236111,74.125,53.5,190.5557,664.8,62.869782,23.558407999999996,11.460999999999999,3.8,10.19,4.909999999999999,4.852999999999999,34.851645999999995
2026-09-07T09:50:00.000Z,MCT2408038,15.188889,74.055556,23.333333333333332,433.86999999999995,564.5,56.14904666666667,9.990000000000002,13.33,5.95,16.900000000000002,7.94,4.628333333333334,37.30984
2026-09-07T10:00:00.000Z,MCT2408038,15.188889,74.055556,23.2,378.4346666666667,549.0666666666667,57.585918,9.756,13.330000000000005,5.950000000000002,16.900000000000002,7.939999999999999,4.568666666666667,36.85938733333332
2026-09-07T10:10:00.000Z,MCT2408038,15.188889,74.055556,23.125,359.66625,537.375,58.505578125,9.6175,13.330000000000005,5.950000000000002,16.900000000000002,7.939999999999999,4.521875,36.626118749999996
2026-09-07T10:20:00.000Z,MCT2408038,15.188889,74.055556,23.0625,377.166875,539.875,59.90890875,9.515,13.330000000000005,5.950000000000002,16.900000000000002,7.939999999999999,4.50125,35.967861250000006
2026-09-07T10:30:00.000Z,MCT2408038,15.188889,74.055556,22.6875,329.29875,534.25,61.634105625,9.169374999999997,13.330000000000005,6.582500000000001,19.880624999999995,10.211875,4.4725,35.431610625
2026-09-07T10:40:00.000Z,MCT2408038,15.188889,74.055556,22.625,296.15124999999995,498.1875,62.068503750000005,9.186874999999999,13.330000000000005,6.173750000000002,17.7075,8.518125,4.445,35.079018125
2026-09-07T10:46:35.219Z,MCT2408038,15.188889,74.055556,22.5,346.95200000000006,481.8,61.66738899999999,9.160999999999998,13.330000000000002,5.950000000000001,16.900000000000002,7.9399999999999995,4.483,35.095106
2026-09-07T09:50:00.000Z,MCT2408026,15.2467,74.198281,31,125,408.5,57.672064999999996,13.621606250000001,12.5,4.73,14.870000000000001,8.07375,2.625,36.56981375
2026-09-07T10:00:00.000Z,MCT2408026,15.2467,74.198281,31.25,125.07114583333333,414.5416666666667,58.34790333333333,13.671133750000003,12.5,4.730000000000003,14.509999999999996,7.710000000000001,2.59125,36.6614225
2026-09-07T10:10:00.000Z,MCT2408026,15.2467,74.198281,31.25,125.56025833333335,416.375,57.13578333333333,13.658550416666666,12.5,4.730000000000003,14.709999999999999,7.912083333333334,2.5158333333333336,36.89022166666667
2026-09-07T10:20:00.000Z,MCT2408026,15.2467,74.198281,31.36,125.78562000000004,418.56,56.6297,13.7776476,12.5,4.730000000000003,14.779599999999995,7.980800000000003,2.6624,36.991090400000004
2026-09-07T10:30:00.000Z,MCT2408026,15.2467,74.198281,31.541666666666668,125.67349166666666,418.5833333333333,57.80049458333334,13.820251666666666,12.503333333333336,4.76916666666667,14.791666666666663,7.911250000000002,3.2570833333333336,36.61673291666667
2026-09-07T10:40:00.000Z,MCT2408026,15.2467,74.198281,31.625,126.53414583333331,415.4166666666667,58.079920000000016,13.882360833333331,12.5,4.730000000000003,14.509999999999996,7.710000000000001,3.345416666666667,36.30793791666666
2026-09-07T10:46:35.342Z,MCT2408026,15.2467,74.198281,31.375,125,413.5625,59.90414062500001,13.66531375,12.5,4.730000000000002,14.629999999999997,7.831249999999997,3.1724999999999994,35.970543125
2026-09-07T15:10:00.000Z,MCT2408020,15.543475,74.039433,29.8,180,462.8,85.575622,8.6941326,19.105511999999997,10.39,31.127999999999997,16.172,3.66,27.698007999999998
2026-09-07T15:20:00.000Z,MCT2408020,15.543475,74.039433,42.25,180,461.3125,85.66860562500001,8.886678374999999,18.768415625,18.840625,56.61750000000001,29.33375,3.6599999999999984,27.6364725
2026-09-07T15:30:00.000Z,MCT2408020,15.543475,74.039433,38.5625,180,457.625,85.84598874999998,9.140657812499999,18.959273749999998,15.943750000000001,48.22749999999999,25.093125,3.6599999999999984,27.5714525
2026-09-07T15:40:00.000Z,MCT2408020,15.543475,74.039433,30.125,180,460,86.01622125000002,8.969127437500001,18.8328775,10.493749999999999,31.39625,16.265,3.6599999999999984,27.506433749999996
2026-09-07T15:50:00.000Z,MCT2408020,15.543475,74.039433,28.625,180,465.5625,86.09966624999998,9.2751254375,18.80064625,9.27625,28.308125,15.044374999999999,3.6599999999999984,27.49235625
2026-09-07T16:00:00.000Z,MCT2408020,15.543475,74.039433,28.25,180,465.4375,86.32187249999998,9.0211456875,18.914418125,8.928125,27.435000000000006,14.579375000000002,3.6599999999999984,27.465543125000003
2026-09-07T16:06:54.860Z,MCT2408020,15.543475,74.039433,27.181818181818183,180,466.90909090909093,86.12563272727273,9.071615363636363,19.10516818181818,8.264545454545454,25.58818181818182,13.686363636363637,3.6599999999999993,27.505152727272726
2026-09-07T15:10:00.000Z,MCT2408028,15.186944,74.096667,43.25,666.015,494.875,87.6336525,18.669999999999998,12.450000000000001,5.740000000000001,21.377499999999998,12.92375,2.455,26.990957499999997
2026-09-07T15:20:00.000Z,MCT2408028,15.186944,74.096667,43.04,662.278,488.08,87.41278079999998,18.443599999999996,12.942399999999996,6.910000000000001,23.068800000000007,13.2004,2.0808,26.835283200000003
2026-09-07T15:30:00.000Z,MCT2408028,15.186944,74.096667,43.28,665.2311999999998,487,88.02160599999999,18.683199999999996,13.036399999999993,6.750000000000001,22.791200000000003,13.082400000000002,1.9656000000000002,26.606191999999997
2026-09-07T15:40:00.000Z,MCT2408028,15.186944,74.096667,44.04,658.784,494.44,88.15435719999998,18.651599999999995,12.853599999999995,9.148000000000003,29.710400000000003,16.780400000000007,2.1564000000000005,26.4414568
2026-09-07T15:50:00.000Z,MCT2408028,15.186944,74.096667,43.44,654.0164000000001,489,88.32250919999998,18.84519999999999,12.715599999999995,7.830000000000002,25.85240000000001,15.031600000000005,2.248,26.2844424
2026-09-07T16:00:00.000Z,MCT2408028,15.186944,74.096667,43.52,654.7072000000001,498.2,88.77203320000001,18.927599999999995,12.690799999999998,8.070000000000002,25.21560000000001,14.076400000000003,2.4112000000000005,26.161318
2026-09-07T16:06:54.861Z,MCT2408028,15.186944,74.096667,43.64705882352941,653.4005882352941,501.7647058823529,89.0905282352941,19.057058823529406,12.685882352941174,7.813529411764703,25.852941176470594,14.970588235294114,2.761764705882353,26.16772647058824
2026-09-07T15:10:00.000Z,MCT2408055,15.585833,73.885556,22,79.012,701.6,82.59558,8.758,6.774000000000001,9.09,26.052,14.312000000000001,0.634,27.946834000000003
2026-09-07T15:20:00.000Z,MCT2408055,15.585833,73.885556,24.25,72.53,697.1875,82.99164250000001,8.9125,6.750000000000001,10.2275,29.481875,16.06125,0.586875,27.867065000000004
2026-09-07T15:30:00.000Z,MCT2408055,15.585833,73.885556,24.5,68.63437499999999,637.4375,83.514731875,8.972499999999998,6.57,10.315000000000001,29.810624999999998,16.359375,0.45749999999999996,27.759811874999997
2026-09-07T15:40:00.000Z,MCT2408055,15.585833,73.885556,24.6875,65.98625,595,83.786053125,8.889375000000003,6.630000000000002,10.665000000000001,30.262500000000003,16.232499999999998,0.5850000000000001,27.686076249999996
2026-09-07T15:50:00.000Z,MCT2408055,15.585833,73.885556,22.375,74.296875,610.9375,84.052605,8.94,6.220000000000001,8.739999999999998,25.12375,13.718749999999998,0.613125,27.671998749999993
2026-09-07T16:00:00.000Z,MCT2408055,15.585833,73.885556,23.6875,68.77187500000001,572.125,84.65055812500002,8.834375,6.66,9.833749999999998,28.330625,15.509375000000002,0.7474999999999999,27.61100125
2026-09-07T16:06:54.907Z,MCT2408055,15.585833,73.885556,22.545454545454547,67.05818181818182,567.3636363636364,85.09844,8.837272727272726,6.179090909090909,9.217272727272727,26.19818181818182,14.126363636363635,0.7063636363636363,27.57632818181818
2026-09-07T15:10:00.000Z,MCT2408056,15.579167,73.920833,36.8,180,465.6,84.679934,6.694,9,15.574000000000002,47.724000000000004,26.992,1.56,27.92753
2026-09-07T15:20:00.000Z,MCT2408056,15.579167,73.920833,33.1875,180,458.9375,84.51084499999999,6.88,9.14847375,13.256874999999999,40.41437500000001,22.375625000000003,1.5599999999999998,27.89723
2026-09-07T15:30:00.000Z,MCT2408056,15.579167,73.920833,33.9375,180,456.875,84.94285812499999,6.52125,9.061766437500001,13.961250000000003,42.2375,23.196875000000002,1.5599999999999998,27.798691875000003
2026-09-07T15:40:00.000Z,MCT2408056,15.579167,73.920833,32.0625,180,455.875,85.23563874999999,6.664375000000001,9.19776975,12.552499999999998,37.965624999999996,20.970000000000002,1.5599999999999998,27.694119375000003
2026-09-07T15:50:00.000Z,MCT2408056,15.579167,73.920833,29.75,180,459.875,85.45450562499998,6.765,9.6663720625,11.26,33.699375,18.568125000000002,1.5599999999999998,27.626417500000006
2026-09-07T16:00:00.000Z,MCT2408056,15.579167,73.920833,29.875,180,460.5625,85.37058187499998,6.63,9.2844770625,11.495,33.756875,18.333750000000002,1.5599999999999998,27.659933124999995
2026-09-07T16:06:54.907Z,MCT2408056,15.579167,73.920833,27.636363636363637,180,457.6363636363636,85.5402490909091,6.666363636363636,9.10798090909091,9.725454545454546,29.641818181818188,16.444545454545455,1.5600000000000003,27.64262818181818
2026-09-07T15:10:00.000Z,MCT2408057,15.272222,74.104722,30,318.7371428571429,443,82.65029428571428,12.36857142857143,9.167142857142858,4.257142857142858,12.68142857142857,6.801428571428572,0.3157142857142857,28.42639857142857
2026-09-07T15:20:00.000Z,MCT2408057,15.272222,74.104722,29.72,312.8876,445.92,81.04010040000001,12.268799999999999,9.038400000000001,3.8871999999999995,11.827600000000002,6.3759999999999994,0.29279999999999995,29.013765600000003
2026-09-07T15:30:00.000Z,MCT2408057,15.272222,74.104722,29.8,284.93960000000004,456.44,81.635804,12.285599999999999,9.107599999999996,5.291999999999999,15.672799999999997,8.2808,0.49959999999999993,28.912090399999993
2026-09-07T15:40:00.000Z,MCT2408057,15.272222,74.104722,29.96,317.424,458.2,82.64501880000002,12.371199999999996,8.991599999999998,3.7443999999999993,11.579600000000001,6.2652,0.6275999999999998,28.602777999999997
2026-09-07T15:50:00.000Z,MCT2408057,15.272222,74.104722,30.12,293.0364,468.8,83.8892216,12.318800000000001,9.002799999999999,7.079600000000003,20.535599999999995,10.7156,0.802,28.245417599999996
2026-09-07T16:00:00.000Z,MCT2408057,15.272222,74.104722,29.96,300.1360000000001,466.24,84.26062040000001,12.395199999999997,8.941199999999998,4.673199999999999,13.931199999999999,7.506799999999998,0.9084,28.059230000000003
2026-09-07T16:06:54.907Z,MCT2408057,15.272222,74.104722,30,319.56352941176476,472.3529411764706,84.90019705882351,12.441764705882353,8.949411764705882,3.7876470588235285,11.505882352941178,6.18529411764706,0.8417647058823527,27.89131411764706
2026-09-07T15:10:00.000Z,MCT2408053,15.263333,74.110833,42,133.67792,627.2,89.719908,16.894,22.602,4.59,14.388,8.798,5.104,26.788524000000002
2026-09-07T15:20:00.000Z,MCT2408053,15.263333,74.110833,37.625,143.95199375,648.6875,89.97253875,12.90625,22.502499999999998,4.647500000000001,16.226875,10.785625000000001,5.270624999999999,26.736236875000003
2026-09-07T15:30:00.000Z,MCT2408053,15.263333,74.110833,36.375,115.81785,653.3125,90.12607937500002,11.871875,22.578124999999996,5.969375,20.479375,13.324999999999998,5.100624999999999,26.673224375000007
2026-09-07T15:40:00.000Z,MCT2408053,15.263333,74.110833,38.06666666666667,149.79654,651,90.53422066666666,13.154,23.935999999999993,7.713333333333333,26.770000000000003,17.44666666666667,5.674666666666665,26.63622333333333
2026-09-07T15:50:00.000Z,MCT2408053,15.263333,74.110833,39.1875,129.132175,655.3125,90.89617125000002,14.090625,23.336874999999996,10.846874999999999,36.09625,22.913125,5.504375,26.613566874999997
2026-09-07T16:00:00.000Z,MCT2408053,15.263333,74.110833,39.3125,137.6168375,656.8125,90.66967374999999,14.46375,24.348749999999995,7.863124999999998,26.919375000000002,17.554375000000004,5.553125,26.576700000000002
2026-09-07T16:06:55.115Z,MCT2408053,15.263333,74.110833,38.63636363636363,112.10175454545455,654.3636363636364,91.1873890909091,13.898181818181818,25.327272727272724,9.433636363636362,31.289090909090906,19.79,5.324545454545454,26.535992727272728
2026-09-07T15:10:00.000Z,MCT2408052,15.444425,74.063856,33.8,160,654.4,85.210938,3.4035086,8,12.71,35.31,16.498,2,27.61435
2026-09-07T15:20:00.000Z,MCT2408052,15.444425,74.063856,36.0625,160,651.5625,85.35341625,3.3852631875,8,14.634374999999999,40.02062500000001,18.423750000000002,2,27.596255
2026-09-07T15:30:00.000Z,MCT2408052,15.444425,74.063856,37.9375,160,653.125,85.46452,3.4811845625000006,8,16.16,43.684375,19.805625,2,27.557376875000003
2026-09-07T15:40:00.000Z,MCT2408052,15.444425,74.063856,33.75,160,661.5625,85.53127687500002,3.525789625000001,8,12.77375,35.235625,16.353125,2,27.477608750000005
2026-09-07T15:50:00.000Z,MCT2408052,15.444425,74.063856,38.25,160,645.6875,85.87555437500002,3.4248246250000003,8,16.3275,44.524375,20.409375,2,27.418621250000005
2026-09-07T16:00:00.000Z,MCT2408052,15.444425,74.063856,38.875,160,666.9375,86.19694125000002,3.478202062500001,8,16.744999999999997,45.81875,21.078125,2,27.386445000000002
2026-09-07T16:06:55.115Z,MCT2408052,15.444425,74.063856,39.45454545454545,160,670.3636363636364,86.30318818181819,3.5303352727272737,8,17.210909090909094,47.054545454545455,21.652727272727272,2,27.428128181818177
2026-09-07T15:10:00.000Z,MCT2408051,15.486528,74.033889,52.8,402.946,824.8,96.389524,22.857999999999997,5.19,3.7299999999999995,11.686000000000002,6.095999999999999,4.39,25.61948
2026-09-07T15:20:00.000Z,MCT2408051,15.486528,74.033889,52.93333333333333,404.99,817.8666666666667,96.445984,22.759333333333334,5.1899999999999995,3.7299999999999986,11.024666666666665,5.434666666666668,4.39,25.619480000000006
2026-09-07T15:30:00.000Z,MCT2408051,15.486528,74.033889,52.875,399.80875000000003,813.5625,96.063179375,22.636249999999997,5.1899999999999995,3.7299999999999986,10.647499999999997,5.057500000000002,4.39,25.619480000000006
2026-09-07T15:40:00.000Z,MCT2408051,15.486528,74.033889,52.9375,395.10249999999996,824.625,96.83279499999996,22.719374999999996,5.1899999999999995,4.469375,14.293124999999998,7.935,4.39,25.651663749999997
2026-09-07T15:50:00.000Z,MCT2408051,15.486528,74.033889,53,394.21437499999996,828.1875,97.147984375,22.719375,5.1899999999999995,3.7299999999999986,12.081250000000002,6.496874999999999,4.39,25.712661875000002
2026-09-07T16:00:00.000Z,MCT2408051,15.486528,74.033889,53,388.37937500000004,818.3125,97.15227624999999,22.756249999999998,5.1899999999999995,4.1587499999999995,13.014375000000001,6.923125,4.39,25.726068125
2026-09-07T16:06:55.162Z,MCT2408051,15.486528,74.033889,52.72727272727273,379.7236363636364,826,97.21738272727272,22.540000000000006,5.1899999999999995,4.351818181818182,14.123636363636363,7.864545454545455,4.39,25.739411818181818
2026-09-07T15:10:00.000Z,MCT2408021,15.500556,74.053333,51.2,375,479.4,84.39459400000001,22.636000000000003,15.798324,2.86,7.566,4.002000000000001,3.9959999999999996,27.211088
2026-09-07T15:20:00.000Z,MCT2408021,15.500556,74.053333,51.1875,375,474.75,84.46268625000002,22.589999999999996,15.64748625,2.86,7.719374999999999,4.1693750000000005,4.0775,27.165239375
2026-09-07T15:30:00.000Z,MCT2408021,15.500556,74.053333,51,375,477.9375,84.89183749999998,22.371874999999996,15.5937925,2.86,7.58125,4.01875,4.0981250000000005,27.02179125
2026-09-07T15:40:00.000Z,MCT2408021,15.500556,74.053333,51.125,375,481.75,84.968608125,22.485625,15.496403749999999,2.86,7.554375,3.989375,4.069375,27.010395625000005
2026-09-07T15:50:00.000Z,MCT2408021,15.500556,74.053333,51.13333333333333,375,490,85.00748666666667,22.395333333333333,15.494917333333332,2.86,7.535333333333333,3.9686666666666666,4.044,27.05092933333333
2026-09-07T16:00:00.000Z,MCT2408021,15.500556,74.053333,50.9375,375,485.9375,85.083525625,22.255625,15.355323125,2.86,7.716875000000001,4.166874999999999,4.119375,27.067371875
2026-09-07T16:06:55.161Z,MCT2408021,15.500556,74.053333,51,375,489.8181818181818,84.99509272727272,22.227272727272723,15.316795454545456,2.86,8.537272727272729,5.062727272727272,4.1445454545454545,27.104421818181823
2026-09-07T15:10:00.000Z,MCT2408043,15.221111,74.087222,33,154.986,464.6,83.04876800000001,14.276000000000002,10.19,8.616,27.808000000000003,15.113999999999999,5.29,27.755921999999998
2026-09-07T15:20:00.000Z,MCT2408043,15.221111,74.087222,33,165.45874999999998,486.3125,83.13612499999999,14.187499999999996,10.184375,8.233749999999999,28.162500000000005,15.850000000000003,5.290000000000001,27.79131875
2026-09-07T15:30:00.000Z,MCT2408043,15.221111,74.087222,33,163.03333333333333,492.26666666666665,83.38090000000001,14.258,10.124666666666666,7.854,26.35,14.688,5.290000000000001,27.68227733333333
2026-09-07T15:40:00.000Z,MCT2408043,15.221111,74.087222,33,181.564375,504.125,83.55717125000002,14.12375,10.291875,6.726874999999999,22.047500000000003,12.17,5.290000000000001,27.5681
2026-09-07T15:50:00.000Z,MCT2408043,15.221111,74.087222,33,185.27937500000002,500.75,83.73836874999999,14.197499999999996,10.220624999999998,6.647499999999999,22.048750000000002,12.41,5.290000000000001,27.503750624999995
2026-09-07T16:00:00.000Z,MCT2408043,15.221111,74.087222,33,170.605,513.0625,84.13938875,14.181874999999998,10.201875,6.964999999999997,23.012500000000003,12.65,5.290000000000001,27.46018125
2026-09-07T16:06:55.162Z,MCT2408043,15.221111,74.087222,33,177.658,500.2,84.802764,14.187999999999999,10.290000000000001,7.981000000000002,26.779000000000003,14.73,5.29,27.44597
2026-09-07T15:10:00.000Z,MCT2408050,15.553611,73.958333,27.4,86.03,546.2,88.197082,11.258,4.026000000000001,6.110000000000001,18.546,9.7,1.134,26.8207
2026-09-07T15:20:00.000Z,MCT2408050,15.553611,73.958333,27.125,86.02999999999999,532.875,88.27118250000001,11.101250000000002,4.1850000000000005,5.83375,18.783125000000002,10.209375000000001,1.163125,26.818688749999993
2026-09-07T15:30:00.000Z,MCT2408050,15.553611,73.958333,27.25,86.02999999999999,556.4375,88.92588124999997,11.043750000000003,4.24375,7.209374999999999,22.489375,12.016249999999998,1.44,26.728863750000002
2026-09-07T15:40:00.000Z,MCT2408050,15.553611,73.958333,27.4375,86.02999999999999,564.3125,89.10469312500001,11.24,4.15,7.368125,23.345625,12.653750000000002,1.3637499999999998,26.658477500000007
2026-09-07T15:50:00.000Z,MCT2408050,15.553611,73.958333,27.375,86.02999999999999,539.75,89.42894374999999,11.190000000000003,4.311249999999999,7.790625000000001,24.310624999999998,12.972500000000002,1.42125,26.637698125000004
2026-09-07T16:00:00.000Z,MCT2408050,15.553611,73.958333,27,86.02999999999999,561.2666666666667,89.35675066666666,10.908,4.190666666666666,8.31,25.818,13.780000000000001,1.596666666666667,26.623354000000003
2026-09-07T16:06:55.373Z,MCT2408050,15.553611,73.958333,27.272727272727273,86.02999999999999,549.7272727272727,89.32165454545455,11.104545454545454,4.28,8.634545454545455,26.854545454545452,14.305454545454547,1.429090909090909,26.714420909090915
2026-09-07T15:10:00.000Z,MCT2408034,15.356389,74.123611,23.125,180,450.875,75.40468625,6.1499999999999995,2.6762499999999996,6.380000000000001,20.7475,11.3675,1.12375,30.76083
2026-09-07T15:20:00.000Z,MCT2408034,15.356389,74.123611,22.2,180,450.28,75.40747119999997,6.150000000000002,3.2152,6.379999999999998,19.205999999999996,9.825999999999999,1.1099999999999997,30.71819599999999
2026-09-07T15:30:00.000Z,MCT2408034,15.356389,74.123611,24.64,180,452.4,75.82647679999997,6.150000000000002,3.2624,7.509199999999997,24.120799999999996,13.2392,1.1155999999999997,30.652559599999996
2026-09-07T15:40:00.000Z,MCT2408034,15.356389,74.123611,22.28,180.039388,452.2,75.81091280000003,6.150000000000002,2.4647999999999994,6.379999999999998,19.843199999999996,10.463199999999999,1.1319999999999997,30.6898824
2026-09-07T15:50:00.000Z,MCT2408034,15.356389,74.123611,30.36,180,453.56,75.95007359999998,6.150000000000002,2.8512000000000004,11.264399999999998,35.937200000000004,19.316399999999998,1.1151999999999997,30.6650016
2026-09-07T16:00:00.000Z,MCT2408034,15.356389,74.123611,31.04,180,457.12,76.1429436,6.150000000000002,3.4127999999999985,11.812000000000001,37.0264,19.5792,1.1279999999999997,30.644838
2026-09-07T16:06:55.375Z,MCT2408034,15.356389,74.123611,22.11764705882353,180,469.1764705882353,75.97918999999999,6.150000000000001,3.7276470588235284,6.379999999999999,19.41882352941176,10.038823529411763,1.1188235294117646,30.665329411764713
2026-09-07T15:10:00.000Z,MCT2408030,15.142519,74.075003,32.4,163,467.2,81.033078,8.8,6.2,12.181999999999999,36.678,20.259999999999998,3.686000000000001,27.871758
2026-09-07T15:20:00.000Z,MCT2408030,15.142519,74.075003,29.666666666666668,163,468.8666666666667,81.12565066666667,8.986666666666668,6.200000000000002,10.49666666666667,31.38733333333333,17.354,3.625333333333333,27.78452533333333
2026-09-07T15:30:00.000Z,MCT2408030,15.142519,74.075003,28.375,163,460.5,81.29266874999999,8.84625,6.200000000000002,9.605000000000002,28.454375000000006,15.797500000000001,3.6168749999999994,27.738359375
2026-09-07T15:40:00.000Z,MCT2408030,15.142519,74.075003,27.933333333333334,163,462.73333333333335,81.36572066666668,8.783999999999999,6.200000000000002,9.495333333333333,27.493999999999996,15.021333333333336,3.6380000000000003,27.722316666666668
2026-09-07T15:50:00.000Z,MCT2408030,15.142519,74.075003,27.1875,163,464.5625,81.39995562499999,8.890625,6.200000000000002,9.370000000000001,26.289375,14.023125,3.5999999999999996,27.733669999999993
2026-09-07T16:00:00.000Z,MCT2408030,15.142519,74.075003,27.533333333333335,163,468.73333333333335,81.4176,8.660666666666668,6.200000000000002,9.432666666666668,27.25,14.894,3.551333333333333,27.74805733333334
2026-09-07T16:06:55.423Z,MCT2408030,15.142519,74.075003,36.81818181818182,163,472.1818181818182,81.54175181818182,8.825454545454546,6.200000000000002,15.592727272727274,45.78636363636363,24.87,3.6318181818181823,27.727451818181816
2026-09-07T15:10:00.000Z,MCT2408029,15.333611,74.206944,13.8,120,470.6,89.767212,5.404000000000001,10.290000000000001,3.058,9.248000000000001,5.0600000000000005,3.5,27.189638000000002
2026-09-07T15:20:00.000Z,MCT2408029,15.333611,74.206944,14.3125,120,467.75,89.62635375000004,5.869375000000001,9.688125000000001,3.01375,9.24875,5.148124999999999,3.5,27.249031874999996
2026-09-07T15:30:00.000Z,MCT2408029,15.333611,74.206944,14.416666666666666,120,471.9166666666667,89.66243583333335,5.989999999999999,9.808333333333334,2.989166666666667,9.248333333333333,5.195833333333334,3.5,27.2791975
2026-09-07T15:50:00.000Z,MCT2408029,15.333611,74.206944,154.5,120,440.5,91.328185,145.98,22.48,3.235,11.56,7.06,6.225,26.767069999999997
2026-09-07T16:00:00.000Z,MCT2408029,15.333611,74.206944,27,120,374,92.11401,17.05,18.1,4.71,14.45,8.24,3.5,26.50967
2026-09-07T16:06:55.422Z,MCT2408029,15.333611,74.206944,14.454545454545455,120.94531818181818,456.3636363636364,91.57232636363636,6.038181818181817,10.077272727272728,4.012727272727273,12.715454545454547,7.167272727272729,3.5,26.72514636363637
2026-09-07T15:10:00.000Z,MCT2408023,15.499722,74.020833,27,185.5875,452,90.41266,8.85,19.3225,6.34,21.53,14.5,3.9174999999999995,26.265674999999998
2026-09-07T15:20:00.000Z,MCT2408023,15.499722,74.020833,27,196.096875,446.9375,90.45986562500002,8.589999999999998,20.120000000000005,6.418750000000001,21.609375,14.409375,4.219375,26.273046875000002
2026-09-07T15:30:00.000Z,MCT2408023,15.499722,74.020833,26.0625,183.036875,449,90.50898000000001,8.556250000000002,20.086250000000003,6.340000000000002,20.421249999999997,13.231250000000001,4.170000000000001,26.26500375000001
2026-09-07T15:40:00.000Z,MCT2408023,15.499722,74.020833,26.375,196.64124999999999,454.75,90.438885,9.083124999999999,19.913125000000008,6.418750000000002,20.896874999999994,13.59375,4.376875000000001,26.36085875
2026-09-07T15:50:00.000Z,MCT2408023,15.499722,74.020833,25.0625,201.87312500000002,451.875,90.06981375,9.151874999999999,19.2325,6.340000000000002,20.262499999999996,13.050000000000002,4.6293750000000005,26.413814999999996
2026-09-07T16:00:00.000Z,MCT2408023,15.499722,74.020833,25.4,197.20333333333335,451.73333333333335,90.30839,9.18,18.693333333333335,6.424000000000002,20.854666666666667,13.533333333333333,4.680000000000001,26.37667800000001
2026-09-07T16:06:55.427Z,MCT2408023,15.499722,74.020833,24.727272727272727,225.25818181818184,447.45454545454544,90.36827,9.306363636363637,18.87636363636364,6.340000000000001,19.918181818181818,12.654545454545454,4.628181818181819,26.285417272727276
2026-09-07T15:10:00.000Z,MCT2408027,15.275556,74.1075,24.5,1197.7424999999998,505.5,86.8268425,6.58,13.4725,7.395,24.15,13.835,2.95,27.1960725
2026-09-07T15:20:00.000Z,MCT2408027,15.275556,74.1075,22.375,1193.1987499999998,527.625,86.66138187499999,6.579999999999999,13.354375000000001,6.1643750000000015,20.0825,11.116875,2.9500000000000006,27.168590625000004
2026-09-07T15:30:00.000Z,MCT2408027,15.275556,74.1075,23.875,1192.2075,571.625,87.1792275,6.579999999999999,13.303749999999997,7.396875,23.04125,12.413124999999999,2.9500000000000006,27.119657500000002
2026-09-07T15:40:00.000Z,MCT2408027,15.275556,74.1075,26.625,1195.88375,561.5,88.06232875,6.579999999999999,13.218124999999997,9.308124999999997,28.338749999999997,15.19125,2.9500000000000006,27.0103975
2026-09-07T15:50:00.000Z,MCT2408027,15.275556,74.1075,28.5625,1184.0093749999999,558.75,88.62451812500002,6.579999999999999,13.247499999999999,10.232499999999998,32.03625,17.415000000000003,2.9500000000000006,26.94202625000001
2026-09-07T16:00:00.000Z,MCT2408027,15.275556,74.1075,23.4375,1194.48625,575.9375,88.71559562500002,6.579999999999999,13.298749999999998,7.026875000000001,22.116874999999997,11.981875000000002,2.9500000000000006,26.923926249999997
2026-09-07T16:06:55.629Z,MCT2408027,15.275556,74.1075,23.363636363636363,1193.269090909091,563.4545454545455,89.01647999999999,6.579999999999999,13.214545454545453,6.904545454545456,21.864545454545453,12.036363636363637,2.9499999999999997,26.858721818181813
2026-09-07T15:10:00.000Z,MCT2408040,15.528056,74.020833,18.4,100,454.4,86.529296,7.45,4.636,3.07,8.42,3.7299999999999995,3.5,27.421299999999995
2026-09-07T15:20:00.000Z,MCT2408040,15.528056,74.020833,18.75,100,460.75,86.41580812500001,7.767500000000001,4.633749999999999,3.07,8.42,3.7299999999999986,3.5,27.405885
2026-09-07T15:30:00.000Z,MCT2408040,15.528056,74.020833,18.75,100,451.9375,86.49496437500002,7.829375000000001,4.624375,3.07,8.42,3.7299999999999986,3.5,27.327457499999998
2026-09-07T15:40:00.000Z,MCT2408040,15.528056,74.020833,18.625,100,459.125,86.75484000000002,7.686250000000001,4.6187499999999995,3.07,8.42,3.7299999999999986,3.5,27.285899999999998
2026-09-07T15:50:00.000Z,MCT2408040,15.528056,74.020833,18.625,100,457.125,87.00327437500002,7.733125000000001,4.59,3.07,8.42,3.7299999999999986,3.5,27.285230625
2026-09-07T16:00:00.000Z,MCT2408040,15.528056,74.020833,18.6875,100,462.0625,87.00375062500001,7.710000000000001,4.606249999999999,3.07,8.42,3.7299999999999986,3.5,27.342876250000003
2026-09-07T16:06:55.629Z,MCT2408040,15.528056,74.020833,18.90909090909091,100,469.54545454545456,87.17571363636362,7.977272727272728,4.59909090909091,3.07,8.42,3.7299999999999995,3.5,27.29162818181818
2026-09-07T15:10:00.000Z,MCT2408046,15.529167,74.07,31.571428571428573,95.52,573.2857142857143,83.38489857142858,13.964285714285714,0.41428571428571426,5.06,14.281428571428572,6.65142857142857,3.0728571428571425,27.922317142857143
2026-09-07T15:20:00.000Z,MCT2408046,15.529167,74.07,31.28,95.52,567.48,83.446716,13.7268,0.524,5.060000000000001,13.418800000000001,5.93,2.879200000000001,27.894921999999987
2026-09-07T15:30:00.000Z,MCT2408046,15.529167,74.07,31.24,95.52,569.44,83.53125,13.602800000000004,0.6391999999999998,5.060000000000001,13.507600000000002,6.111199999999999,2.9280000000000013,27.867896799999993
2026-09-07T15:40:00.000Z,MCT2408046,15.529167,74.07,31.16,95.52,572.72,83.73632880000001,13.5844,0.5695999999999999,5.060000000000001,13.596400000000001,6.146400000000001,2.918400000000001,27.82885840000001
2026-09-07T15:50:00.000Z,MCT2408046,15.529167,74.07,31.16,95.52,576.68,84.2401728,13.606000000000003,0.6123999999999999,5.060000000000001,13.9072,6.3992,2.9000000000000004,27.851594
2026-09-07T16:00:00.000Z,MCT2408046,15.529167,74.07,31.12,95.52,576.52,84.51147279999998,13.560799999999999,0.5844,5.060000000000001,14.795200000000001,7.257600000000001,2.9284000000000003,27.802258799999993
2026-09-07T16:06:55.676Z,MCT2408046,15.529167,74.07,31.11764705882353,95.52,573,84.58559588235295,13.620000000000003,0.5941176470588236,5.0600000000000005,14.374705882352941,6.865882352941178,3.114705882352941,27.762611764705877
2026-09-07T15:10:00.000Z,MCT2408044,15.313669,74.140042,25,214.29000000000002,434.2,92.39325,11.476000000000003,3.3199999999999994,5.172,13.8,8.001999999999999,2.7171795999999997,26.172904
2026-09-07T15:20:00.000Z,MCT2408044,15.313669,74.140042,25.0625,214.29,436.4375,92.76108187500003,11.31625,3.32,4.598125,12.3125,7.26625,2.488141,26.15104812500001
2026-09-07T15:30:00.000Z,MCT2408044,15.313669,74.140042,25.125,214.29,448.75,93.10535937500003,11.325000000000001,3.32,4.885625,13.21875,7.839999999999999,2.657451875,26.108816875000002
2026-09-07T15:40:00.000Z,MCT2408044,15.313669,74.140042,24.9375,214.29,450.4375,93.48492062500002,11.250625,3.32,4.8137500000000015,12.96875,7.671250000000001,2.4114583125000006,26.078651249999993
2026-09-07T15:50:00.000Z,MCT2408044,15.313669,74.140042,24.9375,214.29,448.25,93.48730437500004,11.1225,3.32,4.9937499999999995,13.15625,7.6375,2.6620192499999997,26.056531875
2026-09-07T16:00:00.000Z,MCT2408044,15.313669,74.140042,24.875,214.29,443.25,93.30086000000003,11.113750000000001,3.32,3.98625,11.03125,6.5575,2.7901441250000003,25.980116250000005
2026-09-07T16:06:55.676Z,MCT2408044,15.313669,74.140042,24.90909090909091,214.29,454.3636363636364,93.69607363636365,11.099090909090908,3.32,3.812727272727272,10.636363636363637,6.342727272727274,2.473193363636364,25.981213636363638
2026-09-07T15:10:00.000Z,MCT2408049,15.475278,74.055833,56.8,150,472,84.26642000000001,24.290000000000003,15.142000000000001,5.37,15.779999999999998,8.134,2.61,27.296892000000003
2026-09-07T15:20:00.000Z,MCT2408049,15.475278,74.055833,56.6875,152.8801875,472.5,84.40355625000001,24.206875,15.121250000000002,4.744375,14.313749999999997,7.289999999999999,2.61,27.238306875
2026-09-07T15:30:00.000Z,MCT2408049,15.475278,74.055833,56.5,151.01221875,481.875,84.5504225,24.081874999999993,15.165625,6.804375,19.438750000000002,9.640624999999998,2.61,27.243669375
2026-09-07T15:40:00.000Z,MCT2408049,15.475278,74.055833,56.8,150,488.8666666666667,84.60109333333331,24.254,15.740666666666668,7.258000000000001,20.632666666666672,10.228666666666667,2.61,27.25542333333334
2026-09-07T15:50:00.000Z,MCT2408049,15.475278,74.055833,56.6875,151.67721875,485.6875,85.02773687499997,24.140624999999996,15.181875000000003,7.572500000000002,22.121250000000003,11.41375,2.61,27.23361500000001
2026-09-07T16:00:00.000Z,MCT2408049,15.475278,74.055833,56.9375,151.9484,494.1875,85.32671249999999,24.393124999999998,15.923749999999998,6.996250000000002,20.253125,10.30875,2.61,27.26444874999999
2026-09-07T16:06:55.676Z,MCT2408049,15.475278,74.055833,56.81818181818182,150.9679,506.6363636363636,85.5763190909091,24.245454545454546,15.593636363636362,7.389090909090908,21.59,11.090000000000002,2.61,27.28577818181818
2026-09-07T15:10:00.000Z,MCT2408037,15.394444,74.118333,43.4,160,448,84.64941400000001,10.187999999999999,14.430000000000001,17.988,62.638,31.479999999999997,2.412,27.359096
2026-09-07T15:20:00.000Z,MCT2408037,15.394444,74.118333,31.125,160,448.6875,84.77787312499997,10.486249999999998,14.365000000000002,10.034375,35.621874999999996,18.081250000000004,2.4800000000000004,27.3636575
2026-09-07T15:30:00.000Z,MCT2408037,15.394444,74.118333,25.0625,160,437.625,84.80696187499998,10.38,14.42125,4.32125,15.331874999999998,7.823749999999999,2.694375,27.26914125
2026-09-07T15:40:00.000Z,MCT2408037,15.394444,74.118333,25.25,160,450.9375,84.84129437499998,10.565625000000002,14.40375,4.13625,15.535625000000003,8.245000000000001,2.7493749999999997,27.26243875
2026-09-07T15:50:00.000Z,MCT2408037,15.394444,74.118333,25.25,160,443,85.055393125,10.425,14.38125,3.7199999999999993,12.573749999999999,6.280625,3.0574999999999997,27.07474625
2026-09-07T16:00:00.000Z,MCT2408037,15.394444,74.118333,25,160,441.125,85.39299374999999,10.3025,14.380625,3.7199999999999993,12.216250000000002,5.953125,2.873125,26.851531874999992
2026-09-07T16:06:55.881Z,MCT2408037,15.394444,74.118333,24.727272727272727,160,448.8181818181818,85.39945272727273,10.106363636363636,14.400909090909094,3.8545454545454545,14.494545454545454,7.836363636363637,2.9254545454545453,26.851898181818182
2026-09-07T15:10:00.000Z,MCT2408042,15.213889,74.071667,60.8,102.308,451.6,84.023804,25.48,14.057999999999998,20.747999999999998,61.65,31.706,1.786,28.150608
2026-09-07T15:20:00.000Z,MCT2408042,15.213889,74.071667,60.9375,190.98125000000002,444.8125,84.53611875000001,25.63124999999999,14.03,14.275625,42.12312500000001,21.64,1.964375,27.972975
2026-09-07T15:30:00.000Z,MCT2408042,15.213889,74.071667,60.9375,216.64875000000004,444.4375,84.72828125,25.849375000000006,13.74375,11.431875,34.59875,18.10875,2.138125,27.796680625
2026-09-07T15:40:00.000Z,MCT2408042,15.213889,74.071667,61.1875,226.05062499999994,446.4375,85.15457500000001,26.043125000000003,13.793125,16.38,49.134375,25.566875,2.0818749999999997,27.653230625000003
2026-09-07T15:50:00.000Z,MCT2408042,15.213889,74.071667,61.125,233.37937499999998,447.75,85.75968125,26.12,13.896249999999997,14.332500000000001,43.548750000000005,22.778125,2.265,27.547321250000003
2026-09-07T16:00:00.000Z,MCT2408042,15.213889,74.071667,60.875,178.463125,460.3125,86.422484375,25.6,14.218124999999999,12.455625000000003,37.220625000000005,19.129999999999995,2.2925,27.513805
2026-09-07T16:06:55.882Z,MCT2408042,15.213889,74.071667,61,178.08636363636361,461.3636363636364,86.85736,25.922727272727272,13.931818181818182,11.168181818181818,33.32909090909091,17.310000000000002,2.1245454545454545,27.545128181818185
2026-09-07T15:10:00.000Z,MCT2408033,15.346944,74.007778,19.6,110,476.4,87.25867,7.57,3.536,4.606,11.692,7.0600000000000005,4.39,27.185347999999998
2026-09-07T15:20:00.000Z,MCT2408033,15.346944,74.007778,19.625,110,492.75,87.33133875,7.600625,3.7256249999999995,4.8481250000000005,12.339374999999997,7.5756250000000005,4.39,27.123678749999996
2026-09-07T15:30:00.000Z,MCT2408033,15.346944,74.007778,18.8125,110,509.8125,87.45102375,7.033124999999999,3.9593750000000005,4.5443750000000005,12.049999999999999,7.575625000000001,4.39,27.0894925
2026-09-07T15:40:00.000Z,MCT2408033,15.346944,74.007778,18.625,110,492.8125,88.19011999999998,6.94375,3.2799999999999994,6.893125,17.275000000000002,10.256874999999999,4.39,27.100216875
2026-09-07T15:50:00.000Z,MCT2408033,15.346944,74.007778,19.1875,110,489.125,89.00694124999998,7.386874999999998,3.1568749999999994,7.31,18.268124999999998,10.771875000000001,4.39,27.1853475
2026-09-07T16:00:00.000Z,MCT2408033,15.346944,74.007778,19.4375,110,485.9375,88.95782812499996,7.271249999999998,3.1293750000000005,9.20375,23.333125,13.895624999999999,4.39,27.307350000000003
2026-09-07T16:06:55.937Z,MCT2408033,15.346944,74.007778,19.181818181818183,110,497.27272727272725,88.75846636363637,7.518181818181817,3.014545454545454,5.83909090909091,14.965454545454547,9.145454545454545,4.39,27.170721818181814
2026-09-07T15:10:00.000Z,MCT2408041,15.224628,74.171389,31,377.88056,426.6,85.85180999999999,13.498,9.7,8.09,20.25,8.9,7.522,27.459914000000005
2026-09-07T15:20:00.000Z,MCT2408041,15.224628,74.171389,30.9375,407.68326875,429.625,85.953755625,13.344999999999999,9.7,8.090000000000002,20.25,8.900000000000002,7.701875,27.434708749999995
2026-09-07T15:30:00.000Z,MCT2408041,15.224628,74.171389,30.9375,338.70436249999995,437.6875,86.67997687500001,13.43375,9.7,8.090000000000002,21.363750000000003,10.009375,7.5668750000000005,27.440741875
2026-09-07T15:40:00.000Z,MCT2408041,15.224628,74.171389,30.9375,321.04940625,441.5625,86.58174875000002,13.325,9.7,8.240625000000001,24.45187500000001,12.83875,7.645,27.448786875000003
2026-09-07T15:50:00.000Z,MCT2408041,15.224628,74.171389,30.875,342.049025,444.1875,86.77391437499999,13.26375,9.7,8.090000000000002,22.325625000000002,10.9675,7.636875,27.430688749999998
2026-09-07T16:00:00.000Z,MCT2408041,15.224628,74.171389,30.875,331.83550625000004,445,86.78869624999997,13.311875,9.7,8.090000000000002,20.503125,9.153125000000003,7.676875,27.421972499999992
2026-09-07T16:06:55.937Z,MCT2408041,15.224628,74.171389,30.90909090909091,335.7795545454546,456.09090909090907,87.01203,13.374545454545455,9.700000000000001,8.090000000000002,20.765454545454546,9.413636363636366,7.786363636363637,27.386202727272725
2026-09-07T15:10:00.000Z,MCT2408022,15.475833,74.038889,32.6,150,424.8,88.06433,4.224,11.739756,8.6,25.6,13.2,4.1366078,26.310182000000005
2026-09-07T15:20:00.000Z,MCT2408022,15.475833,74.038889,30.0625,150,429.9375,87.98937250000003,4.16,11.773216875,6.875,20.625,10.75,4.1395558125,26.317286875
2026-09-07T15:30:00.000Z,MCT2408022,15.475833,74.038889,27.5625,150,422.5625,88.205855,4.203125,11.502194999999999,5.25,15.5625,8.125,4.153088250000001,26.222101250000005
2026-09-07T15:40:00.000Z,MCT2408022,15.475833,74.038889,27.25,150,423.5,88.32411124999999,4.4225,11.729164999999998,5.0625,14.875,7.75,4.196709,26.17049125
2026-09-07T15:50:00.000Z,MCT2408022,15.475833,74.038889,26.933333333333334,150,429.93333333333334,88.47174066666665,4.386666666666667,11.541563999999997,5,14.733333333333333,7.733333333333333,4.129449599999999,26.200073333333325
2026-09-07T16:00:00.000Z,MCT2408022,15.475833,74.038889,26.6875,150,432.5625,88.67744812500003,4.140625,11.578562499999999,5.0625,15.125,8,4.16332975,26.26165125
2026-09-07T16:06:56.136Z,MCT2408022,15.475833,74.038889,27,150,433.8181818181818,88.56842545454548,4.067272727272728,11.558870909090912,5.090909090909091,15.818181818181818,8.636363636363637,4.1618937272727266,26.379993636363636
2026-09-07T15:10:00.000Z,MCT2408045,15.619444,73.878889,26.2,178.12,671.8,82.67797599999999,10.425999999999998,15.683999999999997,9.162,29.774,14.704000000000002,2.53,27.262574
2026-09-07T15:20:00.000Z,MCT2408045,15.619444,73.878889,26.375,178.11999999999995,671.9375,82.74225499999999,10.428749999999999,15.928125000000001,8.620625000000002,28.662499999999998,14.596874999999997,2.5300000000000002,27.25975937499999
2026-09-07T15:30:00.000Z,MCT2408045,15.619444,73.878889,26.4375,178.11999999999995,687.6875,82.96779937499998,10.5275,15.965,7.738124999999998,25.663124999999994,12.864375,2.5300000000000002,27.235623749999995
2026-09-07T15:40:00.000Z,MCT2408045,15.619444,73.878889,26.25,178.11999999999995,690.125,83.08128687499999,10.303749999999999,15.929999999999998,6.196875000000001,20.74375,10.496249999999998,2.5300000000000002,27.228250625000012
2026-09-07T15:50:00.000Z,MCT2408045,15.619444,73.878889,26.3125,178.11999999999995,678.0625,83.10465374999998,10.453125,15.779999999999998,4.6875,15.898750000000001,8.30625,2.5300000000000002,27.25640624999999
2026-09-07T16:00:00.000Z,MCT2408045,15.619444,73.878889,27,178.11999999999995,676,83.14899999999999,10.9175,15.961250000000001,3.7750000000000012,12.941875000000001,6.8575,2.5300000000000002,27.246350625
2026-09-07T16:06:56.135Z,MCT2408045,15.619444,73.878889,26.363636363636363,178.11999999999998,673,83.14600999999999,10.464545454545455,15.730909090909087,4.166363636363637,14.259999999999998,7.608181818181818,2.5300000000000002,27.212647272727278
2026-09-07T15:10:00.000Z,MCT2408032,15.525556,73.828611,34.25,178.93000000000004,582.875,82.99402875,14.065,19.06875,8.00875,26.667500000000004,15.04375,1.6525,28.849081249999998
2026-09-07T15:20:00.000Z,MCT2408032,15.525556,73.828611,34.72,178.92999999999995,585.84,83.0988172,14.374800000000004,18.822000000000003,10.194799999999997,33.2248,18.46,1.6339999999999995,28.824142800000004
2026-09-07T15:30:00.000Z,MCT2408032,15.525556,73.828611,34,178.92999999999995,590.84,82.79181039999999,13.852400000000003,18.122000000000003,8.087200000000001,26.0568,14.382400000000002,1.9499999999999997,28.794113199999984
2026-09-07T15:40:00.000Z,MCT2408032,15.525556,73.828611,34.6,178.92999999999995,591.64,81.79388359999997,14.3724,17.933600000000002,7.120000000000002,18.9468,8.948000000000004,2.2951999999999995,28.7113148
2026-09-07T15:50:00.000Z,MCT2408032,15.525556,73.828611,34.08,178.92999999999995,575.16,82.58489880000003,13.946000000000002,17.831200000000006,7.120000000000002,18.092799999999997,8.098000000000004,2.3519999999999994,28.634953199999998
2026-09-07T16:00:00.000Z,MCT2408032,15.525556,73.828611,34.64,178.92999999999995,580.84,82.76892,14.442000000000002,18.190400000000004,7.120000000000002,19.116000000000003,9.1164,2.2700000000000005,28.632379199999992
2026-09-07T16:06:56.187Z,MCT2408032,15.525556,73.828611,34.611111111111114,178.92999999999995,585.8888888888889,82.90660222222225,14.446666666666667,17.968333333333337,7.357222222222224,22.993888888888893,12.583888888888888,2.2044444444444444,28.60046777777778
2026-09-07T15:10:00.000Z,MCT2408036,15.171567,74.067106,35.25,120,501.25,84.644835,9.482500000000002,6.9475,5.5275,16.8425,9.120000000000001,10.5825,27.807405
2026-09-07T15:20:00.000Z,MCT2408036,15.171567,74.067106,34.6875,120,503.4375,84.75880124999999,9.85375,7.060000000000001,5.066874999999999,15.260625000000003,8.264375,10.15375,27.7216025
2026-09-07T15:30:00.000Z,MCT2408036,15.171567,74.067106,34.8125,120,504.375,84.73305124999999,9.730625,7.071875,4.771250000000001,14.341875,7.790625,10.288125,27.630439999999993
2026-09-07T15:40:00.000Z,MCT2408036,15.171567,74.067106,34.733333333333334,120,522.5333333333333,85.14888599999999,9.674,7.271333333333334,5.263333333333333,15.568666666666667,8.378,10.190000000000001,27.521402000000005
2026-09-07T15:50:00.000Z,MCT2408036,15.171567,74.067106,35.5,120,523.125,85.35150875000001,9.88125,7.228750000000001,5.163125000000001,15.259374999999997,8.2325,10.656250000000002,27.484310000000008
2026-09-07T16:00:00.000Z,MCT2408036,15.171567,74.067106,35.6,120,528.6666666666666,86.01558333333334,9.939333333333332,7.1673333333333344,5.543333333333335,16.718000000000004,9.120000000000001,10.706,27.390556
2026-09-07T16:06:56.188Z,MCT2408036,15.171567,74.067106,34.90909090909091,120,513.0909090909091,86.7158709090909,9.781818181818183,7.280909090909091,5.645454545454545,17.03909090909091,9.304545454545455,10.299090909090909,27.357927272727274
2026-09-07T15:10:00.000Z,MCT2408035,15.236111,74.125,45.8,190,689.4,84.21759,16.882438,7.306,3.8,10.341999999999999,5.058000000000001,3.844,27.800972
2026-09-07T15:20:00.000Z,MCT2408035,15.236111,74.125,44.4375,190,689.5,84.70920874999999,15.913896875000002,7.660624999999999,3.799999999999999,10.19,4.909999999999998,3.88875,27.66328625
2026-09-07T15:30:00.000Z,MCT2408035,15.236111,74.125,45.9375,190,696.4375,86.653750625,16.97242125,7.278124999999998,3.799999999999999,10.19,4.909999999999998,3.8299999999999987,27.259756249999995
2026-09-07T15:40:00.000Z,MCT2408035,15.236111,74.125,45.5625,190,700.375,86.961789375,16.816636250000002,7.7562500000000005,3.799999999999999,10.19,4.909999999999998,3.8781249999999994,27.125690625000004
2026-09-07T15:50:00.000Z,MCT2408035,15.236111,74.125,44.3125,190,705.0625,86.62943250000001,15.7877575,7.810624999999998,3.966249999999999,11.014999999999999,5.474374999999999,3.8474999999999993,27.16926
2026-09-07T16:00:00.000Z,MCT2408035,15.236111,74.125,43.125,190,714.0625,86.8549775,15.758111874999997,7.956875,3.799999999999999,10.308124999999999,5.026249999999998,3.8524999999999987,27.141778125000002
2026-09-07T16:06:56.386Z,MCT2408035,15.236111,74.125,43.18181818181818,190,717.5454545454545,87.15282636363638,15.840601818181819,7.81090909090909,3.8,10.293636363636363,5.01090909090909,3.891818181818182,27.150250000000003
2026-09-07T15:10:00.000Z,MCT2408031,15.290833,74.149167,17.2,140,437,86.025758,6.693412,10.201147,5.3340000000000005,14.085999999999999,7.715999999999999,4.01,26.674832
2026-09-07T15:20:00.000Z,MCT2408031,15.290833,74.149167,21.75,140.022375,437.75,86.017649375,7.021880250000002,8.27375125,8.929375,23.721874999999997,13.184375000000001,4.009999999999999,26.65110375
2026-09-07T15:30:00.000Z,MCT2408031,15.290833,74.149167,20.5,140.416,436.8125,86.10491125000001,7.055004125000001,8.813863875,9.076874999999998,24.048125000000002,13.303749999999999,4.009999999999999,26.598150624999995
2026-09-07T15:40:00.000Z,MCT2408031,15.290833,74.149167,22.5,140.19600624999998,434.75,86.13543000000001,7.182485187500001,7.218463062500001,10.683125,27.717500000000005,15.060000000000002,4.009999999999999,26.547875625
2026-09-07T15:50:00.000Z,MCT2408031,15.290833,74.149167,25.875,140,439.25,86.24748687499998,7.1033043750000004,7.950308125,13.006875,34.509375,19.166249999999998,4.018749999999999,26.500953125000006
2026-09-07T16:00:00.000Z,MCT2408031,15.290833,74.149167,18.625,140,449.375,86.359065625,6.9842693125,7.7861653749999995,7.827499999999999,20.054375,10.68375,4.021874999999999,26.476152499999994
2026-09-07T16:06:56.386Z,MCT2408031,15.290833,74.149167,19.09090909090909,140,446.27272727272725,86.39335727272729,6.856764454545456,7.884615272727273,8.14,20.90818181818182,11.253636363636366,4.095454545454545,26.458966363636364
2026-09-07T15:10:00.000Z,MCT2408024,15.148056,74.131667,41.25,210.2406375,645.5,76.93628625000001,17.94429125,6.017316,7.241250000000001,23.990000000000002,13.739999999999998,2.39875,28.73378625
2026-09-07T15:20:00.000Z,MCT2408024,15.148056,74.131667,41.125,210.38093750000007,640.9583333333334,76.92388999999999,17.92442541666666,6.0173159999999974,7.365000000000001,23.655833333333337,13.281666666666672,2.4291666666666667,28.723954583333338
2026-09-07T15:30:00.000Z,MCT2408024,15.148056,74.131667,41.36,207.373312,620.4,77.1042472,18.113146800000003,6.1327560799999965,8.830000000000002,27.70200000000001,15.230000000000004,2.4312000000000005,28.62036719999999
2026-09-07T15:40:00.000Z,MCT2408024,15.148056,74.131667,40.92,209.543356,661.8,77.11187720000002,17.786247200000005,6.825396559999998,7.670400000000002,24.508000000000006,13.750000000000005,2.4396,28.633665999999995
2026-09-07T15:50:00.000Z,MCT2408024,15.148056,74.131667,40.92,209.71339200000003,663,77.22448679999998,17.773328799999998,6.594516399999999,7.670000000000003,24.228400000000008,13.510000000000005,2.4343999999999997,28.564166799999988
2026-09-07T16:00:00.000Z,MCT2408024,15.148056,74.131667,41.083333333333336,210.74796249999997,648.5416666666666,77.69096083333335,17.932499166666666,6.257816166666664,7.615833333333335,23.9875,13.240000000000004,2.4295833333333334,28.40399041666666
2026-09-07T16:06:56.394Z,MCT2408024,15.148056,74.131667,41.23529411764706,209.7088,594.0588235294117,77.91526176470586,17.97626588235294,6.017315999999998,7.342941176470586,23.870588235294118,13.46058823529412,2.444705882352941,28.276153529411765
2026-09-07T15:10:00.000Z,MCT2408039,15.163611,74.110833,29.6,255.872,455.6,83.167782,13.95,10.3,9.02,28.940000000000005,11.76,2.3,27.502812
2026-09-07T15:20:00.000Z,MCT2408039,15.163611,74.110833,31.875,265.37812499999995,440.75,83.35451499999999,16.021250000000002,10.3,9.019999999999998,28.94,11.759999999999998,2.3,27.440741874999993
2026-09-07T15:30:00.000Z,MCT2408039,15.163611,74.110833,30.6875,193.87062499999996,457,83.576245625,14.82,10.3,9.019999999999998,28.94,11.759999999999998,2.3,27.341534375000005
2026-09-07T15:40:00.000Z,MCT2408039,15.163611,74.110833,52.3125,176.465,456.625,83.7054675,15.07375,10.3,22.863749999999996,75.839375,32.011250000000004,2.3,27.226910624999995
2026-09-07T15:50:00.000Z,MCT2408039,15.163611,74.110833,32.8,241.42600000000002,454.53333333333336,83.74711066666666,14.948000000000002,10.3,10.297333333333333,33.212666666666664,13.647999999999998,2.3,27.141732666666666
2026-09-07T16:00:00.000Z,MCT2408039,15.163611,74.110833,31.625,211.3675,455.3125,84.13080624999999,15.789375,10.3,9.019999999999998,28.94,11.759999999999998,2.3,27.008385625000006
2026-09-07T16:06:56.445Z,MCT2408039,15.163611,74.110833,30.416666666666668,84.68416666666666,475.4166666666667,84.41468250000001,14.549999999999999,10.299999999999999,9.019999999999998,28.94,11.76,2.3000000000000003,26.95922916666667
2026-09-07T15:10:00.000Z,MCT2408038,15.188889,74.055556,21.6,233.33,438.8,82.412474,8.476,13.330000000000002,6.094,17.298000000000002,8.534,4.548,28.538858000000005
2026-09-07T15:20:00.000Z,MCT2408038,15.188889,74.055556,21.466666666666665,233.32999999999996,441.26666666666665,82.70442733333334,8.359333333333334,13.330000000000005,5.966000000000002,16.966000000000005,8.203999999999999,4.510666666666667,28.41945266666666
2026-09-07T15:30:00.000Z,MCT2408038,15.188889,74.055556,21.75,233.46562499999996,452.0625,83.036464375,8.63875,13.330000000000005,6.003750000000002,17.024375000000003,8.208124999999999,4.496875,28.245122499999997
2026-09-07T15:40:00.000Z,MCT2408038,15.188889,74.055556,21.5,233.32999999999996,454.4375,83.23912125000001,8.425,13.330000000000005,5.950000000000002,16.900000000000002,7.939999999999999,4.5112499999999995,28.076873125
2026-09-07T15:50:00.000Z,MCT2408038,15.188889,74.055556,21.466666666666665,233.32999999999996,472.06666666666666,83.42871133333333,8.310666666666666,13.330000000000005,5.950000000000002,16.900000000000002,7.983999999999998,4.512666666666666,28.067667333333336
2026-09-07T16:00:00.000Z,MCT2408038,15.188889,74.055556,21.625,233.32999999999996,451.0625,83.59007375,8.474375,13.330000000000005,6.010000000000001,17.085624999999997,8.47625,4.489375,28.152618750000002
2026-09-07T16:06:56.444Z,MCT2408038,15.188889,74.055556,21.454545454545453,233.32999999999996,440.1818181818182,84.20926545454546,8.46,13.330000000000002,6.050000000000001,17.080000000000005,8.049999999999999,4.526363636363637,28.05408272727273
2026-09-07T15:10:00.000Z,MCT2408026,15.2467,74.198281,30.875,125,435.25,79.95943374999999,13.24188375,12.5,4.8475,15.595000000000002,8.5575,1.59375,28.794111249999997
2026-09-07T15:20:00.000Z,MCT2408026,15.2467,74.198281,30.833333333333332,125,436.625,80.8282320833333,13.16429875,12.5,4.76916666666667,15.352916666666665,8.475833333333334,1.4649999999999996,28.664966249999996
2026-09-07T15:30:00.000Z,MCT2408026,15.2467,74.198281,30.75,125,439.9166666666667,82.13031541666665,13.101314583333332,12.5,4.76916666666667,15.51375,8.637083333333337,1.575833333333333,28.44197541666667
2026-09-07T15:40:00.000Z,MCT2408026,15.2467,74.198281,31.041666666666668,125,443.0833333333333,82.54103125000002,13.263081666666666,12.5,4.847500000000003,15.554999999999998,8.515833333333337,1.5125000000000002,28.267689999999998
2026-09-07T15:50:00.000Z,MCT2408026,15.2467,74.198281,30.958333333333332,125,451.6666666666667,82.82586208333335,13.114772916666666,12.5,4.730000000000003,14.629999999999995,7.831250000000002,1.4229166666666666,28.21942583333333
2026-09-07T16:00:00.000Z,MCT2408026,15.2467,74.198281,30.916666666666668,125,449.1666666666667,82.59093958333334,13.13940125,12.5,4.730000000000003,14.991666666666665,8.193750000000001,1.4112500000000001,28.19574208333334
2026-09-07T16:06:56.646Z,MCT2408026,15.2467,74.198281,30.88235294117647,125,447,82.5216211764706,13.191785294117645,12.5,6.118235294117648,20.422352941176474,11.514117647058825,1.3847058823529412,28.24019294117647
