time,device_id,latitude,longitude,aqi,co,co2,hum,no2,o3,pm1,pm10,pm25,so2,temp
2026-09-12T18:50:00.000Z,MCT2408057,15.272222,74.104722,30.523809523809526,307.7161904761905,513.2380952380952,86.34255809523812,12.673333333333332,8.91333333333333,11.35142857142857,32.52476190476191,16.760952380952382,1.3733333333333333,27.794637142857148
2026-09-12T19:00:00.000Z,MCT2408057,15.272222,74.104722,32.56,305.7208,516.68,86.35504159999996,12.568399999999999,8.889999999999999,12.038399999999998,34.7164,17.909999999999997,1.6867999999999994,27.7091632
2026-09-12T19:10:00.000Z,MCT2408057,15.272222,74.104722,29.88,309.0484,509.36,86.69928199999998,12.332399999999998,8.883999999999997,9.654,28.180799999999998,14.743599999999997,1.8860000000000001,27.59762079999999
2026-09-12T19:20:00.000Z,MCT2408057,15.272222,74.104722,29.92,318.13319999999993,498.08,86.97821119999998,12.408399999999999,8.863599999999998,8.534799999999999,25.216400000000004,13.151199999999996,1.7415999999999996,27.5680208
2026-09-12T19:30:00.000Z,MCT2408057,15.272222,74.104722,29.84,297.97640000000007,510.72,86.88085839999998,12.295999999999998,8.987999999999998,9.774399999999996,28.722799999999996,15.076400000000005,1.6032,27.61263720000001
2026-09-12T19:40:00.000Z,MCT2408057,15.272222,74.104722,29.92,310.0292,530.68,86.86132839999996,12.449599999999998,8.870399999999997,8.820799999999998,26.075999999999993,13.659999999999998,1.6367999999999998,27.571880400000012
2026-09-12T19:41:42.275Z,MCT2408057,15.272222,74.104722,30,315.985,514.5,86.74292,12.424999999999999,8.835,8.94,25.445,12.8675,1.9024999999999999,27.563409999999998
2026-09-12T18:50:00.000Z,MCT2408020,15.543475,74.039433,44.714285714285715,180,857.0714285714286,85.90859357142858,9.144373285714286,19.119534285714284,17.429285714285715,53.05428571428571,27.88,3.659999999999999,27.818898571428573
2026-09-12T19:00:00.000Z,MCT2408020,15.543475,74.039433,45.75,180,853.0625,86.04626124999999,9.070953312499999,19.043340625,18.146250000000002,55.625625,29.275000000000006,3.6599999999999984,27.760482500000002
2026-09-12T19:10:00.000Z,MCT2408020,15.543475,74.039433,46.0625,180,844.375,86.19598687499999,9.160034625000002,19.04334,18.320625,56.675625000000004,30.088750000000005,3.6599999999999984,27.7417125
2026-09-12T19:20:00.000Z,MCT2408020,15.543475,74.039433,46.5625,180,838.5,86.10586500000002,8.880046000000002,19.145080625000002,18.725625000000004,57.315625,30.088750000000008,3.6599999999999984,27.794669375000005
2026-09-12T19:30:00.000Z,MCT2408020,15.543475,74.039433,47.875,180,835.375,86.159748125,9.040522625000001,18.981405,19.945,60.05375,31.13500000000001,3.6599999999999984,27.759811875
2026-09-12T19:40:00.000Z,MCT2408020,15.543475,74.039433,50.125,180,850.9375,86.36717374999998,9.155612875,19.075569375,20.990624999999998,63.89874999999999,33.46,3.6599999999999984,27.690098750000004
2026-09-12T19:41:42.278Z,MCT2408020,15.543475,74.039433,50,180,854,86.430115,9.0969625,19.561549999999997,20.875,62.91,32.53,3.66,27.662615000000002
2026-09-12T18:50:00.000Z,MCT2408028,15.186944,74.096667,49.05,614.9689999999998,545.55,89.82710150000003,19.249,11.56,17.98,55.38399999999999,29.8735,2.854,26.031327499999993
2026-09-12T19:00:00.000Z,MCT2408028,15.186944,74.096667,49.88,604.2955999999999,551.48,89.87188840000003,19.237999999999996,11.5572,18.060000000000006,56.75640000000002,30.97680000000001,2.5732,25.983279599999996
2026-09-12T19:10:00.000Z,MCT2408028,15.186944,74.096667,48.6,601.9104,549.68,89.89141760000003,19.199599999999997,11.56,17.140000000000004,54.33040000000002,29.8232,2.4495999999999998,25.962257599999997
2026-09-12T19:20:00.000Z,MCT2408028,15.186944,74.096667,49.56,597.3396,551.6,89.90576200000004,19.232399999999995,11.56,18.139200000000006,56.31960000000001,30.3808,2.5159999999999996,25.9455264
2026-09-12T19:30:00.000Z,MCT2408028,15.186944,74.096667,47.08,592.3644,551.8,90.06811359999996,19.154799999999994,11.56,16.300000000000004,51.54720000000001,28.194000000000006,2.2315999999999994,25.91206559999999
2026-09-12T19:40:00.000Z,MCT2408028,15.186944,74.096667,45.523809523809526,587.8919047619047,550.2380952380952,90.08786190476188,19.29857142857142,11.56,15.02809523809524,47.63333333333334,25.990000000000002,2.9242857142857144,25.917234285714287
2026-09-12T19:41:42.279Z,MCT2408028,15.186944,74.096667,45,582.0899999999999,550.75,90.0903125,19.1225,11.56,14.98,46.982499999999995,25.35,1.7825000000000002,25.9171075
2026-09-12T18:50:00.000Z,MCT2408056,15.579167,73.920833,55.642857142857146,180,622.4285714285714,88.31566428571428,6.744285714285714,9.787390857142858,23.392857142857142,69.21785714285714,37.75571428571429,1.56,27.27574857142857
2026-09-12T19:00:00.000Z,MCT2408056,15.579167,73.920833,53.875,180,609,88.497680625,6.834999999999999,10.0708621875,21.991874999999997,65.11812499999999,35.43750000000001,1.5599999999999998,27.163227499999998
2026-09-12T19:10:00.000Z,MCT2408056,15.579167,73.920833,53.1875,180,599.0625,88.43664375000002,6.6831249999999995,9.395539500000002,21.289374999999996,63.35374999999999,34.735,1.5599999999999998,27.098206875000002
2026-09-12T19:20:00.000Z,MCT2408056,15.579167,73.920833,54,180,610.9333333333333,88.33237933333336,6.812666666666667,10.1555546,21.83066666666666,65.20799999999998,35.73800000000001,1.5599999999999998,27.060937333333335
2026-09-12T19:30:00.000Z,MCT2408056,15.579167,73.920833,52.5625,180,625.25,88.29645562500001,6.8325,9.789904750000002,20.644374999999997,62.32812500000001,34.558125000000004,1.5599999999999998,26.990955625
2026-09-12T19:40:00.000Z,MCT2408056,15.579167,73.920833,50.8125,180,624.1875,88.33698624999997,6.784375,9.7014374375,19.646250000000002,58.630624999999995,31.924375000000005,1.5599999999999998,26.872980624999997
2026-09-12T19:41:42.279Z,MCT2408056,15.579167,73.920833,51.333333333333336,180,621.6666666666666,88.44936,6.976666666666667,9.39593,20.016666666666666,59.199999999999996,31.866666666666664,1.5599999999999998,26.809973333333332
2026-09-12T18:50:00.000Z,MCT2408055,15.585833,73.885556,34.69230769230769,67.69999999999999,708.3076923076923,87.67487846153846,9.232307692307693,6.242307692307691,15.273846153846153,43.42153846153846,23.387692307692312,6.5515384615384615,27.352826923076925
2026-09-12T19:00:00.000Z,MCT2408055,15.585833,73.885556,35,63.378750000000004,726.6875,87.6884875,9.16625,6.469999999999999,15.381249999999998,44.03875,23.901875000000004,5.93875,27.274504374999996
2026-09-12T19:10:00.000Z,MCT2408055,15.585833,73.885556,33.9375,68.87749999999998,720.4375,87.75953625000001,9.316875,6.469999999999998,14.817499999999999,41.941250000000004,22.6625,6.1868750000000015,27.207469999999994
2026-09-12T19:20:00.000Z,MCT2408055,15.585833,73.885556,32.5,78.9775,710.5625,87.88399187500004,9.246875,6.54,13.596250000000003,39.02125,21.299999999999997,5.6431249999999995,27.151161249999994
2026-09-12T19:30:00.000Z,MCT2408055,15.585833,73.885556,32.125,75.01187499999999,721.4375,88.06042125000002,9.333749999999998,6.295,13.464999999999998,38.199375,20.79,5.544375,27.104241250000005
2026-09-12T19:40:00.000Z,MCT2408055,15.585833,73.885556,31.3125,72.55625,740.625,88.09904500000002,9.274375,6.41,12.721249999999998,36.883125,20.449999999999996,5.980625,27.055307499999998
2026-09-12T19:41:42.328Z,MCT2408055,15.585833,73.885556,31,72.85,757,87.97888,9.365,5.59,12.94,36.185,19.43,5.385,27.01375
2026-09-12T18:50:00.000Z,MCT2408052,15.444425,74.063856,63.5,160,778.1428571428571,86.07534928571431,3.5246117857142862,8,26.423571428571428,70.985,31.979285714285712,2,27.271153571428577
2026-09-12T19:00:00.000Z,MCT2408052,15.444425,74.063856,54.875,160,778.375,86.185020625,3.5360528125,8,19.796875,54.094375,24.853125,2,27.200764999999997
2026-09-12T19:10:00.000Z,MCT2408052,15.444425,74.063856,58.625,160,776,86.37527812500001,3.5851318125000007,8,22.786875,61.61625,27.916874999999997,2,27.20478624999999
2026-09-12T19:20:00.000Z,MCT2408052,15.444425,74.063856,58.8125,160,782.8125,86.282295625,3.5741228750000005,8,23.18375,61.854375000000005,27.592500000000005,2,27.247689375000004
2026-09-12T19:30:00.000Z,MCT2408052,15.444425,74.063856,57.625,160,786.625,86.43679062500001,3.565350875000001,8.03467825,21.949999999999996,59.29000000000001,26.880625,2,27.180655625000004
2026-09-12T19:40:00.000Z,MCT2408052,15.444425,74.063856,62.875,160,796.875,86.56601312499998,3.517763187500001,8,26.17375,69.80625,31.088125,2,27.13976562499999
2026-09-12T19:41:42.529Z,MCT2408052,15.444425,74.063856,50.5,160,798,86.68951,3.6400005,8,15.55,44.480000000000004,21.405,2,27.121
2026-09-12T18:50:00.000Z,MCT2408021,15.500556,74.053333,50.30769230769231,375,523.0769230769231,84.43238769230769,21.716923076923077,14.919044615384612,6.04153846153846,18.76307692307692,11.831538461538461,4.201538461538462,27.667150769230766
2026-09-12T19:00:00.000Z,MCT2408021,15.500556,74.053333,50.3125,375,517.1875,84.56711125,21.790625000000006,14.828714374999999,5.739999999999998,17.3125,10.805625000000003,4.182500000000001,27.68808625
2026-09-12T19:10:00.000Z,MCT2408021,15.500556,74.053333,50,375,526.5,84.786456875,21.566249999999997,14.687633124999998,5.265,16.386875,10.507499999999999,4.1587499999999995,27.602286874999997
2026-09-12T19:20:00.000Z,MCT2408021,15.500556,74.053333,50.1875,375,524.3125,84.88897625,21.661875000000002,14.758174374999998,5.265,16.25125,10.358125000000001,4.175625,27.547991250000003
2026-09-12T19:30:00.000Z,MCT2408021,15.500556,74.053333,49.9375,375,516.875,85.05205624999999,21.612500000000004,14.691056249999995,4.791875,15.29875,9.941875000000001,4.195625000000001,27.52251937499999
2026-09-12T19:40:00.000Z,MCT2408021,15.500556,74.053333,50.125,375,516.5625,85.1431325,21.665625000000002,14.70448,5.265,16.359375,10.476875000000001,4.2162500000000005,27.502409374999996
2026-09-12T19:41:42.531Z,MCT2408021,15.500556,74.053333,50,375,531,85.18271,21.575,14.60481,5.71,18.045,11.665,4.2,27.49638
2026-09-12T18:50:00.000Z,MCT2408053,15.263333,74.110833,45.07142857142857,120.88079285714285,676.5714285714286,90.31620142857142,15.699285714285718,28.117142857142852,14.821428571428571,49.307857142857145,31.101428571428574,10.990714285714285,27.052051428571424
2026-09-12T19:00:00.000Z,MCT2408053,15.263333,74.110833,45.875,115.914975,674.375,90.410275625,14.481250000000001,28.308124999999997,15.955624999999996,52.808125,33.20750000000001,11.335,27.034526875000005
2026-09-12T19:10:00.000Z,MCT2408053,15.263333,74.110833,46.3125,110.85796875,686.1875,90.72450937500001,14.036874999999998,27.381874999999994,16.1275,53.53812500000001,33.698750000000004,11.286875,26.955429374999998
2026-09-12T19:20:00.000Z,MCT2408053,15.263333,74.110833,44.875,113.19397500000002,708.0625,90.92144312499998,13.105624999999998,27.737499999999994,15.61,51.593125,32.498124999999995,11.794999999999998,26.903815625
2026-09-12T19:30:00.000Z,MCT2408053,15.263333,74.110833,45.375,117.27124999999998,727.0625,90.97484937500002,16.885624999999997,29.051249999999992,14.345625000000002,47.88375,30.033124999999995,11.725625000000003,26.860916874999997
2026-09-12T19:40:00.000Z,MCT2408053,15.263333,74.110833,43.4,122.15990666666667,742.9333333333333,90.96706133333335,16.376666666666665,29.465999999999994,13.466666666666669,45.11533333333333,28.274666666666658,11.486666666666668,26.826418000000004
2026-09-12T19:41:42.529Z,MCT2408053,15.263333,74.110833,43.666666666666664,127.59383333333335,786,90.70003333333334,17.63,29.453333333333333,13.773333333333332,46.99666666666667,30.08,11.766666666666666,26.792096666666666
2026-09-12T18:50:00.000Z,MCT2408043,15.221111,74.087222,42.5,183.9225,616.6666666666666,84.75991416666666,14.192499999999997,10.219166666666666,11.6075,37.22833333333333,20.390833333333337,7.750833333333335,27.628654166666667
2026-09-12T19:00:00.000Z,MCT2408043,15.221111,74.087222,45.5625,166.52937500000002,607.75,84.58427812500001,14.201875,10.35,14.246875,44.417500000000004,23.62,5.290000000000001,27.780593125
2026-09-12T19:10:00.000Z,MCT2408043,15.221111,74.087222,47.266666666666666,175.97466666666665,615.7333333333333,85.84315999999998,14.235333333333331,10.336000000000002,15.197333333333331,47.550666666666665,25.278666666666663,5.290000000000001,27.528552
2026-09-12T19:20:00.000Z,MCT2408043,15.221111,74.087222,48.5625,182.6125,594.875,86.201234375,14.189375000000002,10.379375,16.066875,49.969375,26.260624999999997,5.290000000000001,27.480290625000002
2026-09-12T19:30:00.000Z,MCT2408043,15.221111,74.087222,45.875,179.62562499999999,606.6875,85.938020625,14.14875,10.344999999999999,14.32625,44.73875,23.699999999999996,5.290000000000001,27.505761249999995
2026-09-12T19:40:00.000Z,MCT2408043,15.221111,74.087222,45.375,184.20625000000004,622.3125,85.784476875,14.181874999999996,10.312499999999998,14.088750000000001,43.854375000000005,23.219999999999995,5.290000000000001,27.482301250000006
2026-09-12T19:41:42.531Z,MCT2408043,15.221111,74.087222,43,181.21,638,85.41922,14.215,10.315000000000001,12.66,39.91,21.78,5.29,27.49638
2026-09-12T18:50:00.000Z,MCT2408051,15.486528,74.033889,52.15384615384615,350.09153846153845,779.9230769230769,97.29378692307692,22.21076923076923,5.1899999999999995,11.383846153846152,35.56923076923077,19.243076923076924,4.39,26.079837692307688
2026-09-12T19:00:00.000Z,MCT2408051,15.486528,74.033889,52.375,349.808125,785.6875,97.42359687500003,22.328749999999996,5.1899999999999995,10.531249999999998,33.366875,18.35812500000001,4.39,26.025696249999996
2026-09-12T19:10:00.000Z,MCT2408051,15.486528,74.033889,52.125,346.23312500000003,775.625,97.47366437500003,22.178124999999998,5.1899999999999995,10.027499999999998,31.931249999999995,17.618125,4.39,25.980115625000003
2026-09-12T19:20:00.000Z,MCT2408051,15.486528,74.033889,52.25,345.300625,792.4375,97.43933000000003,22.258125,5.1899999999999995,10.104999999999999,32.12562499999999,17.657500000000006,4.39,25.933864375
2026-09-12T19:30:00.000Z,MCT2408051,15.486528,74.033889,52.25,343.93625000000003,798.1875,97.1551375,22.251874999999995,5.1899999999999995,7.693124999999998,24.433125000000004,13.341249999999997,4.39,25.795780625000003
2026-09-12T19:40:00.000Z,MCT2408051,15.486528,74.033889,52.4375,342.1068750000001,791.1875,97.508473125,22.378125,5.1899999999999995,8.821874999999999,27.735624999999995,15.090000000000003,4.39,25.707299374999998
2026-09-12T19:41:42.568Z,MCT2408051,15.486528,74.033889,52,347.85666666666674,787.3333333333334,97.87421,22.12,5.19,9.536666666666667,31.28,17.423333333333336,4.39,25.748190000000005
2026-09-12T18:50:00.000Z,MCT2408034,15.356389,74.123611,38.85,180,526.05,76.0919045,6.150000000000002,4.769500000000001,12.714499999999997,40.37450000000001,21.426999999999996,1.1099999999999999,30.3599785
2026-09-12T19:00:00.000Z,MCT2408034,15.356389,74.123611,39.48,180,538.08,76.13623120000001,6.150000000000002,4.5036,13.196799999999994,41.82640000000001,22.203200000000002,1.1371999999999998,30.293482400000006
2026-09-12T19:10:00.000Z,MCT2408034,15.356389,74.123611,39.04,180,538.32,76.3162848,6.150000000000002,4.578,12.869199999999996,40.964000000000006,21.866,1.1507999999999998,30.260878399999992
2026-09-12T19:20:00.000Z,MCT2408034,15.356389,74.123611,38.5,180,539.5833333333334,76.7763875,6.150000000000002,4.1795833333333325,12.76041666666667,40.32583333333334,21.33208333333333,1.1329166666666663,30.111067500000004
2026-09-12T19:30:00.000Z,MCT2408034,15.356389,74.123611,38.44,180,545.96,76.65991079999996,6.150000000000002,4.6016,12.796800000000001,40.8144,21.941999999999997,1.1211999999999998,30.138183200000007
2026-09-12T19:40:00.000Z,MCT2408034,15.356389,74.123611,35.36,180,540.8,76.564086,6.176000000000003,4.240400000000001,11.0856,34.92400000000001,18.5288,1.1763999999999997,30.111156400000006
2026-09-12T19:41:42.780Z,MCT2408034,15.356389,74.123611,34.25,180,541,76.3707575,6.15,5.034999999999999,10.4825,32.8225,17.585,1.11,30.078445000000002
2026-09-12T18:50:00.000Z,MCT2408050,15.553611,73.958333,33.42857142857143,86.02999999999999,639.5,91.60502357142856,11.164285714285715,4.1850000000000005,12.059285714285712,37.72571428571428,19.92428571428572,2.1650000000000005,26.32734357142857
2026-09-12T19:00:00.000Z,MCT2408050,15.553611,73.958333,33.5,86.02999999999999,623.375,91.617149375,11.260625000000001,4.1987499999999995,12.24625,37.89125,19.666249999999998,2.1906250000000003,26.26098125
2026-09-12T19:10:00.000Z,MCT2408050,15.553611,73.958333,34.125,86.02999999999999,594.6875,91.7969175,11.235625000000002,4.18875,12.511249999999999,39.018125,20.463125,2.0999999999999996,26.246904999999998
2026-09-12T19:20:00.000Z,MCT2408050,15.553611,73.958333,33.1875,86.02999999999999,611.75,91.766399375,11.201250000000002,4.22875,11.930624999999997,37.461875,19.825625,2.3000000000000003,26.179873124999993
2026-09-12T19:30:00.000Z,MCT2408050,15.553611,73.958333,35.3125,86.02999999999999,603.75,91.63383750000001,11.201250000000002,4.216875,13.198749999999997,41.326875,21.791249999999998,2.3425,26.193280624999996
2026-09-12T19:40:00.000Z,MCT2408050,15.553611,73.958333,33.375,86.02999999999999,595.5625,91.65672687500002,11.175,4.1362499999999995,12.299999999999999,37.78375,19.56,2.4231249999999993,26.143002499999998
2026-09-12T19:41:42.782Z,MCT2408050,15.553611,73.958333,34.5,86.03,623,91.63336,11.285,4.395,12.72,40.36,21.259999999999998,1.945,26.086025
2026-09-12T18:50:00.000Z,MCT2408029,15.333611,74.206944,25.7,120,802.4,90.40350199999999,13.551000000000002,10.62,5.061,15.431999999999999,8.59,3.6990000000000003,26.684485000000002
2026-09-12T19:10:00.000Z,MCT2408029,15.333611,74.206944,16.545454545454547,120,789.9090909090909,91.97321818181818,5.922727272727273,8.195454545454547,5.025454545454545,15.814545454545458,8.93,3.864545454545455,26.074811818181818
2026-09-12T19:20:00.000Z,MCT2408029,15.333611,74.206944,15.75,120,825.1875,91.37873062500002,3.9012499999999997,8.6125,4.596874999999999,14.341249999999999,8.09,3.920625,26.224785
2026-09-12T19:30:00.000Z,MCT2408029,15.333611,74.206944,16.25,120,823.875,91.20325312500003,4.54,8.470625,4.745,14.775624999999998,8.421874999999998,4.010625,26.250928750000003
2026-09-12T19:40:00.000Z,MCT2408029,15.333611,74.206944,16,120,817,91.0388576923077,5.134615384615385,9.117692307692307,4.616923076923078,14.227692307692307,7.965384615384616,3.5807692307692305,26.28691615384616
2026-09-12T19:41:42.783Z,MCT2408029,15.333611,74.206944,16,120,818,91.02301,6.883333333333334,7.253333333333333,4.316666666666666,14.643333333333333,8.823333333333332,3.5,26.28444
2026-09-12T18:50:00.000Z,MCT2408023,15.499722,74.020833,53.285714285714285,163.78285714285715,497.2857142857143,91.17995928571429,9.005714285714285,18.97214285714286,20.46,64.31785714285715,39.97857142857142,4.602142857142858,26.527288571428567
2026-09-12T19:00:00.000Z,MCT2408023,15.499722,74.020833,56.2,155.29333333333332,506.06666666666666,91.44720466666668,9.009999999999998,19.194666666666663,22.055333333333337,69.318,43.40333333333333,4.280666666666667,26.446748666666668
2026-09-12T19:10:00.000Z,MCT2408023,15.499722,74.020833,55.625,150.51,513.5,91.38159062499999,8.863125000000002,18.86625,21.705624999999998,67.676875,41.778125,4.73625,26.384321249999996
2026-09-12T19:20:00.000Z,MCT2408023,15.499722,74.020833,51.5,159.039375,520.125,91.20086937500002,9.031875,18.560624999999998,18.692500000000003,59.206875,36.884375,4.7562500000000005,26.386331874999996
2026-09-12T19:30:00.000Z,MCT2408023,15.499722,74.020833,50.625,169.1875,507.5625,91.23138937499999,9.108749999999999,19.261875,17.664375000000003,56.595,35.706250000000004,4.541875,26.380969999999994
2026-09-12T19:40:00.000Z,MCT2408023,15.499722,74.020833,51.375,178.663125,500.8125,91.38159062500002,9.0425,18.8075,17.903124999999996,58.01812500000001,36.612500000000004,4.806875,26.374263750000008
2026-09-12T19:41:42.814Z,MCT2408023,15.499722,74.020833,51.666666666666664,179.9333333333333,510,91.52400666666665,8.523333333333333,19.66333333333333,18.16333333333333,58.68,37.21666666666667,4.73,26.37024
2026-09-12T18:50:00.000Z,MCT2408027,15.275556,74.1075,49.76923076923077,1189.1853846153847,650.6923076923077,89.00532846153844,6.579999999999999,12.45230769230769,18.056153846153848,55.35230769230769,29.64307692307692,2.95,27.194421538461537
2026-09-12T19:00:00.000Z,MCT2408027,15.275556,74.1075,48.0625,1189.690625,644.3125,89.0899125,6.579999999999999,12.647499999999997,16.889375,51.99624999999999,27.853125000000002,2.9500000000000006,27.188698125
2026-09-12T19:10:00.000Z,MCT2408027,15.275556,74.1075,46.9375,1188.926875,644.75,89.27301874999998,6.579999999999999,12.671874999999998,16.334374999999998,49.655,26.248125000000005,2.9500000000000006,27.13574562499999
2026-09-12T19:20:00.000Z,MCT2408027,15.275556,74.1075,46.9375,1190.344375,648.875,89.42322187499998,6.579999999999999,12.409999999999997,16.335,49.839999999999996,26.494375,2.9500000000000006,27.15585375
2026-09-12T19:30:00.000Z,MCT2408027,15.275556,74.1075,48.375,1192.8174999999997,644.875,89.29256999999998,6.579999999999999,12.564374999999997,16.951875,52.55125,28.409375,2.9500000000000006,27.139096249999994
2026-09-12T19:40:00.000Z,MCT2408027,15.275556,74.1075,47.5,1194.67625,641.6875,89.43180437500001,6.579999999999999,12.542499999999997,16.829375000000002,50.88749999999999,26.989375000000003,2.9500000000000006,27.114295625
2026-09-12T19:41:43.032Z,MCT2408027,15.275556,74.1075,47,1187.9299999999998,641,89.50476,6.58,12.67,16.275,50.269999999999996,27.175,2.95,27.08346
2026-09-12T18:50:00.000Z,MCT2408040,15.528056,74.020833,18.76923076923077,100,542.5384615384615,87.35385923076925,7.8076923076923075,4.691538461538461,3.4299999999999997,10.446923076923078,5.201538461538462,3.5,27.342926923076924
2026-09-12T19:00:00.000Z,MCT2408040,15.528056,74.020833,18.4375,100,528.3125,87.590736875,7.616875,4.650625,3.3387499999999997,10.154375,5.0175,3.5,27.233612499999992
2026-09-12T19:10:00.000Z,MCT2408040,15.528056,74.020833,18.6875,100,525.25,87.77288874999998,7.788749999999999,4.689375,3.30875,10.066875,4.985,3.5,27.158534375000002
2026-09-12T19:20:00.000Z,MCT2408040,15.528056,74.020833,18.375,100,532.375,87.76478125000003,7.574374999999999,4.7075000000000005,3.3262500000000004,9.999999999999998,4.89625,3.5,27.218864999999997
2026-09-12T19:30:00.000Z,MCT2408040,15.528056,74.020833,18.625,100,551.0625,87.58835062500003,7.730625000000002,4.6825,3.25875,9.778749999999999,4.7406250000000005,3.5,27.283216874999994
2026-09-12T19:40:00.000Z,MCT2408040,15.528056,74.020833,18.5,100,557.375,87.64414375,7.713125000000001,4.744375,3.4349999999999996,10.353125,5.085625,3.5,27.250373125000003
2026-09-12T19:41:43.032Z,MCT2408040,15.528056,74.020833,18.333333333333332,100,555.6666666666666,87.62793,7.456666666666667,4.763333333333333,3.4766666666666666,10.53,5.2299999999999995,3.5,27.22825
2026-09-12T18:50:00.000Z,MCT2408049,15.475278,74.055833,56.714285714285715,150.10347857142855,561,85.18761357142857,24.18857142857143,14.977857142857143,11.83,35.127857142857145,17.974285714285713,2.61,27.422835000000003
2026-09-12T19:00:00.000Z,MCT2408049,15.475278,74.055833,56.625,150.27381875,565.9375,85.40348374999998,24.215625000000003,14.485624999999999,11.5,33.75749999999999,16.9275,2.61,27.357621875000003
2026-09-12T19:10:00.000Z,MCT2408049,15.475278,74.055833,56.3125,150.17844374999999,577.125,85.52364874999998,23.959374999999998,13.956875000000002,11.019375,32.36625000000001,16.448124999999997,2.61,27.274504375000003
2026-09-12T19:20:00.000Z,MCT2408049,15.475278,74.055833,56.625,151.64513125000002,569.25,85.48597687500002,24.236249999999995,14.781875000000003,10.3025,30.212500000000002,15.344375000000005,2.61,27.246348749999992
2026-09-12T19:30:00.000Z,MCT2408049,15.475278,74.055833,56.6,150.00281333333334,558.6666666666666,85.37166466666665,24.254666666666665,13.607333333333337,9.662,28.292666666666666,14.372666666666671,2.61,27.226817999999998
2026-09-12T19:40:00.000Z,MCT2408049,15.475278,74.055833,56.5,151.59458125,574.5,85.540814375,24.065625,14.271875000000001,10.015625,29.78125000000001,15.344375,2.61,27.160547500000003
2026-09-12T19:41:43.032Z,MCT2408049,15.475278,74.055833,57,150,580,85.59850999999999,24.430000000000003,13.64,10.476666666666668,30.64,15.6,2.61,27.146023333333332
2026-09-12T18:50:00.000Z,MCT2408044,15.313669,74.140042,24.692307692307693,214.29,534.3846153846154,93.25959615384616,10.93923076923077,3.566153846153846,6.144615384615384,16.846153846153847,9.896153846153847,2.8939841538461546,25.970935384615384
2026-09-12T19:00:00.000Z,MCT2408044,15.313669,74.140042,24.625,214.29,554.0625,93.43962125000002,11.011875,3.54625,5.99875,16.53125,9.797500000000001,3.0193910625,25.86884250000001
2026-09-12T19:10:00.000Z,MCT2408044,15.313669,74.140042,24.8125,214.29,538.4375,93.62749562500002,10.991874999999999,3.5525,6.034999999999998,16.625,9.865,3.0304488125,25.848065
2026-09-12T19:20:00.000Z,MCT2408044,15.313669,74.140042,24.6875,214.29,534.6875,93.63798562499998,10.963750000000001,3.7700000000000005,6.250624999999999,17.03125,10,3.2701923125000003,25.79510937499999
2026-09-12T19:30:00.000Z,MCT2408044,15.313669,74.140042,24.533333333333335,214.29,547.8666666666667,93.77366266666667,10.898666666666667,3.7593333333333327,6.0139999999999985,16.466666666666665,9.621999999999998,3.233589733333333,25.72602333333333
2026-09-12T19:40:00.000Z,MCT2408044,15.313669,74.140042,24.5625,214.29,553.1875,94.02231562500002,10.906250000000002,3.5087500000000005,6.358125,17.28125,10.101249999999999,3.0172276249999994,25.682495625
2026-09-12T19:41:43.059Z,MCT2408044,15.313669,74.140042,25,214.29,545.3333333333334,94.05951,10.986666666666666,3.4933333333333336,6.32,17.333333333333332,10.090000000000002,3.3008550000000003,25.673109999999998
2026-09-12T18:50:00.000Z,MCT2408030,15.142519,74.075003,29.384615384615383,163,539,81.39060615384618,8.885384615384616,6.200000000000002,9.370000000000001,25.900000000000002,13.616923076923076,4.26923076923077,27.27692692307693
2026-09-12T19:00:00.000Z,MCT2408030,15.142519,74.075003,30.5,163,540.5,81.47577875000002,8.710625,6.200000000000002,9.605,28.169375000000002,15.502500000000001,4.283124999999998,27.232273125000003
2026-09-12T19:10:00.000Z,MCT2408030,15.142519,74.075003,31.375,163,556,81.50534375000001,8.880625,6.200000000000002,9.957500000000001,29.53875,16.33,4.43875,27.231603125
2026-09-12T19:20:00.000Z,MCT2408030,15.142519,74.075003,30.466666666666665,163,567.4666666666667,81.58239800000001,9.022000000000002,6.200000000000002,9.495333333333333,27.371333333333332,14.893333333333333,4.438666666666667,27.22825
2026-09-12T19:30:00.000Z,MCT2408030,15.142519,74.075003,30.5625,163,562.0625,81.62931874999997,8.835,6.200000000000002,9.7225,28.226875,15.325625000000002,4.410625000000001,27.221543749999995
2026-09-12T19:40:00.000Z,MCT2408030,15.142519,74.075003,30.75,163,552.9375,81.63313374999997,8.855625,6.200000000000002,9.605,28.340625000000003,15.679375,4.19875,27.208808125
2026-09-12T19:41:43.274Z,MCT2408030,15.142519,74.075003,30.333333333333332,163,562.3333333333334,81.6236,8.716666666666667,6.2,9.683333333333332,27.676666666666666,14.833333333333334,4.683333333333333,27.18892333333333
2026-09-12T18:50:00.000Z,MCT2408037,15.394444,74.118333,29.076923076923077,160,521.2307692307693,85.11199076923077,10.62923076923077,14.339230769230769,7.317692307692307,26.355384615384615,13.663076923076924,3.433846153846154,27.049223076923074
2026-09-12T19:00:00.000Z,MCT2408037,15.394444,74.118333,28.25,160,509.25,85.079235,10.632499999999999,14.353125,6.967499999999999,24.531250000000004,12.505625000000002,3.57125,27.05731875
2026-09-12T19:10:00.000Z,MCT2408037,15.394444,74.118333,28.0625,160,503.25,85.076849375,10.546250000000002,14.251249999999997,6.596875,24.326875,12.786875000000002,3.500625,27.049274999999994
2026-09-12T19:20:00.000Z,MCT2408037,15.394444,74.118333,27.25,160,502.625,85.13025625,10.339375,14.416874999999997,6.319375000000001,22.998749999999994,12.083750000000002,3.5824999999999996,26.976880625
2026-09-12T19:30:00.000Z,MCT2408037,15.394444,74.118333,27.25,160,504.25,85.14170062500001,10.444374999999997,14.424374999999998,6.365,23.459374999999998,12.411875000000002,3.5806250000000004,26.92392625
2026-09-12T19:40:00.000Z,MCT2408037,15.394444,74.118333,29.125,160,523.8125,85.100215625,10.465000000000002,14.438124999999996,7.246875000000001,27.139375000000005,14.474375000000004,3.6268749999999996,26.88236625
2026-09-12T19:41:43.288Z,MCT2408037,15.394444,74.118333,28.333333333333332,160,535,85.12294666666666,10.536666666666667,14.373333333333333,6.69,25.08,13.49,3.4766666666666666,26.82784666666667
2026-09-12T18:50:00.000Z,MCT2408042,15.213889,74.071667,61.07692307692308,238.30846153846156,510.7692307692308,87.77699769230767,26.04,13.516923076923076,14.98,45.10846153846155,23.68923076923077,3.1938461538461533,27.512052307692308
2026-09-12T19:00:00.000Z,MCT2408042,15.213889,74.071667,61.1875,243.78375000000003,512.375,87.98269499999999,26.202499999999997,13.408124999999998,13.991250000000003,42.806875,22.493750000000006,3.063125,27.439400625
2026-09-12T19:10:00.000Z,MCT2408042,15.213889,74.071667,61.0625,246.99,510.375,88.172476875,26.109999999999996,13.53875,13.479375000000003,40.983124999999994,21.352500000000003,3.064375,27.385104375000004
2026-09-12T19:20:00.000Z,MCT2408042,15.213889,74.071667,61.5,249.359375,505.8125,88.23446499999999,26.393124999999998,13.465,12.853750000000003,39.215625,20.611250000000002,3.0875,27.350248125000004
2026-09-12T19:30:00.000Z,MCT2408042,15.213889,74.071667,61.25,247.05749999999998,507.25,88.33555624999998,26.233124999999998,13.873125,13.138125000000004,39.615625,20.44125,3.1237500000000002,27.317404375000006
2026-09-12T19:40:00.000Z,MCT2408042,15.213889,74.071667,61.125,247.59875000000002,514.8125,88.35367375000001,26.15,13.345624999999998,12.626250000000002,37.96125,19.641874999999995,3.1975000000000002,27.272493750000002
2026-09-12T19:41:43.291Z,MCT2408042,15.213889,74.071667,61,252.25,518,88.39087,26.070000000000004,13.563333333333333,12.74,38.303333333333335,20.039999999999996,3.1533333333333338,27.228250000000003
2026-09-12T18:50:00.000Z,MCT2408046,15.529167,74.07,36.142857142857146,95.82571428571428,514.047619047619,84.04465666666668,13.661904761904763,0.6814285714285715,15.505714285714285,46.60714285714285,22.901428571428568,3.081428571428571,28.30995380952381
2026-09-12T19:00:00.000Z,MCT2408046,15.529167,74.07,33.32,95.52,512.8,84.22674560000002,13.580800000000002,0.6711999999999999,13.503999999999996,40.5296,19.8416,3.2343999999999995,28.22396639999999
2026-09-12T19:10:00.000Z,MCT2408046,15.529167,74.07,34.96,95.52,517.36,84.05462559999998,13.569600000000003,0.6719999999999999,14.742800000000003,44.084799999999994,21.561199999999996,3.2084,28.1935068
2026-09-12T19:20:00.000Z,MCT2408046,15.529167,74.07,33.88,95.52,520.68,84.20049840000001,13.494799999999998,0.6671999999999998,13.8848,41.24320000000001,20.010399999999997,3.2544000000000004,28.130016399999995
2026-09-12T19:30:00.000Z,MCT2408046,15.529167,74.07,31.48,95.52,509.08,84.28137279999999,13.532,0.7187999999999998,12.161999999999995,36.4388,17.8816,3.428000000000001,28.079822000000007
2026-09-12T19:40:00.000Z,MCT2408046,15.529167,74.07,31,95.52,521,84.3735368,13.423599999999997,0.6819999999999999,11.304399999999998,33.8628,16.671999999999997,3.3256,28.014184800000002
2026-09-12T19:41:43.293Z,MCT2408046,15.529167,74.07,31.25,95.52,520.25,84.42549249999999,13.7875,0.71,11.2225,33.885,16.9375,3.435,27.98169
2026-09-12T18:50:00.000Z,MCT2408041,15.224628,74.171389,31.357142857142858,374.8428642857143,557.2857142857143,88.14999642857143,13.62857142857143,9.700000000000001,8.43357142857143,26.209285714285716,14.212142857142856,7.652142857142857,27.027535714285715
2026-09-12T19:00:00.000Z,MCT2408041,15.224628,74.171389,31.1875,370.22769375,562,88.37513312499998,13.5775,9.7,8.841875000000002,27.641250000000007,14.914375000000001,7.703124999999998,27.033186250000004
2026-09-12T19:10:00.000Z,MCT2408041,15.224628,74.171389,31.25,382.2534,568.25,88.377995,13.559375000000001,9.7,8.99375,27.894375000000007,15.015,7.75375,27.054636249999998
2026-09-12T19:20:00.000Z,MCT2408041,15.224628,74.171389,31.0625,378.62242499999996,590.8125,87.85061312500001,13.4125,9.7,8.490625000000001,25.970625000000005,13.85125,7.907500000000001,27.007714375
2026-09-12T19:30:00.000Z,MCT2408041,15.224628,74.171389,31,383.08955,596.9375,87.94121062500001,13.441249999999998,9.7,8.791875000000001,26.476875000000007,13.85125,7.908750000000001,26.895100624999998
2026-09-12T19:40:00.000Z,MCT2408041,15.224628,74.171389,31.5,386.8357625,588.125,88.26307624999998,13.734375000000002,9.7,8.690625,26.780625000000008,14.256250000000001,7.810000000000001,26.825390624999994
2026-09-12T19:41:43.307Z,MCT2408041,15.224628,74.171389,31,395.91085,589,88.39087,13.594999999999999,9.7,8.89,27.54,14.559999999999999,7.904999999999999,26.8207
2026-09-12T18:50:00.000Z,MCT2408033,15.346944,74.007778,23.76923076923077,110,560.6923076923077,88.55460846153846,7.213076923076922,3.8938461538461535,10.20923076923077,26.39153846153846,16.108461538461537,4.39,27.289303076923076
2026-09-12T19:00:00.000Z,MCT2408033,15.346944,74.007778,22,110,536.625,88.467164375,7.753124999999999,4.17875,8.861875,22.596875,13.4925,4.39,27.2812075
2026-09-12T19:10:00.000Z,MCT2408033,15.346944,74.007778,23.1875,110,535.75,88.62499812499999,7.3675,3.9375,9.203750000000001,23.974375,14.56,4.39,27.192720624999993
2026-09-12T19:20:00.000Z,MCT2408033,15.346944,74.007778,24.3125,110,560.3125,88.54107312499998,7.64875,4.201874999999999,10.341249999999999,26.409374999999997,15.954374999999999,4.39,27.15317249999999
2026-09-12T19:30:00.000Z,MCT2408033,15.346944,74.007778,25.0625,110,540.5,88.52581124999999,7.673750000000001,4.181875,10.454374999999999,27.373750000000005,16.912499999999998,4.39,27.10826
2026-09-12T19:40:00.000Z,MCT2408033,15.346944,74.007778,24.3125,110,562.5625,88.58637124999998,7.443749999999998,4.159375000000001,10.038124999999999,26.21875,16.066875,4.39,27.094184374999998
2026-09-12T19:41:43.522Z,MCT2408033,15.346944,74.007778,23,110,557.6666666666666,88.69604666666665,7.6000000000000005,3.94,8.886666666666667,23.25,14.116666666666665,4.39,27.067373333333336
2026-09-12T18:50:00.000Z,MCT2408045,15.619444,73.878889,31.714285714285715,178.11999999999995,761.6428571428571,85.27426142857142,10.732857142857142,16.372142857142858,11.721428571428573,39.431428571428576,20.27642857142857,2.5300000000000002,27.444282142857137
2026-09-12T19:00:00.000Z,MCT2408045,15.619444,73.878889,31.125,178.11999999999995,762.4375,85.35484687499998,10.590625000000001,16.371250000000003,11.4525,38.459374999999994,19.650000000000002,2.5300000000000002,27.387786874999996
2026-09-12T19:10:00.000Z,MCT2408045,15.619444,73.878889,32.13333333333333,178.11999999999995,760.1333333333333,85.39506200000001,10.832666666666666,16.321333333333335,11.913333333333336,40.18600000000001,20.69733333333334,2.5300000000000002,27.301182666666662
2026-09-12T19:20:00.000Z,MCT2408045,15.619444,73.878889,32.25,178.11999999999995,762.9375,85.409683125,10.606250000000001,16.536875,11.955000000000004,40.240625,20.816250000000007,2.5300000000000002,27.264449374999998
2026-09-12T19:30:00.000Z,MCT2408045,15.619444,73.878889,32.8125,178.11999999999995,767.75,85.40396000000001,10.746875000000001,16.31375,12.174375000000003,40.739374999999995,20.923125000000006,2.5300000000000002,27.1833375
2026-09-12T19:40:00.000Z,MCT2408045,15.619444,73.878889,32.9375,178.11999999999995,760,85.53985874999998,10.7575,16.4775,12.362500000000004,41.238125,21.063125000000007,2.5300000000000002,27.06066875
2026-09-12T19:41:43.537Z,MCT2408045,15.619444,73.878889,32.333333333333336,178.12,758.6666666666666,85.58325,10.27,16.61,11.746666666666668,39.919999999999995,20.733333333333334,2.53,27.01017333333333
2026-09-12T18:50:00.000Z,MCT2408022,15.475833,74.038889,41.07692307692308,150,468.38461538461536,88.66963615384614,4.079230769230768,11.501388461538458,15.153846153846153,46.61538461538461,24.692307692307693,4.237293076923077,26.93042307692307
2026-09-12T19:00:00.000Z,MCT2408022,15.475833,74.038889,40.4375,150,466.6875,88.79904374999998,4.06375,11.505395624999998,14.625,45.4375,24.25,4.2551533125,26.87633375
2026-09-12T19:10:00.000Z,MCT2408022,15.475833,74.038889,41.375,150,454.875,88.77519937499999,3.860625,11.634098125000001,14.9375,46.5,24.6875,4.2863018125,26.879685000000002
2026-09-12T19:20:00.000Z,MCT2408022,15.475833,74.038889,41.125,150,452.625,88.98929874999999,3.96875,11.529178749999998,14.8125,45.9375,24.375,4.2368365,26.825389375
2026-09-12T19:30:00.000Z,MCT2408022,15.475833,74.038889,44.125,150,458.8125,89.01933999999999,4.064374999999999,11.485378749999999,17.125,51.6875,27.125,4.2345225625000005,26.784501249999995
2026-09-12T19:40:00.000Z,MCT2408022,15.475833,74.038889,44.0625,150,482.6875,89.04175124999998,4.0893749999999995,11.305408125,16.875,51.5625,27.4375,4.2347163750000005,26.647082499999996
2026-09-12T19:41:43.541Z,MCT2408022,15.475833,74.038889,45,150,486.3333333333333,88.97578666666668,4.653333333333333,11.226573333333334,17.333333333333332,53,28,4.185054,26.631216666666663
2026-09-12T18:50:00.000Z,MCT2408024,15.148056,74.131667,40.714285714285715,213.03367619047623,780.4285714285714,80.20670857142856,17.68725523809524,9.040746666666669,9.84714285714286,30.980000000000008,16.988571428571433,2.57047619047619,27.416705238095243
2026-09-12T19:00:00.000Z,MCT2408024,15.148056,74.131667,40.958333333333336,213.13503333333333,802.2916666666666,80.06974333333332,17.823026666666667,8.903318000000004,10.740000000000002,33.31333333333334,17.945416666666674,2.586666666666667,27.416386666666657
2026-09-12T19:10:00.000Z,MCT2408024,15.148056,74.131667,41.48,214.57799600000007,696.84,80.15905720000005,18.21983240000001,8.903318000000006,8.910000000000002,28.42000000000001,15.670000000000005,2.5848,27.310619999999993
2026-09-12T19:20:00.000Z,MCT2408024,15.148056,74.131667,41.52,213.89445600000002,757.04,80.25824039999996,18.3187696,8.672437840000004,9.550000000000004,30.22000000000001,16.669200000000004,2.6,27.291315600000004
2026-09-12T19:30:00.000Z,MCT2408024,15.148056,74.131667,41.333333333333336,214.9788625,802.625,80.28940666666666,18.129512083333335,8.903318000000004,8.490000000000002,26.941250000000007,14.990000000000004,2.6120833333333335,27.266236249999995
2026-09-12T19:40:00.000Z,MCT2408024,15.148056,74.131667,41.68,214.40564799999996,762.48,80.36322079999997,18.414135199999997,8.778065520000006,8.590000000000002,27.86040000000001,15.670000000000005,2.5987999999999998,27.221385200000004
2026-09-12T19:41:43.536Z,MCT2408024,15.148056,74.131667,42.5,212.6388,608.5,80.46393,19.2092525,8.903318,9.49,31.23,17.7375,2.5874999999999995,27.21752
2026-09-12T18:50:00.000Z,MCT2408032,15.525556,73.828611,33.666666666666664,179.84476190476184,564.2857142857143,79.38999952380952,13.640952380952383,18.57904761904762,7.323333333333336,22.281428571428574,11.933809523809524,2.9557142857142855,29.26959095238096
2026-09-12T19:00:00.000Z,MCT2408032,15.525556,73.828611,34.44,178.92999999999995,581.76,80.1114508,14.281200000000005,18.253600000000002,7.461200000000002,23.78,13.1392,2.7683999999999997,29.116297200000012
2026-09-12T19:10:00.000Z,MCT2408032,15.525556,73.828611,34.72,178.92999999999995,588.76,80.79901199999999,14.470800000000006,18.158,8.085999999999999,26.3412,14.440800000000001,2.6712000000000002,28.96786240000001
2026-09-12T19:20:00.000Z,MCT2408032,15.525556,73.828611,35.16,182.7348,570.8,81.57476999999999,14.619200000000005,18.350800000000003,9.283599999999996,30.379999999999995,16.875199999999996,2.4832000000000005,28.8378732
2026-09-12T19:30:00.000Z,MCT2408032,15.525556,73.828611,35.28,179.03599999999997,557.68,81.9998784,14.345600000000005,18.2264,10.5964,33.7356,18.459599999999995,2.4276,28.746922400000006
2026-09-12T19:40:00.000Z,MCT2408032,15.525556,73.828611,35.76,178.92999999999995,577.88,81.83020080000001,14.481999999999998,18.422000000000004,11.5632,35.2728,18.9124,2.5172,28.849026400000003
2026-09-12T19:41:43.563Z,MCT2408032,15.525556,73.828611,35.75,178.93,559.5,82.1290425,14.3525,17.807499999999997,12.8175,36.622499999999995,18.404999999999998,2.25,28.78875
2026-09-12T18:50:00.000Z,MCT2408036,15.171567,74.067106,36.15384615384615,120,591.9230769230769,86.8227353846154,10.266153846153847,7.858461538461539,5.466153846153846,16.755384615384614,9.196923076923076,11.075384615384614,27.167197692307695
2026-09-12T19:00:00.000Z,MCT2408036,15.171567,74.067106,36.06666666666667,120,587.4666666666667,87.08471733333336,10.602,7.898666666666668,5.544,16.716666666666665,9.051333333333334,11.05,27.15174266666666
2026-09-12T19:10:00.000Z,MCT2408036,15.171567,74.067106,36.375,120,563.75,87.27364062500003,10.049375000000001,7.706874999999999,5.690000000000001,17.381875,9.533125,11.204374999999999,27.163896875000006
2026-09-12T19:20:00.000Z,MCT2408036,15.171567,74.067106,36.0625,120,546.625,87.4906,10.135625,7.793749999999999,5.558125000000001,16.938125,9.278750000000002,11.075625,27.23696500000001
2026-09-12T19:30:00.000Z,MCT2408036,15.171567,74.067106,35.8,120,533.8666666666667,87.521628,10.014666666666667,7.691333333333333,5.649333333333335,16.682,8.883999999999999,10.850000000000001,27.32477733333333
2026-09-12T19:40:00.000Z,MCT2408036,15.171567,74.067106,36.25,120,555.0625,87.802451875,10.103124999999999,7.690625000000001,5.2625,16.495,9.278125,11.148750000000003,27.203448124999998
2026-09-12T19:41:43.763Z,MCT2408036,15.171567,74.067106,36,120,559.6666666666666,87.78052000000001,10.299999999999999,7.8999999999999995,5.4366666666666665,16.716666666666665,9.29,10.766666666666666,27.18535
2026-09-12T18:50:00.000Z,MCT2408031,15.290833,74.149167,25.5,140,465.35714285714283,86.71349,6.826888142857142,7.819993500000002,9.217857142857142,24.129285714285714,13.231428571428571,4.552142857142857,26.319681428571432
2026-09-12T19:00:00.000Z,MCT2408031,15.290833,74.149167,25.1875,140,452.0625,86.76581000000003,6.920264812499999,8.1420421875,8.869375,23.3975,12.916875000000001,4.401875,26.269695000000002
2026-09-12T19:10:00.000Z,MCT2408031,15.290833,74.149167,25.125,140,444.75,86.81063000000003,6.86299075,8.81289425,8.958749999999998,23.450625000000006,12.857500000000002,4.588125000000001,26.2422125
2026-09-12T19:20:00.000Z,MCT2408031,15.290833,74.149167,24.3125,140,450.5625,86.76103750000001,6.891627937500002,8.425552750000001,8.1275,21.574375000000003,12.053125000000001,4.42,26.249585
2026-09-12T19:30:00.000Z,MCT2408031,15.290833,74.149167,24.3125,140,438.25,86.78965000000002,6.8697211875,8.618255062500001,8.126874999999998,21.575000000000003,12.0225,4.4825,26.215400625000004
2026-09-12T19:40:00.000Z,MCT2408031,15.290833,74.149167,24.1875,140,457.6875,86.824935625,6.893871312500001,8.139423125,8.156874999999998,21.330000000000005,11.725625,4.810625000000001,26.16847749999999
2026-09-12T19:41:43.788Z,MCT2408031,15.290833,74.149167,24.5,140,475,86.88025,6.9225085,6,8.575,22.605,12.615,4.9399999999999995,26.161105
2026-09-12T18:50:00.000Z,MCT2408035,15.236111,74.125,44.92307692307692,190,739.7692307692307,88.23476076923076,17.497994615384616,7.711538461538459,6.138461538461538,19.158461538461538,10.45,3.8299999999999987,27.20597692307693
2026-09-12T19:00:00.000Z,MCT2408035,15.236111,74.125,44.875,190,736.0625,87.99414062500003,17.407805624999998,7.916249999999999,6.174999999999999,19.3875,10.613125,3.8299999999999987,27.217523125000003
2026-09-12T19:10:00.000Z,MCT2408035,15.236111,74.125,44.375,190,743.4375,88.02656625,16.91313,7.768125,7.0775,22.005625,11.910625,3.8299999999999987,27.228920624999997
2026-09-12T19:20:00.000Z,MCT2408035,15.236111,74.125,45.8125,190,733.1875,87.98889625,18.115232499999998,7.79375,5.628750000000001,18.090000000000003,10.02375,3.8299999999999987,27.257073124999998
2026-09-12T19:30:00.000Z,MCT2408035,15.236111,74.125,44.875,190,736.75,88.05135937499998,17.388041875,7.728124999999999,5.723750000000001,18.185625000000005,9.95375,3.8299999999999987,27.255063124999996
2026-09-12T19:40:00.000Z,MCT2408035,15.236111,74.125,45.4375,190,739.75,88.18153749999999,17.8827175,7.7275,5.9375,18.869374999999998,10.354374999999997,3.8299999999999987,27.1866875
2026-09-12T19:41:43.788Z,MCT2408035,15.236111,74.125,46,190,730,88.29677666666667,18.30977,8.013333333333334,5.573333333333333,17.86,9.81,3.83,27.17819666666667
2026-09-12T18:50:00.000Z,MCT2408039,15.163611,74.110833,30.785714285714285,249.85000000000005,576.5714285714286,85.96635785714284,13.325714285714286,10.299999999999999,9.262142857142857,30.121428571428574,12.547857142857142,2.3000000000000003,26.72417214285715
2026-09-12T19:00:00.000Z,MCT2408039,15.163611,74.110833,32.5,194.091875,618.75,86.02957312500001,14.17375,10.3,10.005625000000002,33.13937500000001,14.061874999999999,2.3,26.645741249999997
2026-09-12T19:10:00.000Z,MCT2408039,15.163611,74.110833,30.133333333333333,222.2273333333333,601.4,86.16817266666666,13.618,10.3,9.019999999999998,29.352666666666664,12.3,2.3,26.58331066666667
2026-09-12T19:20:00.000Z,MCT2408039,15.163611,74.110833,30.125,269.53812500000004,604.8125,86.21601500000003,14.094999999999999,10.3,9.019999999999998,28.94,11.759999999999998,2.3,26.610884375
2026-09-12T19:30:00.000Z,MCT2408039,15.163611,74.110833,29.3125,264.53125,617.1875,86.22936562500001,12.618124999999997,10.3,9.019999999999998,28.94,11.759999999999998,2.3,26.64976125
2026-09-12T19:40:00.000Z,MCT2408039,15.163611,74.110833,30.1875,268.62249999999995,634.8125,86.19837125000002,14.22125,10.3,9.019999999999998,28.94,11.759999999999998,2.3,26.64037875
2026-09-12T19:41:43.788Z,MCT2408039,15.163611,74.110833,30,271.0133333333333,648,86.12748333333333,13.469999999999999,10.3,9.02,28.94,11.76,2.3,26.68126666666667
2026-09-12T18:50:00.000Z,MCT2408038,15.188889,74.055556,23.384615384615383,233.32999999999996,739.8461538461538,85.43125,9.116153846153846,13.330000000000004,8.145384615384614,23.24307692307693,11.615384615384615,4.618461538461539,27.87258230769231
2026-09-12T19:00:00.000Z,MCT2408038,15.188889,74.055556,22.6875,236.75562499999998,747.375,85.59183625,8.966874999999998,13.330000000000005,7.6625000000000005,21.743750000000002,10.779375,4.6518749999999995,27.850306250000006
2026-09-12T19:10:00.000Z,MCT2408038,15.188889,74.055556,21.8125,277.71500000000003,731.5,85.82119375,9.018749999999997,13.330000000000005,6.848750000000001,19.88,10.023125,4.6525,27.844273124999997
2026-09-12T19:20:00.000Z,MCT2408038,15.188889,74.055556,21.25,314.26437500000003,737.75,85.97711874999999,9.011249999999997,13.330000000000005,6.1775,17.706874999999997,9.026250000000001,4.649375,27.84226312500001
2026-09-12T19:30:00.000Z,MCT2408038,15.188889,74.055556,21.3125,326.43625,735.4375,86.04101562500001,8.991874999999997,13.330000000000005,6.276249999999999,18.51374999999999,9.4525,4.660625,27.81008875
2026-09-12T19:40:00.000Z,MCT2408038,15.188889,74.055556,21.866666666666667,330.1093333333334,740.9333333333333,86.10408466666665,9.167333333333334,13.330000000000005,6.532666666666667,18.489333333333335,9.186666666666666,4.694,27.755209999999998
2026-09-12T19:41:43.814Z,MCT2408038,15.188889,74.055556,22.333333333333332,307.0133333333333,755.6666666666666,86.26227,8.746666666666668,13.33,7.43,20.543333333333333,9.92,4.676666666666667,27.682276666666667
2026-09-12T18:50:00.000Z,MCT2408026,15.2467,74.198281,117,125,631.45,85.88194250000002,13.183866000000004,12.5,11.626,37.76599999999999,20.5885,50.33,27.55322
2026-09-12T19:00:00.000Z,MCT2408026,15.2467,74.198281,117,125,636.5416666666666,85.63697374999998,13.084155416666674,12.5,12.484166666666667,39.97333333333333,21.536666666666665,50.46874999999999,27.55223749999999
2026-09-12T19:10:00.000Z,MCT2408026,15.2467,74.198281,117,125,614.5,85.26154499999998,13.111070833333331,12.5,11.579166666666666,37.071666666666665,19.930000000000003,50.375,27.644740416666668
2026-09-12T19:20:00.000Z,MCT2408026,15.2467,74.198281,117,125,609.625,85.45069166666667,13.057238333333332,12.5,9.492083333333332,31.229583333333334,17.317916666666672,50.399999999999984,27.533915416666673
2026-09-12T19:30:00.000Z,MCT2408026,15.2467,74.198281,117,125,609.8333333333334,85.41254499999998,13.127962083333335,12.5,9.05833333333333,29.5775,16.392083333333332,50.40625,27.52408416666667
2026-09-12T19:40:00.000Z,MCT2408026,15.2467,74.198281,117,125,622.9047619047619,85.41613095238094,13.191214285714285,12.5,9.002380952380953,29.01238095238095,15.88809523809524,50.37142857142857,27.51323095238095
2026-09-12T19:41:44.013Z,MCT2408026,15.2467,74.198281,117,125,630.5,85.228485,13.11652,12.5,8.745,29.98,17.1175,50.412499999999994,27.5473225
2026-09-12T20:50:00.000Z,MCT2408056,15.579167,73.920833,51,180,666.9090909090909,88.71962545454545,6.9772727272727275,9.593469,19.28,57.875454545454545,31.610000000000003,1.5954545454545455,26.392667272727273
2026-09-12T21:00:00.000Z,MCT2408056,15.579167,73.920833,50.1875,180,657.8125,88.76184875000001,6.720625000000001,10.1943946875,18.707499999999992,56.294375,30.986250000000005,1.5724999999999998,26.323989374999993
2026-09-12T21:10:00.000Z,MCT2408056,15.579167,73.920833,49.0625,180,675.0625,88.72322624999998,6.940625000000001,10.5887605,17.8875,53.96,29.816250000000004,1.5699999999999998,26.286453750000003
2026-09-12T21:20:00.000Z,MCT2408056,15.579167,73.920833,49.5625,180,639.3125,88.69175499999999,6.8187500000000005,9.580838812500001,18.064999999999998,55.270625,30.987500000000004,1.5599999999999998,26.245564999999996
2026-09-12T21:30:00.000Z,MCT2408056,15.579167,73.920833,50.375,180,634.3125,88.731330625,6.7731249999999985,9.839200749999998,18.710624999999997,56.523125,31.456250000000004,1.5599999999999998,26.214059999999996
2026-09-12T21:40:00.000Z,MCT2408056,15.579167,73.920833,49.375,180,659.25,88.71893437499999,6.8218749999999995,10.157569500000001,17.770624999999992,53.903125,29.932500000000005,1.5599999999999998,26.222103125000004
2026-09-12T21:43:16.281Z,MCT2408056,15.579167,73.920833,48.6,180,682.4,88.78607399999999,6.628,9.4352106,16.89,51.910000000000004,29.24,1.56,26.235108000000004
2026-09-12T20:50:00.000Z,MCT2408028,15.186944,74.096667,44.5,546.77875,560.875,90.13037187500002,19.266875,11.555625000000001,14.668124999999998,46.48375,25.288750000000004,2.341249999999999,25.657024374999995
2026-09-12T21:00:00.000Z,MCT2408028,15.186944,74.096667,44.12,544.6547999999999,559.48,90.29882679999999,19.081199999999995,11.5928,14.261600000000003,43.7496,23.2636,1.7492000000000005,25.640508399999998
2026-09-12T21:10:00.000Z,MCT2408028,15.186944,74.096667,43.84,542.0175999999999,550.52,90.48040719999999,19.199599999999997,11.56,13.303200000000004,41.284,22.309200000000004,2.5463999999999998,25.649946799999988
2026-09-12T21:20:00.000Z,MCT2408028,15.186944,74.096667,44.12,539.2668000000001,547.04,90.3839728,19.501199999999994,11.56,13.0244,40.767199999999995,22.150400000000005,2.5764000000000005,25.6791188
2026-09-12T21:30:00.000Z,MCT2408028,15.186944,74.096667,43.88,531.5376000000001,552,90.34918199999998,19.226799999999997,11.5244,13.223200000000002,41.64199999999999,22.6672,2.0987999999999998,25.635787599999986
2026-09-12T21:40:00.000Z,MCT2408028,15.186944,74.096667,43.76,524.638,560.44,90.37603800000001,19.152399999999993,11.5928,13.820800000000002,43.033199999999994,23.223200000000006,2.1999999999999997,25.579586399999997
2026-09-12T21:43:16.280Z,MCT2408028,15.186944,74.096667,44,524.97875,563.375,90.35448125,19.3825,11.662500000000001,12.858749999999999,39.64875,21.25,1.99375,25.553791249999996
2026-09-12T20:50:00.000Z,MCT2408020,15.543475,74.039433,55.90909090909091,180,887.0909090909091,86.89828181818183,9.078046727272728,19.11618636363636,24.542727272727276,74.6409090909091,39.19909090909091,3.6599999999999993,27.42325181818182
2026-09-12T21:00:00.000Z,MCT2408020,15.543475,74.039433,54.125,180,880.875,86.91648749999999,9.09917325,19.201966875,23.4225,70.888125,37.056875000000005,3.6599999999999984,27.473586874999995
2026-09-12T21:10:00.000Z,MCT2408020,15.543475,74.039433,54.84615384615385,180,899.5384615384615,86.52284076923077,9.123851846153848,19.06569923076923,23.54769230769231,71.76230769230769,37.815384615384616,3.659999999999999,27.526903846153843
2026-09-12T21:20:00.000Z,MCT2408020,15.543475,74.039433,53.8125,180,897.25,86.31567500000001,9.101384249999999,19.244295625,22.95875,70.01375,36.941250000000004,3.6599999999999984,27.517156874999998
2026-09-12T21:30:00.000Z,MCT2408020,15.543475,74.039433,52.8125,180,873.9375,86.767715,9.0515764375,19.142555625,21.742499999999996,67.509375,36.188750000000006,3.6599999999999984,27.41325937500001
2026-09-12T21:40:00.000Z,MCT2408020,15.543475,74.039433,52.5625,180,883.0625,86.82112062499996,8.955862937500001,19.268952499999997,21.683749999999996,66.868125,35.6675,3.6599999999999984,27.38778625
2026-09-12T21:43:16.289Z,MCT2408020,15.543475,74.039433,52.8,180,898,86.78412,9.228881,19.724331999999997,21.892000000000003,67.1,35.69199999999999,3.66,27.326922000000003
2026-09-12T20:50:00.000Z,MCT2408057,15.272222,74.104722,30,327.27058823529416,511.1764705882353,87.00411411764706,12.563529411764705,8.798823529411763,8.41294117647059,24.445882352941176,12.63294117647059,1.9594117647058824,27.320361764705886
2026-09-12T21:00:00.000Z,MCT2408057,15.272222,74.104722,30.04,327.04560000000004,514.88,86.93182520000003,12.678799999999999,8.771599999999998,8.0332,23.566799999999997,12.2872,1.9651999999999992,27.263430000000003
2026-09-12T21:10:00.000Z,MCT2408057,15.272222,74.104722,29.96,309.0436000000001,539.72,86.1380616,12.409200000000004,8.769599999999999,7.985200000000001,23.498399999999997,12.309600000000003,2.0488,27.45519399999999
2026-09-12T21:20:00.000Z,MCT2408057,15.272222,74.104722,30,319.1119999999999,562.88,86.0275876,12.518400000000002,8.949599999999997,7.700400000000001,22.7764,11.955600000000002,2.1296,27.438462799999996
2026-09-12T21:30:00.000Z,MCT2408057,15.272222,74.104722,29.96,323.8436,522.96,86.11364800000001,12.473199999999999,8.841199999999999,8.176,24.132400000000004,12.641599999999999,2.1552000000000002,27.445755200000004
2026-09-12T21:40:00.000Z,MCT2408057,15.272222,74.104722,30,329.65560000000005,528.84,85.89697359999998,12.6676,8.869599999999997,7.915200000000001,23.544,12.376800000000001,2.024800000000001,27.488656000000006
2026-09-12T21:43:16.298Z,MCT2408057,15.272222,74.104722,30,328.35625,518.375,86.07439375,12.571250000000001,8.75125,8.045,23.46375,12.176250000000001,2.08875,27.458838749999998
2026-09-12T20:50:00.000Z,MCT2408055,15.585833,73.885556,32.36363636363637,81.46818181818182,734.9090909090909,88.49698818181818,9.351818181818182,6.739090909090908,13.162727272727272,37.56090909090909,20.573636363636364,5.676363636363636,26.71442272727273
2026-09-12T21:00:00.000Z,MCT2408055,15.585833,73.885556,32.375,81.97562499999998,748.0625,88.40612937499998,9.2075,6.405000000000001,13.202499999999999,37.705625,20.619999999999994,4.3862499999999995,26.649093749999995
2026-09-12T21:10:00.000Z,MCT2408055,15.585833,73.885556,32.5625,82.75937499999999,765.75,88.45190374999999,9.25375,6.61,13.465,37.95312500000001,20.45,4.286874999999999,26.553909375000003
2026-09-12T21:20:00.000Z,MCT2408055,15.585833,73.885556,31.8125,83.823125,780.1875,88.48528124999999,9.409999999999998,6.735000000000001,12.8525,36.555,19.939374999999995,4.558750000000002,26.508999375000005
2026-09-12T21:30:00.000Z,MCT2408055,15.585833,73.885556,31.8125,88.470625,763.25,88.70605812500001,9.47375,6.149999999999998,12.765,36.6775,20.109374999999996,4.702500000000001,26.491567500000002
2026-09-12T21:40:00.000Z,MCT2408055,15.585833,73.885556,32.3125,87.361875,765.5,88.97880937500001,9.38125,6.274999999999999,13.158750000000001,37.70375,20.619374999999998,3.1156249999999996,26.4366025
2026-09-12T21:43:16.321Z,MCT2408055,15.585833,73.885556,33.4,83.542,767.4,88.84710400000002,9.306000000000001,6.886,13.85,39.605999999999995,21.674,4.087999999999999,26.505378
2026-09-12T20:50:00.000Z,MCT2408052,15.444425,74.063856,56.45454545454545,160,797.0909090909091,86.9288,3.6272409090909092,8,21.46727272727273,57.93181818181818,26.200909090909082,2,26.93184818181819
2026-09-12T21:00:00.000Z,MCT2408052,15.444425,74.063856,56.125,160,797.375,87.03092874999999,3.6084651875000007,8,21.404999999999998,57.220625,25.63,2,26.986265000000003
2026-09-12T21:10:00.000Z,MCT2408052,15.444425,74.063856,62.25,160,805.9375,87.00279562499998,3.6077195000000004,8,26.215625,69.526875,30.763750000000005,2,27.009725625
2026-09-12T21:20:00.000Z,MCT2408052,15.444425,74.063856,53.0625,160,819.1875,86.94319062499999,3.6297369375,8,18.291249999999998,50.06375,23.062499999999996,2,26.984253749999997
2026-09-12T21:30:00.000Z,MCT2408052,15.444425,74.063856,55.125,160,820.9375,86.936516875,3.6655702500000005,8,19.839374999999997,54.073125,24.788125000000004,2,26.955430000000007
2026-09-12T21:40:00.000Z,MCT2408052,15.444425,74.063856,54.125,160,818.1875,87.08099874999998,3.6084651875000007,8,19.274999999999995,52.32812500000001,23.8825,2,26.976209999999995
2026-09-12T21:43:16.532Z,MCT2408052,15.444425,74.063856,68.2,160,819.6,87.10150200000001,3.5790878,8,30.839999999999996,80.414,34.932,2,27.041634
2026-09-12T20:50:00.000Z,MCT2408053,15.263333,74.110833,42.18181818181818,136.25306363636363,715.4545454545455,91.63475,17.60818181818182,30.30909090909091,13.19,43.75454545454546,27.275454545454544,9.925454545454546,26.518442727272728
2026-09-12T21:00:00.000Z,MCT2408053,15.263333,74.110833,41.625,145.13371874999999,721.5,91.69821187500003,14.952499999999999,28.723124999999992,12.39875,41.80875,26.506249999999998,10.190624999999999,26.460065624999995
2026-09-12T21:10:00.000Z,MCT2408053,15.263333,74.110833,40.1875,164.99648124999996,707.6875,91.82743437500002,15.396250000000004,27.864374999999995,11.825000000000001,38.70875,24.040000000000003,10.11875,26.443976874999997
2026-09-12T21:20:00.000Z,MCT2408053,15.263333,74.110833,40.25,168.95621875,690,91.91898812499997,14.839375000000002,28.609999999999992,11.709999999999999,38.768125000000005,24.253749999999997,10.045624999999998,26.456713125
2026-09-12T21:30:00.000Z,MCT2408053,15.263333,74.110833,40.8125,174.15259375,702.0625,91.66340312500002,14.081249999999997,29.519374999999993,11.192499999999999,37.37125,23.618125000000003,10.406875,26.449338750000003
2026-09-12T21:40:00.000Z,MCT2408053,15.263333,74.110833,41.4375,173.93086875,697.0625,91.68772125000001,14.422500000000001,29.012499999999996,10.272499999999997,34.880625,22.278125000000003,11.159375,26.402416875
2026-09-12T21:43:16.532Z,MCT2408053,15.263333,74.110833,41.4,170.63288,731,91.796632,15.796000000000001,28.221999999999998,10.284,34.61,22.107999999999997,11.19,26.385256
2026-09-12T20:50:00.000Z,MCT2408021,15.500556,74.053333,49.81818181818182,375,531.8181818181819,85.72196909090908,21.439090909090908,14.604809999999997,4.675454545454545,14.506363636363638,9.264545454545454,4.229090909090909,27.31892636363636
2026-09-12T21:00:00.000Z,MCT2408021,15.500556,74.053333,49.9375,375,536.25,85.70150812500002,21.517500000000005,14.518564374999997,5.057499999999999,15.545,9.8825,4.1975,27.32678875
2026-09-12T21:10:00.000Z,MCT2408021,15.500556,74.053333,49.875,375,545.8125,85.773986875,21.473125000000003,14.723608749999997,5.0275,15.870625000000002,10.298125,4.24375,27.34354625
2026-09-12T21:20:00.000Z,MCT2408021,15.500556,74.053333,49.6875,375,556.3125,85.87650687499999,21.359375,14.52970625,4.613125,14.374375,9.226875,4.266875000000001,27.294614375000002
2026-09-12T21:30:00.000Z,MCT2408021,15.500556,74.053333,49.75,375,550.4375,86.077256875,21.406250000000004,14.502858749999998,4.554374999999999,14.266249999999998,9.167499999999999,4.270625,27.265789374999997
2026-09-12T21:40:00.000Z,MCT2408021,15.500556,74.053333,49.333333333333336,375,544.8,86.20987933333335,21.188000000000002,14.542667999999999,4.855999999999998,15.305333333333332,9.906,4.188,27.27544266666667
2026-09-12T21:43:16.536Z,MCT2408021,15.500556,74.053333,49.666666666666664,375,533.3333333333334,86.30041333333332,21.285,14.60481,4.681666666666666,14.711666666666666,9.525,4.198333333333333,27.297964999999994
2026-09-12T20:50:00.000Z,MCT2408043,15.221111,74.087222,50.4,183.028,664.8,86.418671,14.205000000000002,10.426,17.095,53.688,28.309000000000005,5.29,26.776725
2026-09-12T21:00:00.000Z,MCT2408043,15.221111,74.087222,53.3125,183.35312499999998,648.5625,86.32902500000002,14.219999999999997,10.390624999999998,19.312499999999996,59.545625,30.988124999999997,5.290000000000001,26.833434375
2026-09-12T21:10:00.000Z,MCT2408043,15.221111,74.087222,50.6875,184.73312500000003,657.6875,86.44775500000002,14.229374999999997,10.279375,17.254375,54.073125,28.501250000000002,5.290000000000001,26.87164062500001
2026-09-12T21:20:00.000Z,MCT2408043,15.221111,74.087222,53.46666666666667,183.29799999999997,649.4666666666667,86.55116933333335,14.239999999999997,10.28133333333333,18.91133333333333,59.13866666666668,31.258,5.290000000000001,26.86717266666667
2026-09-12T21:30:00.000Z,MCT2408043,15.221111,74.087222,53.75,182.190625,654.5625,86.5617225,14.246249999999998,10.415625,19.07625,59.54625000000001,31.466874999999998,5.290000000000001,26.86024625
2026-09-12T21:40:00.000Z,MCT2408043,15.221111,74.087222,48.625,184.70125000000002,684.8125,86.57125937499998,14.207499999999998,10.255625000000002,15.90875,49.487500000000004,26.099999999999994,5.290000000000001,26.774446875
2026-09-12T21:43:16.542Z,MCT2408043,15.221111,74.087222,48.8,185.21800000000002,693.6,86.707824,14.274000000000001,10.282,16.21,49.698,25.875999999999998,5.29,26.694136000000004
2026-09-12T20:50:00.000Z,MCT2408051,15.486528,74.033889,52,330.88454545454545,754.0909090909091,97.02387545454545,22.10636363636364,5.1899999999999995,9.44181818181818,29.889090909090907,16.17818181818182,4.39,25.977311818181818
2026-09-12T21:00:00.000Z,MCT2408051,15.486528,74.033889,51.9375,331.69375,755.3125,96.96010937499997,22.073750000000004,5.1899999999999995,8.589375,27.968125,15.517500000000002,4.39,25.988159375000002
2026-09-12T21:10:00.000Z,MCT2408051,15.486528,74.033889,52.375,327.06875,761.625,97.056906875,22.328750000000003,5.1899999999999995,9.01875,28.860625,15.828750000000003,4.39,25.949279999999998
2026-09-12T21:20:00.000Z,MCT2408051,15.486528,74.033889,52.0625,327.49687499999993,734.125,96.68306874999999,22.144375,5.1899999999999995,9.251875,29.793749999999996,16.450000000000003,4.39,25.98883
2026-09-12T21:30:00.000Z,MCT2408051,15.486528,74.033889,52.3125,326.96625,734.875,96.442265,22.30125,5.1899999999999995,9.251249999999999,30.028124999999996,16.684375000000003,4.39,26.075969375
2026-09-12T21:40:00.000Z,MCT2408051,15.486528,74.033889,52.125,324.38687500000003,753,96.22721062499997,22.1875,5.1899999999999995,10.261875000000002,32.27999999999999,17.501875000000005,4.39,26.17383875
2026-09-12T21:43:16.571Z,MCT2408051,15.486528,74.033889,52.6,321.194,763.4,96.261352,22.474,5.19,8.706,28.838,16.18,4.39,26.15574
2026-09-12T20:50:00.000Z,MCT2408034,15.356389,74.123611,34.25,180,563.9375,76.35406937499997,6.180625000000002,4.588750000000001,10.31375,32.881874999999994,17.52375,1.30625,29.873326249999998
2026-09-12T21:00:00.000Z,MCT2408034,15.356389,74.123611,75,232.294812,572.64,76.6077268,6.176000000000003,4.7028,31.099199999999996,101.4716,55.5088,2.5768,29.840882799999996
2026-09-12T21:10:00.000Z,MCT2408034,15.356389,74.123611,37.12,186.18993600000002,578.88,76.56561239999998,6.150000000000002,4.442,11.923599999999999,38.37480000000001,20.6664,1.2539999999999998,29.856326000000003
2026-09-12T21:20:00.000Z,MCT2408034,15.356389,74.123611,35.25,180,572.2916666666666,76.56339999999999,6.204166666666669,4.615416666666667,10.674166666666665,34.660833333333336,18.870416666666664,1.262083333333333,29.84025708333333
2026-09-12T21:30:00.000Z,MCT2408034,15.356389,74.123611,35.72,180,574.64,76.6913448,6.215200000000002,4.571200000000001,10.903199999999996,35.6,19.503199999999996,1.3039999999999998,29.773101199999992
2026-09-12T21:40:00.000Z,MCT2408034,15.356389,74.123611,35.541666666666664,180,564.125,76.67561583333331,6.177083333333336,4.807083333333334,10.749583333333332,35.28625,19.33958333333333,1.3837499999999998,29.781269166666664
2026-09-12T21:43:16.783Z,MCT2408034,15.356389,74.123611,36.25,180,553.125,77.0078125,6.1499999999999995,5.154999999999999,11.281249999999998,36.341249999999995,19.6925,1.1325,29.73121875
2026-09-12T20:50:00.000Z,MCT2408050,15.553611,73.958333,36.81818181818182,86.02999999999999,640.7272727272727,91.92258545454546,11.023636363636363,4.216363636363637,14.110909090909091,43.6390909090909,23.037272727272725,2.729090909090909,25.695539999999998
2026-09-12T21:00:00.000Z,MCT2408050,15.553611,73.958333,36.625,86.02999999999999,622.0625,91.994804375,11.294375,4.203749999999999,13.782499999999997,43.313750000000006,23.013125000000002,2.618125,25.68518062499999
2026-09-12T21:10:00.000Z,MCT2408050,15.553611,73.958333,37.266666666666666,86.02999999999999,648.4666666666667,92.06874533333335,11.222666666666667,4.183333333333334,14.419999999999993,44.59599999999999,23.696666666666665,2.5366666666666666,25.68383999999999
2026-09-12T21:20:00.000Z,MCT2408050,15.553611,73.958333,37.75,86.02999999999999,634.625,92.04201125000002,11.110000000000003,4.295625,14.685625,45.62,24.076875,2.6731249999999998,25.68383999999999
2026-09-12T21:30:00.000Z,MCT2408050,15.553611,73.958333,38.4375,86.02999999999999,607.8125,92.12354937500002,11.081875,4.281875,14.95125,46.96125,25.085625,2.749375,25.68383999999999
2026-09-12T21:40:00.000Z,MCT2408050,15.553611,73.958333,40.0625,86.02999999999999,630,92.50502125000003,10.940000000000001,4.190625,15.956875000000004,50.28999999999999,26.791250000000005,2.745625,25.68383999999999
2026-09-12T21:43:16.784Z,MCT2408050,15.553611,73.958333,41.5,86.02999999999999,619.1666666666666,92.67095833333333,11.046666666666667,4.238333333333333,16.960000000000004,52.95333333333334,27.78666666666666,2.5383333333333336,25.69099
2026-09-12T20:50:00.000Z,MCT2408030,15.142519,74.075003,29.1,163,547.2,81.952423,8.766,6.200000000000001,9.370000000000001,25.459000000000007,13.157999999999998,4.3229999999999995,26.927950000000003
2026-09-12T21:00:00.000Z,MCT2408030,15.142519,74.075003,29.4375,163,554,81.99362500000001,8.790000000000001,6.200000000000002,9.370000000000001,26.061875,13.785625,4.1275,26.93666
2026-09-12T21:10:00.000Z,MCT2408030,15.142519,74.075003,29.3125,163,564.125,81.96692,8.661875000000002,6.200000000000002,9.370000000000001,25.720625000000002,13.430000000000001,4.27,26.93733
2026-09-12T21:20:00.000Z,MCT2408030,15.142519,74.075003,29.25,163,558.625,81.886333125,8.811875,6.200000000000002,9.370000000000001,25.493125,13.193750000000001,4.351249999999999,26.906497499999993
2026-09-12T21:30:00.000Z,MCT2408030,15.142519,74.075003,29.75,163,575.625,81.91351125,8.843125,6.200000000000002,9.370000000000001,26.403125,14.140625,4.3881250000000005,26.861586875
2026-09-12T21:40:00.000Z,MCT2408030,15.142519,74.075003,29.5,163,586.5625,81.955475,8.64,6.200000000000002,9.370000000000001,25.948125,13.666875,4.4,26.830750624999997
2026-09-12T21:43:16.789Z,MCT2408030,15.142519,74.075003,29.8,163,583,81.995912,9.046000000000001,6.2,9.37,26.278000000000002,14.01,4.624,26.8207
2026-09-12T20:50:00.000Z,MCT2408029,15.333611,74.206944,15.909090909090908,120,845.2727272727273,91.24010181818181,4.698181818181818,8.43909090909091,4.334545454545455,14.240909090909092,8.396363636363635,4.12,26.08553909090909
2026-09-12T21:00:00.000Z,MCT2408029,15.333611,74.206944,16.625,120,843.9375,91.14794312499998,5.570625,8.126249999999999,4.670624999999999,14.73875,8.419375,3.6893749999999996,26.079991875
2026-09-12T21:10:00.000Z,MCT2408029,15.333611,74.206944,16.1875,120,840.75,91.37682375,5.091874999999999,9.254375,4.780000000000001,14.990624999999996,8.493125,4.0843750000000005,26.010949375000006
2026-09-12T21:20:00.000Z,MCT2408029,15.333611,74.206944,16.857142857142858,120,842.9285714285714,91.41701428571427,3.760714285714286,8.416428571428572,5.209285714285714,16.803571428571427,9.747857142857143,3.886428571428571,25.983372142857146
2026-09-12T21:30:00.000Z,MCT2408029,15.333611,74.206944,15.875,120,839.6875,91.210408125,4.091874999999999,10.258124999999998,4.963125000000001,15.318125000000002,8.568750000000001,4.019375,26.056531250000003
2026-09-12T21:40:00.000Z,MCT2408029,15.333611,74.206944,16.375,120,851.25,91.43833562500001,3.9106250000000005,8.529999999999998,5.183125,16.365,9.336875,3.8062499999999995,25.978104999999996
2026-09-12T21:43:16.789Z,MCT2408029,15.333611,74.206944,16,120,847.2,91.58759,3.1340000000000003,8.488000000000001,5.174,16.414,9.294,3.7760000000000007,25.906916000000002
2026-09-12T20:50:00.000Z,MCT2408023,15.499722,74.020833,50,187.59909090909088,509,91.80675818181818,8.532727272727273,19.91,16.59090909090909,53.88272727272727,34.1409090909091,4.59909090909091,26.07578727272727
2026-09-12T21:00:00.000Z,MCT2408023,15.499722,74.020833,51.06666666666667,192.39533333333333,510.1333333333333,91.88156999999998,8.624,18.894666666666662,17.321333333333328,55.80800000000001,35.18666666666666,4.294,25.999152
2026-09-12T21:10:00.000Z,MCT2408023,15.499722,74.020833,48.875,190.08250000000004,526.1875,92.03914999999999,8.674999999999999,18.530625,15.763749999999998,51.291875,32.715625,4.1325,25.947270625000005
2026-09-12T21:20:00.000Z,MCT2408023,15.499722,74.020833,48.9375,189.79375,538.625,91.82123625,9.022499999999999,19.073125000000005,16.236875,52.005,32.896875,4.6693750000000005,25.976763750000003
2026-09-12T21:30:00.000Z,MCT2408023,15.499722,74.020833,49.3125,197.38124999999997,532.125,91.91660437499998,8.564375000000002,18.851875000000003,16.635,53.11249999999998,33.349999999999994,4.7575,25.966709375000004
2026-09-12T21:40:00.000Z,MCT2408023,15.499722,74.020833,48.875,190.83499999999998,527.9375,92.23656062500001,8.543750000000001,19.380625000000002,15.921875,51.37000000000001,32.715625,4.331250000000001,25.900348125
2026-09-12T21:43:16.817Z,MCT2408023,15.499722,74.020833,49.4,194.608,536.8,92.228454,8.657999999999998,18.612000000000002,15.461999999999998,51.418000000000006,33.35,4.145999999999999,25.990571999999997
2026-09-12T20:50:00.000Z,MCT2408027,15.275556,74.1075,46.81818181818182,1191.51,645.7272727272727,89.62752454545455,6.579999999999999,12.794545454545453,16.048181818181817,49.375454545454545,26.320909090909094,2.9499999999999997,26.76219727272727
2026-09-12T21:00:00.000Z,MCT2408027,15.275556,74.1075,46.4375,1193.4793750000001,662.8125,89.60680499999998,6.579999999999999,12.833749999999998,15.41,47.86812499999999,25.753125,2.9500000000000006,26.703390624999994
2026-09-12T21:10:00.000Z,MCT2408027,15.275556,74.1075,47.125,1192.6993749999997,657.25,89.63827687499999,6.579999999999999,12.831249999999997,15.904375000000002,49.286874999999995,26.618125000000003,2.9500000000000006,26.673223124999993
2026-09-12T21:20:00.000Z,MCT2408027,15.275556,74.1075,45.46666666666667,1192.5986666666665,668.1333333333333,89.67617000000001,6.579999999999999,12.651333333333332,14.660666666666664,45.47533333333334,24.242,2.9500000000000006,26.649807333333335
2026-09-12T21:30:00.000Z,MCT2408027,15.275556,74.1075,45.1875,1190.2800000000002,667.125,89.85714187499997,6.579999999999999,12.633124999999996,14.544999999999996,45.156875000000014,24.025000000000006,2.9500000000000006,26.622281249999997
2026-09-12T21:40:00.000Z,MCT2408027,15.275556,74.1075,44.6875,1198.0006250000001,676.375,89.951079375,6.579999999999999,12.726249999999999,14.484374999999998,44.295625,23.34625,2.9500000000000006,26.576698125
2026-09-12T21:43:17.039Z,MCT2408027,15.275556,74.1075,44.833333333333336,1183.9216666666666,676.8333333333334,89.95871166666666,6.579999999999999,12.585,14.464999999999998,44.35833333333334,23.551666666666666,2.9499999999999997,26.566866666666666
2026-09-12T20:50:00.000Z,MCT2408040,15.528056,74.020833,18.727272727272727,100,546.9090909090909,88.39711272727273,7.7281818181818185,4.748181818181818,3.07,8.579090909090908,4.007272727272727,3.5,26.767071818181815
2026-09-12T21:00:00.000Z,MCT2408040,15.528056,74.020833,18.625,100,546.6875,88.422343125,7.746250000000001,4.73,3.07,8.748124999999998,4.103750000000001,3.5,26.72752187500001
2026-09-12T21:10:00.000Z,MCT2408040,15.528056,74.020833,18.9375,100,553.0625,88.43903125,7.883750000000002,4.759999999999999,3.07,8.6825,4.071875,3.5,26.72417000000001
2026-09-12T21:20:00.000Z,MCT2408040,15.528056,74.020833,18.625,100,578.3125,88.394208125,7.709375000000001,4.73375,3.07875,8.704374999999999,4.024375,3.5,26.723500000000012
2026-09-12T21:30:00.000Z,MCT2408040,15.528056,74.020833,18.75,100,579.0625,88.28501125000001,7.805000000000002,4.757500000000001,3.07,8.791875,4.1125,3.5,26.725511250000007
2026-09-12T21:40:00.000Z,MCT2408040,15.528056,74.020833,18.5625,100,571.4375,88.21730125000002,7.70875,4.766875,3.07,8.682500000000001,4.046250000000001,3.5,26.78584
2026-09-12T21:43:17.041Z,MCT2408040,15.528056,74.020833,18.8,100,590.6,88.172672,7.992,4.772,3.07,8.49,3.928,3.5,26.824987999999998
2026-09-12T20:50:00.000Z,MCT2408049,15.475278,74.055833,56.72727272727273,150.55555454545456,585.1818181818181,86.33994909090907,24.21,15.634545454545457,9.967272727272727,29.38818181818182,15.064545454545458,2.61,27.185347272727277
2026-09-12T21:00:00.000Z,MCT2408049,15.475278,74.055833,56.5,150,588.8125,86.29755374999998,24.260624999999997,15.818750000000001,10.014375,29.828749999999992,15.4875,2.61,27.220875625000005
2026-09-12T21:10:00.000Z,MCT2408049,15.475278,74.055833,56.625,150.8561875,594,86.19932499999997,24.1925,14.625625,10.15875,29.828750000000003,15.200000000000001,2.61,27.218193124999996
2026-09-12T21:20:00.000Z,MCT2408049,15.475278,74.055833,56.6875,150,587.5625,85.94040375,24.30125,14.475624999999999,10.111875,29.541875000000005,14.912500000000005,2.61,27.214173749999993
2026-09-12T21:30:00.000Z,MCT2408049,15.475278,74.055833,56.625,151.2328625,588.875,86.02909499999998,24.206875,13.662500000000001,9.92,29.446875000000006,15.151875000000004,2.61,27.141778124999995
2026-09-12T21:40:00.000Z,MCT2408049,15.475278,74.055833,56.9375,151.95850625,606.125,86.32807187499998,24.301249999999996,15.20125,10.06375,29.732499999999998,15.199375,2.61,27.15317125
2026-09-12T21:43:17.042Z,MCT2408049,15.475278,74.055833,56.8,150,598.4,86.32788200000002,24.29,13.738,9.968,29.264,14.886000000000001,2.61,27.202508
2026-09-12T20:50:00.000Z,MCT2408044,15.313669,74.140042,24.09090909090909,214.29,590.5454545454545,94.21348454545455,10.791818181818183,3.602727272727272,5.016363636363637,14.045454545454545,8.551818181818184,3.267132818181818,25.136858181818184
2026-09-12T21:00:00.000Z,MCT2408044,15.313669,74.140042,24.125,214.29,590.125,94.39663375000003,10.733749999999999,3.601875,4.741874999999999,13.375,8.21125,3.361218,25.06110875
2026-09-12T21:10:00.000Z,MCT2408044,15.313669,74.140042,24.25,214.29,595.3125,94.598811875,10.775,3.9987500000000002,4.813125,13.125,7.80625,3.0774839375,25.000780625000004
2026-09-12T21:20:00.000Z,MCT2408044,15.313669,74.140042,24.0625,214.29,603.5625,94.514888125,10.712499999999997,3.6375,5.100625000000001,14.25,8.61625,3.3336538124999993,24.95855
2026-09-12T21:30:00.000Z,MCT2408044,15.313669,74.140042,24.375,214.29,603.5,94.67939625,10.774375,3.705,5.206875000000001,14.625,8.785,3.4843749375000006,24.862696250000006
2026-09-12T21:40:00.000Z,MCT2408044,15.313669,74.140042,24.4375,214.29,599.9375,95.11522750000003,10.868125000000001,3.4437499999999996,5.8925,16.28125,9.763750000000002,3.0567308125,24.861355000000003
2026-09-12T21:43:17.044Z,MCT2408044,15.313669,74.140042,24.2,214.29000000000002,597.4,95.03607,10.806000000000001,4.082,5.516,15.6,9.406,3.0205130000000002,24.845134
2026-09-12T20:50:00.000Z,MCT2408046,15.529167,74.07,31.058823529411764,95.52,528.2941176470588,84.69240647058824,13.56058823529412,0.6958823529411764,11.009411764705883,32.67705882352942,15.905882352941175,3.445294117647059,27.796682352941172
2026-09-12T21:00:00.000Z,MCT2408046,15.529167,74.07,32.24,95.52,530.8,84.8676152,13.644400000000003,0.6863999999999999,12.719999999999997,37.774,18.220799999999997,3.5036,27.767507599999995
2026-09-12T21:10:00.000Z,MCT2408046,15.529167,74.07,31.32,95.52,531.48,84.77636600000001,13.541199999999998,0.7007999999999999,11.808399999999995,35.10599999999999,17.0352,3.5336000000000007,27.780378
2026-09-12T21:20:00.000Z,MCT2408046,15.529167,74.07,31.36,95.52,532.16,85.013796,13.577199999999998,0.6951999999999998,12.211999999999996,36.48239999999999,17.9052,3.5040000000000004,27.746485599999993
2026-09-12T21:30:00.000Z,MCT2408046,15.529167,74.07,31.04,95.52,519.76,85.1071784,13.425999999999997,0.6739999999999998,9.913999999999998,30.21999999999999,15.122400000000003,3.5332000000000003,27.776089200000005
2026-09-12T21:40:00.000Z,MCT2408046,15.529167,74.07,31.04,95.52,520.72,85.17858960000001,13.518400000000002,0.7036,9.508,28.753600000000002,14.129999999999997,3.6543999999999994,27.761929200000008
2026-09-12T21:43:17.065Z,MCT2408046,15.529167,74.07,31,95.52,526.75,85.25137500000001,13.530000000000001,0.68,9.8,29.445,14.364999999999998,3.665,27.722941249999998
2026-09-12T20:50:00.000Z,MCT2408041,15.224628,74.171389,31.181818181818183,406.9841272727272,575.7272727272727,88.85626,13.435454545454546,9.700000000000001,8.235454545454546,24.815454545454546,13.160909090909088,7.8590909090909085,26.582790909090917
2026-09-12T21:00:00.000Z,MCT2408041,15.224628,74.171389,31,408.47410625,578.9375,88.86388999999998,13.373124999999998,9.7,8.140000000000002,24.553125000000005,13.091874999999998,7.8500000000000005,26.576029375000005
2026-09-12T21:10:00.000Z,MCT2408041,15.224628,74.171389,31.3125,408.8643125,599.75,88.488143125,13.683125,9.7,8.190000000000001,24.50250000000001,12.94,7.749375,26.574688124999998
2026-09-12T21:20:00.000Z,MCT2408041,15.224628,74.171389,31.4375,406.55704999999995,596.8125,88.481469375,13.672500000000003,9.7,8.090000000000002,23.743125000000006,12.383124999999998,7.948125,26.53513875
2026-09-12T21:30:00.000Z,MCT2408041,15.224628,74.171389,31.3125,406.9227,600.9375,88.34890687500001,13.699374999999998,9.7,8.190000000000001,24.097500000000007,12.534999999999998,7.865625,26.466098125
2026-09-12T21:40:00.000Z,MCT2408041,15.224628,74.171389,31.25,400.2522499999999,635.3125,88.16389437500001,13.656250000000002,9.7,8.140000000000002,23.895000000000007,12.433749999999998,7.86875,26.346781874999998
2026-09-12T21:43:17.298Z,MCT2408041,15.224628,74.171389,31.6,406.3764,644.2,88.296264,13.644,9.7,8.25,24.948,13.264,7.934,26.310182000000005
2026-09-12T20:50:00.000Z,MCT2408037,15.394444,74.118333,30.727272727272727,160,559.3636363636364,85.43413272727274,10.55909090909091,14.452727272727275,8.785454545454543,30.479999999999997,15.262727272727274,3.6145454545454543,26.613993636363638
2026-09-12T21:00:00.000Z,MCT2408037,15.394444,74.118333,28.6875,160,547.3125,85.49599374999998,10.568124999999998,14.428749999999996,7.200000000000001,26.473125000000007,13.911875000000002,3.6162500000000004,26.554580000000005
2026-09-12T21:10:00.000Z,MCT2408037,15.394444,74.118333,27.8125,160,541.5625,85.38584312499997,10.545625,14.429374999999997,6.73625,24.328125000000004,12.693125000000002,3.6899999999999995,26.549216874999995
2026-09-12T21:20:00.000Z,MCT2408037,15.394444,74.118333,35.875,160,554.25,85.42160562500001,10.461875000000001,14.402499999999996,14.03,44.363125000000004,20.375625,3.6412499999999994,26.47816375
2026-09-12T21:30:00.000Z,MCT2408037,15.394444,74.118333,36.875,160,578.5,85.38870437500002,10.566875000000001,14.4375,14.634374999999999,46.304375,21.360000000000003,3.7368750000000004,26.458054375
2026-09-12T21:40:00.000Z,MCT2408037,15.394444,74.118333,28.4375,160,567.3125,85.49932812500002,10.275625,14.446874999999999,7.153124999999999,25.811875000000004,13.443125000000002,3.6625,26.370914374999998
2026-09-12T21:43:17.296Z,MCT2408037,15.394444,74.118333,27.8,160,552.8,85.4917,10.650000000000002,14.378,6.542,25.022,13.64,3.63,26.404564
2026-09-12T20:50:00.000Z,MCT2408042,15.213889,74.071667,60.90909090909091,254.87363636363636,514.0909090909091,88.6752381818182,26.01181818181818,13.260909090909092,11.250909090909092,33.82727272727272,17.55818181818182,3.5036363636363634,27.087848181818185
2026-09-12T21:00:00.000Z,MCT2408042,15.213889,74.071667,61.125,255.84499999999997,514.5,88.67744937500004,26.149999999999995,13.078750000000001,11.431875000000003,34.54187500000001,17.935625,3.3225000000000007,27.078768750000002
2026-09-12T21:10:00.000Z,MCT2408042,15.213889,74.071667,61.1875,256.19874999999996,520.1875,88.78044437499997,26.189999999999998,13.444374999999999,11.659375000000002,35.16875,18.277500000000003,3.48875,27.066701875
2026-09-12T21:20:00.000Z,MCT2408042,15.213889,74.071667,60.75,254.04,526.25,88.88058062500001,25.91,13.480625000000002,12.114375000000003,37.049375,19.415,3.4462499999999996,27.051285624999995
2026-09-12T21:30:00.000Z,MCT2408042,15.213889,74.071667,60.9375,248.77375,527.4375,88.91300812499998,26.029999999999998,13.69875,13.308750000000003,40.06875,20.7825,3.3931249999999995,27.034528749999993
2026-09-12T21:40:00.000Z,MCT2408042,15.213889,74.071667,60.6875,246.85812500000003,526.3125,88.91968312499998,25.79,13.634374999999999,13.081250000000004,39.49875,20.497500000000002,3.396875,27.023801875000004
2026-09-12T21:43:17.303Z,MCT2408042,15.213889,74.071667,60.4,249.446,523,88.86999399999999,25.686,13.241999999999999,12.558000000000002,37.209999999999994,19.13,3.6079999999999997,27.054504
2026-09-12T20:50:00.000Z,MCT2408033,15.346944,74.007778,24.09090909090909,110,560.9090909090909,89.18918090909091,7.833636363636365,4.085454545454547,9.47818181818182,25.175454545454546,15.56,4.39,26.922096363636356
2026-09-12T21:00:00.000Z,MCT2408033,15.346944,74.007778,23.4375,110,546.5,89.28636875,7.5375,4.0893749999999995,9.316875000000001,24.391875000000002,14.92625,4.39,26.901806875
2026-09-12T21:10:00.000Z,MCT2408033,15.346944,74.007778,23.9375,110,541.5,89.35980124999999,7.600624999999999,4.166875,9.583124999999999,25.09625,15.44,4.39,26.8649375
2026-09-12T21:20:00.000Z,MCT2408033,15.346944,74.007778,22.875,110,540.75,89.474243125,7.701875,4.219374999999999,8.825000000000001,23.109375,14.118125000000001,4.39,26.839466249999997
2026-09-12T21:30:00.000Z,MCT2408033,15.346944,74.007778,22.4375,110,520.1875,89.42179187500001,7.945625,4.2025,8.634375000000002,22.436250000000005,13.56625,4.39,26.822708749999993
2026-09-12T21:40:00.000Z,MCT2408033,15.346944,74.007778,22.8125,110,546.8125,89.36266312500003,7.698124999999999,4.211875,8.71,23.205,14.340625000000003,4.39,26.808629999999997
2026-09-12T21:43:17.303Z,MCT2408033,15.346944,74.007778,22.8,110,553.6,89.31860400000001,8.306000000000001,4.328,8.602,22.869999999999997,14.236,4.39,26.792812000000005
2026-09-12T20:50:00.000Z,MCT2408024,15.148056,74.131667,40.8125,216.14639375000002,830.25,80.43579249999998,17.730576250000002,8.12049,7.927499999999998,25.050625,14.115000000000004,2.5906249999999997,26.940683749999998
2026-09-12T21:00:00.000Z,MCT2408024,15.148056,74.131667,41.12,216.30045599999994,697.16,80.5704344,17.9786476,8.025107600000004,7.550000000000001,24.228400000000008,13.630000000000004,2.5976000000000004,26.833996000000003
2026-09-12T21:10:00.000Z,MCT2408024,15.148056,74.131667,41.16,216.49999999999991,823.12,80.83685279999999,17.9724928,7.6507932000000025,7.910000000000002,25.706000000000007,14.670000000000005,2.5824000000000003,26.833996
2026-09-12T21:20:00.000Z,MCT2408024,15.148056,74.131667,41.5,216.24763333333328,808.75,80.99035791666665,18.2881375,6.654641666666667,9.281666666666668,29.855000000000008,16.53166666666667,2.5745833333333334,26.926159166666665
2026-09-12T21:30:00.000Z,MCT2408024,15.148056,74.131667,41.44,215.95343200000002,677.68,81.09533560000004,18.240501199999997,6.6955269600000005,9.510000000000003,30.58000000000001,16.988800000000005,2.5796000000000006,26.991868800000002
2026-09-12T21:40:00.000Z,MCT2408024,15.148056,74.131667,41.375,216.14602499999998,783.4583333333334,81.16583125000001,18.190459999999998,6.974507249999999,8.698333333333336,27.93875000000001,15.615000000000004,2.5833333333333335,26.984254166666663
2026-09-12T21:43:17.315Z,MCT2408024,15.148056,74.131667,41.55555555555556,216.40408888888888,768.1111111111111,81.27434,18.34684222222222,6.092673,8.101111111111111,26.20555555555556,14.99,2.5855555555555556,26.998256666666666
2026-09-12T20:50:00.000Z,MCT2408022,15.475833,74.038889,43.36363636363637,150,489.45454545454544,89.50961545454544,4.0654545454545445,11.298282727272728,16.363636363636363,49.54545454545455,26.181818181818183,4.240574,26.586692727272727
2026-09-12T21:00:00.000Z,MCT2408022,15.475833,74.038889,43.1875,150,493,89.580099375,3.9306249999999996,11.289658125,16,48.8125,25.8125,4.2414640625,26.563962499999995
2026-09-12T21:10:00.000Z,MCT2408022,15.475833,74.038889,44.0625,150,500,89.531940625,3.866875,11.382843750000001,16.5625,50.5,26.875,4.263431312500001,26.561280625000002
2026-09-12T21:20:00.000Z,MCT2408022,15.475833,74.038889,44.6875,150,505.6875,89.54719812500001,4.03875,11.433044375000001,16.875,51.8125,27.6875,4.2313425,26.57401625
2026-09-12T21:30:00.000Z,MCT2408022,15.475833,74.038889,44.5,150,501.625,89.745088125,3.8293749999999993,11.3975275,16.875,51.375,27.3125,4.211421625,26.5545775
2026-09-12T21:40:00.000Z,MCT2408022,15.475833,74.038889,43.3125,150,510.0625,89.80898312499998,3.9187499999999997,11.406876875,16.1875,49.4375,26.25,4.235619750000001,26.578710624999996
2026-09-12T21:43:17.546Z,MCT2408022,15.475833,74.038889,43.8,150,529.6,89.70923,3.9259999999999997,11.451001999999999,16.8,50.2,26.2,4.2311212,26.580452
2026-09-12T20:50:00.000Z,MCT2408045,15.619444,73.878889,31.90909090909091,178.11999999999998,748.7272727272727,85.93558818181818,11.18909090909091,16.814545454545453,11.256363636363636,37.69181818181817,19.12363636363636,2.5300000000000002,26.59741727272728
2026-09-12T21:00:00.000Z,MCT2408045,15.619444,73.878889,31.8125,178.11999999999995,780.6875,86.01908187500001,10.869375000000003,16.6025,11.103124999999999,37.283750000000005,18.90875,2.5300000000000002,26.535140625000004
2026-09-12T21:10:00.000Z,MCT2408045,15.619444,73.878889,31.5,178.11999999999995,779.125,86.10061937500002,10.992500000000003,16.6725,10.819999999999997,36.678125,18.765625000000004,2.5300000000000002,26.500281250000004
2026-09-12T21:20:00.000Z,MCT2408045,15.619444,73.878889,31.1875,178.11999999999995,769.5,86.08583625000003,10.629375000000001,16.728125000000002,10.694999999999997,35.93,18.304374999999997,2.5300000000000002,26.515700000000002
2026-09-12T21:30:00.000Z,MCT2408045,15.619444,73.878889,30.5,178.11999999999995,782.875,86.09251250000001,10.857500000000002,16.776249999999997,10.287499999999998,34.790000000000006,17.915625,2.5300000000000002,26.493580625
2026-09-12T21:40:00.000Z,MCT2408045,15.619444,73.878889,29.875,178.11999999999995,773.9375,86.15355187499998,10.863125000000002,16.810000000000002,9.911249999999997,33.614374999999995,17.243750000000002,2.5300000000000002,26.451349375
2026-09-12T21:43:17.546Z,MCT2408045,15.619444,73.878889,29.4,178.12,774,86.15698,11.155999999999999,16.451999999999998,9.664000000000001,32.965999999999994,17.074,2.53,26.449606
2026-09-12T20:50:00.000Z,MCT2408032,15.525556,73.828611,34.76470588235294,184.33058823529413,560.4117647058823,83.94966470588236,14.58294117647059,18.905882352941177,9.63235294117647,31.95882352941177,17.988235294117647,2.335294117647059,28.382776470588233
2026-09-12T21:00:00.000Z,MCT2408032,15.525556,73.828611,35,179.33399999999997,541.84,84.6646732,14.681600000000003,18.6544,9.284399999999998,31.12,17.61,2.3295999999999997,28.226967999999996
2026-09-12T21:10:00.000Z,MCT2408032,15.525556,73.828611,34.88,178.98879999999997,562.68,85.70227040000003,14.593200000000007,18.643999999999995,8.541999999999998,29.868,17.2712,2.2920000000000003,27.94811999999999
2026-09-12T21:20:00.000Z,MCT2408032,15.525556,73.828611,34.76,178.92999999999995,562.4,86.09503120000005,14.493600000000004,18.424400000000006,8.199999999999996,28.2188,16.1384,2.2296,27.8498792
2026-09-12T21:30:00.000Z,MCT2408032,15.525556,73.828611,34.56,178.92999999999995,577.12,86.21130480000004,14.384400000000001,18.53,8.655199999999997,29.073600000000006,16.1944,2.3404000000000003,27.811268799999997
2026-09-12T21:40:00.000Z,MCT2408032,15.525556,73.828611,33.96,178.92999999999995,572.48,86.09167520000003,13.811200000000001,18.496000000000002,9.111999999999997,31.233599999999996,17.781200000000002,2.2891999999999997,27.881196799999998
2026-09-12T21:43:17.551Z,MCT2408032,15.525556,73.828611,35,178.93000000000004,581.3333333333334,86.05881777777776,14.674444444444443,18.765555555555554,10.285555555555554,34.92333333333333,19.975555555555555,2.4322222222222223,27.876524444444446
2026-09-12T20:50:00.000Z,MCT2408036,15.171567,74.067106,36.09090909090909,120,580.6363636363636,87.86305363636365,10.184545454545455,8.06090909090909,4.783636363636362,14.32272727272727,7.831818181818181,11.01,26.908448181818184
2026-09-12T21:00:00.000Z,MCT2408036,15.171567,74.067106,36,120,570.0666666666667,87.71134400000001,10.412,8.009333333333334,5.123333333333333,15.263333333333332,8.208,11.002,26.965128
2026-09-12T21:10:00.000Z,MCT2408036,15.171567,74.067106,36.0625,120,570.3125,87.61648625000002,10.236249999999998,8.005625,5.033749999999999,14.84875,7.9175,10.985624999999999,26.969506874999997
2026-09-12T21:20:00.000Z,MCT2408036,15.171567,74.067106,36.46666666666667,120,596.6,87.77492266666668,10.526666666666667,7.908666666666667,4.878666666666667,14.318,7.599333333333333,11.207333333333336,26.860738
2026-09-12T21:30:00.000Z,MCT2408036,15.171567,74.067106,35.9375,120,582.4375,87.45865250000001,10.292499999999999,7.945625,4.605,13.803124999999998,7.568125,10.933750000000003,26.903816250000006
2026-09-12T21:40:00.000Z,MCT2408036,15.171567,74.067106,36.1875,120,587.6875,88.037055625,10.261875000000002,7.9624999999999995,4.7718750000000005,14.183125000000002,7.59875,11.079375000000002,26.691323750000002
2026-09-12T21:43:17.560Z,MCT2408036,15.171567,74.067106,36.2,120,595,88.05212600000002,10.260000000000002,7.858,4.632000000000001,13.678,7.4,11.075999999999999,26.638368000000003
2026-09-12T20:50:00.000Z,MCT2408031,15.290833,74.149167,25.09090909090909,140,524.1818181818181,86.99954545454545,7.10995090909091,7.534964636363637,8.788181818181817,23.43818181818182,13.071818181818184,4.921818181818181,25.83106272727273
2026-09-12T21:00:00.000Z,MCT2408031,15.290833,74.149167,25.3125,140,525.3125,86.974185,7.1560915624999994,7.500035875000002,8.927499999999998,23.748125000000005,13.155000000000001,4.903124999999999,25.799131874999993
2026-09-12T21:10:00.000Z,MCT2408031,15.290833,74.149167,25.3125,140,544.8125,87.006135,7.0965739999999995,8.0687070625,9.018125000000001,24.02125,13.391875,5.062500000000001,25.76293500000001
2026-09-12T21:20:00.000Z,MCT2408031,15.290833,74.149167,25.5625,140,544.25,87.00136624999998,7.206635187500002,7.919812437499999,8.986874999999998,24.21250000000001,13.570625000000003,4.793125,25.706628125
2026-09-12T21:30:00.000Z,MCT2408031,15.290833,74.149167,25.5,140,527.5,87.07193812500003,6.979782500000001,7.888346875000002,8.958125,24.237500000000004,13.69125,4.954375,25.638254999999994
2026-09-12T21:40:00.000Z,MCT2408031,15.290833,74.149167,26,140,527.8125,87.16587562500001,6.874208062499999,7.5610289999999996,9.165624999999999,24.945625,14.138124999999999,4.90875,25.60540625
2026-09-12T21:43:17.560Z,MCT2408031,15.290833,74.149167,26.4,140,499.2,87.252564,7.250422,8.6595864,9.331999999999999,25.306,14.285999999999998,4.895999999999999,25.576584
2026-09-12T20:50:00.000Z,MCT2408039,15.163611,74.110833,30.363636363636363,260.65,621.3636363636364,86.48352000000001,13.27,10.299999999999999,9.019999999999998,28.94,11.760000000000002,2.3000000000000003,26.30491727272727
2026-09-12T21:00:00.000Z,MCT2408039,15.163611,74.110833,29.5,263.53249999999997,646.25,86.58556312500001,11.994375,10.3,9.019999999999998,28.94,11.759999999999998,2.3,26.256288749999996
2026-09-12T21:10:00.000Z,MCT2408039,15.163611,74.110833,29.866666666666667,260.442,609.8,86.55472800000001,13.027999999999999,10.3,9.019999999999998,28.94,11.759999999999998,2.3,26.27943733333333
2026-09-12T21:20:00.000Z,MCT2408039,15.163611,74.110833,29,283.616875,582.125,86.69284999999999,12.064374999999998,10.3,9.019999999999998,28.94,11.759999999999998,2.3,26.311256874999998
2026-09-12T21:30:00.000Z,MCT2408039,15.163611,74.110833,29.125,289.610625,548.625,86.731475,11.854375,10.3,9.019999999999998,28.94,11.759999999999998,2.3,26.338736875
2026-09-12T21:40:00.000Z,MCT2408039,15.163611,74.110833,29.1875,292.89875,585.5,86.6957125,11.741249999999999,10.3,9.019999999999998,28.94,11.759999999999998,2.3,26.321309999999993
2026-09-12T21:43:17.796Z,MCT2408039,15.163611,74.110833,29,299.09799999999996,619.2,86.721558,10.184000000000001,10.3,9.02,28.940000000000005,11.76,2.3,26.295168
2026-09-12T20:50:00.000Z,MCT2408035,15.236111,74.125,48.27272727272727,190,758.9090909090909,88.2632490909091,20.01741636363636,8.074545454545456,5.32,16.70636363636364,9.056363636363637,3.8299999999999987,26.841172727272728
2026-09-12T21:00:00.000Z,MCT2408035,15.236111,74.125,46.1875,190,777.6875,88.71464062500002,18.4268025,8.2225,4.631250000000001,14.786875000000002,8.159374999999999,3.8299999999999987,26.698026250000005
2026-09-12T21:10:00.000Z,MCT2408035,15.236111,74.125,45.0625,190,769.1875,88.68555437500001,17.543826874999997,8.215625,4.58375,14.338750000000001,7.7825,3.8299999999999987,26.712776249999997
2026-09-12T21:20:00.000Z,MCT2408035,15.236111,74.125,45.625,190,774.375,88.59447812500001,17.882717500000002,8.304375,4.465000000000001,14.127500000000001,7.782499999999999,3.8299999999999987,26.676575625000005
2026-09-12T21:30:00.000Z,MCT2408035,15.236111,74.125,45.8125,190,776.6875,88.78473562500002,18.008856875,8.1675,4.393749999999999,13.843750000000004,7.57,3.8299999999999987,26.624291249999995
2026-09-12T21:40:00.000Z,MCT2408035,15.236111,74.125,46.125,190,764.375,88.81048500000003,18.416920625000003,8.34125,4.20375,13.208750000000004,7.2162500000000005,3.8299999999999987,26.630322499999995
2026-09-12T21:43:17.798Z,MCT2408035,15.236111,74.125,44.4,190,769.8,88.81506399999999,16.819194,8.088,4.635999999999999,14.64,8.074000000000002,3.8299999999999996,26.63837
2026-09-12T20:50:00.000Z,MCT2408038,15.188889,74.055556,21.545454545454547,335.2245454545455,763.8181818181819,87.29431818181818,9.162727272727269,13.330000000000002,6.371818181818182,18.523636363636363,9.37,4.6899999999999995,27.047873636363633
2026-09-12T21:00:00.000Z,MCT2408038,15.188889,74.055556,21.266666666666666,333.0759999999999,753.6,87.30291600000001,8.986,13.330000000000005,6.192666666666667,17.69333333333333,8.702666666666666,4.669333333333333,27.105267333333327
2026-09-12T21:10:00.000Z,MCT2408038,15.188889,74.055556,21.3125,355.440625,774.375,87.37520687500002,9.094374999999996,13.330000000000005,5.995000000000001,17.148125,8.428125,4.70125,27.135072499999993
2026-09-12T21:20:00.000Z,MCT2408038,15.188889,74.055556,21.5625,362.95,745.9375,87.39332625,9.118125,13.330000000000005,6.1325,17.5825,8.730624999999998,4.702500000000001,27.142446875
2026-09-12T21:30:00.000Z,MCT2408038,15.188889,74.055556,21.5,354.921875,767.8125,87.248844375,9.320624999999998,13.330000000000005,6.123749999999999,17.458125,8.531249999999998,4.69625,27.039889374999998
2026-09-12T21:40:00.000Z,MCT2408038,15.188889,74.055556,21.375,357.73625000000004,802.75,87.20640500000002,9.140624999999998,13.330000000000005,6.010000000000002,17.023750000000003,8.325,4.75875,26.854213125
2026-09-12T21:43:17.798Z,MCT2408038,15.188889,74.055556,21.8,358.846,769.2,87.389892,9.414,13.330000000000002,5.998,16.9,8.006,4.795999999999999,26.78852
2026-09-12T20:50:00.000Z,MCT2408026,15.2467,74.198281,117,125,613.5,85.17937062500002,13.226038125000002,12.5,7.916250000000002,25.871875,14.462500000000002,50.403124999999996,27.417950625000007
2026-09-12T21:00:00.000Z,MCT2408026,15.2467,74.198281,117,125,654.44,85.58630479999998,13.114664000000003,12.5,8.9232,28.974,15.969200000000003,50.35400000000001,27.1857784
2026-09-12T21:10:00.000Z,MCT2408026,15.2467,74.198281,117,125,664.375,86.12207791666668,13.080991666666668,12.5,8.979999999999999,28.81208333333333,15.709166666666667,50.44958333333333,26.967719166666658
2026-09-12T21:20:00.000Z,MCT2408026,15.2467,74.198281,117.04166666666667,125,673.0416666666666,86.6240275,13.132536250000003,12.5,9.097916666666665,28.65166666666667,15.386249999999997,50.55666666666667,26.75053791666667
2026-09-12T21:30:00.000Z,MCT2408026,15.2467,74.198281,117,125.24959583333333,714.75,86.94032999999997,13.134825416666667,12.5,9.215416666666664,29.21416666666666,15.82958333333333,50.46875000000001,26.57401708333334
2026-09-12T21:40:00.000Z,MCT2408026,15.2467,74.198281,116.75,125,697.4583333333334,86.43265874999999,12.743190083333337,12.5,8.034166666666668,26.313749999999995,14.745000000000003,49.79666666666666,26.69646291666666
2026-09-12T21:43:17.805Z,MCT2408026,15.2467,74.198281,117,125,660.875,86.18025125,13.369062500000002,12.5,8.38875,26.596249999999998,14.465,50.487500000000004,26.757687500000003
2026-09-12T22:30:00.000Z,MCT2408028,15.186944,74.096667,43.666666666666664,508.34,559,90.69495,19.08,11.56,11.321666666666667,35.135,18.886666666666667,2.316666666666667,25.41571
2026-09-12T22:40:00.000Z,MCT2408028,15.186944,74.096667,43.6,507.9112,562.16,90.70227240000004,19.003999999999994,11.595600000000001,11.549200000000006,34.92239999999999,18.370799999999996,1.992,25.419568400000003
2026-09-12T22:50:00.000Z,MCT2408028,15.186944,74.096667,43.68,505.7004,554.68,90.70349240000003,19.083999999999993,11.664000000000001,11.749200000000004,35.87639999999998,19.166399999999996,2.0999999999999996,25.39168439999999
2026-09-12T23:00:00.000Z,MCT2408028,15.186944,74.096667,43.68,499.8552,568.28,90.61956840000005,19.0784,11.5244,10.709200000000003,32.49520000000001,17.1772,1.872,25.361653600000004
2026-09-12T23:10:00.000Z,MCT2408028,15.186944,74.096667,43.6,493.6796,567.52,90.60033960000001,19.001199999999994,11.663999999999998,9.190000000000003,28.279200000000007,15.2292,1.9995999999999998,25.287865600000003
2026-09-12T23:20:00.000Z,MCT2408028,15.186944,74.096667,43.56,491.44079999999997,565.96,90.64215079999998,18.969199999999997,11.7268,9.670000000000003,29.712,15.827999999999998,2.0432,25.226519599999996
2026-09-12T23:27:37.012Z,MCT2408028,15.186944,74.096667,43.611111111111114,488.7561111111111,566.5555555555555,90.69071055555554,19.010555555555552,11.700555555555557,9.990000000000002,30.49277777777777,16.124999999999996,1.7805555555555554,25.187502777777773
2026-09-12T22:30:00.000Z,MCT2408020,15.543475,74.039433,49.5,180,887.25,87.408585,9.105805499999999,19.1747875,19.945,61.2775,32.2975,3.66,27.005702499999998
2026-09-12T22:40:00.000Z,MCT2408020,15.543475,74.039433,48.0625,180,880,87.45054749999997,9.0145134375,19.239247499999998,19.306250000000002,58.42187500000001,30.437500000000007,3.6599999999999984,27.019111250000005
2026-09-12T22:50:00.000Z,MCT2408020,15.543475,74.039433,48,180,856.3125,87.37377562500001,9.198788500000001,19.231673125,19.306250000000002,58.363125,30.379375000000007,3.6599999999999984,27.082119375
2026-09-12T23:00:00.000Z,MCT2408020,15.543475,74.039433,46.25,180,863.1875,87.33228875,9.108016250000002,19.346037499999998,18.0325,54.345,28.286875,3.6599999999999984,27.049274375
2026-09-12T23:10:00.000Z,MCT2408020,15.543475,74.039433,42.875,180,862.75,87.1758875,9.09033025,19.2392475,15.886250000000004,47.76375,24.915625000000002,3.6599999999999984,27.086141249999997
2026-09-12T23:20:00.000Z,MCT2408020,15.543475,74.039433,40,180,858.4375,87.361854375,9.118550187500002,19.105275624999997,13.913750000000002,42.1125,21.897499999999997,3.6599999999999984,27.020451875000006
2026-09-12T23:27:37.015Z,MCT2408020,15.543475,74.039433,38,180,847.0833333333334,87.5700725,9.169268,19.006259166666663,12.445833333333333,37.43416666666666,19.364166666666666,3.659999999999999,26.986041666666665
2026-09-12T22:30:00.000Z,MCT2408057,15.272222,74.104722,30,333.57166666666666,534.8333333333334,81.36038333333333,12.530000000000001,8.784999999999998,7.846666666666667,22.618333333333336,11.625,1.9383333333333332,28.854888333333335
2026-09-12T22:40:00.000Z,MCT2408057,15.272222,74.104722,30,335.1236,533.44,80.68396119999997,12.493599999999999,8.819199999999999,7.5576000000000025,22.006400000000003,11.401599999999998,2.2712000000000003,29.04551120000001
2026-09-12T22:50:00.000Z,MCT2408057,15.272222,74.104722,29.92,335.88480000000004,537.44,79.98174999999998,12.455599999999999,8.8244,7.366800000000001,21.646000000000004,11.334400000000002,2.2403999999999997,29.247570800000002
2026-09-12T23:00:00.000Z,MCT2408057,15.272222,74.104722,30,329.074,543.04,81.30804480000002,12.5048,8.808799999999998,7.699200000000001,22.391599999999997,11.646,2.3656,28.749068399999995
2026-09-12T23:10:00.000Z,MCT2408057,15.272222,74.104722,30,335.124,543.52,81.58300839999998,12.609199999999998,8.7648,7.485600000000002,21.826400000000003,11.357600000000001,2.4959999999999996,28.646536
2026-09-12T23:20:00.000Z,MCT2408057,15.272222,74.104722,30,336.1764,546.72,81.24700879999999,12.610799999999998,8.739999999999998,7.4624000000000015,21.644800000000004,11.181199999999999,2.5403999999999995,28.74220319999999
2026-09-12T23:27:37.081Z,MCT2408057,15.272222,74.104722,30,337.22315789473686,535.0526315789474,80.75505000000003,12.606315789473689,8.746315789473684,7.52842105263158,22.320000000000004,11.768947368421053,2.4668421052631575,28.883867368421054
2026-09-12T22:30:00.000Z,MCT2408056,15.579167,73.920833,47,180,680.5,89.23201,6.944999999999999,9.24706575,15.714999999999998,48.4975,27.647499999999997,1.56,26.10211
2026-09-12T22:40:00.000Z,MCT2408056,15.579167,73.920833,47.875,180,664.75,89.51811249999999,6.686875,10.106513499999998,16.068124999999995,50.20375000000001,28.701250000000005,1.5824999999999998,26.080663749999996
2026-09-12T22:50:00.000Z,MCT2408056,15.579167,73.920833,47.5625,180,662.25,89.51477374999999,6.73125,9.874852250000002,15.714999999999996,49.066250000000004,28.056250000000006,1.5949999999999998,26.105465000000002
2026-09-12T23:00:00.000Z,MCT2408056,15.579167,73.920833,48.25,180,653.0625,89.551966875,6.826874999999999,9.690727187499999,16.126249999999995,50.089999999999996,28.585000000000004,1.5906249999999997,26.09205875
2026-09-12T23:10:00.000Z,MCT2408056,15.579167,73.920833,48.0625,180,640.5625,89.46709062500001,6.654375,9.418720375,16.185,50.033125,28.408750000000005,1.7368749999999997,26.036421249999997
2026-09-12T23:20:00.000Z,MCT2408056,15.579167,73.920833,47.75,180,670.5625,89.28875249999999,6.774375,10.3411084375,16.067499999999995,49.236875000000005,27.706250000000004,1.6325,26.023016875
2026-09-12T23:27:37.091Z,MCT2408056,15.579167,73.920833,47.833333333333336,180,690.8333333333334,89.41384416666665,6.732499999999999,9.968504416666669,15.949999999999998,49.48333333333333,28.19416666666667,1.6391666666666664,25.925148333333336
2026-09-12T22:30:00.000Z,MCT2408055,15.585833,73.885556,29.666666666666668,83.19,774.6666666666666,89.15380999999998,9.166666666666666,6.4433333333333325,10.956666666666665,32.236666666666665,17.95,2.7399999999999998,26.22009
2026-09-12T22:40:00.000Z,MCT2408055,15.585833,73.885556,30.0625,82.61625,791.4375,89.03221625000002,9.29875,6.865000000000001,11.54,33.2225,18.360625,2.4493750000000003,26.252936875000007
2026-09-12T22:50:00.000Z,MCT2408055,15.585833,73.885556,32.0625,77.656875,776.875,89.068454375,9.41625,6.205,12.764999999999999,36.595,20.150000000000002,2.3568749999999996,26.243553749999997
2026-09-12T23:00:00.000Z,MCT2408055,15.585833,73.885556,35.1875,68.27874999999999,746.1875,89.46327562500001,9.401874999999999,5.939999999999999,14.948125,42.39437500000001,22.919375000000006,2.35375,26.222104374999997
2026-09-12T23:10:00.000Z,MCT2408055,15.585833,73.885556,34.375,71.456875,755.9375,89.47853187500002,9.34,6.460000000000001,14.295625000000001,40.83,22.194375,2.268125,26.20266437500001
2026-09-12T23:20:00.000Z,MCT2408055,15.585833,73.885556,33.875,72.165,768.875,89.437525625,9.523124999999999,6.540000000000001,13.945625000000001,39.885000000000005,21.68375,2.165625,26.162444375
2026-09-12T23:27:37.146Z,MCT2408055,15.585833,73.885556,32.38461538461539,73.3423076923077,785.9230769230769,89.36273461538462,9.404615384615385,6.642307692307693,12.913076923076922,37.04307692307693,20.345384615384617,2.209230769230769,26.102936923076925
2026-09-12T22:30:00.000Z,MCT2408052,15.444425,74.063856,50.25,160,815.5,87.24645999999998,3.60193,8,16.14,44.397499999999994,20.537499999999998,2,26.994979999999998
2026-09-12T22:40:00.000Z,MCT2408052,15.444425,74.063856,57.8125,160,822.375,87.27316249999998,3.6765790625,8,22.284999999999997,59.784375000000004,26.86,2,26.968166875000005
2026-09-12T22:50:00.000Z,MCT2408052,15.444425,74.063856,52.25,160,809.6875,87.250273125,3.6648246250000005,8,18.083125,48.47124999999999,21.768125,2,26.949396250000007
2026-09-12T23:00:00.000Z,MCT2408052,15.444425,74.063856,63.1875,160,830,87.29795874999999,3.6567983750000006,8,26.298749999999995,70.06437500000001,31.216874999999995,2,26.938673750000003
2026-09-12T23:10:00.000Z,MCT2408052,15.444425,74.063856,56.6875,160,821.8125,87.27793125,3.6956140000000004,8,20.92625,56.22874999999999,25.285,2,26.931298124999998
2026-09-12T23:20:00.000Z,MCT2408052,15.444425,74.063856,61.9375,160,809.875,87.4219375,3.6472808125000005,8,25.482499999999998,67.110625,29.514374999999994,2,26.895102499999993
2026-09-12T23:27:37.262Z,MCT2408052,15.444425,74.063856,59,160,783.25,87.44800416666668,3.6887719999999997,8,22.771666666666665,61.09166666666667,27.471666666666664,2,26.867173333333337
2026-09-12T22:30:00.000Z,MCT2408053,15.263333,74.110833,42.25,187.103025,709.25,91.54371749999999,17.514999999999997,30.432499999999997,10.56,36.7025,23.6875,11.469999999999999,26.271037500000002
2026-09-12T22:40:00.000Z,MCT2408053,15.263333,74.110833,41.666666666666664,191.4174,744.2,91.64760333333334,15.796000000000001,30.207999999999995,10.529333333333334,35.90933333333333,23.162666666666667,11.122666666666667,26.265852666666667
2026-09-12T22:50:00.000Z,MCT2408053,15.263333,74.110833,41.625,185.80869374999997,711.25,91.91231249999998,15.725000000000001,29.12999999999999,8.950624999999999,30.385,19.669375000000006,10.881875000000003,26.27640000000001
2026-09-12T23:00:00.000Z,MCT2408053,15.263333,74.110833,40.5625,203.57826874999998,734.0625,91.83887937499999,15.167499999999999,28.990624999999998,9.2375,30.568125000000002,19.247500000000002,10.02,26.23551
2026-09-12T23:10:00.000Z,MCT2408053,15.263333,74.110833,41.75,202.53024375,719,91.86176687500001,17.043125,29.67124999999999,9.066250000000002,30.565625000000004,19.668750000000006,10.060625,26.186576875000004
2026-09-12T23:20:00.000Z,MCT2408053,15.263333,74.110833,39.0625,194.11105624999996,739.6875,92.076820625,14.051250000000003,29.657499999999995,9.525000000000002,32.450625,21.01,10.1825,26.168479375
2026-09-12T23:27:37.262Z,MCT2408053,15.263333,74.110833,40.61538461538461,180.8861923076923,772.0769230769231,91.84405,15.569230769230769,30.391538461538456,9.533846153846156,31.861538461538466,20.21692307692308,10.726153846153846,26.121913846153845
2026-09-12T22:30:00.000Z,MCT2408021,15.500556,74.053333,49.25,375,564,86.58269999999999,21.052500000000002,14.54199,4.525,13.6975,8.572500000000002,4.282500000000001,27.319415
2026-09-12T22:40:00.000Z,MCT2408021,15.500556,74.053333,49.3125,375,561.75,86.43249812500002,21.148749999999996,14.358355625000002,4.701875,14.701249999999998,9.465625000000001,4.2212499999999995,27.338854375
2026-09-12T22:50:00.000Z,MCT2408021,15.500556,74.053333,49.3125,375,569.875,86.58222625000002,21.075625,14.358354374999998,4.406249999999999,13.532499999999995,8.541250000000002,4.258125000000001,27.265117500000002
2026-09-12T23:00:00.000Z,MCT2408021,15.500556,74.053333,49.375,375,575,86.65995125,21.09125,14.34379,4.4075,13.587499999999999,8.571874999999999,4.295624999999999,27.14512875
2026-09-12T23:10:00.000Z,MCT2408021,15.500556,74.053333,49.53333333333333,375,564.9333333333333,86.67781466666669,21.218,14.338274666666667,4.034,12.519999999999998,7.9046666666666665,4.277333333333333,27.079528666666665
2026-09-12T23:20:00.000Z,MCT2408021,15.500556,74.053333,49.1875,375,554.625,86.504501875,20.923750000000005,14.399767499999998,4.34875,13.640625,8.69125,4.268125,27.08077875
2026-09-12T23:27:37.333Z,MCT2408021,15.500556,74.053333,49.25,375,556.6666666666666,86.62657250000001,20.92833333333333,14.312000833333334,4.05,12.680833333333332,8.055833333333332,4.278333333333333,27.011065
2026-09-12T22:30:00.000Z,MCT2408043,15.221111,74.087222,43.25,188.01250000000002,712.75,86.7810675,14.2575,10.395,12.662499999999998,38.305,19.86,5.29,26.5418425
2026-09-12T22:40:00.000Z,MCT2408043,15.221111,74.087222,43.333333333333336,180.97733333333335,704.2,86.74088533333334,14.204666666666665,10.377999999999998,12.663333333333334,38.624,20.15666666666667,5.290000000000001,26.53326333333333
2026-09-12T22:50:00.000Z,MCT2408043,15.221111,74.087222,42.0625,186.28062500000004,705.875,86.60750062500001,14.198124999999997,10.320624999999998,11.951875000000001,36.290625,18.814999999999998,5.290000000000001,26.514359375
2026-09-12T23:00:00.000Z,MCT2408043,15.221111,74.087222,42.4375,188.75375000000003,694.125,86.70382062499998,14.213749999999997,10.366249999999999,12.188125,36.853125000000006,19.136249999999997,5.290000000000001,26.409790625000007
2026-09-12T23:10:00.000Z,MCT2408043,15.221111,74.087222,44.6875,189.15187500000002,678.8125,86.78297749999996,14.213749999999996,10.318749999999998,13.771874999999998,41.359375,21.219375,5.290000000000001,26.37962625
2026-09-12T23:20:00.000Z,MCT2408043,15.221111,74.087222,44.6,190.85000000000002,695.2666666666667,86.88940533333336,14.21733333333333,10.371999999999998,13.17,41.11266666666668,21.779999999999998,5.290000000000001,26.32448133333333
2026-09-12T23:27:37.340Z,MCT2408043,15.221111,74.087222,43.166666666666664,188.6025,710,86.90314000000002,14.185,10.334999999999999,12.555833333333332,38.622499999999995,20.499166666666667,5.29,26.282653333333332
2026-09-12T22:30:00.000Z,MCT2408051,15.486528,74.033889,52.5,315.5425,746.25,95.25923,22.44,5.19,8.55,27.5025,15.09,4.39,26.549885
2026-09-12T22:40:00.000Z,MCT2408051,15.486528,74.033889,51.75,314.21562500000005,736.3125,95.33838625000001,21.9475,5.1899999999999995,8.63,27.579375000000006,15.1675,4.39,26.511007500000005
2026-09-12T22:50:00.000Z,MCT2408051,15.486528,74.033889,51.875,312.88625,740.5,95.10282937500001,22.021250000000002,5.1899999999999995,8.317500000000003,26.374375,14.428125000000001,4.39,26.540502499999995
2026-09-12T23:00:00.000Z,MCT2408051,15.486528,74.033889,51.75,308.96124999999995,742.6875,94.80814437499998,21.947499999999994,5.1899999999999995,10.261875,31.96875,17.228749999999998,4.39,26.502293750000003
2026-09-12T23:10:00.000Z,MCT2408051,15.486528,74.033889,51.625,309.84312500000004,733.1875,94.76951875,21.867499999999996,5.1899999999999995,8.825000000000001,28.472499999999997,15.751250000000002,4.39,26.443307500000007
2026-09-12T23:20:00.000Z,MCT2408051,15.486528,74.033889,51.9375,306.03375,744.375,94.944996875,22.076875000000005,5.1899999999999995,8.471875,27.385000000000005,15.128125,4.39,26.312596250000002
2026-09-12T23:27:37.395Z,MCT2408051,15.486528,74.033889,51.833333333333336,308.63416666666666,756.4166666666666,94.98521000000001,21.996666666666666,5.1899999999999995,7.822499999999998,26.258333333333336,15.038333333333334,4.39,26.26656833333333
2026-09-12T22:30:00.000Z,MCT2408034,15.356389,74.123611,35,180,556.3333333333334,77.22525,6.1499999999999995,4.6499999999999995,10.483333333333333,34.38666666666666,18.909999999999997,1.1183333333333334,30.009626666666666
2026-09-12T22:40:00.000Z,MCT2408034,15.356389,74.123611,34.16,180,558.44,77.37371879999999,6.150000000000002,4.4356,9.881599999999999,32.4852,17.891999999999996,1.2107999999999997,29.999616800000002
2026-09-12T22:50:00.000Z,MCT2408034,15.356389,74.123611,35.25,180,556.9166666666666,77.26085416666668,6.150000000000002,4.202916666666666,10.635,34.661249999999995,18.94875,1.28,30.045824583333342
2026-09-12T23:00:00.000Z,MCT2408034,15.356389,74.123611,35.16,180,571,77.26171880000001,6.150000000000002,4.652400000000001,10.5756,34.436800000000005,18.8648,1.2747999999999997,30.057103199999993
2026-09-12T23:10:00.000Z,MCT2408034,15.356389,74.123611,35.96,180,575.48,77.14849720000001,6.150000000000002,5.0544,10.975999999999999,35.9004,19.7276,1.3472000000000002,30.009055200000002
2026-09-12T23:20:00.000Z,MCT2408034,15.356389,74.123611,36.416666666666664,180,579.5833333333334,77.2309725,6.150000000000002,5.240833333333334,11.167499999999997,36.80958333333334,20.237499999999997,1.2691666666666666,29.860813750000005
2026-09-12T23:27:37.512Z,MCT2408034,15.356389,74.123611,37.31578947368421,180.00113684210527,583.6315789473684,77.50773789473685,6.150000000000002,4.911052631578947,11.466842105263156,38.30157894736842,21.219473684210527,1.224210526315789,29.74638999999999
2026-09-12T22:30:00.000Z,MCT2408050,15.553611,73.958333,41.25,86.03,635.25,92.5355375,11.515,3.975,16.54,51.31,27.0025,2.825,25.70529
2026-09-12T22:40:00.000Z,MCT2408050,15.553611,73.958333,41.8125,86.02999999999999,637.9375,92.34671187500003,11.226875,4.2749999999999995,16.961875000000003,52.22125,27.218124999999993,2.73125,25.726739374999994
2026-09-12T22:50:00.000Z,MCT2408050,15.553611,73.958333,40.9375,86.02999999999999,686.6875,92.29425875000001,11.120625000000002,4.251875000000001,16.328125000000004,50.720000000000006,26.685,2.840625,25.68383999999999
2026-09-12T23:00:00.000Z,MCT2408050,15.553611,73.958333,42.8125,86.02999999999999,657.9375,92.46973500000001,11.088750000000003,4.245625,17.279375,53.72437500000001,28.176250000000003,2.6912499999999997,25.658365
2026-09-12T23:10:00.000Z,MCT2408050,15.553611,73.958333,42.25,86.02999999999999,649,92.34051187500002,11.144375000000002,4.20375,16.855000000000004,52.488749999999996,27.53875,2.9925,25.626858125000002
2026-09-12T23:20:00.000Z,MCT2408050,15.553611,73.958333,42.75,86.02999999999999,679.5625,92.35624687500001,11.030624999999999,4.245000000000001,17.066250000000004,53.34750000000001,28.069999999999997,2.995625,25.48609
2026-09-12T23:27:37.512Z,MCT2408050,15.553611,73.958333,41.916666666666664,86.02999999999999,635.0833333333334,92.56669,11.101666666666667,4.259166666666666,16.820000000000004,52.166666666666664,27.290833333333335,3.0075,25.438051666666667
2026-09-12T22:30:00.000Z,MCT2408030,15.142519,74.075003,29,163,579.75,82.15574249999999,8.71,6.2,9.37,25.095,12.780000000000001,4.6274999999999995,26.7322175
2026-09-12T22:40:00.000Z,MCT2408030,15.142519,74.075003,29.375,163,577.5625,82.16289562500002,8.794375000000002,6.200000000000002,9.370000000000001,25.720625000000002,13.43125,4.221875000000001,26.728194375000005
2026-09-12T22:50:00.000Z,MCT2408030,15.142519,74.075003,29.125,163,584.75,82.23347312500002,8.938749999999999,6.200000000000002,9.370000000000001,25.151874999999997,12.840000000000002,4.273125,26.715460000000007
2026-09-12T23:00:00.000Z,MCT2408030,15.142519,74.075003,29.3125,163,583.125,82.25683687500002,8.888125000000002,6.200000000000002,9.370000000000001,25.493125,13.194374999999999,4.3275,26.734896874999993
2026-09-12T23:10:00.000Z,MCT2408030,15.142519,74.075003,29.3125,163,582.4375,82.17291,8.83125,6.200000000000002,9.370000000000001,25.493125,13.194374999999999,4.49625,26.724843125000007
2026-09-12T23:20:00.000Z,MCT2408030,15.142519,74.075003,29,163,586.5,82.138104375,8.820625,6.200000000000002,9.370000000000001,24.924374999999998,12.603750000000002,4.4975000000000005,26.675903750000007
2026-09-12T23:27:37.579Z,MCT2408030,15.142519,74.075003,29.166666666666668,163,589.3333333333334,82.157015,8.788333333333336,6.200000000000002,9.370000000000001,25.246666666666666,12.938333333333333,4.493333333333333,26.643730000000005
2026-09-12T22:30:00.000Z,MCT2408029,15.333611,74.206944,15.5,120,847.25,91.579955,4.3825,8.247499999999999,5,15.315000000000001,8.530000000000001,4.035,25.71601
2026-09-12T22:40:00.000Z,MCT2408029,15.333611,74.206944,16.4375,120,855.5625,91.61524062499997,3.784375,8.483125,5.109999999999999,16.22125,9.264375,3.7043749999999998,25.716009999999997
2026-09-12T22:50:00.000Z,MCT2408029,15.333611,74.206944,16.6,120,856.4666666666667,91.68575,4.470666666666667,8.970666666666666,5.058000000000001,16.066666666666666,9.175333333333333,3.9946666666666664,25.713865999999996
2026-09-12T23:00:00.000Z,MCT2408029,15.333611,74.206944,17.5625,120,834.25,91.65005062499999,6.429375000000001,8.23375,5.4750000000000005,16.39875,8.894999999999998,4.0181249999999995,25.722045625000003
2026-09-12T23:10:00.000Z,MCT2408029,15.333611,74.206944,16.466666666666665,120,828.6666666666666,91.76204399999999,4.905333333333332,8.296666666666665,5.058666666666666,15.759333333333332,8.901333333333332,3.7766666666666664,25.716009999999997
2026-09-12T23:20:00.000Z,MCT2408029,15.333611,74.206944,16.1875,120,839.9375,92.15549874999999,3.5049999999999994,9.539374999999998,5.402500000000001,16.5075,9.115625,4.09375,25.710649999999994
2026-09-12T23:27:37.586Z,MCT2408029,15.333611,74.206944,16.333333333333332,120,842.1666666666666,92.15788249999999,4.203333333333334,8.220000000000002,5.487500000000001,16.52,9.018333333333333,3.660833333333333,25.71601
2026-09-12T22:30:00.000Z,MCT2408023,15.499722,74.020833,48,208.535,523.75,92.28186000000001,8.7375,19.5975,16.1625,51.2925,31.900000000000002,4.205,25.94392
2026-09-12T22:40:00.000Z,MCT2408023,15.499722,74.020833,48.9375,204.04374999999993,525.125,92.39010249999998,8.137500000000001,18.960624999999997,16.161250000000003,52.08312499999999,32.987500000000004,4.1850000000000005,25.879568749999994
2026-09-12T22:50:00.000Z,MCT2408023,15.499722,74.020833,48.666666666666664,200.476,532.8,92.41308599999999,8.528,18.736666666666668,16.561999999999998,52.348,32.57666666666667,4.012666666666667,25.81897333333334
2026-09-12T23:00:00.000Z,MCT2408023,15.499722,74.020833,46.1875,205.205625,533.5625,92.32811500000003,8.506250000000001,18.679375,14.019374999999998,45.751875000000005,29.453124999999996,4.175,25.809856249999996
2026-09-12T23:10:00.000Z,MCT2408023,15.499722,74.020833,51.3125,186.79749999999999,533.8125,92.28424437500001,8.203750000000001,18.955000000000002,17.266875,55.804375,35.525,4.22125,25.804493124999993
2026-09-12T23:20:00.000Z,MCT2408023,15.499722,74.020833,45.5,199.88125,546.4375,92.28949000000003,8.357500000000002,18.545625,12.909374999999995,43.138749999999995,28.365625000000005,4.020625,25.75623125
2026-09-12T23:27:37.642Z,MCT2408023,15.499722,74.020833,46.916666666666664,201.28833333333333,553.4166666666666,92.25579249999998,8.754166666666666,18.926666666666662,13.624166666666666,45.910833333333336,30.20833333333333,4.173333333333335,25.7231625
2026-09-12T22:30:00.000Z,MCT2408040,15.528056,74.020833,19,100,587,88.207765,8.02,4.734999999999999,3.07,8.594999999999999,3.92,3.5,26.8930925
2026-09-12T22:40:00.000Z,MCT2408040,15.528056,74.020833,18.625,100,578.3125,88.18631,7.741249999999999,4.751875,3.07,8.616874999999999,3.9787500000000002,3.5,26.850189375
2026-09-12T22:50:00.000Z,MCT2408040,15.528056,74.020833,18.6875,100,595.1875,88.23971187500001,7.795625000000001,4.78,3.07875,8.595,3.9599999999999995,3.5,26.758357500000006
2026-09-12T23:00:00.000Z,MCT2408040,15.528056,74.020833,18.6875,100,589.6875,88.23828187500001,7.848750000000001,4.7787500000000005,3.07,8.5075,3.8668749999999994,3.5,26.723500000000012
2026-09-12T23:10:00.000Z,MCT2408040,15.528056,74.020833,18.8125,100,597.4375,88.23589687500001,7.94875,4.79375,3.07,8.529375,3.878125,3.5,26.71680000000001
2026-09-12T23:20:00.000Z,MCT2408040,15.528056,74.020833,18.8125,100,584.5,88.34747625,7.858750000000001,4.819375,3.07,8.441875000000001,3.809374999999999,3.5,26.663169999999994
2026-09-12T23:27:37.759Z,MCT2408040,15.528056,74.020833,19.166666666666668,100,599.8333333333334,88.36861583333332,8.090833333333334,4.795833333333333,3.07,8.478333333333333,3.7808333333333324,3.5,26.599935833333337
2026-09-12T22:30:00.000Z,MCT2408027,15.275556,74.1075,43.5,1192.2575,701.25,90.20857000000001,6.58,12.67,13.562500000000002,41.8925,22.482499999999998,2.95,26.4909
2026-09-12T22:40:00.000Z,MCT2408027,15.275556,74.1075,43.375,1190.389375,681.5625,90.20094187499997,6.579999999999999,12.790000000000001,13.438124999999998,41.5225,22.1725,2.9500000000000006,26.49290937500001
2026-09-12T22:50:00.000Z,MCT2408027,15.275556,74.1075,43.4375,1182.3212500000002,681.5,90.07601249999998,6.579999999999999,12.848749999999997,13.684375000000001,41.893125,22.296250000000004,2.9500000000000006,26.508998750000003
2026-09-12T23:00:00.000Z,MCT2408027,15.275556,74.1075,46,1186.645625,668.75,90.06552187499996,6.579999999999999,12.731249999999996,15.347499999999997,46.70000000000001,24.58125,2.9500000000000006,26.538491875
2026-09-12T23:10:00.000Z,MCT2408027,15.275556,74.1075,43.625,1191.0518749999999,688.5625,90.009254375,6.579999999999999,12.640624999999996,13.745625,42.324999999999996,22.605,2.9500000000000006,26.5760275
2026-09-12T23:20:00.000Z,MCT2408027,15.275556,74.1075,42.625,1185.7418750000002,678.25,89.99971812499999,6.579999999999999,12.789999999999997,13.005000000000003,40.229375000000005,21.554375,2.9500000000000006,26.541171875000003
2026-09-12T23:27:37.760Z,MCT2408027,15.275556,74.1075,41.75,1194.5683333333334,687.6666666666666,90.08268749999998,6.579999999999999,12.68,12.5725,38.27833333333333,20.255000000000003,2.9499999999999997,26.50430666666667
2026-09-12T22:30:00.000Z,MCT2408044,15.313669,74.140042,24.333333333333332,214.29,633,95.02589666666665,10.87,3.32,4.9799999999999995,14.333333333333334,8.83,3.1153843333333335,24.765053333333338
2026-09-12T22:40:00.000Z,MCT2408044,15.313669,74.140042,24.4375,214.29,618.375,95.211548125,10.9225,3.455,5.100625000000001,14.21875,8.582500000000001,3.1040062499999994,24.767511250000005
2026-09-12T22:50:00.000Z,MCT2408044,15.313669,74.140042,24.3125,214.29,603.875,95.33409687499999,10.861875,3.6175,5.063750000000001,14.40625,8.785,3.3591345624999995,24.81175
2026-09-12T23:00:00.000Z,MCT2408044,15.313669,74.140042,24.1875,214.29,609.375,95.32169812499998,10.785625,3.660625,4.85,13.46875,8.1775,3.1010415625,24.83923375
2026-09-12T23:10:00.000Z,MCT2408044,15.313669,74.140042,24.3125,214.29,614.375,95.30786875,10.809375,3.4668750000000004,4.885000000000001,14.125,8.785,3.4467948124999994,24.845268125000004
2026-09-12T23:20:00.000Z,MCT2408044,15.313669,74.140042,24.375,214.29,601.625,95.336480625,10.815625000000002,3.4112500000000003,5.171250000000001,14.71875,8.95375,3.342147375,24.833871875000007
2026-09-12T23:27:37.831Z,MCT2408044,15.313669,74.140042,24.333333333333332,214.29,614.3333333333334,95.29292916666668,10.784166666666666,3.566666666666667,5.1725,14.75,9.055000000000001,3.2790598333333336,24.792757500000004
2026-09-12T22:30:00.000Z,MCT2408049,15.475278,74.055833,56.5,150.42195,557,86.7906025,24.1125,14.167499999999999,8.815,25.087500000000002,12.47,2.61,27.340865
2026-09-12T22:40:00.000Z,MCT2408049,15.475278,74.055833,56.8125,150.2061375,556.8125,86.96655499999997,24.193749999999998,14.116250000000003,8.815625,25.231874999999995,12.661249999999997,2.61,27.302656250000002
2026-09-12T22:50:00.000Z,MCT2408049,15.475278,74.055833,56.6875,150,556.8125,87.01233249999999,24.201249999999998,14.799999999999999,8.385000000000002,24.560624999999998,12.61375,2.61,27.268470624999996
2026-09-12T23:00:00.000Z,MCT2408049,15.475278,74.055833,56.625,150,547.625,86.875480625,24.225624999999997,13.883750000000001,8.240625000000003,24.128749999999997,12.326875,2.61,27.234953749999995
2026-09-12T23:10:00.000Z,MCT2408049,15.475278,74.055833,56.4375,150,545.375,86.86117499999997,24.039375,12.7575,8.336875000000003,24.129999999999995,12.230625,2.61,27.163227499999998
2026-09-12T23:20:00.000Z,MCT2408049,15.475278,74.055833,56.875,150.5700625,544.3125,86.94509812499999,24.172499999999996,13.635000000000002,8.432500000000001,24.704375000000006,12.660624999999998,2.61,27.11764625
2026-09-12T23:27:37.831Z,MCT2408049,15.475278,74.055833,56.666666666666664,150.385025,553.1666666666666,86.96289833333331,24.150833333333335,14.0625,8.496666666666668,24.386666666666667,12.277499999999998,2.61,27.10401666666667
2026-09-12T22:30:00.000Z,MCT2408046,15.529167,74.07,31,95.52,525,85.51204666666666,13.386666666666668,0.7200000000000001,7.903333333333333,23.7,11.491666666666667,3.7033333333333336,27.60541666666667
2026-09-12T22:40:00.000Z,MCT2408046,15.529167,74.07,31,95.52,524.32,85.45111000000003,13.4408,0.7439999999999999,7.1304,21.776000000000003,10.911200000000001,3.626000000000001,27.57188279999999
2026-09-12T22:50:00.000Z,MCT2408046,15.529167,74.07,31.04,95.52,523.6,85.54937759999997,13.443599999999998,0.7304,7.815600000000001,23.374400000000005,11.395600000000004,3.6188000000000007,27.510963999999998
2026-09-12T23:00:00.000Z,MCT2408046,15.529167,74.07,31.04,95.52,517.24,85.65954560000002,13.4452,0.68,7.790800000000001,23.330000000000005,11.346800000000004,3.6524,27.46720600000001
2026-09-12T23:10:00.000Z,MCT2408046,15.529167,74.07,30.96,95.52,517.12,85.68579,13.375200000000005,0.6915999999999998,7.5360000000000005,22.7084,11.250800000000002,3.532400000000001,27.435458799999992
2026-09-12T23:20:00.000Z,MCT2408046,15.529167,74.07,31.04,95.52,509.36,85.77978559999998,13.4924,0.7007999999999999,8.0172,24.440800000000003,12.242799999999999,3.6388000000000007,27.40929040000001
2026-09-12T23:27:37.891Z,MCT2408046,15.529167,74.07,30.842105263157894,95.52,521.421052631579,85.86714684210524,13.24263157894737,0.6631578947368422,11.313684210526313,33.79736842105263,16.65052631578947,3.6363157894736835,27.355259473684207
2026-09-12T22:30:00.000Z,MCT2408037,15.394444,74.118333,27.5,160,556.75,85.58324999999999,10.15,14.4575,6.875,25.349999999999998,13.3025,3.63,26.63837
2026-09-12T22:40:00.000Z,MCT2408037,15.394444,74.118333,28.8125,160,549.0625,85.59612562499998,10.294374999999999,14.460624999999999,7.479375000000001,27.804375000000004,14.708750000000002,3.6799999999999993,26.698699374999993
2026-09-12T22:50:00.000Z,MCT2408037,15.394444,74.118333,30.25,160,564,85.58134249999998,10.061875,14.534375,8.409375000000002,30.461875,15.786875000000004,3.5068749999999995,26.734899374999994
2026-09-12T23:00:00.000Z,MCT2408037,15.394444,74.118333,30.1875,160,573.5625,85.50314312500001,10.353125000000002,14.483125,8.502500000000001,30.256874999999997,15.458750000000004,3.600625,26.72752562500001
2026-09-12T23:10:00.000Z,MCT2408037,15.394444,74.118333,29.125,160,562.9375,85.55511874999999,10.479374999999997,14.4925,7.945000000000002,28.211250000000007,14.380625000000004,3.796875,26.679924999999997
2026-09-12T23:20:00.000Z,MCT2408037,15.394444,74.118333,28.4375,160,568.5625,85.54987125,10.398750000000001,14.446874999999997,7.294375000000002,26.883750000000003,14.146250000000002,3.7337499999999997,26.694002499999996
2026-09-12T23:27:38.009Z,MCT2408037,15.394444,74.118333,27.416666666666668,160,562.6666666666666,85.51140916666668,10.482500000000002,14.402499999999996,6.628333333333333,24.6675,13.0525,3.7533333333333334,26.683053333333334
2026-09-12T22:30:00.000Z,MCT2408042,15.213889,74.071667,62.333333333333336,267.2766666666667,513,89.16144000000001,26.923333333333336,13.386666666666668,10.01,30.096666666666664,15.793333333333335,3.473333333333333,26.945823333333333
2026-09-12T22:40:00.000Z,MCT2408042,15.213889,74.071667,61.4375,264.54437499999995,520.375,89.08371374999999,26.349999999999994,13.351875,9.498124999999996,28.558749999999996,14.978124999999999,3.6799999999999997,26.919904374999994
2026-09-12T22:50:00.000Z,MCT2408042,15.213889,74.071667,61.3125,267.168125,527,89.06273499999999,26.269999999999996,13.478750000000002,9.66875,29.298125000000006,15.433125000000002,3.643125,26.866279375
2026-09-12T23:00:00.000Z,MCT2408042,15.213889,74.071667,61.1875,266.6031249999999,528.5625,89.148564375,26.189999999999994,13.286875,9.270624999999999,27.930625000000003,14.750625000000003,3.7424999999999997,26.80863125
2026-09-12T23:10:00.000Z,MCT2408042,15.213889,74.071667,61.0625,267.87812500000007,533.9375,89.21102937500001,26.109999999999996,13.233749999999999,9.327499999999999,28.15875,14.750625000000005,3.75625,26.770423124999994
2026-09-12T23:20:00.000Z,MCT2408042,15.213889,74.071667,61.1875,266.55625000000003,532.875,89.2033975,26.189999999999994,13.411250000000003,9.043124999999998,27.645625,14.750625000000005,3.890625,26.744951874999995
2026-09-12T23:27:38.010Z,MCT2408042,15.213889,74.071667,61.5,266.10999999999996,534.9166666666666,89.26189,26.389999999999997,13.535000000000002,9.251666666666667,27.36,14.04916666666667,3.579166666666667,26.711659166666667
2026-09-12T22:30:00.000Z,MCT2408033,15.346944,74.007778,23.25,110,568.5,89.43991,8.3025,4.375,9.09,24.105,14.852500000000001,4.39,26.7751175
2026-09-12T22:40:00.000Z,MCT2408033,15.346944,74.007778,23.125,110,553.9375,89.60680312500001,7.826250000000001,4.2387500000000005,8.938125000000001,23.686250000000005,14.596875000000002,4.39,26.714114374999994
2026-09-12T22:50:00.000Z,MCT2408033,15.346944,74.007778,23.6875,110,541.3125,89.730305,7.899375000000001,4.326874999999999,9.509375,24.872499999999995,15.219999999999999,4.39,26.649094375000004
2026-09-12T23:00:00.000Z,MCT2408033,15.346944,74.007778,23.625,110,545.875,89.63970625,7.899375,4.250625,9.31875,24.552499999999995,15.07375,4.39,26.611556250000003
2026-09-12T23:10:00.000Z,MCT2408033,15.346944,74.007778,23.1875,110,565.4375,89.70217312500002,8.194374999999999,4.279375,9.051250000000001,23.750625000000003,14.559375000000001,4.39,26.52307375000001
2026-09-12T23:20:00.000Z,MCT2408033,15.346944,74.007778,23.625,110,573,89.6516275,7.951875000000001,4.3875,9.545625000000001,24.745,15.035625,4.39,26.482185625
2026-09-12T23:27:38.083Z,MCT2408033,15.346944,74.007778,23.5,110,583.5,89.63891083333334,7.927500000000001,4.3066666666666675,9.495000000000001,24.574166666666667,14.900833333333331,4.39,26.441742500000004
2026-09-12T22:30:00.000Z,MCT2408041,15.224628,74.171389,30.666666666666668,375.9385,638.6666666666666,89.27079333333332,12.983333333333334,9.7,8.356666666666667,24.3,12.4,8.006666666666666,26.06994
2026-09-12T22:40:00.000Z,MCT2408041,15.224628,74.171389,31.375,410.5971062499999,634.125,89.27063375,13.61625,9.7,8.290000000000001,25.059375000000003,13.294374999999999,7.889375000000001,26.063235000000002
2026-09-12T22:50:00.000Z,MCT2408041,15.224628,74.171389,31.4375,412.80800624999995,639.125,89.19386312500001,13.702500000000002,9.7,8.140000000000002,24.300000000000008,12.83875,7.8812500000000005,26.065245624999996
2026-09-12T23:00:00.000Z,MCT2408041,15.224628,74.171389,31.25,414.33671874999993,638.25,88.96355000000003,13.550000000000002,9.7,8.090000000000002,22.578750000000003,11.220624999999998,7.936875,26.045804375
2026-09-12T23:10:00.000Z,MCT2408041,15.224628,74.171389,31.3125,403.0432625,663.875,88.84529500000002,13.572500000000002,9.7,8.190000000000001,24.45187500000001,12.889375,7.954375,25.97609375
2026-09-12T23:20:00.000Z,MCT2408041,15.224628,74.171389,31.375,399.35185625,676.8125,89.108986875,13.691874999999998,9.7,8.190000000000001,24.046875000000004,12.484374999999998,7.886875000000001,25.876886874999997
2026-09-12T23:27:38.084Z,MCT2408041,15.224628,74.171389,31.307692307692307,411.8413615384615,655.3076923076923,89.34865230769229,13.581538461538461,9.700000000000001,8.090000000000002,23.61461538461539,12.254615384615382,7.935384615384615,25.789436923076927
2026-09-12T22:30:00.000Z,MCT2408024,15.148056,74.131667,41,216.2476333333333,789,81.05011833333332,17.858725,5.772006,7.656666666666667,23.154999999999998,12.49,2.6050000000000004,27.02089666666667
2026-09-12T22:40:00.000Z,MCT2408024,15.148056,74.131667,44.4,217.392725,763.3,80.9926465,20.7822,24.4574321,6.890999999999998,22.390000000000008,12.490000000000004,2.623,26.975674500000007
2026-09-12T22:50:00.000Z,MCT2408024,15.148056,74.131667,41.56,217.73402000000002,756.64,80.74957440000001,18.301976400000004,6.079365360000002,7.031600000000001,22.709600000000005,12.670000000000005,2.6180000000000003,26.976423600000004
2026-09-12T23:00:00.000Z,MCT2408024,15.148056,74.131667,41.208333333333336,217.89601666666667,721.1666666666666,81.17918250000002,18.034209583333336,5.772006000000001,7.406666666666667,23.490000000000006,13.073333333333338,2.6166666666666667,26.86448958333335
2026-09-12T23:10:00.000Z,MCT2408024,15.148056,74.131667,41.04,216.47051199999999,813.6,81.30285480000003,17.9052432,6.233766480000002,7.310000000000001,23.309600000000003,12.990000000000004,2.5944,26.87217600000001
2026-09-12T23:20:00.000Z,MCT2408024,15.148056,74.131667,41.28,216.51066799999992,716.12,81.23693560000001,18.0665648,6.002886240000001,8.430000000000001,26.344800000000006,14.469600000000005,2.6159999999999997,26.875179200000005
2026-09-12T23:27:38.142Z,MCT2408024,15.148056,74.131667,41.31578947368421,216.22947894736836,791.2631578947369,81.1497694736842,18.10200315789474,5.772006000000001,12.937368421052634,40.29210526315791,21.61157894736843,2.615263157894737,26.825213684210524
2026-09-12T22:30:00.000Z,MCT2408045,15.619444,73.878889,28,178.12,772.25,86.2412875,10.7375,16.9625,8.432500000000001,28.52,14.842499999999998,2.53,26.2737175
2026-09-12T22:40:00.000Z,MCT2408045,15.619444,73.878889,28.1875,178.11999999999995,764.375,86.381954375,10.8675,16.790625,8.683750000000002,29.268125,15.125625000000003,2.5300000000000002,26.215399375
2026-09-12T22:50:00.000Z,MCT2408045,15.619444,73.878889,28.0625,178.11999999999995,775.0625,86.426775,10.935625,16.792500000000004,8.558125,28.947499999999998,15.020625,2.5300000000000002,26.19194000000001
2026-09-12T23:00:00.000Z,MCT2408045,15.619444,73.878889,28.8125,178.11999999999995,766.9375,86.428683125,10.744375000000003,16.672500000000003,8.997500000000002,30.408125000000002,15.656875000000005,2.5300000000000002,26.184565625
2026-09-12T23:10:00.000Z,MCT2408045,15.619444,73.878889,28.9375,178.11999999999995,743.75,86.523100625,10.736875000000001,16.394375,9.21625,31.085,16.044375000000006,2.5300000000000002,26.164458124999996
2026-09-12T23:20:00.000Z,MCT2408045,15.619444,73.878889,29.5625,178.11999999999995,747.6875,86.53454500000002,11.139375000000003,16.536875000000006,9.563125,32.403124999999996,16.715000000000003,2.5300000000000002,26.112836875
2026-09-12T23:27:38.259Z,MCT2408045,15.619444,73.878889,29,178.11999999999998,748.75,86.59541666666668,11.045,16.76333333333333,9.143333333333334,31.179999999999996,16.25583333333334,2.5300000000000002,26.068149166666668
2026-09-12T22:30:00.000Z,MCT2408022,15.475833,74.038889,43,150,518.75,90.012115,3.6725,11.235439999999999,15.75,48.25,25.5,4.2737099999999995,26.624962499999995
2026-09-12T22:40:00.000Z,MCT2408022,15.475833,74.038889,42.4375,150,517,90.01164062499998,3.8225,11.277108750000002,15.375,47.4375,25.125,4.2744565,26.61892875
2026-09-12T22:50:00.000Z,MCT2408022,15.475833,74.038889,42.125,150,505.75,90.06790625000001,3.82125,11.340675625,14.9375,46.75,25,4.246018,26.580049374999994
2026-09-12T23:00:00.000Z,MCT2408022,15.475833,74.038889,40.5,150,505.625,90.083163125,3.8006250000000006,11.233057500000001,14.25,43.4375,22.8125,4.276023437499999,26.5324575
2026-09-12T23:10:00.000Z,MCT2408022,15.475833,74.038889,39.875,150,500.75,90.03262,3.8168750000000005,11.140939375000002,13.9375,42.125,21.9375,4.260453812500001,26.48486625
2026-09-12T23:20:00.000Z,MCT2408022,15.475833,74.038889,38.666666666666664,150,502.26666666666665,90.119182,4.353333333333333,10.973359999999998,13.133333333333333,39.93333333333333,20.933333333333334,4.267738733333333,26.357372
2026-09-12T23:27:38.260Z,MCT2408022,15.475833,74.038889,38.38461538461539,150,508.38461538461536,90.2348323076923,4.3053846153846145,11.135310769230768,13,39.15384615384615,20.384615384615383,4.281177923076923,26.217617692307694
2026-09-12T22:30:00.000Z,MCT2408032,15.525556,73.828611,36.666666666666664,178.93000000000004,580.5,87.28969333333333,15.581666666666665,19.191666666666666,12.104999999999999,39.82333333333334,22.650000000000002,2.3883333333333336,27.465990000000005
2026-09-12T22:40:00.000Z,MCT2408032,15.525556,73.828611,35.36,178.92999999999995,584.52,87.54766919999999,14.749200000000004,19.327999999999996,11.221999999999998,37.3204,21.4032,2.2159999999999997,27.395132400000012
2026-09-12T22:50:00.000Z,MCT2408032,15.525556,73.828611,35.72,178.92999999999995,571.08,87.85101439999998,14.378800000000007,18.8164,11.963600000000001,39.6528,22.479599999999994,2.2248,27.377113200000007
2026-09-12T23:00:00.000Z,MCT2408032,15.525556,73.828611,35.32,178.92999999999995,569.8,88.0103156,14.819600000000003,19.2076,10.7104,36.0116,20.610799999999998,2.2492000000000005,27.277586799999995
2026-09-12T23:10:00.000Z,MCT2408032,15.525556,73.828611,35.32,178.92999999999995,582.28,88.10095319999999,14.604800000000004,19.2516,10.367199999999995,35.2148,20.384399999999996,2.290799999999999,27.21194599999999
2026-09-12T23:20:00.000Z,MCT2408032,15.525556,73.828611,38.2,178.92999999999995,588,88.2834472,14.848400000000005,19.090799999999998,13.215600000000002,44.4332,25.481199999999998,2.228,27.15445880000001
2026-09-12T23:27:38.330Z,MCT2408032,15.525556,73.828611,36.89473684210526,178.92999999999995,581.4736842105264,88.46073789473682,15.045789473684211,19.079473684210527,12.667894736842104,41.09736842105264,23.022105263157897,2.2273684210526317,27.128900526315785
2026-09-12T22:30:00.000Z,MCT2408036,15.171567,74.067106,36.25,120,578.25,88.77806000000001,9.7775,7.8725000000000005,4.6075,13.93,7.6,11.1475,26.608874999999998
2026-09-12T22:40:00.000Z,MCT2408036,15.171567,74.067106,35.93333333333333,120,565.1333333333333,88.34916066666665,10.56,7.957999999999999,4.175333333333334,12.527333333333331,6.856666666666667,10.912,26.729892000000003
2026-09-12T22:50:00.000Z,MCT2408036,15.171567,74.067106,36,120,568.0625,88.46287124999998,10.149375,7.924374999999999,4.3425,12.695624999999998,6.841875000000002,10.995000000000001,26.712104375
2026-09-12T23:00:00.000Z,MCT2408036,15.171567,74.067106,36.13333333333333,120,566.2,88.40053266666669,10.186666666666667,7.934666666666668,3.8926666666666665,11.684666666666667,6.418666666666667,11.062666666666667,26.694139333333332
2026-09-12T23:10:00.000Z,MCT2408036,15.171567,74.067106,36.3125,120,575.5625,88.854354375,10.578124999999998,8.109375,4.07875,12.188124999999998,6.68125,11.193125,26.506986875
2026-09-12T23:20:00.000Z,MCT2408036,15.171567,74.067106,36.1875,120,579.5625,88.67506312500001,10.35875,8.20375,4.210625,12.346875,6.618125,11.086875000000003,26.475480624999996
2026-09-12T23:27:38.332Z,MCT2408036,15.171567,74.067106,36,120,579,88.42901499999999,10.328333333333333,8.1,4.165833333333334,12.535833333333334,6.881666666666667,11.064999999999998,26.539162500000003
2026-09-12T22:30:00.000Z,MCT2408031,15.290833,74.149167,26,140,522.75,87.4772475,6.790012500000001,8.3201775,9.285,25,14.0475,5.3149999999999995,25.49078
2026-09-12T22:40:00.000Z,MCT2408031,15.290833,74.149167,26.625,140,528.3125,87.47200312500001,7.1184806875,8.4560489375,9.55375,26.088124999999998,14.880625,4.762499999999999,25.453244374999997
2026-09-12T22:50:00.000Z,MCT2408031,15.290833,74.149167,25.8125,140,514.8125,87.49346125000002,7.087600312500001,7.561029187500001,9.284374999999999,24.782500000000006,13.781250000000002,4.896875,25.451904999999996
2026-09-12T23:00:00.000Z,MCT2408031,15.290833,74.149167,25.375,140,590.8125,87.47915687499999,7.0522328750000005,8.648752,8.987499999999999,24.075000000000003,13.452500000000002,4.72625,25.49480375
2026-09-12T23:10:00.000Z,MCT2408031,15.290833,74.149167,26.6875,140,537.5625,87.469141875,6.9090476875,9.052310875,10.059374999999998,26.713124999999998,14.791875000000003,4.83,25.496145
2026-09-12T23:20:00.000Z,MCT2408031,15.290833,74.149167,26.8125,140,502.375,87.459604375,6.7108318124999995,9.006565875,9.82125,26.361249999999995,14.732500000000002,4.7475,25.498156875
2026-09-12T23:27:38.391Z,MCT2408031,15.290833,74.149167,26.916666666666668,140,482.0833333333333,87.48424166666666,6.9958825000000004,8.6588205,10.200000000000001,26.84916666666666,14.722500000000002,4.833333333333333,25.499719999999996
2026-09-12T22:30:00.000Z,MCT2408035,15.236111,74.125,46,190,800.6666666666666,89.01648,18.36247333333333,7.816666666666666,4.56,14.593333333333334,8.173333333333334,3.83,26.431016666666665
2026-09-12T22:40:00.000Z,MCT2408035,15.236111,74.125,45.5625,190,812.5625,89.02315624999997,18.0385025,8.311874999999999,4.48875,14.1725,7.73625,3.8299999999999987,26.376945624999994
2026-09-12T22:50:00.000Z,MCT2408035,15.236111,74.125,45.4375,190,822.3125,89.60060499999997,17.8059875,8.393124999999998,4.393750000000001,13.749375000000006,7.475625000000001,3.8299999999999987,26.207354375
2026-09-12T23:00:00.000Z,MCT2408035,15.236111,74.125,45.5,190,835.625,89.252990625,17.892599374999996,8.43375,4.2749999999999995,13.443125000000004,7.334375000000001,3.8299999999999987,26.221430625000004
2026-09-12T23:10:00.000Z,MCT2408035,15.236111,74.125,45.4375,190,835.6875,89.31211999999998,17.786223749999998,8.304375,4.06125,12.995000000000005,7.2631250000000005,3.8299999999999987,26.17719
2026-09-12T23:20:00.000Z,MCT2408035,15.236111,74.125,45.9375,190,844.4375,89.39890187499999,18.144878124999998,8.300624999999998,4.1325,13.325625000000004,7.428750000000001,3.8299999999999987,26.17719
2026-09-12T23:27:38.517Z,MCT2408035,15.236111,74.125,46.38461538461539,190,842.7692307692307,89.48715230769231,18.548246923076928,8.134615384615385,4.092307692307692,12.772307692307693,6.908461538461539,3.8299999999999987,26.17719
2026-09-12T22:30:00.000Z,MCT2408039,15.163611,74.110833,29,316.78333333333336,552,86.50132333333333,11.193333333333333,10.3,9.02,28.94,11.76,2.3,26.187920000000002
2026-09-12T22:40:00.000Z,MCT2408039,15.163611,74.110833,29.4375,320.559375,595.5625,86.56839812500003,12.545625,10.3,9.019999999999998,28.94,11.759999999999998,2.3,26.17183
2026-09-12T22:50:00.000Z,MCT2408039,15.163611,74.110833,29.75,319.18625000000003,592,86.65661187500004,13.158749999999998,10.3,9.019999999999998,28.94,11.759999999999998,2.3,26.146355000000003
2026-09-12T23:00:00.000Z,MCT2408039,15.163611,74.110833,29.1875,318.94,596.625,86.80777124999997,11.993749999999997,10.3,9.019999999999998,28.94,11.759999999999998,2.3,26.015641250000005
2026-09-12T23:10:00.000Z,MCT2408039,15.163611,74.110833,29,318.253125,594.1875,87.02520562499998,11.6375,10.3,9.019999999999998,28.94,11.759999999999998,2.3,25.947270624999998
2026-09-12T23:20:00.000Z,MCT2408039,15.163611,74.110833,29.75,310.91749999999996,611.125,87.06669249999999,12.834999999999999,10.3,9.019999999999998,28.94,11.759999999999998,2.3,25.9305125
2026-09-12T23:27:38.517Z,MCT2408039,15.163611,74.110833,29,310.3708333333333,614.5833333333334,87.13138416666668,11.9325,10.299999999999999,9.019999999999998,28.94,11.76,2.3000000000000003,25.880462499999997
2026-09-12T22:30:00.000Z,MCT2408026,15.2467,74.198281,117,125,669,86.60254,13.236434,12.5,9.453999999999999,30.365999999999996,16.392,50.45,26.586888
2026-09-12T22:40:00.000Z,MCT2408026,15.2467,74.198281,117,125,675.625,86.61385583333333,13.100774583333333,12.5,9.334166666666667,29.77833333333334,16.152083333333337,50.4125,26.56508041666667
2026-09-12T22:50:00.000Z,MCT2408026,15.2467,74.198281,117,125,686.32,86.8228776,13.5531652,12.5,9.074,29.5552,16.354800000000004,50.438,26.4577588
2026-09-12T23:00:00.000Z,MCT2408026,15.2467,74.198281,117,125,678.5,86.72321124999998,13.142294166666668,12.5,11.144999999999998,35.339999999999996,18.96541666666667,50.46250000000001,26.46095791666667
2026-09-12T23:10:00.000Z,MCT2408026,15.2467,74.198281,117,125,672.5833333333334,86.82843416666667,13.131123333333335,12.5,9.688749999999997,31.99541666666667,17.800416666666667,50.45000000000001,26.458723333333328
2026-09-12T23:20:00.000Z,MCT2408026,15.2467,74.198281,117,125,680.2,86.3825064,13.179263600000004,12.5,8.847599999999998,28.278,15.389199999999999,50.528,26.573589600000002
2026-09-12T23:27:38.576Z,MCT2408026,15.2467,74.198281,117,125,670.6666666666666,86.08636722222221,13.121680555555557,12.5,9.083333333333334,28.959999999999997,15.857222222222227,50.475,26.622281111111114
2026-09-12T22:30:00.000Z,MCT2408038,15.188889,74.055556,21.5,342.34000000000003,601.5,88.03228999999999,9.3475,13.33,5.95,17.1475,8.82,4.6425,26.84215
2026-09-12T22:40:00.000Z,MCT2408038,15.188889,74.055556,21.6875,351.889375,630.75,88.01369187499999,9.336875,13.330000000000005,5.950000000000002,16.900000000000002,8.001874999999998,4.708125,26.789862499999998
2026-09-12T22:50:00.000Z,MCT2408038,15.188889,74.055556,21.4375,363.4099999999999,625.5625,88.062805,9.21125,13.330000000000005,5.980000000000001,17.023750000000003,8.276874999999999,4.710625,26.682608125
2026-09-12T23:00:00.000Z,MCT2408038,15.188889,74.055556,25.25,246.02437499999994,621.9375,88.14338999999998,9.18625,13.330000000000005,9.522499999999999,26.900624999999994,13.2275,4.686875,26.677245624999998
2026-09-12T23:10:00.000Z,MCT2408038,15.188889,74.055556,21.25,330.9075,631,88.12288624999998,9.066874999999998,13.330000000000005,5.950000000000002,16.900000000000002,8.077499999999999,4.693125,26.657135624999995
2026-09-12T23:20:00.000Z,MCT2408038,15.188889,74.055556,21.1875,350.27375,619.75,88.16484812499999,8.9025,13.330000000000005,6.210000000000001,17.458750000000002,8.379999999999999,4.705625,26.653784375
2026-09-12T23:27:38.576Z,MCT2408038,15.188889,74.055556,21.166666666666668,347.64916666666664,639,88.29486666666666,9.079999999999998,13.330000000000004,5.9700000000000015,16.982500000000005,8.214999999999998,4.716666666666666,26.609766666666662
2026-09-13T00:30:00.000Z,MCT2408028,15.186944,74.096667,44,474.40599999999995,594,91.154236,19.386000000000003,11.916,8.790000000000001,28.24,15.707999999999998,2.4859999999999998,25.003862000000005
2026-09-13T00:40:00.000Z,MCT2408028,15.186944,74.096667,43.4,474.17680000000007,577.64,91.15454119999998,18.841599999999996,11.7024,10.270000000000003,31.7396,16.977999999999998,1.8476000000000001,25.0304608
2026-09-13T00:50:00.000Z,MCT2408028,15.186944,74.096667,43.4,470.0568,572.64,91.2137436,18.835199999999997,11.6996,9.950000000000003,31.143200000000007,16.899200000000004,1.9935999999999998,25.040327999999995
2026-09-13T01:00:00.000Z,MCT2408028,15.186944,74.096667,43.666666666666664,467.02624999999995,570.375,91.2417170833333,19.082499999999996,11.708333333333334,10.865000000000002,33.227916666666665,17.686249999999994,1.9304166666666667,25.064012083333335
2026-09-13T01:10:00.000Z,MCT2408028,15.186944,74.096667,43.28,464.6744000000001,577.48,91.08587640000002,18.706799999999998,11.7024,9.870000000000003,31.1036,17.018399999999996,1.6383999999999999,25.11068759999999
2026-09-13T01:20:00.000Z,MCT2408028,15.186944,74.096667,43.32,463.6688,572.56,91.03094519999996,18.746399999999998,11.842399999999998,9.750000000000004,30.625599999999995,16.621599999999994,1.7468000000000001,25.164313599999993
2026-09-13T01:28:07.266Z,MCT2408028,15.186944,74.096667,43.3,464.34700000000004,558.55,91.04361050000003,18.738499999999995,11.826999999999998,10.890000000000002,33.361000000000004,17.6955,1.9369999999999998,25.277890499999994
2026-09-13T00:30:00.000Z,MCT2408020,15.543475,74.039433,39,180,839.6666666666666,88.14673,9.166320333333333,19.13181333333333,12.68,38.21,19.83,3.66,26.72417
2026-09-13T00:40:00.000Z,MCT2408020,15.543475,74.039433,36.6875,180,839.375,88.161988125,9.1838330625,19.467383124999998,11.304375,34.65625,18.299374999999998,3.6599999999999984,26.730874375
2026-09-13T00:50:00.000Z,MCT2408020,15.543475,74.039433,36,180,841.875,88.16484874999998,9.348731250000002,19.39534875,11.188125,33.959375,17.718124999999997,3.6599999999999984,26.707411875000002
2026-09-13T01:00:00.000Z,MCT2408020,15.543475,74.039433,37.6875,180,843.8125,87.79625249999998,9.1904653125,19.244296874999996,12.407499999999999,37.22,19.229374999999997,3.6599999999999984,26.785841250000008
2026-09-13T01:10:00.000Z,MCT2408020,15.543475,74.039433,39.8125,180,838.375,87.92642750000002,9.064321125000001,19.2961325,13.856250000000001,41.471875000000004,21.31875,3.6599999999999984,26.76506
2026-09-13T01:20:00.000Z,MCT2408020,15.543475,74.039433,50.375,180,831.625,87.914984375,9.0687425625,19.333413125000003,20.351875000000003,61.85875,32.239374999999995,3.6599999999999984,26.828741874999995
2026-09-13T01:28:07.280Z,MCT2408020,15.543475,74.039433,55.15384615384615,180,836.7692307692307,87.5979992307692,9.000608692307692,19.36750461538461,23.406153846153845,71.26,37.53153846153846,3.659999999999999,26.98404769230769
2026-09-13T00:30:00.000Z,MCT2408055,15.585833,73.885556,38.333333333333336,71.51333333333334,783.3333333333334,89.52256333333332,9.166666666666666,5.723333333333334,16.313333333333333,47.15,26.13,1.5233333333333334,25.844710000000003
2026-09-13T00:40:00.000Z,MCT2408055,15.585833,73.885556,37.375,69.97125,788.25,89.52669624999999,9.303125,6.525,15.643749999999997,45.31125,24.965000000000007,1.4362500000000002,25.807174999999994
2026-09-13T00:50:00.000Z,MCT2408055,15.585833,73.885556,36.0625,71.015,784.3125,89.695494375,9.3675,6.139999999999999,15.078124999999998,42.805,23.133750000000003,1.4731249999999998,25.762935624999994
2026-09-13T01:00:00.000Z,MCT2408055,15.585833,73.885556,36.625,71.511875,802.25,89.72505937499999,9.39625,6.460000000000001,15.555625,44.036874999999995,23.68625,1.4918750000000003,25.706627499999996
2026-09-13T01:10:00.000Z,MCT2408055,15.585833,73.885556,38.3125,72.03562500000001,806.8125,89.74270187499998,9.259375,6.595000000000001,16.604999999999997,47.40937499999999,25.986250000000005,1.45875,25.676465
2026-09-13T01:20:00.000Z,MCT2408055,15.585833,73.885556,36.4375,75.38624999999999,816.75,89.692635625,9.373124999999998,6.709999999999999,15.251249999999999,43.503750000000004,23.560000000000006,1.6087500000000001,25.731430625
2026-09-13T01:28:07.318Z,MCT2408055,15.585833,73.885556,37.15384615384615,73.13384615384616,796.8461538461538,89.69960615384616,9.262307692307692,6.303846153846153,15.649999999999999,44.98923076923076,24.592307692307692,1.583076923076923,25.846363076923073
2026-09-13T00:30:00.000Z,MCT2408056,15.579167,73.920833,50,180,669.6666666666666,89.85825333333332,6.763333333333333,9.39593,17.516666666666666,54.339999999999996,30.61666666666667,1.5599999999999998,25.83399
2026-09-13T00:40:00.000Z,MCT2408056,15.579167,73.920833,52.1875,180,653.4375,90.20952687499998,7.190625000000001,12.976525374999998,19.23875,58.119375000000005,32.2175,1.7093749999999999,25.833989999999993
2026-09-13T00:50:00.000Z,MCT2408056,15.579167,73.920833,52.5,180,643.4375,90.26626812499998,6.773125,9.5297828125,19.4725,58.688125,32.275000000000006,1.5699999999999998,25.831978125
2026-09-13T01:00:00.000Z,MCT2408056,15.579167,73.920833,52.8125,180,650,90.23336812500001,6.8168750000000005,10.330398187499998,19.763749999999995,59.199375,32.334375,1.5825,25.779691249999996
2026-09-13T01:10:00.000Z,MCT2408056,15.579167,73.920833,52.4375,180,662,89.96347875,6.815625,9.370598625,19.589374999999997,58.6875,32.158750000000005,1.5599999999999998,25.833989999999993
2026-09-13T01:20:00.000Z,MCT2408056,15.579167,73.920833,53.3125,180,668.3125,89.99018125,6.744375,9.7507334375,20.174374999999998,60.166875,32.8025,1.5818749999999997,25.888281874999997
2026-09-13T01:28:07.317Z,MCT2408056,15.579167,73.920833,53.07692307692308,180,677.3846153846154,89.82813000000002,6.8076923076923075,9.423979692307693,20.13769230769231,59.61923076923077,32.297692307692316,1.56,26.091388461538468
2026-09-13T00:30:00.000Z,MCT2408057,15.272222,74.104722,30,339.514,534.6,80.89575199999999,12.456,8.745999999999999,6.556,19.79,10.628,2.6100000000000003,28.867046
2026-09-13T00:40:00.000Z,MCT2408057,15.272222,74.104722,30,339.8988,538.4,81.5402828,12.563600000000001,8.839599999999995,6.772000000000003,19.609200000000005,10.162800000000002,2.5164,28.706595199999995
2026-09-13T00:50:00.000Z,MCT2408057,15.272222,74.104722,30,331.2236000000001,546.48,81.72888160000002,12.5244,8.7316,6.8896000000000015,20.60560000000001,11.048000000000002,2.33,28.686432399999994
2026-09-13T01:00:00.000Z,MCT2408057,15.272222,74.104722,31.92,319.3451999999999,552.92,81.70996040000001,12.5932,8.773599999999998,11.608800000000004,33.33720000000001,17.157999999999998,2.3192000000000004,28.709598400000004
2026-09-13T01:10:00.000Z,MCT2408057,15.272222,74.104722,30.04,319.58279999999996,555.28,81.85522520000002,12.5336,8.7464,10.418799999999997,30.600399999999993,16.094400000000004,2.2771999999999997,28.729332400000004
2026-09-13T01:20:00.000Z,MCT2408057,15.272222,74.104722,30.16,318.18079999999986,552.16,82.29498279999999,12.4924,8.71,11.180399999999993,32.50000000000001,16.9136,2.3112000000000004,28.650397200000008
2026-09-13T01:28:07.318Z,MCT2408057,15.272222,74.104722,30.1,321.1500000000001,538.25,82.97590600000004,12.5165,8.7305,10.876999999999995,31.35300000000001,16.187499999999996,2.4059999999999997,28.4535945
2026-09-13T00:30:00.000Z,MCT2408053,15.263333,74.110833,39.666666666666664,215,675,93.40083666666665,15.643333333333333,27.97,8.873333333333333,32.083333333333336,21.80666666666667,10.776666666666666,25.937663333333337
2026-09-13T00:40:00.000Z,MCT2408053,15.263333,74.110833,40.0625,198.16019375,707.375,93.29942937499999,14.609375,28.723124999999992,9.525625,31.78125,20.162500000000005,10.69625,25.943249999999995
2026-09-13T00:50:00.000Z,MCT2408053,15.263333,74.110833,40.125,196.67159374999997,720.5,93.28655624999998,14.051249999999998,28.88749999999999,11.134374999999999,37.433749999999996,23.6875,11.037499999999998,25.978104374999997
2026-09-13T01:00:00.000Z,MCT2408053,15.263333,74.110833,40.875,194.7606875,720.3125,93.22933375000001,13.183124999999999,28.483749999999993,11.191874999999998,37.798125,24.040625,11.19125,25.970060625000002
2026-09-13T01:10:00.000Z,MCT2408053,15.263333,74.110833,40.6875,193.22422499999996,713.125,93.19881687499998,14.7125,29.696249999999996,11.47875,38.040625,23.828750000000003,11.097499999999998,25.980785625000003
2026-09-13T01:20:00.000Z,MCT2408053,15.263333,74.110833,39.75,204.2250625,734,93.071505,13.395,29.381249999999994,9.295,31.90374999999999,20.656875000000003,10.86875,25.991511875
2026-09-13T01:28:07.479Z,MCT2408053,15.263333,74.110833,40.30769230769231,182.9279230769231,689.9230769230769,92.94737692307694,13.634615384615383,28.725384615384613,10.31230769230769,34.776923076923076,22.212307692307693,11.063846153846157,26.072413076923073
2026-09-13T00:30:00.000Z,MCT2408052,15.444425,74.063856,47,160,875.6666666666666,88.06788999999999,3.5852633333333337,8,13.270000000000001,36.43666666666667,16.796666666666667,2,26.559716666666663
2026-09-13T00:40:00.000Z,MCT2408052,15.444425,74.063856,49.5,160,874.875,88.04849750000001,3.618728187500001,8,15.782499999999999,42.21875000000001,18.8775,2,26.594796874999997
2026-09-13T00:50:00.000Z,MCT2408052,15.444425,74.063856,50.6875,160,840.5,88.091413125,3.6107018125000003,8,16.84875,44.48187500000001,19.61125,2,26.60954375
2026-09-13T01:00:00.000Z,MCT2408052,15.444425,74.063856,48.75,160,855.375,88.27452125,3.673596625,8,15.03,40.300625000000004,18.144375,2,26.613565625000007
2026-09-13T01:10:00.000Z,MCT2408052,15.444425,74.063856,48.4375,160,845.3125,88.55537937500003,3.6933772500000006,8,14.905,39.89124999999999,17.8625,2,26.645070625000006
2026-09-13T01:20:00.000Z,MCT2408052,15.444425,74.063856,48.375,160,852.0625,88.65694625000003,3.649517812500001,8,14.843124999999997,39.870625000000004,17.971249999999998,2,26.69199375
2026-09-13T01:28:07.491Z,MCT2408052,15.444425,74.063856,49.53846153846154,160,838.4615384615385,88.56282461538461,3.576842307692308,8,15.592307692307692,41.83076923076923,18.746153846153845,2,26.75717230769231
2026-09-13T00:30:00.000Z,MCT2408051,15.486528,74.033889,51.333333333333336,307.17,741,95.88547666666666,21.69333333333333,5.19,7.046666666666667,22.996666666666666,12.86,4.39,26.105686666666667
2026-09-13T00:40:00.000Z,MCT2408051,15.486528,74.033889,51.5,301.89624999999995,741.3125,96.302074375,21.790625000000006,5.1899999999999995,7.306250000000001,23.54,13.029999999999996,4.39,25.9868175
2026-09-13T00:50:00.000Z,MCT2408051,15.486528,74.033889,51.3125,300.39812499999994,762.0625,97.02972874999999,21.664375,5.1899999999999995,7.11125,22.996875000000003,12.874374999999999,4.39,25.782373125
2026-09-13T01:00:00.000Z,MCT2408051,15.486528,74.033889,51.8125,298.799375,794,97.42788624999999,21.971875,5.1899999999999995,7.188749999999999,22.72375,12.484375,5.265,25.660376250000006
2026-09-13T01:10:00.000Z,MCT2408051,15.486528,74.033889,52.125,297.4643749999999,799.6875,97.56998624999999,22.1625,5.1899999999999995,6.878749999999999,22.219375,12.329374999999999,4.403124999999999,25.622162500000005
2026-09-13T01:20:00.000Z,MCT2408051,15.486528,74.033889,52.1875,299.19624999999996,802.5,97.75738374999999,22.199375,5.1899999999999995,6.84,21.791875,12.056874999999998,4.39,25.608086875
2026-09-13T01:28:07.539Z,MCT2408051,15.486528,74.033889,52.15384615384615,297.4215384615385,779.7692307692307,97.88535692307694,22.183846153846154,5.1899999999999995,7.699230769230767,23.808461538461543,12.733076923076924,4.39,25.612880769230774
2026-09-13T00:30:00.000Z,MCT2408021,15.500556,74.053333,49,375,545.3333333333334,87.63810333333333,20.94,14.60481,4.6033333333333335,14.056666666666667,8.89,4.233333333333333,26.674116666666666
2026-09-13T00:40:00.000Z,MCT2408021,15.500556,74.053333,49.266666666666666,375,547.4666666666667,87.81510399999999,21.048,14.388531333333336,4.413333333333332,13.709333333333332,8.730666666666666,4.244,26.601902
2026-09-13T00:50:00.000Z,MCT2408021,15.500556,74.053333,49.3125,375,546.375,87.80483562500001,21.092499999999998,14.506281249999999,5.50375,16.875000000000004,10.625625000000001,4.264375000000001,26.565303125
2026-09-13T01:00:00.000Z,MCT2408021,15.500556,74.053333,49.375,375,545.75,87.98984875,21.161875,14.443460625,4.404999999999999,13.778125000000001,8.840625,4.26625,26.504975625
2026-09-13T01:10:00.000Z,MCT2408021,15.500556,74.053333,49.1875,375,545.3125,87.92976750000001,20.98375,14.4882925,4.525,13.858749999999999,8.721250000000001,4.2281249999999995,26.506986875000006
2026-09-13T01:20:00.000Z,MCT2408021,15.500556,74.053333,49.3125,375,540.0625,87.97029874999998,21.13375,14.518564374999995,4.553125,14.184999999999997,9.108749999999999,4.248125,26.581390625
2026-09-13T01:28:07.539Z,MCT2408021,15.500556,74.053333,49.46153846153846,375,550,88.14790307692307,21.23692307692308,14.447693076923077,4.652307692307692,13.879999999999999,8.608461538461539,4.245384615384615,26.596293846153852
2026-09-13T00:30:00.000Z,MCT2408050,15.553611,73.958333,41.333333333333336,86.03000000000002,645.3333333333334,93.03717,11.050000000000002,4.07,16.11666666666667,49.81,26.083333333333332,2.5,25.68384
2026-09-13T00:40:00.000Z,MCT2408050,15.553611,73.958333,40.8125,86.02999999999999,661.9375,93.11918437500003,11.256875,4.37,16.012500000000003,48.57437500000001,25.1925,2.7118750000000005,25.68383999999999
2026-09-13T00:50:00.000Z,MCT2408050,15.553611,73.958333,41.3125,86.02999999999999,671.1875,93.22599750000002,11.11375,4.4475,16.116250000000004,49.538125,25.833125000000003,2.8431249999999997,25.69188374999999
2026-09-13T01:00:00.000Z,MCT2408050,15.553611,73.958333,41.75,86.02999999999999,630.75,93.06482875000002,11.195000000000002,4.2775,16.275000000000002,50.23625,26.258125,2.6400000000000006,25.810528124999998
2026-09-13T01:10:00.000Z,MCT2408050,15.553611,73.958333,42.125,86.02999999999999,640.4375,93.214555,11.050625000000002,4.25125,16.486250000000005,51.255625000000016,26.951249999999998,2.5818749999999997,25.838009375000002
2026-09-13T01:20:00.000Z,MCT2408050,15.553611,73.958333,41.75,86.02999999999999,623.375,93.57456625000002,10.93125,4.3012500000000005,16.381250000000005,50.34375,26.259375,2.66625,25.774330625
2026-09-13T01:28:07.695Z,MCT2408050,15.553611,73.958333,40.30769230769231,86.02999999999999,632.7692307692307,93.48026384615385,11.092307692307692,4.1376923076923084,15.27,47.29692307692308,24.98769230769231,2.3992307692307695,25.83398846153846
2026-09-13T00:30:00.000Z,MCT2408034,15.356389,74.123611,30.8,180,568.2,77.27789399999999,6.15,4.819999999999999,7.653999999999999,24.572,13.502,1.582,29.969587999999998
2026-09-13T00:40:00.000Z,MCT2408034,15.356389,74.123611,30.625,180.0009,568.2083333333334,77.16675958333333,6.150000000000002,4.27625,7.782916666666665,25.048749999999995,13.710833333333333,1.4429166666666664,29.950192500000004
2026-09-13T00:50:00.000Z,MCT2408034,15.356389,74.123611,31,180.0728,568.84,77.29223599999999,6.150000000000002,4.6284,8.236399999999998,25.585200000000004,13.613599999999998,1.2511999999999999,29.908235599999998
2026-09-13T01:00:00.000Z,MCT2408034,15.356389,74.123611,32.44,180,562.2,77.38989199999999,6.150000000000002,4.6972,9.1876,28.8852,15.4164,1.2731999999999999,29.887644400000013
2026-09-13T01:10:00.000Z,MCT2408034,15.356389,74.123611,35.791666666666664,199.26935833333334,559.0416666666666,77.32602250000001,6.150000000000002,5.030833333333334,11.735000000000001,35.8325,18.555833333333332,1.2266666666666663,29.893434583333335
2026-09-13T01:20:00.000Z,MCT2408034,15.356389,74.123611,35.12,180,561.92,77.1130972,6.150000000000002,4.4563999999999995,11.2304,34.924400000000006,18.3788,1.1892,29.969587200000007
2026-09-13T01:28:07.701Z,MCT2408034,15.356389,74.123611,32.9,180,579.85,77.097838,6.150000000000002,4.428499999999999,9.617499999999998,30.760999999999996,16.503999999999998,1.3104999999999998,29.995862999999996
2026-09-13T00:30:00.000Z,MCT2408030,15.142519,74.075003,29,163,614.6666666666666,82.34839,9.003333333333334,6.2,9.37,26.156666666666666,13.886666666666668,4.8500000000000005,26.44532
2026-09-13T00:40:00.000Z,MCT2408030,15.142519,74.075003,28.625,163,616.375,82.31024000000004,8.904375,6.200000000000002,9.370000000000001,25.493125,13.194375,4.57375,26.409791249999994
2026-09-13T00:50:00.000Z,MCT2408030,15.142519,74.075003,28.125,163,614.5,82.30356437500004,8.86875,6.200000000000002,9.370000000000001,24.810624999999995,12.486875000000001,4.425625,26.346110624999998
2026-09-13T01:00:00.000Z,MCT2408030,15.142519,74.075003,28.1875,163,617.0625,82.36221875,8.76,6.200000000000002,9.370000000000001,24.981249999999996,12.664375000000001,4.47,26.289134374999996
2026-09-13T01:10:00.000Z,MCT2408030,15.142519,74.075003,28,163,621.3125,82.37509125000001,8.8175,6.200000000000002,9.370000000000001,24.639999999999993,12.31,4.657500000000001,26.27774062500001
2026-09-13T01:20:00.000Z,MCT2408030,15.142519,74.075003,28.4375,163,621.6875,82.50860499999999,8.803125,6.200000000000002,9.370000000000001,25.095,12.780625,4.5024999999999995,26.29449687499999
2026-09-13T01:28:07.747Z,MCT2408030,15.142519,74.075003,34.84615384615385,163,623,82.5719876923077,8.890000000000002,6.200000000000002,13.120769230769232,37.76,20.244615384615386,4.328461538461538,26.31744230769231
2026-09-13T00:40:00.000Z,MCT2408029,15.333611,74.206944,17,120,878,93.716185,5.050000000000001,7.21,5.88,17.340000000000003,9.41,3.5,24.954525
2026-09-13T00:50:00.000Z,MCT2408029,15.333611,74.206944,18.1875,120,873.125,93.15447249999998,3.87125,8.153125,6.69125,20.231875,10.956875,4.01,25.143558750000004
2026-09-13T01:00:00.000Z,MCT2408029,15.333611,74.206944,17.933333333333334,120,878.4666666666667,92.45784533333332,4.772666666666667,7.5680000000000005,6.745333333333334,19.921333333333333,10.628666666666668,3.801333333333333,25.332768666666666
2026-09-13T01:10:00.000Z,MCT2408029,15.333611,74.206944,19.125,120,882.6875,92.34766187499999,4.269375,8.663124999999999,7.833124999999999,23.1575,12.278749999999999,3.66,25.358062499999996
2026-09-13T01:20:00.000Z,MCT2408029,15.333611,74.206944,19.133333333333333,120,884.6,92.32763666666665,4.036,9.327333333333332,7.807333333333335,23.276,12.391333333333334,3.55,25.42857733333334
2026-09-13T01:28:07.751Z,MCT2408029,15.333611,74.206944,19.90909090909091,120,882.5454545454545,92.15077363636364,5.702727272727273,8.426363636363636,8.024545454545455,24.277272727272727,13.100909090909092,3.6972727272727273,25.559032727272726
2026-09-13T00:30:00.000Z,MCT2408043,15.221111,74.087222,44,179.99,722.5,87.315125,14.215,10.46,13.295,41.2,21.78,5.29,25.98414
2026-09-13T00:40:00.000Z,MCT2408043,15.221111,74.087222,44.625,169.196875,687.4375,87.31226375000001,14.258124999999996,10.397499999999997,14.166875,43.12937500000001,22.42,5.290000000000001,25.98816
2026-09-13T00:50:00.000Z,MCT2408043,15.221111,74.087222,41.5,165.56875,666.3125,87.16015,14.241249999999996,10.400624999999998,12.030625000000002,36.773750000000014,19.2175,5.290000000000001,26.057871249999998
2026-09-13T01:00:00.000Z,MCT2408043,15.221111,74.087222,43.625,175.231875,672.8125,86.98229124999999,14.229999999999997,10.310625,13.533750000000001,41.1175,21.299375,5.290000000000001,26.110155625000004
2026-09-13T01:10:00.000Z,MCT2408043,15.221111,74.087222,45.8,164.59199999999998,688.5333333333333,86.98858733333331,14.233999999999998,10.393333333333333,15.028,45.66133333333334,23.486666666666668,5.290000000000001,26.119988000000003
2026-09-13T01:20:00.000Z,MCT2408043,15.221111,74.087222,43.25,166.81687499999998,702.75,86.96512750000001,14.229999999999997,10.391875,13.45375,40.555625,20.979374999999997,5.290000000000001,26.197301250000002
2026-09-13T01:28:07.915Z,MCT2408043,15.221111,74.087222,51.53846153846154,138.92384615384614,710.4615384615385,86.91018000000001,14.269999999999998,10.422307692307696,19.775384615384617,57.73846153846154,28.67615384615385,5.29,26.26381923076923
2026-09-13T00:30:00.000Z,MCT2408027,15.275556,74.1075,42.333333333333336,1189.52,688.3333333333334,90.58051,6.580000000000001,12.839999999999998,12.49,38.443333333333335,20.75,2.9500000000000006,26.402419999999996
2026-09-13T00:40:00.000Z,MCT2408027,15.275556,74.1075,43.3125,1188.6793749999997,678.25,90.62485,6.579999999999999,12.73875,12.819375,40.35375,21.924375,2.9500000000000006,26.382978125000005
2026-09-13T00:50:00.000Z,MCT2408027,15.275556,74.1075,41.5,1185.3743749999999,693.5625,90.589564375,6.579999999999999,12.768124999999998,12.017500000000002,36.963750000000005,19.823749999999997,2.9500000000000006,26.418505000000003
2026-09-13T01:00:00.000Z,MCT2408027,15.275556,74.1075,45.4375,1181.85,681.625,90.56095687499997,6.579999999999999,12.714375,14.608125,44.665625,23.593125,2.9500000000000006,26.494920625000006
2026-09-13T01:10:00.000Z,MCT2408027,15.275556,74.1075,47.375,1181.0512499999998,682.125,90.60577687499999,6.579999999999999,12.775624999999998,15.409374999999999,48.42375000000001,26.246874999999996,2.9500000000000006,26.552566875
2026-09-13T01:20:00.000Z,MCT2408027,15.275556,74.1075,47.875,1182.5993749999998,647.1875,90.70973124999998,6.579999999999999,12.839375,16.27375,49.902499999999996,26.681250000000006,2.9500000000000006,26.624961875000004
2026-09-13T01:28:07.915Z,MCT2408027,15.275556,74.1075,45.53846153846154,1189.896923076923,639.3846153846154,90.70609999999998,6.579999999999999,12.616153846153846,15.325384615384612,46.25461538461538,24.323846153846155,2.95,26.699418461538468
2026-09-13T00:30:00.000Z,MCT2408023,15.499722,74.020833,45.333333333333336,205.82666666666668,533,92.69130666666666,8.073333333333332,18.19,11.829999999999998,41.79333333333333,28.51666666666667,3.813333333333333,25.251256666666666
2026-09-13T00:40:00.000Z,MCT2408023,15.499722,74.020833,46.75,199.58124999999998,530.3125,92.70577187499997,8.23125,18.352499999999996,13.386874999999998,45.513124999999995,30.178125000000005,3.8850000000000007,25.209251249999998
2026-09-13T00:50:00.000Z,MCT2408023,15.499722,74.020833,47.125,199.434375,532.8125,92.72865999999999,8.031875,19.270625000000003,12.672499999999998,44.723124999999996,30.631249999999994,4.3531249999999995,25.232043124999993
2026-09-13T01:00:00.000Z,MCT2408023,15.499722,74.020833,45.125,195.97812499999998,533.4375,92.73247187499997,8.214375,18.841874999999998,13.464999999999996,43.771249999999995,28.093750000000004,4.13125,25.264216874999995
2026-09-13T01:10:00.000Z,MCT2408023,15.499722,74.020833,46.5625,174.49687500000002,543.75,92.64044062499998,7.959999999999998,18.832500000000003,14.654374999999998,47.019375,29.724999999999998,3.8568750000000005,25.2769525
2026-09-13T01:20:00.000Z,MCT2408023,15.499722,74.020833,47.375,171.96687500000004,546.6875,92.62184187499996,8.07875,18.37375,14.733125,47.966874999999995,30.812499999999996,3.751875,25.259525
2026-09-13T01:28:07.913Z,MCT2408023,15.499722,74.020833,46.76923076923077,181.07000000000002,547.3846153846154,92.61109615384615,7.5200000000000005,19.866923076923076,14.33153846153846,46.95615384615385,30.115384615384617,4.300000000000001,25.339807692307694
2026-09-13T00:30:00.000Z,MCT2408049,15.475278,74.055833,56.666666666666664,150.52273333333332,534,87.18541999999998,24.253333333333334,16.473333333333333,6.900000000000001,19.406666666666666,9.463333333333333,2.61,27.08882
2026-09-13T00:40:00.000Z,MCT2408049,15.475278,74.055833,56.4375,150.464575,536.1875,87.23310750000002,24.040625000000006,13.277500000000002,7.044375000000002,20.30250000000001,10.210625,2.61,27.0901625
2026-09-13T00:50:00.000Z,MCT2408049,15.475278,74.055833,56.8125,150.4672125,521.625,87.11437625,24.316875,13.401875,6.948125000000002,20.01375,10.02,2.61,27.078766875000003
2026-09-13T01:00:00.000Z,MCT2408049,15.475278,74.055833,56.75,150.28876875,520.625,87.10150312500001,24.302500000000002,13.313749999999999,6.900000000000002,19.438125000000007,9.495625000000002,2.61,27.05999875
2026-09-13T01:10:00.000Z,MCT2408049,15.475278,74.055833,56.5,150,525.125,87.255998125,24.201874999999998,13.91,6.900000000000002,19.535000000000004,9.590000000000002,2.61,26.99765874999999
2026-09-13T01:20:00.000Z,MCT2408049,15.475278,74.055833,56.625,150,525.4375,87.38569875000002,24.158125000000002,13.71875,7.810625000000002,22.119999999999997,10.980624999999998,2.61,27.027154375
2026-09-13T01:28:07.961Z,MCT2408049,15.475278,74.055833,56.53846153846154,151.85707692307693,529.7692307692307,87.11030384615384,24.114615384615384,13.879230769230766,8.667692307692308,24.57230769230769,12.159230769230769,2.61,27.156471538461542
2026-09-13T00:30:00.000Z,MCT2408040,15.528056,74.020833,18.666666666666668,100,570.6666666666666,88.59940333333334,7.713333333333334,4.786666666666666,3.07,8.42,3.8033333333333332,3.5,26.516816666666667
2026-09-13T00:40:00.000Z,MCT2408040,15.528056,74.020833,18.625,100,572.9375,88.76566249999998,7.823125000000001,4.760625,3.07,8.42,3.7362499999999987,3.5,26.458724374999992
2026-09-13T00:50:00.000Z,MCT2408040,15.528056,74.020833,18.75,100,559.6875,88.93017187500001,7.7825000000000015,4.74875,3.07,8.42,3.731249999999999,3.5,26.43660375000001
2026-09-13T01:00:00.000Z,MCT2408040,15.528056,74.020833,18.875,100,539.625,89.07131562499998,7.9231250000000015,4.726875000000001,3.07,8.42,3.7362499999999987,3.5,26.425877500000006
2026-09-13T01:10:00.000Z,MCT2408040,15.528056,74.020833,18.5,100,547.875,89.11136812499998,7.6137500000000005,4.742499999999999,3.07,8.42,3.7324999999999986,3.5,26.40912
2026-09-13T01:20:00.000Z,MCT2408040,15.528056,74.020833,18.75,100,567,89.082756875,7.809375,4.796875,3.07,8.42,3.7337499999999992,3.5,26.433921875000003
2026-09-13T01:28:07.962Z,MCT2408040,15.528056,74.020833,18.692307692307693,100,561.1538461538462,89.06871153846153,7.7638461538461545,4.748461538461538,3.07,8.500769230769233,3.836153846153846,3.5,26.493992307692313
2026-09-13T00:30:00.000Z,MCT2408044,15.313669,74.140042,24.666666666666668,214.29,638.6666666666666,95.39211,10.936666666666667,3.32,4.786666666666666,13.833333333333334,8.469999999999999,3.4499999999999997,24.52552
2026-09-13T00:40:00.000Z,MCT2408044,15.313669,74.140042,24.3125,214.29,618.625,95.50241999999997,10.834375,3.416875,5.099375,13.8125,8.076249999999998,2.9752404374999997,24.540940624999998
2026-09-13T00:50:00.000Z,MCT2408044,15.313669,74.140042,24.1875,214.29,596.125,95.64785374999997,10.728750000000002,3.3525,5.207500000000001,14.1875,8.34625,3.1586538125,24.574459374999996
2026-09-13T01:00:00.000Z,MCT2408044,15.313669,74.140042,24.533333333333335,214.29,585.1333333333333,95.67541599999998,10.875333333333336,3.3953333333333333,5.902000000000001,15.9,9.334,3.0641025333333336,24.609182666666666
2026-09-13T01:10:00.000Z,MCT2408044,15.313669,74.140042,24.3125,214.29,577.0625,95.72605374999998,10.728124999999999,3.42875,5.783124999999999,16.03125,9.561250000000001,3.16362175,24.733324375
2026-09-13T01:20:00.000Z,MCT2408044,15.313669,74.140042,24.25,214.29,619.0625,95.49192937499998,10.756875,3.4493750000000003,5.13625,14.3125,8.616250000000003,3.45705125,24.689084375
2026-09-13T01:28:08.135Z,MCT2408044,15.313669,74.140042,24.076923076923077,214.29,634.6923076923077,95.43808230769233,10.65846153846154,3.446923076923077,4.8184615384615395,13.846153846153847,8.566923076923077,3.149802769230769,24.743326923076925
2026-09-13T00:30:00.000Z,MCT2408046,15.529167,74.07,31,95.52,528.4,86.085266,13.524000000000001,0.716,7.08,20.666,9.92,3.6799999999999997,27.181058
2026-09-13T00:40:00.000Z,MCT2408046,15.529167,74.07,31.08,95.52,531.76,86.08496040000001,13.538800000000002,0.6847999999999999,7.461200000000002,22.219999999999995,10.8392,3.6212,27.21881119999999
2026-09-13T00:50:00.000Z,MCT2408046,15.529167,74.07,31.12,95.52,516.04,86.04589919999998,13.582399999999998,0.6691999999999999,6.928,20.532400000000006,10.0896,3.6176000000000013,27.206369600000002
2026-09-13T01:00:00.000Z,MCT2408046,15.529167,74.07,31.04,95.52,507.4,86.11547919999997,13.520800000000003,0.7444,7.663200000000001,22.88600000000001,11.202399999999997,3.6144,27.147596399999998
2026-09-13T01:10:00.000Z,MCT2408046,15.529167,74.07,31.08,95.52,506.76,86.12890599999997,13.4952,0.7236,6.775599999999998,20.043999999999997,9.823200000000002,3.6732,27.138157199999995
2026-09-13T01:20:00.000Z,MCT2408046,15.529167,74.07,31,95.52,505.72,86.2433464,13.4028,0.6515999999999998,8.470399999999996,25.240399999999994,12.242800000000003,3.5992,27.12056759999999
2026-09-13T01:28:08.138Z,MCT2408046,15.529167,74.07,31.1,95.52,500.25,86.41027900000002,13.491,0.6465,6.794500000000001,20.276500000000006,9.949499999999999,3.481499999999999,27.138157000000007
2026-09-13T00:30:00.000Z,MCT2408037,15.394444,74.118333,29,160,569,85.51713333333333,10.43,14.493333333333334,7.68,28.349999999999998,14.99,3.8800000000000003,26.584743333333336
2026-09-13T00:40:00.000Z,MCT2408037,15.394444,74.118333,30.5,160,572.1875,85.53747999999997,10.546249999999999,14.469999999999997,8.45625,30.8175,16.068125000000002,3.7774999999999994,26.54921562499999
2026-09-13T00:50:00.000Z,MCT2408037,15.394444,74.118333,30.5,160,569.875,85.548443125,10.608125,14.437499999999996,8.64,30.868749999999995,15.880625000000004,3.803125,26.494250625
2026-09-13T01:00:00.000Z,MCT2408037,15.394444,74.118333,32.5625,160,565.6875,85.632841875,10.629375000000001,14.455000000000002,9.569374999999999,35.110625000000006,18.224375000000002,3.8168749999999996,26.4540325
2026-09-13T01:10:00.000Z,MCT2408037,15.394444,74.118333,31.4375,160,559.75,85.71247375000002,10.359374999999996,14.468125,9.151875,33.01625,17.005625000000002,3.6475,26.460064375
2026-09-13T01:20:00.000Z,MCT2408037,15.394444,74.118333,33.25,160,537.4375,85.79401375,10.433750000000002,14.516874999999999,10.593125,36.49187499999999,18.083750000000002,3.46875,26.561951875
2026-09-13T01:28:08.139Z,MCT2408037,15.394444,74.118333,72.53846153846153,160,516.8461538461538,85.78337846153846,10.364615384615385,14.566923076923077,33.16384615384615,114.9846153846154,57.426153846153845,3.4384615384615387,26.731596153846155
2026-09-13T00:30:00.000Z,MCT2408041,15.224628,74.171389,31.333333333333332,276.89093333333335,666.6666666666666,89.62428666666666,13.583333333333334,9.7,8.09,23.22,11.86,7.576666666666667,25.81254
2026-09-13T00:40:00.000Z,MCT2408041,15.224628,74.171389,31.4375,385.57728125000006,657.6875,89.63446,13.636875,9.7,8.090000000000002,23.287500000000005,11.927499999999998,7.942500000000001,25.822591875
2026-09-13T00:50:00.000Z,MCT2408041,15.224628,74.171389,31.5,383.30591875000005,670.8125,89.47948750000002,13.742500000000001,9.7,8.895000000000001,26.476875000000003,13.749374999999999,7.808749999999999,25.864151874999997
2026-09-13T01:00:00.000Z,MCT2408041,15.224628,74.171389,33.75,322.28740625,664.6875,89.54004812499997,13.776250000000003,9.7,11.573750000000004,34.425,17.793124999999996,7.934374999999999,25.908390625000006
2026-09-13T01:10:00.000Z,MCT2408041,15.224628,74.171389,31.8125,389.16760625000006,666.375,89.424175625,13.808749999999998,9.7,9.200625000000002,25.211250000000003,12.132500000000002,7.873749999999999,25.892303749999996
2026-09-13T01:20:00.000Z,MCT2408041,15.224628,74.171389,31.25,401.90853124999995,660.75,89.44801749999999,13.5925,9.7,8.090000000000002,21.060000000000002,9.706875000000002,7.85625,25.911742499999995
2026-09-13T01:28:08.178Z,MCT2408041,15.224628,74.171389,31.153846153846153,394.93806923076926,670.6153846153846,89.15380923076924,13.676153846153843,9.700000000000001,8.090000000000002,22.306153846153848,10.94846153846154,7.993076923076924,25.962690000000006
2026-09-13T00:30:00.000Z,MCT2408042,15.213889,74.071667,61,252.01333333333332,533.3333333333334,89.66498,26.070000000000004,13.406666666666666,13.043333333333335,38.60666666666666,19.736666666666665,3.8066666666666666,26.423870000000004
2026-09-13T00:40:00.000Z,MCT2408042,15.213889,74.071667,60.875,229.22750000000002,545.3125,89.59631250000001,25.99,13.315624999999999,12.910625000000001,37.620625000000004,18.959999999999997,3.6399999999999997,26.410461249999997
2026-09-13T00:50:00.000Z,MCT2408042,15.213889,74.071667,61.375,206.799375,533.8125,89.67833250000002,26.31,13.31,11.033749999999998,32.31875000000001,16.400000000000002,3.610625,26.36756125000001
2026-09-13T01:00:00.000Z,MCT2408042,15.213889,74.071667,61,195.4,522.375,89.71027937500003,26.03,13.4925,10.464999999999998,30.78,15.717500000000005,3.590625,26.36219999999999
2026-09-13T01:10:00.000Z,MCT2408042,15.213889,74.071667,60.8125,233.62750000000003,531.8125,89.72315250000001,25.95,13.27125,10.294375,29.751875000000005,14.921250000000002,3.571875,26.391021875000003
2026-09-13T01:20:00.000Z,MCT2408042,15.213889,74.071667,60.625,220.08625,533.5,89.82090375,25.79,13.377500000000001,10.464999999999998,30.838125,15.774375,3.711874999999999,26.480173125000004
2026-09-13T01:28:08.178Z,MCT2408042,15.213889,74.071667,60.38461538461539,204.16307692307691,526.7692307692307,89.70077923076921,25.67615384615385,13.839230769230769,11.41,33.81461538461538,17.169999999999998,3.48923076923077,26.652391538461533
2026-09-13T00:30:00.000Z,MCT2408045,15.619444,73.878889,31,178.12,709.6666666666666,87.00995,9.956666666666667,17.233333333333334,10.07,33.65,16.963333333333335,2.53,25.894763333333334
2026-09-13T00:40:00.000Z,MCT2408045,15.619444,73.878889,30.6875,178.11999999999995,686.625,87.02234625000003,10.976875000000001,16.455624999999998,9.972499999999998,33.47187499999999,17.103125000000002,2.5300000000000002,25.9305125
2026-09-13T00:50:00.000Z,MCT2408045,15.619444,73.878889,31.625,178.11999999999995,676.875,87.08147437500003,10.815625000000002,16.379375,10.413124999999997,35.110625,17.880000000000003,2.5300000000000002,25.985476875000003
2026-09-13T01:00:00.000Z,MCT2408045,15.619444,73.878889,33.375,178.11999999999995,657.75,87.159675625,10.95125,16.573125,11.545625000000005,38.779999999999994,19.8275,2.5300000000000002,26.010279374999996
2026-09-13T01:10:00.000Z,MCT2408045,15.619444,73.878889,33.3125,178.11999999999995,620.625,87.135358125,10.617500000000001,16.57,11.609375000000002,38.78,19.758125000000007,2.5300000000000002,26.059882499999997
2026-09-13T01:20:00.000Z,MCT2408045,15.619444,73.878889,35.375,178.11999999999995,623.75,87.13011250000001,10.700000000000001,16.455,12.773124999999999,42.66562499999999,21.699999999999996,2.5300000000000002,26.08535375
2026-09-13T01:28:08.361Z,MCT2408045,15.619444,73.878889,34.46153846153846,178.11999999999995,721.5384615384615,87.12849769230769,10.508461538461539,16.46153846153846,12.195384615384615,40.79923076923076,20.746923076923075,2.5300000000000002,26.14584
2026-09-13T00:30:00.000Z,MCT2408033,15.346944,74.007778,25.333333333333332,110,566.3333333333334,90.00575666666667,7.599999999999999,4.1466666666666665,10.3,27.01,16.863333333333333,4.39,26.198643333333337
2026-09-13T00:40:00.000Z,MCT2408033,15.346944,74.007778,25.375,110,555.75,90.10605250000002,7.911875,4.39375,11.2125,28.751875,17.318125,4.39,26.15037625
2026-09-13T00:50:00.000Z,MCT2408033,15.346944,74.007778,26.25,110,572.875,90.00257937499997,8.165,4.595625,11.70625,30.095625000000005,18.199375000000003,4.39,26.16982
2026-09-13T01:00:00.000Z,MCT2408033,15.346944,74.007778,27.5,110,565.3125,89.96538624999998,7.915625000000001,4.438750000000001,12.576875000000003,32.500625,19.741875,4.39,26.169146874999996
2026-09-13T01:10:00.000Z,MCT2408033,15.346944,74.007778,25.8125,110,551.3125,90.09412875,7.709999999999999,4.203125000000001,11.364375,29.199999999999996,17.61125,4.39,26.194621249999994
2026-09-13T01:20:00.000Z,MCT2408033,15.346944,74.007778,25.3125,110,578.625,90.17710187499998,7.958749999999998,4.3306249999999995,10.8725,28.206250000000004,17.244375,4.39,26.284443124999996
2026-09-13T01:28:08.360Z,MCT2408033,15.346944,74.007778,26.153846153846153,110,576.3846153846154,90.28589384615384,7.839999999999999,4.0953846153846145,11.235384615384616,29.38923076923077,18.14461538461538,4.39,26.35539307692308
2026-09-13T00:30:00.000Z,MCT2408024,15.148056,74.131667,42,213.7808,630.6666666666666,81.52186999999999,17.79002,5.772006,16.986666666666665,52.63666666666666,28.313333333333333,2.6233333333333335,26.69199
2026-09-13T00:40:00.000Z,MCT2408024,15.148056,74.131667,43,213.3591363636364,720.8181818181819,81.39402181818181,18.19943318181819,6.165551863636366,17.03272727272727,54.058181818181836,29.522727272727284,2.616818181818182,26.683216363636358
2026-09-13T00:50:00.000Z,MCT2408024,15.148056,74.131667,45.1764705882353,216.37428235294118,738.1764705882352,81.13935352941175,21.458630588235298,27.24556517647059,10.813529411764707,33.86176470588236,18.45823529411765,2.666470588235294,26.65792647058824
2026-09-13T01:00:00.000Z,MCT2408024,15.148056,74.131667,41.333333333333336,215.66608333333338,802.8333333333334,81.07555083333332,18.061518749999998,5.851671583333335,9.323333333333336,28.73083333333334,15.531666666666672,2.62375,26.59099958333333
2026-09-13T01:10:00.000Z,MCT2408024,15.148056,74.131667,41.08,215.61673999999996,799.28,81.193298,17.8696824,5.772006000000001,10.150000000000004,31.460000000000008,16.868000000000006,2.6112,26.523824800000003
2026-09-13T01:20:00.000Z,MCT2408024,15.148056,74.131667,41.24,214.99164399999998,729.72,80.99035720000002,18.0526588,5.972006000000001,10.790000000000004,33.900000000000006,18.425200000000004,2.6212,26.6212084
2026-09-13T01:28:08.361Z,MCT2408024,15.148056,74.131667,41.1,216.058315,816.75,81.023926,17.985087500000002,6.782107049999999,9.740000000000002,29.680000000000007,15.940000000000003,2.6094999999999997,26.680195999999988
2026-09-13T00:30:00.000Z,MCT2408022,15.475833,74.038889,39.666666666666664,150,501.3333333333333,90.74072333333334,3.4299999999999997,11.304886666666667,14,41.666666666666664,21.666666666666668,4.228367666666666,26.145013333333335
2026-09-13T00:40:00.000Z,MCT2408022,15.475833,74.038889,38.9375,150,508.625,90.8146325,3.7487500000000002,11.324109374999999,13.5,40.375,20.8125,4.2517055625,26.124904375000003
2026-09-13T00:50:00.000Z,MCT2408022,15.475833,74.038889,40.0625,150,514.125,90.83275312500001,3.856875,11.332391249999999,14.1875,42.6875,22.125,4.276300000000001,26.120881875000006
2026-09-13T01:00:00.000Z,MCT2408022,15.475833,74.038889,38.2,150,519.3333333333334,90.71071533333335,3.8259999999999996,11.195515333333333,13,38.8,19.933333333333334,4.2975322,26.13357133333334
2026-09-13T01:10:00.000Z,MCT2408022,15.475833,74.038889,37.4375,150,516,90.67730375000002,3.90375,11.211973125,12.5625,37.25,19.25,4.2598268125,26.128925000000006
2026-09-13T01:20:00.000Z,MCT2408022,15.475833,74.038889,37.0625,150,515.5,90.75836437500001,3.9187499999999997,11.21329,11.9375,35.6875,18.625,4.2499818125,26.16445375
2026-09-13T01:28:08.399Z,MCT2408022,15.475833,74.038889,38.15384615384615,150,512.6923076923077,90.74600384615384,3.7446153846153853,11.199723076923076,12.692307692307692,37.92307692307692,19.53846153846154,4.270853384615384,26.25639307692308
2026-09-13T00:30:00.000Z,MCT2408032,15.525556,73.828611,43.5,178.93,554,88.78569,15.120000000000001,19.205000000000002,17.445,56.1825,31.142500000000002,2.04,27.23093
2026-09-13T00:40:00.000Z,MCT2408032,15.525556,73.828611,46.24,178.92999999999995,579.56,88.74701079999998,14.888000000000003,19.788799999999995,19.2496,61.3288,33.465999999999994,2.019199999999999,27.271150399999993
2026-09-13T00:50:00.000Z,MCT2408032,15.525556,73.828611,47,178.92999999999995,575.32,89.01464879999997,14.820800000000006,19.458,19.535200000000003,62.92199999999999,34.54279999999999,1.8008000000000002,27.312335200000017
2026-09-13T01:00:00.000Z,MCT2408032,15.525556,73.828611,48.52,178.92999999999995,596.16,88.62829719999999,14.4068,19.6352,20.5592,65.93719999999999,36.1844,1.7127999999999997,27.452189200000003
2026-09-13T01:10:00.000Z,MCT2408032,15.525556,73.828611,49.52,178.92999999999995,558,87.74939039999998,14.648800000000001,19.848799999999997,21.0156,68.21159999999999,37.71280000000001,1.8544,27.746057599999993
2026-09-13T01:20:00.000Z,MCT2408032,15.525556,73.828611,50.76,178.92999999999995,519.72,86.7062976,14.621200000000004,19.611199999999997,22.097199999999997,70.6016,38.675999999999995,1.8971999999999993,27.994452799999998
2026-09-13T01:28:08.398Z,MCT2408032,15.525556,73.828611,57.38095238095238,178.92999999999995,538.7142857142857,86.76871380952383,14.691904761904762,19.73523809523809,26.91809523809524,83.71190476190476,44.7604761904762,1.7104761904761905,28.116900476190477
2026-09-13T00:30:00.000Z,MCT2408031,15.290833,74.149167,25,140,496,87.50331666666666,7.127674333333332,7.816685666666667,8.57,23.043333333333333,12.856666666666667,4.613333333333333,25.458610000000004
2026-09-13T00:40:00.000Z,MCT2408031,15.290833,74.149167,26.1875,140,503.75,87.519689375,6.9685651875,8.63350325,9.433124999999999,25.435000000000002,14.226249999999999,4.758125,25.439166874999998
2026-09-13T00:50:00.000Z,MCT2408031,15.290833,74.149167,26.125,140,506.875,87.56927750000001,6.990471812499998,8.681185687500001,9.43375,25.2175,14.07875,4.8,25.413025624999996
2026-09-13T01:00:00.000Z,MCT2408031,15.290833,74.149167,27.1875,140,520.125,87.57118500000001,7.071896,6.9226104375,10.239374999999999,27.338124999999998,15.178750000000003,4.68,25.38286125000001
2026-09-13T01:10:00.000Z,MCT2408031,15.290833,74.149167,29.5,140,518.3125,87.6002725,6.920264937499999,7.561997312500001,12.052500000000002,31.956250000000004,17.76875,4.538125000000001,25.370125624999996
2026-09-13T01:20:00.000Z,MCT2408031,15.290833,74.149167,33.6875,140,516.5625,87.67037125000003,7.052232812500001,8.1887556875,15.327499999999999,40.7075,22.619374999999998,4.271875,25.417718125
2026-09-13T01:28:08.576Z,MCT2408031,15.290833,74.149167,32,140,503,87.66666461538463,7.023778538461538,8.474255,13.625384615384615,36.12153846153846,20.036153846153844,4.372307692307691,25.547706923076923
2026-09-13T00:30:00.000Z,MCT2408036,15.171567,74.067106,36.333333333333336,120,512.6666666666666,90.81701666666667,9.693333333333333,7.996666666666666,4.5633333333333335,14.856666666666664,8.613333333333332,10.963333333333333,26.413143333333334
2026-09-13T00:40:00.000Z,MCT2408036,15.171567,74.067106,35.666666666666664,120,515.0666666666667,90.18784333333333,9.737333333333334,7.777333333333333,4.983333333333334,15.230666666666668,8.445333333333334,10.808666666666669,26.60047333333334
2026-09-13T00:50:00.000Z,MCT2408036,15.171567,74.067106,36.1875,120,509.5,89.331668125,10.075624999999999,7.871874999999999,5.493124999999999,16.463125,8.89625,11.09875,26.794556874999994
2026-09-13T01:00:00.000Z,MCT2408036,15.171567,74.067106,36.4375,120,517.5,88.90537499999999,10.388124999999999,7.8725000000000005,9.274999999999999,26.24625,13.456875,11.287500000000001,26.889069375
2026-09-13T01:10:00.000Z,MCT2408036,15.171567,74.067106,36.4,120,547.0666666666667,88.80845066666667,10.235333333333335,8.125333333333334,4.668000000000001,13.644,7.227333333333333,11.260666666666669,26.829278666666667
2026-09-13T01:20:00.000Z,MCT2408036,15.171567,74.067106,36.1875,120,557.8125,88.32363500000001,10.132499999999999,7.888750000000001,5.064375,14.626249999999999,7.7575,11.083749999999998,26.952749374999996
2026-09-13T01:28:08.576Z,MCT2408036,15.171567,74.067106,36.5,120,547.1666666666666,88.08632749999998,10.128333333333334,8.129166666666665,5.001666666666668,14.645833333333336,7.7683333333333335,11.33,27.0503925
2026-09-13T00:30:00.000Z,MCT2408035,15.236111,74.125,46,190,820,89.76416,18.30977,8.486666666666666,3.7999999999999994,11.573333333333332,6.293333333333334,3.83,25.99486
2026-09-13T00:40:00.000Z,MCT2408035,15.236111,74.125,46.375,190,829.125,90.12750937499999,18.523296249999998,8.293125,3.871249999999999,11.817499999999997,6.392500000000001,3.8299999999999987,25.895656875
2026-09-13T00:50:00.000Z,MCT2408035,15.236111,74.125,45.375,190,844.625,90.25720937499999,17.815869375,8.422500000000001,3.799999999999999,11.061874999999995,5.7787500000000005,3.8299999999999987,25.865491875000004
2026-09-13T01:00:00.000Z,MCT2408035,15.236111,74.125,45.5,190,840.875,89.99018312499999,17.90248125,8.4225,3.799999999999999,11.131249999999998,5.850625,3.8299999999999987,25.913083125000004
2026-09-13T01:10:00.000Z,MCT2408035,15.236111,74.125,46.4375,190,841.6875,90.08841062499997,18.493650624999997,8.28625,3.799999999999999,11.391874999999999,6.1106250000000015,3.8299999999999987,25.982126875
2026-09-13T01:20:00.000Z,MCT2408035,15.236111,74.125,46.375,190,832.5625,90.04883124999999,18.454123125,8.186250000000001,3.799999999999999,11.013749999999998,5.73125,3.8299999999999987,26.12825625
2026-09-13T01:28:08.575Z,MCT2408035,15.236111,74.125,46.84615384615385,190,825.1538461538462,90.11041692307694,18.858743846153843,8.070769230769232,3.7999999999999994,11.088461538461534,5.806153846153847,3.8299999999999987,26.185439999999996
2026-09-13T00:30:00.000Z,MCT2408038,15.188889,74.055556,21.666666666666668,280.65333333333336,716.3333333333334,88.24082333333332,9.316666666666665,13.33,5.95,16.9,8.05,4.726666666666667,26.541839999999997
2026-09-13T00:40:00.000Z,MCT2408038,15.188889,74.055556,22.0625,313.9475,684.625,88.15102000000002,9.241874999999999,13.330000000000005,7.066249999999999,20.190000000000005,10.126875,4.6875,26.456713749999995
2026-09-13T00:50:00.000Z,MCT2408038,15.188889,74.055556,21.875,309.79375,772.5,88.33984687499998,9.48125,13.330000000000005,6.487500000000001,18.389374999999998,9.033125,4.723749999999999,26.312596250000006
2026-09-13T01:00:00.000Z,MCT2408038,15.188889,74.055556,21.8125,318.68250000000006,827.5625,88.41566375000001,9.549374999999998,13.330000000000005,6.025,17.023750000000003,8.166875,4.731249999999999,26.188585624999998
2026-09-13T01:10:00.000Z,MCT2408038,15.188889,74.055556,21.75,333.50187500000004,784.125,88.64263937500002,9.418124999999998,13.330000000000005,5.965000000000002,16.900000000000002,7.939999999999999,4.733125,26.094068749999998
2026-09-13T01:20:00.000Z,MCT2408038,15.188889,74.055556,24.5,270.1875,668.5625,89.01314312500001,9.041874999999997,13.330000000000005,8.743750000000002,24.603125000000006,11.795625,4.676875,26.132947500000004
2026-09-13T01:28:08.612Z,MCT2408038,15.188889,74.055556,25.53846153846154,233.32999999999996,754.3846153846154,88.78759692307692,9.163846153846151,13.330000000000004,10.100769230769231,28.36769230769231,13.736923076923075,4.703846153846154,26.293518461538458
2026-09-13T00:30:00.000Z,MCT2408039,15.163611,74.110833,29,290.37666666666667,624.3333333333334,87.18797,12.733333333333334,10.3,9.02,28.94,11.76,2.3,25.783936666666666
2026-09-13T00:40:00.000Z,MCT2408039,15.163611,74.110833,29,312.524375,599.5,87.30510999999997,12.32875,10.3,9.019999999999998,28.94,11.759999999999998,2.3,25.75489125000001
2026-09-13T00:50:00.000Z,MCT2408039,15.163611,74.110833,29.533333333333335,315.5326666666667,595.2,87.24188133333332,11.894666666666666,10.3,9.019999999999998,28.94,11.759999999999998,2.3,25.786082666666662
2026-09-13T01:00:00.000Z,MCT2408039,15.163611,74.110833,29.1875,313.99125,610.4375,87.31846187499997,12.214374999999997,10.3,9.019999999999998,28.94,11.759999999999998,2.3,25.755561250000007
2026-09-13T01:10:00.000Z,MCT2408039,15.163611,74.110833,29.3125,283.81812499999995,624.9375,87.36089999999997,12.304375,10.3,9.019999999999998,28.94,11.759999999999998,2.3,25.777011249999994
2026-09-13T01:20:00.000Z,MCT2408039,15.163611,74.110833,29.125,294.49249999999995,606.75,87.43862624999998,12.316874999999998,10.3,9.019999999999998,28.94,11.759999999999998,2.3,25.779021874999994
2026-09-13T01:28:08.612Z,MCT2408039,15.163611,74.110833,29.923076923076923,304.24692307692305,630.6923076923077,87.4536276923077,13.314615384615383,10.299999999999999,9.019999999999998,28.94,11.76,2.3000000000000003,25.848837692307693
2026-09-13T00:30:00.000Z,MCT2408026,15.2467,74.198281,117,125,661.6,87.003846,12.82687,12.5,7.56,23.596,12.922,50.480000000000004,26.338068
2026-09-13T00:40:00.000Z,MCT2408026,15.2467,74.198281,117,125,654.8333333333334,87.26807625000002,13.059257083333334,12.5,6.892916666666667,21.880000000000006,11.853749999999998,50.38750000000002,26.244222499999996
2026-09-13T00:50:00.000Z,MCT2408026,15.2467,74.198281,117,125,699.6666666666666,87.4632616666667,13.066994583333335,12.5,7.286666666666668,23.21041666666666,12.657499999999999,50.56875,26.158867916666665
2026-09-13T01:00:00.000Z,MCT2408026,15.2467,74.198281,117,125,682.4583333333334,86.64310125000003,13.121971666666669,12.5,8.193333333333333,26.475833333333327,14.50291666666667,50.512499999999996,26.365774166666668
2026-09-13T01:10:00.000Z,MCT2408026,15.2467,74.198281,117,125,666.28,86.8271484,13.2361744,12.5,7.9028,25.108,13.654000000000002,50.443999999999996,26.3174748
2026-09-13T01:20:00.000Z,MCT2408026,15.2467,74.198281,117,125,681.2083333333334,86.97752375000003,13.102794166666671,12.5,7.247083333333333,22.68708333333333,12.25583333333333,50.42500000000001,26.320639166666663
2026-09-13T01:28:08.787Z,MCT2408026,15.2467,74.198281,117,125,688.3,86.96760599999999,13.044734499999999,12.5,9.216500000000002,29.641999999999996,16.151000000000003,50.49500000000001,26.4421005
2026-09-13T05:50:00.000Z,MCT2408028,15.186944,74.096667,41,453.33,440.6666666666667,65.51286,16.51,11.746666666666664,5.656666666666666,17.9,9.613333333333333,1.2833333333333334,34.63214333333334
2026-09-13T06:00:00.000Z,MCT2408028,15.186944,74.096667,40.88,447.46799999999996,427.4,65.4535516,16.425199999999997,11.847999999999995,5.389999999999999,17.260800000000007,9.504799999999996,1.6000000000000003,34.6500176
2026-09-13T06:10:00.000Z,MCT2408028,15.186944,74.096667,40.72,466.20399999999995,426.68,64.03173840000001,16.313999999999997,11.979599999999996,5.0699999999999985,15.867600000000007,8.748399999999997,1.506,34.9992244
2026-09-13T06:20:00.000Z,MCT2408028,15.186944,74.096667,41,459.2264,424.8,65.34338319999999,16.579199999999993,11.960399999999995,7.030000000000001,21.9948,12.0888,1.8123999999999998,35.002655999999995
2026-09-13T06:30:00.000Z,MCT2408028,15.186944,74.096667,40.92,487.5507999999999,421.76,63.85473519999999,16.489199999999997,11.981999999999996,5.469999999999999,17.698799999999995,9.981999999999998,2.4072000000000005,35.2124396
2026-09-13T06:40:00.000Z,MCT2408028,15.186944,74.096667,41.12,506.5187999999999,424.56,63.2568976,16.710799999999995,12.007199999999996,5.189999999999999,16.942400000000003,9.584399999999995,2.1328,35.566371999999994
2026-09-13T06:48:52.930Z,MCT2408028,15.186944,74.096667,44.63636363636363,518.9413636363637,420.8636363636364,63.60296500000002,16.80818181818182,11.51545454545454,13.074090909090911,40.3609090909091,21.68909090909091,1.6104545454545454,35.984315
2026-09-13T05:50:00.000Z,MCT2408020,15.543475,74.039433,31,180,759,59.84167,10.1727,21.72053,7.42,22.37,12.08,3.66,37.08461
2026-09-13T06:00:00.000Z,MCT2408020,15.543475,74.039433,30.8125,189.974525,758.125,57.885689375,11.199673125,21.990999374999998,7.0725,22.076874999999998,11.905625,3.6599999999999984,37.32525875
2026-09-13T06:10:00.000Z,MCT2408020,15.543475,74.039433,28.75,180,758,57.06266687499999,10.96286,22.010604375,5.5699999999999985,18.639999999999997,10.22,3.6599999999999984,37.767000624999994
2026-09-13T06:20:00.000Z,MCT2408020,15.543475,74.039433,29.3125,180,752.375,55.6607675,11.402153562499999,21.822867499999994,6.263124999999999,19.688749999999995,10.510625,3.6599999999999984,38.059256874999996
2026-09-13T06:30:00.000Z,MCT2408020,15.543475,74.039433,28.1875,180,760.8125,56.260628125,10.6723366875,21.601710625,5.7425,17.65,9.057500000000001,3.6599999999999984,38.271076875
2026-09-13T06:40:00.000Z,MCT2408020,15.543475,74.039433,28.75,180,758.375,54.261249375,11.380046375000001,21.91896375,5.973749999999999,18.69875,9.813125,3.6599999999999984,38.64713062500001
2026-09-13T06:48:52.929Z,MCT2408020,15.543475,74.039433,27.928571428571427,180,748.5714285714286,53.87984714285714,11.940135714285715,22.53157142857143,5.569999999999999,16.977857142857143,8.559285714285712,3.659999999999999,38.46968499999999
2026-09-13T05:50:00.000Z,MCT2408055,15.585833,73.885556,47,140.24,520,60.45203,7.66,8.379999999999999,4.9,13.815000000000001,7.5,22.85,35.30961
2026-09-13T06:00:00.000Z,MCT2408055,15.585833,73.885556,48.6875,141.231875,467.6875,60.834926874999994,7.740625000000001,9.575000000000001,4.462500000000001,12.994375,7.1168749999999985,22.956250000000004,35.420213125
2026-09-13T06:10:00.000Z,MCT2408055,15.585833,73.885556,47.75,144.941875,490.5,59.90175750000001,7.739374999999998,10.045000000000002,4.375000000000001,12.829374999999999,7.074375,22.115624999999998,35.569695
2026-09-13T06:20:00.000Z,MCT2408055,15.585833,73.885556,47.1875,146.041875,502.9375,60.3356775,7.929375,10.409999999999998,4.3743750000000015,12.993749999999999,7.243125,21.790625,34.90607875
2026-09-13T06:30:00.000Z,MCT2408055,15.585833,73.885556,45.875,130.41,526.5,62.19486624999999,8.008125,9.53125,4.4175,13.116875,7.413124999999999,21.05375,34.817595625
2026-09-13T06:40:00.000Z,MCT2408055,15.585833,73.885556,45.6875,132.313125,554.25,60.94555375000001,7.996875000000001,9.140625,4.15625,12.130625,6.645624999999999,20.951874999999998,35.166161875
2026-09-13T06:48:52.971Z,MCT2408055,15.585833,73.885556,45.714285714285715,132.71499999999997,577.5714285714286,59.344674285714284,7.855000000000001,8.934285714285712,4.15,11.842142857142859,6.378571428571429,20.975,35.77845285714285
2026-09-13T05:50:00.000Z,MCT2408056,15.579167,73.920833,38.5,180,470,66.92175,7.585000000000001,9.589202,9.38,28.685000000000002,16.4,2.09,35.154095
2026-09-13T06:00:00.000Z,MCT2408056,15.579167,73.920833,34.4375,180,467.1875,64.06215999999999,7.798749999999999,12.464055937500003,6.744999999999997,20.83375,11.715000000000002,3.034375,35.777491250000004
2026-09-13T06:10:00.000Z,MCT2408056,15.579167,73.920833,33.666666666666664,180,464.4,62.975320666666676,7.953333333333334,15.372458066666665,6.319333333333332,19.308666666666664,10.809333333333335,3.279333333333333,36.135798
2026-09-13T06:20:00.000Z,MCT2408056,15.579167,73.920833,34.375,180,460.1875,63.55957375,7.76875,16.162706875,6.981250000000001,20.665625,11.480000000000002,2.8874999999999997,36.11399
2026-09-13T06:30:00.000Z,MCT2408056,15.579167,73.920833,33,180,460.3125,62.93730312499999,7.8725,17.230046875,5.806249999999999,17.985625,10.015625000000002,2.7075,36.102596874999996
2026-09-13T06:40:00.000Z,MCT2408056,15.579167,73.920833,32.75,180.65052500000002,469.9375,62.85433125,7.924375,15.884683125000002,5.512499999999999,17.245625,9.663750000000002,2.4349999999999996,35.968533750000006
2026-09-13T06:48:52.970Z,MCT2408056,15.579167,73.920833,31.428571428571427,180.37172857142858,459.2142857142857,60.95393214285714,7.905000000000001,13.12793542857143,4.824285714285714,14.699999999999998,8.3,2.38,36.87854071428571
2026-09-13T05:50:00.000Z,MCT2408057,15.272222,74.104722,30,378.94,450,62.660735,12.705,8.275,4.77,13.285,6.92,4.335,35.497305
2026-09-13T06:00:00.000Z,MCT2408057,15.272222,74.104722,30.28,379.43279999999993,441.24,62.5317988,12.845999999999998,8.081200000000003,4.9815999999999985,14.497999999999998,7.639999999999999,4.8792,35.1897032
2026-09-13T06:10:00.000Z,MCT2408057,15.272222,74.104722,30.08,348.4632,438.48,63.28100560000003,12.7348,8.200400000000002,5.936399999999999,17.211600000000004,9.012,4.6916,34.870951600000005
2026-09-13T06:20:00.000Z,MCT2408057,15.272222,74.104722,29.88,349.5596,434.96,61.52532960000001,12.532,8.300799999999995,4.9828,14.9044,7.97,4.62,35.135649199999996
2026-09-13T06:30:00.000Z,MCT2408057,15.272222,74.104722,30.04,377.22,430.2,59.928039600000005,12.705200000000001,8.257999999999996,3.3631999999999995,10.5628,5.800000000000001,4.189600000000001,35.599404
2026-09-13T06:40:00.000Z,MCT2408057,15.272222,74.104722,30.08,376.92879999999997,429.16,60.11358679999999,12.716,8.196399999999999,3.5543999999999993,11.081600000000003,5.9988,4.2236,35.71652159999999
2026-09-13T06:48:52.970Z,MCT2408057,15.272222,74.104722,30.130434782608695,382.893043478261,425.39130434782606,58.977231304347825,12.827391304347826,8.182173913043478,4.302173913043479,13.00434782608696,7.050434782608695,4.439565217391305,35.87640826086956
2026-09-13T05:50:00.000Z,MCT2408052,15.444425,74.063856,41,160,632,63.21768,4.325263,8,9.195,25.345,11.739999999999998,2,35.13801
2026-09-13T06:00:00.000Z,MCT2408052,15.444425,74.063856,43.1875,160,606,61.861079374999996,4.32789475,8,10.8925,29.138749999999998,13.03125,2,35.440994375
2026-09-13T06:10:00.000Z,MCT2408052,15.444425,74.063856,44.375,160,609.125,61.40188687499999,4.3543859375,8.0279535625,11.810625000000002,31.81125,14.325625,2,35.53014875
2026-09-13T06:20:00.000Z,MCT2408052,15.444425,74.063856,40,160,610.4375,61.138195,4.405701625,8.172204625000001,8.674999999999999,23.555625000000003,10.701875000000001,2,35.286150625
2026-09-13T06:30:00.000Z,MCT2408052,15.444425,74.063856,42.375,160,595.5625,61.56305625000001,4.322280750000001,8.033359625,10.640625,28.879999999999992,13.138125000000004,2,35.304248125
2026-09-13T06:40:00.000Z,MCT2408052,15.444425,74.063856,45.8125,160,613,61.160607500000005,4.308465000000001,8,13.128125,35.776250000000005,16.419375000000002,2,35.43026750000001
2026-09-13T06:48:53.149Z,MCT2408052,15.444425,74.063856,55.642857142857146,160,575,60.42641285714284,4.318646571428571,8,20.714285714285715,55.12357142857143,24.53357142857143,2,35.67656357142857
2026-09-13T05:50:00.000Z,MCT2408053,15.263333,74.110833,47,312.196,460,58.91089,23.35,32.34,4.59,15.56,10.15,16.71,36.63416
2026-09-13T06:00:00.000Z,MCT2408053,15.263333,74.110833,49.625,283.47973749999994,483.875,58.769743749999996,25.21,33.350625,4.935000000000001,16.528750000000006,10.432500000000001,16.840000000000003,36.884859999999996
2026-09-13T06:10:00.000Z,MCT2408053,15.263333,74.110833,50.1875,241.89329999999998,479.375,58.348698125,25.140625,35.828125,5.280000000000001,17.86625,11.28,16.62125,37.08729250000001
2026-09-13T06:20:00.000Z,MCT2408053,15.263333,74.110833,48.875,270.97550624999997,460.625,57.67397375000001,24.01,36.978750000000005,4.877500000000001,16.163125,10.151250000000003,16.42625,37.221358124999995
2026-09-13T06:30:00.000Z,MCT2408053,15.263333,74.110833,52.1875,267.32123125,481.5625,56.975885000000005,27.44625,36.82875,4.590000000000002,14.886875000000002,9.375,14.975,37.28973125
2026-09-13T06:40:00.000Z,MCT2408053,15.263333,74.110833,48.5625,244.81489375,495.6875,57.48037875000001,23.956875,35.448750000000004,4.590000000000002,15.010000000000002,9.5175,14.091874999999998,37.348048125
2026-09-13T06:48:53.147Z,MCT2408053,15.263333,74.110833,50.13333333333333,269.10660666666666,476.2,57.00303133333333,25.613999999999994,37.19666666666667,4.590000000000002,15.102,9.624666666666666,13.027333333333333,37.29268066666666
2026-09-13T05:50:00.000Z,MCT2408043,15.221111,74.087222,36,208.24,485.5,60.24222,13.925,10.55,8.87,28.965,16.009999999999998,5.29,35.502665
2026-09-13T06:00:00.000Z,MCT2408043,15.221111,74.087222,34.0625,237.45000000000002,474.1875,59.937041875000006,13.937499999999996,10.604375,7.202499999999999,24.463749999999997,13.850000000000001,5.290000000000001,35.470491249999995
2026-09-13T06:10:00.000Z,MCT2408043,15.221111,74.087222,34.333333333333336,222.8593333333333,478.3333333333333,59.459188000000005,13.9,10.594000000000001,7.684666666666666,25.491333333333337,14.090000000000002,5.290000000000001,35.514462
2026-09-13T06:20:00.000Z,MCT2408043,15.221111,74.087222,33.875,233.22125000000005,472.8125,58.39590437499999,13.896874999999998,10.529375,7.281875,24.220625000000002,13.450000000000001,5.290000000000001,35.7124725
2026-09-13T06:30:00.000Z,MCT2408043,15.221111,74.087222,33,237.870625,482.125,57.55428750000001,13.883749999999997,10.661249999999999,6.329999999999999,20.196875000000002,11.13,5.290000000000001,35.741295625
2026-09-13T06:40:00.000Z,MCT2408043,15.221111,74.087222,33.5625,240.7725,469.3125,56.732696874999995,13.89125,10.6775,6.8843749999999995,21.645000000000003,11.770625,5.290000000000001,36.07913375
2026-09-13T06:48:53.188Z,MCT2408043,15.221111,74.087222,33.142857142857146,235.62714285714284,465.07142857142856,57.270023571428574,13.898571428571428,10.70785714285714,6.51142857142857,20.59857142857143,11.164285714285715,5.29,36.280998571428576
2026-09-13T05:50:00.000Z,MCT2408021,15.500556,74.053333,44,375,462,57.941955,16.61,10.741515,6.1899999999999995,18.259999999999998,11.19,4.625,36.907650000000004
2026-09-13T06:00:00.000Z,MCT2408021,15.500556,74.053333,44.5,375,453.375,57.77363125,16.888125,10.83917125,4.286875,12.851874999999998,8.036875,4.596875000000001,37.22135875
2026-09-13T06:10:00.000Z,MCT2408021,15.500556,74.053333,43.25,375,448.8125,55.845779375000006,15.88625,10.828902624999998,4.85125,14.23875,8.750625,4.67875,37.520321875
2026-09-13T06:20:00.000Z,MCT2408021,15.500556,74.053333,44.5625,375,450.25,57.054084375,16.88875,11.188184999999999,4.911875000000001,14.483125000000001,8.899375,4.503125,37.282356875000005
2026-09-13T06:30:00.000Z,MCT2408021,15.500556,74.053333,44.06666666666667,375,452.06666666666666,56.108866666666664,16.49,11.219928666666668,3.396666666666667,10.258666666666667,6.379999999999998,4.540666666666667,37.83036666666666
2026-09-13T06:40:00.000Z,MCT2408021,15.500556,74.053333,43.3125,375,445.625,55.700343749999995,15.906875,11.157913750000002,4.258125,12.69,7.857499999999999,4.543125,37.764318124999996
2026-09-13T06:48:53.186Z,MCT2408021,15.500556,74.053333,43.642857142857146,375,432.57142857142856,56.24332571428571,16.237857142857145,11.549996428571427,3.9464285714285707,12.111428571428572,7.6192857142857155,4.465714285714286,37.30524428571429
2026-09-13T05:50:00.000Z,MCT2408050,15.553611,73.958333,29,86.03,465.5,65.66290000000001,12.72,3.83,6.79,21.04,11.485,5.855,34.39262
2026-09-13T06:00:00.000Z,MCT2408050,15.553611,73.958333,29.625,86.02999999999999,438.0625,66.278023125,12.4575,3.6218749999999997,7.473125,23.237499999999997,12.334999999999999,5.7318750000000005,34.291397499999995
2026-09-13T06:10:00.000Z,MCT2408050,15.553611,73.958333,28.5625,86.02999999999999,440.1875,67.299885625,12.319375,3.7243750000000007,6.6825,20.878124999999997,11.325625,5.043125,34.445569375
2026-09-13T06:20:00.000Z,MCT2408050,15.553611,73.958333,28.6875,86.02999999999999,446.8125,66.0715525,12.449999999999998,3.86,6.152500000000001,19.15875,10.263125000000002,4.810625,35.016009374999996
2026-09-13T06:30:00.000Z,MCT2408050,15.553611,73.958333,28.6875,88.0325,440.375,64.250035,12.44,3.8231249999999997,5.727499999999999,17.9775,9.570000000000002,5.213125,35.4899275
2026-09-13T06:40:00.000Z,MCT2408050,15.553611,73.958333,29.125,91.07249999999999,428,61.238331249999995,12.78375,3.684999999999999,5.40875,17.1725,9.091249999999999,5.813750000000001,36.89022249999999
2026-09-13T06:48:53.374Z,MCT2408050,15.553611,73.958333,29.785714285714285,99.08357142857143,405.2142857142857,59.073830714285705,13.362857142857141,3.482142857142857,5.3328571428571445,16.745,8.685714285714287,6.755714285714285,37.41479499999999
2026-09-13T05:50:00.000Z,MCT2408034,15.356389,74.123611,28.5,203.20850000000002,415.5,55.340334999999996,11.775,9.04,7.29,22.98,12.66,1.1600000000000001,38.532505
2026-09-13T06:00:00.000Z,MCT2408034,15.356389,74.123611,29.56,229.303076,421.4,55.3940432,13.694400000000003,9.452,7.983199999999997,24.947599999999998,13.4652,2.7760000000000002,38.4415532
2026-09-13T06:10:00.000Z,MCT2408034,15.356389,74.123611,29.64,209.82902,420.32,56.3538212,12.673200000000001,7.870399999999998,8.019999999999998,25.321199999999994,13.5764,1.604,38.1532616
2026-09-13T06:20:00.000Z,MCT2408034,15.356389,74.123611,28.44,224.82328399999994,419.48,55.0852052,10.270400000000004,7.1112,7.473199999999999,23.108799999999995,12.189999999999998,1.6588,38.5706852
2026-09-13T06:30:00.000Z,MCT2408034,15.356389,74.123611,30.625,211.53286666666668,414,54.203552499999994,10.706666666666663,7.1641666666666675,8.771666666666663,27.35375,14.532499999999999,1.7970833333333334,39.020047500000004
2026-09-13T06:40:00.000Z,MCT2408034,15.356389,74.123611,28.04,214.23884800000005,413.2,53.557496,12.9712,7.8372,6.925999999999998,22.095199999999995,12.038799999999998,2.2432000000000003,39.186303599999995
2026-09-13T06:48:53.375Z,MCT2408034,15.356389,74.123611,31.181818181818183,204.8840454545455,418.6363636363636,54.30446863636364,12.49590909090909,8.295454545454545,8.947272727272725,28.43409090909091,15.344090909090909,1.533181818181818,39.2730209090909
2026-09-13T05:50:00.000Z,MCT2408030,15.142519,74.075003,28,186.1985,414.5,68.88632000000001,7.6850000000000005,6.2,9.37,24.64,12.31,5.33,32.987625
2026-09-13T06:00:00.000Z,MCT2408030,15.142519,74.075003,28,182.22860000000003,415.6666666666667,69.34790066666666,7.640666666666667,6.200000000000002,9.370000000000001,24.639999999999993,12.31,5.9479999999999995,33.11489933333333
2026-09-13T06:10:00.000Z,MCT2408030,15.142519,74.075003,28,186.01529374999998,412.6875,68.678421875,7.8481250000000005,6.200000000000002,9.370000000000001,24.639999999999993,12.31,5.038749999999999,33.435400625
2026-09-13T06:20:00.000Z,MCT2408030,15.142519,74.075003,28,186.91734374999996,409.75,67.384284375,7.695625000000001,6.200000000000002,9.370000000000001,24.639999999999993,12.31,5.52875,33.657275625
2026-09-13T06:30:00.000Z,MCT2408030,15.142519,74.075003,28,178.00359333333333,415,67.57076,7.682000000000001,6.200000000000002,9.370000000000001,24.639999999999993,12.31,5.153333333333333,33.679752
2026-09-13T06:40:00.000Z,MCT2408030,15.142519,74.075003,28,169.29375624999997,415.0625,67.54164187500001,7.933125000000001,6.200000000000002,9.370000000000001,24.696874999999995,12.36875,4.870625000000001,33.8013925
2026-09-13T06:48:53.409Z,MCT2408030,15.142519,74.075003,28.928571428571427,181.2676,413.2142857142857,66.90703928571428,7.526428571428573,6.200000000000002,9.437142857142858,26.39571428571428,13.997857142857145,4.654285714285714,34.02259714285715
2026-09-13T05:50:00.000Z,MCT2408029,15.333611,74.206944,18,120,622,69.23727,9.235,7.14,3.235,9.825,5.29,3.5,35.20236
2026-09-13T06:00:00.000Z,MCT2408029,15.333611,74.206944,17.3125,120,660.8125,68.823379375,8.82125,7.14,3.419375,10.62,5.7700000000000005,3.568125,35.593826875
2026-09-13T06:10:00.000Z,MCT2408029,15.333611,74.206944,18.46153846153846,120,630.6153846153846,67.7392723076923,9.583076923076923,7.14,3.802307692307693,11.469999999999999,6.1523076923076925,3.6276923076923073,35.96342769230769
2026-09-13T06:20:00.000Z,MCT2408029,15.333611,74.206944,15.333333333333334,120,564.3333333333334,66.69032666666665,3.1966666666666668,8.9,3.1366666666666667,10.02,5.683333333333334,5.3,36.351733333333335
2026-09-13T06:40:00.000Z,MCT2408029,15.333611,74.206944,22.428571428571427,120,638.4285714285714,65.40295857142857,13.067857142857145,7.14,3.951428571428571,11.725714285714286,6.259999999999999,3.5442857142857145,36.67782714285715
2026-09-13T06:48:53.419Z,MCT2408029,15.333611,74.206944,48.857142857142854,123.59481428571429,591.1428571428571,63.025312857142865,34.98428571428572,11.53857142857143,4.12,12.301428571428573,6.638571428571429,7.677142857142857,37.39564285714285
2026-09-13T05:50:00.000Z,MCT2408051,15.486528,74.033889,52,213.9,678,75.65741,22.12,5.19,4.98,14.29,7.47,4.39,33.00908
2026-09-13T06:00:00.000Z,MCT2408051,15.486528,74.033889,52.0625,219.96375,680.125,74.17969187500002,22.122499999999995,5.1899999999999995,4.430625,14.449374999999996,8.167499999999999,4.39,33.496398125
2026-09-13T06:10:00.000Z,MCT2408051,15.486528,74.033889,51.0625,208.421875,663.4375,71.978134375,21.41125,5.1899999999999995,4.079375,13.633124999999996,7.7025000000000015,4.39,34.200901875
2026-09-13T06:20:00.000Z,MCT2408051,15.486528,74.033889,50,187.99124999999998,673,71.114104375,20.749999999999996,5.1899999999999995,4.118124999999999,13.321874999999999,7.353749999999999,4.39,34.349044375
2026-09-13T06:30:00.000Z,MCT2408051,15.486528,74.033889,49.875,183.51124999999996,667.6875,70.292038125,20.217499999999994,5.1899999999999995,4.195625,13.554374999999997,7.508125,4.39,34.025279375000004
2026-09-13T06:40:00.000Z,MCT2408051,15.486528,74.033889,50.1875,195.979375,667.375,71.7740475,20.556250000000006,5.1899999999999995,4.31375,14.333749999999998,8.166875000000001,4.39,33.276535624999994
2026-09-13T06:48:53.555Z,MCT2408051,15.486528,74.033889,50.42857142857143,232.29214285714284,668.4285714285714,73.62363214285713,21.029285714285713,5.1899999999999995,4.084999999999999,13.27285714285714,7.3357142857142845,4.39,32.94855642857143
2026-09-13T05:50:00.000Z,MCT2408023,15.499722,74.020833,33.5,195.07,433.5,63.06891,14.45,10.805,6.34,20.895000000000003,13.775,7.8100000000000005,36.328495000000004
2026-09-13T06:00:00.000Z,MCT2408023,15.499722,74.020833,33.5,225.125625,437,61.80242812499999,14.957499999999998,10.483125000000001,6.340000000000002,21.054375,13.956249999999999,7.565624999999999,36.9150225
2026-09-13T06:10:00.000Z,MCT2408023,15.499722,74.020833,33.375,259.803125,435.5625,58.853669375,15.541249999999998,9.458749999999998,6.4975000000000005,21.2925,13.865625000000001,7.863749999999999,37.893018749999996
2026-09-13T06:20:00.000Z,MCT2408023,15.499722,74.020833,32.8,265.50533333333334,428.8666666666667,56.762959333333335,16.596666666666668,7.5293333333333345,6.340000000000002,20.093999999999998,12.856666666666666,8.295333333333334,38.639041999999996
2026-09-13T06:30:00.000Z,MCT2408023,15.499722,74.020833,33.125,293.659375,429.6875,55.92779437499999,17.126875,6.7493750000000015,6.340000000000002,20.421875,13.231250000000001,8.107499999999998,38.84889437499999
2026-09-13T06:40:00.000Z,MCT2408023,15.499722,74.020833,33.4375,293.93375,427.3125,56.8018375,17.276875,6.191875,6.7356250000000015,21.211875,13.503125000000002,7.5625,38.270408125
2026-09-13T06:48:53.589Z,MCT2408023,15.499722,74.020833,33.357142857142854,256.10071428571433,428.42857142857144,58.11906785714285,16.67571428571429,8.204285714285714,6.430000000000001,20.895714285714284,13.567857142857145,6.867857142857143,37.517448571428574
2026-09-13T05:50:00.000Z,MCT2408027,15.275556,74.1075,32.5,1152.625,472.5,65.22802999999999,6.58,12.024999999999999,6.9,21.195,11.364999999999998,2.95,35.04684
2026-09-13T06:00:00.000Z,MCT2408027,15.275556,74.1075,32.875,1154.9537500000001,470.875,64.63436374999999,6.579999999999999,12.703125,7.088125000000001,21.994375000000005,11.92125,2.9500000000000006,34.9349
2026-09-13T06:10:00.000Z,MCT2408027,15.275556,74.1075,33.5,1156.9043749999998,477.25,64.734024375,6.579999999999999,12.746875000000005,7.39625,23.103125000000002,12.598125,2.9500000000000006,34.948975625
2026-09-13T06:20:00.000Z,MCT2408027,15.275556,74.1075,30.4375,1147.9325000000001,497.5625,63.49329437499999,6.579999999999999,12.401875000000002,5.363125000000001,17.12625,9.3875,2.9500000000000006,35.2707325
2026-09-13T06:30:00.000Z,MCT2408027,15.275556,74.1075,30.5625,1154.254375,467.9375,61.986012499999994,6.579999999999999,12.255000000000003,5.9175,18.358750000000004,9.81875,2.9500000000000006,35.8056475
2026-09-13T06:40:00.000Z,MCT2408027,15.275556,74.1075,32.75,1146.918125,461.0625,62.07375000000001,6.579999999999999,12.421250000000002,7.33625,22.672500000000003,12.166250000000002,2.9500000000000006,35.747329375
2026-09-13T06:48:53.590Z,MCT2408027,15.275556,74.1075,32.57142857142857,1144.5971428571427,487.64285714285717,61.10651928571429,6.579999999999999,12.447142857142856,7.255000000000002,22.529999999999998,12.281428571428572,2.95,35.94545571428571
2026-09-13T05:50:00.000Z,MCT2408040,15.528056,74.020833,20.5,100,422.5,62.49289,9.745000000000001,5.5649999999999995,3.07,8.42,3.73,4.025,35.438315
2026-09-13T06:00:00.000Z,MCT2408040,15.528056,74.020833,20.5,100,423.5,62.16148625,9.409375,5.623125000000001,3.07,8.42,3.7299999999999986,3.9275000000000007,35.454400625000005
2026-09-13T06:10:00.000Z,MCT2408040,15.528056,74.020833,20.25,100,427.5625,61.850591250000015,9.32,5.57375,3.07,8.42,3.7299999999999986,3.6325000000000003,35.52880625
2026-09-13T06:20:00.000Z,MCT2408040,15.528056,74.020833,20.066666666666666,100,423.2,61.567952000000005,9.139999999999999,5.466666666666667,3.07,8.42,3.7299999999999986,3.5413333333333337,35.79259733333334
2026-09-13T06:30:00.000Z,MCT2408040,15.528056,74.020833,20.3125,100,421.8125,60.639900000000004,9.370624999999999,5.44375,3.07,8.42,3.7299999999999986,3.6218749999999997,36.301683125000004
2026-09-13T06:40:00.000Z,MCT2408040,15.528056,74.020833,20.6875,100,421.9375,59.25802687499999,9.695,5.62125,3.07,8.42,3.7299999999999986,4.01375,36.68041437499999
2026-09-13T06:48:53.624Z,MCT2408040,15.528056,74.020833,20.466666666666665,100,415.6,58.653523333333325,9.609333333333332,5.707999999999999,3.07,8.42,3.7299999999999986,4.535333333333333,36.283090666666666
2026-09-13T05:50:00.000Z,MCT2408049,15.475278,74.055833,56,150,447,58.16321,23.55,7.96,6.9,19.92,9.97,2.61,36.53764
2026-09-13T06:00:00.000Z,MCT2408049,15.475278,74.055833,55.4375,150,444.875,58.183235,23.18375,7.959999999999997,6.4193750000000005,19.056250000000002,10.068750000000003,2.61,36.35865875
2026-09-13T06:10:00.000Z,MCT2408049,15.475278,74.055833,55.9375,150,440.625,57.55142687500001,23.631874999999997,7.959999999999997,6.7075,19.918125000000003,10.405,2.61,36.881508124999996
2026-09-13T06:20:00.000Z,MCT2408049,15.475278,74.055833,55.8125,150,439.75,55.951636875,23.496874999999996,7.959999999999997,6.659375,19.77375,10.307500000000001,2.61,37.49351
2026-09-13T06:30:00.000Z,MCT2408049,15.475278,74.055833,55.4375,150,438.1875,55.860560625,23.141875,7.959999999999997,6.7075000000000005,20.109375,10.59625,2.61,37.171755
2026-09-13T06:40:00.000Z,MCT2408049,15.475278,74.055833,55.6875,150,433.4375,57.60578500000001,23.283749999999998,7.959999999999997,6.900000000000001,20.491875,10.691875,2.61,36.185716875
2026-09-13T06:48:53.633Z,MCT2408049,15.475278,74.055833,55.5,150,437.14285714285717,58.966475,23.217142857142857,7.959999999999998,6.460714285714287,19.04357142857143,9.972857142857142,2.61,35.874975
2026-09-13T05:50:00.000Z,MCT2408044,15.313669,74.140042,23,214.29,425,67.87543,9.254999999999999,3.32,2.87,7.75,4.59,5.401282500000001,33.003715
2026-09-13T06:00:00.000Z,MCT2408044,15.313669,74.140042,23,214.29,423.1875,69.88911125,9.481874999999999,3.366875,2.9062499999999996,8.125,4.93,4.469070437499999,33.021143124999995
2026-09-13T06:10:00.000Z,MCT2408044,15.313669,74.140042,23.125,214.29,424,68.691771875,9.774375000000001,3.32,2.9424999999999994,8.40625,5.17,4.6521633125,33.372389375000004
2026-09-13T06:20:00.000Z,MCT2408044,15.313669,74.140042,23,214.29,421.06666666666666,66.00927733333334,9.563999999999998,3.4166666666666665,2.9086666666666665,8.033333333333333,4.827333333333333,5.2317947333333334,34.135212
2026-09-13T06:30:00.000Z,MCT2408044,15.313669,74.140042,22.125,214.29,418.3125,64.322036875,9.0775,3.41125,2.8699999999999997,7.53125,4.35375,5.6457531250000015,34.50992125
2026-09-13T06:40:00.000Z,MCT2408044,15.313669,74.140042,22.4375,214.29,416.125,62.712712499999995,9.143750000000002,3.49875,2.8699999999999997,7.5625,4.387499999999999,5.417628062500001,34.84776
2026-09-13T06:48:53.761Z,MCT2408044,15.313669,74.140042,22.071428571428573,214.29,413.2857142857143,61.32068714285714,8.822857142857144,3.5264285714285712,2.87,7.5,4.32,5.764835071428571,35.05603642857143
2026-09-13T05:50:00.000Z,MCT2408037,15.394444,74.118333,26,169.96555,444.5,63.389345,11.265,14.465,4.83,20.035,11.24,5.425,35.2399
2026-09-13T06:00:00.000Z,MCT2408037,15.394444,74.118333,26.625,173.14518749999996,440.6875,63.334029375,11.621875,14.231250000000003,5.481875000000001,19.727500000000003,10.3025,5.4925,34.92283499999999
2026-09-13T06:10:00.000Z,MCT2408037,15.394444,74.118333,27.125,171.42710000000002,437.0625,65.44880375,11.873750000000001,14.207500000000003,7.153750000000002,24.94,12.599375000000002,4.8225,34.26123125
2026-09-13T06:20:00.000Z,MCT2408037,15.394444,74.118333,29.1875,163.76694999999998,434.1875,66.051048125,11.469375000000001,14.3025,8.641875,30.001875000000005,14.849375000000002,4.301875,34.35642
2026-09-13T06:30:00.000Z,MCT2408037,15.394444,74.118333,26.875,164.888825,431.3125,66.09873249999998,11.445625,14.343124999999999,6.783124999999999,23.815625,12.083750000000002,4.24,34.21229937499999
2026-09-13T06:40:00.000Z,MCT2408037,15.394444,74.118333,26.5625,163.85550625,428.9375,65.28334187499999,11.415625,14.41375,6.504375,22.742499999999996,11.52125,4.04375,34.507909375000004
2026-09-13T06:48:53.800Z,MCT2408037,15.394444,74.118333,26.714285714285715,163.65540714285711,439.64285714285717,63.509233571428574,11.374999999999998,14.45142857142857,6.6899999999999995,24.12357142857143,12.579285714285716,4.407857142857143,35.10429857142857
2026-09-13T05:50:00.000Z,MCT2408046,15.529167,74.07,29.333333333333332,95.52,430.3333333333333,59.65094,12.123333333333333,1.7,5.48,17.03333333333333,8.67,5.46,36.47686
2026-09-13T06:00:00.000Z,MCT2408046,15.529167,74.07,29.56,95.52,439.08,59.612486800000006,12.2424,1.7028,5.765599999999999,17.954800000000002,9.315199999999999,5.5756,36.5874016
2026-09-13T06:10:00.000Z,MCT2408046,15.529167,74.07,29.76,95.6992,444.2,58.45068400000001,12.429600000000002,1.5279999999999996,7.3848,22.708399999999997,11.443599999999996,5.725600000000001,37.1215076
2026-09-13T06:20:00.000Z,MCT2408046,15.529167,74.07,29.84,95.8908,436.84,57.46008320000001,12.472800000000001,1.5652000000000001,7.104000000000001,21.420800000000003,10.694400000000003,5.5132,37.744852
2026-09-13T06:30:00.000Z,MCT2408046,15.529167,74.07,29.72,95.52,434.28,55.519774800000015,12.359599999999999,1.6991999999999998,7.0799999999999965,21.509199999999996,10.791200000000002,6.058399999999999,38.2759568
2026-09-13T06:40:00.000Z,MCT2408046,15.529167,74.07,29.28,95.52,434.4,54.936280399999994,11.963199999999999,2.0332,6.0931999999999995,18.531600000000008,9.3392,5.9924,38.324436
2026-09-13T06:48:53.799Z,MCT2408046,15.529167,74.07,29.272727272727273,95.52,427.45454545454544,56.08697227272728,11.964090909090908,2.119090909090909,5.4322727272727285,16.307727272727274,8.331363636363635,5.494999999999999,37.61502
2026-09-13T05:50:00.000Z,MCT2408042,15.213889,74.071667,62.5,240.875,420.5,60.139224999999996,27.244999999999997,12.93,5.915,18.695,10.02,5.695,35.711805
2026-09-13T06:00:00.000Z,MCT2408042,15.213889,74.071667,61.8125,212.930625,420.1875,58.684869375,26.573125000000008,12.751249999999999,5.858124999999999,18.125625,9.6225,6.588125000000001,35.845865
2026-09-13T06:10:00.000Z,MCT2408042,15.213889,74.071667,61.875,201.35250000000002,423.375,57.713073125,26.669374999999995,12.831875000000002,7.336875000000001,21.773124999999997,11.216250000000002,6.890625,35.80564625
2026-09-13T06:20:00.000Z,MCT2408042,15.213889,74.071667,62.0625,177.48,421,57.37165687499999,26.865000000000006,12.751250000000002,6.597499999999998,20.063749999999995,10.533124999999998,6.696250000000001,35.912895625000004
2026-09-13T06:30:00.000Z,MCT2408042,15.213889,74.071667,62.0625,185.94375,423.3125,57.707829375,26.789375,12.848125000000001,5.630625,17.386874999999996,9.11,6.25375,35.889435625
2026-09-13T06:40:00.000Z,MCT2408042,15.213889,74.071667,62.125,159.41687499999998,427.6875,58.699648750000016,26.829375000000002,12.649375000000001,5.346249999999999,16.700625000000002,8.939375,5.916874999999999,35.85122562499999
2026-09-13T06:48:53.833Z,MCT2408042,15.213889,74.071667,61.285714285714285,197.9442857142857,429.92857142857144,59.17737285714285,26.270714285714288,12.767142857142858,5.394999999999999,16.742142857142856,8.915000000000003,5.3792857142857144,35.85429285714286
2026-09-13T05:50:00.000Z,MCT2408041,15.224628,74.171389,30.5,436.4701,467,63.580079999999995,12.985,9.7,8.09,20.655,9.305,8.504999999999999,34.628565
2026-09-13T06:00:00.000Z,MCT2408041,15.224628,74.171389,30.75,393.06215625,468.6875,62.773745625000004,13.078750000000001,9.7,8.090000000000002,21.616875,10.262500000000001,8.38,34.944285
2026-09-13T06:10:00.000Z,MCT2408041,15.224628,74.171389,30.625,430.29193125000006,458.9375,61.98839499999999,13.126250000000002,9.7,8.090000000000002,20.503125,9.153125000000003,8.290624999999999,35.19699874999999
2026-09-13T06:20:00.000Z,MCT2408041,15.224628,74.171389,30.5625,403.86903125000003,462,60.87879625,12.97,9.7,8.090000000000002,20.503125,9.152500000000003,8.289375000000001,35.545563125
2026-09-13T06:30:00.000Z,MCT2408041,15.224628,74.171389,30.3125,436.99357499999996,460.625,58.833164374999996,12.825625000000002,9.7,8.090000000000002,20.604375,9.253125,8.301875,36.04763
2026-09-13T06:40:00.000Z,MCT2408041,15.224628,74.171389,30.5625,452.6861125,465.5625,58.028739999999985,12.906875000000001,9.7,8.090000000000002,20.401875,9.051250000000003,8.385625,36.398205625
2026-09-13T06:48:53.841Z,MCT2408041,15.224628,74.171389,30.285714285714285,480.49020714285723,464.35714285714283,57.74849642857142,12.84857142857143,9.700000000000001,8.090000000000002,20.30785714285714,8.957857142857145,8.297142857142857,36.36449857142857
2026-09-13T05:50:00.000Z,MCT2408033,15.346944,74.007778,25,122.0772,383,60.16211,11.870000000000001,5.435,3.9400000000000004,10.77,6.765,4.39,36.167615
2026-09-13T06:00:00.000Z,MCT2408033,15.346944,74.007778,23.625,122.48033749999999,401.4375,59.833091875,10.955000000000002,5.644374999999999,4.317500000000001,11.090625000000001,6.765000000000001,4.39,36.288946249999995
2026-09-13T06:10:00.000Z,MCT2408033,15.346944,74.007778,24,129.64401875000004,413,58.889908125,11.378125,5.954375000000001,4.506875000000001,11.408750000000001,6.9125000000000005,4.39,36.392176875000004
2026-09-13T06:20:00.000Z,MCT2408033,15.346944,74.007778,24.1875,127.80009375,401.6875,59.645218125,11.605,6.1175,4.732500000000002,11.986250000000002,7.207500000000001,4.39,35.945741875
2026-09-13T06:30:00.000Z,MCT2408033,15.346944,74.007778,24.0625,125.50335,410.5,60.900730625,11.469375000000001,5.733124999999999,5.4525000000000015,13.877499999999998,8.419999999999998,4.39,35.443676249999996
2026-09-13T06:40:00.000Z,MCT2408033,15.346944,74.007778,22.6875,119.09008749999998,447.6875,61.564488125,10.251875,5.43,5.6800000000000015,14.583124999999999,8.89625,4.39,35.12393000000001
2026-09-13T06:48:53.968Z,MCT2408033,15.346944,74.007778,23.571428571428573,113.97007142857142,405,61.75229285714287,10.962857142857143,5.202142857142857,4.7614285714285725,12.087142857142855,7.397142857142859,4.39,34.92197214285715
2026-09-13T05:50:00.000Z,MCT2408045,15.619444,73.878889,28.5,201.11,657,64.54901,12.969999999999999,19.29,3.02,10.84,5.654999999999999,2.53,35.749340000000004
2026-09-13T06:00:00.000Z,MCT2408045,15.619444,73.878889,29.625,200.244375,667.0625,62.842411874999996,14.178749999999999,19.764374999999998,3.051250000000001,10.163124999999999,4.9449999999999985,2.5300000000000002,36.179011875
2026-09-13T06:10:00.000Z,MCT2408045,15.619444,73.878889,29.875,224.83937500000002,659.125,59.630435625000004,14.408750000000001,20.306875,3.020000000000001,9.878125,4.698124999999998,2.5300000000000002,36.719961874999996
2026-09-13T06:20:00.000Z,MCT2408045,15.619444,73.878889,30,227.186875,660.5625,58.84556249999999,14.570625,21.315,3.020000000000001,9.806875,4.626874999999997,2.5300000000000002,37.153655
2026-09-13T06:30:00.000Z,MCT2408045,15.619444,73.878889,30.875,229.78187499999999,671.125,56.93726,15.343750000000004,21.759999999999998,3.020000000000001,9.735624999999999,4.555624999999998,2.5300000000000002,37.60545375
2026-09-13T06:40:00.000Z,MCT2408045,15.619444,73.878889,30.875,239.11250000000004,656.1875,55.28930999999999,15.23375,22.08375,3.020000000000001,9.7,4.519999999999998,2.5300000000000002,37.842746250000005
2026-09-13T06:48:54.008Z,MCT2408045,15.619444,73.878889,31.071428571428573,238.8628571428571,655.6428571428571,54.61881,15.352142857142855,21.83571428571429,3.0200000000000005,9.700000000000001,4.519999999999998,2.5300000000000002,38.046042857142844
2026-09-13T05:50:00.000Z,MCT2408022,15.475833,74.038889,33,150,461.5,66.34192,5.075,9.995482500000001,9.5,29.5,16,4.568216,34.68219
2026-09-13T06:00:00.000Z,MCT2408022,15.475833,74.038889,32.25,150,463.125,65.79307812500001,5.881249999999999,9.877196875,9.125,27.9375,15.0625,4.539859937500001,35.18426062500001
2026-09-13T06:10:00.000Z,MCT2408022,15.475833,74.038889,32.375,150,466.0625,63.46372875000001,6.099375,9.7506279375,9.125,28.25,15.25,4.5736359375,36.26883625000001
2026-09-13T06:20:00.000Z,MCT2408022,15.475833,74.038889,31.333333333333332,150,474.6666666666667,59.99477133333333,6.730666666666667,9.493775466666667,8.666666666666666,26.2,14.066666666666666,4.707699399999999,37.291966
2026-09-13T06:30:00.000Z,MCT2408022,15.475833,74.038889,31.875,150,471.8125,59.504551875,7.449375,9.0586095625,9,27.125,14.3125,4.727396874999999,37.18516125000001
2026-09-13T06:40:00.000Z,MCT2408022,15.475833,74.038889,32.5,150,458.5,61.507745,7.334999999999999,9.0789409375,9.25,28.625,15.3125,4.662278999999999,36.10259625
2026-09-13T06:48:54.009Z,MCT2408022,15.475833,74.038889,31.071428571428573,150,454.07142857142856,62.453652142857145,6.923571428571429,9.344090714285715,8.5,25.785714285714285,13.785714285714286,4.540697642857142,35.567014285714286
2026-09-13T05:50:00.000Z,MCT2408032,15.525556,73.828611,35.666666666666664,261.68333333333334,512,63.99969333333333,15.373333333333333,19.209999999999997,7.12,18.49,8.493333333333334,4.946666666666666,34.26749
2026-09-13T06:00:00.000Z,MCT2408032,15.525556,73.828611,36.04,233.69839999999996,475.28,63.350586,15.521200000000006,18.052000000000003,9.113599999999998,28.1036,14.949599999999998,4.718000000000001,35.0773048
2026-09-13T06:10:00.000Z,MCT2408032,15.525556,73.828611,36.28,262.44719999999995,509.36,59.24627719999998,15.823600000000006,18.9056,7.120000000000002,19.172400000000003,9.173600000000004,4.474,36.399924399999996
2026-09-13T06:20:00.000Z,MCT2408032,15.525556,73.828611,36.76,287.9796,539.04,57.262634,16.235200000000006,19.1504,7.120000000000002,18.0924,8.097200000000004,5.4672,36.8263548
2026-09-13T06:30:00.000Z,MCT2408032,15.525556,73.828611,38.52,307.17999999999995,566.44,55.7352284,17.681200000000004,20.146799999999995,7.461600000000002,19.0604,8.55,6.518799999999999,36.897139599999996
2026-09-13T06:40:00.000Z,MCT2408032,15.525556,73.828611,41.44,330.6668,556.88,55.475829600000004,17.465600000000002,20.249599999999997,17.6572,44.943200000000004,19.650000000000006,6.9028,36.9344628
2026-09-13T06:48:54.049Z,MCT2408032,15.525556,73.828611,40.391304347826086,314.55652173913046,571.695652173913,56.171272173913046,17.654347826086966,20.295652173913044,15.354347826086952,39.26869565217392,17.172173913043476,6.484347826086956,36.87057869565218
2026-09-13T05:50:00.000Z,MCT2408036,15.171567,74.067106,38,127.66495,464.5,61.49344,13.19,9.94,2.63,7.6,4.05,12.145,34.55349
2026-09-13T06:00:00.000Z,MCT2408036,15.171567,74.067106,37.46666666666667,120.97970000000001,464.8666666666667,60.693115999999996,13.782000000000002,10.011333333333333,2.63,7.701333333333332,4.151999999999998,11.898,34.923148
2026-09-13T06:10:00.000Z,MCT2408036,15.171567,74.067106,36.9375,120.65445,457.5,59.263748125000006,13.8325,10.248125,2.63,7.663749999999998,4.11375,11.593124999999997,35.28883125
2026-09-13T06:20:00.000Z,MCT2408036,15.171567,74.067106,37.46666666666667,121.25499333333332,456.93333333333334,58.88443933333334,14.329333333333334,10.099333333333332,2.63,7.701999999999998,4.151999999999999,11.925999999999998,35.617422
2026-09-13T06:30:00.000Z,MCT2408036,15.171567,74.067106,36.9375,123.67999375,456.375,58.4392975,14.058125,10.250625000000001,2.63,7.789999999999999,4.240625,11.542499999999999,35.4544
2026-09-13T06:40:00.000Z,MCT2408036,15.171567,74.067106,36.875,121.12544374999999,463.8125,58.86415875000001,14.09875,10.024375,2.63,7.631874999999997,4.081874999999999,11.536874999999998,35.63873812500001
2026-09-13T06:48:54.051Z,MCT2408036,15.171567,74.067106,36.785714285714285,120.99426428571428,461.07142857142856,59.20843571428571,13.582142857142859,9.882142857142856,2.6299999999999994,7.744285714285712,4.195714285714284,11.470714285714289,35.63366357142858
2026-09-13T05:50:00.000Z,MCT2408031,15.290833,74.149167,24,226.741,529,69.18768,7.996199,6,7.62,20,10.95,6.77,33.78128
2026-09-13T06:00:00.000Z,MCT2408031,15.290833,74.149167,21.9375,226.55986874999996,529.5,68.627400625,8.2101190625,6,6.190624999999999,16.060625,8.66,6.445624999999999,33.89791687499999
2026-09-13T06:10:00.000Z,MCT2408031,15.290833,74.149167,23.6875,198.79541874999998,531.9375,67.851108125,8.062447062499999,6.0142795625000005,7.380625,19.348124999999996,10.505625000000002,6.334999999999999,34.24380375
2026-09-13T06:20:00.000Z,MCT2408031,15.290833,74.149167,21.9375,203.1174,529.875,67.55308562500001,8.36848025,6,6.129374999999999,15.978124999999999,8.691875,6.1293750000000005,34.556843125
2026-09-13T06:30:00.000Z,MCT2408031,15.290833,74.149167,21.625,235.78789999999998,521.375,64.231914375,8.6329440625,6.0295278125,5.595000000000001,14.429375,7.7387500000000005,7.498125,34.777376875
2026-09-13T06:40:00.000Z,MCT2408031,15.290833,74.149167,20.4375,240.66196250000002,520.25,63.17762875,8.5509921875,6,4.791875,12.6075,6.99375,7.146249999999999,35.338433125
2026-09-13T06:48:54.175Z,MCT2408031,15.290833,74.149167,21.285714285714285,232.26042142857142,514.3571428571429,61.62913357142857,8.763724285714286,6.186485142857143,5.373571428571428,14.036428571428571,7.721428571428571,7.627142857142857,35.80296499999999
2026-09-13T05:50:00.000Z,MCT2408035,15.236111,74.125,58,224.1973,634,58.38446,29.641,13.79,3.8,10.19,4.91,3.83,36.41966
2026-09-13T06:00:00.000Z,MCT2408035,15.236111,74.125,59,224.91468125000003,628.8125,57.84754187500001,30.098473124999998,13.594999999999999,3.799999999999999,10.19,4.909999999999998,3.8299999999999987,36.370055
2026-09-13T06:10:00.000Z,MCT2408035,15.236111,74.125,58.0625,222.96889374999998,624,57.391685,29.408485000000002,13.734375,3.799999999999999,10.19,4.909999999999998,3.8299999999999987,36.44714125
2026-09-13T06:20:00.000Z,MCT2408035,15.236111,74.125,58.4375,221.46713749999998,628.3125,57.15564999999999,28.817315625000003,13.128124999999999,3.799999999999999,10.19,4.909999999999998,3.8299999999999987,36.58857999999999
2026-09-13T06:30:00.000Z,MCT2408035,15.236111,74.125,57.8125,219.26981874999998,626.3125,57.740730625,28.265673750000005,13.209999999999999,3.799999999999999,10.19,4.909999999999998,3.8299999999999987,36.400890624999995
2026-09-13T06:40:00.000Z,MCT2408035,15.236111,74.125,57.4375,212.99899999999997,623.5,57.032149375,27.867491875000002,13.275000000000002,3.799999999999999,10.19,4.909999999999998,3.8299999999999987,36.33654000000001
2026-09-13T06:48:54.217Z,MCT2408035,15.236111,74.125,56.92857142857143,216.4334071428571,610.0714285714286,56.73814571428573,27.4248,13.137857142857142,3.7999999999999994,10.19,4.909999999999998,3.8299999999999987,36.25801571428571
2026-09-13T05:50:00.000Z,MCT2408039,15.163611,74.110833,29,399.1,495,62.06183,3.2199999999999998,10.3,9.02,28.94,11.76,2.3,35.969205
2026-09-13T06:00:00.000Z,MCT2408039,15.163611,74.110833,29,409.32625,476.75,61.528724375,3.7987500000000005,10.3,9.019999999999998,28.94,11.759999999999998,2.3,36.067739374999995
2026-09-13T06:10:00.000Z,MCT2408039,15.163611,74.110833,29,415.86,479.0625,60.391466875000006,3.826875,10.3,9.019999999999998,28.94,11.759999999999998,2.3,36.37340625000001
2026-09-13T06:20:00.000Z,MCT2408039,15.163611,74.110833,29,383.06375,475.5625,59.1636125,3.618125,10.3,9.019999999999998,28.94,11.759999999999998,2.3,36.84665
2026-09-13T06:30:00.000Z,MCT2408039,15.163611,74.110833,29,407.58375,472.9375,57.68017125,4.49125,10.3,9.019999999999998,28.94,11.759999999999998,2.3,37.411059375
2026-09-13T06:40:00.000Z,MCT2408039,15.163611,74.110833,29,439.75312499999995,469.5625,56.24965812500001,6.568125,10.3,9.019999999999998,28.94,11.759999999999998,2.3,37.914469374999996
2026-09-13T06:48:54.218Z,MCT2408039,15.163611,74.110833,29.285714285714285,447.0957142857143,473.5,55.53106785714285,9.28,10.299999999999999,9.019999999999998,28.94,11.76,2.3000000000000003,38.027657142857144
2026-09-13T05:50:00.000Z,MCT2408026,15.2467,74.198281,117.5,125,424,58.910889999999995,13.554590000000001,12.5,12.76,43.04,24.11,51.055,36.73069
2026-09-13T06:00:00.000Z,MCT2408026,15.2467,74.198281,117.16666666666667,135.84610833333338,421.75,58.19499750000001,13.714670416666664,12.5,6.735833333333333,21.800416666666667,11.893750000000002,50.67000000000001,36.78073791666667
2026-09-13T06:10:00.000Z,MCT2408026,15.2467,74.198281,117.04,132.23924799999998,416,59.561218799999985,13.580553200000004,12.5,6.882,22.321600000000004,12.188799999999997,50.4804,36.37975999999998
2026-09-13T06:20:00.000Z,MCT2408026,15.2467,74.198281,117.04166666666667,126.84164166666665,418.2916666666667,60.117286666666665,13.691455000000003,12.5,7.326666666666667,24.097499999999997,13.259583333333333,50.487916666666656,36.27174333333331
2026-09-13T06:30:00.000Z,MCT2408026,15.2467,74.198281,117.29166666666667,133.17009999999996,418.1666666666667,57.330967500000014,13.63163416666667,12.5,6.183333333333334,19.785833333333333,10.607499999999996,50.72166666666667,36.51037624999999
2026-09-13T06:40:00.000Z,MCT2408026,15.2467,74.198281,117.04166666666667,131.51086666666663,419.5833333333333,57.50580875,13.686004583333336,12.5,6.5775000000000015,20.87374999999999,11.211666666666666,50.512916666666676,36.700299583333326
2026-09-13T06:48:54.260Z,MCT2408026,15.2467,74.198281,117.13636363636364,129.2419090909091,415.45454545454544,57.91525272727274,13.587692727272726,12.5,6.875454545454546,22.858636363636368,12.756363636363636,50.560454545454554,36.62538772727273
2026-09-13T05:50:00.000Z,MCT2408038,15.188889,74.055556,24,496.65999999999997,669,54.58502,11.665,13.33,5.95,16.9,7.94,4.984999999999999,38.082045
2026-09-13T06:00:00.000Z,MCT2408038,15.188889,74.055556,24.066666666666666,462.22266666666667,665.8,55.19130333333332,11.519333333333334,13.330000000000005,5.950000000000002,16.900000000000002,7.939999999999999,4.981999999999999,37.88542266666666
2026-09-13T06:10:00.000Z,MCT2408038,15.188889,74.055556,23.8125,463.733125,648.125,55.496734374999996,11.279374999999998,13.330000000000005,5.950000000000002,16.900000000000002,7.939999999999999,4.9725,37.574619999999996
2026-09-13T06:20:00.000Z,MCT2408038,15.188889,74.055556,23.625,476.83374999999995,675.4375,54.551643125000005,11.213125,13.330000000000005,5.950000000000002,16.900000000000002,7.939999999999999,4.920624999999999,37.830679999999994
2026-09-13T06:30:00.000Z,MCT2408038,15.188889,74.055556,23.5,417.80875,673.375,55.159611250000005,11.027499999999998,13.330000000000005,5.965000000000002,16.961875000000003,8.029375,4.8812500000000005,37.795154375
2026-09-13T06:40:00.000Z,MCT2408038,15.188889,74.055556,23.1875,425.228125,680.75,55.471463750000005,10.776874999999999,13.330000000000005,5.950000000000002,16.900000000000002,7.939999999999999,4.773750000000001,38.11690437499999
2026-09-13T06:48:54.259Z,MCT2408038,15.188889,74.055556,28.285714285714285,339.11642857142857,651.4285714285714,55.38392857142856,10.641428571428571,13.330000000000004,10.628571428571425,30.744285714285706,15.212857142857143,4.753571428571428,38.164782857142846
2026-09-13T05:50:00.000Z,MCT2408024,15.148056,74.131667,37.5,237.90645,563,60.978455,14.983855,6.017316,5.5,17.49,9.49,2.825,36.038915
2026-09-13T06:00:00.000Z,MCT2408024,15.148056,74.131667,37.96,235.99679200000003,555.28,60.853942799999984,15.344529200000002,6.0173159999999974,5.56,17.950000000000003,9.830000000000004,2.7396,36.070446399999994
2026-09-13T06:10:00.000Z,MCT2408024,15.148056,74.131667,38.08,234.213392,546,60.1734004,15.478952400000004,5.3255411200000005,5.12,16.070000000000004,8.830000000000002,2.7368,36.641453600000006
2026-09-13T06:20:00.000Z,MCT2408024,15.148056,74.131667,37.88,239.055244,501.64,58.2150868,15.382600000000002,5,5,15.230000000000004,8.230000000000002,2.7916000000000003,36.7620044
2026-09-13T06:30:00.000Z,MCT2408024,15.148056,74.131667,38,238.87870833333338,462.0833333333333,58.72206041666667,15.467800833333335,5.211940833333332,5,15.031666666666672,8.031666666666668,2.78875,36.37854583333333
2026-09-13T06:40:00.000Z,MCT2408024,15.148056,74.131667,38.36363636363637,236.0448136363636,524.7727272727273,59.44009181818182,15.674564545454546,6.148497909090906,5,14.990000000000004,7.990000000000001,2.744090909090909,36.37773272727273
2026-09-13T11:30:00.000Z,MCT2408028,15.186944,74.096667,39.91304347826087,704.1860869565218,436.2173913043478,63.602966521739134,15.663478260869566,15.205217391304348,5.33782608695652,17.68086956521739,10.071739130434782,4.535217391304348,35.24129739130435
2026-09-13T11:40:00.000Z,MCT2408028,15.186944,74.096667,40.64,706.5903999999999,442.04,66.931518,16.302800000000005,15.850000000000005,5.1099999999999985,16.8628,9.663999999999998,3.0663999999999993,33.9194228
2026-09-13T11:50:00.000Z,MCT2408028,15.186944,74.096667,41.32,698.0532000000001,439.52,69.20263599999998,16.954800000000006,15.2864,5.149999999999999,16.703199999999995,9.503999999999998,1.2672,33.084583200000004
2026-09-13T12:00:00.000Z,MCT2408028,15.186944,74.096667,41.8,691.7336000000001,439.48,70.4511104,17.432,14.866400000000006,5.269999999999999,17.81759999999999,10.3004,0.61,32.9378608
2026-09-13T12:10:00.000Z,MCT2408028,15.186944,74.096667,42.166666666666664,683.2045833333335,436.0416666666667,71.03749416666666,17.746666666666666,14.238333333333335,5.364999999999998,18.27083333333333,10.564166666666665,1.4674999999999996,33.04795666666668
2026-09-13T12:20:00.000Z,MCT2408028,15.186944,74.096667,42.2,678.8419999999999,447.12,72.4887696,17.730400000000003,13.781199999999991,5.509999999999999,19.091599999999993,11.136400000000002,1.4995999999999996,32.6851784
2026-09-13T12:20:53.404Z,MCT2408028,15.186944,74.096667,42.333333333333336,682.9500000000002,444.3333333333333,73.28212666666667,17.846666666666668,13.576666666666666,5.656666666666666,19.55333333333333,11.266666666666666,0.9266666666666667,32.35127333333333
2026-09-13T11:30:00.000Z,MCT2408020,15.543475,74.039433,27,180,736.8571428571429,60.07164785714286,9.912014928571429,19.120210714285715,5.569999999999999,15.840000000000002,7.430000000000002,3.659999999999999,35.52028428571429
2026-09-13T11:40:00.000Z,MCT2408020,15.543475,74.039433,27,180,745.1875,61.483901874999994,9.5517321875,18.875206249999998,5.5699999999999985,15.957500000000001,7.546250000000002,3.6599999999999984,35.3451375
2026-09-13T11:50:00.000Z,MCT2408020,15.543475,74.039433,27.5,180,747.5,63.05794062499999,9.347560562500002,18.753860624999998,5.6274999999999995,17.36,8.883125,3.6599999999999984,35.09711625
2026-09-13T12:00:00.000Z,MCT2408020,15.543475,74.039433,27.1875,180,739.625,63.21339,9.562786312499998,18.696975625,5.5699999999999985,16.601875,8.185625,3.6599999999999984,34.867199375000006
2026-09-13T12:10:00.000Z,MCT2408020,15.543475,74.039433,27.8125,180,747.1875,64.40500625,9.506346437500001,18.481463749999996,5.6850000000000005,17.708125000000003,9.173749999999998,3.6599999999999984,34.353736874999996
2026-09-13T12:20:00.000Z,MCT2408020,15.543475,74.039433,28.466666666666665,180,741.8666666666667,64.77789266666667,9.483146266666667,18.516952,6.123333333333332,19.137333333333334,10.158000000000003,3.6599999999999984,33.75625733333333
2026-09-13T12:20:53.410Z,MCT2408020,15.543475,74.039433,28.5,180,742.5,65.86889500000001,9.8273005,18.095295,6.03,19.105,10.22,3.66,33.42736
2026-09-13T11:30:00.000Z,MCT2408056,15.579167,73.920833,32.53333333333333,180,455.46666666666664,67.08553133333334,7.253333333333335,9,5.692666666666666,17.848666666666666,9.934666666666667,1.5599999999999998,33.658302666666664
2026-09-13T11:40:00.000Z,MCT2408056,15.579167,73.920833,32.5,180,454.8125,67.85349187499999,7.190625000000001,9,5.747499999999999,17.815625,10.015625,1.5599999999999998,33.32345999999999
2026-09-13T11:50:00.000Z,MCT2408056,15.579167,73.920833,33.3125,180,453.375,68.9588025,7.095625,9,6.452499999999999,19.526249999999997,10.836250000000001,1.5599999999999998,33.0338775
2026-09-13T12:00:00.000Z,MCT2408056,15.579167,73.920833,33.375,180,454,70.59959875,7.155,9,6.276249999999999,19.354374999999997,10.8375,1.5599999999999998,32.53382
2026-09-13T12:10:00.000Z,MCT2408056,15.579167,73.920833,33.6875,180,459,72.25040812499999,7.025625000000001,9.419306875,6.511249999999997,20.15375,11.421875000000002,1.5856249999999996,32.05588375
2026-09-13T12:20:00.000Z,MCT2408056,15.579167,73.920833,34.0625,180,455,72.72390687499998,6.877500000000001,9,6.805000000000002,21.06375,12.06625,1.5868749999999996,31.97678625
2026-09-13T12:20:53.421Z,MCT2408056,15.579167,73.920833,35,180,452,72.97949,7.12,9,7.51,23.68,14.06,1.56,31.82932
2026-09-13T11:30:00.000Z,MCT2408057,15.272222,74.104722,42.81818181818182,274.4645454545455,432.72727272727275,66.147715,12.386818181818182,8.738181818181816,20.479545454545455,57.10681818181817,28.655454545454543,0.4477272727272727,33.48585818181817
2026-09-13T11:40:00.000Z,MCT2408057,15.272222,74.104722,30,335.1236,428.92,67.2553096,12.566799999999999,8.646799999999999,5.7452000000000005,16.917599999999997,8.990000000000002,0.29239999999999994,33.14292639999999
2026-09-13T11:50:00.000Z,MCT2408057,15.272222,74.104722,30,339.0831999999999,432.6,68.39605640000002,12.6952,8.655599999999998,5.388000000000001,15.8988,8.414399999999999,0.29839999999999994,32.828465599999994
2026-09-13T12:00:00.000Z,MCT2408057,15.272222,74.104722,30.04,324.8332000000001,438.92,69.66253720000003,12.630799999999999,8.713199999999997,4.3864,13.479999999999995,7.439199999999996,0.2616,32.56806199999998
2026-09-13T12:10:00.000Z,MCT2408057,15.272222,74.104722,29.92,329.7664,433.52,69.9695436,12.4152,8.778399999999998,4.863199999999998,14.408799999999994,7.772000000000002,0.2799999999999999,32.4912696
2026-09-13T12:20:00.000Z,MCT2408057,15.272222,74.104722,29.96,326.9196,435.12,70.7675784,12.426000000000002,8.697199999999999,5.313599999999999,15.809999999999995,8.414,0.222,32.34497999999999
2026-09-13T12:20:53.437Z,MCT2408057,15.272222,74.104722,30,334.53999999999996,430.5,71.26669,12.6,8.53,5.96,17.53,9.135,0.225,32.215424999999996
2026-09-13T11:30:00.000Z,MCT2408055,15.585833,73.885556,47.666666666666664,102.79999999999998,476.6,64.764668,8.482,6.149999999999998,4.433333333333334,13.201999999999998,7.409333333333334,19.038666666666664,33.919278
2026-09-13T11:40:00.000Z,MCT2408055,15.585833,73.885556,47.4375,103.40062499999999,489.25,65.54274062500001,8.57375,6.73,4.68125,13.651874999999999,7.5425,18.969375,33.6090125
2026-09-13T11:50:00.000Z,MCT2408055,15.585833,73.885556,48.4375,97.49812500000002,477,68.015618125,8.708124999999999,6.440000000000001,4.810625000000001,14.063749999999997,7.840000000000001,18.8525,32.939363125
2026-09-13T12:00:00.000Z,MCT2408055,15.585833,73.885556,48.5625,90.855,501.625,69.98829375,8.75625,5.945,5.592500000000002,15.913749999999997,8.774999999999999,18.633124999999996,32.58342375000001
2026-09-13T12:10:00.000Z,MCT2408055,15.585833,73.885556,48.4375,82.985625,501.4375,71.27050625,8.863125,6.065,5.9837500000000015,17.270000000000003,9.66875,18.555000000000003,32.383
2026-09-13T12:20:00.000Z,MCT2408055,15.585833,73.885556,48.0625,82.79062499999999,473.25,72.030110625,8.884375,6.300000000000002,5.722500000000001,16.365,9.115000000000002,18.376875000000002,32.218103125
2026-09-13T12:20:53.490Z,MCT2408055,15.585833,73.885556,49,84.02,459,71.91138,9.03,6.15,6.29,17.76,9.54,18.71,32.14034
2026-09-13T11:30:00.000Z,MCT2408053,15.263333,74.110833,45.785714285714285,196.4961357142857,488.42857142857144,65.25854428571428,22.020714285714284,31.401428571428564,4.590000000000002,13.540714285714285,7.817857142857144,9.327857142857141,33.72076285714286
2026-09-13T11:40:00.000Z,MCT2408053,15.263333,74.110833,41.8125,141.91934999999998,500.625,67.28939374999999,18.373124999999998,26.014999999999993,4.7625,15.678125000000001,9.868750000000002,8.829374999999999,33.299325625
2026-09-13T11:50:00.000Z,MCT2408053,15.263333,74.110833,40.625,149.10613124999998,497.0625,68.759960625,17.593125000000004,27.675625,5.050000000000001,16.891875,10.57375,8.123750000000001,32.911878125
2026-09-13T12:00:00.000Z,MCT2408053,15.263333,74.110833,40.125,129.4960625,496.625,69.428961875,17.305,26.713124999999994,5.451875000000001,18.29125,11.702499999999999,7.02625,32.570686875
2026-09-13T12:10:00.000Z,MCT2408053,15.263333,74.110833,33.25,120.794625,512,70.48944937499999,11.50875,24.9675,5.625000000000001,18.959374999999998,12.196250000000001,7.37125,32.279770625
2026-09-13T12:20:00.000Z,MCT2408053,15.263333,74.110833,36.3125,116.547725,519.5,72.17459187499999,13.771249999999995,25.271874999999994,4.7625,16.590625000000003,10.926875000000003,7.626249999999999,31.98281875
2026-09-13T12:20:53.664Z,MCT2408053,15.263333,74.110833,37,116.1599,470,73.14734,14.89,22.64,5.51,18.47,11.28,7.61,31.76497
2026-09-13T11:30:00.000Z,MCT2408052,15.444425,74.063856,47.13333333333333,160,450.73333333333335,55.52750733333334,3.898151866666666,8,14.583333333333336,39.26466666666667,17.742666666666665,2,36.93374800000001
2026-09-13T11:40:00.000Z,MCT2408052,15.444425,74.063856,42.0625,160,463.75,58.19944624999999,3.7620173749999997,8,10.473125,29.094375,13.634375,2,36.09522187499999
2026-09-13T11:50:00.000Z,MCT2408052,15.444425,74.063856,57.0625,160,484.8125,59.02628312499999,3.7883331874999997,8,22.41,59.074375,25.974999999999994,2,35.764085625
2026-09-13T12:00:00.000Z,MCT2408052,15.444425,74.063856,55.8125,160,498.75,62.002701249999994,3.6448245,8,21.050625000000004,56.486875,25.3925,2,34.7887725
2026-09-13T12:10:00.000Z,MCT2408052,15.444425,74.063856,57.0625,160,499.625,64.496559375,3.654342249999999,8,22.097500000000004,58.90124999999999,26.256249999999998,2,33.890545624999994
2026-09-13T12:20:00.000Z,MCT2408052,15.444425,74.063856,54.5,160,558.6875,66.468756875,3.5563597499999995,8,20.006875,53.85625,24.314999999999998,2,33.261789375
2026-09-13T12:20:53.664Z,MCT2408052,15.444425,74.063856,60,160,612,67.0896,3.523509,8,25.09,64.48,27.27,2,33.21285
2026-09-13T11:30:00.000Z,MCT2408021,15.500556,74.053333,49.285714285714285,375,431.7142857142857,57.95830357142857,20.824285714285715,15.35461214285714,3.537142857142857,10.526428571428571,6.497142857142856,3.9014285714285712,36.19826
2026-09-13T11:40:00.000Z,MCT2408021,15.500556,74.053333,49.75,375,436.875,58.915179374999994,21.255,15.596744374999998,5.4768750000000015,16.358124999999998,10.028749999999997,3.9068749999999994,36.01210249999999
2026-09-13T11:50:00.000Z,MCT2408021,15.500556,74.053333,50.125,375,431.0625,58.947604375000004,21.58375,15.781786875,3.0662499999999997,8.887500000000001,5.240000000000002,3.8850000000000002,36.207835624999994
2026-09-13T12:00:00.000Z,MCT2408021,15.500556,74.053333,49.75,375,441.0625,59.74106187499999,21.286875,15.683256874999998,2.889375,8.316875000000001,4.7925,3.957499999999999,35.717163750000005
2026-09-13T12:10:00.000Z,MCT2408021,15.500556,74.053333,49.9375,375,436.75,62.10903499999999,21.53,15.766078749999998,2.9187499999999997,8.47875,4.939375000000001,3.938124999999999,34.742519375
2026-09-13T12:20:00.000Z,MCT2408021,15.500556,74.053333,50,375,434.625,63.80848374999999,21.495000000000005,15.760375,3.0068749999999995,9.349374999999997,5.80375,3.9318750000000007,33.97098187500001
2026-09-13T12:20:53.677Z,MCT2408021,15.500556,74.053333,50,375,428,64.36591,21.57,15.67869,3.33,9.13,5.24,3.93,33.57751
2026-09-13T11:30:00.000Z,MCT2408043,15.221111,74.087222,35.285714285714285,187.39499999999998,483.64285714285717,62.98280571428573,13.842857142857143,9.972857142857142,8.865714285714285,28.96857142857143,16.011428571428574,5.29,33.56908214285715
2026-09-13T11:40:00.000Z,MCT2408043,15.221111,74.087222,33.5,184.614375,466.5,63.924831875,13.895624999999997,10.020624999999999,7.123124999999999,24.30125,13.850000000000001,5.290000000000001,33.077450000000006
2026-09-13T11:50:00.000Z,MCT2408043,15.221111,74.087222,36.5625,165.13250000000002,470.5,65.57039499999999,13.99875,9.984375,9.815000000000001,31.864375,17.45375,5.290000000000001,32.785188125000005
2026-09-13T12:00:00.000Z,MCT2408043,15.221111,74.087222,39.1875,156.87,491.6875,67.07195625,13.988125,10.055625,11.634375,37.095000000000006,20.258125000000007,5.290000000000001,32.68263125
2026-09-13T12:10:00.000Z,MCT2408043,15.221111,74.087222,35.625,159.46374999999995,495.0625,68.157714375,14.051875,10.083124999999999,9.184375000000001,30.17375,16.810625,5.290000000000001,32.575379375
2026-09-13T12:20:00.000Z,MCT2408043,15.221111,74.087222,37.5625,115.94187499999998,501.125,69.32739625,14.084375000000001,10.199375,10.37,33.95750000000001,18.734375000000004,5.290000000000001,32.33741875
2026-09-13T12:20:53.694Z,MCT2408043,15.221111,74.087222,34,129.89,522,69.39368,14,10.16,7.6,27.04,15.37,5.29,32.39775
2026-09-13T11:30:00.000Z,MCT2408051,15.486528,74.033889,50.857142857142854,411.4414285714285,657.8571428571429,71.7980257142857,21.37428571428572,5.1899999999999995,3.729999999999999,11.41142857142857,5.824285714285714,4.39,33.17914642857143
2026-09-13T11:40:00.000Z,MCT2408051,15.486528,74.033889,51.125,418.74875,658.8125,73.83684500000003,21.531875,5.1899999999999995,3.7299999999999986,10.608749999999997,5.0187500000000025,4.39,32.522425625000004
2026-09-13T11:50:00.000Z,MCT2408051,15.486528,74.033889,51.0625,425.69500000000005,667.5625,76.40127499999998,21.510625,5.1899999999999995,3.7299999999999986,10.996249999999998,5.406250000000001,4.39,31.890315
2026-09-13T12:00:00.000Z,MCT2408051,15.486528,74.033889,51.5,436.93375000000003,666.75,78.166050625,21.79375,5.1899999999999995,3.7299999999999986,11.034999999999998,5.445625,4.39,31.455278125
2026-09-13T12:10:00.000Z,MCT2408051,15.486528,74.033889,51.375,440.69312499999995,667.625,77.91332687500001,21.716875,5.1899999999999995,3.768749999999999,12.236250000000002,6.6125,4.39,31.091968125
2026-09-13T12:20:00.000Z,MCT2408051,15.486528,74.033889,51.375,438.7625,670.6875,77.802699375,21.716875,5.1899999999999995,3.9637499999999997,13.399999999999999,7.585625,4.39,30.8312125
2026-09-13T12:20:53.745Z,MCT2408051,15.486528,74.033889,52,433.845,673.5,78.79690500000001,22.12,5.19,4.35,13.67,7.47,4.39,30.724635
2026-09-13T11:30:00.000Z,MCT2408030,15.142519,74.075003,27,163,413.92857142857144,68.50594142857143,8.152857142857142,6.200000000000002,9.370000000000001,24.639999999999993,12.31,2.8550000000000004,32.42839071428572
2026-09-13T11:40:00.000Z,MCT2408030,15.142519,74.075003,27,163,408.9375,69.05941374999999,8.299375,6.200000000000002,9.370000000000001,24.639999999999993,12.31,3.0025,32.093421875000004
2026-09-13T11:50:00.000Z,MCT2408030,15.142519,74.075003,27.066666666666666,163,414.6,70.25732466666666,8.491999999999999,6.200000000000002,9.370000000000001,24.70066666666666,12.37266666666667,2.775999999999999,31.794996
2026-09-13T12:00:00.000Z,MCT2408030,15.142519,74.075003,27.125,163,415,71.483178125,8.394375,6.200000000000002,9.370000000000001,24.753749999999997,12.4275,2.4550000000000005,31.522979374999995
2026-09-13T12:10:00.000Z,MCT2408030,15.142519,74.075003,27.466666666666665,163,420.1333333333333,72.33658800000002,8.542666666666666,6.200000000000002,9.370000000000001,25.367999999999995,13.066666666666666,2.4033333333333338,31.230144000000003
2026-09-13T12:20:00.000Z,MCT2408030,15.142519,74.075003,27.4375,163,419.4375,73.26034874999999,8.366249999999999,6.200000000000002,9.42875,25.43687499999999,13.018749999999999,2.64125,31.022250000000003
2026-09-13T12:20:53.930Z,MCT2408030,15.142519,74.075003,27,163,427,73.46014,8.66,6.2,9.37,24.64,12.31,1.99,30.90696
2026-09-13T11:30:00.000Z,MCT2408034,15.356389,74.123611,26.17391304347826,199.2202434782608,414.69565217391306,55.93310260869566,10.22869565217391,5.076086956521739,6.459130434782606,19.613043478260867,10.151304347826086,1.7608695652173914,37.58263347826087
2026-09-13T11:40:00.000Z,MCT2408034,15.356389,74.123611,27.25,188.4240708333333,415.7916666666667,56.85953458333335,9.609166666666667,4.4425,6.911249999999999,21.647499999999997,11.524583333333332,2.129166666666667,37.20616333333334
2026-09-13T11:50:00.000Z,MCT2408034,15.356389,74.123611,29.92,186.15181199999998,414.76,57.801575199999995,9.440400000000002,4.3515999999999995,8.3836,26.7088,14.326799999999999,1.9976000000000003,36.5384932
2026-09-13T12:00:00.000Z,MCT2408034,15.356389,74.123611,27.16,180.72704400000003,416.24,59.544128400000005,8.155200000000002,3.7772,6.925999999999997,21.3448,11.138399999999999,2.704,36.0258316
2026-09-13T12:10:00.000Z,MCT2408034,15.356389,74.123611,26.48,180.118004,419.32,60.62719720000001,7.602400000000001,2.6676000000000006,6.452799999999997,19.956399999999995,10.501199999999999,2.7168000000000005,35.5663692
2026-09-13T12:20:00.000Z,MCT2408034,15.356389,74.123611,26.24,180,419.04,61.267759999999996,7.048000000000003,2.4816,6.416399999999998,19.581599999999995,10.163999999999998,2.7632,35.297812400000005
2026-09-13T12:20:53.922Z,MCT2408034,15.356389,74.123611,26.5,180,420.5,61.974090000000004,7.58,1.78,6.38,20.16,10.780000000000001,3.535,35.25062
2026-09-13T11:30:00.000Z,MCT2408050,15.553611,73.958333,28.428571428571427,86.02999999999999,443.07142857142856,66.88197214285715,12.122857142857141,3.702142857142857,4.240000000000001,13.187142857142856,7.103571428571428,1.0957142857142856,34.58566857142857
2026-09-13T11:40:00.000Z,MCT2408050,15.553611,73.958333,28.5625,86.02999999999999,441.4375,66.48067875000001,12.27,3.7893749999999997,4.399375000000001,13.90125,7.490624999999999,1.051875,34.58164562499999
2026-09-13T11:50:00.000Z,MCT2408050,15.553611,73.958333,28.25,86.02999999999999,450.75,67.11725625,12.046875,3.7118750000000005,4.665,14.706875,7.756875,1.1362500000000002,34.3128475
2026-09-13T12:00:00.000Z,MCT2408050,15.553611,73.958333,28.125,86.02999999999999,437.3125,67.59743125,11.944374999999997,3.643125,4.77125,15.245000000000003,8.075625000000002,1.071875,33.967631250000004
2026-09-13T12:10:00.000Z,MCT2408050,15.553611,73.958333,28.1875,86.02999999999999,436.0625,68.1610525,12.0225,3.7037500000000003,4.930625,15.941875,8.501875000000002,1.008125,33.728328125
2026-09-13T12:20:00.000Z,MCT2408050,15.553611,73.958333,28.25,86.02999999999999,447,69.46568,11.926875,3.5274999999999994,6.045625,18.998125,10.155625,1,33.35027
2026-09-13T12:20:53.922Z,MCT2408050,15.553611,73.958333,28.5,86.03,458.5,70.49231,11.58,3.7199999999999998,7.21,22.33,11.91,1,32.9769
2026-09-13T11:30:00.000Z,MCT2408029,15.333611,74.206944,13.857142857142858,120,633.7857142857143,70.20838857142857,2.7764285714285712,8.206428571428571,2.94,8.918571428571429,4.9592857142857145,4.346428571428571,33.87474214285715
2026-09-13T11:40:00.000Z,MCT2408029,15.333611,74.206944,13.3125,120,640.9375,71.07738875000001,3.4124999999999996,9.165000000000001,3.0506249999999997,9.28375,5.111249999999999,3.7725,33.47628937500001
2026-09-13T11:50:00.000Z,MCT2408029,15.333611,74.206944,13.5,120,650.0625,72.05395125,3.021875,8.100625,3.0137499999999995,9.248125,5.147500000000001,4.094374999999999,33.09621812500001
2026-09-13T12:00:00.000Z,MCT2408029,15.333611,74.206944,15.2,120,605.6,72.881836,4.521,8.879,2.9990000000000006,9.017,4.942,4.022,32.85570499999999
2026-09-13T12:10:00.000Z,MCT2408029,15.333611,74.206944,13.916666666666666,120,640.25,74.14233916666667,2.873333333333333,9.340833333333334,3.1366666666666667,10.065833333333336,5.733333333333333,4.3741666666666665,32.79278416666667
2026-09-13T12:20:00.000Z,MCT2408029,15.333611,74.206944,18.23076923076923,120,621.9230769230769,74.69317153846153,8.506153846153845,10.068461538461538,2.94,9.24846153846154,5.294615384615385,4.458461538461538,32.54707153846154
2026-09-13T12:20:53.948Z,MCT2408029,15.333611,74.206944,12,120,667,75.16913,1.87,9.14,2.94,8.67,4.71,3.59,32.39775
2026-09-13T11:30:00.000Z,MCT2408023,15.499722,74.020833,30.533333333333335,197.86000000000004,409.46666666666664,69.19683866666668,11.42933333333333,18.05,6.340000000000002,18.828666666666667,11.406666666666666,3.9780000000000006,33.365866
2026-09-13T11:40:00.000Z,MCT2408023,15.499722,74.020833,30.75,205.609375,413.125,70.17711874999999,11.091874999999998,18.480625,6.340000000000002,19.075625,11.690625000000002,4.086875,32.842836250000005
2026-09-13T11:50:00.000Z,MCT2408023,15.499722,74.020833,31.625,194.00375,411.5625,71.95906,10.5425,19.379375,6.656875000000002,20.579375,12.86875,3.8843750000000004,32.329374375
2026-09-13T12:00:00.000Z,MCT2408023,15.499722,74.020833,32.5,186.30749999999998,412.875,73.71954312499999,10.009374999999999,20.42375,6.814375000000003,21.529374999999995,13.684375000000001,3.5037499999999993,32.02169562500001
2026-09-13T12:10:00.000Z,MCT2408023,15.499722,74.020833,31.333333333333332,186.99800000000002,416.93333333333334,73.99216733333333,10.126000000000001,20.36666666666666,6.340000000000002,19.756666666666668,12.47,3.7640000000000007,31.804291333333328
2026-09-13T12:20:00.000Z,MCT2408023,15.499722,74.020833,33,200.149375,416.1875,74.15108187500002,10.485624999999997,20.43,6.4975000000000005,21.847500000000004,14.5,4.079375000000001,31.415058125
2026-09-13T12:20:53.997Z,MCT2408023,15.499722,74.020833,33,180.815,418,75.214905,9.64,20.5,6.34,21.53,14.5,3.8150000000000004,31.255525
2026-09-13T11:30:00.000Z,MCT2408040,15.528056,74.020833,18.933333333333334,100,409.93333333333334,64.17720466666665,8.041333333333334,4.716,3.07,8.42,3.7299999999999986,3.5,34.06442466666667
2026-09-13T11:40:00.000Z,MCT2408040,15.528056,74.020833,19,100,412.3125,65.49887125,8.128125,4.632499999999999,3.07,8.42,3.7299999999999986,3.5,33.826192500000005
2026-09-13T11:50:00.000Z,MCT2408040,15.528056,74.020833,19.375,100,412.1875,66.325706875,8.33375,4.670625,3.07,8.42,3.7299999999999986,3.5,33.382445
2026-09-13T12:00:00.000Z,MCT2408040,15.528056,74.020833,19.1875,100,412.25,67.20642562500001,8.246875000000003,4.630625000000001,3.07,8.42,3.7299999999999986,3.5,33.04862562500001
2026-09-13T12:10:00.000Z,MCT2408040,15.528056,74.020833,18.75,100,417.3125,68.264049375,7.961249999999999,4.62875,3.07,8.42,3.7299999999999986,3.5,32.711453750000004
2026-09-13T12:20:00.000Z,MCT2408040,15.528056,74.020833,18.875,100,416.9375,69.38413937499999,7.9475,4.643125,3.07,8.42,3.7299999999999986,3.5,32.37227562499999
2026-09-13T12:20:54.190Z,MCT2408040,15.528056,74.020833,19,100,422,69.35553,7.9,4.41,3.07,8.42,3.73,3.5,32.23687
2026-09-13T11:30:00.000Z,MCT2408027,15.275556,74.1075,45.42857142857143,1188.1299999999999,507,68.76316285714286,6.579999999999999,13.175714285714283,15.638571428571428,47.66571428571429,25.338571428571434,2.95,32.97230428571429
2026-09-13T11:40:00.000Z,MCT2408027,15.275556,74.1075,43.3125,1185.6225000000002,510.25,70.07889125000001,6.579999999999999,13.136874999999998,14.238125,43.864374999999995,23.59125,2.9500000000000006,32.600181875
2026-09-13T11:50:00.000Z,MCT2408027,15.275556,74.1075,43.25,1180.94125,515.9375,71.43835625,6.579999999999999,13.171249999999997,14.423749999999998,43.432500000000005,22.849375000000002,2.9500000000000006,32.273069375
2026-09-13T12:00:00.000Z,MCT2408027,15.275556,74.1075,39.1875,1196.835625,511.25,71.93712749999999,6.579999999999999,13.219374999999996,11.279374999999998,34.9925,18.836875,2.9500000000000006,32.057894375000004
2026-09-13T12:10:00.000Z,MCT2408027,15.275556,74.1075,38.3125,1195.8518750000003,512.375,72.903675,6.579999999999999,13.256874999999999,10.603124999999999,32.650625,17.476875,2.9500000000000006,31.7160325
2026-09-13T12:20:00.000Z,MCT2408027,15.275556,74.1075,37.5625,1184.03375,529.375,74.306053125,6.579999999999999,13.161249999999997,9.924374999999998,31.234375,17.105625000000003,2.9500000000000006,31.347358750000005
2026-09-13T12:20:54.190Z,MCT2408027,15.275556,74.1075,42,1188.65,502,75.20728,6.58,13.1,13.81,40.41,20.75,2.95,31.18581
2026-09-13T11:30:00.000Z,MCT2408049,15.475278,74.055833,56.07142857142857,150.9569,429.85714285714283,61.0983442857143,23.672142857142855,13.367857142857144,3.8299999999999987,11.489999999999998,6.14,2.61,34.432452142857144
2026-09-13T11:40:00.000Z,MCT2408049,15.475278,74.055833,56,150.7449875,439.8125,62.541048749999995,23.563125,14.758750000000001,3.8299999999999987,11.250625000000001,5.899375,2.61,33.930093125000006
2026-09-13T11:50:00.000Z,MCT2408049,15.475278,74.055833,56.375,150,436.75,63.9796675,23.86375,15.353125,3.8299999999999987,11.634375,6.284375000000001,2.61,33.35496312499999
2026-09-13T12:00:00.000Z,MCT2408049,15.475278,74.055833,56.5,150,431.5625,65.609019375,24.075625000000002,17.145,3.878124999999999,11.778125000000003,6.3325000000000005,2.61,33.14247
2026-09-13T12:10:00.000Z,MCT2408049,15.475278,74.055833,56.1875,151.6029375,434.3125,66.108745,23.781875,18.12625,3.9743749999999993,12.590625000000001,6.95375,2.61,32.992318125
2026-09-13T12:20:00.000Z,MCT2408049,15.475278,74.055833,56.375,150.23075,440.9375,66.67761125000001,23.891875,17.97,4.4556249999999995,13.501874999999998,7.003749999999999,2.61,32.60353375
2026-09-13T12:20:54.197Z,MCT2408049,15.475278,74.055833,56,150,435,66.853085,23.545,16.18,4.215,13.79,7.675,2.61,32.55326
2026-09-13T11:30:00.000Z,MCT2408044,15.313669,74.140042,23.928571428571427,214.29,417.85714285714283,64.66508714285715,10.29142857142857,3.3935714285714282,2.87,7.5,4.32,2.3336996428571433,34.05477357142857
2026-09-13T11:40:00.000Z,MCT2408044,15.313669,74.140042,24,214.29,415.125,65.95758875,10.345,3.32,2.8699999999999997,7.5,4.32,2.30016025,33.568123125
2026-09-13T11:50:00.000Z,MCT2408044,15.313669,74.140042,24,214.29,422,68.15580687499998,10.446874999999997,3.32,2.8699999999999997,7.5,4.32,2.3016826875,32.901154999999996
2026-09-13T12:00:00.000Z,MCT2408044,15.313669,74.140042,24.125,214.29,414.75,69.473785,10.531250000000002,3.370625,2.8699999999999997,7.5,4.32,2.3337339375,32.378977500000005
2026-09-13T12:10:00.000Z,MCT2408044,15.313669,74.140042,24.1875,214.29,418,71.02636687500001,10.608749999999999,3.32,2.8699999999999997,7.53125,4.35375,2.3,31.777031250000004
2026-09-13T12:20:00.000Z,MCT2408044,15.313669,74.140042,24.5,214.29,416.8125,72.31382875,10.786249999999997,3.364375,2.9781250000000004,8,4.693125,2.3,31.444553124999995
2026-09-13T12:20:54.210Z,MCT2408044,15.313669,74.140042,24,214.29,411,72.52936,10.57,3.32,3.45,10,5.95,2.3,31.32524
2026-09-13T11:30:00.000Z,MCT2408046,15.529167,74.07,31.136363636363637,100.99136363636363,407.5,56.69420272727273,13.504545454545456,1.2304545454545455,5.5181818181818185,16.106818181818184,7.890000000000004,2.8400000000000016,36.5639609090909
2026-09-13T11:40:00.000Z,MCT2408046,15.529167,74.07,31,95.52,413.44,58.60907079999999,13.344799999999998,1.2008,5.085200000000001,14.3512,6.798000000000003,2.8400000000000016,35.9486116
2026-09-13T11:50:00.000Z,MCT2408046,15.529167,74.07,31,95.52,418.12,60.03820799999998,13.365600000000002,1.0735999999999999,5.060000000000001,14.573200000000002,7.063600000000001,2.8400000000000016,35.4342372
2026-09-13T12:00:00.000Z,MCT2408046,15.529167,74.07,31.24,95.52,413.2,61.702332,13.693599999999998,0.9988000000000002,5.4128,16.218000000000004,8.080400000000001,2.8400000000000016,34.815610799999995
2026-09-13T12:10:00.000Z,MCT2408046,15.529167,74.07,31.72,121.55279999999999,408.48,62.8519284,13.956399999999999,0.8432000000000001,6.749999999999997,20.31,10.015600000000001,2.8400000000000016,34.2982348
2026-09-13T12:20:00.000Z,MCT2408046,15.529167,74.07,31.48,101.4284,404.28,63.7787472,13.854800000000003,0.8708000000000002,6.244399999999997,18.799999999999997,9.3628,2.8400000000000016,33.77356
2026-09-13T12:20:54.250Z,MCT2408046,15.529167,74.07,31.333333333333332,96.46,406.3333333333333,64.77026333333333,13.780000000000001,0.9199999999999999,6.953333333333333,21.11,10.28,2.84,33.55963
2026-09-13T11:30:00.000Z,MCT2408042,15.213889,74.071667,61.333333333333336,188.93333333333334,425.26666666666665,64.21840399999999,26.20333333333333,13.812000000000001,5.459999999999998,17.266666666666666,9.352666666666666,2.45,33.84348666666667
2026-09-13T11:40:00.000Z,MCT2408042,15.213889,74.071667,61.6875,198.36499999999998,423.4375,64.7321175,26.610625000000006,13.81375,5.2325,16.587500000000002,8.8825,2.6756249999999997,33.425345625
2026-09-13T11:50:00.000Z,MCT2408042,15.213889,74.071667,60.9375,165.06375,413.875,66.35479375,26.063125000000003,14.081249999999997,8.417499999999999,26.1625,14.006249999999998,2.30375,32.97623062499999
2026-09-13T12:00:00.000Z,MCT2408042,15.213889,74.071667,60.9375,145.10500000000002,422.0625,68.11527625,25.8875,14.53125,8.758750000000001,26.62,14.123125000000002,1.5087500000000003,32.74698
2026-09-13T12:10:00.000Z,MCT2408042,15.213889,74.071667,60.9375,166.239375,425.3125,69.12188,25.831875,14.522500000000003,6.93875,21.033125000000002,11.158750000000003,1.485,32.623641875000004
2026-09-13T12:20:00.000Z,MCT2408042,15.213889,74.071667,61.0625,121.66874999999999,425.9375,69.82330625,25.85,14.445625,7.5075,22.401249999999997,11.728750000000003,1.1124999999999998,32.477514375
2026-09-13T12:20:54.445Z,MCT2408042,15.213889,74.071667,61,159.99,430,69.94299,25.53,13.91,7.28,20.98,10.93,1.26,32.47282
2026-09-13T11:30:00.000Z,MCT2408041,15.224628,74.171389,31,428.48170666666675,431.4,64.15024866666666,13.372666666666667,9.7,8.090000000000002,20.25,8.900000000000002,7.439333333333333,33.194978
2026-09-13T11:40:00.000Z,MCT2408041,15.224628,74.171389,30.9375,421.5353125,428.875,65.1283675,13.346875,9.7,8.090000000000002,20.25,8.900000000000002,7.48375,32.99701125
2026-09-13T11:50:00.000Z,MCT2408041,15.224628,74.171389,30.8125,411.181975,432.75,65.28906312500001,13.119999999999997,9.7,8.090000000000002,20.25,8.900000000000002,7.564999999999999,32.90718625
2026-09-13T12:00:00.000Z,MCT2408041,15.224628,74.171389,30.5625,418.612025,433.6875,65.347236875,13.051250000000001,9.7,8.090000000000002,20.25,8.900000000000002,7.601875000000001,32.68330125
2026-09-13T12:10:00.000Z,MCT2408041,15.224628,74.171389,30.75,419.48882499999996,431.0625,67.099136875,13.135000000000003,9.7,8.090000000000002,20.25,8.900000000000002,7.695,32.3347375
2026-09-13T12:20:00.000Z,MCT2408041,15.224628,74.171389,30.75,340.63396875,429.3125,68.38087374999999,13.21375,9.7,8.090000000000002,20.300625,8.950625000000002,7.433750000000002,32.06660874999999
2026-09-13T12:20:54.445Z,MCT2408041,15.224628,74.171389,30,300.9977,430,68.82147,12.58,9.7,8.09,20.25,8.9,7.44,31.97947
2026-09-13T11:30:00.000Z,MCT2408037,15.394444,74.118333,26.066666666666666,160.91099333333332,431.46666666666664,60.748556666666666,11.208666666666668,14.217999999999998,3.818666666666666,14.17466666666667,7.546,2.7039999999999997,35.80618266666667
2026-09-13T11:40:00.000Z,MCT2408037,15.394444,74.118333,25.9375,160.7719625,425.0625,63.694520000000004,11.124375,14.244375,4.2749999999999995,15.79125,8.198125,2.4131249999999995,34.793465
2026-09-13T11:50:00.000Z,MCT2408037,15.394444,74.118333,25.6875,160.3429125,425.25,66.9942325,10.810625,14.220625000000002,3.9512499999999995,15.025000000000002,8.056249999999999,1.851875,33.618396874999995
2026-09-13T12:00:00.000Z,MCT2408037,15.394444,74.118333,25.75,160,422.9375,69.54388,10.952499999999999,14.308750000000002,4.414375000000001,16.251875000000002,8.4775,1.489375,32.96751625
2026-09-13T12:10:00.000Z,MCT2408037,15.394444,74.118333,25.625,160,424.375,71.04782437499999,10.806875,14.330625000000003,4.367500000000001,16.66125,8.850624999999999,1.2981250000000002,32.46947
2026-09-13T12:20:00.000Z,MCT2408037,15.394444,74.118333,25.4375,160,420.5,72.18651125,10.66125,14.330625000000001,4.925000000000001,18.808124999999997,10.115625,1.4625000000000001,32.033763125
2026-09-13T12:20:54.444Z,MCT2408037,15.394444,74.118333,25,160,415,72.91846,10.34,14.43,5.95,21.26,11.24,1.48,31.78642
2026-09-13T11:30:00.000Z,MCT2408033,15.346944,74.007778,24.333333333333332,128.19284,479.53333333333336,55.40696333333333,11.579333333333334,5.346,3.5973333333333337,9.434666666666667,5.725333333333334,4.39,37.59798866666666
2026-09-13T11:40:00.000Z,MCT2408033,15.346944,74.007778,22.375,119.92471875000001,486,57.567160625,10.07125,5.324375000000001,3.4112500000000003,8.941875,5.402499999999999,4.39,36.470601875
2026-09-13T11:50:00.000Z,MCT2408033,15.346944,74.007778,22.25,114.75376875,471.375,61.33560625,10.005,5.01,3.2968750000000004,8.81625,5.475625,4.39,35.06360375
2026-09-13T12:00:00.000Z,MCT2408033,15.346944,74.007778,19.875,110,497.3125,64.94717125,8.081249999999997,4.320625000000001,4.166875000000001,10.896875000000001,6.728749999999999,4.39,34.025279999999995
2026-09-13T12:10:00.000Z,MCT2408033,15.346944,74.007778,22.5,110,512.0625,67.44436562499999,8.035,3.6112499999999996,8.597499999999998,21.731249999999996,13.015,4.39,33.314743125
2026-09-13T12:20:00.000Z,MCT2408033,15.346944,74.007778,19,110,503.4375,68.928284375,7.059374999999998,3.161250000000001,4.922499999999999,12.658749999999998,7.758750000000002,4.39,32.974890625
2026-09-13T12:20:54.464Z,MCT2408033,15.346944,74.007778,20,110,482,68.93591,7.71,2.43,4.85,12.31,7.65,4.39,33.00908
2026-09-13T11:30:00.000Z,MCT2408024,15.148056,74.131667,41,216.5057363636364,481.72727272727275,62.53450454545455,16.677689545454545,5.60114127272727,9.084999999999997,27.756818181818186,14.805000000000001,2.4672727272727273,34.62466772727272
2026-09-13T11:40:00.000Z,MCT2408024,15.148056,74.131667,40.32,215.813776,473.72,62.54339519999999,17.278343599999996,6.147186079999999,8.075600000000001,25.46480000000001,13.987200000000003,2.4572,34.6701816
2026-09-13T11:50:00.000Z,MCT2408024,15.148056,74.131667,39.96,214.62507999999997,542,63.1275036,16.998025199999997,5.773160159999998,5.7584,18.228800000000007,10.109600000000004,2.4476000000000004,34.606688000000005
2026-09-13T12:00:00.000Z,MCT2408024,15.148056,74.131667,39.583333333333336,215.39862083333333,551.8333333333334,63.24343083333332,16.602552916666664,5.084776333333333,5.041666666666667,15.490000000000004,8.406666666666668,2.451666666666666,34.37384583333334
2026-09-13T12:10:00.000Z,MCT2408024,15.148056,74.131667,40.12,213.915056,583.36,65.0943604,17.041108800000003,5,5.04,16.190000000000005,9.110000000000003,2.4383999999999997,33.6590172
2026-09-13T12:20:00.000Z,MCT2408024,15.148056,74.131667,40.2,209.71125999999995,567.88,66.77496320000002,17.084422000000004,5.10101008,5.08,15.710000000000004,8.550000000000002,2.4068000000000005,33.277634
2026-09-13T12:20:54.497Z,MCT2408024,15.148056,74.131667,40.5,210.7543,561.5,67.322295,17.37652,6.262626,5,15.989999999999998,8.99,2.37,33.196765
2026-09-13T11:30:00.000Z,MCT2408022,15.475833,74.038889,26,150,438.93333333333334,65.06933733333334,5.705333333333332,11.251139333333333,5,15.4,8.4,4.074306866666666,34.17954266666666
2026-09-13T11:40:00.000Z,MCT2408022,15.475833,74.038889,26.133333333333333,150,437.26666666666665,66.41872133333332,5.548,11.179652666666664,5.066666666666666,15.8,8.666666666666666,4.0051428,33.72050666666667
2026-09-13T11:50:00.000Z,MCT2408022,15.475833,74.038889,26.8125,150,440.6875,67.86827500000001,5.52125,11.291354374999997,5.3125,16.9375,9.3125,3.9902656875000004,33.13241625
2026-09-13T12:00:00.000Z,MCT2408022,15.475833,74.038889,26.875,150,440.75,69.97064875000001,5.235625,11.509224374999999,5.375,17.375,9.625,4.008112250000001,32.538512499999996
2026-09-13T12:10:00.000Z,MCT2408022,15.475833,74.038889,27.6875,150,441.4375,70.756954375,4.96,11.63711125,5.875,18.9375,10.25,3.9638275000000003,31.99689625
2026-09-13T12:20:00.000Z,MCT2408022,15.475833,74.038889,28.9375,150,441,71.69155562499999,5.05,11.51481,6.875,21.4375,11.5,3.9317018125,31.6369325
2026-09-13T12:20:54.702Z,MCT2408022,15.475833,74.038889,29,150,440,72.11737,4.51,11.76205,7,22,12,4.021239,31.48611
2026-09-13T11:30:00.000Z,MCT2408045,15.619444,73.878889,27.133333333333333,178.11999999999995,669,67.65112266666667,11.108666666666666,16.30066666666666,3.5893333333333346,12.588,6.748666666666665,2.5300000000000002,33.30366266666667
2026-09-13T11:40:00.000Z,MCT2408045,15.619444,73.878889,27.375,178.11999999999995,675.125,68.06091624999999,11.209375,16.243125000000003,3.7437500000000012,12.692499999999999,6.680624999999999,2.5300000000000002,33.272513749999995
2026-09-13T11:50:00.000Z,MCT2408045,15.619444,73.878889,27.625,178.11999999999995,669.75,66.871684375,11.515625,15.998749999999998,4.2787500000000005,14.580625,7.598749999999999,2.5300000000000002,33.199448124999996
2026-09-13T12:00:00.000Z,MCT2408045,15.619444,73.878889,27.8125,178.11999999999995,673.125,66.740078125,11.666250000000002,16.36625,3.9956250000000013,13.547500000000001,7.140000000000001,2.5300000000000002,32.869649375
2026-09-13T12:10:00.000Z,MCT2408045,15.619444,73.878889,27.4375,178.11999999999995,660.75,67.68564625,11.315000000000001,16.471875,3.9012500000000006,13.369375000000002,7.070625,2.5300000000000002,32.566665625
2026-09-13T12:20:00.000Z,MCT2408045,15.619444,73.878889,27.0625,178.11999999999995,667.3125,69.063226875,11.02,16.069375,4.939375,16.75375,8.693124999999998,2.5300000000000002,32.30055125
2026-09-13T12:20:54.702Z,MCT2408045,15.619444,73.878889,28,178.12,662,69.96588,11.61,15.7,4.53,15.4,7.92,2.53,32.11889
2026-09-13T11:30:00.000Z,MCT2408032,15.525556,73.828611,34.869565217391305,178.92999999999992,599.7826086956521,72.56651,14.606956521739132,16.276086956521734,7.120000000000002,19.230869565217393,9.23217391304348,1.6256521739130432,32.17904826086956
2026-09-13T11:40:00.000Z,MCT2408032,15.525556,73.828611,35.28,178.92999999999995,598.36,71.93792720000002,15.030000000000005,16.6136,7.120000000000002,18.0924,8.097600000000002,2.146,32.2407328
2026-09-13T11:50:00.000Z,MCT2408032,15.525556,73.828611,35.28,178.92999999999995,601.36,71.6870736,15.042399999999997,16.7256,7.120000000000002,19.058400000000006,9.0592,2.5392000000000006,32.00949800000001
2026-09-13T12:00:00.000Z,MCT2408032,15.525556,73.828611,34.92,178.92999999999995,595.96,72.26568600000002,14.7192,17.187599999999996,7.176800000000003,20.2524,10.1356,2.3947999999999996,31.829317600000003
2026-09-13T12:10:00.000Z,MCT2408032,15.525556,73.828611,35.28,178.92999999999995,596.8,72.30535839999999,15.019199999999998,17.503599999999995,7.120000000000002,19.39880000000001,9.398800000000001,2.790400000000001,31.592074799999995
2026-09-13T12:20:00.000Z,MCT2408032,15.525556,73.828611,34.36,178.92999999999995,600.4,73.14245560000002,14.184799999999997,17.2136,7.460800000000002,21.960000000000004,11.269200000000001,2.6012000000000004,31.205115999999993
2026-09-13T12:20:54.702Z,MCT2408032,15.525556,73.828611,36,178.93,600.5,73.51736,15.6,17.380000000000003,7.12,19.91,9.91,2.3449999999999998,31.06783
2026-09-13T11:30:00.000Z,MCT2408036,15.171567,74.067106,35.357142857142854,120,461.2142857142857,64.89069857142856,11.941428571428574,7.655000000000001,2.6299999999999994,8.107857142857142,4.559285714285714,10.495000000000001,32.995286428571426
2026-09-13T11:40:00.000Z,MCT2408036,15.171567,74.067106,34.8125,120,458.25,66.299005625,10.9975,7.643749999999999,2.7956250000000002,8.67625,4.813125,10.2575,32.836803125
2026-09-13T11:50:00.000Z,MCT2408036,15.171567,74.067106,34.875,120,459.1875,66.6761825,10.583749999999998,7.26875,2.7287500000000002,8.17125,4.46375,10.33125,32.67056375
2026-09-13T12:00:00.000Z,MCT2408036,15.171567,74.067106,35.25,120,466.625,68.199200625,10.92625,6.898125,3.091875,9.626250000000002,5.286874999999998,10.52375,32.372274375
2026-09-13T12:10:00.000Z,MCT2408036,15.171567,74.067106,34,120,444.8666666666667,70.37685133333333,10.503999999999998,6.944,3.858666666666667,11.786,6.518666666666666,9.711333333333334,31.97231733333333
2026-09-13T12:20:00.000Z,MCT2408036,15.171567,74.067106,33.8125,120,455,71.06737500000001,10.002499999999998,6.864375000000001,3.354375,10.415624999999999,5.730625,9.639375000000001,31.943940624999996
2026-09-13T12:20:54.717Z,MCT2408036,15.171567,74.067106,34.5,120,472,71.46124,9.925,7.075,3.9450000000000003,11.395,6.08,10.07,31.81323
2026-09-13T11:30:00.000Z,MCT2408031,15.290833,74.149167,20.533333333333335,163.22944,523.6666666666666,68.78485133333334,7.731840999999999,8.582395266666667,4.983999999999999,13.129333333333332,7.270666666666667,4.009999999999999,32.73165266666666
2026-09-13T11:40:00.000Z,MCT2408031,15.290833,74.149167,21,143.23005,523.7857142857143,70.25143785714286,7.475566785714286,8.225930214285716,5.3742857142857146,14.005714285714285,7.585714285714287,4.009999999999999,32.37629642857143
2026-09-13T11:50:00.000Z,MCT2408031,15.290833,74.149167,22.5625,142.78599375,523.5625,71.58378937499998,7.27671,8.2416048125,6.576249999999997,17.06625,9.226875000000001,4.009999999999999,31.89701875
2026-09-13T12:00:00.000Z,MCT2408031,15.290833,74.149167,21.5,143.05014285714287,520.8571428571429,72.71900285714285,7.465311142857142,9.63920707142857,5.91642857142857,15.371428571428572,8.302142857142856,4.009999999999999,31.591830714285713
2026-09-13T12:10:00.000Z,MCT2408031,15.290833,74.149167,22.5,141.65803749999998,527,73.36620687499999,7.353647437500001,8.9877294375,6.578125,17.038750000000004,9.196250000000001,4.009999999999999,31.325906875000005
2026-09-13T12:20:00.000Z,MCT2408031,15.290833,74.149167,22.4,140,523.2666666666667,73.92299400000002,7.253941266666664,8.216991799999999,6.475999999999998,16.87,9.080666666666668,4.009999999999999,31.130754000000003
2026-09-13T12:20:54.754Z,MCT2408031,15.290833,74.149167,22,140,523,74.444335,7.434544,8.732778,5.95,15.435,8.335,4.01,30.992755000000002
2026-09-13T11:30:00.000Z,MCT2408039,15.163611,74.110833,29,303.5671428571428,413.42857142857144,62.65201714285714,10.16285714285714,10.299999999999999,9.019999999999998,28.94,11.76,2.3000000000000003,33.781282857142855
2026-09-13T11:40:00.000Z,MCT2408039,15.163611,74.110833,29.5,284.1912500000001,403.0625,64.03784125,12.71125,10.3,9.019999999999998,28.94,11.759999999999998,2.3,33.316083750000004
2026-09-13T11:50:00.000Z,MCT2408039,15.163611,74.110833,29.4375,267.915625,377.5,65.681023125,11.789374999999998,10.3,9.019999999999998,28.94,11.759999999999998,2.3,32.89042874999999
2026-09-13T12:00:00.000Z,MCT2408039,15.163611,74.110833,29.8125,284.97062500000004,436.9375,67.10390375000001,13.2425,10.3,9.019999999999998,28.94,11.759999999999998,2.3,32.516391875
2026-09-13T12:10:00.000Z,MCT2408039,15.163611,74.110833,30.3125,269.01937499999997,440.5,68.46145999999999,14.260000000000002,10.3,9.019999999999998,28.94,11.759999999999998,2.3,32.15710250000001
2026-09-13T12:20:00.000Z,MCT2408039,15.163611,74.110833,31.375,206.833125,440.8125,69.6030075,15.519375000000002,10.3,9.019999999999998,29.004375000000003,11.878749999999998,2.3,31.866184999999998
2026-09-13T12:20:54.955Z,MCT2408039,15.163611,74.110833,31.5,185.22500000000002,465,70.358795,15.495,10.3,9.02,29.455,12.16,2.3,31.700615
2026-09-13T11:30:00.000Z,MCT2408038,15.188889,74.055556,22,353.226,646.8666666666667,58.034526,9.474666666666666,13.330000000000005,6.344666666666667,18.15866666666667,8.762666666666666,4.5120000000000005,35.55879066666667
2026-09-13T11:40:00.000Z,MCT2408038,15.188889,74.055556,21.4375,342.44125,674.625,60.39862125000001,9.281249999999996,13.330000000000005,6.018750000000002,17.21,8.1875,4.47875,34.688225625
2026-09-13T11:50:00.000Z,MCT2408038,15.188889,74.055556,61.266666666666666,270.8446666666666,676.7333333333333,62.545024000000005,8.854666666666667,13.330000000000005,32.27533333333333,95.02999999999999,48.647333333333336,4.365333333333333,33.989348666666665
2026-09-13T12:00:00.000Z,MCT2408038,15.188889,74.055556,41.9375,246.52374999999995,657.875,64.25051,8.539375,13.330000000000005,20.9375,60.264375,30.085624999999993,4.276250000000001,33.73235
2026-09-13T12:10:00.000Z,MCT2408038,15.188889,74.055556,25.8125,269.888125,688.8125,65.397780625,8.573125000000001,13.330000000000005,9.20625,27.89625,14.653124999999998,4.288125,33.580188750000005
2026-09-13T12:20:00.000Z,MCT2408038,15.188889,74.055556,21.9375,305.46312499999993,688.5,66.30377250000001,8.453124999999998,13.330000000000005,6.86875,19.943749999999998,9.915,4.33875,33.334852500000004
2026-09-13T12:20:54.958Z,MCT2408038,15.188889,74.055556,22,308.365,687,67.07434,8.485,13.33,7,20.38,10.475,4.295,33.105599999999995
2026-09-13T11:30:00.000Z,MCT2408035,15.236111,74.125,49.86666666666667,190,622.8666666666667,62.74237,21.49119466666667,9.015333333333334,3.799999999999999,10.341333333333331,5.058666666666666,5.102666666666667,34.03296466666667
2026-09-13T11:40:00.000Z,MCT2408035,15.236111,74.125,49.375,190,627.875,63.51570562499999,20.981560625,8.33875,3.799999999999999,10.308749999999998,5.025624999999999,5.57625,33.86507125
2026-09-13T11:50:00.000Z,MCT2408035,15.236111,74.125,48.4375,190,625.125,63.710733125,20.25437,8.16875,3.799999999999999,10.19,4.909999999999998,5.163124999999999,33.748436874999996
2026-09-13T12:00:00.000Z,MCT2408035,15.236111,74.125,49.0625,190,606.0625,64.71065875,20.729281875,8.328125,3.799999999999999,10.19,4.909999999999998,5.6000000000000005,33.415291875
2026-09-13T12:10:00.000Z,MCT2408035,15.236111,74.125,48.5625,190,608.1875,66.09491687500001,20.284015625000002,8.346250000000001,3.799999999999999,10.354999999999999,5.0737499999999995,5.636249999999999,33.006393125
2026-09-13T12:20:00.000Z,MCT2408035,15.236111,74.125,47.75,190,616.3125,67.98414625,19.537061249999997,7.824375000000002,3.799999999999999,10.19,4.909999999999998,5.7925,32.482206875
2026-09-13T12:20:54.957Z,MCT2408035,15.236111,74.125,46,190,616,68.7757,17.84784,8.29,3.8,10.19,4.91,6.6,32.26905
2026-09-13T11:30:00.000Z,MCT2408026,15.2467,74.198281,117,125,417.04545454545456,56.69004090909091,13.568606363636366,12.5,6.360454545454545,19.650000000000002,10.256363636363636,50.18409090909092,36.605885909090894
2026-09-13T11:40:00.000Z,MCT2408026,15.2467,74.198281,117,125,409.6666666666667,55.868667499999994,13.560843750000004,12.5,6.185416666666669,20.10875,11.008333333333335,50.35624999999999,37.055564999999994
2026-09-13T11:50:00.000Z,MCT2408026,15.2467,74.198281,117,125,413.4583333333333,56.69550291666667,13.388443749999999,12.5,9.569583333333332,30.665416666666673,16.755416666666665,50.15,36.567576249999995
2026-09-13T12:00:00.000Z,MCT2408026,15.2467,74.198281,117,125,408.4,58.1921996,13.512595999999998,12.5,11.0776,34.8928,18.592,50.215999999999994,35.872249599999996
2026-09-13T12:10:00.000Z,MCT2408026,15.2467,74.198281,117,125,409.9166666666667,59.32351166666667,13.598055833333333,12.5,9.098333333333334,29.618750000000002,16.312500000000007,50.237500000000004,35.31899458333333
2026-09-13T12:20:00.000Z,MCT2408026,15.2467,74.198281,117,125,417.4166666666667,61.11483000000001,13.438844999999999,12.5,8.310416666666669,26.152083333333334,14.062499999999998,50.125,34.778717916666665
2026-09-13T12:20:54.976Z,MCT2408026,15.2467,74.198281,117,125,413.6666666666667,62.43566666666667,13.466300000000002,12.5,5.673333333333333,19.66333333333333,11.25,49.9,34.288936666666665
