time,device_id,latitude,longitude,aqi,co,co2,hum,no2,o3,pm1,pm10,pm25,so2,temp
2026-09-22T19:40:00.000Z,MCT2408020,15.543475,74.039433,63.53333333333333,180,680.7333333333333,85.4474486666667,9.006936,18.936310666666664,24.924666666666667,76.04866666666665,39.96,3.6599999999999984,28.251421999999998
2026-09-22T19:50:00.000Z,MCT2408020,15.543475,74.039433,63.875,180,685.5,85.358660625,9.1362361875,18.709005624999996,25.106875000000006,76.71000000000001,40.25062500000001,3.6599999999999984,28.314839374999995
2026-09-22T20:00:00.000Z,MCT2408020,15.543475,74.039433,63.375,180,683.0625,85.47024062500002,8.795386250000002,18.919468749999997,24.643125000000005,75.66437499999999,40.018125000000005,3.6599999999999984,28.32221062499999
2026-09-22T20:10:00.000Z,MCT2408020,15.543475,74.039433,64.9375,180,671.75,85.46642562500001,8.990715,18.855009374999998,25.685624999999998,78.635,41.413125,3.6599999999999984,28.351705624999994
2026-09-22T20:20:00.000Z,MCT2408020,15.543475,74.039433,65.125,180,671,85.27712374999999,8.966916562500002,19.050915000000003,25.91375000000001,79.10249999999999,41.645625,3.6599999999999984,28.441529375000002
2026-09-22T20:30:00.000Z,MCT2408020,15.543475,74.039433,63.625,180,672.4375,85.24326812500003,8.9298536875,18.95674875,24.990000000000006,76.30437500000001,40.07625000000001,3.6599999999999984,28.434825625000002
2026-09-22T19:40:00.000Z,MCT2408028,15.186944,74.096667,44,456.54999999999995,492.4583333333333,89.21230041666668,19.33916666666666,12.449999999999996,11.613750000000001,37.49458333333332,20.91833333333333,2.969583333333333,25.724055416666676
2026-09-22T19:50:00.000Z,MCT2408028,15.186944,74.096667,43.96,452.7768000000001,494.96,89.12512119999998,19.350799999999996,12.307599999999995,11.469600000000003,35.637199999999986,19.28559999999999,2.7036000000000002,25.721588799999996
2026-09-22T20:00:00.000Z,MCT2408028,15.186944,74.096667,44.09090909090909,449.22818181818184,502.40909090909093,89.30015681818185,19.46772727272727,12.412727272727269,10.80818181818182,35.65954545454545,20.244545454545452,2.629090909090909,25.76378636363636
2026-09-22T20:10:00.000Z,MCT2408028,15.186944,74.096667,44.2,446.0924,497.72,89.25695840000002,19.563999999999993,12.449999999999996,11.189200000000003,36.710399999999986,20.717599999999997,2.3712,25.8031
2026-09-22T20:20:00.000Z,MCT2408028,15.186944,74.096667,44.08,443.49640000000005,497.36,89.22064199999998,19.453999999999997,12.343199999999998,11.388800000000002,36.82999999999999,20.559599999999996,2.2976,25.880748400000005
2026-09-22T20:30:00.000Z,MCT2408028,15.186944,74.096667,43.75,436.4425000000001,505.75,89.47805833333332,19.12583333333333,11.936666666666666,11.697500000000003,38.157499999999985,21.499166666666667,2.9275000000000007,25.89431458333333
2026-09-22T20:30:22.666Z,MCT2408028,15.186944,74.096667,44,442.23,510,89.39795,19.33,11.56,11.99,39.77,22.87,1.24,25.95196
2026-09-22T19:40:00.000Z,MCT2408053,15.263333,74.110833,93.0625,224.32220625,685.125,91.394944375,14.56875,21.262499999999996,9.467500000000001,32.754375,21.430625000000003,29.769374999999997,26.377615625000004
2026-09-22T19:50:00.000Z,MCT2408053,15.263333,74.110833,93.6,229.55856000000003,679.3333333333334,91.18882266666665,16.334666666666667,21.85866666666666,11.265333333333333,38.30733333333333,24.517333333333333,30.083333333333332,26.285872
2026-09-22T20:00:00.000Z,MCT2408053,15.263333,74.110833,93.625,230.26113124999998,645.3125,90.61054562500001,14.197500000000002,22.451249999999998,10.675,36.46,23.61875,30.1275,26.214059374999998
2026-09-22T20:10:00.000Z,MCT2408053,15.263333,74.110833,94.4375,232.10586875000004,649.8125,90.42601062499999,13.610000000000001,21.604375,10.559999999999999,36.825,24.183125,30.698749999999997,26.101443124999996
2026-09-22T20:20:00.000Z,MCT2408053,15.263333,74.110833,94.5,233.67541250000005,665.8125,90.771716875,14.34,21.629374999999996,10.215,34.75875,22.278125000000003,30.691249999999997,26.037092499999993
2026-09-22T20:30:00.000Z,MCT2408053,15.263333,74.110833,95.875,233.76829374999994,645.375,90.93288874999999,17.159375,21.755624999999995,9.87,33.4825,21.501250000000002,31.521250000000002,26.005589999999998
2026-09-22T20:30:22.865Z,MCT2408053,15.263333,74.110833,95,219.0428,675,90.85516,17.63,22.64,10.1,36.95,24.82,31.29,26.01631
2026-09-22T19:40:00.000Z,MCT2408052,15.444425,74.063856,22,160,778.2666666666667,87.70473066666665,3.5072282666666665,8,7.291333333333332,20.919333333333334,10.127333333333333,2,27.946118
2026-09-22T19:50:00.000Z,MCT2408052,15.444425,74.063856,22.5,160,785.875,87.78385562499997,3.5558335000000003,8,7.8393749999999995,22.198124999999997,10.595624999999998,2,27.897899375
2026-09-22T20:00:00.000Z,MCT2408052,15.444425,74.063856,21.5,160,788.4375,87.813418125,3.5265351249999997,8,6.898749999999999,20.000625,9.75375,2,27.862373749999993
2026-09-22T20:10:00.000Z,MCT2408052,15.444425,74.063856,22.125,160,790.3125,87.81628124999999,3.5638597500000007,8,7.504999999999999,21.401249999999997,10.271875000000001,2,27.84025250000001
2026-09-22T20:20:00.000Z,MCT2408052,15.444425,74.063856,22.375,160,786.875,88.04659312499997,3.508245875,8,7.650624999999998,21.637500000000003,10.314375,2,27.851647500000006
2026-09-22T20:30:00.000Z,MCT2408052,15.444425,74.063856,20.5,160,785.5625,87.94741062499999,3.5272809374999996,8,6.231249999999998,18.234375,9.015624999999998,2,27.920020624999992
2026-09-22T20:30:22.873Z,MCT2408052,15.444425,74.063856,21,160,785,87.98651,3.64,8,6.36,18.62,9.32,2,27.92538
2026-09-22T19:40:00.000Z,MCT2408056,15.579167,73.920833,61.6,180,564.0666666666667,88.68027800000002,6.838000000000002,9.514396600000001,21.831999999999997,64.90533333333333,35.73800000000001,1.5599999999999998,27.706586000000005
2026-09-22T19:50:00.000Z,MCT2408056,15.579167,73.920833,61.125,180,551.5625,88.90013187500001,6.645,9.3337730625,21.521874999999994,64.263125,35.32125,1.5599999999999998,27.700150000000004
2026-09-22T20:00:00.000Z,MCT2408056,15.579167,73.920833,60,180,554.9375,88.766139375,6.6606250000000005,9.998384937500001,20.87687499999999,61.986875000000005,33.74,1.5599999999999998,27.700150000000004
2026-09-22T20:10:00.000Z,MCT2408056,15.579167,73.920833,58.1875,180,567.25,88.71654687499999,6.8793750000000005,9.874852250000002,19.650625,58.17562499999998,31.749375000000004,1.5868749999999998,27.700150000000004
2026-09-22T20:20:00.000Z,MCT2408056,15.579167,73.920833,58.6875,180,559.6875,89.05701,6.68625,9.282717062500002,19.766875,59.14312500000001,32.510625000000005,1.5606249999999997,27.692776875
2026-09-22T20:30:00.000Z,MCT2408056,15.579167,73.920833,57.5625,180,563.625,89.3302375,6.802499999999999,9.652141437500001,19.12125,56.978750000000005,31.280625000000004,1.6012499999999998,27.683395625000006
2026-09-22T20:30:22.916Z,MCT2408056,15.579167,73.920833,57,180,562,89.19958,6.89,9,18.77,56.47,30.93,1.56,27.68943
2026-09-22T19:40:00.000Z,MCT2408057,15.272222,74.104722,32.375,330.42125000000004,448.5833333333333,85.28252624999999,12.124583333333334,9.34208333333333,10.30583333333333,29.990833333333324,15.68083333333334,1.9087499999999997,27.860138333333328
2026-09-22T19:50:00.000Z,MCT2408057,15.272222,74.104722,32.08,331.57720000000006,455.76,85.36260880000002,12.212399999999997,9.2868,10.131999999999998,29.244400000000006,15.186399999999994,1.8944000000000003,27.864894000000003
2026-09-22T20:00:00.000Z,MCT2408057,15.272222,74.104722,31.24,331.68880000000007,458.08,85.38519240000001,12.284,9.362,9.632399999999997,27.502,14.102799999999997,2.0447999999999995,27.817703599999994
2026-09-22T20:10:00.000Z,MCT2408057,15.272222,74.104722,29.88,335.36199999999997,454.44,85.37817240000003,12.4548,9.240800000000002,9.011599999999998,25.782400000000003,13.106399999999999,1.9384000000000001,27.781236000000003
2026-09-22T20:20:00.000Z,MCT2408057,15.272222,74.104722,29.6,335.01759999999996,459.56,85.3726808,12.390799999999999,9.2448,8.6056,25.217599999999997,13.128,2.0671999999999997,27.746484799999998
2026-09-22T20:30:00.000Z,MCT2408057,15.272222,74.104722,29.44,333.37760000000003,452.32,85.41540480000002,12.363999999999999,9.297199999999997,8.6044,24.764399999999995,12.664000000000001,2.1368,27.7134508
2026-09-22T20:30:22.928Z,MCT2408057,15.272222,74.104722,30,328.72,453,85.40778,12.28,8.95,8.34,25.44,13.84,2.62,27.71088
2026-09-22T19:40:00.000Z,MCT2408055,15.585833,73.885556,71.5,85.083125,800.9375,87.00613437499999,9.326875,5.784999999999999,14.773749999999998,42.23000000000001,23.005000000000003,21.782499999999995,28.02928125
2026-09-22T19:50:00.000Z,MCT2408055,15.585833,73.885556,71.875,82.84000000000002,820.125,87.23167812500002,9.498125,5.7749999999999995,15.251874999999998,43.423125000000006,23.518750000000004,21.812499999999996,27.9468325
2026-09-22T20:00:00.000Z,MCT2408055,15.585833,73.885556,72.0625,81.79999999999998,840.8125,87.38235937500001,9.498125,6.245,15.381249999999998,43.91499999999999,23.775000000000006,22.042499999999997,27.883153124999996
2026-09-22T20:10:00.000Z,MCT2408055,15.585833,73.885556,72.0625,77.241875,848.3125,87.51396500000001,9.45,6.240000000000001,15.251249999999999,43.46375,23.518125000000005,21.959375,27.877791249999998
2026-09-22T20:20:00.000Z,MCT2408055,15.585833,73.885556,71.6875,75.60624999999999,840.125,87.61696187500002,9.505624999999998,6.115000000000001,15.381874999999997,43.585625,23.476250000000004,21.713749999999997,27.913985625000006
2026-09-22T20:30:00.000Z,MCT2408055,15.585833,73.885556,71.8125,79.499375,829.4375,87.7452325,9.233125,6.23,15.120624999999997,42.96875000000001,23.176250000000003,21.796874999999996,27.9066125
2026-09-22T19:40:00.000Z,MCT2408043,15.221111,74.087222,53.6,196.76533333333336,679.1333333333333,85.9347126666667,14.193999999999997,10.129333333333333,13.086,41.11266666666667,22.036,5.290000000000001,26.741332000000003
2026-09-22T19:50:00.000Z,MCT2408043,15.221111,74.087222,57.0625,197.04062500000003,676,86.241286875,14.153749999999999,10.23125,15.987500000000002,48.44,24.819999999999997,5.290000000000001,26.669871250000003
2026-09-22T20:00:00.000Z,MCT2408043,15.221111,74.087222,55.9375,192.82062500000004,667.5625,86.58413125000001,14.218749999999995,10.166249999999998,15.355,47.071875000000006,24.419999999999995,5.290000000000001,26.633675625000002
2026-09-22T20:10:00.000Z,MCT2408043,15.221111,74.087222,54.4375,195.30374999999998,663.8125,86.90981312500001,14.213124999999998,10.259999999999998,13.93,44.014375,23.619999999999997,5.290000000000001,26.685288124999992
2026-09-22T20:20:00.000Z,MCT2408043,15.221111,74.087222,56.25,192.70312500000003,668.625,87.40381625,14.241249999999997,10.11,15.513125000000002,47.233125,24.339999999999996,5.290000000000001,26.697353749999998
2026-09-22T20:30:00.000Z,MCT2408043,15.221111,74.087222,53.5625,194.0175,672.8125,87.18685499999998,14.219374999999996,10.221874999999999,13.850624999999999,42.96874999999999,22.66,5.290000000000001,26.766401875
2026-09-22T19:40:00.000Z,MCT2408021,15.500556,74.053333,50.06666666666667,375,529.8666666666667,83.95666466666665,21.564666666666664,14.726659333333332,8.633999999999997,26.377999999999997,16.442666666666664,4.227333333333333,28.29503933333333
2026-09-22T19:50:00.000Z,MCT2408021,15.500556,74.053333,50.0625,375,522.625,84.199946875,21.59375,14.688774375,8.303125,25.299374999999998,15.741874999999997,4.220625,28.235738125000005
2026-09-22T20:00:00.000Z,MCT2408021,15.500556,74.053333,49.8125,375,519.6875,84.3697025,21.489375000000003,14.673068749999999,7.976250000000002,24.946875000000002,15.831250000000002,4.225625,28.202221875
2026-09-22T20:10:00.000Z,MCT2408021,15.500556,74.053333,49.625,375,527.1875,84.47842,21.33125,14.675350624999997,7.44,23.151875,14.582500000000003,4.242500000000001,28.211605000000006
2026-09-22T20:20:00.000Z,MCT2408021,15.500556,74.053333,50,375,534.2666666666667,84.99324533333332,21.547333333333334,14.683704666666669,7.714,24.028,15.174,4.212,28.232117999999996
2026-09-22T20:30:00.000Z,MCT2408021,15.500556,74.053333,49.625,375,536.3125,84.947150625,21.356250000000006,14.675351250000002,7.767500000000001,23.50375,14.523750000000001,4.219375,28.243110625
2026-09-22T20:30:23.076Z,MCT2408021,15.500556,74.053333,50,375,551,84.83557,21.38,14.60481,7.62,24.35,15.71,4.19,28.25786
2026-09-22T19:40:00.000Z,MCT2408051,15.486528,74.033889,51.266666666666666,351.494,583.9333333333333,93.93896466666665,21.65066666666667,5.1899999999999995,12.770666666666667,39.73399999999999,21.36533333333334,4.39,27.35981133333333
2026-09-22T19:50:00.000Z,MCT2408051,15.486528,74.033889,51.3125,352.40374999999995,575.125,93.661828125,21.680000000000003,5.1899999999999995,12.400625,38.882499999999986,21.042500000000004,4.39,27.40923749999999
2026-09-22T20:00:00.000Z,MCT2408051,15.486528,74.033889,51.3125,349.7,574.375,93.30086187500001,21.680000000000003,5.1899999999999995,12.478749999999998,39.15312499999999,21.159375000000004,4.39,27.521849999999997
2026-09-22T20:10:00.000Z,MCT2408051,15.486528,74.033889,51.0625,349.21874999999994,581,93.21503125000002,21.520000000000003,5.1899999999999995,12.206874999999998,38.258749999999985,20.69375,4.39,27.580836250000004
2026-09-22T20:20:00.000Z,MCT2408051,15.486528,74.033889,51.3125,345.80625,570.375,93.21693812500001,21.683124999999997,5.1899999999999995,12.284999999999998,38.25875,20.615000000000002,4.39,27.591561875
2026-09-22T20:30:00.000Z,MCT2408051,15.486528,74.033889,51.4375,341.918125,554.375,93.08008625000001,21.75375,5.1899999999999995,11.465624999999998,36.553125,20.148125,4.409375,27.615022499999995
2026-09-22T20:30:23.119Z,MCT2408051,15.486528,74.033889,51,338.26,587,93.14398,21.48,5.19,12.44,38.53,20.54,4.39,27.5929
2026-09-22T19:40:00.000Z,MCT2408050,15.553611,73.958333,53.625,86.02999999999999,630.3125,91.18370375,11.2625,4.218125,19.985000000000003,61.345,31.948125,2.3675,27.037878125
2026-09-22T19:50:00.000Z,MCT2408050,15.553611,73.958333,56.125,86.02999999999999,645,91.16653937500003,11.231874999999999,4.310625,21.52375,66.33874999999999,34.816875,2.3612500000000005,27.100216874999994
2026-09-22T20:00:00.000Z,MCT2408050,15.553611,73.958333,55.25,86.02999999999999,649.5,91.36538000000002,11.316875000000001,4.189375,21.205000000000005,64.72625000000001,33.8075,2.516875,27.12904125
2026-09-22T20:10:00.000Z,MCT2408050,15.553611,73.958333,54.375,86.02999999999999,644.4375,91.32532562499998,11.088125000000003,4.295625,20.518124999999998,63.01,32.957499999999996,2.2950000000000004,27.080777499999996
2026-09-22T20:20:00.000Z,MCT2408050,15.553611,73.958333,57.1875,86.02999999999999,646.5,91.40018937500001,11.121250000000002,4.26375,22.316875,68.7,35.9325,2.5031250000000003,27.089491875
2026-09-22T20:30:00.000Z,MCT2408050,15.553611,73.958333,58.5,86.02999999999999,641.5625,91.34153625000002,10.968750000000002,4.360625000000001,23.21875,71.06,36.995,2.5937499999999996,27.161217500000006
2026-09-22T19:40:00.000Z,MCT2408034,15.356389,74.123611,49.34782608695652,180,494.82608695652175,71.87290043478258,6.171304347826089,4.728695652173912,14.382173913043482,45.789565217391306,24.54304347826087,1.1317391304347824,32.30821652173913
2026-09-22T19:50:00.000Z,MCT2408034,15.356389,74.123611,49,180,494.12,71.76214639999998,6.176000000000003,4.4872000000000005,14.143199999999997,44.97920000000001,23.929600000000004,1.178,32.27548240000001
2026-09-22T20:00:00.000Z,MCT2408034,15.356389,74.123611,48.458333333333336,180,499.875,71.6821779166667,6.150000000000002,4.744999999999999,13.783749999999996,44.66416666666668,24.066249999999997,1.2008333333333332,32.15821791666668
2026-09-22T20:10:00.000Z,MCT2408034,15.356389,74.123611,49.24,180,505.76,71.82257,6.202000000000002,4.2796,14.691200000000004,46.516000000000005,24.753600000000006,1.1515999999999997,32.113744
2026-09-22T20:20:00.000Z,MCT2408034,15.356389,74.123611,49.08,180,503.52,71.88055479999998,6.1956000000000016,4.7928,14.616800000000003,46.104,24.491200000000006,1.1531999999999998,32.06784160000001
2026-09-22T20:30:00.000Z,MCT2408034,15.356389,74.123611,48.791666666666664,181.4385166666667,504.25,71.98640083333333,6.150000000000002,4.807083333333334,14.390416666666667,45.56375,24.260833333333338,1.1374999999999995,32.008067083333316
2026-09-22T20:30:23.141Z,MCT2408034,15.356389,74.123611,49,180,507,72.08685,6.15,4.86,14.58,45.02,23.44,1.11,32.00092
2026-09-22T19:40:00.000Z,MCT2408030,15.142519,74.075003,34.6,163.5889733333333,600.3333333333334,81.82348600000002,8.989333333333336,6.200000000000002,9.370000000000001,26.278000000000002,14.011333333333333,4.482,27.311906666666676
2026-09-22T19:50:00.000Z,MCT2408030,15.142519,74.075003,35.5625,163.4806375,592.1875,81.87870374999999,9.010000000000002,6.200000000000002,9.370000000000001,27.884374999999995,15.678749999999999,4.5181249999999995,27.3013175
2026-09-22T20:00:00.000Z,MCT2408030,15.142519,74.075003,35.4375,163.2951625,592.125,82.01030999999999,8.966249999999999,6.200000000000002,9.42875,27.59875,15.265625,4.466875,27.30735
2026-09-22T20:10:00.000Z,MCT2408030,15.142519,74.075003,40.3125,163.0793,597.1875,82.0374875,8.898750000000001,6.200000000000002,12.360000000000001,37.579375000000006,21.003125,4.320000000000001,27.364326249999998
2026-09-22T20:20:00.000Z,MCT2408030,15.142519,74.075003,38.5,163,600.6875,82.08899000000002,9.02375,6.200000000000002,11.246875000000001,34.100625,19.05125,4.344374999999999,27.342875000000006
2026-09-22T20:30:00.000Z,MCT2408030,15.142519,74.075003,38.9375,163.15565625,604.6875,82.14525500000002,8.945625,6.200000000000002,11.831250000000002,35.868125,19.938749999999995,4.475,27.344888124999994
2026-09-22T19:40:00.000Z,MCT2408029,15.333611,74.206944,28.133333333333333,120,828.2666666666667,90.90195733333333,3.6333333333333333,8.565333333333335,9.175999999999998,28.940666666666665,16.27466666666667,3.6633333333333336,27.30046666666667
2026-09-22T19:50:00.000Z,MCT2408029,15.333611,74.206944,27.75,120,840.8125,90.94862750000001,3.726875,8.2275,9.042499999999999,28.214999999999993,15.623749999999998,3.7125,27.328129375
2026-09-22T20:00:00.000Z,MCT2408029,15.333611,74.206944,27.1875,120,846.0625,91.17082875000001,4.811875,8.873125,8.603124999999997,27.421875000000004,15.440624999999999,3.780625,27.304666875
2026-09-22T20:10:00.000Z,MCT2408029,15.333611,74.206944,27.25,120,869.5,91.25618187500001,3.601875,9.5425,8.638749999999998,27.456249999999997,15.366875,3.769375,27.317403750000004
2026-09-22T20:20:00.000Z,MCT2408029,15.333611,74.206944,27.133333333333333,120,862.6,91.27935800000002,5.287999999999999,8.656,8.665333333333331,26.898,14.745333333333331,3.5679999999999996,27.332642000000007
2026-09-22T20:30:00.000Z,MCT2408029,15.333611,74.206944,26.25,120,873.5625,91.29766750000002,4.494375,8.433750000000002,8.054375,25.325625,14.118125000000001,3.60125,27.320754375
2026-09-22T20:30:23.288Z,MCT2408029,15.333611,74.206944,27,120,894,91.20612,8.07,8.56,8.24,26.59,15.29,3.5,27.31405
2026-09-22T19:40:00.000Z,MCT2408023,15.499722,74.020833,73.46666666666667,176.91800000000003,541,90.99554533333335,8.472,19.648,23.99533333333333,74.55000000000001,46.11,4.832,27.080958666666668
2026-09-22T19:50:00.000Z,MCT2408023,15.499722,74.020833,71.6875,183.41375,537.625,90.87900562500002,9.053749999999999,19.112499999999997,23.209375,71.87062499999998,44.315625,4.888125,27.023133125
2026-09-22T20:00:00.000Z,MCT2408023,15.499722,74.020833,71.1875,186.37312499999996,546.9375,91.100256875,9.003124999999999,18.866875,22.496875,70.130625,43.590624999999996,4.678125000000001,26.905156874999996
2026-09-22T20:10:00.000Z,MCT2408023,15.499722,74.020833,71.875,188.60625,533.9375,91.34964312500001,8.5325,19.459374999999998,22.734375,71.31625000000001,44.496875,4.735625,26.895102499999993
2026-09-22T20:20:00.000Z,MCT2408023,15.499722,74.020833,71.625,196.868125,531.375,91.30672750000001,9.084375,19.534374999999997,22.892500000000002,71.23875000000001,44.134375,4.838125000000001,26.913870624999994
2026-09-22T20:30:00.000Z,MCT2408023,15.499722,74.020833,72.13333333333334,190.20333333333335,526.6666666666666,91.45330733333334,8.737333333333334,19.101333333333333,22.981999999999996,71.93466666666669,44.75666666666667,4.542000000000001,26.85215666666666
2026-09-22T20:30:23.327Z,MCT2408023,15.499722,74.020833,72,183.37,528,91.68677,8.55,18.61,24.08,73.45,44.95,4.32,26.84215
2026-09-22T19:40:00.000Z,MCT2408027,15.275556,74.1075,70.5,681.3562499999999,565.1875,89.50905125000001,6.579999999999999,12.581249999999997,28.599999999999994,85.26375000000002,44.46562500000001,2.9500000000000006,27.071395625000008
2026-09-22T19:50:00.000Z,MCT2408027,15.275556,74.1075,74.8125,679.268125,590.1875,89.50094562500001,6.579999999999999,13.022499999999997,31.1875,93.889375,49.46937499999999,2.9500000000000006,27.04592375
2026-09-22T20:00:00.000Z,MCT2408027,15.275556,74.1075,76.5625,680.965,573.6875,89.63684375000003,6.579999999999999,13.022499999999997,31.989375,96.10750000000003,50.39624999999998,2.9500000000000006,26.974868750000006
2026-09-22T20:10:00.000Z,MCT2408027,15.275556,74.1075,69.3125,682.3349999999999,563.25,89.66641,6.579999999999999,12.870624999999997,27.367499999999996,81.93625,42.738125,2.9500000000000006,26.92861875
2026-09-22T20:20:00.000Z,MCT2408027,15.275556,74.1075,66.6875,680.2950000000001,578.6875,89.86286625000002,6.579999999999999,12.95875,25.578125,76.70062499999999,40.205625,2.9500000000000006,26.879014375
2026-09-22T20:30:00.000Z,MCT2408027,15.275556,74.1075,67.0625,679.7868749999999,595.9375,89.79944625,6.579999999999999,12.846249999999996,25.888125,77.44,40.32875,2.9500000000000006,26.901136249999993
2026-09-22T19:40:00.000Z,MCT2408040,15.528056,74.020833,18.733333333333334,100,516,87.69659466666664,7.784666666666667,4.7266666666666675,3.909333333333332,11.556666666666667,5.614,3.5,27.798112
2026-09-22T19:50:00.000Z,MCT2408040,15.528056,74.020833,18.5625,100,528,87.72520249999997,7.743125,4.684375,3.9918749999999994,11.820625000000001,5.743749999999999,3.5,27.781936249999994
2026-09-22T20:00:00.000Z,MCT2408040,15.528056,74.020833,18.5625,100,514.9375,87.74284812499997,7.673749999999999,4.638125,3.992499999999998,11.776875000000002,5.67625,3.5,27.865724375000003
2026-09-22T20:10:00.000Z,MCT2408040,15.528056,74.020833,18.5625,100,511.875,87.71328312499999,7.656875,4.6606250000000005,3.88875,11.601875000000001,5.6762500000000005,3.5,27.922031875000005
2026-09-22T20:20:00.000Z,MCT2408040,15.528056,74.020833,18.5625,100,523.8125,87.87636187499999,7.688750000000001,4.669375,3.9025,11.601874999999998,5.653749999999999,3.5,27.893207499999995
2026-09-22T20:30:00.000Z,MCT2408040,15.528056,74.020833,18.75,100,529.25,88.05469687499999,7.786250000000001,4.706875,3.8518749999999997,11.36125,5.4624999999999995,3.5,27.848966250000004
2026-09-22T19:40:00.000Z,MCT2408049,15.475278,74.055833,56.666666666666664,150.58931333333334,523.2666666666667,85.49729400000002,24.122000000000003,15.379333333333335,13.697333333333336,40.08866666666667,20.461333333333332,2.61,28.02262333333333
2026-09-22T19:50:00.000Z,MCT2408049,15.475278,74.055833,56.875,152.35495625000001,516.125,85.49694562500002,24.395625,15.262499999999998,13.704375000000002,40.360625,20.669375,2.61,28.034645000000005
2026-09-22T20:00:00.000Z,MCT2408049,15.475278,74.055833,56.5,150.17844374999999,512.5,85.61281562500001,24.035000000000004,15.805625000000003,13.703750000000003,40.36125000000001,20.67125,2.61,28.037324374999997
2026-09-22T20:10:00.000Z,MCT2408049,15.475278,74.055833,56.8125,150.91420625,515,85.696261875,24.259374999999995,15.995624999999997,13.800000000000002,40.55187500000001,20.718124999999997,2.61,28.047379375
2026-09-22T20:20:00.000Z,MCT2408049,15.475278,74.055833,56.6875,150.08306875,522.5,85.95184750000001,24.23875,15.6775,13.655625,40.02499999999999,20.476874999999996,2.61,28.02592875000001
2026-09-22T20:30:00.000Z,MCT2408049,15.475278,74.055833,56.875,150.38414375,527.0625,86.20027937500001,24.305,15.534999999999998,13.559375000000005,39.68937500000001,20.286875000000002,2.61,28.016543749999993
2026-09-22T20:30:23.495Z,MCT2408049,15.475278,74.055833,57,150,525,86.14783,24.89,16.01,13.8,39.83,19.95,2.61,28.03263
2026-09-22T19:40:00.000Z,MCT2408044,15.313669,74.140042,25.8125,214.29,478.75,94.57878624999996,10.878124999999999,3.34625,7.2575,20.84375,12.73375,3.6793268750000006,26.172500625
2026-09-22T19:50:00.000Z,MCT2408044,15.313669,74.140042,26,214.29,475.25,94.64983562500001,11.030625000000002,3.3525,7.077500000000001,20.5,12.598749999999999,3.6326121249999996,26.109486875
2026-09-22T20:00:00.000Z,MCT2408044,15.313669,74.140042,25.866666666666667,214.29,476.46666666666664,94.65460133333335,10.921999999999999,3.3353333333333333,6.783333333333333,19.366666666666667,11.818000000000001,3.724188,26.031328666666678
2026-09-22T20:10:00.000Z,MCT2408044,15.313669,74.140042,25.875,214.29,471.8125,94.03948187499999,10.896249999999998,3.3581250000000002,6.070625,17.90625,11.18125,3.8770833125,25.9653675
2026-09-22T20:20:00.000Z,MCT2408044,15.313669,74.140042,25.6875,214.29,458.875,94.03137562500001,10.806875,3.32,5.3168750000000005,15.28125,9.46,4.3022434375,25.842031875000004
2026-09-22T20:30:00.000Z,MCT2408044,15.313669,74.140042,25.6875,214.29,460.6875,94.25358187499998,10.800624999999998,3.32,5.0287500000000005,14.53125,9.021250000000002,3.9469551874999995,25.770979375000007
2026-09-22T20:30:23.493Z,MCT2408044,15.313669,74.140042,26,214.29,464,94.45624,11.18,3.32,4.6,13,8.11,3.43718,25.73746
2026-09-22T19:40:00.000Z,MCT2408046,15.529167,74.07,38.541666666666664,95.52,692.8333333333334,83.13040166666666,13.612083333333336,0.5437500000000001,12.880416666666664,39.30083333333333,19.709999999999997,3.2712499999999998,28.731550416666668
2026-09-22T19:50:00.000Z,MCT2408046,15.529167,74.07,41.6,95.52,693.8,83.36645560000001,13.594,0.5543999999999999,14.920800000000003,45.2844,22.3832,3.2571999999999997,28.6963004
2026-09-22T20:00:00.000Z,MCT2408046,15.529167,74.07,39.68,95.52,701.92,83.41650440000001,13.599200000000002,0.546,13.581600000000003,41.064400000000006,20.276799999999994,3.2851999999999997,28.671418399999993
2026-09-22T20:10:00.000Z,MCT2408046,15.529167,74.07,38.8,95.52,691.8,83.57732960000001,13.619999999999997,0.5511999999999999,13.1236,39.8176,19.7448,3.419599999999999,28.637527600000013
2026-09-22T20:20:00.000Z,MCT2408046,15.529167,74.07,39.08,95.52,714.64,83.60906999999999,13.677200000000004,0.518,13.329199999999997,40.3096,19.842,3.2788,28.66326759999999
2026-09-22T20:30:00.000Z,MCT2408046,15.529167,74.07,38.52,95.52,718.88,83.42657479999998,13.5408,0.5152,12.998799999999996,39.4632,19.5996,3.3944000000000005,28.738771200000006
2026-09-22T20:30:23.534Z,MCT2408046,15.529167,74.07,37,95.52,716,83.38599,13.39,0.39,12.64,37.77,18.15,3.58,28.75121
2026-09-22T19:40:00.000Z,MCT2408037,15.394444,74.118333,43.875,160,475.9375,85.06540375,10.275625,14.356875000000002,11.8475,42.061875,21.411250000000003,3.505,27.93610812499999
2026-09-22T19:50:00.000Z,MCT2408037,15.394444,74.118333,44.5,160,476.3125,85.02249124999997,10.2975,14.380625000000004,12.543124999999996,43.49374999999999,21.738125000000004,3.608125,27.964931250000003
2026-09-22T20:00:00.000Z,MCT2408037,15.394444,74.118333,45.25,160,482.9375,84.97385249999999,10.320625,14.363125000000004,12.823749999999997,45.385,23.093750000000004,3.7437500000000004,27.967612499999998
2026-09-22T20:10:00.000Z,MCT2408037,15.394444,74.118333,44.75,160,478.5625,85.01820062499999,10.383750000000001,14.319375000000004,12.543750000000001,44.515,22.626875000000002,3.7449999999999997,27.90192125
2026-09-22T20:20:00.000Z,MCT2408037,15.394444,74.118333,45.25,160,482.25,85.121673125,10.2175,14.391250000000001,13.053749999999997,45.486875,22.812500000000004,3.8068750000000002,27.849636874999998
2026-09-22T20:30:00.000Z,MCT2408037,15.394444,74.118333,45.0625,160,488.6875,85.14742312499999,10.259375,14.423750000000002,13.055625,45.128750000000004,22.53375,3.696875000000001,27.869075625
2026-09-22T19:40:00.000Z,MCT2408042,15.213889,74.071667,61.06666666666667,266.01733333333334,443.46666666666664,88.81862666666665,26.034,14.750000000000002,12.558000000000002,37.63533333333333,19.43333333333333,3.1666666666666665,26.814263333333336
2026-09-22T19:50:00.000Z,MCT2408042,15.213889,74.071667,60.5,252.96624999999995,446.3125,88.80476687500001,25.67625,14.735625000000002,12.512500000000001,38.074999999999996,19.983124999999994,3.1875,26.821369374999993
2026-09-22T20:00:00.000Z,MCT2408042,15.213889,74.071667,60.75,263.15937499999995,446.4375,88.86675187499999,25.869999999999997,14.384375,12.341875000000002,36.76562499999999,18.788749999999997,3.2581249999999993,26.80662000000001
2026-09-22T20:10:00.000Z,MCT2408042,15.213889,74.071667,60.733333333333334,262.9746666666666,445.06666666666666,88.9986773333333,25.817333333333334,14.605333333333336,12.194,36.844,19.25133333333333,3.150666666666666,26.837858666666673
2026-09-22T20:20:00.000Z,MCT2408042,15.213889,74.071667,60.4375,260.09125,453.5,89.11327624999998,25.67,14.632500000000002,12.853750000000002,38.360625,19.756875,3.25625,26.8850475
2026-09-22T20:30:00.000Z,MCT2408042,15.213889,74.071667,60.75,260.474375,450.0625,89.1418875,25.805625,14.76375,11.830000000000002,35.795,18.674999999999997,3.1456249999999994,26.91923375
2026-09-22T20:30:23.554Z,MCT2408042,15.213889,74.071667,59,265.74,450,89.19196,24.2,14.84,11.83,34.66,17.31,3,26.92795
2026-09-22T19:40:00.000Z,MCT2408041,15.224628,74.171389,32.75,441.06575625,490.875,87.76573624999999,13.571875,9.7,8.340625000000001,25.464375000000008,13.648750000000001,7.99,26.828739999999993
2026-09-22T19:50:00.000Z,MCT2408041,15.224628,74.171389,32.6875,438.74525625,506.5625,87.86825562499999,13.701249999999998,9.7,8.190000000000001,24.856875000000006,13.294374999999999,8.018125,26.828741875000002
2026-09-22T20:00:00.000Z,MCT2408041,15.224628,74.171389,32.875,434.34333125000006,511.25,88.04802250000003,13.576250000000002,9.7,8.490000000000002,25.413750000000004,13.24375,8.0025,26.787852500000003
2026-09-22T20:10:00.000Z,MCT2408041,15.224628,74.171389,32.8125,435.18705624999996,516.125,88.31123687500002,13.582500000000001,9.7,8.591250000000002,26.173125000000006,13.901875,7.926875,26.773105625000003
2026-09-22T20:20:00.000Z,MCT2408041,15.224628,74.171389,32.8125,428.7017875,523.5,88.18964437500001,13.73125,9.7,8.490625000000001,25.363125000000007,13.243749999999999,7.831250000000001,26.766403125
2026-09-22T20:30:00.000Z,MCT2408041,15.224628,74.171389,32.6875,435.30326875000003,529.4375,88.263555,13.683125,9.7,8.290625000000002,25.110000000000003,13.395624999999999,7.944375,26.713446875
2026-09-22T19:40:00.000Z,MCT2408033,15.346944,74.007778,29.333333333333332,110,677.8666666666667,88.39697266666667,7.035999999999999,3.525333333333333,10.102666666666666,26.18733333333334,15.95933333333333,4.39,27.572882666666665
2026-09-22T19:50:00.000Z,MCT2408033,15.346944,74.007778,28.75,110,665.9375,88.509601875,6.94375,3.615,9.961875,25.416249999999998,15.366874999999999,4.39,27.537938750000006
2026-09-22T20:00:00.000Z,MCT2408033,15.346944,74.007778,28.6875,110,675.125,88.54059687499999,6.895624999999999,3.5175,10.000625000000001,25.385,15.220625,4.39,27.56407875
2026-09-22T20:10:00.000Z,MCT2408033,15.346944,74.007778,28.8125,110,693.5625,88.60783062499999,6.9137499999999985,3.5981250000000005,9.811250000000001,25.256875000000004,15.294375,4.39,27.572792500000006
2026-09-22T20:20:00.000Z,MCT2408033,15.346944,74.007778,29.0625,110,685.3125,88.765185,7.053124999999999,3.301875,10.188125000000001,25.993124999999996,15.733124999999998,4.39,27.598935625000003
2026-09-22T20:30:00.000Z,MCT2408033,15.346944,74.007778,28,110,684.75,88.80333624999999,6.8462499999999995,3.303125,9.356250000000001,24.135625,14.560000000000002,4.39,27.64652749999999
2026-09-22T20:30:23.709Z,MCT2408033,15.346944,74.007778,27,110,681,88.81812,6.88,3.32,8.48,21.54,12.94,4.39,27.66798
2026-09-22T19:40:00.000Z,MCT2408024,15.148056,74.131667,41.43478260869565,205.65880869565214,566.6086956521739,80.21315347826084,18.15787304347826,5.604178608695653,8.859565217391307,27.764782608695658,15.250869565217396,3.570869565217391,27.568654782608693
2026-09-22T19:50:00.000Z,MCT2408024,15.148056,74.131667,41.44,205.48309999999998,648.12,80.36871440000003,18.2195296,5.710245520000001,8.470000000000002,27.142000000000007,15.190000000000005,3.6691999999999996,27.483078399999997
2026-09-22T20:00:00.000Z,MCT2408024,15.148056,74.131667,41.36,205.254964,693.44,80.46667440000003,18.137385599999998,5.772006000000001,7.830000000000002,25.107200000000006,14.190000000000005,3.6195999999999993,27.47063759999999
2026-09-22T20:10:00.000Z,MCT2408024,15.148056,74.131667,41.333333333333336,205.3129,649.0833333333334,80.4617016666667,18.143997083333335,5.772006000000001,8.240416666666668,26.60791666666667,14.990000000000004,3.535833333333333,27.474926666666665
2026-09-22T20:20:00.000Z,MCT2408024,15.148056,74.131667,41.32,205.38715999999997,639.88,80.66015720000001,18.095061599999998,6.508514080000003,8.750000000000002,27.262000000000008,14.830000000000005,3.5648,27.4624868
2026-09-22T20:30:00.000Z,MCT2408024,15.148056,74.131667,40.96,205.82658000000004,689.64,80.7605592,17.8496196,5.6484850400000015,9.070000000000002,28.380800000000008,15.510000000000005,3.4912,27.461628400000006
2026-09-22T20:30:23.751Z,MCT2408024,15.148056,74.131667,41,205.868,655,80.91406,18.04331,5.772006,8.99,28.98,15.99,3.37,27.44275
2026-09-22T19:40:00.000Z,MCT2408045,15.619444,73.878889,36.92307692307692,178.11999999999995,660.8461538461538,85.47996076923079,10.332307692307694,16.240769230769228,11.810769230769232,39.78846153846155,20.531538461538467,2.5300000000000002,27.97570923076923
2026-09-22T19:50:00.000Z,MCT2408045,15.619444,73.878889,36.5,178.11999999999995,662.125,85.42446624999998,10.509375000000002,16.42125,11.514375000000001,38.958125,20.040000000000003,2.5300000000000002,28.029951875000005
2026-09-22T20:00:00.000Z,MCT2408045,15.619444,73.878889,36.5,178.11999999999995,667.1875,85.41636062500001,10.828125000000002,16.41625,11.515625000000004,38.958125,20.040000000000003,2.5300000000000002,28.002468125
2026-09-22T20:10:00.000Z,MCT2408045,15.619444,73.878889,36.25,178.11999999999995,664.25,85.60566125000003,10.245625000000002,16.418125,11.419375,38.637499999999996,19.826875,2.5300000000000002,27.909964999999996
2026-09-22T20:20:00.000Z,MCT2408045,15.619444,73.878889,36.3125,178.11999999999995,667.125,85.75396000000002,10.643125000000001,16.408125,11.4825,38.708749999999995,19.8275,2.5300000000000002,27.854330000000004
2026-09-22T20:30:00.000Z,MCT2408045,15.619444,73.878889,35.875,178.11999999999995,664.75,85.79210750000001,10.674375,16.601875,11.071249999999996,37.355,19.014375,2.5300000000000002,27.857010625000008
2026-09-22T20:30:23.763Z,MCT2408045,15.619444,73.878889,36,178.12,674,85.81213,10.32,16.24,11.07,37.07,18.66,2.53,27.87176
2026-09-22T19:40:00.000Z,MCT2408022,15.475833,74.038889,61.6875,150,489.0625,88.17200249999999,3.711875,11.612198125,21.75,66.0625,34.6875,4.277037374999999,27.445433749999992
2026-09-22T19:50:00.000Z,MCT2408022,15.475833,74.038889,62.266666666666666,150,482.4,88.33542933333332,3.795333333333333,11.633264,22,67.06666666666666,35.2,4.267610799999999,27.437747333333334
2026-09-22T20:00:00.000Z,MCT2408022,15.475833,74.038889,61.25,150,482.0625,88.57206562499998,3.6431250000000004,11.6896325,21.1875,65.0625,34.4375,4.2674321875,27.389129375000007
2026-09-22T20:10:00.000Z,MCT2408022,15.475833,74.038889,60.1875,150,479.0625,88.580173125,3.561875,11.700048749999999,20.875,63.125,33.125,4.2869288125,27.422643749999995
2026-09-22T20:20:00.000Z,MCT2408022,15.475833,74.038889,59.5,150,491.0625,88.66552687499998,3.9306249999999996,11.273091875,20.375,61.75,32.4375,4.2585271250000005,27.39583125
2026-09-22T20:30:00.000Z,MCT2408022,15.475833,74.038889,60.5625,150,492.5,88.99931374999998,3.702500000000001,11.544113125,21.375,64.625,33.875,4.2643348125000005,27.32946875
2026-09-22T20:30:23.777Z,MCT2408022,15.475833,74.038889,60,150,491,89.09277,3.49,11.41165,21,64,34,4.34823,27.3355
2026-09-22T19:40:00.000Z,MCT2408036,15.171567,74.067106,36.6,120,714.6666666666666,90.57898,9.275333333333332,7.022666666666667,6.2826666666666675,18.912,10.233333333333333,11.242666666666667,26.566152666666667
2026-09-22T19:50:00.000Z,MCT2408036,15.171567,74.067106,36.5625,120,725.1875,90.2886825,9.455625000000001,7.00625,6.744375000000002,19.945625,10.605625,11.346249999999998,26.69601625
2026-09-22T20:00:00.000Z,MCT2408036,15.171567,74.067106,36.6875,120,728.25,89.837116875,9.559999999999999,7.019999999999999,6.480000000000002,19.281874999999996,10.290000000000003,11.45875,26.866279999999996
2026-09-22T20:10:00.000Z,MCT2408036,15.171567,74.067106,36.4375,120,730.9375,90.71497375,9.584999999999999,7.1375,6.317500000000002,18.584374999999998,9.8475,11.244375,26.556590625
2026-09-22T20:20:00.000Z,MCT2408036,15.171567,74.067106,36.3125,120,726.1875,90.325396875,9.743749999999999,7.103750000000001,6.58,19.88375,10.763750000000002,11.166250000000002,26.6752375
2026-09-22T20:30:00.000Z,MCT2408036,15.171567,74.067106,36.333333333333336,120,731.0666666666667,89.50018333333335,9.785333333333334,7.549333333333334,6.317333333333335,18.44,9.72733333333333,11.128666666666666,26.915078666666663
2026-09-22T20:30:23.914Z,MCT2408036,15.171567,74.067106,36,120,726,89.00122,9.84,7.19,6.84,19.76,10.13,10.81,27.04592
2026-09-22T19:40:00.000Z,MCT2408032,15.525556,73.828611,78.91666666666667,181.80583333333325,607.4583333333334,81.997755,15.196250000000004,17.497083333333332,28.24208333333334,89.78125000000001,49.13375,2.81,29.382207083333327
2026-09-22T19:50:00.000Z,MCT2408032,15.525556,73.828611,89.04,178.92999999999995,608.4,82.90655480000004,15.104400000000004,17.483600000000003,34.5152,109.4024,59.79720000000001,2.7935999999999996,29.11500880000001
2026-09-22T20:00:00.000Z,MCT2408032,15.525556,73.828611,89.88,178.92999999999995,603.16,83.21264600000002,14.796000000000003,17.473200000000002,35.4836,110.76680000000002,59.79720000000001,2.6763999999999992,29.0004664
2026-09-22T20:10:00.000Z,MCT2408032,15.525556,73.828611,83.04,178.92999999999995,590,83.32647639999998,15.102000000000006,17.6644,30.528399999999998,97.17,53.172399999999996,2.6192000000000006,28.921530800000006
2026-09-22T20:20:00.000Z,MCT2408032,15.525556,73.828611,76.2,178.92999999999995,599,83.43664639999999,15.129200000000004,17.603600000000007,26.143199999999993,83.40240000000001,45.75320000000001,2.722000000000001,28.87262400000001
2026-09-22T20:30:00.000Z,MCT2408032,15.525556,73.828611,78.96,178.92999999999995,554.88,83.4232168,14.595200000000004,17.542000000000005,28.136800000000004,88.80760000000001,48.245200000000004,2.55,28.942121200000003
2026-09-22T20:30:23.914Z,MCT2408032,15.525556,73.828611,77,178.93,474,82.64594,16.27,15.76,25.63,85.34,48.13,2.4,29.16949
2026-09-22T19:40:00.000Z,MCT2408031,15.290833,74.149167,27.533333333333335,140,600.2666666666667,86.72918800000001,7.186936800000001,8.460965,10.032000000000002,26.958000000000006,15.016666666666667,5.201333333333334,26.76492733333333
2026-09-22T19:50:00.000Z,MCT2408031,15.290833,74.149167,27.8125,140,592.0625,86.61083562500002,7.167308875000001,8.275688625,10.15,27.527499999999993,15.504375000000005,5.093125000000001,26.686631250000005
2026-09-22T20:00:00.000Z,MCT2408031,15.290833,74.149167,27.0625,140.173625,587.4375,86.62323125,7.129698062500001,8.60300675,9.67125,26.304374999999997,14.91125,5.284375,26.562621874999994
2026-09-22T20:10:00.000Z,MCT2408031,15.290833,74.149167,25.75,146.12748125,569.9375,86.50927000000001,7.239759187499999,8.1689510625,8.75,23.26,12.916875000000001,5.275,26.47883375
2026-09-22T20:20:00.000Z,MCT2408031,15.290833,74.149167,25.125,158.86292500000005,573.125,86.47875125,6.995486562500001,9.184988562500001,8.393124999999998,22.171875000000007,12.231250000000003,5.3999999999999995,26.38566062499999
2026-09-22T20:30:00.000Z,MCT2408031,15.290833,74.149167,24.9375,160.856175,572.6875,86.415808125,6.990999749999999,9.2002369375,8.27625,21.846875000000004,12.141874999999999,5.42,26.348122500000002
2026-09-22T20:30:23.962Z,MCT2408031,15.290833,74.149167,24,166.6667,582,86.44537,7.151605,11.969,7.62,20.87,11.9,5.51,26.29517
2026-09-22T19:40:00.000Z,MCT2408035,15.236111,74.125,44.8,190,855.2,87.57808466666667,18.196302666666668,7.102,5.421333333333335,16.85533333333333,9.081333333333333,3.8299999999999987,26.71916600000001
2026-09-22T19:50:00.000Z,MCT2408035,15.236111,74.125,43.4375,190,862.625,87.77765687500002,17.078796875000002,6.640624999999999,5.272499999999999,16.911875000000002,9.34,3.8299999999999987,26.647081250000003
2026-09-22T20:00:00.000Z,MCT2408035,15.236111,74.125,43.6875,190,857.625,87.90783250000003,17.291548125,7.161250000000001,4.58375,14.316250000000004,7.78375,3.8299999999999987,26.559939999999997
2026-09-22T20:10:00.000Z,MCT2408035,15.236111,74.125,44.375,190,850.375,87.76764375000002,17.756578124999997,7.020625000000001,5.1312500000000005,15.6125,8.301875,3.8299999999999987,26.578710000000004
2026-09-22T20:20:00.000Z,MCT2408035,15.236111,74.125,43.1875,190,853.5,87.93215125000003,16.767226875,7.117500000000001,5.32,16.39125,8.795625,3.8299999999999987,26.584740625000006
2026-09-22T20:30:00.000Z,MCT2408035,15.236111,74.125,43.9375,190,855.75,87.94168937500002,17.504299375,6.895625,5.05875,15.871250000000002,8.679375,3.8299999999999987,26.60284125
2026-09-22T20:30:23.969Z,MCT2408035,15.236111,74.125,44,190,856,87.99414,17.68973,7.52,5.32,16.23,8.68,3.83,26.58474
2026-09-22T19:40:00.000Z,MCT2408039,15.163611,74.110833,31.25,343.5781250000001,583.0625,86.08297625000003,13.931875000000002,10.3,9.019999999999998,28.94,11.759999999999998,2.3,26.837455625
2026-09-22T19:50:00.000Z,MCT2408039,15.163611,74.110833,31.3125,332.879375,579.1875,86.20266250000003,14.658125000000002,10.3,9.019999999999998,28.94,11.759999999999998,2.3,26.755676249999993
2026-09-22T20:00:00.000Z,MCT2408039,15.163611,74.110833,31.266666666666666,344.2613333333333,574.9333333333333,86.25158800000003,13.482666666666665,10.3,9.019999999999998,28.94,11.759999999999998,2.3,26.74848333333333
2026-09-22T20:10:00.000Z,MCT2408039,15.163611,74.110833,31.625,346.5781250000001,587.9375,86.30613499999998,14.02375,10.3,9.019999999999998,28.94,11.759999999999998,2.3,26.710765624999997
2026-09-22T20:20:00.000Z,MCT2408039,15.163611,74.110833,31.75,350.25874999999996,588.5625,86.2966,13.584999999999999,10.3,9.019999999999998,28.94,11.759999999999998,2.3,26.708085000000008
2026-09-22T20:30:00.000Z,MCT2408039,15.163611,74.110833,31.75,349.14250000000004,581.625,86.37050875,14.1975,10.3,9.019999999999998,28.94,11.759999999999998,2.3,26.6966875
2026-09-22T20:30:23.985Z,MCT2408039,15.163611,74.110833,31,361.02,587,86.49878,13.47,10.3,9.02,28.94,11.76,2.3,26.67054
2026-09-22T19:40:00.000Z,MCT2408026,15.2467,74.198281,117.04347826086956,125,475.3478260869565,83.53956913043481,13.00289434782609,12.5,10.027391304347825,31.746086956521744,17.06434782608695,50.46347826086957,27.66191434782609
2026-09-22T19:50:00.000Z,MCT2408026,15.2467,74.198281,117,125,470.2916666666667,84.01032374999998,13.079579583333333,12.5,8.980833333333333,28.570833333333326,15.388333333333334,50.37499999999999,27.509337083333335
2026-09-22T20:00:00.000Z,MCT2408026,15.2467,74.198281,117,125,472.25,84.23412083333334,13.111945000000004,12.5,8.90125,28.288749999999997,15.307500000000003,50.487500000000004,27.501740416666667
2026-09-22T20:10:00.000Z,MCT2408026,15.2467,74.198281,117,125,478.96,85.1349488,13.019832800000003,12.5,8.847199999999997,28.162799999999997,15.312800000000005,50.45,27.275440000000003
2026-09-22T20:20:00.000Z,MCT2408026,15.2467,74.198281,117,125,478.25,84.32408375,13.011143333333337,12.5,8.664999999999997,27.685,15.066666666666665,50.45625000000001,27.428453333333334
2026-09-22T20:30:00.000Z,MCT2408026,15.2467,74.198281,117,125,488.6666666666667,85.15854875000004,13.09391125,12.5,8.94083333333333,28.006249999999998,14.945416666666672,50.362500000000004,27.257743750000003
2026-09-22T20:30:24.125Z,MCT2408026,15.2467,74.198281,117,125,497,85.01105,12.66473,12.5,8.51,28.05,15.43,50.6,27.3355
2026-09-22T19:40:00.000Z,MCT2408038,15.188889,74.055556,23.066666666666666,383.9686666666667,700.2,84.80912333333335,8.939333333333332,13.330000000000005,5.982000000000001,16.966,8.101333333333333,4.687333333333333,27.852453333333344
2026-09-22T19:50:00.000Z,MCT2408038,15.188889,74.055556,23,364.81687500000004,706.375,85.19320125,8.80875,13.330000000000005,5.950000000000002,16.900000000000002,8.077499999999999,4.694375,27.819473125000002
2026-09-22T20:00:00.000Z,MCT2408038,15.188889,74.055556,23.1875,371.73125000000005,702.5,85.204645,8.779375,13.330000000000005,6.025,17.085625000000004,8.359374999999998,4.691875,27.923371874999997
2026-09-22T20:10:00.000Z,MCT2408038,15.188889,74.055556,23.1875,369.77937500000013,709.1875,85.273785,8.741249999999999,13.330000000000005,5.995000000000001,17.148125,8.386874999999998,4.680000000000001,27.996435625000007
2026-09-22T20:20:00.000Z,MCT2408038,15.188889,74.055556,23.4375,374.39000000000004,702.9375,85.30382562499999,8.880624999999997,13.330000000000005,6.1,17.333124999999995,8.545,4.66375,28.043358125000005
2026-09-22T20:30:00.000Z,MCT2408038,15.188889,74.055556,23.5,373.6624999999999,696.125,85.15839000000001,8.851874999999998,13.330000000000005,6.23125,17.5825,8.538124999999999,4.696250000000001,28.078883749999996
2026-09-22T22:20:00.000Z,MCT2408028,15.186944,74.096667,44.25,399.865,483,89.71647999999999,19.64,13.35,6.99,24.365,14.415000000000001,1.29,25.4076625
2026-09-22T22:30:00.000Z,MCT2408028,15.186944,74.096667,43.88,400.9612000000001,487.52,89.53893999999998,19.241200000000003,13.382800000000001,7.4300000000000015,23.82520000000001,13.400400000000001,2.0516000000000005,25.455604400000002
2026-09-22T22:40:00.000Z,MCT2408028,15.186944,74.096667,44.08,395.7016,484.32,89.40313799999998,19.442799999999995,13.382800000000001,7.030000000000001,23.425200000000004,13.441600000000001,1.9592,25.5019368
2026-09-22T22:50:00.000Z,MCT2408028,15.186944,74.096667,44.04,392.9564,487.2,89.4629516,19.408799999999996,13.3468,8.190000000000003,27.006400000000006,15.588800000000003,2.3895999999999997,25.5388308
2026-09-22T23:00:00.000Z,MCT2408028,15.186944,74.096667,43.72,389.3671999999999,486.04,89.59814440000005,19.095999999999997,13.2776,9.349600000000002,31.142799999999998,17.894399999999997,1.7888,25.553416800000004
2026-09-22T23:10:00.000Z,MCT2408028,15.186944,74.096667,43.76,385.59920000000005,490.24,89.74340800000003,19.133999999999993,13.0592,11.8272,38.69959999999999,21.672400000000003,1.5855999999999997,25.598891600000016
2026-09-22T23:18:07.135Z,MCT2408028,15.186944,74.096667,43.65,382.0170000000001,493.45,89.90568599999999,19.044999999999998,13.034999999999997,11.489500000000003,37.18699999999998,20.828,2.0524999999999993,25.643081000000002
2026-09-22T22:20:00.000Z,MCT2408020,15.543475,74.039433,60.333333333333336,180,680,85.95963333333333,8.714801333333334,18.95991666666667,23.19,69.58666666666666,36.24666666666666,3.66,28.27931
2026-09-22T22:30:00.000Z,MCT2408020,15.543475,74.039433,60.3125,180,689.6875,85.98951875,9.125182687499999,19.274001875,22.842499999999998,69.54749999999999,36.65375,3.6599999999999984,28.251823749999993
2026-09-22T22:40:00.000Z,MCT2408020,15.543475,74.039433,59.0625,180,685,86.09203624999998,9.0709533125,19.204490625,21.799999999999994,66.926875,35.551875,3.6599999999999984,28.249143124999996
2026-09-22T22:50:00.000Z,MCT2408020,15.543475,74.039433,58.625,180,697.9375,86.230796875,9.099173312500001,19.172261875,21.799374999999994,65.99499999999999,34.680625,3.6599999999999984,28.261879374999992
2026-09-22T23:00:00.000Z,MCT2408020,15.543475,74.039433,56.5,180,685,85.353893125,9.188254687499999,18.860056874999998,20.236250000000002,62.034375000000004,32.7625,3.6599999999999984,28.6526775
2026-09-22T23:10:00.000Z,MCT2408020,15.543475,74.039433,51.875,180,666.75,84.447903125,9.010092,18.693856249999996,16.988125,52.715,28.228749999999994,3.6599999999999984,28.920803750000005
2026-09-22T23:18:07.144Z,MCT2408020,15.543475,74.039433,48.30769230769231,180,645.2307692307693,85.61846538461538,9.091840538461538,18.263014615384613,14.697692307692309,45.883076923076935,24.517692307692304,3.659999999999999,28.49793692307692
2026-09-22T22:20:00.000Z,MCT2408057,15.272222,74.104722,28.8,340.362,420.4,82.95416200000001,12.24,9.166,5.242,15.38,8.081999999999999,2.436,28.242842000000003
2026-09-22T22:30:00.000Z,MCT2408057,15.272222,74.104722,28.541666666666668,343.09874999999994,419.2083333333333,82.89198333333334,12.195833333333333,9.445416666666665,5.188749999999998,15.338749999999992,8.187916666666668,2.6162499999999995,28.227026250000005
2026-09-22T22:40:00.000Z,MCT2408057,15.272222,74.104722,28.72,341.18879999999996,415.64,79.62195040000002,12.235600000000002,9.346399999999996,5.2904,15.4244,8.1028,2.5448000000000004,29.2475716
2026-09-22T22:50:00.000Z,MCT2408057,15.272222,74.104722,28.76,348.98640000000006,419.64,79.5834964,12.308,9.374399999999998,5.123599999999999,14.883199999999997,7.794,2.5159999999999996,29.313210400000003
2026-09-22T23:00:00.000Z,MCT2408057,15.272222,74.104722,28.8,348.68960000000004,411.56,78.30481,12.248399999999997,9.365599999999997,5.075999999999999,14.996399999999994,7.971200000000001,2.5740000000000003,29.710895999999998
2026-09-22T23:10:00.000Z,MCT2408057,15.272222,74.104722,28.96,347.46880000000004,419.48,79.87310640000001,12.345599999999997,9.331599999999998,5.2192,15.335599999999994,8.126,2.6892,29.266448
2026-09-22T23:18:07.157Z,MCT2408057,15.272222,74.104722,28.65,350.5520000000001,415.3,80.59667849999998,12.215000000000002,9.340499999999997,5.690499999999998,16.5955,8.774000000000001,2.7670000000000003,29.074040500000002
2026-09-22T22:20:00.000Z,MCT2408055,15.585833,73.885556,72,95.73666666666668,808.3333333333334,88.67569999999999,9.263333333333334,6.07,13.756666666666668,39.47333333333333,21.583333333333332,22.136666666666667,27.567876666666667
2026-09-22T22:30:00.000Z,MCT2408055,15.585833,73.885556,72.6875,97.084375,789.8125,88.857693125,9.4375,5.140625,13.246249999999998,37.66374999999999,20.4925,22.341249999999995,27.410577500000002
2026-09-22T22:40:00.000Z,MCT2408055,15.585833,73.885556,72.4375,97.41499999999999,776.375,88.68889312499998,9.5025,5.710000000000001,12.63375,36.142500000000005,19.768749999999994,22.271250000000002,27.428005625
2026-09-22T22:50:00.000Z,MCT2408055,15.585833,73.885556,72.6875,101.94999999999999,768.625,88.60306062499997,9.471250000000001,5.46,11.67125,33.594375,18.4475,22.37375,27.428676874999997
2026-09-22T23:00:00.000Z,MCT2408055,15.585833,73.885556,72.8,101.13533333333334,763.7333333333333,88.387308,9.511999999999999,5.232666666666666,11.28333333333333,32.58733333333333,17.993999999999996,22.406666666666663,27.419158
2026-09-22T23:10:00.000Z,MCT2408055,15.585833,73.885556,73,100.89812500000001,764.5,88.389439375,9.486250000000002,5.665000000000001,10.9275,31.865624999999998,17.636250000000004,22.518750000000004,27.376390000000008
2026-09-22T23:18:07.170Z,MCT2408055,15.585833,73.885556,72.53846153846153,102.47307692307693,769.3846153846154,88.20600230769229,9.615384615384615,5.873076923076923,11.028461538461539,32.236923076923084,17.93230769230769,22.31692307692308,27.459252307692303
2026-09-22T22:20:00.000Z,MCT2408056,15.579167,73.920833,61,180,563.3333333333334,89.66752333333334,6.863333333333333,9,21.27,63.44666666666666,34.986666666666665,1.9633333333333336,27.700149999999997
2026-09-22T22:30:00.000Z,MCT2408056,15.579167,73.920833,58.0625,180,533.3125,89.74461187500002,6.711875,9.3444835,19.589375,58.060624999999995,31.572500000000005,1.8762499999999998,27.703502500000003
2026-09-22T22:40:00.000Z,MCT2408056,15.579167,73.920833,53.125,180,483.875,89.47853437500001,6.701250000000001,9.272006625,16.184999999999995,48.21312499999999,26.534375000000004,2.045625,27.678031249999993
2026-09-22T22:50:00.000Z,MCT2408056,15.579167,73.920833,51.875,180,467.875,89.439911875,6.634375000000001,9.1580108125,15.479999999999997,46.506875,25.713750000000005,1.9087500000000002,27.665966875
2026-09-22T23:00:00.000Z,MCT2408056,15.579167,73.920833,51.625,180,468.5625,89.26395749999999,6.863125,9,15.304374999999997,46.051875,25.479375000000005,2.1675,27.653230625000006
2026-09-22T23:10:00.000Z,MCT2408056,15.579167,73.920833,50.5625,180,461.5625,89.355510625,6.742500000000001,9.160944375,14.603125,44.06,24.250000000000004,2.0837499999999998,27.577484375
2026-09-22T23:18:07.165Z,MCT2408056,15.579167,73.920833,50.38461538461539,180,468.9230769230769,89.503,6.5369230769230775,10.500181000000001,14.653076923076922,44.067692307692305,24.151538461538465,2.4953846153846153,27.55577769230769
2026-09-22T22:20:00.000Z,MCT2408053,15.263333,74.110833,98,241.34006666666664,629.6666666666666,92.35307,14.65,14.89,5.203333333333333,19.123333333333335,12.786666666666667,31.669999999999998,25.576579999999996
2026-09-22T22:30:00.000Z,MCT2408053,15.263333,74.110833,97,240.66230624999997,649.5625,92.46687374999999,14.066249999999998,16.216874999999998,5.855000000000001,20.844375,13.818749999999996,31.24,25.562506875000004
2026-09-22T22:40:00.000Z,MCT2408053,15.263333,74.110833,97,242.881475,649.5,92.6924175,16.714374999999997,17.685,5.452500000000001,19.629375000000003,12.972499999999998,31.1675,25.56518812499999
2026-09-22T22:50:00.000Z,MCT2408053,15.263333,74.110833,96.375,233.7887125,669.6875,93.2455475,15.38375,17.4825,5.8549999999999995,20.721875,13.607499999999996,30.880000000000006,25.58931875
2026-09-22T23:00:00.000Z,MCT2408053,15.263333,74.110833,96.875,202.39934999999997,647,93.3871675,14.623750000000001,18.025,7.806874999999998,25.82625,16.21625,31.125625000000003,25.61411937500001
2026-09-22T23:10:00.000Z,MCT2408053,15.263333,74.110833,95.8125,230.28153125,677.875,93.212170625,16.17125,17.520625,6.6025,22.968750000000004,15.157499999999995,30.455624999999998,25.644958125000002
2026-09-22T23:18:07.382Z,MCT2408053,15.263333,74.110833,98.07692307692308,226.6051615384615,651.4615384615385,92.86462846153846,13.737692307692306,17.536153846153844,7.62846153846154,26.17692307692308,16.83230769230769,31.926923076923078,25.658263846153844
2026-09-22T22:20:00.000Z,MCT2408052,15.444425,74.063856,20,160,785,88.66553,3.6360233333333336,8,6.243333333333333,17.816666666666666,8.51,2,27.735903333333336
2026-09-22T22:30:00.000Z,MCT2408052,15.444425,74.063856,23,160,792.3125,88.79284124999998,3.5851318125,8,8.592500000000001,23.814999999999998,11.135,2,27.69277875
2026-09-22T22:40:00.000Z,MCT2408052,15.444425,74.063856,26.625,160,788.4375,88.95973562500001,3.6011843750000008,8,11.748750000000001,31.380625000000002,13.98,2,27.647198749999998
2026-09-22T22:50:00.000Z,MCT2408052,15.444425,74.063856,23.0625,160,739.25,88.095229375,3.631228187500001,8,8.632499999999999,23.943749999999994,11.133124999999996,2,27.636474375000002
2026-09-22T23:00:00.000Z,MCT2408052,15.444425,74.063856,21.8125,160,727.6875,87.62363750000002,3.618728250000001,8,7.776874999999999,21.725625,10.1825,2,27.65926375
2026-09-22T23:10:00.000Z,MCT2408052,15.444425,74.063856,25.625,160,719.8125,87.65797125,3.6422368125,8,10.975,29.419375000000006,13.202499999999999,2,27.633791875000007
2026-09-22T23:18:07.390Z,MCT2408052,15.444425,74.063856,18.923076923076923,160,709.1538461538462,86.83505923076925,3.6696357692307697,8,5.608461538461537,15.862307692307693,7.538461538461538,2,27.59207769230769
2026-09-22T22:20:00.000Z,MCT2408021,15.500556,74.053333,50,375,526.6666666666666,86.32584666666668,21.39,14.527133333333333,6.823333333333333,22.026666666666667,14.126666666666665,4.2700000000000005,27.91466
2026-09-22T22:30:00.000Z,MCT2408021,15.500556,74.053333,49.625,375,535,86.241765625,21.34625,14.705620624999998,7.618125000000002,23.234375,14.405,4.293749999999999,27.91801062500001
2026-09-22T22:40:00.000Z,MCT2408021,15.500556,74.053333,49.5625,375,535.8125,86.16404062499998,21.274375000000006,14.663067499999999,7.440625000000001,23.449375000000003,14.940000000000001,4.27625,27.91398937500001
2026-09-22T22:50:00.000Z,MCT2408021,15.500556,74.053333,49.75,375,544.625,86.36002000000002,21.363125000000004,14.576821249999998,7.7075,23.802499999999995,14.91,4.255,27.896557499999997
2026-09-22T23:00:00.000Z,MCT2408021,15.500556,74.053333,49.5625,375,529.375,86.70668,21.216249999999995,14.735890625000001,7.647500000000001,23.531875000000003,14.670625000000001,4.375624999999999,27.785955625
2026-09-22T23:10:00.000Z,MCT2408021,15.500556,74.053333,49.2,375,510.6,86.70477333333332,21.078000000000007,14.619129333333335,6.347333333333331,19.738666666666663,12.411333333333337,4.398,27.680132666666665
2026-09-22T23:18:07.413Z,MCT2408021,15.500556,74.053333,49.38461538461539,375,504.0769230769231,86.73294153846153,21.12230769230769,14.570363076923076,6.078461538461538,18.66307692307692,11.646923076923079,4.338461538461538,27.625902307692307
2026-09-22T22:20:00.000Z,MCT2408051,15.486528,74.033889,51.333333333333336,325.1933333333333,576.3333333333334,92.60737999999999,21.69333333333333,5.19,12.026666666666666,37.703333333333326,20.54,4.39,27.753779999999995
2026-09-22T22:30:00.000Z,MCT2408051,15.486528,74.033889,51.125,319.60937500000006,578.75,92.72913375000002,21.566250000000004,5.1899999999999995,12.167499999999999,37.989375,20.615000000000002,4.39,27.683395000000004
2026-09-22T22:40:00.000Z,MCT2408051,15.486528,74.033889,51.3125,314.87874999999997,585.875,93.13635312500001,21.673750000000002,5.1899999999999995,11.893749999999997,37.32875,20.303125,4.556875,27.520509374999996
2026-09-22T22:50:00.000Z,MCT2408051,15.486528,74.033889,51.25,315.06125000000003,531.9375,92.208904375,21.630625,5.1899999999999995,9.288124999999999,29.560624999999995,16.179375,4.39,27.446775624999997
2026-09-22T23:00:00.000Z,MCT2408051,15.486528,74.033889,51.3125,317.32,521.0625,91.21803687500001,21.68,5.1899999999999995,7.343749999999998,23.267500000000002,12.796874999999998,4.39,27.33818375
2026-09-22T23:10:00.000Z,MCT2408051,15.486528,74.033889,51.9375,318.4175,516.5,90.67396500000001,22.076875,5.1899999999999995,7.809999999999999,25.441250000000004,14.194375,4.39,27.373710624999998
2026-09-22T23:18:07.418Z,MCT2408051,15.486528,74.033889,51.53846153846154,318.1923076923076,518.3846153846154,90.68849076923077,21.824615384615388,5.1899999999999995,7.746923076923076,25.62538461538462,14.455384615384615,4.39,27.311578461538463
2026-09-22T22:20:00.000Z,MCT2408043,15.221111,74.087222,46,205.04999999999998,648,87.21848333333332,14.200000000000001,10.16,10.13,30.899999999999995,16.65,5.29,26.270143333333333
2026-09-22T22:30:00.000Z,MCT2408043,15.221111,74.087222,46.25,203.128125,643.25,87.24359749999998,14.273124999999999,10.20375,9.895000000000001,31.543125000000003,17.2925,5.290000000000001,26.325331875
2026-09-22T22:40:00.000Z,MCT2408043,15.221111,74.087222,45.4375,202.23749999999995,649.625,87.23787625,14.256874999999999,10.003125,9.656875,30.979374999999994,17.212500000000002,5.290000000000001,26.391692499999994
2026-09-22T22:50:00.000Z,MCT2408043,15.221111,74.087222,47.625,201.51875,652.4375,87.4615125,14.268124999999998,9.84,11.398750000000001,35.484375,18.814375000000002,5.290000000000001,26.399065625000002
2026-09-22T23:00:00.000Z,MCT2408043,15.221111,74.087222,51.1875,198.996875,647,87.38951250000001,14.279375,10.059999999999999,13.535,42.325625,22.42,5.290000000000001,26.41046
2026-09-22T23:10:00.000Z,MCT2408043,15.221111,74.087222,48.75,203.451875,646.9375,87.36042312499998,14.230624999999996,10.108125,12.10875,37.89875000000001,20.338750000000005,5.290000000000001,26.419845625000004
2026-09-22T23:18:07.416Z,MCT2408043,15.221111,74.087222,50.07692307692308,206.68461538461537,642.9230769230769,87.34035769230766,14.271538461538459,10.026923076923076,13.345384615384615,41.49461538461538,21.87846153846154,5.29,26.420565384615387
2026-09-22T22:20:00.000Z,MCT2408034,15.356389,74.123611,37.6,194.88402,446.8,70.864624,6.540000000000001,3.252,7.653999999999999,25.32,14.064000000000002,1.674,31.653424
2026-09-22T22:30:00.000Z,MCT2408034,15.356389,74.123611,37.8,184.255028,450.6,70.7996204,6.345200000000003,4.6292,7.872399999999998,25.659199999999995,14.136000000000001,1.4464000000000001,31.66586239999999
2026-09-22T22:40:00.000Z,MCT2408034,15.356389,74.123611,38.333333333333336,184.16936250000003,453.6666666666667,70.77332499999999,6.3708333333333345,4.0495833333333335,8.275833333333331,26.455,14.257916666666667,1.6595833333333332,31.655478750000004
2026-09-22T22:50:00.000Z,MCT2408034,15.356389,74.123611,37.56,193.11336000000003,456.92,71.31903080000001,6.234400000000002,3.8448,7.726799999999997,25.096000000000004,13.875599999999997,1.6736000000000002,31.477103200000006
2026-09-22T23:00:00.000Z,MCT2408034,15.356389,74.123611,37.708333333333336,192.72840833333336,458.9166666666667,71.20565750000003,6.231250000000002,4.1570833333333335,7.782916666666665,25.399999999999995,14.023333333333333,1.4891666666666667,31.49370916666666
2026-09-22T23:10:00.000Z,MCT2408034,15.356389,74.123611,37.32,194.13624799999997,459.92,71.3464952,6.208400000000003,4.168399999999998,7.945199999999997,25.622000000000003,14.026,1.3955999999999997,31.500697599999995
2026-09-22T23:18:07.632Z,MCT2408034,15.356389,74.123611,38,185.68622,465.05,71.4631485,6.150000000000002,4.574499999999999,8.290999999999999,26.773999999999994,14.719,1.4249999999999996,31.539201
2026-09-22T22:20:00.000Z,MCT2408050,15.553611,73.958333,56.333333333333336,86.03000000000002,637.3333333333334,91.58504,11.353333333333333,4.303333333333334,21.486666666666665,65.83666666666666,34.586666666666666,2.91,27.199646666666666
2026-09-22T22:30:00.000Z,MCT2408050,15.553611,73.958333,54.5625,86.02999999999999,647.125,91.62048750000001,11.260000000000003,4.397500000000001,20.200000000000003,62.258750000000006,32.798125000000006,2.8637499999999996,27.216182499999995
2026-09-22T22:40:00.000Z,MCT2408050,15.553611,73.958333,53.9375,86.02999999999999,678.75,92.10447687499999,11.165000000000003,4.348749999999999,19.722500000000004,60.80937500000001,31.948125,2.9725,27.201434999999993
2026-09-22T22:50:00.000Z,MCT2408050,15.553611,73.958333,46.875,86.02999999999999,615.75,91.96095,11.199375000000002,4.5025,14.791249999999996,46.53249999999999,24.927500000000002,3.2131250000000002,27.183336250000007
2026-09-22T23:00:00.000Z,MCT2408050,15.553611,73.958333,44.6875,86.02999999999999,597.3125,91.74637187500001,11.136874999999998,4.485625000000001,13.516874999999997,42.29312500000001,22.375625000000003,3.2212499999999995,27.158534375
2026-09-22T23:10:00.000Z,MCT2408050,15.553611,73.958333,43.0625,86.02999999999999,592.25,91.51224312500001,11.205000000000002,4.355,12.669374999999999,39.555,20.728749999999998,3.2412500000000004,27.163896875000002
2026-09-22T23:18:07.632Z,MCT2408050,15.553611,73.958333,42.76923076923077,86.02999999999999,555.8461538461538,91.4097623076923,11.202307692307691,4.296923076923076,12.461538461538462,39.76461538461538,21.194615384615382,3.2084615384615387,27.188647692307697
2026-09-22T22:20:00.000Z,MCT2408030,15.142519,74.075003,36.666666666666664,163.22233333333335,569.6666666666666,82.05084,9.67,6.2,9.683333333333332,31.933333333333334,19.25,4.796666666666667,26.902923333333334
2026-09-22T22:30:00.000Z,MCT2408030,15.142519,74.075003,34.1875,165.67487500000001,566.9375,82.14287187500001,9.08625,6.200000000000002,9.370000000000001,27.941875,15.738124999999997,5.0406249999999995,26.889069374999995
2026-09-22T22:40:00.000Z,MCT2408030,15.142519,74.075003,32.75,167.35153749999998,565.8125,82.16051312500001,9.144375,6.200000000000002,9.370000000000001,25.606874999999995,13.312499999999998,5.0675,26.956771249999992
2026-09-22T22:50:00.000Z,MCT2408030,15.142519,74.075003,32.125,165.89339999999999,548.4375,82.17815562499999,9.079375,6.200000000000002,9.370000000000001,24.753749999999997,12.4275,4.819375,26.920574374999994
2026-09-22T23:00:00.000Z,MCT2408030,15.142519,74.075003,33.1875,166.4099625,550.75,82.158606875,8.887500000000001,6.200000000000002,9.370000000000001,26.289374999999996,14.023125,5.071250000000001,26.839465625
2026-09-22T23:10:00.000Z,MCT2408030,15.142519,74.075003,33.625,164.79361875,555.5625,81.97740812500001,8.900625000000002,6.200000000000002,9.428750000000003,27.086875000000003,14.7325,5.340000000000001,26.901805624999998
2026-09-22T23:18:07.659Z,MCT2408030,15.142519,74.075003,33.30769230769231,165.53727692307694,557.6153846153846,81.99626153846154,9.086923076923078,6.200000000000002,9.370000000000001,26.6,14.345384615384614,4.8938461538461535,26.83967230769231
2026-09-22T22:20:00.000Z,MCT2408029,15.333611,74.206944,24,120,793.6666666666666,91.29767,11.483333333333334,8.523333333333333,6.666666666666667,20.62,11.566666666666665,3.5,26.988723333333336
2026-09-22T22:30:00.000Z,MCT2408029,15.333611,74.206944,23,120,765.6875,91.175121875,4.058124999999999,8.57625,6.359375,19.835625,11.067500000000003,3.8649999999999998,26.976881250000005
2026-09-22T22:40:00.000Z,MCT2408029,15.333611,74.206944,22.6875,120,790.5,91.23377249999997,4.396875,7.635,6.433125,19.291874999999997,10.405625,3.64125,26.910518749999994
2026-09-22T22:50:00.000Z,MCT2408029,15.333611,74.206944,22.8125,120,801.125,91.18036562499998,3.46625,8.104375000000001,6.175,19.581875,11.066875000000001,4.028124999999999,26.888398749999997
2026-09-22T23:00:00.000Z,MCT2408029,15.333611,74.206944,23.1875,120,794.125,91.23996999999997,4.095625,8.465625,6.506875,20.376250000000002,11.433125,4.05875,26.830081875
2026-09-22T23:10:00.000Z,MCT2408029,15.333611,74.206944,23.1875,120,809,91.64003749999999,4.0175,8.194375,6.4331249999999995,20.268124999999998,11.36125,3.9324999999999997,26.750312499999993
2026-09-22T23:18:07.667Z,MCT2408029,15.333611,74.206944,23.416666666666668,120,803.6666666666666,91.6505275,4.840000000000001,8.601666666666668,6.617500000000001,20.81083333333333,11.764166666666668,4.119166666666666,26.770646666666668
2026-09-22T22:20:00.000Z,MCT2408023,15.499722,74.020833,71,207.39000000000001,543.3333333333334,92.09113,8.356666666666667,18.293333333333333,22.39,70.92,44.46666666666667,4.93,26.68841666666667
2026-09-22T22:30:00.000Z,MCT2408023,15.499722,74.020833,70.5625,207.72812499999998,536.8125,92.07157624999999,8.961875,18.678749999999997,22.17875,70.13000000000001,43.8625,4.388750000000001,26.64574125
2026-09-22T22:40:00.000Z,MCT2408023,15.499722,74.020833,71.9375,194.23499999999996,535.375,92.11162999999999,8.856875,19.07375,23.60625,73.61250000000001,45.403124999999996,4.3656250000000005,26.543854999999997
2026-09-22T22:50:00.000Z,MCT2408023,15.499722,74.020833,63.375,228.20375000000004,509.0625,91.45264062499999,9.576250000000002,21.264375,17.347500000000004,55.565000000000005,35.071875,5.27,26.490229375000006
2026-09-22T23:00:00.000Z,MCT2408023,15.499722,74.020833,59.6875,234.428125,496.1875,91.10550375000001,9.474374999999998,20.693125000000002,14.813125000000001,48.04625000000001,30.631249999999998,5.432499999999999,26.561281875
2026-09-22T23:10:00.000Z,MCT2408023,15.499722,74.020833,57.25,241.62499999999994,491,90.7955575,9.559375,19.676875,13.623124999999998,44.009375,28.003125,5.675624999999999,26.602841250000004
2026-09-22T23:18:07.667Z,MCT2408023,15.499722,74.020833,54.76923076923077,243.05615384615388,487.46153846153845,90.51594846153847,9.955384615384617,20.206923076923076,12.380769230769229,40.138461538461534,25.765384615384615,6.120769230769231,26.53359384615385
2026-09-22T22:20:00.000Z,MCT2408040,15.528056,74.020833,18.666666666666668,100,527.3333333333334,88.52057,7.713333333333334,4.633333333333334,3.543333333333333,10.530000000000001,5.233333333333333,3.5,28.00046
2026-09-22T22:30:00.000Z,MCT2408040,15.528056,74.020833,18.625,100,529.625,88.46716375,7.683750000000002,4.695624999999999,3.585,10.77,5.26125,3.5,27.989061250000002
2026-09-22T22:40:00.000Z,MCT2408040,15.528056,74.020833,18.8125,100,538.6875,88.37751749999998,7.785625000000001,4.71,3.6987499999999995,10.989374999999999,5.3175,3.5,27.972974999999998
2026-09-22T22:50:00.000Z,MCT2408040,15.528056,74.020833,18.75,100,526.875,88.36655124999999,7.76,4.686875,4.529999999999999,13.335625,6.434374999999999,3.5,27.967612500000005
2026-09-22T23:00:00.000Z,MCT2408040,15.528056,74.020833,18.625,100,481.3125,88.06805125,7.742500000000001,4.52,3.692500000000001,11.11875,5.443124999999998,3.5,27.89052625
2026-09-22T23:10:00.000Z,MCT2408040,15.528056,74.020833,18.4375,100,457.3125,87.486785625,7.609375000000002,4.525625,3.07875,8.945,4.223750000000001,3.5,27.870416249999998
2026-09-22T23:18:07.882Z,MCT2408040,15.528056,74.020833,18.615384615384617,100,442.46153846153845,87.6132576923077,7.71923076923077,4.56076923076923,3.0915384615384616,8.77,4.075384615384615,3.5,27.776055384615383
2026-09-22T22:20:00.000Z,MCT2408027,15.275556,74.1075,41,677.47,546.3333333333334,89.90403333333335,6.580000000000001,12.983333333333334,8.549999999999999,27.930000000000003,15.81,2.9500000000000006,26.57402
2026-09-22T22:30:00.000Z,MCT2408027,15.275556,74.1075,40.125,675.5306250000001,530.3125,89.80850687499998,6.579999999999999,12.816874999999996,8.63125,26.429375,14.264999999999999,2.9500000000000006,26.599489375
2026-09-22T22:40:00.000Z,MCT2408027,15.275556,74.1075,40.3125,678.5937500000001,529.1875,89.77083562499999,6.579999999999999,12.787499999999998,8.506874999999999,26.860625,14.820625000000003,2.9500000000000006,26.605521875000004
2026-09-22T22:50:00.000Z,MCT2408027,15.275556,74.1075,40.5625,675.8643750000001,535.4375,89.846176875,6.579999999999999,12.763124999999995,9,27.97,15.315624999999999,2.9500000000000006,26.588765
2026-09-22T23:00:00.000Z,MCT2408027,15.275556,74.1075,39.5625,675.37375,544.9375,90.26960749999999,6.579999999999999,12.880624999999998,8.56875,26.306875,14.204999999999998,2.9500000000000006,26.4768225
2026-09-22T23:10:00.000Z,MCT2408027,15.275556,74.1075,40.125,674.78875,516,90.23718187499999,6.579999999999999,12.819374999999997,8.631249999999998,27.353125000000002,15.129375,2.9500000000000006,26.46542625
2026-09-22T23:18:07.882Z,MCT2408027,15.275556,74.1075,40.69230769230769,678.14,514.7692307692307,89.7847,6.579999999999999,12.820769230769232,9.332307692307692,28.66230769230769,15.42923076923077,2.95,26.457691538461543
2026-09-22T22:20:00.000Z,MCT2408044,15.313669,74.140042,26,214.29,436.5,94.97121999999999,10.9,3.3899999999999997,3.16,10,6.49,4.9948715,25.31382
2026-09-22T22:30:00.000Z,MCT2408044,15.313669,74.140042,25.866666666666667,214.29,441.6,95.13728733333333,10.930000000000001,3.32,3.4099999999999997,10.3,6.454,4.298119466666666,25.288437999999996
2026-09-22T22:40:00.000Z,MCT2408044,15.313669,74.140042,25.933333333333334,214.29,450.8666666666667,95.272584,10.941333333333331,3.344666666666667,3.4859999999999993,10.2,6.238000000000001,4.202478533333333,25.27199333333333
2026-09-22T22:50:00.000Z,MCT2408044,15.313669,74.140042,25.733333333333334,214.29,456.73333333333335,95.31988666666666,10.872666666666667,3.513333333333333,3.677333333333333,11,6.885999999999999,4.2305126,25.312032666666667
2026-09-22T23:00:00.000Z,MCT2408044,15.313669,74.140042,25.785714285714285,214.29,440.35714285714283,95.18920642857144,10.857142857142858,3.642857142857143,3.857857142857142,11.571428571428571,7.26142857142857,4.1846153571428575,25.30999
2026-09-22T23:10:00.000Z,MCT2408044,15.313669,74.140042,25.875,214.29,442.1875,94.994586875,10.834375000000001,3.6849999999999996,3.3762500000000006,10.21875,6.388750000000001,4.547115312499999,25.345996874999997
2026-09-22T23:18:07.917Z,MCT2408044,15.313669,74.140042,26,214.29,432.6923076923077,94.77021384615381,10.916923076923078,3.4953846153846153,3.1823076923076927,9.653846153846153,6.073846153846153,4.532149846153846,25.316707692307684
2026-09-22T22:20:00.000Z,MCT2408046,15.529167,74.07,37.6,95.52,729.6,84.06500199999999,13.394,0.5740000000000001,12.389999999999999,37.772,19.113999999999997,3.532,28.609644000000003
2026-09-22T22:30:00.000Z,MCT2408046,15.529167,74.07,38.24,95.52,742.28,84.16479560000002,13.469199999999999,0.6,12.871599999999995,39.1068,19.4304,3.562400000000001,28.61178679999999
2026-09-22T22:40:00.000Z,MCT2408046,15.529167,74.07,38.84,95.52,740.8,84.29571559999998,13.432399999999998,0.5611999999999999,13.377999999999997,40.30800000000001,19.913199999999996,3.4316000000000004,28.565026399999997
2026-09-22T22:50:00.000Z,MCT2408046,15.529167,74.07,38.2,95.52,754.12,84.28045640000002,13.4856,0.6063999999999999,12.743999999999996,39.06119999999999,19.623999999999995,3.4988,28.544005600000002
2026-09-22T23:00:00.000Z,MCT2408046,15.529167,74.07,37.28,95.52,755.84,84.1788324,13.5628,0.6247999999999998,12.513999999999994,37.81439999999999,18.6804,3.596000000000001,28.580040800000003
2026-09-22T23:10:00.000Z,MCT2408046,15.529167,74.07,37.52,95.52,753.68,84.5126952,13.604800000000004,0.548,12.514399999999993,38.08119999999999,18.9948,3.6375999999999995,28.552156800000002
2026-09-22T23:18:07.918Z,MCT2408046,15.529167,74.07,39.65,111.25449999999998,729.95,85.07704149999999,13.8495,0.4465,13.9725,42.05300000000001,20.717500000000005,3.825500000000001,28.473436
2026-09-22T22:20:00.000Z,MCT2408049,15.475278,74.055833,57.333333333333336,150,522.6666666666666,86.50641,24.47666666666667,14.856666666666667,13.03,38.04666666666667,19.69333333333333,2.61,27.99330666666667
2026-09-22T22:30:00.000Z,MCT2408049,15.475278,74.055833,56.8125,150,526.5625,86.40770187499999,24.238125,14.58125,13.318750000000003,39.02062500000001,20.093125,2.61,28.010513125000003
2026-09-22T22:40:00.000Z,MCT2408049,15.475278,74.055833,57,150.758175,513.5,86.34046937499998,24.455624999999998,15.084375000000003,13.751875000000002,40.31312500000001,20.669999999999995,2.61,27.959568124999997
2026-09-22T22:50:00.000Z,MCT2408049,15.475278,74.055833,56.8125,152.31540625,503.0625,86.66805687500002,24.245624999999993,14.789375,13.848125000000001,40.696875000000006,20.907499999999995,2.61,27.792658750000005
2026-09-22T23:00:00.000Z,MCT2408049,15.475278,74.055833,56.75,150,481.8125,86.733859375,24.167500000000004,15.766250000000001,12.936250000000003,38.301874999999995,19.949375,2.61,27.671329375
2026-09-22T23:10:00.000Z,MCT2408049,15.475278,74.055833,56.4375,151.31065625,464.0625,86.4944875,24.031874999999996,17.2725,11.835625,34.903749999999995,17.741874999999997,2.61,27.478280000000005
2026-09-22T23:18:07.916Z,MCT2408049,15.475278,74.055833,56.84615384615385,151.58876923076923,448.6923076923077,85.85204076923077,24.447692307692307,17.86923076923077,11.086153846153847,32.940769230769234,16.877692307692307,2.61,27.478226923076924
2026-09-22T22:20:00.000Z,MCT2408037,15.394444,74.118333,39.666666666666664,160,458.3333333333333,85.30096333333333,10.546666666666667,14.5,10.41,36.25333333333333,18.24,4.086666666666667,27.41058
2026-09-22T22:30:00.000Z,MCT2408037,15.394444,74.118333,39.1875,160,471.875,85.31002375,10.368125,14.464375000000002,10.221249999999998,35.571875,17.708750000000002,4.034375,27.361645624999998
2026-09-22T22:40:00.000Z,MCT2408037,15.394444,74.118333,39.0625,160,470.875,85.48216249999999,10.49,14.465,9.895624999999999,35.21437500000001,17.849375000000002,3.9774999999999996,27.260428125000004
2026-09-22T22:50:00.000Z,MCT2408037,15.394444,74.118333,38.8125,160,471.25,85.53270687499997,10.258125,14.465000000000003,9.802499999999997,34.753125,17.615000000000002,3.912499999999999,27.241658124999997
2026-09-22T23:00:00.000Z,MCT2408037,15.394444,74.118333,39.25,160,471.9375,85.64047062499999,10.506875,14.46,10.081249999999999,35.674375,17.990000000000002,3.866250000000001,27.208138749999993
2026-09-22T23:10:00.000Z,MCT2408037,15.394444,74.118333,39.5,160,471.6875,85.70102812499998,10.255625,14.468125000000002,10.220625,36.13250000000001,18.224375000000002,3.845625,27.188029374999996
2026-09-22T23:18:08.140Z,MCT2408037,15.394444,74.118333,40.53846153846154,160,480.61538461538464,85.72527538461539,10.18846153846154,14.48230769230769,10.92153846153846,37.86615384615385,18.740000000000002,3.7161538461538464,27.241450769230767
2026-09-22T22:20:00.000Z,MCT2408042,15.213889,74.071667,60.333333333333336,271.37666666666667,435.6666666666667,89.94981,25.643333333333334,14.793333333333335,10.313333333333333,30.703333333333333,15.793333333333331,3.8899999999999992,26.23439
2026-09-22T22:30:00.000Z,MCT2408042,15.213889,74.071667,60.5,270.418125,434.625,89.92533250000001,25.713125,15.733749999999999,9.270624999999999,27.816875000000003,14.636875000000002,3.65,26.299859374999997
2026-09-22T22:40:00.000Z,MCT2408042,15.213889,74.071667,60.3125,268.966875,436.5,90.0254675,25.550000000000004,15.826249999999998,11.147500000000003,33.003125,16.855,4.035,26.365550624999997
2026-09-22T22:50:00.000Z,MCT2408042,15.213889,74.071667,59.9375,266.150625,440.1875,90.04978562499998,25.230000000000004,16.049375,13.934375000000003,42.579375,22.435624999999998,3.9293749999999994,26.519051249999997
2026-09-22T23:00:00.000Z,MCT2408042,15.213889,74.071667,60.375,269.025625,441.4375,90.10891250000002,25.396250000000002,15.795625,12.455625000000003,37.106874999999995,19.01625,3.823125,26.559940625000007
2026-09-22T23:10:00.000Z,MCT2408042,15.213889,74.071667,60.375,269.973125,438.5,90.084119375,25.556250000000002,15.433125000000002,11.318124999999998,33.915625,17.480625,3.6874999999999996,26.550556875
2026-09-22T23:18:08.142Z,MCT2408042,15.213889,74.071667,60.30769230769231,253.8707692307692,443,89.94433384615384,25.47923076923077,15.296153846153844,12.180000000000003,36.12923076923077,18.569999999999997,3.743846153846154,26.641666153846156
2026-09-22T22:20:00.000Z,MCT2408024,15.148056,74.131667,41.4,207.70520000000002,680.8,80.24573000000001,18.043314000000002,5,5.798,18.589999999999996,10.190000000000001,3.444,27.489941999999996
2026-09-22T22:30:00.000Z,MCT2408024,15.148056,74.131667,40.958333333333336,208.83176666666665,683.875,80.50557291666671,17.755351666666666,5,5.625,18.365000000000006,10.115000000000004,3.5295833333333335,27.45034916666668
2026-09-22T22:40:00.000Z,MCT2408024,15.148056,74.131667,41.04,207.25782400000003,582.12,80.68884440000002,17.882598800000004,5,5.52,18.350000000000005,10.310000000000002,3.53,27.47578560000001
2026-09-22T22:50:00.000Z,MCT2408024,15.148056,74.131667,41.4,208.18709199999998,665.4,80.91589400000001,18.1121576,5,5.68,18.830000000000005,10.470000000000002,3.5328000000000004,27.44446880000001
2026-09-22T23:00:00.000Z,MCT2408024,15.148056,74.131667,41.458333333333336,207.94724166666666,587.3333333333334,80.97255583333336,18.199562500000003,5,5.583333333333333,18.65666666666667,10.490000000000004,3.555833333333334,27.4583925
2026-09-22T23:10:00.000Z,MCT2408024,15.148056,74.131667,41.12,207.10732399999998,678.28,81.04803520000002,17.945973199999997,5,6.0384,19.470000000000006,10.550000000000002,3.566,27.470637999999987
2026-09-22T23:18:08.169Z,MCT2408024,15.148056,74.131667,41.5,206.757495,592.85,81.04795799999997,18.228819000000005,5.0263348,5.9485,19.240000000000002,10.490000000000002,3.5409999999999995,27.475463499999996
2026-09-22T22:20:00.000Z,MCT2408033,15.346944,74.007778,26.666666666666668,114.41946666666666,638.6666666666666,89.32928333333332,6.733333333333333,2.0366666666666666,9.09,23.416666666666668,13.923333333333332,4.39,26.935096666666666
2026-09-22T22:30:00.000Z,MCT2408033,15.346944,74.007778,24.8125,115.78716250000001,624.1875,89.17097375000002,7.483124999999999,2.554375,7.574375000000001,19.52,11.799999999999999,4.39,26.856892500000004
2026-09-22T22:40:00.000Z,MCT2408033,15.346944,74.007778,23.125,115.90210625000003,625.3125,88.78092125000002,7.311249999999999,2.9993750000000006,6.440625000000001,16.41,9.889375,4.39,26.708081875000005
2026-09-22T22:50:00.000Z,MCT2408033,15.346944,74.007778,23.4375,112.5030625,619.375,88.89488562500001,7.324999999999998,3.138125,6.515,16.73125,10.110625,4.39,26.649763125000003
2026-09-22T23:00:00.000Z,MCT2408033,15.346944,74.007778,23.6875,111.11382499999999,628.75,88.87581187500001,7.1724999999999985,3.0268750000000004,7.1225,18.173125,10.845625000000002,4.39,26.646411875000005
2026-09-22T23:10:00.000Z,MCT2408033,15.346944,74.007778,25.125,111.486925,630.125,88.98405375,7.164999999999999,2.870625,8.406875000000001,21.121875000000003,12.53625,4.39,26.679927500000005
2026-09-22T23:18:08.168Z,MCT2408033,15.346944,74.007778,25,115.88893846153846,625.6153846153846,88.93725076923079,7.088461538461536,1.9469230769230772,8.063076923076922,20.750000000000004,12.531538461538462,4.39,26.76459769230769
2026-09-22T22:20:00.000Z,MCT2408041,15.224628,74.171389,32,466.7473,476.6666666666667,90.70765999999999,13.573333333333332,9.7,8.09,21.599999999999998,10.246666666666668,8.593333333333334,26.12356
2026-09-22T22:30:00.000Z,MCT2408041,15.224628,74.171389,32.333333333333336,463.3237466666666,472.73333333333335,90.51947133333333,13.563333333333333,9.7,8.090000000000002,21.816,10.459333333333335,8.361333333333333,26.150019333333333
2026-09-22T22:40:00.000Z,MCT2408041,15.224628,74.171389,32.3125,464.14682500000004,471.3125,90.37594437499999,13.59125,9.7,8.090000000000002,21.920625,10.561874999999999,8.36,26.222774375
2026-09-22T22:50:00.000Z,MCT2408041,15.224628,74.171389,32.1875,462.5859625000001,472.9375,90.12465,13.551250000000003,9.7,8.090000000000002,21.819375,10.462500000000002,8.290624999999999,26.356166250000005
2026-09-22T23:00:00.000Z,MCT2408041,15.224628,74.171389,32.3125,461.2396,480.0625,89.96300125,13.5475,9.7,8.090000000000002,21.6675,10.312500000000002,8.293125,26.443307499999996
2026-09-22T23:10:00.000Z,MCT2408041,15.224628,74.171389,32.25,464.82518749999997,476.8125,90.03071250000004,13.511250000000002,9.7,8.090000000000002,21.616875000000004,10.26125,8.278749999999999,26.470119999999998
2026-09-22T23:18:08.168Z,MCT2408041,15.224628,74.171389,32.23076923076923,451.4727307692308,480.0769230769231,90.17027923076922,13.47153846153846,9.700000000000001,8.090000000000002,21.433846153846158,10.07769230769231,8.232307692307693,26.480793076923078
2026-09-22T22:20:00.000Z,MCT2408022,15.475833,74.038889,58.666666666666664,150,483,89.54036666666667,4.170000000000001,11.400266666666667,20.333333333333332,62,32.666666666666664,4.303048333333333,27.253276666666665
2026-09-22T22:30:00.000Z,MCT2408022,15.475833,74.038889,58.9375,150,483.4375,89.496655,3.9168749999999997,11.348393125,20.3125,62.375,33.25,4.31030625,27.261768749999995
2026-09-22T22:40:00.000Z,MCT2408022,15.475833,74.038889,58.3125,150,493.1875,89.56055,3.9975,11.405809375,19.875,61.0625,32.375,4.2913165625,27.214173125
2026-09-22T22:50:00.000Z,MCT2408022,15.475833,74.038889,57.13333333333333,150,473.6666666666667,89.38981066666669,4.1339999999999995,11.621017333333333,19.066666666666666,58.6,31.266666666666666,4.341455333333333,27.179627333333332
2026-09-22T23:00:00.000Z,MCT2408022,15.475833,74.038889,53.125,150,449.3125,89.04222937500002,4.048125,11.572414375,16.75,51.125,27.25,4.327249437500001,27.134404375
2026-09-22T23:10:00.000Z,MCT2408022,15.475833,74.038889,50.8125,150,433.4375,88.48814312500001,4.171875,11.587914375000004,15.1875,47.1875,25.125,4.374281375000001,27.031845625000003
2026-09-22T23:18:08.398Z,MCT2408022,15.475833,74.038889,49.23076923076923,150,424.15384615384613,88.35154923076924,4.233076923076922,11.54378769230769,14.23076923076923,44,23.46153846153846,4.386952692307693,26.906497692307692
2026-09-22T22:20:00.000Z,MCT2408045,15.619444,73.878889,34,178.12,650.3333333333334,86.10967999999998,10.08,16.223333333333333,10.236666666666666,34.79,17.906666666666666,2.53,27.846733333333333
2026-09-22T22:30:00.000Z,MCT2408045,15.619444,73.878889,33.6875,178.11999999999995,653.8125,86.15736437500003,10.714375000000002,16.458750000000002,9.974374999999998,34.255625,17.775000000000002,2.5300000000000002,27.873767499999992
2026-09-22T22:40:00.000Z,MCT2408045,15.619444,73.878889,33.8125,178.11999999999995,647.125,86.20838312500004,10.476249999999999,16.380000000000003,10.163124999999997,34.469375,17.703750000000003,2.5300000000000002,27.88583375
2026-09-22T22:50:00.000Z,MCT2408045,15.619444,73.878889,33.625,178.11999999999995,662.4375,86.22459687500002,10.833750000000002,16.355,10.066875,34.255624999999995,17.704375,2.5300000000000002,27.883823125
2026-09-22T23:00:00.000Z,MCT2408045,15.619444,73.878889,33.4375,178.11999999999995,668.5,86.30995312499999,10.708750000000002,16.476875000000003,9.942499999999997,33.756874999999994,17.349375000000002,2.5300000000000002,27.835561250000005
2026-09-22T23:10:00.000Z,MCT2408045,15.619444,73.878889,33.25,178.11999999999995,671.75,86.42057937499999,10.871875000000001,16.710625,9.84625,33.436249999999994,17.279375,2.5300000000000002,27.773217499999998
2026-09-22T23:18:08.398Z,MCT2408045,15.619444,73.878889,33.53846153846154,178.11999999999995,681.7692307692307,86.43187846153847,10.572307692307692,16.553076923076922,9.990769230769228,34.088461538461544,17.614615384615387,2.5300000000000002,27.756251538461534
2026-09-22T22:20:00.000Z,MCT2408031,15.290833,74.149167,26.666666666666668,153.17350000000002,511,87.46008,6.822212666666666,10.849598,9.683333333333334,25.8,14.446666666666667,5.050000000000001,26.08423666666667
2026-09-22T22:30:00.000Z,MCT2408031,15.290833,74.149167,26.6875,146.14711875,517.875,87.44005437499997,6.798986374999999,11.717924562499999,9.79125,26.386874999999993,14.793124999999998,5.1899999999999995,26.104793750000006
2026-09-22T22:40:00.000Z,MCT2408031,15.290833,74.149167,26.0625,140,522.125,87.43862499999999,6.768105874999999,11.2381240625,9.521875,25.380625000000002,14.079375,4.942499999999999,26.088036249999995
2026-09-22T22:50:00.000Z,MCT2408031,15.290833,74.149167,24.8125,143.75397500000003,519.25,87.608856875,6.858503875,15.381025687500001,8.602499999999997,22.526875,12.380625000000002,5.223125,25.9727425
2026-09-22T23:00:00.000Z,MCT2408031,15.290833,74.149167,23.5625,146.82378125,512.9375,87.57500125000001,6.982025874999999,14.469789999999998,7.619999999999999,20.109375,11.070625000000001,5.579375000000001,25.890293125000003
2026-09-22T23:10:00.000Z,MCT2408031,15.290833,74.149167,23.3125,161.52801875,519.875,87.54209750000003,6.6602879999999995,12.972694874999998,7.44125,19.429999999999996,10.564375000000002,5.54625,25.879567500000004
2026-09-22T23:18:08.424Z,MCT2408031,15.290833,74.149167,23.153846153846153,167.26981538461538,515.4615384615385,87.60386615384616,6.899363153846154,12.613793076923075,7.437692307692308,19.299230769230768,10.44,5.086153846153848,25.843060769230775
2026-09-22T22:20:00.000Z,MCT2408032,15.525556,73.828611,55.4,237.536,460.6,74.09796,15.823999999999998,16.75,13.388,43.522000000000006,24.351999999999997,3.9840000000000004,30.415750000000003
2026-09-22T22:30:00.000Z,MCT2408032,15.525556,73.828611,54.72,233.1792,461,76.044068,15.5048,16.412799999999997,12.9324,42.327600000000004,23.726799999999997,4.1648,29.765808399999997
2026-09-22T22:40:00.000Z,MCT2408032,15.525556,73.828611,54.8,214.0084,445.68,76.06878680000003,15.023200000000005,16.425199999999997,13.5008,42.6684,23.273200000000003,3.6931999999999987,29.907808399999993
2026-09-22T22:50:00.000Z,MCT2408032,15.525556,73.828611,55.64,214.14399999999998,455.92,77.00720199999999,14.73,16.4456,13.9564,44.2612,24.406,3.5008,29.7289128
2026-09-22T23:00:00.000Z,MCT2408032,15.525556,73.828611,57.44,212.2276,471.6,77.4951784,14.535600000000004,16.605599999999995,15.663200000000002,48.869599999999984,26.443999999999996,3.0188000000000006,29.918104399999997
2026-09-22T23:10:00.000Z,MCT2408032,15.525556,73.828611,51.24,220.79479999999995,465.28,75.63024919999997,15.715199999999996,15.947199999999995,11.1652,36.1836,20.0456,3.4336,30.308068000000002
2026-09-22T23:18:08.423Z,MCT2408032,15.525556,73.828611,50.05,228.50899999999996,572.1,80.850358,14.5545,15.362,10.253,34.703,20.100499999999993,3.9455,28.397286
2026-09-22T22:20:00.000Z,MCT2408036,15.171567,74.067106,38,120,689,90.92383,9.58,6.385,4.475,13.17,7.095,12.21,25.97341
2026-09-22T22:30:00.000Z,MCT2408036,15.171567,74.067106,37.5,120,695.4375,89.413209375,9.806875,6.94,4.705,13.866875,7.4425,11.875625,26.387669374999998
2026-09-22T22:40:00.000Z,MCT2408036,15.171567,74.067106,37.5,120,702,90.55094125000001,9.578124999999998,6.869999999999999,9.078749999999998,27.894375,15.386875,11.92625,26.253606875000003
2026-09-22T22:50:00.000Z,MCT2408036,15.171567,74.067106,38,120,695.5625,90.06552187499999,9.606875,6.606874999999999,6.874375,20.927500000000002,11.334375000000001,12.23375,26.380297499999998
2026-09-22T23:00:00.000Z,MCT2408036,15.171567,74.067106,37.6875,120,696.8125,89.57819374999998,9.858125,6.968125000000001,6.285625000000001,18.584375,9.941875,12.010625,26.462075624999997
2026-09-22T23:10:00.000Z,MCT2408036,15.171567,74.067106,38.1875,120,694.25,88.05326937499999,9.873750000000001,7.056250000000001,6.580000000000001,19.535000000000004,10.4175,12.321874999999997,26.81600375
2026-09-22T23:18:08.425Z,MCT2408036,15.171567,74.067106,37.5,120,698.1666666666666,86.93619666666667,9.766666666666667,7.159999999999999,5.966666666666666,18.237499999999997,10.005833333333333,11.921666666666667,27.0718425
2026-09-22T22:20:00.000Z,MCT2408035,15.236111,74.125,45,190,837.6666666666666,89.04445666666668,18.30977,6.593333333333334,3.7999999999999994,10.19,4.91,3.83,26.43459333333333
2026-09-22T22:30:00.000Z,MCT2408035,15.236111,74.125,43.4375,190,840.125,89.25299062500002,17.029387500000002,6.3375,3.799999999999999,10.21375,4.933124999999999,3.8299999999999987,26.385659374999996
2026-09-22T22:40:00.000Z,MCT2408035,15.236111,74.125,43.9375,190,834.875,88.95115374999997,17.504299375,6.3925,3.799999999999999,10.236875,4.956874999999998,3.8299999999999987,26.487546250000005
2026-09-22T22:50:00.000Z,MCT2408035,15.236111,74.125,43.8125,190,834.375,88.97165749999999,17.368278124999996,6.274375,3.799999999999999,10.19,4.909999999999998,3.8299999999999987,26.489558125000006
2026-09-22T23:00:00.000Z,MCT2408035,15.236111,74.125,44.3125,190,837.875,89.18194187500002,17.872835625,6.255624999999999,3.799999999999999,10.237499999999999,4.956249999999998,3.8299999999999987,26.460065625
2026-09-22T23:10:00.000Z,MCT2408035,15.236111,74.125,43.8125,190,836.0625,89.36981625000001,17.368278124999996,6.603125000000001,3.799999999999999,10.21375,4.933124999999999,3.8299999999999987,26.452020000000005
2026-09-22T23:18:08.645Z,MCT2408035,15.236111,74.125,43.76923076923077,190,836,89.46133230769232,17.187497692307694,6.332307692307693,3.7999999999999994,10.248461538461537,4.966923076923076,3.8299999999999987,26.467593076923077
2026-09-22T22:20:00.000Z,MCT2408039,15.163611,74.110833,31,368.18333333333334,566.6666666666666,86.78107,11.933333333333332,10.3,9.02,28.94,11.76,2.3,26.37024
2026-09-22T22:30:00.000Z,MCT2408039,15.163611,74.110833,31.8125,358.23499999999996,569.3125,86.74005999999999,14.023125,10.3,9.019999999999998,28.94,11.759999999999998,2.3,26.425208125
2026-09-22T22:40:00.000Z,MCT2408039,15.163611,74.110833,31.25,365.57562499999995,577.875,86.493534375,12.88125,10.3,9.019999999999998,28.94,11.759999999999998,2.3,26.491568125
2026-09-22T22:50:00.000Z,MCT2408039,15.163611,74.110833,31.466666666666665,363.03999999999996,561.2,86.62491866666664,12.632666666666665,10.3,9.019999999999998,28.94,11.759999999999998,2.3,26.477493333333335
2026-09-22T23:00:00.000Z,MCT2408039,15.163611,74.110833,32.25,362.42875000000004,558,86.57078125,14.3475,10.3,9.019999999999998,28.94,11.759999999999998,2.3,26.521733124999997
2026-09-22T23:10:00.000Z,MCT2408039,15.163611,74.110833,31.875,361.76000000000005,571.0625,86.74911937499998,14.485000000000001,10.3,9.019999999999998,28.94,11.759999999999998,2.3,26.53044625
2026-09-22T23:18:08.654Z,MCT2408039,15.163611,74.110833,31.153846153846153,365.72230769230765,578.6153846153846,86.7094676923077,12.050769230769228,10.299999999999999,9.019999999999998,28.94,11.76,2.3000000000000003,26.5789676923077
2026-09-22T22:20:00.000Z,MCT2408026,15.2467,74.198281,117,125,443,85.94564500000001,12.8468175,12.5,7.324999999999999,23.209999999999997,12.7775,50.75,27.2497025
2026-09-22T22:30:00.000Z,MCT2408026,15.2467,74.198281,117,125,446,85.89446708333337,13.01087375,12.5,5.790833333333334,18.89875,10.24666666666667,50.42500000000002,27.304220833333332
2026-09-22T22:40:00.000Z,MCT2408026,15.2467,74.198281,116.2,125,442.2,86.30285599999998,12.915115600000002,12.5,6.202799999999999,20.4256,11.301999999999996,48.901199999999996,27.191784
2026-09-22T22:50:00.000Z,MCT2408026,15.2467,74.198281,117,125,450.4166666666667,86.97148333333335,12.96134791666667,12.5,6.026666666666667,19.746666666666666,10.687499999999998,50.41874999999999,27.086140833333335
2026-09-22T23:00:00.000Z,MCT2408026,15.2467,74.198281,117.04166666666667,125,452.7916666666667,86.7260720833333,12.930999583333332,12.5,6.301666666666667,20.551249999999996,11.21125,50.43791666666667,27.134850416666666
2026-09-22T23:10:00.000Z,MCT2408026,15.2467,74.198281,117,125.50018333333333,449.6666666666667,87.39046375000004,12.806174583333332,12.5,6.500000000000001,20.83375,11.250416666666665,50.49999999999999,26.954759166666676
2026-09-22T23:18:08.673Z,MCT2408026,15.2467,74.198281,117.05,125,446.55,87.79234400000001,12.867087500000002,12.5,6.145500000000001,20.213499999999996,11.138,50.623000000000005,26.843219499999996
2026-09-22T22:20:00.000Z,MCT2408038,15.188889,74.055556,22.333333333333332,397.17333333333335,669.6666666666666,85.31876666666666,9.06,13.33,6.316666666666666,17.563333333333333,8.82,4.733333333333333,27.514253333333333
2026-09-22T22:30:00.000Z,MCT2408038,15.188889,74.055556,27.1875,401.0275,667.625,85.31384000000001,9.016874999999999,13.330000000000005,9.292499999999999,26.716250000000002,13.325625,4.753125000000001,27.519167500000002
2026-09-22T22:40:00.000Z,MCT2408038,15.188889,74.055556,34.625,388.96250000000003,662.625,85.47834687499999,9.041249999999998,13.330000000000005,14.4425,41.62562499999999,20.7375,4.796875000000001,27.521179374999992
2026-09-22T22:50:00.000Z,MCT2408038,15.188889,74.055556,27,397.10749999999996,662.9375,85.76874124999999,9.044375,13.330000000000005,9.135000000000002,26.339999999999996,13.263125000000002,4.786875,27.495038124999997
2026-09-22T23:00:00.000Z,MCT2408038,15.188889,74.055556,31.625,328.2175,657.1875,85.90273249999998,8.989999999999998,13.330000000000005,12.3125,35.476875,17.74125,4.75125,27.491015625
2026-09-22T23:10:00.000Z,MCT2408038,15.188889,74.055556,33.875,354.08625,670.3125,85.83740750000003,9.005624999999998,13.330000000000005,13.8625,40.134375,20.18375,4.730625000000001,27.546650625
2026-09-22T23:18:08.673Z,MCT2408038,15.188889,74.055556,39.46153846153846,345.72076923076924,668.5384615384615,85.83326153846153,8.745384615384616,13.330000000000004,17.439230769230768,51.154615384615376,25.988461538461536,4.724615384615384,27.55412615384616
2026-09-23T01:00:00.000Z,MCT2408028,15.186944,74.096667,43.526315789473685,355.1273684210527,495.94736842105266,89.66457578947366,18.907894736842106,13.156842105263152,6.779473684210525,22.242631578947368,12.503684210526313,1.07,25.644322105263157
2026-09-23T01:10:00.000Z,MCT2408028,15.186944,74.096667,43.4,352.95279999999997,495.12,89.76751680000002,18.7892,13.164000000000003,6.870000000000001,22.472800000000003,12.645199999999999,1.5231999999999999,25.617768399999996
2026-09-23T01:20:00.000Z,MCT2408028,15.186944,74.096667,43.52,353.35560000000004,496.2,89.8407584,18.9084,13.130799999999999,7.110000000000001,23.148000000000003,13.081600000000002,1.3032,25.62934999999999
2026-09-23T01:30:00.000Z,MCT2408028,15.186944,74.096667,43.625,349.50708333333324,495.5,89.36711375,19.01458333333333,13.4525,8.406666666666668,27.261250000000008,15.492083333333335,1.1495833333333334,25.66372625
2026-09-23T01:40:00.000Z,MCT2408028,15.186944,74.096667,43.56,351.0296,496.16,89.40039000000003,18.943999999999996,13.472000000000001,8.430000000000001,28.477999999999998,16.542399999999997,1.2192,25.6898428
2026-09-23T01:50:00.000Z,MCT2408028,15.186944,74.096667,43.24,344.98200000000014,491.96,89.25146520000003,18.6356,13.481200000000001,9.110000000000003,30.226800000000008,17.217199999999995,1.1859999999999997,25.689843199999995
2026-09-23T01:52:31.276Z,MCT2408028,15.186944,74.096667,43.5,347.2366666666667,484,89.27715,18.895,13.623333333333333,8.49,27.51,15.74,0.9483333333333333,25.6606
2026-09-23T01:00:00.000Z,MCT2408020,15.543475,74.039433,45.666666666666664,502.3244250000001,613.1666666666666,87.33165333333334,9.071126583333333,18.536913333333334,13.526666666666666,42.48083333333333,22.689166666666665,3.659999999999999,27.539277499999997
2026-09-23T01:10:00.000Z,MCT2408020,15.543475,74.039433,46.5,395.42709375000004,612.4375,87.37186875,8.929853875,18.594640624999997,14.028749999999999,44.0925,23.579999999999995,3.6599999999999984,27.521849999999997
2026-09-23T01:20:00.000Z,MCT2408020,15.543475,74.039433,50.25,196.57726875,615.1875,87.64032875,8.9060551875,18.72356125,16.467499999999998,51.95624999999999,28.170624999999998,3.6599999999999984,27.505763749999996
2026-09-23T01:30:00.000Z,MCT2408020,15.543475,74.039433,52.5625,205.49315,621.4375,87.56928062499998,8.6692419375,18.589589999999998,18.670624999999998,57.315625,30.320625,3.6599999999999984,27.611670625
2026-09-23T01:40:00.000Z,MCT2408020,15.543475,74.039433,50.875,320.29085624999993,628.875,87.64938875000001,8.7865431875,18.497949375,17.393749999999997,53.937500000000014,28.69375,3.6599999999999984,27.674009374999997
2026-09-23T01:50:00.000Z,MCT2408020,15.543475,74.039433,44.5625,289.43942499999997,616.1875,87.50633625,8.499922312499999,18.078955000000004,13.043125,40.889374999999994,21.78125,3.6599999999999984,27.814778750000002
2026-09-23T01:52:31.276Z,MCT2408020,15.543475,74.039433,44.25,294.55307500000004,610.5,87.41431,8.419684,18.143417499999998,12.755,40.305,21.61,3.66,27.9387875
2026-09-23T01:00:00.000Z,MCT2408057,15.272222,74.104722,29,344.19578947368416,424.2105263157895,73.4577347368421,12.372105263157897,9.283684210526312,8.43684210526316,24.076315789473686,12.351578947368424,2.9873684210526323,31.52449736842105
2026-09-23T01:10:00.000Z,MCT2408057,15.272222,74.104722,28.76,336.172,440.08,78.38079760000001,12.2704,9.264,7.890800000000001,22.5728,11.490000000000002,3.1475999999999997,29.71818959999999
2026-09-23T01:20:00.000Z,MCT2408057,15.272222,74.104722,28.791666666666668,325.75791666666674,434.6666666666667,82.10806291666667,12.275,9.295,7.82375,22.12208333333334,11.115416666666668,3.1916666666666664,28.57693125
2026-09-23T01:30:00.000Z,MCT2408057,15.272222,74.104722,28.76,323.7120000000001,440.44,84.4180904,12.294000000000004,9.264399999999998,7.699200000000002,21.6,10.870400000000002,3.0912,27.891919200000004
2026-09-23T01:40:00.000Z,MCT2408057,15.272222,74.104722,29.782608695652176,308.59304347826094,440.4347826086956,85.89439913043475,12.09478260869565,9.335652173913042,10.286521739130432,29.279130434782612,14.91913043478261,2.5834782608695646,27.591037391304347
2026-09-23T01:50:00.000Z,MCT2408057,15.272222,74.104722,29.75,306.5216666666667,444.375,86.4326583333333,12.235416666666666,9.327500000000002,10.727499999999997,30.41583333333334,15.495833333333332,2.4600000000000004,27.560727499999995
2026-09-23T01:52:31.305Z,MCT2408057,15.272222,74.104722,28.428571428571427,308.96571428571434,442.85714285714283,86.54128428571428,12.001428571428573,9.379999999999999,8.94142857142857,25.684285714285718,13.045714285714286,2.3485714285714288,27.576050000000002
2026-09-23T01:00:00.000Z,MCT2408056,15.579167,73.920833,51.416666666666664,180,472.8333333333333,89.58105416666668,6.7025,9.24706575,15.719166666666668,46.82750000000001,25.53916666666667,1.7025,27.527659166666666
2026-09-23T01:10:00.000Z,MCT2408056,15.579167,73.920833,56.25,180,482.6875,89.40271750000002,6.85375,10.0352106875,19.528124999999996,56.92250000000001,30.635000000000005,1.6249999999999998,27.526541875
2026-09-23T01:20:00.000Z,MCT2408056,15.579167,73.920833,45.5,180,489.25,89.496653125,6.795624999999999,10.18192425,12.316874999999998,36.25937499999999,19.505000000000003,1.6293749999999996,27.520508750000005
2026-09-23T01:30:00.000Z,MCT2408056,15.579167,73.920833,43.25,180,483.1875,89.51286687499999,6.711875,9.2102401875,10.496874999999996,31.42062500000001,17.33875,1.8362500000000002,27.527211874999995
2026-09-23T01:40:00.000Z,MCT2408056,15.579167,73.920833,45.25,180,475.0625,89.49474562499998,6.8343750000000005,9.272006625000001,12.141249999999998,36.2025,19.799375,1.7124999999999997,27.52587125
2026-09-23T01:50:00.000Z,MCT2408056,15.579167,73.920833,47.25,180,467.875,89.59202062499999,6.753749999999999,9.123532875,13.488749999999996,40.415,22.257500000000004,1.5687499999999996,27.567429999999995
2026-09-23T01:52:31.305Z,MCT2408056,15.579167,73.920833,54.75,180,475,89.74127,6.907500000000001,9.4941315,18.77,55.3275,29.99,1.56,27.62776
2026-09-23T01:00:00.000Z,MCT2408055,15.585833,73.885556,72.91666666666667,104.03000000000002,766.0833333333334,88.83210166666669,9.499166666666666,5.4366666666666665,9.031666666666666,26.48,14.711666666666668,22.570000000000004,27.060220833333336
2026-09-23T01:10:00.000Z,MCT2408055,15.585833,73.885556,72.75,103.69,773.4375,88.93160187500003,9.449375,5.57,9.09,26.070000000000004,14.184999999999999,22.484375,27.055306875
2026-09-23T01:20:00.000Z,MCT2408055,15.585833,73.885556,72.6875,101.526875,774.8125,89.13616562500002,9.648124999999999,5.74,8.95875,25.494375,13.758125,22.339999999999996,27.037878750000004
2026-09-23T01:30:00.000Z,MCT2408055,15.585833,73.885556,72.6875,101.805,783.75,89.13330375000001,9.536875,5.645,9.5275,26.520625000000006,14.142499999999998,22.309375000000003,27.062010625
2026-09-23T01:40:00.000Z,MCT2408055,15.585833,73.885556,72.75,102.26312499999999,779.625,89.29972312500001,9.458749999999997,5.050000000000001,9.177499999999998,25.987499999999997,14.015,22.398749999999996,27.047932499999998
2026-09-23T01:50:00.000Z,MCT2408055,15.585833,73.885556,72.625,86.61312499999998,776.75,89.29114000000001,9.445625,5.5550000000000015,13.4175,37.41875,19.936875,22.325,27.12837125
2026-09-23T01:52:31.331Z,MCT2408055,15.585833,73.885556,71.75,51.39,781.25,89.315935,9.5225,5.57,26.572499999999998,73.35249999999999,38.855000000000004,21.8,27.20948
2026-09-23T01:00:00.000Z,MCT2408052,15.444425,74.063856,19.5,160,714.6666666666666,88.31902416666667,3.435965083333334,8,5.9375,16.925,8.081666666666665,2,27.34890916666666
2026-09-23T01:10:00.000Z,MCT2408052,15.444425,74.063856,23.8125,160,713.75,88.483376875,3.5543424375000003,8,9.512500000000001,25.471875000000004,11.434375000000003,2,27.33818250000001
2026-09-23T01:20:00.000Z,MCT2408052,15.444425,74.063856,20.25,160,708.8125,88.576834375,3.532324625,8,6.501874999999998,18.44875,8.799999999999999,2,27.348908124999994
2026-09-23T01:30:00.000Z,MCT2408052,15.444425,74.063856,20.5,160,684.375,88.56396062499999,3.5338159375,8,6.7106249999999985,19.053125,9.05875,2,27.409908125
2026-09-23T01:40:00.000Z,MCT2408052,15.444425,74.063856,21.8125,160,715.1875,88.570636875,3.541842187500001,8,7.756249999999998,21.401875,9.921875,2,27.46018
2026-09-23T01:50:00.000Z,MCT2408052,15.444425,74.063856,20.0625,160,711.8125,88.66791125000002,3.4839914375000003,8,6.37625,17.974375,8.585625,2,27.572122500000003
2026-09-23T01:52:31.503Z,MCT2408052,15.444425,74.063856,19,160,706.75,88.74182,3.4436845,8,5.855,16.4675,7.852500000000001,2,27.67334
2026-09-23T01:00:00.000Z,MCT2408053,15.263333,74.110833,95.16666666666667,156.69575,685.6666666666666,93.56677749999999,11.238333333333332,19.405,10.9425,36.13666666666668,22.653333333333332,30.06833333333333,25.95106916666667
2026-09-23T01:10:00.000Z,MCT2408053,15.263333,74.110833,95.25,157.60698749999997,670.6875,93.59888500000002,12.950624999999999,19.55625,11.134375,37.128750000000004,23.334374999999998,30.151249999999997,25.988161250000005
2026-09-23T01:20:00.000Z,MCT2408053,15.263333,74.110833,95.5,194.29264999999995,666.625,93.41101000000003,13.766875,19.910625000000003,10.100625,33.66437500000001,21.360625000000002,30.213750000000005,25.962016875000003
2026-09-23T01:30:00.000Z,MCT2408053,15.263333,74.110833,95,179.94651874999997,676.0625,93.66516624999998,13.566250000000002,21.035625,9.755,32.510625,20.585000000000004,30.024375000000003,25.953304375000005
2026-09-23T01:40:00.000Z,MCT2408053,15.263333,74.110833,94.6875,180.77000000000004,663.9375,93.40815124999997,13.438125,19.8975,11.364375,38.1625,24.110625,29.865624999999998,25.966039375000005
2026-09-23T01:50:00.000Z,MCT2408053,15.263333,74.110833,95.375,179.93455000000003,679.25,93.24793187499999,11.1625,18.063750000000002,11.134999999999998,37.370625000000004,23.61875,30.280625000000004,25.947269999999993
2026-09-23T01:52:31.503Z,MCT2408053,15.263333,74.110833,95.5,209.50447499999999,622,93.00665000000001,16.1425,19.2025,10.56,35.730000000000004,22.8425,30.2775,25.94124
2026-09-23T01:00:00.000Z,MCT2408043,15.221111,74.087222,46.5,198.60916666666665,653,87.02838833333334,14.229166666666664,10.069999999999999,11.609166666666667,35.7275,18.7875,5.29,26.540055833333337
2026-09-23T01:10:00.000Z,MCT2408043,15.221111,74.087222,45.625,199.08125,644.25,86.93413124999998,14.263124999999999,10.028125,11.320000000000004,35.48624999999999,18.895000000000003,5.290000000000001,26.549216249999994
2026-09-23T01:20:00.000Z,MCT2408043,15.221111,74.087222,46.8125,190.93875000000003,650.125,86.79537062499999,14.251874999999997,9.832500000000001,12.424374999999998,37.738125000000004,19.778750000000002,5.290000000000001,26.599489374999997
2026-09-23T01:30:00.000Z,MCT2408043,15.221111,74.087222,48.75,194.89,639.625,87.02949875000002,14.279375,10.021249999999998,13.691875000000001,41.682500000000005,21.699999999999996,5.290000000000001,26.508995624999997
2026-09-23T01:40:00.000Z,MCT2408043,15.221111,74.087222,48.13333333333333,171.03866666666673,642.2666666666667,87.25714066666666,14.258,10.065333333333333,13.593333333333335,41.19866666666666,21.267333333333333,5.290000000000001,26.504662000000007
2026-09-23T01:50:00.000Z,MCT2408043,15.221111,74.087222,47.125,177.44500000000002,646.4375,87.27507062500001,14.283125,10.086875,12.98,39.3475,20.418124999999996,5.290000000000001,26.581391250000003
2026-09-23T01:52:31.529Z,MCT2408043,15.221111,74.087222,64.75,114.7825,642.25,87.3170325,14.43,9.795000000000002,24.38,74.35,38.112500000000004,5.29,26.598150000000004
2026-09-23T01:00:00.000Z,MCT2408021,15.500556,74.053333,49.416666666666664,375,489.6666666666667,86.62275749999999,21.166666666666668,14.583869166666664,6.387499999999999,19.493333333333332,12.102500000000001,4.355833333333333,27.26221666666667
2026-09-23T01:10:00.000Z,MCT2408021,15.500556,74.053333,49.25,375,485.8125,86.67044,21.081875000000004,14.514,7.261249999999999,22.554375000000004,14.165625,4.3031250000000005,27.193391875000003
2026-09-23T01:20:00.000Z,MCT2408021,15.500556,74.053333,49.4375,375,488.0625,86.83638062499999,21.075,14.601388125,11.638125,34.783125000000005,21.37,4.240000000000001,27.169261250000005
2026-09-23T01:30:00.000Z,MCT2408021,15.500556,74.053333,49.5,375,487.3125,87.065739375,21.158125000000002,14.641656874999997,8.631250000000001,26.439999999999998,16.546875,4.360625,27.17864375
2026-09-23T01:40:00.000Z,MCT2408021,15.500556,74.053333,49.3125,375,477.6875,87.13631,21.055625,14.589104375000002,5.740624999999999,17.665,11.161875,4.249375000000001,27.214173125000006
2026-09-23T01:50:00.000Z,MCT2408021,15.500556,74.053333,49.4375,375,479.5,87.12439062499999,21.173750000000002,14.709043125,10.237499999999999,30.217499999999998,18.392500000000002,4.1725,27.330140625000002
2026-09-23T01:52:31.530Z,MCT2408021,15.500556,74.053333,49.75,375,481.25,87.164445,21.334999999999997,14.7795825,9.0475,26.4125,15.9525,4.18,27.41594
2026-09-23T01:00:00.000Z,MCT2408051,15.486528,74.033889,51.833333333333336,304.375,538,93.49747583333333,21.98833333333333,5.1899999999999995,7.098333333333334,22.374166666666667,12.238333333333332,4.39,26.662499166666674
2026-09-23T01:10:00.000Z,MCT2408051,15.486528,74.033889,52.125,300.07499999999993,555.25,94.383759375,22.171875,5.1899999999999995,7.5387499999999985,24.083125000000003,13.22375,4.47625,26.525085000000004
2026-09-23T01:20:00.000Z,MCT2408051,15.486528,74.033889,51.6875,299.995625,570.3125,94.76093625000001,21.910625000000003,5.1899999999999995,7.459999999999997,24.239375000000003,13.534999999999998,4.39,26.458723124999995
2026-09-23T01:30:00.000Z,MCT2408051,15.486528,74.033889,51.9375,298.61812499999996,560.9375,95.241110625,22.070625000000003,5.1899999999999995,7.22875,23.111250000000002,12.67875,4.39,26.399065625000006
2026-09-23T01:40:00.000Z,MCT2408051,15.486528,74.033889,51.75,295.2775,523.625,95.05419312499998,21.944375,5.1899999999999995,8.1225,25.59875,13.884375,4.39,26.415823749999998
2026-09-23T01:50:00.000Z,MCT2408051,15.486528,74.033889,51.6875,279.669375,476.375,95.51720124999999,21.9075,5.1899999999999995,10.299375000000003,31.969375,17.230625,4.39,26.441965624999998
2026-09-23T01:52:31.552Z,MCT2408051,15.486528,74.033889,51.75,291.7725,465.75,96.00691,21.935000000000002,5.19,7.615,23.930000000000003,13.07,4.39,26.5096675
2026-09-23T01:00:00.000Z,MCT2408034,15.356389,74.123611,36.68421052631579,188.39198947368425,450.4736842105263,72.36391842105266,6.210000000000001,3.823157894736842,8.10421052631579,25.962631578947363,14.21,1.3963157894736842,31.442083157894743
2026-09-23T01:10:00.000Z,MCT2408034,15.356389,74.123611,42.666666666666664,180.37645833333332,458.4583333333333,72.50297375000002,6.238333333333333,3.86875,12.26666666666666,38.37208333333333,20.197916666666664,1.1904166666666665,31.43874333333334
2026-09-23T01:20:00.000Z,MCT2408034,15.356389,74.123611,38.12,180.868556,457.2,72.37585440000001,6.150000000000002,4.2844,9.113999999999999,29.0348,15.601599999999998,1.3827999999999998,31.45865679999999
2026-09-23T01:30:00.000Z,MCT2408034,15.356389,74.123611,46.583333333333336,180,461.7083333333333,72.48993875000004,6.170416666666669,4.87375,14.810833333333333,46.227916666666665,24.34,1.200833333333333,31.457959583333317
2026-09-23T01:40:00.000Z,MCT2408034,15.356389,74.123611,58.04,180,457.36,72.7231452,6.169600000000003,4.1388,22.7856,69.17280000000001,35.592400000000005,1.1159999999999997,31.473242399999993
2026-09-23T01:50:00.000Z,MCT2408034,15.356389,74.123611,48.875,180,455.4583333333333,72.96232708333336,6.150000000000002,3.8541666666666674,16.708333333333332,50.91583333333335,26.097500000000007,1.1099999999999997,31.54197124999999
2026-09-23T01:52:31.729Z,MCT2408034,15.356389,74.123611,45.166666666666664,180,453.3333333333333,72.86759333333335,6.1499999999999995,4.471666666666667,14.276666666666666,43.92333333333334,22.659999999999997,1.1183333333333334,31.697038333333335
2026-09-23T01:00:00.000Z,MCT2408050,15.553611,73.958333,36.416666666666664,86.02999999999999,574.5,91.19848916666668,11.29,4.6016666666666675,9.400833333333333,28.910833333333326,15.168333333333337,3.4341666666666666,27.028049166666673
2026-09-23T01:10:00.000Z,MCT2408050,15.553611,73.958333,36,86.02999999999999,565.0625,91.14555625,11.259375000000002,4.3100000000000005,8.958124999999999,27.963125,14.885000000000002,3.5368749999999998,27.038548750000004
2026-09-23T01:20:00.000Z,MCT2408050,15.553611,73.958333,35.75,86.02999999999999,579.1875,91.242833125,11.395000000000001,4.3275,8.851875,27.318749999999998,14.406875000000001,3.4425000000000003,27.044583749999997
2026-09-23T01:30:00.000Z,MCT2408050,15.553611,73.958333,36.8125,86.02999999999999,582.0625,91.33295625000002,11.218125000000002,4.585,9.914375000000003,30.378124999999997,15.894374999999998,3.5793750000000006,27.074745000000004
2026-09-23T01:40:00.000Z,MCT2408050,15.553611,73.958333,36.3125,86.02999999999999,582.5,91.590924375,11.132500000000002,4.481875,9.648750000000001,29.519375000000004,15.416250000000002,3.4481249999999997,27.041901250000002
2026-09-23T01:50:00.000Z,MCT2408050,15.553611,73.958333,38.5625,86.02999999999999,571.5625,91.44930125,11.001875000000002,4.578750000000001,10.92375,34.081250000000004,17.859999999999996,3.4468749999999995,27.1109425
2026-09-23T01:52:31.728Z,MCT2408050,15.553611,73.958333,39.75,86.03,579,91.50366,11.285,4.53,11.88,36.07,18.71,3.3000000000000003,27.118317499999996
2026-09-23T01:00:00.000Z,MCT2408030,15.142519,74.075003,36.416666666666664,163,559.5833333333334,82.24793500000001,9.269166666666669,6.200000000000002,12.650833333333336,35.12916666666667,18.301666666666666,4.471666666666667,26.58206083333334
2026-09-23T01:10:00.000Z,MCT2408030,15.142519,74.075003,43.9375,163,568.3125,82.381766875,9.341249999999999,6.200000000000002,17.983125,50.182500000000005,26.033125000000005,4.88125,26.49425
2026-09-23T01:20:00.000Z,MCT2408030,15.142519,74.075003,32.5,163,565.75,82.48333374999999,9.130625000000002,6.200000000000002,10.015000000000002,27.318749999999994,14.083750000000002,4.798125000000001,26.412473124999995
2026-09-23T01:30:00.000Z,MCT2408030,15.142519,74.075003,39.3125,163,573.0625,82.65261,9.331875,6.200000000000002,14.351250000000002,40.60249999999999,21.358750000000004,4.7375,26.378956875
2026-09-23T01:40:00.000Z,MCT2408030,15.142519,74.075003,38.266666666666666,163,577.6,82.73748933333331,9.256666666666668,6.200000000000002,13.684000000000001,39.05333333333333,20.57266666666667,5.1273333333333335,26.402416666666674
2026-09-23T01:50:00.000Z,MCT2408030,15.142519,74.075003,33.375,163,578.6875,82.67454625000002,9.356874999999999,6.200000000000002,10.776250000000003,29.598124999999992,15.148125,4.849374999999999,26.43727437500001
2026-09-23T01:52:31.761Z,MCT2408030,15.142519,74.075003,31,163,573.75,82.76227999999999,9.370000000000001,6.2,9.37,24.64,12.31,5.75,26.42387
2026-09-23T01:00:00.000Z,MCT2408029,15.333611,74.206944,20.818181818181817,120,764.5454545454545,91.50505,4.9,10.450000000000001,5.347272727272728,16.28909090909091,9.037272727272727,3.960909090909091,26.361468181818182
2026-09-23T01:10:00.000Z,MCT2408029,15.333611,74.206944,20.5,120,769.0625,91.59092437500003,4.445625000000001,8.974374999999998,5.439375000000002,16.90625,9.484374999999998,3.8481249999999996,26.401075625
2026-09-23T01:20:00.000Z,MCT2408029,15.333611,74.206944,20.0625,120,762.75,91.7206225,4.396875,9.016874999999999,5.401249999999999,16.328124999999996,8.896875,3.8124999999999996,26.439953749999997
2026-09-23T01:30:00.000Z,MCT2408029,15.333611,74.206944,20.375,120,771.625,91.65958812500001,5.076250000000001,8.734999999999998,5.292500000000001,16.72625,9.521250000000002,3.79875,26.519052499999994
2026-09-23T01:40:00.000Z,MCT2408029,15.333611,74.206944,20.1875,120,769.75,91.73444937500003,4.8999999999999995,9.089999999999998,5.181875000000001,16.290625000000002,9.15375,3.88875,26.564632500000002
2026-09-23T01:50:00.000Z,MCT2408029,15.333611,74.206944,20.8125,120,772,91.77975187499999,4.42625,8.997499999999999,5.548749999999999,17.124375,9.55875,3.6062499999999997,26.621610000000004
2026-09-23T01:52:31.761Z,MCT2408029,15.333611,74.206944,21.75,120,761.25,91.72682,6.715000000000001,8.8825,6.175,19.509999999999998,11.027499999999998,3.6975,26.6678625
2026-09-23T01:00:00.000Z,MCT2408023,15.499722,74.020833,53.5,216.76666666666665,489.4166666666667,91.09040333333333,9.685,21.771666666666665,12.460833333333332,40.315,25.979166666666668,5.7683333333333335,26.270143333333337
2026-09-23T01:10:00.000Z,MCT2408023,15.499722,74.020833,53.06666666666667,206.992,491.8666666666667,91.26257333333332,9.313999999999998,21.13533333333333,12.589333333333334,40.44066666666667,25.81,5.5906666666666665,26.168612666666668
2026-09-23T01:20:00.000Z,MCT2408023,15.499722,74.020833,53.9375,210.49562500000002,498,91.53847125000001,8.896875,21.473125,13.07,42.110625,26.825,5.155,26.210038125000004
2026-09-23T01:30:00.000Z,MCT2408023,15.499722,74.020833,56.125,198.650625,493.75,91.60379499999998,8.591875000000002,20.884374999999995,14.256874999999999,45.9875,29.3625,5.1525,26.259641249999998
2026-09-23T01:40:00.000Z,MCT2408023,15.499722,74.020833,54.1875,202.36312500000003,495.125,91.49221812500001,8.88125,21.721874999999997,13.308125,42.66312500000001,27.096874999999997,5.160625,26.360856875000007
2026-09-23T01:50:00.000Z,MCT2408023,15.499722,74.020833,54.9375,173.13749999999996,494.6875,91.62382312500002,8.521250000000002,21.855625,14.02,44.485000000000014,27.9125,5.1025,26.376946249999996
2026-09-23T01:52:31.783Z,MCT2408023,15.499722,74.020833,55.5,185.88,492,91.421645,8.822500000000002,21.4525,14.575000000000001,45.910000000000004,29,4.992500000000001,26.38097
2026-09-23T01:00:00.000Z,MCT2408040,15.528056,74.020833,18.75,100,448.75,88.53455666666667,7.797499999999999,4.653333333333333,3.0933333333333333,8.770000000000001,4.0841666666666665,3.5,27.312263333333334
2026-09-23T01:10:00.000Z,MCT2408040,15.528056,74.020833,18.6875,100,446.25,88.539644375,7.7287500000000025,4.6606250000000005,3.2399999999999993,9.21,4.240625,3.5,27.33281875000001
2026-09-23T01:20:00.000Z,MCT2408040,15.528056,74.020833,18.5,100,450.375,88.56062312499998,7.595625,4.664375,3.07,8.463750000000001,3.8056249999999987,3.5,27.344886875
2026-09-23T01:30:00.000Z,MCT2408040,15.528056,74.020833,18.5,100,447.5625,88.44904250000002,7.6381250000000005,4.62875,3.6537499999999996,10.723125000000001,5.163749999999999,3.5,27.43672
2026-09-23T01:40:00.000Z,MCT2408040,15.528056,74.020833,18.8125,100,452.3125,88.43139875000003,7.877500000000002,4.6325,3.4299999999999997,10.066875000000001,4.794999999999999,3.5,27.477606875000003
2026-09-23T01:50:00.000Z,MCT2408040,15.528056,74.020833,18.4375,100,451.5,88.47670000000001,7.567500000000002,4.5775,3.851874999999999,11.25125,5.420000000000002,3.5,27.512465000000002
2026-09-23T01:52:31.963Z,MCT2408040,15.528056,74.020833,18.5,100,447,88.4766975,7.635,4.625,3.2249999999999996,9.735,4.82,3.5,27.55
2026-09-23T01:00:00.000Z,MCT2408027,15.275556,74.1075,43.166666666666664,670.1225,489.25,90.9956708333333,6.579999999999999,12.8175,12.161666666666667,36.14333333333333,18.690833333333334,2.9499999999999997,26.63389916666667
2026-09-23T01:10:00.000Z,MCT2408027,15.275556,74.1075,41.9375,667.22875,511.875,90.68636312499999,6.579999999999999,12.756250000000001,11.155000000000001,33.94624999999999,18.032500000000002,2.9500000000000006,26.685291250000002
2026-09-23T01:20:00.000Z,MCT2408027,15.275556,74.1075,42.3125,664.8525000000001,509.625,90.73357062499997,6.579999999999999,12.8125,11.216875,34.559999999999995,18.52875,2.9500000000000006,26.700708125000006
2026-09-23T01:30:00.000Z,MCT2408027,15.275556,74.1075,50.9375,659.4675,512.25,91.01347312499999,6.579999999999999,12.753750000000002,17.505,52.120000000000005,26.988125000000004,2.9500000000000006,26.703390625
2026-09-23T01:40:00.000Z,MCT2408027,15.275556,74.1075,50,662.925625,476.0625,90.97818687499998,6.579999999999999,13.062500000000005,16.889375,50.888125,26.741875000000004,2.9500000000000006,26.76841375
2026-09-23T01:50:00.000Z,MCT2408027,15.275556,74.1075,49.6875,660.9406250000001,515.25,90.96054499999998,6.579999999999999,12.945000000000006,16.583125000000003,50.14937499999999,26.617500000000003,2.9500000000000006,26.807962500000002
2026-09-23T01:52:31.963Z,MCT2408027,15.275556,74.1075,51.75,665.3275,467,91.05162250000001,6.58,12.8175,18.2425,54.214999999999996,27.915,2.95,26.850189999999998
2026-09-23T01:00:00.000Z,MCT2408044,15.313669,74.140042,26,214.29,440.75,95.47857916666668,10.934166666666668,3.385833333333333,5.411666666666668,15.791666666666666,9.819999999999999,4.276495583333333,25.177970833333333
2026-09-23T01:10:00.000Z,MCT2408044,15.313669,74.140042,25.875,214.29,440.875,95.53102625000001,10.924374999999998,3.53875,5.316875000000001,15.4375,9.62875,4.2217948750000005,25.169031250000003
2026-09-23T01:20:00.000Z,MCT2408044,15.313669,74.140042,26.0625,214.29,435.1875,95.58967875000003,11.078125,3.32,6.358124999999999,18.4375,11.35,4.1880606875,25.174396874999992
2026-09-23T01:30:00.000Z,MCT2408044,15.313669,74.140042,25.9375,214.29,446.625,95.61161250000002,10.955625,3.355,5.9275,17.125,10.57375,4.091185875000001,25.231371874999994
2026-09-23T01:40:00.000Z,MCT2408044,15.313669,74.140042,25.933333333333334,214.29,442.8666666666667,95.60471933333335,11.094000000000001,3.4473333333333334,6.437333333333333,18.833333333333332,11.674000000000003,4.0358972,25.28772266666667
2026-09-23T01:50:00.000Z,MCT2408044,15.313669,74.140042,26,214.29,446.9375,95.58300562500001,11.097499999999998,3.4250000000000003,6.718124999999999,18.875,11.35,3.8249198750000004,25.3828625
2026-09-23T01:52:31.990Z,MCT2408044,15.313669,74.140042,26,214.29,445,95.57013,11.204999999999998,3.435,5.890000000000001,16.875,10.27,3.82051275,25.4559275
2026-09-23T01:00:00.000Z,MCT2408049,15.475278,74.055833,56.583333333333336,150,453.75,86.66026916666668,24.075833333333332,15.149166666666668,11.5,34.40916666666667,17.583333333333332,2.61,27.312264166666665
2026-09-23T01:10:00.000Z,MCT2408049,15.475278,74.055833,56.75,150,458.375,86.62657249999998,24.141874999999995,14.708124999999999,11.451875,33.46812499999999,16.783124999999995,2.61,27.382424375000003
2026-09-23T01:20:00.000Z,MCT2408049,15.475278,74.055833,56.5,150,457.8125,86.58651937500001,23.983124999999994,15.268749999999997,11.163125,32.606874999999995,16.446875,2.61,27.425994999999997
2026-09-23T01:30:00.000Z,MCT2408049,15.475278,74.055833,56.75,150,451.0625,86.718599375,24.225624999999997,15.5125,11.451875,33.899375,17.167499999999997,2.61,27.505761874999997
2026-09-23T01:40:00.000Z,MCT2408049,15.475278,74.055833,56.75,150,460.125,86.42200812499999,24.26875,15.656875000000001,13.273125,38.828125,19.900000000000002,2.61,27.710207500000003
2026-09-23T01:50:00.000Z,MCT2408049,15.475278,74.055833,56.75,150,462.9375,86.47350625,24.186249999999994,15.346250000000001,12.125625000000001,35.62,18.173124999999995,2.61,27.863043125
2026-09-23T01:52:31.990Z,MCT2408049,15.475278,74.055833,57,150,462.5,86.57698,24.515,15.524999999999999,12.0775,35.81,18.4125,2.61,27.987050000000004
2026-09-23T01:00:00.000Z,MCT2408046,15.529167,74.07,38.44444444444444,95.52,674.1111111111111,84.85591666666669,13.507222222222222,0.4494444444444444,13.345555555555551,41.044999999999995,20.635000000000005,3.889444444444445,28.26560444444445
2026-09-23T01:10:00.000Z,MCT2408046,15.529167,74.07,38.16,95.52,672.8,84.81512639999997,13.582799999999997,0.47720000000000007,13.252399999999998,40.35280000000001,20.0836,3.8708,28.288747200000003
2026-09-23T01:20:00.000Z,MCT2408046,15.529167,74.07,41.6,144.0488,679.84,84.84747359999997,13.645999999999999,0.4008,15.4524,46.84120000000001,23.278,3.5240000000000005,28.3728352
2026-09-23T01:30:00.000Z,MCT2408046,15.529167,74.07,41.36,114.35719999999999,680.68,84.68481600000001,13.557199999999998,0.4284000000000001,15.577999999999998,46.97159999999999,23.181600000000003,3.4463999999999997,28.49939
2026-09-23T01:40:00.000Z,MCT2408046,15.529167,74.07,42.04,97.95360000000001,693.64,84.50964360000002,13.7096,0.41,15.958400000000001,48.0828,23.688399999999998,3.6372000000000004,28.55044
2026-09-23T01:50:00.000Z,MCT2408046,15.529167,74.07,38.12,109.16040000000001,687.84,84.7666016,13.664800000000003,0.41280000000000006,13.275999999999994,40.3956,20.132,3.7719999999999994,28.518265200000005
2026-09-23T01:52:32.007Z,MCT2408046,15.529167,74.07,38.285714285714285,98.59285714285714,689.1428571428571,84.70369142857143,13.54857142857143,0.36428571428571427,13.368571428571428,40.47428571428572,20.048571428571428,3.777142857142857,28.59033714285714
2026-09-23T01:00:00.000Z,MCT2408042,15.213889,74.071667,60.416666666666664,267.4758333333333,438.4166666666667,89.20276416666667,25.69666666666667,15.790833333333332,12.057500000000003,36.1,18.675833333333333,4.1125,26.499838333333344
2026-09-23T01:10:00.000Z,MCT2408042,15.213889,74.071667,59.9375,193.140625,442.1875,89.281599375,25.03000000000001,15.916250000000002,15.981875,46.79749999999999,23.686874999999997,4.319375,26.499613125000003
2026-09-23T01:20:00.000Z,MCT2408042,15.213889,74.071667,60.0625,227.35000000000005,442.25,89.46852187500001,24.996249999999996,16.444375,14.901250000000001,43.376875000000005,21.923125,4.42125,26.469448750000005
2026-09-23T01:30:00.000Z,MCT2408042,15.213889,74.071667,60.375,250.45249999999996,442.5625,90.04644875000002,25.375,15.965000000000002,13.138125000000002,38.760625000000005,19.641874999999995,4.30375,26.320638749999993
2026-09-23T01:40:00.000Z,MCT2408042,15.213889,74.071667,60.0625,251.190625,439.5625,90.51374875,25.06125,16.151875,13.251875000000002,38.58875,19.357499999999995,4.248125,26.228806875
2026-09-23T01:50:00.000Z,MCT2408042,15.213889,74.071667,60.375,225.765625,442.3125,90.141338125,25.549999999999997,15.70125,14.56,42.57687500000001,21.580625,3.9268750000000003,26.407779375000004
2026-09-23T01:52:32.190Z,MCT2408042,15.213889,74.071667,60.75,245.325,439.5,90.04645,25.909999999999997,15.68,14.105,41.7225,21.18,3.9574999999999996,26.4855375
2026-09-23T01:00:00.000Z,MCT2408037,15.394444,74.118333,34.083333333333336,160.0524,440.0833333333333,85.91131583333333,10.318333333333333,14.399166666666668,7.866666666666667,27.325833333333335,13.74,4.0408333333333335,26.818015833333337
2026-09-23T01:10:00.000Z,MCT2408037,15.394444,74.118333,35.5,160,438.3125,86.03434124999998,9.877500000000003,14.396250000000004,8.78125,29.950624999999995,14.708750000000004,3.9068749999999994,26.7979075
2026-09-23T01:20:00.000Z,MCT2408037,15.394444,74.118333,33.1875,160,436.4375,86.03481812499999,10.173125,14.448125000000003,7.47875,26.32,13.396250000000002,3.9400000000000004,26.803940000000004
2026-09-23T01:30:00.000Z,MCT2408037,15.394444,74.118333,40.9375,160,437.5625,85.92848062500002,10.17375,14.456875,12.265625000000002,42.011874999999996,20.798750000000002,3.851875,26.891750625000004
2026-09-23T01:40:00.000Z,MCT2408037,15.394444,74.118333,42.0625,160,437.6875,85.80307312500001,10.151875,14.462500000000002,13.101874999999998,44.259375000000006,21.595625,3.8912499999999994,26.977549999999994
2026-09-23T01:50:00.000Z,MCT2408037,15.394444,74.118333,42.9375,160,440.6875,85.89748875,9.939375,14.542500000000002,13.75125,45.946875,22.110625,3.9212500000000006,27.061340625000003
2026-09-23T01:52:32.188Z,MCT2408037,15.394444,74.118333,38,160,447.25,85.84264999999999,9.9,14.5375,10.594999999999999,35.98,17.615,3.6449999999999996,27.193389999999997
2026-09-23T01:00:00.000Z,MCT2408041,15.224628,74.171389,36.25,355.773475,499.5,89.55117333333335,13.424166666666666,9.700000000000001,12.33,36.855,19.0725,8.293333333333335,26.843936666666668
2026-09-23T01:10:00.000Z,MCT2408041,15.224628,74.171389,32.375,445.80496875,490.8125,89.49474812500002,13.533750000000001,9.7,8.090000000000002,23.085000000000004,11.724999999999998,8.0125,26.836114999999996
2026-09-23T01:20:00.000Z,MCT2408041,15.224628,74.171389,32.8125,400.27020624999994,498.875,89.77655812500001,13.553125000000001,9.7,9.248750000000001,27.691875000000007,14.456249999999999,8.19125,26.826730625000007
2026-09-23T01:30:00.000Z,MCT2408041,15.224628,74.171389,32.25,394.87999375000004,495.3125,89.87907687499998,13.513750000000002,9.7,8.341250000000002,24.705000000000005,12.939999999999998,8.190624999999999,26.789193125000004
2026-09-23T01:40:00.000Z,MCT2408041,15.224628,74.171389,35.375,360.2796562499999,496.375,89.973015625,13.478749999999998,9.7,11.32125,34.374375,18.046249999999997,8.140625,26.800589375000012
2026-09-23T01:50:00.000Z,MCT2408041,15.224628,74.171389,37.375,332.59551874999994,492.3125,90.17233125000001,13.654375000000002,9.7,13.087499999999995,38.57625,19.765,8.238750000000001,26.835445625
2026-09-23T01:52:32.214Z,MCT2408041,15.224628,74.171389,32.5,384.26682500000004,489.25,90.27342250000001,13.594999999999999,9.7,8.29,25.11,13.344999999999999,8.375,26.925265
2026-09-23T01:00:00.000Z,MCT2408033,15.346944,74.007778,23.5,111.11927500000002,621.8333333333334,89.26316333333334,7.610833333333335,2.8575,7.323333333333333,18.8025,11.323333333333332,4.39,26.808184999999998
2026-09-23T01:10:00.000Z,MCT2408033,15.346944,74.007778,23.266666666666666,110.26987333333334,628.0666666666667,89.29927533333333,6.952666666666665,2.854,7.555999999999999,19.179333333333332,11.372666666666667,4.39,26.860736666666675
2026-09-23T01:20:00.000Z,MCT2408033,15.346944,74.007778,24.0625,110,603.125,89.196725,7.156249999999999,2.5256250000000002,8.066875000000001,20.705,12.425,4.39,26.891749999999995
2026-09-23T01:30:00.000Z,MCT2408033,15.346944,74.007778,22.6875,111.63847500000001,629.9375,89.11280124999999,7.358749999999999,2.9137500000000003,7.838749999999999,19.8725,11.874375000000002,4.39,26.915212500000003
2026-09-23T01:40:00.000Z,MCT2408033,15.346944,74.007778,22.6875,111.360125,617.0625,89.20959624999999,8.628749999999998,3.07875,7.725625000000001,19.776249999999997,11.9125,4.39,27.010395624999997
2026-09-23T01:50:00.000Z,MCT2408033,15.346944,74.007778,23.1875,110,640.8125,89.21913187500002,7.641874999999999,2.7681249999999995,8.405625000000002,21.219999999999995,12.608124999999998,4.39,27.232272499999997
2026-09-23T01:52:32.219Z,MCT2408033,15.346944,74.007778,23.4,110.65708,642.4,89.15381,10.8,2.934,8.120000000000001,20.717999999999996,12.352,4.39,27.406288
2026-09-23T01:00:00.000Z,MCT2408024,15.148056,74.131667,41.5,204.43145,706,81.17261444444445,18.076979444444444,5,11.434444444444447,34.9238888888889,18.54166666666667,3.5749999999999997,27.550000000000008
2026-09-23T01:10:00.000Z,MCT2408024,15.148056,74.131667,41.28,203.56715599999995,619.12,81.1786484,18.131230799999997,5,7.750800000000002,23.987600000000008,12.990000000000004,3.5792,27.545712400000003
2026-09-23T01:20:00.000Z,MCT2408024,15.148056,74.131667,42.64,205.91400400000003,681.92,81.09136799999999,17.922036000000002,5,12.9092,39.496400000000015,21.02520000000001,3.537600000000001,27.57102240000001
2026-09-23T01:30:00.000Z,MCT2408024,15.148056,74.131667,41.52,206.839544,595,81.02117719999997,18.294832399999997,5,10.070000000000004,31.381200000000007,17.066800000000008,3.5308000000000006,27.584322
2026-09-23T01:40:00.000Z,MCT2408024,15.148056,74.131667,41.125,206.7278958333333,701.375,80.98145708333332,17.982996666666665,5,8.073750000000002,25.19541666666667,13.739583333333337,3.5925000000000007,27.628204583333332
2026-09-23T01:50:00.000Z,MCT2408024,15.148056,74.131667,42.56,204.18194,616.44,80.87530480000001,18.0629936,5,10.149199999999999,31.34320000000001,16.90600000000001,3.5359999999999996,27.714738799999996
2026-09-23T01:52:32.228Z,MCT2408024,15.148056,74.131667,48.833333333333336,195.60676666666666,681.6666666666666,80.86319999999999,18.477076666666665,5,20.313333333333336,60.961666666666666,31.639999999999997,3.525,27.69479
2026-09-23T01:00:00.000Z,MCT2408022,15.475833,74.038889,49.166666666666664,150,425.5,89.17097583333333,3.7875,11.718539166666666,14.833333333333334,46,24.5,4.326376833333333,26.474811666666668
2026-09-23T01:10:00.000Z,MCT2408022,15.475833,74.038889,49.3125,150,426,89.274449375,3.784375,11.7224525,15,46,24.25,4.33646775,26.504306250000006
2026-09-23T01:20:00.000Z,MCT2408022,15.475833,74.038889,51.9375,150,429.625,89.36218812499997,3.5956249999999996,11.9651725,17.0625,51.5625,27,4.349649874999999,26.588094374999997
2026-09-23T01:30:00.000Z,MCT2408022,15.475833,74.038889,47.9375,150,428.75,89.28160062499998,3.609999999999999,11.831137499999999,14.25,43.625,23,4.3400813125,26.737576875000002
2026-09-23T01:40:00.000Z,MCT2408022,15.475833,74.038889,47.125,150,432.375,89.23677874999998,3.8962499999999998,11.610315625,13.9375,42.6875,22.5,4.3370577500000005,26.877674375
2026-09-23T01:50:00.000Z,MCT2408022,15.475833,74.038889,51.8125,150,433.75,89.09181875,4.020625,11.6960325,16.8125,52,28,4.3154408125,27.009726249999996
2026-09-23T01:52:32.413Z,MCT2408022,15.475833,74.038889,53.75,150,434,88.90394500000001,3.78,11.926455,18,55.75,30,4.3118365,27.12636
2026-09-23T01:00:00.000Z,MCT2408045,15.619444,73.878889,30.333333333333332,178.11999999999998,621.4166666666666,86.49114999999999,11.0525,16.605833333333333,8.557500000000001,28.662499999999998,14.703333333333333,2.5300000000000002,27.563410000000005
2026-09-23T01:10:00.000Z,MCT2408045,15.619444,73.878889,32.1875,178.11999999999995,618.125,86.56076687499998,11.013750000000002,16.38875,9.595,32.260625000000005,16.539375,2.5300000000000002,27.558046250000004
2026-09-23T01:20:00.000Z,MCT2408045,15.619444,73.878889,35.125,178.11999999999995,626.1875,86.568873125,10.778750000000002,16.346875,11.608124999999998,38.459374999999994,19.437499999999993,2.5300000000000002,27.568770625000006
2026-09-23T01:30:00.000Z,MCT2408045,15.619444,73.878889,32.875,178.11999999999995,624,86.44632624999998,10.905625,16.419375000000002,9.973749999999999,33.72125,17.280625,2.5300000000000002,27.616364375
2026-09-23T01:40:00.000Z,MCT2408045,15.619444,73.878889,35.3125,178.11999999999995,622.375,86.37814062499997,11.013125000000002,16.704375,11.356250000000001,38.425625,19.754375000000003,2.5300000000000002,27.694790625000003
2026-09-23T01:50:00.000Z,MCT2408045,15.619444,73.878889,33.25,178.11999999999995,628.3125,86.526914375,10.897500000000003,16.497500000000002,10.255624999999998,34.611875,17.739375000000003,2.5300000000000002,27.773889375000003
2026-09-23T01:52:32.413Z,MCT2408045,15.619444,73.878889,32,178.12,637,86.59986749999999,10.56,16.6625,9.562500000000002,32.225,16.54,2.53,27.87444
2026-09-23T01:00:00.000Z,MCT2408036,15.171567,74.067106,38.333333333333336,120,698.25,88.51166666666667,9.7725,7.038333333333333,6.404166666666669,19.58833333333333,10.68,12.451666666666666,26.498049166666664
2026-09-23T01:10:00.000Z,MCT2408036,15.171567,74.067106,37.5625,120,692.375,88.23160437499999,9.936874999999999,7.215625000000001,6.875000000000001,20.32625,10.763750000000002,11.918125,26.664510624999995
2026-09-23T01:20:00.000Z,MCT2408036,15.171567,74.067106,37.266666666666666,120,696.0666666666667,88.14316799999999,10.166666666666666,7.498000000000001,6.175999999999999,18.541333333333334,9.997333333333332,11.82333333333333,26.728463333333334
2026-09-23T01:30:00.000Z,MCT2408036,15.171567,74.067106,36.875,120,701.4375,87.89924874999997,10.33125,7.697500000000001,7.764375000000001,22.448124999999997,11.74625,11.553749999999999,26.793884375
2026-09-23T01:40:00.000Z,MCT2408036,15.171567,74.067106,37.5625,120,699.5625,87.90783375000001,10.135625,7.389374999999999,7.335625,20.800625000000004,10.639374999999998,11.89875,26.821368125000003
2026-09-23T01:50:00.000Z,MCT2408036,15.171567,74.067106,37.6875,120,698.8125,89.20435312500001,9.948125,6.963124999999999,4.473750000000001,13.2025,7.125,12.103124999999999,26.462744999999998
2026-09-23T01:52:32.441Z,MCT2408036,15.171567,74.067106,37.75,120,693.75,89.85189749999999,9.595,6.9425,4.21,12.032499999999999,6.4624999999999995,12.1525,26.311255000000003
2026-09-23T01:00:00.000Z,MCT2408032,15.525556,73.828611,72.52631578947368,182.22368421052627,520,84.86568631578946,14.58789473684211,15.991052631578944,26.604736842105265,84.13789473684211,45.7478947368421,2.472631578947368,28.124076842105254
2026-09-23T01:10:00.000Z,MCT2408032,15.525556,73.828611,74.24,179.43239999999997,475.72,84.85144040000002,14.598000000000004,15.850799999999998,28.079200000000004,87.38519999999998,46.828799999999994,2.364,28.1995116
2026-09-23T01:20:00.000Z,MCT2408032,15.525556,73.828611,82.04,178.92999999999995,489.04,83.7665408,14.505600000000001,16.8224,32.86399999999999,103.14400000000002,55.776399999999995,2.5088000000000004,28.4140168
2026-09-23T01:30:00.000Z,MCT2408032,15.525556,73.828611,83.96,178.92999999999995,434.76,82.4057612,14.41,16.727199999999996,34.116800000000005,107.41040000000001,58.38240000000002,2.1727999999999996,29.000036799999997
2026-09-23T01:40:00.000Z,MCT2408032,15.525556,73.828611,75.04,178.92999999999995,440.84,78.4506832,13.721200000000001,16.720399999999994,28.13720000000001,89.9452,49.094799999999985,2.3804,30.296914800000003
2026-09-23T01:50:00.000Z,MCT2408032,15.525556,73.828611,74.92,178.92999999999995,445.92,73.537354,14.289200000000003,17.6512,28.82080000000001,89.77400000000002,47.9612,2.3456,31.87607800000001
2026-09-23T01:52:32.440Z,MCT2408032,15.525556,73.828611,77.16666666666667,178.93000000000004,450.5,72.71882166666667,13.536666666666669,18.188333333333333,30.615,94.58166666666666,50.255,2.2833333333333337,32.22078333333334
2026-09-23T01:00:00.000Z,MCT2408031,15.290833,74.149167,29.416666666666668,140.99857500000002,517.5833333333334,87.81421333333333,6.599099,15.602275833333335,12.144166666666665,32.79,18.451666666666664,5.1191666666666675,26.06099916666666
2026-09-23T01:10:00.000Z,MCT2408031,15.290833,74.149167,26.875,141.13478124999997,518.375,87.78433250000002,6.732738374999999,13.5728320625,10.417500000000002,27.935624999999995,15.59625,5.245625,26.085355624999995
2026-09-23T01:20:00.000Z,MCT2408031,15.290833,74.149167,25.625,140,525.25,87.77145812500001,6.8231364999999995,13.39247125,9.523124999999999,25.489374999999995,14.226875000000001,4.876875,26.118200625000004
2026-09-23T01:30:00.000Z,MCT2408031,15.290833,74.149167,27.5625,140,520.375,87.835829375,6.847286624999999,12.568166999999997,10.832500000000001,28.994375000000005,16.160625,5.088749999999999,26.146354374999998
2026-09-23T01:40:00.000Z,MCT2408031,15.290833,74.149167,29.9375,140,523.6875,87.86253250000001,6.4660313125,12.285624999999998,12.678125000000001,33.776250000000005,18.840000000000003,5.108125,26.238861875
2026-09-23T01:50:00.000Z,MCT2408031,15.290833,74.149167,28.1875,140.22635,519.25,87.86157875,6.662003625,12.6901541875,11.459374999999998,30.32749999999999,16.757500000000004,4.7437499999999995,26.403758125
2026-09-23T01:52:32.452Z,MCT2408031,15.290833,74.149167,32.5,140,518.25,87.7614425,6.313872249999999,14.487657499999997,14.879999999999999,38.8025,21.3125,4.87,26.57938
2026-09-23T01:00:00.000Z,MCT2408039,15.163611,74.110833,30.5,340.7,574.75,86.926025,13.501666666666665,10.299999999999999,9.019999999999998,28.94,11.76,2.3000000000000003,26.60976833333333
2026-09-23T01:10:00.000Z,MCT2408039,15.163611,74.110833,30.8,280.48400000000004,579.6666666666666,87.00587799999997,12.951999999999998,10.3,9.019999999999998,28.94,11.759999999999998,2.3,26.551851999999997
2026-09-23T01:20:00.000Z,MCT2408039,15.163611,74.110833,30.5625,336.31249999999994,590.3125,87.007088125,12.731874999999999,10.3,9.019999999999998,28.94,11.759999999999998,2.3,26.598819374999998
2026-09-23T01:30:00.000Z,MCT2408039,15.163611,74.110833,30.875,312.14437499999997,590,86.9851525,13.134375,10.3,9.019999999999998,28.94,11.759999999999998,2.3,26.645741250000004
2026-09-23T01:40:00.000Z,MCT2408039,15.163611,74.110833,30.875,336.74937500000004,589.0625,87.14298562499998,13.77,10.3,9.019999999999998,28.94,11.759999999999998,2.3,26.582731875000007
2026-09-23T01:50:00.000Z,MCT2408039,15.163611,74.110833,30.6875,340.95000000000005,590.25,87.117713125,13.30875,10.3,9.019999999999998,28.94,11.759999999999998,2.3,26.554578749999997
2026-09-23T01:52:32.643Z,MCT2408039,15.163611,74.110833,30,319.5,577,87.07098500000001,12.870000000000001,10.3,9.02,28.94,11.76,2.3,26.539160000000003
2026-09-23T01:00:00.000Z,MCT2408035,15.236111,74.125,44.416666666666664,190,842.0833333333334,89.06543416666669,17.933870833333334,6.9383333333333335,3.7999999999999994,10.913333333333332,5.628333333333334,3.8299999999999987,26.839465833333332
2026-09-23T01:10:00.000Z,MCT2408035,15.236111,74.125,44.6875,190,848.0625,89.13759687500001,18.008856875,6.999375,3.799999999999999,10.543749999999998,5.2593749999999995,3.8299999999999987,26.795225000000002
2026-09-23T01:20:00.000Z,MCT2408035,15.236111,74.125,43.75,190,845.9375,89.48664187500002,17.232256874999997,6.351875,3.799999999999999,11.084374999999998,5.803125,3.8299999999999987,26.661158750000002
2026-09-23T01:30:00.000Z,MCT2408035,15.236111,74.125,45.3125,190,850.1875,89.75700812500001,18.533178125,6.791874999999999,3.799999999999999,10.473749999999997,5.18875,3.8299999999999987,26.590775
2026-09-23T01:40:00.000Z,MCT2408035,15.236111,74.125,44.0625,190,853,90.263408125,17.699611875000002,6.030625000000001,3.799999999999999,10.590624999999998,5.306875000000001,3.8299999999999987,26.477492500000004
2026-09-23T01:50:00.000Z,MCT2408035,15.236111,74.125,44.1875,190,847.5,90.17900875000001,17.76646,6.09,3.799999999999999,10.636874999999998,5.354374999999999,3.8299999999999987,26.515030625
2026-09-23T01:52:32.643Z,MCT2408035,15.236111,74.125,44.25,190,841.5,89.79468,17.6502025,6.647499999999999,3.8,10.7575,5.4725,3.83,26.654455
2026-09-23T01:00:00.000Z,MCT2408038,15.188889,74.055556,25.916666666666668,384.67333333333323,668.0833333333334,85.78225333333332,9.021666666666667,13.330000000000004,8.205,24.188333333333336,12.495,4.810833333333334,27.145129166666667
2026-09-23T01:10:00.000Z,MCT2408038,15.188889,74.055556,25.5,385.28374999999994,672,85.92800562500001,8.9175,13.330000000000005,8.166249999999998,23.421250000000004,11.6775,4.803749999999999,27.14780937499999
2026-09-23T01:20:00.000Z,MCT2408038,15.188889,74.055556,28.3125,287.8225,669.4375,85.97950375000002,8.809999999999999,13.330000000000005,10.33625,29.075000000000006,14.156875,4.77,27.158535625000003
2026-09-23T01:30:00.000Z,MCT2408038,15.188889,74.055556,26.8,261.72933333333333,671.4666666666667,85.96624933333332,8.925333333333331,13.330000000000005,9.083333333333334,25.97666666666667,12.824666666666667,4.757333333333333,27.17676666666667
2026-09-23T01:40:00.000Z,MCT2408038,15.188889,74.055556,27.8125,233.32999999999996,674.875,86.31662750000001,8.416875,13.330000000000005,9.8325,27.9575,13.74375,4.784375,27.137085624999997
2026-09-23T01:50:00.000Z,MCT2408038,15.188889,74.055556,25,261.423125,672.5625,86.24796312499998,8.848749999999997,13.330000000000005,8.088750000000001,22.800625000000004,11.16,4.759375,27.161885
2026-09-23T01:52:32.670Z,MCT2408038,15.188889,74.055556,23.75,246.28000000000003,674.5,86.36908,8.7175,13.33,7.739999999999999,21.1225,10.059999999999999,4.702500000000001,27.16926
2026-09-23T01:00:00.000Z,MCT2408026,15.2467,74.198281,117,125,459.22222222222223,86.50980000000001,13.033124444444447,12.5,7.562777777777779,23.42611111111111,12.48333333333333,50.483333333333334,27.527360555555553
2026-09-23T01:10:00.000Z,MCT2408026,15.2467,74.198281,117,125,458.2083333333333,86.69905041666668,12.917541666666672,12.5,9.098749999999997,28.08666666666667,14.744583333333336,50.487500000000004,27.43247416666667
2026-09-23T01:20:00.000Z,MCT2408026,15.2467,74.198281,117,125,466.0833333333333,86.32648166666667,12.794129583333337,12.5,8.704583333333334,27.23958333333334,14.543750000000001,50.51250000000001,27.53257375
2026-09-23T01:30:00.000Z,MCT2408026,15.2467,74.198281,117,125,457.5416666666667,86.64087666666667,12.924135833333333,12.5,7.995,24.38,12.857500000000002,50.40625,27.403427500000006
2026-09-23T01:40:00.000Z,MCT2408026,15.2467,74.198281,117.04166666666667,125,457.0833333333333,87.39555041666665,12.826497500000002,12.5,7.287083333333335,22.808749999999993,12.25583333333333,50.587916666666665,27.21841916666666
2026-09-23T01:50:00.000Z,MCT2408026,15.2467,74.198281,117,125,460.4,87.23120079999998,12.937404,12.5,6.7312,21.470399999999994,11.6496,50.40200000000001,27.34837280000001
2026-09-23T01:52:32.670Z,MCT2408026,15.2467,74.198281,117,125,449,87.36090166666668,12.77697,12.5,7.405,22.566666666666666,11.735,50.375,27.43917666666667
2026-09-23T05:50:00.000Z,MCT2408020,15.543475,74.039433,43,194.33915000000002,638,70.98822000000001,9.964625999999999,20.81036,12.985,39.61,20.45,3.66,33.82418
2026-09-23T06:00:00.000Z,MCT2408020,15.543475,74.039433,47.125,221.1963375,630.375,71.72064250000001,9.392426500000001,19.957819375,15.595625000000002,47.355625,24.800625,3.6599999999999984,33.61236375
2026-09-23T06:10:00.000Z,MCT2408020,15.543475,74.039433,44.5625,180,619.4375,70.79796187499998,9.3619960625,19.08255125,13.911874999999998,42.34562499999999,21.955000000000002,3.6599999999999984,33.813459375
2026-09-23T06:20:00.000Z,MCT2408020,15.543475,74.039433,42.6875,180,618.6875,68.51057437499999,9.317780375000002,18.913230000000006,12.696875,38.326875,19.982499999999998,3.6599999999999984,34.672138125
2026-09-23T06:30:00.000Z,MCT2408020,15.543475,74.039433,42.4375,180,620.5625,66.061060625,9.771509375,18.997296249999998,12.523124999999999,37.919375,19.80875,3.6599999999999984,35.330390625
2026-09-23T06:40:00.000Z,MCT2408020,15.543475,74.039433,41.8125,180,616.25,65.20656875,10.040964874999998,19.597641874999997,12.348749999999999,36.81249999999999,18.995,3.6599999999999984,35.44836874999999
2026-09-23T06:48:59.844Z,MCT2408020,15.543475,74.039433,42.214285714285715,184.34430714285713,630,66.64328,9.958832214285716,20.27006357142858,12.323571428571427,37.410000000000004,19.582857142857144,3.659999999999999,34.09614285714286
2026-09-23T05:50:00.000Z,MCT2408056,15.579167,73.920833,42,180,431,67.13538,8.06,9,12.2,35.52,18.74,3.1,35.29352
2026-09-23T06:00:00.000Z,MCT2408056,15.579167,73.920833,40.714285714285715,180,426.2142857142857,66.61712142857142,7.729999999999999,10.037893999999998,11.394285714285717,32.65857142857143,17.271428571428576,3.744285714285715,35.09051071428571
2026-09-23T06:10:00.000Z,MCT2408056,15.579167,73.920833,43.4375,180,425.5,69.07657937500001,7.678124999999999,12.8072170625,12.7875,37.908750000000005,20.56125,3.2418750000000003,33.75178875
2026-09-23T06:20:00.000Z,MCT2408056,15.579167,73.920833,42.75,180,429.3125,73.574106875,7.579375,11.4653725,12.376249999999997,36.316250000000004,19.505625000000002,2.1525,31.982818125000005
2026-09-23T06:30:00.000Z,MCT2408056,15.579167,73.920833,42.9375,180,424.9375,77.00352000000001,7.261875,9.470949375,12.493749999999999,36.77125000000001,19.798125000000002,1.5724999999999998,31.228041875000002
2026-09-23T06:40:00.000Z,MCT2408056,15.579167,73.920833,44.8125,180,423.6875,77.51182999999999,6.992500000000001,9,13.667500000000004,40.357499999999995,21.731875000000002,1.5599999999999998,31.776360625
2026-09-23T06:48:59.855Z,MCT2408056,15.579167,73.920833,44.285714285714285,180,419,75.20836642857144,6.917857142857144,9,13.341428571428574,39.29071428571428,21.155714285714286,1.56,32.392383571428574
2026-09-23T05:50:00.000Z,MCT2408055,15.585833,73.885556,74.5,123.215,643,65.746825,8.254999999999999,7.505000000000001,8.39,24.34,13.63,23.24,34.408705
2026-09-23T06:00:00.000Z,MCT2408055,15.585833,73.885556,74.21428571428571,122.97000000000001,590.6428571428571,67.22147785714284,8.379999999999999,6.041428571428573,9.889999999999999,27.821428571428577,14.898571428571431,23.372857142857146,34.025662857142855
2026-09-23T06:10:00.000Z,MCT2408055,15.585833,73.885556,73.6875,119.71249999999999,595.3125,70.838969375,8.728750000000002,6.105,10.00875,28.331249999999997,15.21,22.950000000000003,32.628334375
2026-09-23T06:20:00.000Z,MCT2408055,15.585833,73.885556,72.0625,109.09125,533,73.68568875,9.0475,5.175625000000001,9.702499999999999,27.426249999999996,14.74,22.020624999999995,31.687207500000007
2026-09-23T06:30:00.000Z,MCT2408055,15.585833,73.885556,71.13333333333334,99.86999999999999,533.5333333333333,74.961608,8.916,4.284000000000001,9.696666666666667,27.63266666666667,14.906,21.368,31.569052666666668
2026-09-23T06:40:00.000Z,MCT2408055,15.585833,73.885556,70.53846153846153,93.02384615384615,516.1538461538462,73.85335076923079,9.064615384615385,3.030769230769231,10.489999999999998,29.860000000000007,16.098461538461542,21.145384615384614,32.31112153846154
2026-09-23T06:48:59.858Z,MCT2408055,15.585833,73.885556,71.2,97.066,525.6,72.36990399999999,8.91,3.0060000000000002,10.139999999999999,28.552999999999997,15.202000000000002,21.403000000000002,32.717352999999996
2026-09-23T05:50:00.000Z,MCT2408057,15.272222,74.104722,29,319.985,414,82.26447,12.31,9.465,6.855,19.79,10.24,3.13,29.16949
2026-09-23T06:00:00.000Z,MCT2408057,15.272222,74.104722,28.68,325.05,416.68,82.2211308,12.246799999999997,9.4308,6.652,18.6364,9.409600000000001,3.0976000000000004,29.2424236
2026-09-23T06:10:00.000Z,MCT2408057,15.272222,74.104722,28.333333333333332,326.7195238095238,423.2857142857143,82.69607095238096,12.076190476190478,9.420952380952379,6.102857142857141,17.230952380952377,8.804285714285717,2.8390476190476193,29.350798095238094
2026-09-23T06:20:00.000Z,MCT2408057,15.272222,74.104722,28.4,310.7324,423.28,81.4450684,11.996400000000001,9.543200000000002,6.247200000000001,17.708799999999993,9.056400000000002,2.5556,29.934406799999998
2026-09-23T06:30:00.000Z,MCT2408057,15.272222,74.104722,27.84,307.9907999999999,419.52,79.51330639999999,11.664000000000001,9.770799999999998,6.079199999999999,17.25680000000001,8.856799999999998,2.7876,30.699319599999995
2026-09-23T06:40:00.000Z,MCT2408057,15.272222,74.104722,28.12,320.398,417.48,77.626098,11.8572,9.6556,7.366000000000001,20.966000000000005,10.693200000000001,3.4852000000000003,30.866201599999997
2026-09-23T06:48:59.857Z,MCT2408057,15.272222,74.104722,28.347826086956523,330.6173913043478,417.3478260869565,77.76909304347826,12.051304347826088,9.479565217391308,8.16130434782609,23.723478260869566,12.296521739130437,3.4478260869565216,31.060373913043478
2026-09-23T05:50:00.000Z,MCT2408028,15.186944,74.096667,42.666666666666664,321.41,467,85.97743666666666,18.116666666666664,15.13,13.313333333333333,42.42333333333334,23.19666666666667,0.8566666666666668,27.353376666666666
2026-09-23T06:00:00.000Z,MCT2408028,15.186944,74.096667,43.36,324.732,472.4,85.91833559999999,18.796799999999994,14.7224,9.749200000000004,31.858400000000014,18.0532,0.99,27.5259784
2026-09-23T06:10:00.000Z,MCT2408028,15.186944,74.096667,43.095238095238095,328.4971428571429,467.04761904761904,84.18125857142854,18.541428571428572,14.306666666666667,9.085238095238097,28.78761904761904,15.953809523809529,0.9966666666666667,27.94172380952381
2026-09-23T06:20:00.000Z,MCT2408028,15.186944,74.096667,42.88,335.28479999999996,464.6,82.96698040000001,18.3436,14.291200000000002,5.99,18.851200000000006,10.457999999999995,0.9471999999999998,28.579182799999998
2026-09-23T06:30:00.000Z,MCT2408028,15.186944,74.096667,42.92,340.0896,457.52,80.8637084,18.402399999999997,13.9124,5.0699999999999985,14.157600000000002,7.077200000000001,1.0384,29.590773199999997
2026-09-23T06:40:00.000Z,MCT2408028,15.186944,74.096667,42.52,303.29999999999995,457.8,80.4242548,17.8848,13.582000000000003,4.989999999999998,12.8852,5.9248,0.9863999999999998,29.7756764
2026-09-23T06:48:59.857Z,MCT2408028,15.186944,74.096667,42.27272727272727,277.97,456.8181818181818,82.16909727272727,17.658181818181816,14.47318181818182,5.171818181818181,14.733181818181817,7.455909090909089,0.6518181818181819,28.970591363636377
2026-09-23T05:50:00.000Z,MCT2408053,15.263333,74.110833,99,126.1712,618,88.16199,2.99,16.97,8.26,27.22,16.92,31.17,28.24713
2026-09-23T06:00:00.000Z,MCT2408053,15.263333,74.110833,98.0625,190.4441125,612.0625,87.463420625,13.879375000000001,17.778750000000002,6.544375,21.814374999999995,13.818124999999997,30.881874999999997,28.340310000000002
2026-09-23T06:10:00.000Z,MCT2408053,15.263333,74.110833,99.25,157.94271250000003,598.75,86.861176875,12.949375,16.96875,8.78125,28.742499999999996,17.977500000000006,31.671249999999997,28.58631625
2026-09-23T06:20:00.000Z,MCT2408053,15.263333,74.110833,99.25,202.94834375,598.5,85.702938125,16.024374999999996,17.193749999999998,7.232500000000002,24.429375,15.720625000000002,31.656874999999996,28.963704999999994
2026-09-23T06:30:00.000Z,MCT2408053,15.263333,74.110833,99.6875,214.8261625,601.9375,83.163305625,17.068125000000002,17.029374999999998,10.675,36.15625,23.193749999999998,32.073750000000004,29.52007
2026-09-23T06:40:00.000Z,MCT2408053,15.263333,74.110833,99.6875,183.20734375000004,602.4375,83.004516875,14.433749999999998,19.04875,10.559999999999999,35.426249999999996,22.347500000000004,32.035,29.963150625000004
2026-09-23T06:49:00.096Z,MCT2408053,15.263333,74.110833,99.92857142857143,183.57385,575.4285714285714,80.88027357142857,16.332857142857144,19.00142857142857,11.542857142857143,39.16928571428572,25.05785714285714,32.26714285714285,30.427390714285707
2026-09-23T05:50:00.000Z,MCT2408052,15.444425,74.063856,20,160,683,79.712435,3.8803505,8,6.355,17.759999999999998,8.455,2,30.69246
2026-09-23T06:00:00.000Z,MCT2408052,15.444425,74.063856,21.75,160,674,80.336136875,3.515701937500001,8,7.3175,20.431875,9.601875000000001,2,30.668995624999997
2026-09-23T06:10:00.000Z,MCT2408052,15.444425,74.063856,21.375,160,665.5625,79.83402562500001,3.500964875,8,6.837499999999999,19.527500000000003,9.46875,2,31.361435
2026-09-23T06:20:00.000Z,MCT2408052,15.444425,74.063856,19.4375,160,670.3125,76.428933125,3.646359687500001,8,5.646249999999998,16.120625,7.743125000000001,2,32.742290625
2026-09-23T06:30:00.000Z,MCT2408052,15.444425,74.063856,19.0625,160,668.1875,71.45552,3.7801755624999993,8,5.164999999999997,14.763124999999997,7.010625000000001,2,33.875125625
2026-09-23T06:40:00.000Z,MCT2408052,15.444425,74.063856,18.625,160,660.375,70.81417499999999,3.893815875000001,8,5.0181249999999995,14.353749999999998,6.8812500000000005,2,33.5245525
2026-09-23T06:49:00.115Z,MCT2408052,15.444425,74.063856,18.928571428571427,160,668.4285714285714,72.61818642857142,4.0584459285714285,8,5.328571428571428,14.90142857142857,7.002857142857144,2,32.41536571428571
2026-09-23T05:50:00.000Z,MCT2408021,15.500556,74.053333,48,375,477,72.33862,19.95,14.35352,9.52,26.96,15.71,4.7,32.99835
2026-09-23T06:00:00.000Z,MCT2408021,15.500556,74.053333,48.25,375,484.8125,72.80306187499998,19.861875000000005,14.533731874999999,8.868749999999999,26.304375,16.07125,4.3525,32.897803124999996
2026-09-23T06:10:00.000Z,MCT2408021,15.500556,74.053333,48.5,375,474.375,73.235555,20.183750000000003,14.659109375000002,7.531875000000001,22.361875000000005,13.691249999999997,4.410625,32.842166875
2026-09-23T06:20:00.000Z,MCT2408021,15.500556,74.053333,48.75,375,479.3125,70.98106812500001,20.559375000000003,14.868985624999997,6.87625,19.999374999999997,11.993750000000002,4.423125,33.8637325
2026-09-23T06:30:00.000Z,MCT2408021,15.500556,74.053333,48.0625,375,479.6875,68.55825750000001,19.898124999999997,14.295533124999995,6.369375,18.533125,11.130625000000002,4.510625000000001,34.42278125000001
2026-09-23T06:40:00.000Z,MCT2408021,15.500556,74.053333,47.25,375,482.9375,69.45280562500001,19.221875,13.706978125000001,5.536250000000001,16.630625,10.208125,4.604375,33.54063875
2026-09-23T06:49:00.115Z,MCT2408021,15.500556,74.053333,47,375,480,70.93099999999998,18.965000000000003,13.480839285714286,4.965714285714285,15.155714285714286,9.523571428571428,4.705,32.085186428571426
2026-09-23T05:50:00.000Z,MCT2408043,15.221111,74.087222,56,114.87,623,84.4541,14.35,9.86,20.26,59.22,29.46,5.29,28.82629
2026-09-23T06:00:00.000Z,MCT2408043,15.221111,74.087222,61.0625,129.49125,630,84.33632125,14.306249999999999,10,23.351249999999997,70.08749999999999,35.70875,5.290000000000001,29.064923750000002
2026-09-23T06:10:00.000Z,MCT2408043,15.221111,74.087222,79.1875,118.140625,612.0625,82.685513125,14.404374999999998,9.645000000000001,34.431875,106.138125,55.72625,5.290000000000001,29.778143124999996
2026-09-23T06:20:00.000Z,MCT2408043,15.221111,74.087222,67.25,132.41625,625.1875,80.700915625,14.288749999999997,9.688125,26.596874999999997,82.64,43.555625,5.290000000000001,30.361988125
2026-09-23T06:30:00.000Z,MCT2408043,15.221111,74.087222,70.4375,96.6775,640.75,80.357593125,14.448124999999997,9.836875,28.7325,88.03187500000001,45.876875,5.290000000000001,30.921706250000003
2026-09-23T06:40:00.000Z,MCT2408043,15.221111,74.087222,58,134.20250000000001,642,77.55426812500001,14.24125,9.811874999999999,20.580625,63.086875000000006,32.7475,5.290000000000001,31.360763125
2026-09-23T06:49:00.122Z,MCT2408043,15.221111,74.087222,62.266666666666666,156.324,648.2666666666667,77.67563933333334,14.181999999999999,9.526666666666669,22.965333333333326,71.67,37.834666666666664,5.290000000000001,30.738931333333326
2026-09-23T05:50:00.000Z,MCT2408051,15.486528,74.033889,50,245.05,460,84.33203,20.84,5.19,8.08,25.48,13.69,4.39,30.84261
2026-09-23T06:00:00.000Z,MCT2408051,15.486528,74.033889,51.375,259.90125,438.125,84.41547750000001,21.71375,5.1899999999999995,7.498749999999999,23.42375,12.641249999999998,4.39,31.055099375
2026-09-23T06:10:00.000Z,MCT2408051,15.486528,74.033889,51.5625,281.165625,432.75,80.44723812499998,21.815,5.1899999999999995,7.8100000000000005,24.356250000000003,13.185625,4.39,31.980808125000003
2026-09-23T06:20:00.000Z,MCT2408051,15.486528,74.033889,50.875,251.84187499999996,426.1875,80.1516,21.353125000000006,5.1899999999999995,7.616249999999998,23.343750000000004,12.406249999999998,4.39,32.1162125
2026-09-23T06:30:00.000Z,MCT2408051,15.486528,74.033889,50,234.60249999999996,439.0625,80.89212875,20.79625,5.1899999999999995,6.995000000000001,21.86875,11.823749999999999,4.39,31.490135625
2026-09-23T06:40:00.000Z,MCT2408051,15.486528,74.033889,50,229.75062499999996,460.75,81.59593999999998,20.189999999999998,5.1899999999999995,5.211250000000001,16.004374999999996,8.710625000000002,4.39,30.250045625
2026-09-23T06:49:00.130Z,MCT2408051,15.486528,74.033889,50,242.5792857142857,463.42857142857144,85.45028214285715,20.628571428571423,5.1899999999999995,5.821428571428571,17.89071428571429,9.645714285714288,4.39,28.963418571428573
2026-09-23T05:50:00.000Z,MCT2408050,15.553611,73.958333,35.5,92.44,521.5,68.920655,12.440000000000001,4.615,10.605,31.775,16.16,6.92,34.494505000000004
2026-09-23T06:00:00.000Z,MCT2408050,15.553611,73.958333,35,91.69312499999998,519.625,68.54728999999999,12.05,4.291875000000001,10.339375,30.968749999999996,15.788124999999999,6.383125,34.406024374999994
2026-09-23T06:10:00.000Z,MCT2408050,15.553611,73.958333,37.125,87.615625,491.75,70.5476225,12.122499999999999,4.374375000000001,11.666249999999998,35.15562499999999,17.966250000000002,5.495625,34.1144325
2026-09-23T06:20:00.000Z,MCT2408050,15.553611,73.958333,36.8125,89.025625,518.3125,71.77261750000001,12.153124999999998,4.039375,11.295,34.349999999999994,17.700625000000006,5.0175,32.955451875
2026-09-23T06:30:00.000Z,MCT2408050,15.553611,73.958333,36.5,86.99499999999999,524.875,75.326485625,12.014999999999999,4.0275,11.135625000000001,33.758750000000006,17.328750000000003,4.065625000000001,31.324566875
2026-09-23T06:40:00.000Z,MCT2408050,15.553611,73.958333,37.4375,86.02999999999999,532.5625,77.745479375,11.375625000000001,4.258749999999999,11.770624999999999,35.79875,18.391250000000003,3.01125,30.520855
2026-09-23T06:49:00.354Z,MCT2408050,15.553611,73.958333,37.92857142857143,86.02999999999999,549.4285714285714,80.41106714285715,10.742142857142861,4.704999999999999,11.937857142857142,36.558571428571426,18.952857142857145,2.0771428571428574,30.174586428571423
2026-09-23T05:50:00.000Z,MCT2408030,15.142519,74.075003,29,166.1698,555,81.31079,9.14,6.2,9.37,24.64,12.31,6.04,27.81813
2026-09-23T06:00:00.000Z,MCT2408030,15.142519,74.075003,29,163,552.8125,81.405204375,9.16625,6.200000000000002,9.370000000000001,24.639999999999993,12.31,5.784375,27.757800624999998
2026-09-23T06:10:00.000Z,MCT2408030,15.142519,74.075003,29,163.064,548.8125,81.56542125000001,9.220625,6.200000000000002,9.370000000000001,24.639999999999993,12.31,5.7125,27.677361874999992
2026-09-23T06:20:00.000Z,MCT2408030,15.142519,74.075003,29,163.02715625000002,551.0625,81.83340500000001,9.30875,6.200000000000002,9.370000000000001,24.639999999999993,12.31,5.356875,27.724955
2026-09-23T06:30:00.000Z,MCT2408030,15.142519,74.075003,29,163.65719375,546.6875,81.91446687499999,8.913125,6.200000000000002,9.370000000000001,24.639999999999993,12.31,5.270625,28.046039375
2026-09-23T06:40:00.000Z,MCT2408030,15.142519,74.075003,29,163.36715625,542.5,81.523936875,8.890625,6.200000000000002,9.370000000000001,24.639999999999993,12.31,5.155625000000001,28.43214125
2026-09-23T06:49:00.375Z,MCT2408030,15.142519,74.075003,29.214285714285715,163,541.2142857142857,81.24703071428573,8.692142857142859,6.200000000000002,9.370000000000001,24.964999999999996,12.647142857142855,4.612857142857142,28.812499999999996
2026-09-23T05:50:00.000Z,MCT2408034,15.356389,74.123611,39.333333333333336,182.62776666666664,435.6666666666667,71.96478333333334,6.150000000000001,2.52,10.633333333333333,35.32666666666667,19.69333333333333,1.3266666666666669,32.47997
2026-09-23T06:00:00.000Z,MCT2408034,15.356389,74.123611,39.833333333333336,180,432.875,71.24984583333334,6.150000000000002,1.9662500000000005,11.772916666666667,36.77041666666667,19.377499999999998,1.133333333333333,33.01980208333334
2026-09-23T06:10:00.000Z,MCT2408034,15.356389,74.123611,36,180,426.76,68.8315424,6.150000000000002,1.9912000000000005,9.076799999999999,29.035200000000003,15.752399999999998,1.1099999999999997,34.525605600000006
2026-09-23T06:20:00.000Z,MCT2408034,15.356389,74.123611,34.958333333333336,180,426.7083333333333,66.47416166666666,6.150000000000002,1.921666666666667,8.314166666666663,26.493749999999995,14.375416666666666,1.1537499999999998,35.6916925
2026-09-23T06:30:00.000Z,MCT2408034,15.356389,74.123611,40.8,181.875084,426.44,63.745484399999995,6.1784,2.9412000000000007,12.467200000000002,38.4884,20.065199999999997,2.3284,36.3553076
2026-09-23T06:40:00.000Z,MCT2408034,15.356389,74.123611,35.333333333333336,184.70239999999998,426.4583333333333,62.098703750000006,6.313333333333333,3.579583333333332,8.733333333333333,27.510000000000005,14.649166666666666,2.929166666666667,36.874581250000006
2026-09-23T06:49:00.370Z,MCT2408034,15.356389,74.123611,36.26086956521739,185.25857826086957,422.69565217391306,60.995703478260864,7.678260869565219,5.046521739130435,9.352608695652174,29.31652173913044,15.531739130434781,3.5460869565217394,36.87197739130435
2026-09-23T05:50:00.000Z,MCT2408023,15.499722,74.020833,56.5,180.01999999999998,459,75.49337499999999,10.91,19.759999999999998,17.11,52.56,31.9,6.359999999999999,32.60152
2026-09-23T06:00:00.000Z,MCT2408023,15.499722,74.020833,56.9375,230.81687500000004,459.375,74.99126749999999,11.675625,18.68125,16.557499999999997,52.00499999999998,32.171875,6.624999999999999,32.566665625
2026-09-23T06:10:00.000Z,MCT2408023,15.499722,74.020833,56,226.09875000000005,457.375,74.30414625,11.139999999999999,20.265000000000004,15.526875000000002,49.710625,31.265624999999996,6.41125,32.7094425
2026-09-23T06:20:00.000Z,MCT2408023,15.499722,74.020833,54.625,224.36687500000002,454.625,74.14822,11.457499999999998,19.85,15.209999999999997,47.810624999999995,29.634375,6.325624999999999,32.881044375
2026-09-23T06:30:00.000Z,MCT2408023,15.499722,74.020833,52.733333333333334,235.59000000000003,463.6666666666667,74.81410733333333,11.964666666666664,17.667333333333332,13.60333333333333,43.14466666666667,27.163333333333334,6.422666666666667,32.28405933333333
2026-09-23T06:40:00.000Z,MCT2408023,15.499722,74.020833,47.9375,252.12625,464.1875,76.484244375,12.0975,18.469375,10.53625,33.720000000000006,21.56875,6.569374999999999,30.788981875000005
2026-09-23T06:49:00.389Z,MCT2408023,15.499722,74.020833,51.333333333333336,202.33133333333333,470.3333333333333,79.99955266666667,10.543333333333333,20.93266666666667,12.759999999999996,40.52733333333334,25.519999999999992,6.229333333333334,29.44906
2026-09-23T05:50:00.000Z,MCT2408029,15.333611,74.206944,16.5,120,730,82.928225,5.890000000000001,12.085,3.825,11.56,6.175,4.68,31.25016
2026-09-23T06:00:00.000Z,MCT2408029,15.333611,74.206944,17.5625,120,734.6875,81.343215,3.6212499999999994,10.189999999999998,4.705625,14.053125000000001,7.5749999999999975,4.3,31.5806275
2026-09-23T06:10:00.000Z,MCT2408029,15.333611,74.206944,17.2,120,743.7333333333333,78.87345333333332,3.962,8.749333333333333,4.550666666666667,13.794666666666666,7.609333333333335,5.367999999999999,31.63125733333333
2026-09-23T06:20:00.000Z,MCT2408029,15.333611,74.206944,17.75,120,738.4375,79.65235124999998,2.981875,9.095625,4.96375,14.630624999999998,7.906875000000002,5.621874999999999,31.443213125000003
2026-09-23T06:30:00.000Z,MCT2408029,15.333611,74.206944,17.6875,120,735.0625,80.03286687500001,3.1650000000000005,9.5,4.853125,14.95625,8.34625,5.1831249999999995,31.284346875000004
2026-09-23T06:40:00.000Z,MCT2408029,15.333611,74.206944,18.625,120,744.625,80.051464375,2.75875,10.12,5.696250000000001,17.269375,9.485625,4.61875,31.570573124999996
2026-09-23T06:49:00.387Z,MCT2408029,15.333611,74.206944,17.666666666666668,120,745.25,79.243225,2.334166666666667,9.916666666666666,4.9991666666666665,15.268333333333333,8.431666666666665,4.31,31.792673333333337
2026-09-23T05:50:00.000Z,MCT2408027,15.275556,74.1075,39.5,647.8199999999999,448,84.67917,6.58,13.43,10.844999999999999,33.019999999999996,17.79,2.95,28.917455
2026-09-23T06:00:00.000Z,MCT2408027,15.275556,74.1075,47.4375,665.3206250000001,477.1875,84.85798187500002,6.579999999999999,13.183750000000005,16.395,48.546875,25.198125,2.9500000000000006,28.908740624999993
2026-09-23T06:10:00.000Z,MCT2408027,15.275556,74.1075,38,662.6093750000001,437.875,85.16888,6.579999999999999,12.802500000000006,9.985,29.941249999999993,15.810625000000002,2.9500000000000006,29.16413
2026-09-23T06:20:00.000Z,MCT2408027,15.275556,74.1075,38,661.38625,446.9375,84.96097937499998,6.579999999999999,12.125000000000002,10.232500000000002,30.003124999999997,15.439375000000002,2.9500000000000006,29.638045625
2026-09-23T06:30:00.000Z,MCT2408027,15.275556,74.1075,36.3125,659.4462500000001,452.125,82.751315,6.579999999999999,12.235625,8.815624999999999,26.675625000000004,14.203124999999998,2.9500000000000006,30.207146875
2026-09-23T06:40:00.000Z,MCT2408027,15.275556,74.1075,40.5,657.49375,432.75,81.70227437500002,6.579999999999999,12.3975,11.524999999999999,34.994375,18.589999999999996,2.9500000000000006,30.549008125
2026-09-23T06:49:00.615Z,MCT2408027,15.275556,74.1075,44.42857142857143,655.4,447.92857142857144,80.46338428571427,6.579999999999999,12.252142857142857,14.018571428571429,42.73714285714285,22.51642857142857,2.95,31.08622
2026-09-23T05:50:00.000Z,MCT2408049,15.475278,74.055833,56.5,150,438,74.44051999999999,23.950000000000003,15.97,11.885,34.475,17.265,2.61,31.850769999999997
2026-09-23T06:00:00.000Z,MCT2408049,15.475278,74.055833,56.375,150,438.75,74.705165625,23.990625,13.779375000000002,11.3075,33.1325,16.6875,2.61,31.832671249999997
2026-09-23T06:10:00.000Z,MCT2408049,15.475278,74.055833,56.8,150,434.53333333333336,73.233806,24.226666666666667,15.752666666666666,10.272666666666668,30.029999999999998,15.293333333333335,2.61,32.77670066666666
2026-09-23T06:20:00.000Z,MCT2408049,15.475278,74.055833,57.0625,150,437.8125,68.651241875,24.469375,16.517500000000002,10.398124999999999,30.356249999999996,15.342500000000001,2.61,34.07220125
2026-09-23T06:30:00.000Z,MCT2408049,15.475278,74.055833,56.3125,150,433.9375,67.44198312500001,23.893124999999998,14.385625000000003,10.637500000000001,30.689375,15.295625000000003,2.61,34.039356250000004
2026-09-23T06:40:00.000Z,MCT2408049,15.475278,74.055833,56,150,429.6875,69.85430187500002,23.61375,11.241874999999999,10.733749999999999,31.167499999999993,15.726874999999998,2.61,32.809991875
2026-09-23T06:49:00.632Z,MCT2408049,15.475278,74.055833,55.666666666666664,150,424.4,73.19667466666667,23.358,11.63466666666667,8.177333333333333,23.749333333333333,12.070666666666666,2.61,31.261600666666663
2026-09-23T05:50:00.000Z,MCT2408040,15.528056,74.020833,20,100,428,75.91681,8.64,5.02,3.21,9.47,4.64,3.5,32.8053
2026-09-23T06:00:00.000Z,MCT2408040,15.528056,74.020833,19.25,100,434.75,74.12533,8.214375,4.948749999999999,3.2162500000000005,9.514375,4.55,3.5,33.224248749999994
2026-09-23T06:10:00.000Z,MCT2408040,15.528056,74.020833,19.1875,100,427.375,70.65014187499999,8.454999999999998,4.905625,3.1775,9.318125,4.426875000000001,3.5743750000000003,33.789325625
2026-09-23T06:20:00.000Z,MCT2408040,15.528056,74.020833,19.5,100,423.5,71.578544375,8.755624999999998,5.024375000000001,3.105,8.813749999999999,4.113125,3.535625,33.75514
2026-09-23T06:30:00.000Z,MCT2408040,15.528056,74.020833,20,100,422.3125,71.734948125,9.055625000000001,5.161249999999999,3.125,8.858125,4.09875,4.144375,33.23832624999999
2026-09-23T06:40:00.000Z,MCT2408040,15.528056,74.020833,19.6875,100,415.1875,72.167915625,8.641874999999999,5.210625,3.07875,8.6825,3.9731250000000005,4.579375,31.994215
2026-09-23T06:49:00.631Z,MCT2408040,15.528056,74.020833,18.933333333333334,100,419.4,75.84356733333333,8.085333333333331,5.000000000000001,3.2146666666666666,9.028666666666668,4.143333333333332,3.6659999999999995,30.649554666666667
2026-09-23T05:50:00.000Z,MCT2408044,15.313669,74.140042,25.5,214.29,430,92.56796499999999,10.65,4.115,4.31,12.5,7.84,4.0673075,26.547204999999998
2026-09-23T06:00:00.000Z,MCT2408044,15.313669,74.140042,25.8125,214.29,430.875,93.004745625,10.842499999999998,4.4475,3.9499999999999997,11.46875,7.0975,4.4028846875,26.5746875
2026-09-23T06:10:00.000Z,MCT2408044,15.313669,74.140042,25.8,214.29,433,92.51684599999999,10.925333333333333,5.1866666666666665,3.6393333333333335,10.666666666666666,6.597999999999999,3.9173503333333337,26.92151266666667
2026-09-23T06:20:00.000Z,MCT2408044,15.313669,74.140042,25.875,214.29,435.625,91.013473125,10.89125,5.244999999999999,3.8437500000000004,11.28125,7.030000000000001,4.0704325,27.44543375
2026-09-23T06:30:00.000Z,MCT2408044,15.313669,74.140042,25.75,214.29,433.5625,89.336913125,10.856249999999998,4.8393749999999995,4.095,11.78125,7.26625,4.1986378124999995,28.084246875
2026-09-23T06:40:00.000Z,MCT2408044,15.313669,74.140042,25.384615384615383,214.29,424,87.20127076923079,10.738461538461538,5.587692307692308,3.9338461538461527,11.26923076923077,6.946923076923077,4.432248538461538,28.71161230769231
2026-09-23T06:49:00.643Z,MCT2408044,15.313669,74.140042,25.571428571428573,214.29,426.2142857142857,84.52167785714286,10.773571428571428,5.418571428571428,3.1592857142857134,8.821428571428571,5.25142857142857,4.7013735,29.559427857142857
2026-09-23T05:50:00.000Z,MCT2408046,15.529167,74.07,36.5,156.54500000000002,600.5,68.855805,13.03,0.6699999999999999,12.325,38.325,19.36,5.295,33.77592
2026-09-23T06:00:00.000Z,MCT2408046,15.529167,74.07,35.8,115.0844,597.72,69.90576119999999,12.853600000000002,0.8500000000000001,12.188799999999997,36.44,17.953200000000002,5.0484,33.3917496
2026-09-23T06:10:00.000Z,MCT2408046,15.529167,74.07,33.12,95.52,602.6,70.62658720000002,12.949199999999998,0.8575999999999999,10.3448,30.7988,15.1472,4.5112,33.194835600000005
2026-09-23T06:20:00.000Z,MCT2408046,15.529167,74.07,32.8,95.52,605.24,70.894836,13.117600000000003,0.7352,9.9144,29.6432,14.6872,4.014399999999998,33.5380396
2026-09-23T06:30:00.000Z,MCT2408046,15.529167,74.07,32.12,95.52,567.88,68.85107479999999,13.243999999999998,0.5075999999999999,9.6604,28.664799999999996,14.033600000000003,3.9948000000000015,34.441948800000006
2026-09-23T06:40:00.000Z,MCT2408046,15.529167,74.07,31.92,95.52,524.2,66.3382556,13.251599999999998,0.6468,9.533199999999999,28.219599999999996,13.6216,4.4804,35.117201200000004
2026-09-23T06:49:00.644Z,MCT2408046,15.529167,74.07,30.5,95.52,537.0909090909091,65.53805863636364,12.431818181818182,0.9713636363636364,8.218181818181817,24.23954545454546,11.685,5.359999999999999,34.62320272727272
2026-09-23T05:50:00.000Z,MCT2408041,15.224628,74.171389,32,226.2434,471,84.77454,13.28,9.7,8.09,21.06,9.71,7.98,28.99789
2026-09-23T06:00:00.000Z,MCT2408041,15.224628,74.171389,32.75,361.2405374999999,468.75,83.988233125,13.711250000000003,9.7,8.090000000000002,20.35125,9.001250000000002,8.36,29.209040000000005
2026-09-23T06:10:00.000Z,MCT2408041,15.224628,74.171389,32.625,322.27806875,477.3125,82.27304749999999,13.685625000000002,9.7,8.090000000000002,20.503125,9.153125000000003,8.565625,29.435611875
2026-09-23T06:20:00.000Z,MCT2408041,15.224628,74.171389,32.625,335.8869,468.5625,81.93449375,13.709374999999998,9.7,8.090000000000002,22.933125000000008,11.574374999999998,8.328125,29.905501875000002
2026-09-23T06:30:00.000Z,MCT2408041,15.224628,74.171389,32.5625,405.97975,471.9375,79.55030937500001,13.698125000000001,9.7,8.090000000000002,23.085000000000004,11.724999999999998,8.533750000000001,30.379417500000002
2026-09-23T06:40:00.000Z,MCT2408041,15.224628,74.171389,32.4375,400.08123750000004,475.4375,77.81843625,13.6375,9.7,8.090000000000002,21.16125,9.808125000000002,8.522499999999999,30.973320625
2026-09-23T06:49:00.936Z,MCT2408041,15.224628,74.171389,32.46666666666667,422.16375333333326,479.6666666666667,75.80847200000001,13.622000000000002,9.7,8.090000000000002,20.79,9.43866666666667,8.656666666666668,31.69561
2026-09-23T05:50:00.000Z,MCT2408024,15.148056,74.131667,43,209.98283333333333,676.6666666666666,78.6227,18.43401666666667,5,7.323333333333333,22.99,12.656666666666666,3.8333333333333335,28.84774
2026-09-23T06:00:00.000Z,MCT2408024,15.148056,74.131667,42.083333333333336,207.3862333333333,560.5416666666666,78.93073833333332,17.91532125,5.753968,7.032916666666668,22.823333333333338,12.781666666666672,3.8233333333333337,28.893769583333334
2026-09-23T06:10:00.000Z,MCT2408024,15.148056,74.131667,41.8,204.351804,655.44,79.107728,17.7674768,5,7.510000000000002,23.150000000000006,12.630000000000004,3.9376000000000007,29.1763564
2026-09-23T06:20:00.000Z,MCT2408024,15.148056,74.131667,42.04,204.53783600000003,671.84,78.24835279999998,17.953038400000004,5,6.4752,20.590000000000003,11.150000000000004,3.8763999999999994,29.482238400000007
2026-09-23T06:30:00.000Z,MCT2408024,15.148056,74.131667,42.48,203.11495200000005,553.72,77.909608,18.241413199999997,5,6.7524,21.430000000000003,11.710000000000004,3.7143999999999995,30.034363599999995
2026-09-23T06:40:00.000Z,MCT2408024,15.148056,74.131667,42.458333333333336,202.17882916666667,590.5,75.68665499999999,18.08391875,5,5.499166666666667,18.198333333333338,10.28166666666667,3.936666666666667,30.948071249999995
2026-09-23T06:49:00.936Z,MCT2408024,15.148056,74.131667,42.26086956521739,204.75011304347825,647.9130434782609,73.63429304347825,17.802793478260867,5.173787565217392,5,15.03347826086957,8.033478260869567,4.135652173913043,31.24316913043478
2026-09-23T05:50:00.000Z,MCT2408033,15.346944,74.007778,23.5,110,634.5,84.77835,6.705,1.475,9.09,22.82,13.235,4.39,30.628105
2026-09-23T06:00:00.000Z,MCT2408033,15.346944,74.007778,22.615384615384617,110,605.3076923076923,82.41998769230769,7.017692307692308,1.8384615384615386,8.38923076923077,21.104615384615386,12.44076923076923,4.39,31.435788461538458
2026-09-23T06:10:00.000Z,MCT2408033,15.346944,74.007778,21.5625,110,625.75,78.954261875,7.510625,2.299375,7.613125,19.103125000000006,11.248750000000001,4.39,32.257650625
2026-09-23T06:20:00.000Z,MCT2408033,15.346944,74.007778,20.375,110.45789375000001,624.875,77.4918025,8.899375,3.728125,6.250625000000001,15.511875000000002,9.116249999999997,4.39,32.322002499999996
2026-09-23T06:30:00.000Z,MCT2408033,15.346944,74.007778,20.1875,110.3932875,619.4375,77.52804250000001,8.871875000000001,4.345,5.831875000000001,14.743125,8.859375,4.39,32.016334375
2026-09-23T06:40:00.000Z,MCT2408033,15.346944,74.007778,20.375,111.39725,607.6875,77.9099875,9.053125,4.258125,6.021875000000001,15.383125,9.33625,4.39,31.244126875000003
2026-09-23T06:49:00.939Z,MCT2408033,15.346944,74.007778,20.5,110.61522142857143,629.2857142857143,78.94023000000003,8.917142857142858,3.912142857142858,6.882857142857142,17.435714285714283,10.463571428571429,4.39,30.883975
2026-09-23T05:50:00.000Z,MCT2408037,15.394444,74.118333,36.5,160,425.5,81.203975,10.62,14.870000000000001,10.035,35.980000000000004,18.365,3.93,30.57448
2026-09-23T06:00:00.000Z,MCT2408037,15.394444,74.118333,36.9375,160,423.1875,80.494445625,10.148750000000001,14.681250000000004,10.408124999999998,37.054375,18.880625000000002,3.9731249999999996,30.869418749999998
2026-09-23T06:10:00.000Z,MCT2408037,15.394444,74.118333,34.0625,160,426.8125,79.52551312499999,10.13625,14.692500000000004,8.826875000000001,31.074999999999996,15.740000000000004,3.6943749999999995,31.424443125
2026-09-23T06:20:00.000Z,MCT2408037,15.394444,74.118333,31.8125,160,429.25,77.858489375,10.295625,14.681875000000003,7.573124999999999,26.6275,13.490000000000002,4.181875,31.98885125
2026-09-23T06:30:00.000Z,MCT2408037,15.394444,74.118333,30.75,160,421.1875,76.33690312499999,10.539375000000001,14.548750000000004,6.921874999999999,24.480625,12.599375000000002,4.387499999999999,32.301892499999994
2026-09-23T06:40:00.000Z,MCT2408037,15.394444,74.118333,31.3125,160,426.9375,75.12525875,10.600000000000001,14.627500000000003,7.572500000000002,25.605000000000004,12.599375000000002,4.810625,32.602863125
2026-09-23T06:49:00.934Z,MCT2408037,15.394444,74.118333,30.857142857142858,160,425.7142857142857,74.90155357142855,10.93642857142857,14.450714285714287,6.955,24.532857142857146,12.525714285714287,4.878571428571429,32.468225714285715
2026-09-23T05:50:00.000Z,MCT2408042,15.213889,74.071667,58,115.66,449,86.61322,23.46,18.41,14.56,44.69,23.69,3.68,28.89064
2026-09-23T06:00:00.000Z,MCT2408042,15.213889,74.071667,59.5,113.685625,447.375,86.18406687500001,24.060625,17.423750000000005,21.441875000000003,62.814375,31.944374999999994,3.5768749999999994,29.091066249999997
2026-09-23T06:10:00.000Z,MCT2408042,15.213889,74.071667,65.375,122.791875,437.375,85.135025625,24.6225,17.340625000000003,29.006249999999994,87.95187500000002,46.35125000000001,3.4587499999999998,29.655474374999997
2026-09-23T06:20:00.000Z,MCT2408042,15.213889,74.071667,68.875,128.865,435.3125,82.82904125,24.545624999999998,17.72875,30.769375,94.790625,50.44999999999999,3.5068750000000004,30.40220875
2026-09-23T06:30:00.000Z,MCT2408042,15.213889,74.071667,64.625,120.681875,434.8125,80.806774375,24.778750000000006,17.247500000000002,27.811875000000004,85.385,45.4975,4.398750000000001,30.803059375000004
2026-09-23T06:40:00.000Z,MCT2408042,15.213889,74.071667,58.625,125.004375,442.0625,79.94226874999998,24.973124999999996,17.069375,19.849375000000002,60.420624999999994,31.887499999999996,4.90125,30.850651874999997
2026-09-23T06:49:00.934Z,MCT2408042,15.213889,74.071667,59.214285714285715,138.30214285714288,429.5,80.07483,25.380714285714284,16.55214285714286,8.709999999999999,25.86285714285714,13.47357142857143,5.594285714285715,30.363042142857147
2026-09-23T05:50:00.000Z,MCT2408045,15.619444,73.878889,28,178.12,545,65.47217,12.66,17.93,7.05,23.95,12.44,2.53,35.27207
2026-09-23T06:00:00.000Z,MCT2408045,15.619444,73.878889,28.3125,184.659375,557.3125,67.14300625,12.989374999999999,18.485,6.951875000000001,23.237500000000004,11.7325,2.5300000000000002,34.76330125
2026-09-23T06:10:00.000Z,MCT2408045,15.619444,73.878889,28.125,180.82499999999993,555.9375,68.74279312499999,12.946250000000003,18.218125,7.361874999999998,24.448750000000004,12.263124999999999,2.5300000000000002,34.161355
2026-09-23T06:20:00.000Z,MCT2408045,15.619444,73.878889,27.9375,178.11999999999995,554.3125,70.45607000000001,12.621875,18.159375,7.141874999999999,23.985625000000002,12.15625,2.5300000000000002,33.363676250000005
2026-09-23T06:30:00.000Z,MCT2408045,15.619444,73.878889,27.5625,178.11999999999995,554.4375,72.02677187500001,11.898125,16.985,7.204374999999999,24.62875,12.687499999999998,2.5300000000000002,33.01511187500001
2026-09-23T06:40:00.000Z,MCT2408045,15.619444,73.878889,28.1875,178.11999999999995,553.3125,72.081608125,11.570624999999998,15.556875000000003,7.706874999999998,26.27,13.501249999999999,2.5300000000000002,33.33418125
2026-09-23T06:49:01.315Z,MCT2408045,15.619444,73.878889,27.785714285714285,178.11999999999995,543.5714285714286,70.39040214285714,11.874285714285714,15.762857142857143,7.477857142857141,25.17285714285714,12.762142857142857,2.5300000000000002,33.90308785714286
2026-09-23T05:50:00.000Z,MCT2408022,15.475833,74.038889,45,150,450,76.96967,4.97,11.37751,14,42,22,4.650738,31.31451
2026-09-23T06:00:00.000Z,MCT2408022,15.475833,74.038889,46.875,150,449.75,76.99779749999999,4.747499999999999,11.239206250000002,15.0625,45.3125,23.5625,4.431517499999999,31.578616875
2026-09-23T06:10:00.000Z,MCT2408022,15.475833,74.038889,46.4375,150,453.9375,74.8768275,4.703125000000001,11.5494475,14.5,43.9375,23.0625,4.378531,32.46209687500001
2026-09-23T06:20:00.000Z,MCT2408022,15.475833,74.038889,45.625,150,455.8125,73.192160625,4.953749999999999,11.4311625,14.1875,41.75,21.25,4.496165437499999,32.656488124999996
2026-09-23T06:30:00.000Z,MCT2408022,15.475833,74.038889,47.4375,150,451.25,74.097199375,4.6,11.575364375000001,15.375,45.5,23.375,4.5221701874999995,32.265694374999995
2026-09-23T06:40:00.000Z,MCT2408022,15.475833,74.038889,42,150,442.0625,75.532955625,5.371249999999999,11.19252,11.5625,34.5625,18,4.5201238749999995,31.112074999999997
2026-09-23T06:49:01.346Z,MCT2408022,15.475833,74.038889,42.07142857142857,150,436.64285714285717,79.41270571428572,5.272857142857142,11.345525714285714,11.5,34.785714285714285,18.285714285714285,4.4452487142857136,29.719537857142853
2026-09-23T05:50:00.000Z,MCT2408032,15.525556,73.828611,59.333333333333336,178.92999999999998,571,76.87811333333333,13.38,15.226666666666667,19.456666666666667,61.156666666666666,33.03333333333333,3.0566666666666666,30.767533333333333
2026-09-23T06:00:00.000Z,MCT2408032,15.525556,73.828611,57.56,178.92999999999995,560.04,76.54058719999999,13.8216,15.393200000000002,17.998399999999997,57.062,30.918400000000002,2.9452,30.727206000000006
2026-09-23T06:10:00.000Z,MCT2408032,15.525556,73.828611,56.08,178.92999999999995,568.76,76.48718159999999,13.936800000000003,15.199200000000003,17.201200000000004,54.1604,29.3896,2.936000000000001,30.6135208
2026-09-23T06:20:00.000Z,MCT2408032,15.525556,73.828611,53.8,178.92999999999995,561.6,74.470582,14.296000000000001,14.944800000000003,15.7212,49.60839999999998,27.010800000000007,3.1832,30.841320000000007
2026-09-23T06:30:00.000Z,MCT2408032,15.525556,73.828611,49.12,178.92999999999995,565.24,75.29485999999999,14.397200000000005,15.146400000000002,12.303999999999998,40.3924,22.934400000000004,3.4035999999999995,30.565900399999997
2026-09-23T06:40:00.000Z,MCT2408032,15.525556,73.828611,51,178.92999999999995,564.76,76.32665960000003,14.040000000000003,15.209999999999997,13.7276,44.2616,24.463599999999996,3.0868,30.47538040000001
2026-09-23T06:49:01.420Z,MCT2408032,15.525556,73.828611,49.31578947368421,178.92999999999995,566.3157894736842,77.92173315789474,13.574736842105262,14.43315789473684,12.59052631578947,40.94631578947369,23.09894736842105,3.2368421052631584,30.061934736842108
2026-09-23T05:50:00.000Z,MCT2408031,15.290833,74.149167,24,140,535,85.20941,7.151605,15.08324,9.05,23.91,13.33,6.21,27.75378
2026-09-23T06:00:00.000Z,MCT2408031,15.290833,74.149167,26,147.46215625,542.25,85.38965625,6.779323125,17.137340000000002,10.535,27.173125000000002,14.671874999999998,5.558125,27.823493125000006
2026-09-23T06:10:00.000Z,MCT2408031,15.290833,74.149167,23.8125,149.45825,535.5625,85.1874775,6.778795187499999,20.94126625,8.72125,22.443750000000005,12.11125,5.43,28.223001875
2026-09-23T06:20:00.000Z,MCT2408031,15.290833,74.149167,23,161.70534375,535.25,84.28863937500002,6.772064874999999,20.02906125,8.03625,20.650625,11.069375,5.328124999999999,28.686861874999998
2026-09-23T06:30:00.000Z,MCT2408031,15.290833,74.149167,22.1875,156.07769374999998,538.3125,84.481758125,6.943887062499999,20.31519125,7.41125,19.049374999999998,10.178125,5.929999999999999,28.554810625000005
2026-09-23T06:40:00.000Z,MCT2408031,15.290833,74.149167,21.8125,149.27865,539.25,83.49613625000002,6.663719437499999,15.975710375000002,7.262500000000001,18.452499999999997,9.731875000000002,5.251875000000001,29.267361875000002
2026-09-23T06:49:01.474Z,MCT2408031,15.290833,74.149167,21.666666666666668,166.11944666666665,535.5333333333333,82.14392199999999,6.802505666666666,18.526598,7.015333333333333,18.030666666666665,9.553999999999998,5.552000000000001,29.794408666666666
2026-09-23T05:50:00.000Z,MCT2408036,15.171567,74.067106,38,120,662,88.34509,10.59,6.17,4.21,11.65,6.08,11.97,27.30333
2026-09-23T06:00:00.000Z,MCT2408036,15.171567,74.067106,38.875,120,679.4375,88.33317125000002,9.834375,6.415625000000001,4.310625,12.473125,6.586875000000001,12.760000000000003,27.301315624999994
2026-09-23T06:10:00.000Z,MCT2408036,15.171567,74.067106,38.625,120,682.3125,88.70128999999999,10.248750000000001,6.341875000000001,3.8475,11.208124999999999,5.952500000000001,12.593125,27.334159375000006
2026-09-23T06:20:00.000Z,MCT2408036,15.171567,74.067106,37.25,120,676.5,88.34413937499997,9.939375000000002,6.560625,2.6962500000000005,7.9487499999999995,4.273124999999999,11.698125,27.901919375000006
2026-09-23T06:30:00.000Z,MCT2408036,15.171567,74.067106,37.333333333333336,120,680.9333333333333,85.60054399999999,9.651333333333332,6.34,2.7,7.869999999999998,4.219333333333332,11.863999999999999,29.140892666666666
2026-09-23T06:40:00.000Z,MCT2408036,15.171567,74.067106,38.0625,120,678.125,83.07604375,9.873750000000001,6.496874999999999,2.63,7.599999999999998,4.049999999999999,12.298749999999998,29.270709375000003
2026-09-23T06:49:01.480Z,MCT2408036,15.171567,74.067106,39.4,120,675.9333333333333,82.62457333333332,11.010000000000002,6.742000000000001,2.700666666666666,7.903333333333333,4.22,13.089333333333332,28.99002533333333
2026-09-23T05:50:00.000Z,MCT2408035,15.236111,74.125,45.5,190,816,84.17181500000001,19.54985,5.39,3.8,10.19,4.91,3.83,28.944265
2026-09-23T06:00:00.000Z,MCT2408035,15.236111,74.125,45.07692307692308,190,816.0769230769231,83.76041307692307,19.26367769230769,4.915384615384616,3.7999999999999994,10.19,4.909999999999998,3.8299999999999987,29.011915384615385
2026-09-23T06:10:00.000Z,MCT2408035,15.236111,74.125,45.625,190,815.8125,83.6897325,19.705634999999997,5.121874999999999,3.823749999999999,10.708124999999999,5.380000000000001,3.8299999999999987,29.169492499999997
2026-09-23T06:20:00.000Z,MCT2408035,15.236111,74.125,46.125,190,814.8125,83.548110625,20.190428750000002,4.12375,5.035000000000001,15.73,8.513750000000002,3.8299999999999987,29.39270875
2026-09-23T06:30:00.000Z,MCT2408035,15.236111,74.125,44.625,190,820.625,81.760925,18.946473750000003,4.176875000000001,4.3462499999999995,13.584375,7.428750000000001,3.8299999999999987,30.286913749999997
2026-09-23T06:40:00.000Z,MCT2408035,15.236111,74.125,44.875,190,812.3125,78.418773125,19.216191250000005,4.968750000000001,3.799999999999999,10.567499999999997,5.284374999999999,3.8299999999999987,31.389586875
2026-09-23T06:49:01.583Z,MCT2408035,15.236111,74.125,49.642857142857146,193.26280714285718,808.3571428571429,76.31680785714285,23.09736428571429,6.140714285714286,3.7999999999999994,10.35142857142857,5.07142857142857,3.8299999999999987,31.269312857142864
2026-09-23T05:50:00.000Z,MCT2408039,15.163611,74.110833,30,324.115,577,84.53421,11.165,10.3,9.02,28.94,11.76,2.3,28.070169999999997
2026-09-23T06:00:00.000Z,MCT2408039,15.163611,74.110833,30,334.7793750000001,583.4375,84.34824437500001,11.140624999999998,10.3,9.019999999999998,28.94,11.759999999999998,2.3,28.155300625000002
2026-09-23T06:10:00.000Z,MCT2408039,15.163611,74.110833,30.375,299.841875,584.125,84.19851687499998,12.549375,10.3,9.019999999999998,28.94,11.759999999999998,2.3,28.353716249999998
2026-09-23T06:20:00.000Z,MCT2408039,15.163611,74.110833,30.4,319.8326666666666,578.6666666666666,83.93937066666668,12.239999999999998,10.3,9.019999999999998,28.94,11.759999999999998,2.3,28.529562666666667
2026-09-23T06:30:00.000Z,MCT2408039,15.163611,74.110833,31.25,320.04375,569.3125,83.43748437500001,13.566249999999998,10.3,9.019999999999998,28.94,11.759999999999998,2.3,29.275404375
2026-09-23T06:40:00.000Z,MCT2408039,15.163611,74.110833,30.125,336.61875,585.75,81.65459125000001,10.691249999999997,10.3,9.019999999999998,28.94,11.759999999999998,2.3,30.177651250000004
2026-09-23T06:49:01.616Z,MCT2408039,15.163611,74.110833,30,365.2560000000001,577.6,80.55802533333335,8.064,10.3,9.019999999999998,28.94,11.759999999999998,2.3,30.166928
2026-09-23T05:50:00.000Z,MCT2408038,15.188889,74.055556,38.5,251.36,661.5,83.782715,9.254999999999999,13.33,17.65,49.705,24.25,4.765000000000001,28.66541
2026-09-23T06:00:00.000Z,MCT2408038,15.188889,74.055556,35.53333333333333,247.3113333333333,657.6666666666666,83.61486666666666,9.134666666666666,13.330000000000005,15.279333333333335,42.80933333333332,20.760666666666673,4.696,28.706168
2026-09-23T06:10:00.000Z,MCT2408038,15.188889,74.055556,45.1875,233.32999999999996,652.9375,83.59531750000002,8.973749999999999,13.330000000000005,21.679375,61.754374999999996,30.553125,4.639375,28.965047499999997
2026-09-23T06:20:00.000Z,MCT2408038,15.188889,74.055556,39.5625,233.32999999999996,641.625,83.21527812499998,8.874999999999998,13.330000000000005,18.040625,50.44812499999999,24.56125,4.585000000000001,29.535486875000004
2026-09-23T06:30:00.000Z,MCT2408038,15.188889,74.055556,33.0625,233.32999999999996,638.4375,81.77904562499998,8.93,13.330000000000005,13.473124999999996,37.463750000000005,17.980625,4.61375,30.289595000000002
2026-09-23T06:40:00.000Z,MCT2408038,15.188889,74.055556,39.125,254.73687499999997,639.5625,80.30084937499998,9.310625,13.330000000000005,18.001875000000005,49.57749999999999,23.699375,4.615625,30.32109875
2026-09-23T06:49:01.721Z,MCT2408038,15.188889,74.055556,33.5,233.32999999999996,630.6428571428571,79.96202428571428,9.384285714285712,13.330000000000004,13.807142857142855,38.41285714285714,18.502857142857145,4.756428571428572,29.984600714285712
2026-09-23T05:50:00.000Z,MCT2408026,15.2467,74.198281,117,125,426.5,82.1424,13.02891,12.5,5.2,16.925,9.16,50.675,29.35718
2026-09-23T06:00:00.000Z,MCT2408026,15.2467,74.198281,117.08333333333333,125,428.2083333333333,81.72182458333333,12.754897500000004,12.5,5.318750000000002,16.805416666666662,8.918333333333333,50.48833333333332,29.440749166666663
2026-09-23T06:10:00.000Z,MCT2408026,15.2467,74.198281,117,125,423.0833333333333,82.32009583333333,12.90354625,12.5,5.790833333333334,18.052916666666665,9.481249999999998,50.381249999999994,29.39874416666667
2026-09-23T06:20:00.000Z,MCT2408026,15.2467,74.198281,117,125,423.5416666666667,82.13444708333334,12.829120416666663,12.5,6.539166666666669,20.391666666666666,10.808749999999998,50.59375,29.66105958333333
2026-09-23T06:30:00.000Z,MCT2408026,15.2467,74.198281,117,125,425.7083333333333,79.94322249999999,12.786188749999996,12.5,8.152916666666664,25.507500000000007,13.700416666666664,50.59375,30.2965225
2026-09-23T06:40:00.000Z,MCT2408026,15.2467,74.198281,117.04,125,425.04,78.20959480000002,12.639533599999998,12.5,9.187999999999999,28.8592,15.390000000000002,50.55839999999999,31.002197199999998
2026-09-23T06:49:01.764Z,MCT2408026,15.2467,74.198281,117.04545454545455,125,429.59090909090907,76.33989454545454,12.812279090909094,12.5,7.260909090909092,22.85954545454545,12.406363636363634,50.689090909090915,31.684038181818185
2026-09-23T11:30:00.000Z,MCT2408028,15.186944,74.096667,43.375,354.02791666666667,455.1666666666667,83.66732,17.80583333333333,14.47916666666667,6.406666666666666,20.63166666666667,11.390416666666665,0.47458333333333336,28.226130416666674
2026-09-23T11:40:00.000Z,MCT2408028,15.186944,74.096667,43.458333333333336,353.9616666666666,467.4583333333333,84.51195750000001,17.908333333333335,14.8775,7.156666666666667,22.621666666666666,12.549999999999999,0.36250000000000004,27.857008749999995
2026-09-23T11:50:00.000Z,MCT2408028,15.186944,74.096667,43.64,360.61120000000005,461.64,85.0415648,18.087999999999997,14.644,7.510000000000002,23.586000000000002,13.1224,0.4144000000000001,27.70444240000001
2026-09-23T12:00:00.000Z,MCT2408028,15.186944,74.096667,43.84,361.4828,464.48,85.0186772,18.278,14.813600000000003,7.870000000000002,24.6996,13.599600000000002,0.5319999999999999,27.5143952
2026-09-23T12:10:00.000Z,MCT2408028,15.186944,74.096667,43.80952380952381,365.7052380952381,463.76190476190476,85.57417000000001,18.255238095238095,14.649523809523808,7.79952380952381,24.904761904761905,13.917142857142856,0.43000000000000005,27.364101904761906
2026-09-23T12:20:00.000Z,MCT2408028,15.186944,74.096667,43.88,371.0532,460.12,85.4028932,18.316799999999997,14.666400000000003,7.590000000000001,24.380800000000008,13.838000000000001,0.5579999999999999,27.33679
2026-09-23T12:20:33.095Z,MCT2408028,15.186944,74.096667,44,356.83,458,85.71295,18.44,14.24,7.99,24.86,13.92,0.87,27.28188
2026-09-23T11:30:00.000Z,MCT2408020,15.543475,74.039433,43.06666666666667,180.07054000000002,620.7333333333333,82.77004133333334,8.371897066666667,17.330639333333338,12.12,36.284,18.71266666666667,3.6599999999999984,29.645687999999996
2026-09-23T11:40:00.000Z,MCT2408020,15.543475,74.039433,39.3125,180,620.5,82.5348325,8.8579385,18.299517499999997,9.50875,28.600624999999997,14.928125000000001,3.6599999999999984,29.73189
2026-09-23T11:50:00.000Z,MCT2408020,15.543475,74.039433,41.25,180,616,82.05036624999997,8.947019937499999,18.2521375,10.899375,32.560624999999995,16.84625,3.6599999999999984,29.814336874999995
2026-09-23T12:00:00.000Z,MCT2408020,15.543475,74.039433,38.9375,180,616.6875,81.65888249999999,9.2270084375,18.812677500000003,9.2775,27.843125000000004,14.637500000000001,3.6599999999999984,29.828414375
2026-09-23T12:10:00.000Z,MCT2408020,15.543475,74.039433,39.5625,180,614.875,81.533474375,9.54848175,18.852483749999998,9.508125,29.182499999999997,15.451250000000002,3.6599999999999984,29.654803750000003
2026-09-23T12:20:00.000Z,MCT2408020,15.543475,74.039433,41.625,180,615.4375,82.18006499999998,8.9691273125,18.508050624999996,10.898124999999999,33.14375,17.369375,3.6599999999999984,29.412819999999996
2026-09-23T12:20:33.103Z,MCT2408020,15.543475,74.039433,40,180,612,82.46283,9.340408,18.27234,9.28,29.82,16.73,3.66,29.33037
2026-09-23T11:30:00.000Z,MCT2408056,15.579167,73.920833,47.6,180,424.53333333333336,78.20308466666667,7.120666666666668,9,15.012666666666664,44.20399999999999,23.932000000000002,1.5733333333333335,31.409605333333335
2026-09-23T11:40:00.000Z,MCT2408056,15.579167,73.920833,48.25,180,421.9375,77.930015625,7.19625,9,15.246874999999996,45.425625000000004,24.893125000000005,1.6581249999999996,31.283678125
2026-09-23T11:50:00.000Z,MCT2408056,15.579167,73.920833,48.6875,180,424.875,78.239005,7.143125000000001,9,15.539374999999996,46.279375,25.420625000000005,1.6793749999999996,31.049734375
2026-09-23T12:00:00.000Z,MCT2408056,15.579167,73.920833,50,180,428.125,78.980010625,7.190625,9,15.891249999999996,47.644375000000004,26.299375000000005,1.6112499999999996,30.807080624999998
2026-09-23T12:10:00.000Z,MCT2408056,15.579167,73.920833,49.1875,180,426.8125,79.947035625,7.0843750000000005,9.074236875,15.421249999999997,46.393125000000005,25.712500000000006,1.5724999999999998,30.645535624999994
2026-09-23T12:20:00.000Z,MCT2408056,15.579167,73.920833,48.5625,180,433.5,80.23123125000001,6.913125,9,15.304374999999997,45.31249999999999,24.775625000000005,1.6325,30.528898750000003
2026-09-23T12:20:33.155Z,MCT2408056,15.579167,73.920833,49,180,429,80.62415,6.74,9,15.95,46.45,25.3,1.56,30.39215
2026-09-23T11:30:00.000Z,MCT2408057,15.272222,74.104722,28.666666666666668,327.4550000000001,423.0416666666667,79.70925416666664,12.228750000000003,9.288333333333332,4.618333333333333,13.403749999999997,7.059166666666666,2.6991666666666667,30.296967916666663
2026-09-23T11:40:00.000Z,MCT2408057,15.272222,74.104722,28.2,302.8092,427.8,81.48016359999998,11.869999999999997,9.538400000000001,5.458399999999999,15.718399999999997,8.1932,2.6696000000000004,29.9708716
2026-09-23T11:50:00.000Z,MCT2408057,15.272222,74.104722,28.44,310.32480000000004,424.4,81.65228200000001,12.080800000000002,9.468399999999999,6.007199999999999,17.1204,8.834800000000003,2.2512,29.93011600000001
2026-09-23T12:00:00.000Z,MCT2408057,15.272222,74.104722,28.32,298.6168,427.24,81.15118359999998,12.0352,9.5056,6.699600000000001,19.088,9.786800000000001,2.4,30.002190799999997
2026-09-23T12:10:00.000Z,MCT2408057,15.272222,74.104722,29,245.74952380952385,435.0952380952381,82.71242000000002,11.970476190476187,9.430476190476192,9.109047619047615,25.55190476190477,12.83380952380952,2.357142857142857,29.58368666666667
2026-09-23T12:20:00.000Z,MCT2408057,15.272222,74.104722,30.458333333333332,241.68583333333336,434.4583333333333,83.81450333333332,11.910000000000002,9.547083333333333,11.89458333333333,33.54916666666667,16.995416666666667,2.232083333333333,29.279424583333334
2026-09-23T11:30:00.000Z,MCT2408055,15.585833,73.885556,72,91.85333333333332,645.6,79.59570333333336,9.139333333333333,2.3786666666666667,12.823333333333334,36.492,19.90533333333333,21.980000000000004,30.386431333333327
2026-09-23T11:40:00.000Z,MCT2408055,15.585833,73.885556,72,92.05437499999998,646.125,79.71386375,9.150000000000002,2.5881250000000002,12.546249999999999,35.60937499999999,19.385624999999997,22.005625000000006,30.367350625
2026-09-23T11:50:00.000Z,MCT2408055,15.585833,73.885556,71.5,90.08375,631.625,80.28034625,9.1625,3.0318750000000003,12.721249999999998,36.34875,20.023749999999993,21.720000000000002,30.252056875
2026-09-23T12:00:00.000Z,MCT2408055,15.585833,73.885556,71.5,89.96375,631.25,80.23552312499999,9.149375,2.6937500000000005,12.6775,36.059374999999996,19.598749999999995,21.690625,30.230608125000003
2026-09-23T12:10:00.000Z,MCT2408055,15.585833,73.885556,71.8125,87.71937500000001,626.875,80.62605187499999,9.23375,2.6187500000000004,12.72125,36.306875000000005,19.811874999999997,21.861250000000002,30.174301874999998
2026-09-23T12:20:00.000Z,MCT2408055,15.585833,73.885556,71.75,88.34125,704.75,81.04805374999998,8.975,3.2562500000000005,12.633750000000001,36.059375,19.64125,21.781875000000003,30.01677625
2026-09-23T12:20:33.176Z,MCT2408055,15.585833,73.885556,71,81.56,706,81.31842,9.38,3.99,12.59,37.5,21.13,21.52,29.97388
2026-09-23T11:30:00.000Z,MCT2408053,15.263333,74.110833,99.73333333333333,192.25150000000002,665.4666666666667,83.97192466666667,16.454,20.006666666666668,4.774000000000001,14.842000000000002,9.023333333333332,31.33133333333334,29.14089266666667
2026-09-23T11:40:00.000Z,MCT2408053,15.263333,74.110833,99.6923076923077,189.24895384615382,618.4615384615385,85.07501615384616,14.233846153846152,19.963076923076922,4.873076923076924,15.930769230769235,10.065384615384618,31.004615384615395,28.88239
2026-09-23T11:50:00.000Z,MCT2408053,15.263333,74.110833,100.8125,152.68088750000004,658.125,87.02234687499998,14.18375,19.579375000000002,4.762500000000001,16.22625,10.503750000000002,32.488125000000004,28.603072500000003
2026-09-23T12:00:00.000Z,MCT2408053,15.263333,74.110833,99.0625,156.5758625,663.3125,88.0399175,12.47875,19.743750000000002,6.084375,20.721875,13.254374999999998,30.583125,28.320869375
2026-09-23T12:10:00.000Z,MCT2408053,15.263333,74.110833,99.1875,132.100925,665.1875,88.49529687500001,10.646875,18.645,7.231875,25.1575,16.638125000000002,30.658749999999998,28.116421250000002
2026-09-23T12:20:00.000Z,MCT2408053,15.263333,74.110833,100.625,130.47508125,656.1875,88.89584,10.618749999999999,17.974375,10.731874999999999,37.615,24.604374999999997,32.201249999999995,27.95889875
2026-09-23T12:20:33.304Z,MCT2408053,15.263333,74.110833,100,110,638,88.92493,14.65,17.18,12.86,43.75,28.2,32.09,27.87176
2026-09-23T11:30:00.000Z,MCT2408052,15.444425,74.063856,18.333333333333332,160,676.6666666666666,81.51932866666668,3.6001871333333337,8,5.1066666666666665,14.688666666666661,7.0853333333333355,2,30.091137333333332
2026-09-23T11:40:00.000Z,MCT2408052,15.444425,74.063856,21.25,160,677.0625,82.37080187499998,3.6078948125,8,7.234374999999998,20.214999999999996,9.493125000000001,2,29.902820624999997
2026-09-23T11:50:00.000Z,MCT2408052,15.444425,74.063856,19.8125,160,678.0625,83.29824812499999,3.5302631875000006,8,6.230624999999999,17.695,8.476875,2,29.694351875000002
2026-09-23T12:00:00.000Z,MCT2408052,15.444425,74.063856,21,160,685.125,84.29292937499999,3.4739034999999996,8,7.003749999999999,19.93625,9.535625,2,29.51739
2026-09-23T12:10:00.000Z,MCT2408052,15.444425,74.063856,19.875,160,689.3125,84.982436875,3.5075000625000006,8,6.251874999999998,17.78125,8.52,2,29.41080875
2026-09-23T12:20:00.000Z,MCT2408052,15.444425,74.063856,19.5625,160,689.3125,85.75014437500002,3.5002193749999995,8,5.918124999999999,16.984375000000004,8.2825,2,29.305565625
2026-09-23T12:20:33.310Z,MCT2408052,15.444425,74.063856,20,160,684,85.81976,3.64,8,6.69,18.97,8.97,2,29.27674
2026-09-23T11:30:00.000Z,MCT2408021,15.500556,74.053333,50.53333333333333,375,468.1333333333333,86.27854400000001,21.979333333333333,15.447377999999999,4.508666666666667,13.796666666666665,8.698666666666668,4.26,28.48237333333333
2026-09-23T11:40:00.000Z,MCT2408021,15.500556,74.053333,50.25,375,462.3125,86.0248025,21.810624999999998,15.361026249999998,5.473125,16.495625000000004,10.299375000000001,4.186875000000001,28.651336250000004
2026-09-23T11:50:00.000Z,MCT2408021,15.500556,74.053333,50.1875,375,461.125,85.66050000000001,21.731250000000003,15.028324374999997,4.939374999999999,14.892499999999998,9.31625,4.2212499999999995,28.77132187499999
2026-09-23T12:00:00.000Z,MCT2408021,15.500556,74.053333,50.13333333333333,375,471.93333333333334,85.74448533333334,21.718000000000004,14.872565333333334,10.729999999999999,30.666666666666668,18.189999999999998,4.245333333333333,28.714032666666665
2026-09-23T12:10:00.000Z,MCT2408021,15.500556,74.053333,50,375,471.5,85.73679374999999,21.58625,14.8726775,6.844374999999999,20.43375,12.409375,4.22,28.67881875
2026-09-23T12:20:00.000Z,MCT2408021,15.500556,74.053333,49.8125,375,470.75,85.93992625,21.376875000000002,14.7830075,6.158749999999999,18.696874999999995,11.5475,4.180624999999999,28.532021875000005
2026-09-23T12:20:33.374Z,MCT2408021,15.500556,74.053333,49,375,470,86.10968,21.05,14.60481,7.14,22.61,14.29,4.24,28.41874
2026-09-23T11:30:00.000Z,MCT2408043,15.221111,74.087222,62.46666666666667,141.37199999999999,654.4,81.589518,14.229333333333333,9.700000000000001,23.80999999999999,72.95666666666666,37.918000000000006,5.290000000000001,29.480521999999997
2026-09-23T11:40:00.000Z,MCT2408043,15.221111,74.087222,59.0625,122.553125,650.0625,81.834358125,14.139375000000001,9.665625,21.291875,66.06312500000001,34.749375,5.290000000000001,29.3457875
2026-09-23T11:50:00.000Z,MCT2408043,15.221111,74.087222,68,110.62124999999999,651.6875,82.89198249999998,14.283749999999998,9.717500000000001,26.833125,83.848125,44.35625,5.290000000000001,29.12056
2026-09-23T12:00:00.000Z,MCT2408043,15.221111,74.087222,81,99.03187499999999,655.8125,83.20145125,14.284374999999997,9.646875000000001,34.35125,109.83812499999999,59.41062499999999,5.290000000000001,28.97108
2026-09-23T12:10:00.000Z,MCT2408043,15.221111,74.087222,101.0625,85.73875,650.75,83.58959812499998,14.317499999999997,9.521875000000001,45.276250000000005,151.924375,85.59187500000002,5.290000000000001,28.832990625
2026-09-23T12:20:00.000Z,MCT2408043,15.221111,74.087222,136.8125,75.42375,660.0625,83.62440749999999,14.182500000000003,9.97,66.09375,206.965625,110.01187499999997,5.290000000000001,28.8618175
2026-09-23T12:20:33.375Z,MCT2408043,15.221111,74.087222,143,75,654,83.59198,14.18,10.16,70.92,220.16,116.58,5.29,28.86919
2026-09-23T11:30:00.000Z,MCT2408051,15.486528,74.033889,51.733333333333334,312.84000000000003,485.53333333333336,93.22281866666667,21.922666666666665,5.1899999999999995,5.889333333333331,18.522000000000002,10.206666666666669,4.39,27.592902666666667
2026-09-23T11:40:00.000Z,MCT2408051,15.486528,74.033889,51.875,314.941875,475.75,93.46584750000001,22.011874999999996,5.1899999999999995,6.49125,20.238749999999996,11.045625000000001,4.39,27.539946875
2026-09-23T11:50:00.000Z,MCT2408051,15.486528,74.033889,51.625,315.78125,472.8125,93.21741437500002,21.855,5.1899999999999995,6.91875,21.636875,11.785000000000004,4.39,27.595583750000003
2026-09-23T12:00:00.000Z,MCT2408051,15.486528,74.033889,51.5625,314.376875,472.6875,92.77157187500002,21.821249999999996,5.1899999999999995,6.414999999999999,20.16,11.007500000000002,4.39,27.634461875000003
2026-09-23T12:10:00.000Z,MCT2408051,15.486528,74.033889,51.9375,315.78125,489.125,93.90453624999999,22.033125,5.1899999999999995,7.1118749999999995,22.295625,12.133749999999996,4.39,27.639153125
2026-09-23T12:20:00.000Z,MCT2408051,15.486528,74.033889,51.8125,312.08,485.625,94.37803562500001,21.959374999999998,5.1899999999999995,7.653749999999998,24.121875000000003,13.107499999999998,4.39,27.545980625
2026-09-23T12:20:33.389Z,MCT2408051,15.486528,74.033889,52,313.26,490,94.44098,22.07,5.19,7.46,22.37,11.82,4.39,27.47493
2026-09-23T11:30:00.000Z,MCT2408034,15.356389,74.123611,35.21739130434783,180,428.7826086956522,68.18657304347826,6.171304347826088,2.8530434782608696,8.676956521739132,28.37826086956522,15.612608695652172,1.1460869565217389,33.831643478260865
2026-09-23T11:40:00.000Z,MCT2408034,15.356389,74.123611,43.32,180,426.84,68.3402104,6.169600000000003,2.6115999999999997,14.546800000000001,44.56440000000001,23.066000000000003,1.1099999999999997,33.780424000000004
2026-09-23T11:50:00.000Z,MCT2408034,15.356389,74.123611,37.08,180,426.44,68.77020279999999,6.286800000000002,2.65,10.1732,32.2988,17.254399999999997,1.2695999999999996,33.6234096
2026-09-23T12:00:00.000Z,MCT2408034,15.356389,74.123611,63.08,180,431.04,69.1940924,7.072000000000003,2.6252000000000004,25.592799999999997,81.9648,44.144000000000005,1.3135999999999997,33.37673439999999
2026-09-23T12:10:00.000Z,MCT2408034,15.356389,74.123611,40.75,180,433.0416666666667,69.18259791666667,6.170416666666668,2.7729166666666667,12.267083333333327,38.56750000000001,20.432916666666664,1.1395833333333332,33.35049583333334
2026-09-23T12:20:00.000Z,MCT2408034,15.356389,74.123611,70.83333333333333,180,427.5416666666667,69.43341374999999,6.177083333333336,3.2620833333333334,30.64583333333334,97.84749999999998,52.663333333333355,1.1099999999999997,33.24502791666665
2026-09-23T12:20:33.514Z,MCT2408034,15.356389,74.123611,56.5,180,436,69.481415,6.15,3.835,22.33,69.865,37.04,1.11,33.2343
2026-09-23T11:30:00.000Z,MCT2408050,15.553611,73.958333,36.666666666666664,86.02999999999999,542.4666666666667,86.55930533333331,11.248666666666669,4.572666666666667,10.463333333333335,31.601333333333333,16.216666666666665,2.292,29.09441866666667
2026-09-23T11:40:00.000Z,MCT2408050,15.553611,73.958333,37.5625,86.02999999999999,556.875,86.59700687499999,11.183125,4.506874999999999,10.97625,33.167500000000004,17.01,2.254375,29.162118749999998
2026-09-23T11:50:00.000Z,MCT2408050,15.553611,73.958333,37.9375,86.02999999999999,558.3125,86.963219375,11.168750000000001,4.469375000000001,11.082500000000001,33.705,17.435,2.2481250000000004,29.154074999999995
2026-09-23T12:00:00.000Z,MCT2408050,15.553611,73.958333,37.75,86.02999999999999,553.4375,86.912674375,11.25,4.440625000000001,10.976875,33.490625,17.32875,2.561875,29.018000625
2026-09-23T12:10:00.000Z,MCT2408050,15.553611,73.958333,38.75,86.02999999999999,549.9375,86.71192500000001,11.254375000000003,4.461875,11.56,35.31625000000001,18.178749999999997,2.7468749999999997,28.76797
2026-09-23T12:20:00.000Z,MCT2408050,15.553611,73.958333,39.13333333333333,86.02999999999999,560.6,87.21136466666665,11.056666666666667,4.434,11.933333333333332,36.29533333333334,18.59666666666667,2.622666666666667,28.546008666666673
2026-09-23T12:20:33.519Z,MCT2408050,15.553611,73.958333,42,86.03,568,87.39905,11.05,4.43,14.42,42.94,22.11,2.62,28.50454
2026-09-23T11:30:00.000Z,MCT2408029,15.333611,74.206944,17.6,120,739.1333333333333,88.14774466666668,3.0573333333333332,9.248666666666669,4.863333333333332,15.142666666666667,8.548666666666666,3.5526666666666666,28.74263266666667
2026-09-23T11:40:00.000Z,MCT2408029,15.333611,74.206944,19.5,120,742.6875,88.45667250000002,3.1474999999999995,9.688749999999999,6.138750000000001,19.039375,10.551874999999999,3.5,28.625863125000006
2026-09-23T11:50:00.000Z,MCT2408029,15.333611,74.206944,18.25,120,743.5,88.756125,4.514375,8.144375,5.255,16.11125,8.8975,3.608125,28.575590000000005
2026-09-23T12:00:00.000Z,MCT2408029,15.333611,74.206944,17.8125,120,747.625,89.05462499999999,4.67875,8.2925,5.036249999999999,15.533750000000001,8.67625,3.608125,28.555482499999997
2026-09-23T12:10:00.000Z,MCT2408029,15.333611,74.206944,19,120,753.0666666666667,89.26367133333333,4.018666666666666,8.969333333333333,5.8806666666666665,18.149333333333335,10.077333333333334,3.5,28.504538
2026-09-23T12:20:00.000Z,MCT2408029,15.333611,74.206944,19.3125,120,755,89.45993874999998,3.1962499999999996,8.630625,5.954375000000001,18.460625,10.256874999999999,3.5,28.395275625000004
2026-09-23T12:20:33.606Z,MCT2408029,15.333611,74.206944,17,120,742,89.68787,10.24,8.56,4.71,14.45,8.24,3.5,28.33294
2026-09-23T11:30:00.000Z,MCT2408030,15.142519,74.075003,30.666666666666668,163,538,80.54022133333335,8.980666666666668,6.200000000000002,9.746000000000002,29.074,16.157333333333334,4.168,28.331505333333336
2026-09-23T11:40:00.000Z,MCT2408030,15.142519,74.075003,29.625,163,539.375,80.544514375,9,6.200000000000002,9.54625,27.25875,14.673125,4.438750000000001,28.181441875
2026-09-23T11:50:00.000Z,MCT2408030,15.142519,74.075003,29.866666666666667,163,546.0666666666667,80.76350933333333,8.894000000000002,6.200000000000002,9.432666666666668,27.613999999999994,15.271999999999998,4.276666666666666,28.02548266666667
2026-09-23T12:00:00.000Z,MCT2408030,15.142519,74.075003,28.9375,163,547.375,80.821555625,8.924375000000001,6.200000000000002,9.4875,26.234999999999992,13.788125,4.601875000000001,27.887844999999995
2026-09-23T12:10:00.000Z,MCT2408030,15.142519,74.075003,36.5,163,547.375,81.049485,8.901875,6.200000000000002,13.881875000000003,40.944374999999994,22.305000000000003,4.529999999999999,27.728306250000003
2026-09-23T12:20:00.000Z,MCT2408030,15.142519,74.075003,31.9375,163,550.9375,81.10098437500001,9.150000000000002,6.200000000000002,10.953750000000001,31.934375000000003,17.277500000000003,4.6518749999999995,27.724954374999996
2026-09-23T12:20:33.604Z,MCT2408030,15.142519,74.075003,36,163,557,81.09717,9.5,6.2,13.12,40.15,22.72,3.71,27.75378
2026-09-23T11:30:00.000Z,MCT2408023,15.499722,74.020833,56,169.39866666666666,478,90.26515666666666,8.456000000000001,23.41,15.462666666666669,48.632,30.353333333333335,4.918666666666667,27.36410266666666
2026-09-23T11:40:00.000Z,MCT2408023,15.499722,74.020833,53.5625,173.804375,478.9375,90.44603749999999,8.867500000000001,21.753125,13.464999999999998,42.97999999999999,27.1875,4.948124999999999,27.430686249999994
2026-09-23T11:50:00.000Z,MCT2408023,15.499722,74.020833,55.625,158.5025,480.4375,90.50230375,8.587499999999999,22.960000000000004,15.049999999999999,47.571875000000006,29.724999999999998,5.125625,27.444762500000003
2026-09-23T12:00:00.000Z,MCT2408023,15.499722,74.020833,65.8125,153.84562500000004,478.3125,90.08984124999999,8.744999999999997,22.053750000000004,22.494999999999997,68.94375,41.96125,5.109374999999999,27.485650000000007
2026-09-23T12:10:00.000Z,MCT2408023,15.499722,74.020833,79.0625,150.51,481.3125,90.79126749999999,7.995000000000001,23.023750000000003,32.873124999999995,97.83375,57.91124999999999,4.550625,27.482299375
2026-09-23T12:20:00.000Z,MCT2408023,15.499722,74.020833,70.5,151.67562500000003,481.8125,90.87137624999998,8.655000000000001,21.850624999999997,26.140000000000004,78.995625,47.397499999999994,4.974374999999999,27.388456875000006
2026-09-23T12:20:33.614Z,MCT2408023,15.499722,74.020833,67,150.51,487,90.95435,8.95,21.69,22.81,70.92,43.5,5.45,27.31405
2026-09-23T11:30:00.000Z,MCT2408040,15.528056,74.020833,18.4,100,427.8666666666667,86.80090399999999,7.547333333333333,4.452666666666667,3.1113333333333335,8.863333333333335,4.097333333333334,3.5,28.85632
2026-09-23T11:40:00.000Z,MCT2408040,15.528056,74.020833,18.625,100,424.1875,86.50688499999998,7.672500000000001,4.501250000000001,3.07,8.463750000000001,3.8162499999999984,3.5,29.003255
2026-09-23T11:50:00.000Z,MCT2408040,15.528056,74.020833,18.4375,100,422.375,86.27180437499999,7.58625,4.5175,3.07,8.42,3.768749999999999,3.5,29.070956250000002
2026-09-23T12:00:00.000Z,MCT2408040,15.528056,74.020833,18.4375,100,425.75,85.93468062500003,7.591875000000001,4.578750000000001,3.4712499999999995,9.869375,4.604375,3.5,29.088384374999997
2026-09-23T12:10:00.000Z,MCT2408040,15.528056,74.020833,18.75,100,430.625,86.23174937499999,7.866875000000001,4.668749999999999,3.10875,8.6825,3.974374999999999,3.5,28.884607499999998
2026-09-23T12:20:00.000Z,MCT2408040,15.528056,74.020833,18.625,100,426.25,86.77963687500002,7.620625000000001,4.669375,3.07,8.441875000000001,3.7681249999999995,3.5,28.713674375000007
2026-09-23T12:20:33.727Z,MCT2408040,15.528056,74.020833,20,100,431,86.8421,8.61,4.75,3.07,8.77,4.1,3.5,28.68686
2026-09-23T11:30:00.000Z,MCT2408027,15.275556,74.1075,37.333333333333336,666.2253333333333,471.4,83.18914866666667,6.579999999999999,13.16466666666667,8.416666666666666,26.680666666666674,14.689333333333336,2.9500000000000006,29.534146666666665
2026-09-23T11:40:00.000Z,MCT2408027,15.275556,74.1075,38.125,666.7043749999999,478.875,84.24238499999998,6.579999999999999,13.271875000000005,9.061249999999998,28.461874999999996,15.623750000000001,2.9500000000000006,29.139328750000004
2026-09-23T11:50:00.000Z,MCT2408027,15.275556,74.1075,39.3125,662.5537500000002,447.8125,85.284275,6.579999999999999,13.448125000000005,10.109375,31.11125,16.675625,2.9500000000000006,28.813554375000002
2026-09-23T12:00:00.000Z,MCT2408027,15.275556,74.1075,39.6875,658.8068750000001,485,86.74721125,6.579999999999999,13.270000000000005,10.601874999999998,32.283125,17.1075,2.9500000000000006,28.493813749999994
2026-09-23T12:10:00.000Z,MCT2408027,15.275556,74.1075,39.6875,665.786875,459.125,87.14632375000001,6.579999999999999,13.238750000000005,10.723749999999999,32.52875,17.2925,2.9500000000000006,28.451584374999996
2026-09-23T12:20:00.000Z,MCT2408027,15.275556,74.1075,40,654.4156250000001,462.8125,87.650340625,6.72,13.685625000000005,10.909374999999997,32.959999999999994,17.355,2.9500000000000006,28.323551875000007
2026-09-23T12:20:33.724Z,MCT2408027,15.275556,74.1075,60,656.78,436,87.85681,6.58,13.18,23.67,72.94,39.53,2.95,28.32221
2026-09-23T11:30:00.000Z,MCT2408044,15.313669,74.140042,25.066666666666666,214.29,421.6,87.61368866666666,10.338,3.4806666666666666,3.024666666666667,8.966666666666667,5.623333333333334,4.883333266666667,28.36296533333333
2026-09-23T11:40:00.000Z,MCT2408044,15.313669,74.140042,25.0625,214.29,422.6875,89.33262312500003,10.474375,3.7818750000000003,3.159375,9.3125,5.780000000000001,4.36266025,27.974985
2026-09-23T11:50:00.000Z,MCT2408044,15.313669,74.140042,25.125,214.29,424.0625,90.05789062500001,10.48125,3.555625,3.1599999999999997,9.40625,5.8475,4.1969549375,27.654571875000002
2026-09-23T12:00:00.000Z,MCT2408044,15.313669,74.140042,25.533333333333335,214.29,426.3333333333333,91.19543466666667,10.684000000000001,3.3779999999999997,3.2166666666666663,9.6,6.020666666666667,4.061025533333333,27.406288000000007
2026-09-23T12:10:00.000Z,MCT2408044,15.313669,74.140042,25.625,214.29,429.9375,91.696305,10.702499999999999,3.485,3.30375,9.75,6.0175,3.9255608124999997,27.194731875
2026-09-23T12:20:00.000Z,MCT2408044,15.313669,74.140042,25.75,214.29,423.4375,92.02770687499999,10.82,3.7868749999999998,3.5918750000000004,10.875,6.79375,4.033333249999999,27.060669374999996
2026-09-23T12:20:33.818Z,MCT2408044,15.313669,74.140042,26,214.29,426,92.10638,10.76,3.55,2.87,10,7.03,3.584615,26.97085
2026-09-23T11:30:00.000Z,MCT2408049,15.475278,74.055833,57,150,436.6666666666667,82.85192866666667,24.350666666666665,16.964000000000002,9.046000000000001,25.53533333333333,12.633999999999997,2.61,29.57776266666666
2026-09-23T11:40:00.000Z,MCT2408049,15.475278,74.055833,56.4375,150,439.75,82.76276,24.025,16.0475,17.34625,50.36812499999999,25.558749999999996,2.61,29.499291875
2026-09-23T11:50:00.000Z,MCT2408049,15.475278,74.055833,56.625,150,444.1875,83.21861625000001,24.11625,15.717500000000001,13.225,38.59062499999999,19.51625,2.61,29.542861249999998
2026-09-23T12:00:00.000Z,MCT2408049,15.475278,74.055833,56.625,150.38414375,437.3125,82.48714875000002,24.141249999999996,15.55875,9.919374999999999,28.535624999999996,14.28875,2.61,29.639386875000003
2026-09-23T12:10:00.000Z,MCT2408049,15.475278,74.055833,56.69230769230769,150,438.6923076923077,82.04028000000001,24.193846153846152,14.919230769230769,10.439230769230768,29.698461538461537,14.576153846153847,2.61,29.666971538461535
2026-09-23T12:20:00.000Z,MCT2408049,15.475278,74.055833,56.4375,151.3229625,441.875,82.37270749999999,24.03125,15.633125,11.691875,34.041875000000005,17.02375,2.61,29.558278125000005
2026-09-23T12:20:33.816Z,MCT2408049,15.475278,74.055833,56,150,447,82.76038,23.81,13.67,11.5,32.94,16.11,2.61,29.49125
2026-09-23T11:30:00.000Z,MCT2408046,15.529167,74.07,36.083333333333336,95.52,624.625,83.16250833333336,13.710000000000003,0.32083333333333325,11.301249999999998,34.116249999999994,17.013333333333332,3.22875,29.570791250000003
2026-09-23T11:40:00.000Z,MCT2408046,15.529167,74.07,35.958333333333336,95.52,612.0833333333334,82.61764166666667,13.612083333333333,0.34541666666666654,11.249166666666662,33.931666666666665,16.811666666666664,3.157083333333334,29.79556875000001
2026-09-23T11:50:00.000Z,MCT2408046,15.529167,74.07,38.28,95.52,626.56,81.94250600000004,13.529200000000001,0.3788,12.896399999999995,38.88319999999999,19.14,3.4992,29.8777756
2026-09-23T12:00:00.000Z,MCT2408046,15.529167,74.07,37.2,95.52,605.32,81.89734000000003,13.5584,0.43399999999999994,12.110799999999994,36.43799999999998,18.0024,3.3227999999999995,29.905661600000013
2026-09-23T12:10:00.000Z,MCT2408046,15.529167,74.07,36.583333333333336,95.52,631.3333333333334,81.81909958333331,13.395833333333336,0.4300000000000001,11.773749999999998,35.22625,17.36583333333333,3.6625,29.81969958333333
2026-09-23T12:20:00.000Z,MCT2408046,15.529167,74.07,35.12,95.52,627.56,82.07769879999998,13.412,0.4383999999999999,10.75,31.86480000000001,15.7508,3.6208,29.638823999999996
2026-09-23T12:20:33.825Z,MCT2408046,15.529167,74.07,34,95.52,631,82.28735,13.39,0.5,10.12,30,14.52,3.62,29.56632
2026-09-23T11:30:00.000Z,MCT2408042,15.213889,74.071667,58.86666666666667,127.49933333333335,431.2,82.463338,25.045999999999996,16.214,13.589333333333334,40.248,20.65133333333333,3.7406666666666673,29.680007333333332
2026-09-23T11:40:00.000Z,MCT2408042,15.213889,74.071667,59.5,123.455,430.5,82.85717437499999,25.753125,15.615625000000001,15.413125000000003,46.51125,24.258125,3.9150000000000005,29.451698125
2026-09-23T11:50:00.000Z,MCT2408042,15.213889,74.071667,65.125,109.27375,433.6875,83.59817874999999,25.030624999999997,16.180625000000003,28.721874999999997,88.86312499999998,47.775625000000005,3.939375,29.142680625
2026-09-23T12:00:00.000Z,MCT2408042,15.213889,74.071667,68,105.47312500000001,434.6875,84.37589999999999,24.679999999999996,16.193125,29.404375,94.846875,52.673125,3.6437499999999994,28.877235
2026-09-23T12:10:00.000Z,MCT2408042,15.213889,74.071667,68.6875,112.44125000000001,433.125,84.74115874999998,24.436874999999993,16.22125,29.176875,95.30437500000001,53.29937499999999,3.3206249999999997,28.769310000000004
2026-09-23T12:20:00.000Z,MCT2408042,15.213889,74.071667,58.9375,119.53437500000001,436.0625,84.94524499999999,25.110625,15.913125,22.5225,70.7375,38.494375000000005,3.2693749999999997,28.695575625000004
2026-09-23T12:20:33.931Z,MCT2408042,15.213889,74.071667,59,99.98,436,84.95001,24.84,15.7,22.75,72.05,39.18,3.35,28.62251
2026-09-23T11:30:00.000Z,MCT2408037,15.394444,74.118333,43,160,424.6666666666667,83.89257866666667,10.256666666666668,14.436000000000005,14.123999999999999,48.627333333333326,24.134,3.194666666666667,29.347530000000003
2026-09-23T11:40:00.000Z,MCT2408037,15.394444,74.118333,43.375,160,433.75,84.10314875000002,10.279374999999998,14.361875000000001,14.031249999999998,48.75625000000001,24.359375000000007,3.335625,29.091066249999997
2026-09-23T11:50:00.000Z,MCT2408037,15.394444,74.118333,46.75,160,432,84.47556,10.214375,14.43875,16.353125000000002,55.400000000000006,27.121875000000003,3.395,28.796795624999998
2026-09-23T12:00:00.000Z,MCT2408037,15.394444,74.118333,44.625,160,433.75,84.65818875000002,10.161875,14.398125000000004,15.191875,51.31187500000001,25.060000000000002,3.245625,28.686193125
2026-09-23T12:10:00.000Z,MCT2408037,15.394444,74.118333,40.93333333333333,160,434.3333333333333,84.82590666666664,10.392666666666665,14.357333333333337,12.735333333333331,43.72066666666667,21.537333333333336,3.1399999999999992,28.581757333333332
2026-09-23T12:20:00.000Z,MCT2408037,15.394444,74.118333,40.125,160,436.3125,85.09115500000001,10.342500000000001,14.417500000000004,12.358124999999998,42.21437500000001,20.798125000000002,2.9375,28.490459999999995
2026-09-23T12:20:33.933Z,MCT2408037,15.394444,74.118333,34,160,428,85.15601,10.98,14.28,8.92,30.26,14.99,3.4,28.45091
2026-09-23T11:30:00.000Z,MCT2408033,15.346944,74.007778,19.266666666666666,110,616.8666666666667,80.61702466666665,8.091333333333333,4.215333333333333,6.059333333333334,15.452000000000002,9.410666666666664,4.39,29.680722000000003
2026-09-23T11:40:00.000Z,MCT2408033,15.346944,74.007778,19.3125,110,625.5,81.753294375,7.751250000000001,3.9549999999999996,6.365000000000001,16.1525,9.66875,4.39,29.458401875
2026-09-23T11:50:00.000Z,MCT2408033,15.346944,74.007778,20.5,110,617.625,82.535785625,7.532499999999998,3.7143749999999995,7.460624999999999,18.7175,11.103125000000002,4.39,29.282105
2026-09-23T12:00:00.000Z,MCT2408033,15.346944,74.007778,19.5625,110,612.75,83.212895625,7.534999999999998,3.768125,6.89375,17.371250000000003,10.36875,4.39,29.1694925
2026-09-23T12:10:00.000Z,MCT2408033,15.346944,74.007778,19.5625,110,618.875,83.73026187499998,7.458124999999998,3.3175,6.591875,16.890625,10.220625,4.39,28.958343125
2026-09-23T12:20:00.000Z,MCT2408033,15.346944,74.007778,20,110,628,84.10076562500001,7.476875,3.51625,6.969999999999999,17.82125,10.736250000000002,4.39,28.792102500000002
2026-09-23T12:20:34.033Z,MCT2408033,15.346944,74.007778,20,110,629,84.35492,6.58,2.63,7.27,18.46,11.18,4.39,28.71904
2026-09-23T11:30:00.000Z,MCT2408041,15.224628,74.171389,33.666666666666664,405.6477466666667,459.2,83.11539799999998,13.647333333333334,9.7,12.291999999999998,38.016,20.166,8.419333333333334,29.20381133333333
2026-09-23T11:40:00.000Z,MCT2408041,15.224628,74.171389,34.125,317.2203125,462.5625,84.03353,13.7425,9.7,12.686249999999998,38.98125,20.625000000000004,8.336250000000001,28.99521125
2026-09-23T11:50:00.000Z,MCT2408041,15.224628,74.171389,34.9375,248.85346249999998,463.3125,84.93046187499999,13.678749999999999,9.7,13.09125,40.095,21.2325,8.226875,28.848410624999996
2026-09-23T12:00:00.000Z,MCT2408041,15.224628,74.171389,34.5,226.527575,468.0625,86.03386312500001,13.617500000000001,9.7,12.684999999999997,38.626875,20.372500000000002,7.972499999999999,28.759926250000003
2026-09-23T12:10:00.000Z,MCT2408041,15.224628,74.171389,32.6875,345.25604375,472.1875,86.538834375,13.758125000000001,9.7,10.40875,31.589999999999996,16.529374999999998,8.053125,28.68284125
2026-09-23T12:20:00.000Z,MCT2408041,15.224628,74.171389,32.6875,330.2352499999999,471.1875,86.282295,13.816875000000003,9.7,8.641250000000001,26.730000000000004,14.3575,8.184999999999999,28.554810625
2026-09-23T12:20:34.025Z,MCT2408041,15.224628,74.171389,33,254.2252,468,85.92657,14.12,9.7,8.09,22.68,11.32,8.25,28.48309
2026-09-23T11:30:00.000Z,MCT2408045,15.619444,73.878889,29.8,178.11999999999995,452.93333333333334,77.35012,10.856666666666666,14.863333333333337,8.591333333333333,28.937999999999995,14.928666666666667,2.5300000000000002,31.146486666666668
2026-09-23T11:40:00.000Z,MCT2408045,15.619444,73.878889,29.875,178.11999999999995,450.375,77.94718125000001,10.628124999999999,15.271250000000002,8.494375,29.089999999999996,15.231875000000002,2.5300000000000002,31.021580624999995
2026-09-23T11:50:00.000Z,MCT2408045,15.619444,73.878889,30.75,178.11999999999995,453.6875,78.49125375,10.711875,15.125625000000001,8.965625000000001,30.016250000000007,15.303750000000004,2.5300000000000002,30.890869374999998
2026-09-23T12:00:00.000Z,MCT2408045,15.619444,73.878889,31.0625,178.11999999999995,459.3125,79.04629125000001,10.436874999999999,14.6675,9.028750000000002,30.336875,15.585000000000003,2.5300000000000002,30.7346875
2026-09-23T12:10:00.000Z,MCT2408045,15.619444,73.878889,32.5625,178.11999999999995,452.5,79.48164249999999,10.27875,15.164374999999998,9.84625,33.186875,16.998125,2.5300000000000002,30.551689375
2026-09-23T12:20:00.000Z,MCT2408045,15.619444,73.878889,32.5,178.11999999999995,458.8125,79.75773375,10.673749999999998,15.104999999999997,9.846874999999999,33.08,16.891875000000002,2.5300000000000002,30.390811875000004
2026-09-23T12:20:34.053Z,MCT2408045,15.619444,73.878889,32,178.12,460,79.86121,10.9,15.66,9.56,32.51,16.96,2.53,30.30635
2026-09-23T11:30:00.000Z,MCT2408032,15.525556,73.828611,54.833333333333336,179.0058333333333,559.6666666666666,76.47025874999997,13.856666666666671,15.0075,15.899166666666671,49.78083333333331,26.721249999999998,2.959166666666667,31.302447916666654
2026-09-23T11:40:00.000Z,MCT2408032,15.525556,73.828611,57.08,178.92999999999995,567.28,76.9687512,14.334000000000009,15.033600000000002,17.201199999999993,53.5344,28.65319999999999,2.9863999999999997,31.099151600000006
2026-09-23T11:50:00.000Z,MCT2408032,15.525556,73.828611,57.48,178.92999999999995,574.32,77.66607639999998,13.153200000000004,14.9856,17.088399999999993,53.99,29.444399999999995,2.8952,31.02750520000001
2026-09-23T12:00:00.000Z,MCT2408032,15.525556,73.828611,58.291666666666664,178.92999999999995,570.625,77.90076875000001,14.02041666666667,14.802083333333336,17.206666666666656,55.70625000000002,30.849166666666665,3.0825,31.02493000000001
2026-09-23T12:10:00.000Z,MCT2408032,15.525556,73.828611,59.64,178.92999999999995,557.04,78.79522680000001,13.817600000000004,14.734000000000004,18.5112,58.2008,31.3708,3.0192,30.838316400000004
2026-09-23T12:20:00.000Z,MCT2408032,15.525556,73.828611,75.78260869565217,178.92999999999992,571.5652173913044,79.84860130434781,13.402173913043478,14.285217391304348,27.055217391304353,90.5313043478261,51.516956521739125,2.9173913043478263,30.57028304347825
2026-09-23T12:20:34.138Z,MCT2408032,15.525556,73.828611,76,178.93,571,80.40289,13.11,14.17,27.05,91.03,52.38,2.55,30.42433
2026-09-23T11:30:00.000Z,MCT2408022,15.475833,74.038889,43.733333333333334,150,432.73333333333335,85.96268733333334,4.313999999999999,11.732664,12.333333333333334,37.13333333333333,19.533333333333335,4.251917533333333,28.330079333333337
2026-09-23T11:40:00.000Z,MCT2408022,15.475833,74.038889,43.8125,150,434.6875,85.88938249999998,4.4625,11.59431375,12.1875,36.875,19.3125,4.267902187500001,28.390584374999992
2026-09-23T11:50:00.000Z,MCT2408022,15.475833,74.038889,43.125,150,431.3125,85.79163125000001,4.431875,11.724335000000002,11.875,35.8125,18.75,4.2636249374999995,28.456276250000002
2026-09-23T12:00:00.000Z,MCT2408022,15.475833,74.038889,44,150,428.1875,85.31622375,4.467500000000001,11.83515375,12.5,37.4375,19.375,4.292339937499999,28.56687687500001
2026-09-23T12:10:00.000Z,MCT2408022,15.475833,74.038889,44.9375,150,431.625,85.22991562499999,4.093125,11.929655625,13.0625,39.375,20.5625,4.351844,28.521966249999995
2026-09-23T12:20:00.000Z,MCT2408022,15.475833,74.038889,45.333333333333336,150,432.6666666666667,85.50644866666669,3.908666666666667,11.880453999999999,13.4,40.333333333333336,20.933333333333334,4.281248933333334,28.476652
2026-09-23T12:20:34.137Z,MCT2408022,15.475833,74.038889,48,150,435,85.79688,3.52,12.03112,15,45,23,4.31121,28.45091
2026-09-23T11:30:00.000Z,MCT2408031,15.290833,74.149167,20.133333333333333,154.57714,540.1333333333333,83.23797599999999,7.225928933333333,17.484693333333333,6.444000000000001,16.725333333333328,9.048666666666666,5.736000000000001,29.110146
2026-09-23T11:40:00.000Z,MCT2408031,15.290833,74.149167,22.25,154.40249375,543.625,83.942930625,7.321183562500001,16.643943750000002,7.9775,20.463124999999998,10.9225,5.903125,28.616479375
2026-09-23T11:50:00.000Z,MCT2408031,15.290833,74.149167,24.4375,142.29251875,545.4375,84.50369125,7.1869720625,14.903845749999999,9.643125,25.0275,13.54125,5.3725,28.410022499999993
2026-09-23T12:00:00.000Z,MCT2408031,15.290833,74.149167,20.9375,149.80294999999998,541.1875,85.547488125,7.101060937499999,15.590914999999997,7.083125000000001,18.209374999999998,9.673124999999999,5.336875000000001,28.037995624999997
2026-09-23T12:10:00.000Z,MCT2408031,15.290833,74.149167,22,143.41849333333332,546.6,85.47847600000001,7.003659733333334,12.958285399999996,7.714666666666665,20.057999999999996,10.857999999999999,4.903333333333333,28.011182
2026-09-23T12:20:00.000Z,MCT2408031,15.290833,74.149167,23.0625,147.40591875,546.75,85.92609812499998,7.0943306875,14.02213675,8.542499999999999,22.282500000000006,12.171875000000002,4.800625000000001,27.839581875000004
2026-09-23T12:20:34.242Z,MCT2408031,15.290833,74.149167,23,140,558,86.73529,7.151605,14.83926,8.57,22.61,12.38,4.08,27.5929
2026-09-23T11:30:00.000Z,MCT2408036,15.171567,74.067106,39.93333333333333,120,673.7333333333333,85.35843933333334,10.484666666666666,6.392666666666667,5.017333333333335,14.522666666666668,7.668000000000001,12.357333333333335,28.11485733333334
2026-09-23T11:40:00.000Z,MCT2408036,15.171567,74.067106,39.4375,120,674.0625,86.110156875,10.53375,6.934999999999999,5.032500000000001,14.626874999999998,7.758125,12.093749999999998,27.855668125
2026-09-23T11:50:00.000Z,MCT2408036,15.171567,74.067106,39.3125,120,683.75,85.855048125,10.801875,7.070625,4.8356249999999985,14.183124999999999,7.599375,12.039374999999998,27.804724375000003
2026-09-23T12:00:00.000Z,MCT2408036,15.171567,74.067106,39.875,120,682.0625,88.05946875000001,10.073749999999999,6.51,4.671875,13.675624999999998,7.315,12.329999999999997,27.216855624999997
2026-09-23T12:10:00.000Z,MCT2408036,15.171567,74.067106,39.266666666666666,120,677.4,88.27693666666667,10.110666666666667,6.622000000000001,4.490666666666667,13.303999999999998,7.294666666666668,11.955333333333332,27.214664000000003
2026-09-23T12:20:00.000Z,MCT2408036,15.171567,74.067106,38.6875,120,688.1875,88.560146875,10.408125000000002,6.595625,4.210000000000001,12.535625,6.871875,11.5925,27.173285
2026-09-23T12:20:34.239Z,MCT2408036,15.171567,74.067106,40,120,693,88.23828,8.54,6.88,3.68,11.65,6.59,12.19,27.28188
2026-09-23T11:30:00.000Z,MCT2408035,15.236111,74.125,45.266666666666666,190,792.3333333333334,81.86163333333333,20.430926666666664,6.878000000000001,4.483999999999999,14.088,7.722666666666667,3.8299999999999987,29.421176
2026-09-23T11:40:00.000Z,MCT2408035,15.236111,74.125,45.3125,190,809.625,83.01691375,20.541526250000004,7.054375,5.89,19.057499999999997,10.612499999999999,3.8299999999999987,29.127933125000002
2026-09-23T11:50:00.000Z,MCT2408035,15.236111,74.125,44.25,190,812.1875,83.621068125,19.638786875,6.52125,6.1274999999999995,19.811875,11.036875,3.8299999999999987,28.916782499999997
2026-09-23T12:00:00.000Z,MCT2408035,15.236111,74.125,43.25,190,812.25,84.64912687500001,18.911596250000002,6.015624999999999,5.272499999999999,16.863124999999997,9.291250000000002,3.8299999999999987,28.641951875
2026-09-23T12:10:00.000Z,MCT2408035,15.236111,74.125,43.0625,190,815.5625,85.343403125,18.67908125,5.720625,6.1274999999999995,19.764374999999998,10.99125,3.8299999999999987,28.4509125
2026-09-23T12:20:00.000Z,MCT2408035,15.236111,74.125,43.25,190,810.625,85.13740875000002,18.941241875000003,5.96,6.697499999999999,21.768124999999998,12.265000000000002,3.8299999999999987,28.401979375000007
2026-09-23T12:20:34.267Z,MCT2408035,15.236111,74.125,35,190,807,85.20178,11.63505,4.69,6.84,22.26,12.45,3.83,28.36511
2026-09-23T11:30:00.000Z,MCT2408038,15.188889,74.055556,33.733333333333334,246.3853333333333,644.2666666666667,78.789022,9.330666666666666,13.330000000000005,12.803333333333335,36.647333333333336,18.076666666666668,4.754,30.069686
2026-09-23T11:40:00.000Z,MCT2408038,15.188889,74.055556,26.375,285.64437499999997,629.375,79.37817,9.239374999999997,13.330000000000005,7.85625,22.055000000000003,10.61,4.76625,29.678936874999998
2026-09-23T11:50:00.000Z,MCT2408038,15.188889,74.055556,33.875,233.32999999999996,626.25,80.48204875,9.153124999999998,13.330000000000005,13.240000000000002,37.153124999999996,17.946875000000002,4.685625,29.383994374999997
2026-09-23T12:00:00.000Z,MCT2408038,15.188889,74.055556,36.1875,233.77249999999998,621,80.83681625,9.018125000000001,13.330000000000005,14.67375,41.75,20.56375,4.71,29.239875
2026-09-23T12:10:00.000Z,MCT2408038,15.188889,74.055556,43.375,233.32999999999996,612.6875,81.4032975,9.011875,13.330000000000005,19.781875,55.541875,27.040000000000003,4.659375,29.172843125000004
2026-09-23T12:20:00.000Z,MCT2408038,15.188889,74.055556,42.666666666666664,233.57666666666665,607.5333333333333,81.92673799999999,8.92,13.330000000000005,19.077333333333335,53.477999999999994,26.014666666666667,4.570666666666667,29.154476666666664
2026-09-23T12:20:34.349Z,MCT2408038,15.188889,74.055556,38,233.33,608,82.10425,9.47,13.33,16.11,44.73,21.49,4.57,29.11587
2026-09-23T11:30:00.000Z,MCT2408039,15.163611,74.110833,33.333333333333336,131.23666666666665,582.4666666666667,80.17808066666665,9.467333333333332,10.3,10.898000000000001,35.279333333333334,14.50333333333333,2.3,29.113722
2026-09-23T11:40:00.000Z,MCT2408039,15.163611,74.110833,32.625,109.783125,582.0625,80.84825812500002,9.879999999999999,10.3,10.428125000000003,34.17250000000001,14.369999999999997,2.3,28.89399375
2026-09-23T11:50:00.000Z,MCT2408039,15.163611,74.110833,31.625,257.80812499999996,577.9375,81.69369124999999,11.413124999999999,10.3,9.724375,31.718125000000004,13.177499999999998,2.3,28.670105000000003
2026-09-23T12:00:00.000Z,MCT2408039,15.163611,74.110833,30.6875,269.09562500000004,584.8125,82.204860625,11.658124999999997,10.3,9.125624999999998,29.3925,12.016874999999999,2.3,28.485098749999995
2026-09-23T12:10:00.000Z,MCT2408039,15.163611,74.110833,29.8125,246.96187500000002,582.3125,82.58537687500002,11.334375,10.3,9.054999999999998,29.069375,11.86,2.3,28.332267500000004
2026-09-23T12:20:00.000Z,MCT2408039,15.163611,74.110833,31.1875,207.998125,584.375,82.82188874999999,12.626249999999999,10.3,9.336875000000001,30.425,12.704374999999999,2.3,28.23372625
2026-09-23T12:20:34.351Z,MCT2408039,15.163611,74.110833,31,254.91,588,82.92822,13.47,10.3,9.02,28.94,11.76,2.3,28.15061
2026-09-23T11:30:00.000Z,MCT2408024,15.148056,74.131667,42,198.63318260869568,593.8260869565217,75.4000008695652,17.86895260869565,5,6.170434782608695,19.94652173913044,10.946521739130437,4.478260869565218,30.331534347826086
2026-09-23T11:40:00.000Z,MCT2408024,15.148056,74.131667,41.88,201.04548,643.16,75.14654560000001,17.7341952,5.42222208,7.1508,22.510000000000005,12.350000000000005,4.2824,30.097858000000002
2026-09-23T11:50:00.000Z,MCT2408024,15.148056,74.131667,41.833333333333336,202.46220000000002,575.2083333333334,76.05286624999998,17.631080416666666,5,7.324166666666667,22.90666666666667,12.573333333333338,4.4004166666666675,29.752222083333326
2026-09-23T12:00:00.000Z,MCT2408024,15.148056,74.131667,42.04,201.561644,669.56,76.8161632,17.7943772,5,7.390400000000002,23.230000000000004,12.830000000000005,4.323600000000001,29.414454
2026-09-23T12:10:00.000Z,MCT2408024,15.148056,74.131667,42.285714285714285,201.07815714285715,645.7142857142857,77.33151714285714,17.897850000000002,5,7.277142857142858,22.56142857142857,12.275714285714285,4.292857142857144,29.20779571428572
2026-09-23T11:30:00.000Z,MCT2408026,15.2467,74.198281,117,125,429.95652173913044,81.49555347826089,12.91779086956522,12.5,23.25913043478261,71.0191304347826,36.727391304347826,50.3913043478261,29.911390434782607
2026-09-23T11:40:00.000Z,MCT2408026,15.2467,74.198281,117,125,429.3333333333333,82.60397291666668,12.945602083333334,12.5,13.074583333333337,40.77958333333332,21.416250000000005,50.39374999999999,29.447452916666666
2026-09-23T11:50:00.000Z,MCT2408026,15.2467,74.198281,117,125,425.625,83.15837583333331,12.699921250000004,12.5,27.01708333333333,83.33375,43.51500000000001,50.42499999999999,29.312940416666663
2026-09-23T12:00:00.000Z,MCT2408026,15.2467,74.198281,117,125,432.84,83.03228880000002,12.9431524,12.5,38.6764,118.37559999999999,61.563599999999994,50.504000000000005,29.368980800000003
2026-09-23T12:10:00.000Z,MCT2408026,15.2467,74.198281,117,125,439.375,83.26010166666667,12.849107083333331,12.5,34.38125,103.72333333333334,53.07791666666666,50.475,29.413043750000003
2026-09-23T12:20:00.000Z,MCT2408026,15.2467,74.198281,117,125,438.625,83.82753791666666,12.80644375,12.5,21.816250000000007,66.73041666666664,34.63666666666666,50.4125,29.31115375
2026-09-23T12:20:34.459Z,MCT2408026,15.2467,74.198281,117,125,445,83.820865,12.516955,12.5,18.43,56.095,28.93,50.375,29.308915
2026-09-23T16:40:00.000Z,MCT2408028,15.186944,74.096667,44.541666666666664,338.6045833333333,513.5,89.50698666666663,18.91916666666666,13.200000000000001,12.858750000000002,40.063333333333325,21.665000000000003,1.3312499999999998,26.33181166666667
2026-09-23T16:50:00.000Z,MCT2408028,15.186944,74.096667,44.32,336.6423999999999,509.6,89.12756360000002,18.710799999999995,13.350000000000001,12.8632,41.08519999999999,22.587999999999997,1.2704,26.382254
2026-09-23T17:00:00.000Z,MCT2408028,15.186944,74.096667,44.416666666666664,334.63583333333344,505.7916666666667,89.26443374999998,18.814166666666665,13.237499999999999,12.444583333333332,39.56583333333332,21.830416666666668,0.8441666666666666,26.304998333333334
2026-09-23T17:10:00.000Z,MCT2408028,15.186944,74.096667,44.48,338.31,501.24,89.3567504,18.857200000000002,13.310800000000002,12.345600000000001,39.21599999999999,21.5548,1.004,26.275863199999993
2026-09-23T17:20:00.000Z,MCT2408028,15.186944,74.096667,44.32,337.1388000000001,509.88,89.4367064,18.706799999999998,13.242000000000003,12.266400000000003,38.97719999999999,21.393999999999995,0.9915999999999999,26.2702864
2026-09-23T17:30:00.000Z,MCT2408028,15.186944,74.096667,44.52,336.13879999999995,512.72,89.37109360000001,18.8788,12.99,13.7416,44.068400000000004,24.378,1.0443999999999998,26.359517199999996
2026-09-23T17:30:31.112Z,MCT2408028,15.186944,74.096667,45,334.29,509,89.14618,19.33,13.35,11.99,38.78,21.87,0.77,26.42387
2026-09-23T16:40:00.000Z,MCT2408020,15.543475,74.039433,54.93333333333333,180,658.6666666666666,88.23217733333334,8.854071466666666,18.78802333333333,19.852666666666664,58.90133333333333,29.988000000000003,3.6599999999999984,27.637947333333337
2026-09-23T16:50:00.000Z,MCT2408020,15.543475,74.039433,53,180,655.1875,88.356535625,8.860669125000001,18.691330625,18.610625000000002,55.220625,28.170624999999998,3.6599999999999984,27.602956874999997
2026-09-23T17:00:00.000Z,MCT2408020,15.543475,74.039433,48.8125,180,655.4375,88.41614312499999,8.962495062500002,18.634445624999998,15.886250000000002,46.77375,23.986875,3.6599999999999984,27.566091874999994
2026-09-23T17:10:00.000Z,MCT2408020,15.543475,74.039433,46.125,180,659.8125,88.46191937500001,9.016724187500001,18.889761874999998,13.969375,41.2975,20.797499999999996,3.6599999999999984,27.546651250000007
2026-09-23T17:20:00.000Z,MCT2408020,15.543475,74.039433,43.5,180,659.0625,88.61641312500001,8.875624562500002,18.594640625,11.827499999999999,35.88125000000001,18.706249999999997,3.6599999999999984,27.541288125
2026-09-23T17:30:00.000Z,MCT2408020,15.543475,74.039433,41,180,650.625,88.60735375000002,8.832449187500002,18.9194675,10.261875,31.220625,16.4975,3.6599999999999984,27.504422499999993
2026-09-23T17:30:31.113Z,MCT2408020,15.543475,74.039433,41,180,654,88.56635,8.401998,19.30371,10.2,31.69,16.73,3.66,27.48565
2026-09-23T16:40:00.000Z,MCT2408056,15.579167,73.920833,59.2,180,489.6,88.20216733333332,6.607333333333333,9.4485124,22.708000000000002,66.362,35.98866666666667,1.5599999999999998,28.119147333333334
2026-09-23T16:50:00.000Z,MCT2408056,15.579167,73.920833,60.125,180,493.4375,88.23303500000002,6.815625,9.4573059375,23.224999999999994,67.96687499999999,36.72625,1.5599999999999998,28.102344375
2026-09-23T17:00:00.000Z,MCT2408056,15.579167,73.920833,58.375,180,485.6875,88.204901875,6.84625,9.061766437500001,21.992499999999996,64.54875,35.0275,1.5599999999999998,28.037325624999994
2026-09-23T17:10:00.000Z,MCT2408056,15.579167,73.920833,55.5,180,477.75,88.003676875,6.699999999999999,9,19.88375,58.85874999999999,32.042500000000004,1.5599999999999998,28.017215000000004
2026-09-23T17:20:00.000Z,MCT2408056,15.579167,73.920833,60.8125,180,479.8125,88.221116875,6.655625000000001,9.136003312500002,23.342499999999994,69.55749999999999,38.015,1.5599999999999998,27.909965
2026-09-23T17:30:00.000Z,MCT2408056,15.579167,73.920833,57.0625,180,477.125,88.238756875,6.8012500000000005,9.321302625000001,20.703124999999996,61.93124999999999,34.091875,1.561875,27.887175625000005
2026-09-23T17:30:31.125Z,MCT2408056,15.579167,73.920833,56,180,490,88.21539,6.89,9,19.71,59.2,32.8,1.56,27.88248
2026-09-23T16:40:00.000Z,MCT2408055,15.585833,73.885556,71.66666666666667,46.35799999999999,724.4666666666667,87.46466200000002,9.552,5.75,17.48,49.07866666666667,26.491999999999994,21.773333333333326,27.850307333333333
2026-09-23T16:50:00.000Z,MCT2408055,15.585833,73.885556,71.6875,47.173125000000006,731.6875,87.75286125,9.41875,5.9,16.78,47.244375,25.644999999999996,21.748125,27.749086249999998
2026-09-23T17:00:00.000Z,MCT2408055,15.585833,73.885556,71.6875,46.13125000000001,731.6875,88.06948062499998,9.563749999999999,5.879999999999999,18.529999999999998,52.056875,28.033125,21.7075,27.706855000000004
2026-09-23T17:10:00.000Z,MCT2408055,15.585833,73.885556,71.5625,45.830000000000005,735.4375,88.389439375,9.401874999999999,5.525,17.348750000000003,48.849375,26.454375,21.639375,27.633121250000002
2026-09-23T17:20:00.000Z,MCT2408055,15.585833,73.885556,71.1875,45.830000000000005,735.5,88.38753062499998,9.399999999999999,5.575000000000001,16.648750000000003,47.1225,25.772499999999994,21.511249999999993,27.629098750000004
2026-09-23T17:30:00.000Z,MCT2408055,15.585833,73.885556,71.25,45.830000000000005,732,88.31505249999998,9.589375,5.949999999999998,19.666875,54.81125,29.39625,21.453750000000003,27.644517499999996
2026-09-23T17:30:31.129Z,MCT2408055,15.585833,73.885556,71,45.83,731,88.20013,9.68,5.11,24.48,68.42,36.81,21.3,27.70015
2026-09-23T16:40:00.000Z,MCT2408057,15.272222,74.104722,29,291.78333333333336,466.9166666666667,86.48034041666665,12.3675,9.170416666666664,10.206249999999999,29.284999999999997,15.105416666666661,2.182916666666667,28.162672500000003
2026-09-23T16:50:00.000Z,MCT2408057,15.272222,74.104722,28.8,310.49920000000003,466.08,86.72155839999998,12.3752,9.179999999999998,9.965599999999997,28.700800000000005,14.854000000000001,2.181600000000001,28.0253388
2026-09-23T17:00:00.000Z,MCT2408057,15.272222,74.104722,29.44,302.45920000000007,467.84,86.8454588,12.251599999999998,9.234399999999996,11.418399999999998,32.6592,16.7144,2.1760000000000006,28.00517600000001
2026-09-23T17:10:00.000Z,MCT2408057,15.272222,74.104722,30.625,303.79625000000004,461.4583333333333,86.03720125000001,12.259999999999998,9.234999999999998,12.141249999999998,34.893333333333324,17.893749999999994,2.03,28.367345
2026-09-23T17:20:00.000Z,MCT2408057,15.272222,74.104722,29.64,285.8864,475.6,84.42358399999999,12.212799999999998,9.245199999999997,11.489599999999998,32.8624,16.825200000000006,2.0136,28.8790564
2026-09-23T17:30:00.000Z,MCT2408057,15.272222,74.104722,28.68,304.2116,471.92,85.5188604,12.2256,9.264,9.703199999999997,27.931999999999995,14.477999999999994,2.2107999999999994,28.5096848
2026-09-23T17:30:31.130Z,MCT2408057,15.272222,74.104722,28,293.78,449,84.4007,11.99,9.61,9.54,26.57,13.28,2.44,28.92282
2026-09-23T16:40:00.000Z,MCT2408052,15.444425,74.063856,20.4375,160,715.625,89.44801625,3.5338160625000006,8,6.5231249999999985,18.87875,9.254999999999999,2,27.687415625
2026-09-23T16:50:00.000Z,MCT2408052,15.444425,74.063856,20.75,160,725.6875,89.53909312500002,3.6011843750000008,8,6.690624999999998,19.29,9.363125,2,27.68875937500001
2026-09-23T17:00:00.000Z,MCT2408052,15.444425,74.063856,20.6875,160,731.5625,89.63684500000001,3.5748686249999997,8,6.584374999999999,19.16,9.385,2,27.70819749999999
2026-09-23T17:10:00.000Z,MCT2408052,15.444425,74.063856,20.9375,160,724.875,89.43323500000002,3.5455703125000007,8,6.858124999999999,19.87,9.706875,2,27.771879999999996
2026-09-23T17:20:00.000Z,MCT2408052,15.444425,74.063856,20,160,733.375,89.50142250000002,3.5814035625000007,8,6.231874999999999,18.298750000000002,9.102500000000001,2,27.759811250000002
2026-09-23T17:30:00.000Z,MCT2408052,15.444425,74.063856,20,160,722.1875,89.47710437500002,3.580658,8,6.354999999999998,18.773125000000004,9.362499999999999,2,27.7309875
2026-09-23T16:40:00.000Z,MCT2408053,15.263333,74.110833,101,110,723.8666666666667,93.09922266666669,11.967999999999998,21.064,9.854666666666667,33.83466666666667,21.958000000000002,32.56866666666667,26.891481999999996
2026-09-23T16:50:00.000Z,MCT2408053,15.263333,74.110833,100.9375,121.6237375,736.5625,93.07770249999999,13.0375,22.208125,9.123125,31.96375,21.009375000000006,32.463125,26.870971250000007
2026-09-23T17:00:00.000Z,MCT2408053,15.263333,74.110833,101.0625,141.20916875,725.0625,93.07341124999998,12.610624999999999,21.844375000000003,13.371250000000003,43.874375,27.495,32.6325,26.854211875
2026-09-23T17:10:00.000Z,MCT2408053,15.263333,74.110833,101,114.3567,718.375,93.15160999999999,12.85125,23.5375,9.6975,33.483125,21.713125000000005,32.46312499999999,26.877673749999996
2026-09-23T17:20:00.000Z,MCT2408053,15.263333,74.110833,101,118.61838750000001,735.375,93.165440625,12.864375000000003,22.385625,9.295624999999998,32.08625,20.938125000000003,32.543125,26.912531249999997
2026-09-23T17:30:00.000Z,MCT2408053,15.263333,74.110833,101,136.3992125,723.375,93.04384625,12.307500000000001,22.425,8.549999999999999,29.290625,19.107500000000005,32.41374999999999,26.89912499999999
2026-09-23T17:30:31.371Z,MCT2408053,15.263333,74.110833,101,145.6757,742,92.96088,14.65,22.23,7.35,25.28,16.92,32.15,26.9065
2026-09-23T16:40:00.000Z,MCT2408021,15.500556,74.053333,49.8125,375,507.5625,88.922541875,21.393125000000005,14.717903750000001,5.949999999999999,18.66875,11.874375000000004,4.286875,27.163897500000004
2026-09-23T16:50:00.000Z,MCT2408021,15.500556,74.053333,49.46666666666667,375,504.2,88.76470933333333,21.158000000000005,14.530783333333334,5.838666666666665,18.23333333333333,11.587333333333335,4.280666666666666,27.236117333333333
2026-09-23T17:00:00.000Z,MCT2408021,15.500556,74.053333,49.5625,375,504.6875,88.67697125000002,21.19375,14.687633749999996,5.621875000000001,17.255625000000002,10.894374999999998,4.223125,27.24098812500001
2026-09-23T17:10:00.000Z,MCT2408021,15.500556,74.053333,49.5,375,499.8125,88.62308875,21.223750000000003,14.64508125,4.939375000000001,15.326249999999998,9.7925,4.285625,27.238305624999995
2026-09-23T17:20:00.000Z,MCT2408021,15.500556,74.053333,49.266666666666666,375,508.26666666666665,88.96053133333336,21.064,14.527134,4.540666666666666,14.143999999999998,9.048666666666666,4.276,27.138872666666668
2026-09-23T17:30:00.000Z,MCT2408021,15.500556,74.053333,49.3125,375,516,89.030785,21.085625000000004,14.456883124999997,4.2593749999999995,13.4775,8.631250000000001,4.35125,27.103568750000004
2026-09-23T17:30:31.383Z,MCT2408021,15.500556,74.053333,50,375,519,88.87915,21.38,14.60481,4.76,15.22,10,4.33,27.08882
2026-09-23T16:40:00.000Z,MCT2408043,15.221111,74.087222,54,148.3286666666667,691.7333333333333,86.707316,14.231333333333334,10.102666666666666,17.560666666666666,53.900000000000006,28.010666666666665,5.290000000000001,27.598621999999995
2026-09-23T16:50:00.000Z,MCT2408043,15.221111,74.087222,54.4375,136.873125,684.9375,86.55266187499998,14.214999999999998,10.120624999999997,18.047499999999996,54.878750000000004,28.101249999999997,5.290000000000001,27.642506249999993
2026-09-23T17:00:00.000Z,MCT2408043,15.221111,74.087222,50.75,188.62125,696.8125,86.405319375,14.149374999999997,10.199374999999998,15.672499999999998,47.556875,24.580000000000002,5.290000000000001,27.600276250000004
2026-09-23T17:10:00.000Z,MCT2408043,15.221111,74.087222,53.5625,168.65500000000003,722.8125,86.69952874999998,14.194374999999997,10.339999999999998,17.65,53.34875,27.221249999999998,5.290000000000001,27.493025000000003
2026-09-23T17:20:00.000Z,MCT2408043,15.221111,74.087222,54.25,162.046875,706.3125,86.92221000000002,14.226249999999997,10.37375,18.125,54.555625,27.940625,5.290000000000001,27.484313124999996
2026-09-23T17:30:00.000Z,MCT2408043,15.221111,74.087222,52.5,148.545625,712.5,86.99182875000004,14.213124999999996,10.2875,16.858125,51.096250000000005,26.099999999999994,5.290000000000001,27.503082499999994
2026-09-23T17:30:31.387Z,MCT2408043,15.221111,74.087222,52,149.87,706,87.00232,14.17,10.43,17.73,50.21,24.34,5.29,27.52855
2026-09-23T16:40:00.000Z,MCT2408051,15.486528,74.033889,51.266666666666666,298.65933333333334,511.06666666666666,97.371176,21.630666666666666,5.1899999999999995,10.363999999999999,32.526666666666664,17.714000000000006,4.39,26.530403999999997
2026-09-23T16:50:00.000Z,MCT2408051,15.486528,74.033889,51.1875,298.45000000000005,506.5,97.4655575,21.584375,5.1899999999999995,9.67875,31.076249999999995,17.113750000000007,4.39,26.492910625
2026-09-23T17:00:00.000Z,MCT2408051,15.486528,74.033889,51.0625,297.6975,512.25,97.67154874999999,21.516875,5.1899999999999995,9.8725,31.58187499999999,17.385000000000005,4.39,26.437274375000012
2026-09-23T17:10:00.000Z,MCT2408051,15.486528,74.033889,51.1875,297.56749999999994,494.3125,97.74259874999998,21.5875,5.1899999999999995,9.67875,30.95874999999999,17.034375000000004,4.39,26.41582375
2026-09-23T17:20:00.000Z,MCT2408051,15.486528,74.033889,51,298.02187499999997,514.4375,97.69873000000001,21.47375,5.1899999999999995,9.7175,31.659374999999994,17.658125000000005,4.39,26.40174875
2026-09-23T17:30:00.000Z,MCT2408051,15.486528,74.033889,50.93333333333333,293.2653333333334,516.2666666666667,97.73688000000001,21.437333333333335,5.1899999999999995,10.655999999999999,33.645999999999994,18.336000000000006,4.39,26.395266666666664
2026-09-23T17:30:31.386Z,MCT2408051,15.486528,74.033889,51,291.44,517,97.72925,21.48,5.19,10.57,32.32,17.42,4.39,26.39169
2026-09-23T16:40:00.000Z,MCT2408050,15.553611,73.958333,46.53333333333333,86.02999999999999,607.8666666666667,91.03114866666667,11.345333333333336,4.317333333333333,16.454000000000004,49.75133333333333,25.45466666666666,2.8966666666666665,27.277587333333326
2026-09-23T16:50:00.000Z,MCT2408050,15.553611,73.958333,44.6,86.02999999999999,590.0666666666667,90.95129333333334,11.306000000000001,4.370000000000001,14.986666666666663,46.20066666666667,24.320000000000004,2.8,27.285452666666668
2026-09-23T17:00:00.000Z,MCT2408050,15.553611,73.958333,45.46666666666667,86.02999999999999,630.4,91.01131266666668,11.061999999999996,4.246666666666667,15.496000000000004,47.97533333333334,25.228666666666665,2.883333333333333,27.23539933333333
2026-09-23T17:10:00.000Z,MCT2408050,15.553611,73.958333,45.125,86.02999999999999,608.75,90.87423812500002,11.259375,4.284375,15.163749999999999,47.230000000000004,25.087500000000002,2.93375,27.259756249999995
2026-09-23T17:20:00.000Z,MCT2408050,15.553611,73.958333,45.214285714285715,86.02999999999999,627.2857142857143,91.04044785714287,11.154285714285711,4.161428571428571,15.33071428571429,47.16857142857144,24.66071428571429,2.676428571428572,27.242040000000006
2026-09-23T17:30:00.000Z,MCT2408050,15.553611,73.958333,44.92857142857143,86.02999999999999,616.4285714285714,90.81429285714286,11.259285714285713,4.193571428571429,14.966428571428569,46.555,24.66,2.955714285714286,27.30332785714285
2026-09-23T17:30:31.628Z,MCT2408050,15.553611,73.958333,43,86.03,641,90.93909,12,3.89,13.57,43.8,23.81,2.61,27.26043
2026-09-23T16:40:00.000Z,MCT2408034,15.356389,74.123611,48.73913043478261,180,463.30434782608694,72.93968521739129,6.17826086956522,3.678695652173913,17.594782608695652,55.41173913043478,29.47391304347827,1.1330434782608692,31.8237243478261
2026-09-23T16:50:00.000Z,MCT2408034,15.356389,74.123611,46.12,180,464.76,73.04480079999999,6.150000000000002,3.844,15.931600000000001,50.043200000000006,26.480000000000004,1.1223999999999996,31.81988200000001
2026-09-23T17:00:00.000Z,MCT2408034,15.356389,74.123611,46,180,466.9166666666667,73.13335250000002,6.150000000000002,4.1883333333333335,15.759583333333337,50.252500000000005,27.07375,1.1195833333333332,31.79222875000001
2026-09-23T17:10:00.000Z,MCT2408034,15.356389,74.123611,45.76,180,469.96,73.19616640000002,6.195600000000002,4.498799999999999,15.675999999999998,50.07920000000002,27.00320000000001,1.1343999999999996,31.763252400000002
2026-09-23T17:20:00.000Z,MCT2408034,15.356389,74.123611,43.5,180,475.2916666666667,73.17181666666666,6.1975000000000025,4.846666666666667,14.542500000000002,47.125,25.62833333333334,1.1099999999999997,31.752901250000004
2026-09-23T17:30:00.000Z,MCT2408034,15.356389,74.123611,45.72,180,481.64,72.85528639999998,6.150000000000002,4.5812,16.405600000000003,52.3296,28.053600000000007,1.1151999999999997,31.858920400000002
2026-09-23T17:30:31.632Z,MCT2408034,15.356389,74.123611,42,180,487,72.96423,6.15,5.78,13.67,45.95,25.32,1.11,31.85077
2026-09-23T16:40:00.000Z,MCT2408030,15.142519,74.075003,43.53333333333333,163,617.8,82.69221866666668,8.941333333333334,6.200000000000002,18.432666666666666,55.048,30.415999999999993,4.9046666666666665,27.34551266666666
2026-09-23T16:50:00.000Z,MCT2408030,15.142519,74.075003,39.4375,163,611.0625,82.65928562500001,8.8675,6.200000000000002,15.34875,46.93187500000001,26.3875,4.881875000000001,27.35158875
2026-09-23T17:00:00.000Z,MCT2408030,15.142519,74.075003,37.75,163,606.4375,82.659764375,8.79875,6.200000000000002,14.527500000000002,43.795625,24.316875,4.989375000000001,27.290591874999993
2026-09-23T17:10:00.000Z,MCT2408030,15.142519,74.075003,39.1875,163,611.625,82.7088775,8.741875,6.200000000000002,14.939375000000002,46.363125000000004,26.388749999999995,4.926874999999999,27.28187875
2026-09-23T17:20:00.000Z,MCT2408030,15.142519,74.075003,38.375,163,618.125,82.6445075,8.845625000000004,6.200000000000002,14.411875000000002,43.91124999999999,24.495,4.985625,27.251041875
2026-09-23T17:30:00.000Z,MCT2408030,15.142519,74.075003,37.4375,163,623.375,82.73701312499998,8.74375,6.200000000000002,13.883750000000001,41.970625000000005,23.134375000000002,5.138749999999999,27.216180624999996
2026-09-23T16:40:00.000Z,MCT2408029,15.333611,74.206944,20.6,120,792.2666666666667,91.88614800000002,5.093333333333334,7.658666666666667,6.666666666666668,20.34866666666666,11.175333333333333,3.5,27.166756666666668
2026-09-23T16:50:00.000Z,MCT2408029,15.333611,74.206944,19.9375,120,793.25,91.937109375,3.776874999999999,7.825000000000002,6.54375,19.870000000000005,10.884375000000002,3.57125,27.123009374999995
2026-09-23T17:00:00.000Z,MCT2408029,15.333611,74.206944,19.875,120,806.3125,91.93901437499999,2.8568749999999996,7.570000000000002,6.396249999999999,19.834374999999998,10.992500000000001,3.588125,27.094854374999997
2026-09-23T17:10:00.000Z,MCT2408029,15.333611,74.206944,19.75,120,812,92.11496499999997,3.796875,7.913125000000001,6.433125,19.4725,10.552500000000002,3.5212499999999998,27.04123062499999
2026-09-23T17:20:00.000Z,MCT2408029,15.333611,74.206944,20.066666666666666,120,813.2,92.13384799999997,3.192666666666667,7.684000000000001,6.509333333333333,20.232666666666667,11.294666666666668,3.5773333333333337,27.01803666666667
2026-09-23T17:30:00.000Z,MCT2408029,15.333611,74.206944,20.3125,120,831.5,92.237038125,4.680000000000001,7.397500000000001,6.5806249999999995,20.341875,11.286249999999999,3.60375,26.960792500000004
2026-09-23T17:30:31.642Z,MCT2408029,15.333611,74.206944,21,120,829,92.22083,2.18,8.56,7.06,21.97,12.35,3.5,26.92795
2026-09-23T16:40:00.000Z,MCT2408023,15.499722,74.020833,68.86666666666666,182.49933333333328,497.26666666666665,92.31899199999998,8.976,20.346666666666668,20.956,66.36266666666667,41.663333333333334,4.3933333333333335,26.522538666666666
2026-09-23T16:50:00.000Z,MCT2408023,15.499722,74.020833,70,181.78066666666666,502.8,92.47869866666669,9.017999999999999,19.567999999999998,21.547333333333338,68.30466666666668,42.919999999999995,3.8320000000000003,26.405279999999994
2026-09-23T17:00:00.000Z,MCT2408023,15.499722,74.020833,69,184.7325,501.8125,92.620413125,8.868125,19.695624999999996,21.072500000000005,66.805625,42.05,3.765,26.372251875000007
2026-09-23T17:10:00.000Z,MCT2408023,15.499722,74.020833,68.3125,186.549375,500.8125,92.64806999999998,8.808125,19.808124999999997,20.35875,64.98687500000001,40.96249999999999,3.785625,26.37024000000001
2026-09-23T17:20:00.000Z,MCT2408023,15.499722,74.020833,69.625,180.78624999999997,510.75,92.64806999999999,8.751875,19.44,20.91375,67.12375,42.59375,3.728125,26.368900000000007
2026-09-23T17:30:00.000Z,MCT2408023,15.499722,74.020833,68.86666666666666,183.30266666666665,512.5333333333333,92.652648,9.021333333333333,19.678666666666665,20.363333333333337,65.772,41.85666666666666,3.8793333333333333,26.32376799999999
2026-09-23T17:30:31.642Z,MCT2408023,15.499722,74.020833,70,185.35,510,92.64044,9.86,21.53,20.28,67.12,43.5,5.22,26.28444
2026-09-23T16:40:00.000Z,MCT2408027,15.275556,74.1075,49.13333333333333,659.0473333333333,502.73333333333335,90.96706066666665,6.579999999999999,13.023333333333339,16.636000000000003,50.99400000000001,27.340000000000007,2.9500000000000006,27.29546266666667
2026-09-23T16:50:00.000Z,MCT2408027,15.275556,74.1075,49.3125,661.61125,468.75,90.94051625,6.579999999999999,13.010625000000005,16.889375,51.38062499999999,27.234375,2.9500000000000006,27.3140525
2026-09-23T17:00:00.000Z,MCT2408027,15.275556,74.1075,48.4375,656.7775,494.875,90.7822075,6.579999999999999,13.261875000000005,16.150625,49.71749999999999,26.679375,2.9500000000000006,27.369687500000005
2026-09-23T17:10:00.000Z,MCT2408027,15.275556,74.1075,47.3125,657.0300000000001,505,91.16081562499998,6.579999999999999,12.917500000000006,15.161874999999998,47.37624999999999,25.445625,2.9500000000000006,27.28188
2026-09-23T17:20:00.000Z,MCT2408027,15.275556,74.1075,47.875,658.2574999999999,503.0625,91.16987375,6.579999999999999,13.223750000000004,15.78,48.54624999999999,25.937500000000004,2.9500000000000006,27.297964375
2026-09-23T17:30:00.000Z,MCT2408027,15.275556,74.1075,46,662.140625,514.0625,91.17035437499999,6.579999999999999,12.918125000000005,14.546874999999998,45.28125,24.3325,2.9500000000000006,27.282548124999995
2026-09-23T17:30:31.881Z,MCT2408027,15.275556,74.1075,47,658.6,511,90.97723,6.58,12.71,15.78,48.3,25.69,2.95,27.31405
2026-09-23T16:40:00.000Z,MCT2408040,15.528056,74.020833,18.4,100,485.2,88.93306666666669,7.633999999999999,4.687333333333333,3.07,8.536666666666667,3.914,3.5,27.548570666666674
2026-09-23T16:50:00.000Z,MCT2408040,15.528056,74.020833,18.625,100,486.4375,89.04079750000001,7.748125,4.725625,3.07,8.485625,3.8399999999999985,3.5,27.484982500000008
2026-09-23T17:00:00.000Z,MCT2408040,15.528056,74.020833,19,100,483.26666666666665,89.025126,7.936000000000003,4.766000000000002,3.07,8.42,3.800666666666666,3.5,27.469921999999997
2026-09-23T17:10:00.000Z,MCT2408040,15.528056,74.020833,18.625,100,490.8125,89.08371374999999,7.728125,4.7387500000000005,3.07,8.42,3.7362499999999987,3.5,27.461520625
2026-09-23T17:20:00.000Z,MCT2408040,15.528056,74.020833,18.8125,100,491.4375,89.16143999999998,7.785,4.793750000000001,3.07,8.42,3.758749999999999,3.5,27.41929062499999
2026-09-23T17:30:00.000Z,MCT2408040,15.528056,74.020833,18.6875,100,498.5625,89.14761062499998,7.730625000000002,4.775625000000001,3.07,8.42,3.7712499999999993,3.5,27.406555000000004
2026-09-23T17:30:31.886Z,MCT2408040,15.528056,74.020833,19,100,488,89.16907,7.81,4.77,3.07,8.42,3.93,3.5,27.36768
2026-09-23T16:40:00.000Z,MCT2408049,15.475278,74.055833,56.8,150,484.46666666666664,87.02673399999999,24.172666666666665,13.386666666666668,11.141333333333334,32.327333333333335,16.161333333333335,2.61,27.91322666666667
2026-09-23T16:50:00.000Z,MCT2408049,15.475278,74.055833,56.625,150.09054375,497.25,87.07670562499999,24.203124999999996,13.844999999999999,10.685,31.4575,16.013749999999998,2.61,27.920019375000006
2026-09-23T17:00:00.000Z,MCT2408049,15.475278,74.055833,56.5,150,497,87.06097124999998,24.059375000000003,13.72,11.644375000000002,34.664375,17.693749999999998,2.61,27.912645625
2026-09-23T17:10:00.000Z,MCT2408049,15.475278,74.055833,56.5,150.0980125,491.375,87.11485249999998,24.061249999999998,14.229375000000001,11.499999999999998,34.13812499999999,17.35875,2.61,27.918009375000004
2026-09-23T17:20:00.000Z,MCT2408049,15.475278,74.055833,56.6,150,501.2,87.0425013333333,24.147333333333336,14.242666666666667,11.448666666666668,33.75933333333333,17.032666666666664,2.61,27.961132
2026-09-23T17:30:00.000Z,MCT2408049,15.475278,74.055833,56.75,150.09054375,487.5625,86.98896749999999,24.116875,13.963125,11.499999999999998,34.043124999999996,17.311249999999998,2.61,27.93610750000001
2026-09-23T17:30:31.891Z,MCT2408049,15.475278,74.055833,56,150,487,87.07098,23.8,12.55,11.5,33.71,16.88,2.61,27.90393
2026-09-23T16:40:00.000Z,MCT2408044,15.313669,74.140042,26,214.29,461.3333333333333,95.74306000000001,10.975333333333335,3.32,6.398,18.466666666666665,11.277999999999999,3.2677777999999997,25.97341
2026-09-23T16:50:00.000Z,MCT2408044,15.313669,74.140042,26,214.29,459.25,95.73797312500001,11.02375,3.32,6.573124999999999,18.53125,11.113750000000001,3.3639424375,25.97341
2026-09-23T17:00:00.000Z,MCT2408044,15.313669,74.140042,25.8125,214.29,469.25,95.70555250000001,10.940000000000001,3.32,7.2575,20.59375,12.463750000000001,3.3165065,25.970729375
2026-09-23T17:10:00.000Z,MCT2408044,15.313669,74.140042,25.875,214.29,471.25,95.75513875000003,10.909374999999999,3.32,6.646875,19,11.62,3.20112175,25.902358749999998
2026-09-23T17:20:00.000Z,MCT2408044,15.313669,74.140042,25.9375,214.29,484,95.75704687500003,10.959375,3.3725,6.754375,19.59375,12.092500000000001,3.060977625,25.878899374999996
2026-09-23T17:30:00.000Z,MCT2408044,15.313669,74.140042,26,214.29,485.3125,95.78375000000003,10.994375000000002,3.34625,6.64625,18.875,11.451249999999998,2.9404648125,25.851415625000005
2026-09-23T17:30:31.894Z,MCT2408044,15.313669,74.140042,26,214.29,481,95.78375,11.42,3.84,5.75,16.5,10.27,2.455128,25.85544
2026-09-23T16:40:00.000Z,MCT2408046,15.529167,74.07,32.21739130434783,95.52,634.5217391304348,85.78924652173912,13.352608695652178,0.531304347826087,7.367826086956522,21.97869565217391,10.70304347826087,3.5278260869565217,28.231276956521747
2026-09-23T16:50:00.000Z,MCT2408046,15.529167,74.07,32.32,95.52,663.6,85.90765400000001,13.489600000000001,0.5283999999999999,6.927199999999999,20.5328,9.992,3.568400000000001,28.196938799999995
2026-09-23T17:00:00.000Z,MCT2408046,15.529167,74.07,32.4,95.52,670.32,85.967774,13.529199999999998,0.5516000000000001,7.638,22.886,11.201999999999998,3.5444000000000013,28.1930784
2026-09-23T17:10:00.000Z,MCT2408046,15.529167,74.07,32.375,95.52,646.125,85.8881095833333,13.453333333333333,0.5841666666666667,7.165416666666668,21.850000000000005,10.988333333333332,3.5658333333333334,28.214064166666674
2026-09-23T17:20:00.000Z,MCT2408046,15.529167,74.07,32.32,95.52,668.84,85.86889599999999,13.4604,0.5432,7.155599999999998,21.465199999999996,10.6216,3.48,28.215814000000005
2026-09-23T17:30:00.000Z,MCT2408046,15.529167,74.07,32.48,95.52,668.56,85.82769799999998,13.530400000000002,0.49360000000000015,7.612800000000001,23.241200000000003,11.6132,3.5364,28.211525200000004
2026-09-23T17:30:31.896Z,MCT2408046,15.529167,74.07,33,95.52,675.5,85.80069,13.92,0.6799999999999999,8.22,24.995,12.094999999999999,3.77,28.22032
2026-09-23T16:40:00.000Z,MCT2408037,15.394444,74.118333,40.733333333333334,160,474.8666666666667,86.02626666666667,10.563999999999998,14.398,12.339333333333332,43.55733333333333,22.138,3.523333333333334,27.528552666666663
2026-09-23T16:50:00.000Z,MCT2408037,15.394444,74.118333,40.0625,160,473.5625,86.17977437499998,10.466875,14.332500000000001,11.66,42.215624999999996,21.736875000000005,3.489375,27.460851249999997
2026-09-23T17:00:00.000Z,MCT2408037,15.394444,74.118333,41.6875,160,480.125,86.13828999999998,10.469999999999999,14.390625000000002,12.868125,45.28187500000001,23.000625,3.543124999999999,27.460180625
2026-09-23T17:10:00.000Z,MCT2408037,15.394444,74.118333,39.8125,160,477.375,86.08631312499998,10.348124999999998,14.331250000000002,11.429375000000002,41.49875,21.318125000000006,3.645624999999999,27.458841250000006
2026-09-23T17:20:00.000Z,MCT2408037,15.394444,74.118333,39.5625,160,478.1875,86.17929687499999,10.154375,14.387500000000001,11.24375,41.39812499999999,21.598750000000003,3.56625,27.44811625
2026-09-23T17:30:00.000Z,MCT2408037,15.394444,74.118333,39.5625,160,470.5625,86.17738750000001,10.408750000000001,14.37625,11.24375,41.03937500000001,21.318125000000006,3.6343750000000004,27.452138750000007
2026-09-23T17:30:32.132Z,MCT2408037,15.394444,74.118333,40,160,476,86.14783,10.65,14.21,11.89,42.52,21.74,3.65,27.45348
2026-09-23T16:40:00.000Z,MCT2408033,15.346944,74.007778,26.133333333333333,110,666.4666666666667,89.63039066666667,7.823333333333332,3.470666666666667,11.71866666666667,30.05066666666666,18.119333333333334,4.39,27.346229999999995
2026-09-23T16:50:00.000Z,MCT2408033,15.346944,74.007778,26.75,110,660.9375,89.68643687500001,7.238125,3.54,12.122499999999999,31.121249999999996,18.786875000000002,4.39,27.361645625
2026-09-23T17:00:00.000Z,MCT2408033,15.346944,74.007778,27.9375,110,646.1875,89.69406562500001,7.495624999999999,3.570625,13.181875000000002,33.684375,20.221875,4.39,27.41325812499999
2026-09-23T17:10:00.000Z,MCT2408033,15.346944,74.007778,26.3125,110,653,89.77512812500001,7.473125,3.3225,11.743750000000002,30.255625000000002,18.310624999999998,4.39,27.404544375000008
2026-09-23T17:20:00.000Z,MCT2408033,15.346944,74.007778,26.5,110,670.9375,89.77655875,8.325624999999999,3.7100000000000004,11.744375000000002,30.319374999999994,18.419375,4.39,27.402533750000007
2026-09-23T17:30:00.000Z,MCT2408033,15.346944,74.007778,26.6875,110,663.1875,89.85666437500001,8.55375,3.88125,11.818750000000001,30.73625,18.713124999999998,4.39,27.375050625
2026-09-23T16:40:00.000Z,MCT2408042,15.213889,74.071667,60.266666666666666,233.422,461.1333333333333,88.81811533333332,26.243999999999996,13.773333333333333,15.469999999999999,45.84133333333334,23.749333333333333,3.3313333333333333,27.530697333333332
2026-09-23T16:50:00.000Z,MCT2408042,15.213889,74.071667,59.9375,235.26624999999996,456.5625,88.72513374999998,25.99,14.08,14.901250000000001,44.40437500000001,23.006874999999997,3.4549999999999996,27.527211874999995
2026-09-23T17:00:00.000Z,MCT2408042,15.213889,74.071667,59.5625,179.11062500000003,475.0625,88.98834625,25.75,13.86875,15.35625,44.97375,23.006250000000005,3.4206250000000002,27.454818125
2026-09-23T17:10:00.000Z,MCT2408042,15.213889,74.071667,59.75,191.14499999999998,480.5625,89.14904125,25.91,14.125625,15.12875,45.144375000000004,23.40375,3.3356250000000007,27.43269625
2026-09-23T17:20:00.000Z,MCT2408042,15.213889,74.071667,59.625,177.75500000000002,477.25,89.27730937499999,25.83,14.084375,15.981874999999999,47.76625,24.8275,3.4774999999999996,27.45146812500001
2026-09-23T17:30:00.000Z,MCT2408042,15.213889,74.071667,59.5625,188.051875,472.6875,89.41511562499998,25.71,13.80375,15.868125,46.79624999999999,24.088124999999998,3.3825,27.462192500000004
2026-09-23T17:30:32.141Z,MCT2408042,15.213889,74.071667,59,186.1,472,89.3598,24.79,14.71,15.47,46.51,24.6,3.56,27.5071
2026-09-23T16:40:00.000Z,MCT2408024,15.148056,74.131667,41.869565217391305,198.14223913043477,706.2608695652174,81.01954695652176,17.741756956521737,5.033565478260869,8.903043478260871,28.19782608695653,15.468260869565222,4.467826086956521,28.15713695652175
2026-09-23T16:50:00.000Z,MCT2408024,15.148056,74.131667,42.08,198.32036400000004,705.32,81.0697036,17.955015200000002,5.06176048,8.990000000000002,28.620000000000008,15.790000000000004,4.3256,28.141598400000007
2026-09-23T17:00:00.000Z,MCT2408024,15.148056,74.131667,42.166666666666664,196.31659166666668,615.875,80.9420366666667,17.936849583333338,5.1930015,10.240000000000004,31.230000000000008,16.615000000000006,4.360833333333333,28.155969999999993
2026-09-23T17:10:00.000Z,MCT2408024,15.148056,74.131667,41.88,195.629356,721.04,81.0074468,17.771048399999998,5.370562880000001,9.910000000000004,31.18000000000001,17.108400000000007,4.4643999999999995,28.124867200000008
2026-09-23T17:20:00.000Z,MCT2408024,15.148056,74.131667,42.12,198.184972,705.24,81.07977360000001,17.949847600000002,5.370562880000001,8.950000000000003,28.26120000000001,15.629600000000005,4.104,28.082396399999993
2026-09-23T17:30:00.000Z,MCT2408024,15.148056,74.131667,41.833333333333336,199.094925,715.9166666666666,81.05266416666667,17.709521249999998,5.514670666666667,12.781666666666668,40.26750000000001,21.98416666666667,4.50375,28.081342083333336
2026-09-23T17:30:32.151Z,MCT2408024,15.148056,74.131667,43,197.5324,763.5,81.11243,18.71011,5.772006,16.99,54.47,30.475,4.665,28.08626
2026-09-23T16:40:00.000Z,MCT2408041,15.224628,74.171389,32.333333333333336,376.27914,507.26666666666665,90.90399133333334,13.500666666666666,9.7,8.356666666666667,25.272000000000006,13.371999999999998,7.911333333333333,27.165327333333334
2026-09-23T16:50:00.000Z,MCT2408041,15.224628,74.171389,32.375,382.25244374999994,501.625,90.895694375,13.470625,9.7,8.240000000000002,24.856875000000006,13.193124999999998,7.903124999999999,27.11965750000001
2026-09-23T17:00:00.000Z,MCT2408041,15.224628,74.171389,32.3125,399.36035625,502.6875,90.87614249999999,13.538125,9.7,8.090000000000002,24.097500000000007,12.737499999999999,7.987499999999999,27.059328125000008
2026-09-23T17:10:00.000Z,MCT2408041,15.224628,74.171389,32.6875,389.24413125000007,501.25,90.84944187499997,13.644375,9.7,8.290000000000001,24.60375,12.83875,7.874374999999999,27.061341249999995
2026-09-23T17:20:00.000Z,MCT2408041,15.224628,74.171389,32.6875,369.96598124999997,511.6875,90.8666075,13.70875,9.7,8.190000000000001,24.148125000000004,12.585624999999999,7.84,27.135073749999997
2026-09-23T17:30:00.000Z,MCT2408041,15.224628,74.171389,32.3125,377.06537499999996,520.5,90.79794500000001,13.55625,9.7,8.090000000000002,23.692500000000006,12.333124999999999,7.945625,27.180655
2026-09-23T17:30:32.142Z,MCT2408041,15.224628,74.171389,33,381.9803,521,90.82465,13.74,9.7,8.09,21.87,10.51,8.12,27.17462
2026-09-23T16:40:00.000Z,MCT2408045,15.619444,73.878889,36.53333333333333,178.11999999999995,510.6666666666667,84.41036066666668,10.176666666666666,15.993333333333334,12.04666666666667,40.22400000000001,20.622000000000007,2.5300000000000002,28.08125400000001
2026-09-23T16:50:00.000Z,MCT2408045,15.619444,73.878889,36.25,178.11999999999995,509.5625,84.544224375,10.225,15.865625,11.923750000000004,39.884375000000006,20.500000000000007,2.5300000000000002,28.032633125
2026-09-23T17:00:00.000Z,MCT2408045,15.619444,73.878889,36.3125,178.11999999999995,509.5625,84.61193562499999,10.285000000000002,15.93125,11.923125000000004,39.955625000000005,20.535625000000007,2.5300000000000002,28.013191875000008
2026-09-23T17:10:00.000Z,MCT2408045,15.619444,73.878889,36.125,178.11999999999995,509.875,84.71588625,10.5275,15.9525,11.891875000000004,39.56374999999999,20.216250000000002,2.5300000000000002,27.969623124999995
2026-09-23T17:20:00.000Z,MCT2408045,15.619444,73.878889,36.25,178.11999999999995,507.9375,84.92187874999999,10.77,16.354374999999997,12.017500000000004,39.99125,20.464375000000004,2.5300000000000002,27.905273125000004
2026-09-23T17:30:00.000Z,MCT2408045,15.619444,73.878889,36.266666666666666,178.11999999999995,517.4,85.03698800000001,10.253333333333332,16.282666666666668,11.780000000000003,39.768,20.545333333333343,2.5300000000000002,27.893207333333333
2026-09-23T17:30:32.386Z,MCT2408045,15.619444,73.878889,36,178.12,511,85.11023,11.57,15.7,12.08,39.92,20.36,2.53,27.87176
2026-09-23T16:40:00.000Z,MCT2408022,15.475833,74.038889,61.2,150,444,89.68176266666667,4.055999999999999,11.500533999999998,21.866666666666667,67.8,36.333333333333336,4.2287810666666665,27.273296666666667
2026-09-23T16:50:00.000Z,MCT2408022,15.475833,74.038889,59.333333333333336,150,449,89.85622333333335,3.9339999999999993,11.670279999999998,20.933333333333334,64.06666666666666,33.93333333333333,4.2869422,27.221098666666666
2026-09-23T17:00:00.000Z,MCT2408022,15.475833,74.038889,56,150,440.8125,89.9968575,3.9593750000000005,11.629015,18.625,57.5,30.75,4.271469625,27.162556874999993
2026-09-23T17:10:00.000Z,MCT2408022,15.475833,74.038889,55.9375,150,448.875,90.04597062500001,3.9375,11.581762500000002,18.5625,57.3125,30.6875,4.267782375,27.1223375
2026-09-23T17:20:00.000Z,MCT2408022,15.475833,74.038889,56.375,150,446.25,90.06218562500001,3.886875,11.592180625000001,18.9375,58.125,31,4.313754062499999,27.104909375000005
2026-09-23T17:30:00.000Z,MCT2408022,15.475833,74.038889,55.93333333333333,150,451.73333333333335,90.03322466666668,4.341333333333333,11.271552666666668,18.666666666666668,57.53333333333333,30.8,4.281789733333333,27.100262666666666
2026-09-23T17:30:32.420Z,MCT2408022,15.475833,74.038889,56,150,454,90.07697,3.6,11.39458,19,57,30,4.313717,27.06737
2026-09-23T16:40:00.000Z,MCT2408032,15.525556,73.828611,55.30434782608695,178.92999999999992,634.6086956521739,80.26125217391304,14.083913043478262,15.349565217391303,15.105652173913043,48.357391304347836,26.77434782608696,3.728695652173913,28.93400869565218
2026-09-23T16:50:00.000Z,MCT2408032,15.525556,73.828611,50.04,178.92999999999995,637.04,80.75567600000002,13.5768,14.938799999999999,11.561599999999999,38.28840000000001,21.518,3.4951999999999996,28.927535199999998
2026-09-23T17:00:00.000Z,MCT2408032,15.525556,73.828611,55.56,178.92999999999995,636.96,80.68151920000003,14.462000000000003,15.3608,14.921600000000003,49.26760000000001,27.745600000000003,3.5263999999999993,29.02148759999999
2026-09-23T17:10:00.000Z,MCT2408032,15.525556,73.828611,64.04,178.92999999999995,611.88,80.59698480000002,14.854800000000003,15.086799999999998,22.726399999999998,66.16360000000002,33.578799999999994,3.4392,29.1137224
2026-09-23T17:20:00.000Z,MCT2408032,15.525556,73.828611,67.52,180.4308,551.6,76.490234,15.0612,13.711199999999996,24.37639999999999,72.1948,37.032399999999996,4.453200000000001,29.801416
2026-09-23T17:30:00.000Z,MCT2408032,15.525556,73.828611,63.04,178.92999999999995,577,79.40618839999998,14.297600000000003,13.467599999999997,20.1048,62.9216,33.8628,4.2396,28.803122800000004
2026-09-23T17:30:32.421Z,MCT2408032,15.525556,73.828611,66,178.93,566,79.73914,15.6,13.34,21.36,68.27,36.81,3.81,28.78339
2026-09-23T16:40:00.000Z,MCT2408036,15.171567,74.067106,38.13333333333333,120,707.3333333333334,87.78967266666669,10.474,7.795333333333335,8.067333333333334,23.709999999999997,12.425999999999998,11.262,27.725894
2026-09-23T16:50:00.000Z,MCT2408036,15.171567,74.067106,38.125,120,699.125,87.709945,10.003749999999998,7.4612500000000015,8.058750000000002,23.936874999999997,12.790625000000002,11.324375,27.67602125
2026-09-23T17:00:00.000Z,MCT2408036,15.171567,74.067106,38,120,696.3125,87.64986437500002,10.133750000000001,7.4956249999999995,7.7943750000000005,23.207499999999996,12.346875,11.290625,27.661944375
2026-09-23T17:10:00.000Z,MCT2408036,15.171567,74.067106,38.125,120,703.9375,87.65987875000002,9.975,7.852499999999999,7.432500000000002,21.689375,11.301250000000001,11.278750000000002,27.629099375
2026-09-23T17:20:00.000Z,MCT2408036,15.171567,74.067106,37.3125,120,718.125,87.7113775,10.538124999999999,8.07875,6.973125000000001,20.231250000000003,10.511875,10.824375,27.571451874999998
2026-09-23T17:30:00.000Z,MCT2408036,15.171567,74.067106,38.2,120,723.4,88.00482266666667,10.654666666666666,7.999333333333335,6.982000000000001,20.163999999999998,10.434666666666665,11.290000000000001,27.44918599999999
2026-09-23T17:30:32.422Z,MCT2408036,15.171567,74.067106,37,120,736,88.16962,10.95,8.1,6.84,20.26,10.64,10.68,27.41058
2026-09-23T16:40:00.000Z,MCT2408031,15.290833,74.149167,23.466666666666665,140,590,87.57656066666667,7.2899774666666675,8.142288266666666,8.349999999999998,21.563333333333336,11.649333333333335,4.588666666666667,26.947966
2026-09-23T16:50:00.000Z,MCT2408031,15.290833,74.149167,24.1875,140,586.0625,87.57261562500003,7.085356812500001,8.126793625,8.87,23.558125000000004,13.125000000000002,4.773124999999999,26.912530624999995
2026-09-23T17:00:00.000Z,MCT2408031,15.290833,74.149167,23.9375,140,587.25,87.57643125,7.307722687500001,7.6067736875,8.720625,22.850625000000008,12.527500000000002,4.613750000000001,26.856224374999993
2026-09-23T17:10:00.000Z,MCT2408031,15.290833,74.149167,23.9375,140,595.875,87.626976875,7.340846562500001,8.740241000000001,8.751249999999999,22.852500000000003,12.528750000000002,4.660625000000001,26.821368124999996
2026-09-23T17:20:00.000Z,MCT2408031,15.290833,74.149167,23.75,140,604.1875,87.68896375,7.1426308125,6.759435875,8.482499999999998,22.226875000000007,12.17125,4.811250000000001,26.794556250000014
2026-09-23T17:30:00.000Z,MCT2408031,15.290833,74.149167,23.25,140,610.5,87.75858375,7.283572687500002,8.026549875,8.126875,21.276250000000005,11.694375,4.720624999999999,26.795896875000007
2026-09-23T17:30:32.425Z,MCT2408031,15.290833,74.149167,24,140,611,87.78052,7.151605,8.854764,8.57,22.17,11.9,4.91,26.78852
2026-09-23T16:40:00.000Z,MCT2408035,15.236111,74.125,41.8,190,874.4666666666667,90.48183133333332,17.544640666666666,7.902666666666666,5.396,16.87933333333333,9.131333333333334,3.8299999999999987,27.22968066666666
2026-09-23T16:50:00.000Z,MCT2408035,15.236111,74.125,40.9375,190,878.4375,90.21000312499999,16.873602499999997,7.923125000000001,5.01125,15.565624999999999,8.418750000000001,3.8299999999999987,27.320085624999997
2026-09-23T17:00:00.000Z,MCT2408035,15.236111,74.125,41.9375,190,879.375,89.98922562499997,17.610674999999997,8.03625,4.607500000000002,14.196250000000003,7.640625000000001,3.8299999999999987,27.383093750000008
2026-09-23T17:10:00.000Z,MCT2408035,15.236111,74.125,42.25,190,876.75,90.15278249999999,17.922244999999997,7.963749999999998,4.25125,13.465625000000005,7.383124999999999,3.8299999999999987,27.37035875
2026-09-23T17:20:00.000Z,MCT2408035,15.236111,74.125,42.25,190,875.3125,90.37451249999998,17.86295375,7.7425000000000015,4.25125,13.561250000000001,7.570625,3.8299999999999987,27.325447499999996
2026-09-23T17:30:00.000Z,MCT2408035,15.236111,74.125,43.0625,190,874.1875,90.58002937499997,18.058266250000003,7.55875,4.061249999999999,12.641875000000002,6.911250000000002,3.8299999999999987,27.277184999999996
2026-09-23T17:30:32.648Z,MCT2408035,15.236111,74.125,43,190,872,90.48895,17.68973,8.23,4.18,12.45,6.42,3.83,27.31405
2026-09-23T16:40:00.000Z,MCT2408026,15.2467,74.198281,117,125,480.95652173913044,85.59851217391304,13.272104347826088,12.5,10.479130434782606,32.83869565217391,17.483913043478257,50.417391304347824,28.47189478260869
2026-09-23T16:50:00.000Z,MCT2408026,15.2467,74.198281,117,125,478,85.94278749999997,13.125403333333333,12.5,10.278749999999999,32.84125,17.799583333333334,50.41875000000001,28.3155075
2026-09-23T17:00:00.000Z,MCT2408026,15.2467,74.198281,117,125,488.44,86.90649360000003,13.1284232,12.5,9.036799999999998,28.434,15.233999999999998,50.426,28.074245599999998
2026-09-23T17:10:00.000Z,MCT2408026,15.2467,74.198281,117,125,494,86.71907791666666,13.12883541666667,12.5,8.034166666666666,25.83083333333333,14.263750000000002,50.43750000000001,28.105024999999994
2026-09-23T17:20:00.000Z,MCT2408026,15.2467,74.198281,117,125,486.75,86.91617166666668,13.070427916666667,12.5,8.309999999999999,26.7975,14.784166666666664,50.45000000000002,28.095641249999996
2026-09-23T17:30:00.000Z,MCT2408026,15.2467,74.198281,117,125,495.5416666666667,86.82875000000001,13.106225000000002,12.5,8.349583333333333,27.03958333333333,14.945833333333333,50.40625000000001,28.147478333333325
2026-09-23T17:30:32.680Z,MCT2408026,15.2467,74.198281,117,125,496,86.86499,12.66473,12.5,9.45,29.98,16.39,50.15,28.17206
2026-09-23T16:40:00.000Z,MCT2408038,15.188889,74.055556,31.733333333333334,233.32999999999996,662.6,86.17376533333336,8.816,13.330000000000005,11.976666666666668,33.93000000000001,16.570666666666668,4.738666666666666,28.140595333333337
2026-09-23T16:50:00.000Z,MCT2408038,15.188889,74.055556,30.5,235.785625,667.875,86.07487062499997,9.026250000000001,13.330000000000005,10.995000000000001,31.124999999999996,15.258125000000001,4.68625,28.11507937499999
2026-09-23T17:00:00.000Z,MCT2408038,15.188889,74.055556,28.6875,233.32999999999996,665.25,86.13018437499998,9.122499999999997,13.330000000000005,10.065,28.020624999999995,13.538749999999999,4.7299999999999995,28.047380625
2026-09-23T17:10:00.000Z,MCT2408038,15.188889,74.055556,28.1875,243.756875,677.3125,86.14258250000003,9.181249999999999,13.330000000000005,9.444999999999997,26.838124999999994,13.194999999999997,4.723124999999999,28.021236875
2026-09-23T17:20:00.000Z,MCT2408038,15.188889,74.055556,28.4,234.2013333333333,695.5333333333333,86.00998999999999,9.074666666666666,13.330000000000005,9.537999999999998,26.902666666666658,13.083333333333334,4.732666666666666,28.06409266666667
2026-09-23T17:30:00.000Z,MCT2408038,15.188889,74.055556,27.866666666666667,233.32999999999996,697.4,85.99473000000002,9.075999999999999,13.330000000000005,9.248666666666663,26.107999999999993,12.751999999999999,4.710666666666667,28.16276333333333
2026-09-23T16:40:00.000Z,MCT2408039,15.163611,74.110833,30.266666666666666,188.754,650.7333333333333,86.77852333333335,13.124666666666664,10.3,9.019999999999998,28.94,11.759999999999998,2.3,27.246841999999997
2026-09-23T16:50:00.000Z,MCT2408039,15.163611,74.110833,30.25,257.32874999999996,652.4375,86.520713125,13.19375,10.3,9.019999999999998,28.94,11.759999999999998,2.3,27.301316250000003
2026-09-23T17:00:00.000Z,MCT2408039,15.163611,74.110833,30.1875,230.56124999999997,647.125,86.53835750000002,12.96125,10.3,9.019999999999998,28.94,11.759999999999998,2.3,27.22758
2026-09-23T17:10:00.000Z,MCT2408039,15.163611,74.110833,29.25,257.045625,656.5,86.65041187499999,11.471874999999997,10.3,9.019999999999998,28.94,11.759999999999998,2.3,27.158535625
2026-09-23T17:20:00.000Z,MCT2408039,15.163611,74.110833,29.875,243.48812499999997,657.5625,86.80300125,12.09625,10.3,9.019999999999998,28.94,11.759999999999998,2.3,27.091503749999998
2026-09-23T17:30:00.000Z,MCT2408039,15.163611,74.110833,29.25,252.3975,657,86.98563124999998,11.369999999999997,10.3,9.019999999999998,28.94,11.759999999999998,2.3,27.047261875000004
