time,device_id,latitude,longitude,aqi,co,co2,hum,no2,o3,pm1,pm10,pm25,so2,temp
2026-08-01T18:30:00.000Z,MCT2408020,15.543475,74.039433,22.5,180,598.6875,88.9692725,9.2530178125,19.401139374999996,5.799999999999999,21.08625,12.42875,3.6599999999999984,28.026599375
2026-08-01T18:40:00.000Z,MCT2408020,15.543475,74.039433,22.1875,180,606.9375,88.9721325,9.448346125,19.572390624999997,5.5699999999999985,20.094375,11.673125000000004,3.6599999999999984,28.084245624999998
2026-08-01T18:45:46.307Z,MCT2408020,15.543475,74.039433,22,180,605.7777777777778,88.85795777777777,9.154529555555555,20.011617777777776,5.57,19.77777777777778,11.356666666666667,3.6599999999999997,28.126773333333333
2026-08-01T18:30:00.000Z,MCT2408028,15.186944,74.096667,63.12,678.982,453.84,90.3360592,17.757600000000004,12.922,22.093600000000006,75.5296,44.01920000000001,1.7908000000000004,28.0815396
2026-08-01T18:40:00.000Z,MCT2408028,15.186944,74.096667,58.16,676.5404000000001,459.16,90.56127959999999,17.74160000000001,12.7772,18.856400000000008,64.9492,37.975600000000014,1.5600000000000003,28.099127999999993
2026-08-01T18:45:46.306Z,MCT2408028,15.186944,74.096667,50,676.1999999999999,463,90.55355,17.804666666666666,12.700000000000001,12.051999999999996,46.13733333333334,28.83066666666667,1.5086666666666664,28.082681999999995
2026-08-01T18:30:00.000Z,MCT2408056,15.579167,73.920833,23.5625,180,656.5,88.854830625,7.055,10.350058375000001,4.925,19.866874999999997,13.414375000000001,1.6356249999999999,28.249814374999993
2026-08-01T18:40:00.000Z,MCT2408056,15.579167,73.920833,23.625,180,675.125,88.89726999999999,6.87125,9.956866,4.924999999999999,19.981250000000003,13.530625000000002,1.5831249999999997,28.279308125
2026-08-01T18:45:46.319Z,MCT2408056,15.579167,73.920833,23.11111111111111,180,646.1111111111111,88.74775444444444,6.942222222222223,11.637714888888889,4.794444444444444,19.025555555555556,12.80777777777778,1.5600000000000003,28.355578888888886
2026-08-01T18:30:00.000Z,MCT2408057,15.272222,74.104722,29.76,336.4679999999999,482.96,85.59271320000003,12.2336,9.0456,3.4831999999999987,13.592399999999998,8.5464,2.1304,29.276742799999994
2026-08-01T18:40:00.000Z,MCT2408057,15.272222,74.104722,29.84,342.76079999999996,476.88,85.1120604,12.35,8.975600000000004,3.3155999999999994,12.7784,8.037600000000001,2.1852,29.274168799999988
2026-08-01T18:45:46.319Z,MCT2408057,15.272222,74.104722,29.928571428571427,343.9007142857142,468.5,84.93965714285716,12.340714285714286,9.059285714285714,3.493571428571428,13.204999999999997,8.145714285714286,2.140714285714286,29.24916357142857
2026-08-01T18:30:00.000Z,MCT2408055,15.585833,73.885556,19.625,107.1925,640.375,89.33166937499999,8.320625000000001,21.083015625,4.636250000000001,17.105625,11.161875,1.26625,27.979678125
2026-08-01T18:40:00.000Z,MCT2408055,15.585833,73.885556,19.3125,106.93374999999999,635.875,89.13425750000002,8.299999999999999,20.585640000000005,4.461875000000001,16.612499999999997,10.864374999999999,1.388125,27.996436250000006
2026-08-01T18:45:46.319Z,MCT2408055,15.585833,73.885556,19.444444444444443,107.44555555555557,640,88.83167777777778,8.546666666666669,23.23367222222223,4.588888888888889,16.81555555555555,10.984444444444444,1.4055555555555557,28.10413222222222
2026-08-01T18:30:00.000Z,MCT2408052,15.444425,74.063856,28.875,160,627.5625,86.76104125000002,3.7876316875000002,8,10.094375,28.665624999999995,13.785625000000001,2,28.84908125
2026-08-01T18:40:00.000Z,MCT2408052,15.444425,74.063856,29.1875,160,631.4375,86.50927062500001,3.7796053125,8,10.283750000000001,29.333750000000002,14.196250000000003,2,28.849081875
2026-08-01T18:45:46.506Z,MCT2408052,15.444425,74.063856,29,160.10573333333335,562.8888888888889,86.58355222222222,3.7763742222222216,8,10.106666666666667,28.54444444444444,13.653333333333336,2,28.808412222222223
2026-08-01T18:30:00.000Z,MCT2408053,15.263333,74.110833,49.5625,244.93525624999998,606,89.49522375000002,21.28625,25.248125,4.590000000000002,13.125625000000001,7.333125,6.97625,28.010512499999997
2026-08-01T18:40:00.000Z,MCT2408053,15.263333,74.110833,50.63636363636363,239.4891545454545,594.6363636363636,88.63362454545454,22.11909090909091,26.41909090909091,4.590000000000001,13.610909090909091,7.8963636363636365,6.79,28.24908272727273
2026-08-01T18:45:46.506Z,MCT2408053,15.263333,74.110833,49.111111111111114,250.42792222222226,622.2222222222222,88.59347222222222,20.853333333333335,27.373333333333335,4.59,13.178888888888888,7.395555555555554,6.645555555555556,28.19946555555556
2026-08-01T18:30:00.000Z,MCT2408021,15.500556,74.053333,49.375,375,502.25,88.92111187500002,21.210624999999997,14.633067500000003,2.86,9.62,6.248125,4.32,27.954875
2026-08-01T18:40:00.000Z,MCT2408021,15.500556,74.053333,49.4375,375,507.25,88.66075874999999,21.040625,14.677902500000004,2.86,9.593125,6.218124999999999,4.327499999999999,27.965600625000004
2026-08-01T18:45:46.523Z,MCT2408021,15.500556,74.053333,49.22222222222222,375,508.22222222222223,88.70282777777778,21.021111111111107,14.696687777777779,2.86,8.985555555555557,5.553333333333332,4.311111111111111,27.936107777777778
2026-08-01T18:30:00.000Z,MCT2408043,15.221111,74.087222,56.75,213.01999999999998,616.875,81.12434875,24.169375000000002,31.896874999999998,6.8062499999999995,30.33625,20.2575,5.290000000000001,29.664858749999997
2026-08-01T18:40:00.000Z,MCT2408043,15.221111,74.087222,56.8125,212.43249999999998,625.375,81.578774375,24.188125,32.09625,6.568124999999998,29.851249999999997,20.259375000000006,5.290000000000001,29.554927499999998
2026-08-01T18:45:46.523Z,MCT2408043,15.221111,74.087222,56.77777777777778,212.67000000000002,613.2222222222222,81.77449,24.176666666666666,31.877777777777776,6.894444444444444,31.898888888888887,21.637777777777778,5.29,29.547257777777777
2026-08-01T18:30:00.000Z,MCT2408051,15.486528,74.033889,52.0625,371.078125,517.3125,93.85971375,22.109999999999996,5.1899999999999995,3.7299999999999986,10.569999999999997,4.980000000000002,4.39,27.474929999999993
2026-08-01T18:40:00.000Z,MCT2408051,15.486528,74.033889,52.2,369.48533333333336,516.8,93.84181600000002,22.214666666666663,5.1899999999999995,3.7299999999999986,10.569999999999997,4.980000000000002,4.456,27.474929999999993
2026-08-01T18:45:46.523Z,MCT2408051,15.486528,74.033889,52,368.01300000000003,495.8,93.99770900000001,22.099999999999998,5.1899999999999995,3.7299999999999995,10.569999999999999,4.980000000000001,4.422,27.467421
2026-08-01T18:30:00.000Z,MCT2408034,15.356389,74.123611,51.92,211.420988,435,75.921692,21.15479999999999,4.2168,6.379999999999998,22.133599999999998,12.7508,1.9687999999999999,31.3428264
2026-08-01T18:40:00.000Z,MCT2408034,15.356389,74.123611,50.84,211.546788,428.8,76.99774160000001,20.279999999999998,4.345999999999998,6.379999999999998,23.033599999999996,13.651599999999998,2.0220000000000002,31.107731999999995
2026-08-01T18:45:46.707Z,MCT2408034,15.356389,74.123611,55.214285714285715,211.15159285714284,434.57142857142856,76.7909207142857,24.082142857142856,4.631428571428571,6.38,22.308571428571423,12.926428571428572,1.9328571428571428,31.16206
2026-08-01T18:30:00.000Z,MCT2408050,15.553611,73.958333,27.6875,86.02999999999999,510.5625,90.28439125000001,11.45875,4.235,5.19625,21.200625000000002,13.3975,2.4875,27.997776874999996
2026-08-01T18:40:00.000Z,MCT2408050,15.553611,73.958333,27.733333333333334,86.02999999999999,512,90.11816266666668,11.548,4.242666666666667,5.1466666666666665,20.896666666666665,13.1,2.575333333333333,27.995452666666665
2026-08-01T18:45:46.706Z,MCT2408050,15.553611,73.958333,27.5,86.02999999999999,495.7,89.86792,11.322,4.2509999999999994,5.175,20.954,13.184999999999997,2.8000000000000003,28.08304
2026-08-01T18:30:00.000Z,MCT2408029,15.333611,74.206944,13.9375,474.12281874999996,608.75,92.95038562500001,2.78875,7.475624999999999,3.0137499999999995,11.921875,7.868749999999999,3.506875,27.88918625
2026-08-01T18:40:00.000Z,MCT2408029,15.333611,74.206944,14,466.74319375,619.0625,93.04336937500001,2.63375,7.975624999999999,3.0875,12.101875000000001,7.905625000000001,3.5999999999999996,27.865054375
2026-08-01T18:45:46.727Z,MCT2408029,15.333611,74.206944,14.666666666666666,471.11517777777783,634.7777777777778,92.90238333333332,3.7977777777777777,7.537777777777778,3.2022222222222227,12.652222222222223,8.236666666666666,3.6166666666666663,27.927766666666667
2026-08-01T18:30:00.000Z,MCT2408030,15.142519,74.075003,27.133333333333333,163.65926666666667,425.4,83.69472199999998,8.531333333333334,6.200000000000002,9.370000000000001,24.943333333333328,12.624666666666666,4.410666666666668,28.507395999999996
2026-08-01T18:40:00.000Z,MCT2408030,15.142519,74.075003,27.4375,165.10703125,428.3125,83.49899624999999,8.70375,6.200000000000002,9.370000000000001,25.948750000000004,13.6675,4.43375,28.523976249999997
2026-08-01T18:45:46.727Z,MCT2408030,15.142519,74.075003,27.11111111111111,164.1995888888889,425.3333333333333,83.63266888888889,8.864444444444445,6.200000000000001,9.37,24.943333333333328,12.625555555555557,4.528888888888889,28.509303333333335
2026-08-01T18:30:00.000Z,MCT2408023,15.499722,74.020833,35.25,237.02374999999998,490.9375,89.21484374999999,10.243749999999999,19.673125,6.340000000000002,24.696250000000003,18.124999999999996,5.389375,27.827516875
2026-08-01T18:40:00.000Z,MCT2408023,15.499722,74.020833,35.5,233.6625,497.8125,89.26205062499999,9.959374999999998,19.635,6.340000000000002,24.934375,18.396874999999998,5.346875,27.817463125
2026-08-01T18:45:46.731Z,MCT2408023,15.499722,74.020833,35.55555555555556,222.82333333333338,497,89.15380888888889,9.665555555555555,19.357777777777773,6.34,24.907777777777778,18.366666666666667,5.731111111111111,27.882482222222222
2026-08-01T18:30:00.000Z,MCT2408027,15.275556,74.1075,30.125,1167.178125,545.875,90.14562999999998,6.579999999999999,12.621875000000003,6.717500000000002,25.628125,15.995625,2.9500000000000006,28.409351875000002
2026-08-01T18:40:00.000Z,MCT2408027,15.275556,74.1075,29.9375,1156.27,561.1875,89.98445750000003,6.579999999999999,12.712500000000004,6.226250000000001,24.95125,15.871875000000001,2.9500000000000006,28.430802500000006
2026-08-01T18:45:46.916Z,MCT2408027,15.275556,74.1075,29.88888888888889,1160.711111111111,538.3333333333334,89.77772333333333,6.579999999999999,12.65777777777778,6.136666666666667,24.53333333333333,15.591111111111111,2.9499999999999997,28.45329444444444
2026-08-01T18:30:00.000Z,MCT2408040,15.528056,74.020833,18.625,100,453.4375,87.44768562499999,7.736250000000002,4.624375,3.07,9.514375,4.816875,3.5,28.616479375
2026-08-01T18:40:00.000Z,MCT2408040,15.528056,74.020833,18.9375,184.97375000000002,453.4375,87.2807925,8.05125,4.76,3.401249999999999,11.098125,5.821249999999999,3.5,28.619161249999994
2026-08-01T18:45:46.917Z,MCT2408040,15.528056,74.020833,19.333333333333332,192.14666666666665,454.1111111111111,87.06589666666666,8.456666666666667,4.894444444444444,3.167777777777778,10.293333333333331,5.4911111111111115,3.5,28.719038888888893
2026-08-01T18:30:00.000Z,MCT2408049,15.475278,74.055833,56.625,150,456.4375,85.92514562500001,24.128125,13.297500000000001,7.86,27.434375000000003,16.350625,2.61,28.50721875
2026-08-01T18:40:00.000Z,MCT2408049,15.475278,74.055833,56.4375,150,460.6875,86.05675124999999,24.018125000000005,13.443124999999998,7.380625000000001,26.524375,16.062500000000004,2.61,28.423429375
2026-08-01T18:45:46.936Z,MCT2408049,15.475278,74.055833,56.55555555555556,150,460.22222222222223,86.24022555555555,24.078888888888894,12.868888888888888,7.667777777777778,27.493333333333332,16.62222222222222,2.61,28.34842666666667
2026-08-01T18:30:00.000Z,MCT2408044,15.313669,74.140042,24.4375,214.29,468.875,92.10352312500001,10.81625,3.32,2.8699999999999997,8.53125,5.440625000000001,4.369310874999999,27.653229999999997
2026-08-01T18:40:00.000Z,MCT2408044,15.313669,74.140042,24,214.29,466.1333333333333,91.84902000000002,10.687333333333333,3.32,2.8699999999999997,8.5,5.406666666666666,4.8301708,27.657251333333328
2026-08-01T18:45:46.937Z,MCT2408044,15.313669,74.140042,24,214.29000000000002,464.6,91.31598000000001,10.537000000000003,3.3199999999999994,2.8700000000000006,8.35,5.243,4.6776923,27.656178999999998
2026-08-01T18:30:00.000Z,MCT2408037,15.394444,74.118333,25.4375,160.01641875,443.125,85.55511499999997,10.72375,215.90999999999997,4.1825,20.29,12.411875000000002,3.6612500000000003,28.194850000000002
2026-08-01T18:40:00.000Z,MCT2408037,15.394444,74.118333,25.25,160.11681875,452.375,85.683864375,10.641250000000001,217.00875000000008,4.46,20.801874999999995,12.505625000000002,3.79125,28.172058125
2026-08-01T18:45:47.117Z,MCT2408037,15.394444,74.118333,25.444444444444443,161.07378888888888,445.44444444444446,85.59850888888889,10.77111111111111,217.00888888888892,4.295555555555556,19.988888888888894,12.07333333333333,3.7199999999999998,28.203042222222223
2026-08-01T18:30:00.000Z,MCT2408042,15.213889,74.071667,60.625,295.96874999999994,460.875,82.719845,25.83,15.274375000000001,4.6637499999999985,18.46875,11.843125,4.0756250000000005,29.53749875
2026-08-01T18:40:00.000Z,MCT2408042,15.213889,74.071667,60.625,286.3393750000001,462.3125,82.84620500000001,25.830000000000002,15.285625,5.8012500000000005,22.401249999999994,14.068125,3.869375,29.530796250000005
2026-08-01T18:45:47.118Z,MCT2408042,15.213889,74.071667,60.77777777777778,292.0388888888889,463.8888888888889,83.16728,25.92777777777778,15.061111111111112,4.752222222222222,18.84777777777778,12.045555555555557,3.8388888888888886,29.51388888888889
2026-08-01T18:30:00.000Z,MCT2408041,15.224628,74.171389,32.75,467.65870625,447.375,86.73767375000001,13.7225,9.7,8.090000000000002,23.591250000000002,12.231874999999999,8.20625,28.517273749999998
2026-08-01T18:40:00.000Z,MCT2408041,15.224628,74.171389,32.875,472.805175,447.375,86.51785312500002,13.781875,9.7,8.090000000000002,22.021875,10.66375,8.108125,28.495153749999997
2026-08-01T18:45:47.133Z,MCT2408041,15.224628,74.171389,32.666666666666664,465.4371333333334,446.44444444444446,86.16732555555558,13.68,9.700000000000001,8.090000000000002,21.78,10.424444444444445,8.04888888888889,28.580804444444443
2026-08-01T18:30:00.000Z,MCT2408033,15.346944,74.007778,23.5,117.67675,496.4375,84.79122499999998,10.116874999999999,42.15361562499999,4.69625,14.8725,10.661249999999999,4.39,29.2546225
2026-08-01T18:40:00.000Z,MCT2408033,15.346944,74.007778,22.4375,120.053925,497.875,84.78359562500002,9.160625,42.441644374999996,4.28,14.1025,10.257499999999999,4.39,29.225128124999994
2026-08-01T18:45:47.133Z,MCT2408033,15.346944,74.007778,21.11111111111111,126.18584444444446,476.77777777777777,84.81776888888888,8.86111111111111,43.33333555555555,4.040000000000001,12.99,9.213333333333331,4.39,29.237418888888882
2026-08-01T18:30:00.000Z,MCT2408046,15.529167,74.07,31.16,239.5224,459.4,85.6064444,13.641604800000005,15.873529559999998,5,13.88,6.69473696,3.9547999999999996,29.377131600000002
2026-08-01T18:40:00.000Z,MCT2408046,15.529167,74.07,31.28,417.432,569.08,88.10034199999998,13.654483200000001,14.85470628,5,12.48,5.4421053200000005,3.9059999999999993,28.690296000000004
2026-08-01T18:45:47.309Z,MCT2408046,15.529167,74.07,31.285714285714285,366.6114285714287,608.8571428571429,90.77832428571426,13.597020714285717,15.48214278571429,5,12,5,3.9542857142857137,27.91542285714286
2026-08-01T18:30:00.000Z,MCT2408045,15.619444,73.878889,27.4375,178.11999999999995,539.5,85.10784375,11.200625,16.565624999999997,3.3325000000000014,13.690000000000003,8.129375,2.5300000000000002,28.333608125
2026-08-01T18:40:00.000Z,MCT2408045,15.619444,73.878889,27.5625,178.31374999999994,542.875,85.0296425,11.314375,16.878124999999997,3.113750000000001,13.084375000000001,7.776249999999999,2.5300000000000002,28.326904374999998
2026-08-01T18:45:47.315Z,MCT2408045,15.619444,73.878889,27.88888888888889,178.33555555555554,550.8888888888889,85.02122000000001,11.613333333333333,17.190000000000005,3.0755555555555554,12.866666666666667,7.603333333333334,2.53,28.304336666666664
2026-08-01T18:30:00.000Z,MCT2408024,15.148056,74.131667,40.36,219.17500799999993,523.48,79.2651968,17.398858400000005,5.25281408,5.32,21.030000000000005,13.390000000000004,2.5072000000000005,29.33594400000001
2026-08-01T18:40:00.000Z,MCT2408024,15.148056,74.131667,40.583333333333336,219.05038750000003,566.125,79.39263458333336,17.52255791666667,5.219456666666667,5.208333333333333,19.948333333333338,12.531666666666672,2.50875,29.303109166666662
2026-08-01T18:45:47.310Z,MCT2408024,15.148056,74.131667,40.4,219.04671999999997,588.4666666666667,79.25390399999999,17.35511466666667,5.035113066666667,5.133333333333334,21.523333333333333,14.256666666666668,2.509333333333333,29.311778666666665
2026-08-01T18:30:00.000Z,MCT2408032,15.525556,73.828611,49,206.48879999999997,705.6,81.23480320000002,14.669600000000008,43.544799999999995,21.756800000000002,77.8264,46.26319999999999,3.1468000000000003,29.818144800000006
2026-08-01T18:40:00.000Z,MCT2408032,15.525556,73.828611,36.2,213.27640000000002,718.68,80.720886,15.771200000000004,43.525600000000004,7.575600000000003,21.676,11.043200000000006,3.212000000000001,29.904803200000007
2026-08-01T18:45:47.331Z,MCT2408032,15.525556,73.828611,35.214285714285715,215.2542857142857,731.8571428571429,80.89716785714288,15.024285714285714,43.35071428571428,7.120000000000002,17.374285714285712,7.382857142857142,3.167857142857143,29.805337857142856
2026-08-01T18:30:00.000Z,MCT2408022,15.475833,74.038889,37.1875,150,450.4375,88.52628999999999,4.584375,11.367343750000002,10.6875,38.75,23.375,4.317293750000001,27.966941874999996
2026-08-01T18:40:00.000Z,MCT2408022,15.475833,74.038889,35.8125,150,449.1875,88.31791374999997,4.395,11.491778749999998,9.8125,35.75,21.75,4.309255312500001,27.995096249999996
2026-08-01T18:45:47.330Z,MCT2408022,15.475833,74.038889,37.55555555555556,150,451.3333333333333,88.35187555555554,4.574444444444444,11.25647,11.11111111111111,39.77777777777778,23.77777777777778,4.258784222222222,27.999266666666667
2026-08-01T18:30:00.000Z,MCT2408036,15.171567,74.067106,36,120,422.53846153846155,86.89257461538462,11.003076923076922,7.7299999999999995,3.1169230769230767,12.040769230769229,7.678461538461538,11.023076923076921,28.577136923076917
2026-08-01T18:40:00.000Z,MCT2408036,15.171567,74.067106,36,120,423.0625,86.38386125000001,10.681249999999999,7.800000000000001,3.1243749999999992,12.5675,8.20125,10.950625000000002,28.636589375000003
2026-08-01T18:45:47.508Z,MCT2408036,15.171567,74.067106,36,120,421.8888888888889,86.44113444444444,10.729999999999999,7.764444444444444,2.865555555555555,12.157777777777778,8.163333333333334,10.946666666666667,28.60702111111111
2026-08-01T18:30:00.000Z,MCT2408031,15.290833,74.149167,19,180.7995625,522.6875,87.58644375000002,7.245961625,10.3895306875,5.326875,16.685625,10.626250000000002,5.28875,27.604297499999998
2026-08-01T18:40:00.000Z,MCT2408031,15.290833,74.149167,18.625,185.28057499999997,520.1875,87.27888312500001,7.4593538125,7.160770874999999,5.3862499999999995,16.359375000000004,10.179375,5.3031250000000005,27.71087625
2026-08-01T18:45:47.508Z,MCT2408031,15.290833,74.149167,18.555555555555557,171.2790111111111,520.5555555555555,87.19983555555557,7.429147777777778,7.590636777777778,5.395555555555556,16.232222222222223,10.053333333333335,5.113333333333333,27.728752222222223
2026-08-01T18:30:00.000Z,MCT2408035,15.236111,74.125,51.8125,190.03393125,572.375,85.75157624999999,21.100725,61.353426875000004,3.799999999999999,10.28375,5.003749999999998,3.8299999999999987,28.878576875000004
2026-08-01T18:40:00.000Z,MCT2408035,15.236111,74.125,53.125,190.170925,563.9375,85.44353812499999,22.216215624999997,65.28809999999999,3.799999999999999,10.237499999999999,4.956249999999998,3.8299999999999987,28.861818749999998
2026-08-01T18:45:47.518Z,MCT2408035,15.236111,74.125,52.77777777777778,190.20824444444443,578.6666666666666,85.51204666666666,21.946304444444444,67.71911777777775,3.8000000000000003,10.232222222222223,4.9511111111111115,3.829999999999999,28.792922222222224
2026-08-01T18:30:00.000Z,MCT2408039,15.163611,74.110833,29,388.666875,450.9375,83.73359999999998,10.354374999999997,10.3,9.019999999999998,28.94,11.759999999999998,2.3,28.411363749999996
2026-08-01T18:40:00.000Z,MCT2408039,15.163611,74.110833,29,386.64124999999996,441.9375,83.68973124999997,10.631874999999997,10.3,9.019999999999998,28.94,11.759999999999998,2.3,28.420747500000004
2026-08-01T18:45:47.527Z,MCT2408039,15.163611,74.110833,29,395.5888888888889,436.22222222222223,83.65556,10.352222222222222,10.299999999999999,9.019999999999998,28.940000000000005,11.760000000000002,2.3000000000000003,28.396095555555558
2026-08-01T18:30:00.000Z,MCT2408038,15.188889,74.055556,34.5625,404.489375,665.3125,83.148045,14.281875000000001,13.330000000000005,10.088750000000001,32.120000000000005,17.567500000000003,4.73375,29.613914999999995
2026-08-01T18:40:00.000Z,MCT2408038,15.188889,74.055556,38.9375,372.56625,673.4375,83.439868125,14.134375,13.330000000000005,16.607499999999998,50.01249999999998,26.110000000000003,4.711875,29.590453749999995
2026-08-01T18:45:47.531Z,MCT2408038,15.188889,74.055556,41.44444444444444,364.83666666666664,672.1111111111111,83.53179,14.290000000000001,13.33,18.51222222222222,54.78222222222222,28.046666666666667,4.738888888888889,29.578241111111108
2026-08-01T19:10:00.000Z,MCT2408020,15.543475,74.039433,22.076923076923077,180,608.2307692307693,89.11624769230768,9.553603769230769,19.79928230769231,5.569999999999999,18.71153846153846,10.291538461538462,3.659999999999999,28.10193307692307
2026-08-01T19:20:00.000Z,MCT2408020,15.543475,74.039433,21.8,180,603.3333333333334,89.12023933333333,9.2218066,19.169676,5.5699999999999985,19.942666666666664,11.522,3.6599999999999984,28.13487733333334
2026-08-01T19:30:00.000Z,MCT2408020,15.543475,74.039433,21.9375,180,603.75,88.46382374999999,8.9796611875,18.833618125,5.5699999999999985,20.5025,12.080000000000002,3.6599999999999984,28.35840875
2026-08-01T19:40:00.000Z,MCT2408020,15.543475,74.039433,21.6875,180,600.8125,88.62642687499999,9.025047375,18.731878125,5.5699999999999985,19.5125,11.091875000000002,3.6599999999999984,28.291375625
2026-08-01T19:50:00.000Z,MCT2408020,15.543475,74.039433,21.75,180,604.5625,88.98596062500002,9.253017875,18.885455000000004,5.5699999999999985,19.629374999999996,11.208125000000003,3.6599999999999984,28.148596875000003
2026-08-01T20:00:00.000Z,MCT2408020,15.543475,74.039433,22,180,604.4375,88.90490062500001,9.229218874999999,18.917684375,5.5699999999999985,20.152499999999996,11.731250000000003,3.6599999999999984,28.153958124999996
2026-08-01T20:02:08.081Z,MCT2408020,15.543475,74.039433,22.25,180,610,89.16334499999999,9.313879,18.8361425,5.800000000000001,20.7375,12.08,3.66,28.105025
2026-08-01T19:10:00.000Z,MCT2408028,15.186944,74.096667,53.63157894736842,673.6236842105264,449.05263157894734,90.55480526315792,17.929473684210524,12.761052631578947,14.769473684210524,54.42736842105264,33.277368421052635,1.6542105263157894,28.00158736842105
2026-08-01T19:20:00.000Z,MCT2408028,15.186944,74.096667,50.458333333333336,672.4991666666668,449.8333333333333,90.41393083333332,17.88083333333333,13.117083333333332,12.483333333333333,47.47875,29.450833333333325,1.678333333333333,28.058551666666673
2026-08-01T19:30:00.000Z,MCT2408028,15.186944,74.096667,51.72,670.3332000000003,452.04,90.48101880000002,17.745600000000003,12.933199999999998,14.022800000000002,51.10919999999998,30.97759999999999,1.6495999999999995,28.087972399999998
2026-08-01T19:40:00.000Z,MCT2408028,15.186944,74.096667,43.96,660.5776000000001,455.76,90.54022119999999,17.429600000000004,12.771999999999998,8.670000000000003,33.966400000000014,21.792799999999996,1.3507999999999998,28.067810399999995
2026-08-01T19:50:00.000Z,MCT2408028,15.186944,74.096667,43.52,655.9207999999999,458.96,90.85882480000001,17.471200000000003,12.888,8.070000000000002,32.29600000000001,21.116000000000003,1.1467999999999998,27.9275284
2026-08-01T20:00:00.000Z,MCT2408028,15.186944,74.096667,43.64,655.9435999999998,456.72,91.09198040000003,17.632,12.896400000000002,8.070000000000002,32.65320000000001,21.4744,1.1971999999999998,27.798398000000002
2026-08-01T20:02:08.081Z,MCT2408028,15.186944,74.096667,41.8,654.01,457.2,91.08252,17.857999999999997,12.685999999999998,8.190000000000001,30.028000000000002,18.688,1.082,27.753778000000004
2026-08-01T19:10:00.000Z,MCT2408057,15.272222,74.104722,29.85,343.8579999999999,486.8,85.69540399999998,12.357000000000003,8.858500000000001,3.4899999999999993,12.946000000000002,7.860500000000002,2.086,29.185579999999998
2026-08-01T19:20:00.000Z,MCT2408057,15.272222,74.104722,29.916666666666668,346.0808333333334,488.7916666666667,85.82675666666664,12.382083333333334,8.847500000000002,3.603333333333333,13.145416666666664,7.934166666666666,2.0762499999999995,29.165469583333344
2026-08-01T19:30:00.000Z,MCT2408057,15.272222,74.104722,29.84,345.14439999999996,486,85.78649960000001,12.280799999999997,8.940000000000003,3.697199999999999,13.887599999999996,8.590800000000003,2.2843999999999998,29.186223999999992
2026-08-01T19:40:00.000Z,MCT2408057,15.272222,74.104722,29.76,348.9236,473.72,85.3827508,12.283999999999999,8.958400000000001,3.2439999999999993,12.393600000000001,7.773599999999999,2.3659999999999997,29.07253880000001
2026-08-01T19:50:00.000Z,MCT2408057,15.272222,74.104722,29.8,348.6944,467.04,85.43035879999998,12.254799999999998,8.997200000000001,3.315999999999999,12.709999999999997,7.949200000000001,2.356,29.079832000000007
2026-08-01T20:00:00.000Z,MCT2408057,15.272222,74.104722,29.88,350.43600000000004,470.44,84.8270264,12.263999999999996,8.974800000000002,3.052,11.894000000000004,7.639199999999999,2.2343999999999995,29.223118
2026-08-01T20:02:08.126Z,MCT2408057,15.272222,74.104722,29.8,350.556,474.6,84.333556,12.222,8.914,2.98,11.534,7.418000000000001,2.234,29.401156000000004
2026-08-01T19:10:00.000Z,MCT2408056,15.579167,73.920833,22.53846153846154,180,684.6153846153846,88.9484030769231,7.02,10.16233276923077,4.906923076923077,18.564615384615383,12.111538461538462,1.5815384615384613,28.35686076923077
2026-08-01T19:20:00.000Z,MCT2408056,15.579167,73.920833,23.875,180,679,88.9368475,6.97375,10.679137375,5.21875,20.663749999999997,13.648750000000001,1.6493749999999996,28.320871874999995
2026-08-01T19:30:00.000Z,MCT2408056,15.579167,73.920833,23.4375,180,673.3125,88.96975000000003,6.9825,12.878667625000002,5.0425,19.923125,13.237500000000002,1.9131249999999995,28.32355187499999
2026-08-01T19:40:00.000Z,MCT2408056,15.579167,73.920833,22.9375,180,672.9375,89.09181999999997,5.408124999999999,63.04723375,4.748749999999999,18.441875000000003,12.301250000000001,6.3931249999999995,28.347014375000008
2026-08-01T19:50:00.000Z,MCT2408056,15.579167,73.920833,23.5,180,669.6875,89.12329,6.118124999999999,48.704226875,4.924999999999999,19.466874999999998,13.003125000000002,6.2006250000000005,28.345003750000007
2026-08-01T20:00:00.000Z,MCT2408056,15.579167,73.920833,23.75,180,661.1875,89.27111,5.1793749999999985,54.07775625,4.924999999999999,20.095,13.649375000000001,6.045,28.254506874999997
2026-08-01T20:02:08.126Z,MCT2408056,15.579167,73.920833,29.666666666666668,246.53189999999998,674,89.13855000000001,11.803333333333333,68.86931333333332,4.69,20.343333333333334,14.37,9.200000000000001,28.28288333333333
2026-08-01T19:10:00.000Z,MCT2408055,15.585833,73.885556,19.833333333333332,109.31416666666667,644,89.57469833333334,8.345,20.206743333333332,4.7825,17.49,11.418333333333335,1.595,27.902144166666673
2026-08-01T19:20:00.000Z,MCT2408055,15.585833,73.885556,19.375,108.764375,640.1875,89.81327437499998,8.33875,21.839218750000004,4.375000000000001,16.366249999999997,10.778749999999999,1.570625,27.814781250000003
2026-08-01T19:30:00.000Z,MCT2408055,15.585833,73.885556,19.466666666666665,109.19733333333333,639.0666666666667,89.52307266666668,8.520666666666667,21.833332,4.386,16.05333333333333,10.40533333333333,1.6833333333333333,27.936823999999998
2026-08-01T19:40:00.000Z,MCT2408055,15.585833,73.885556,19.6875,109.53937499999999,644.9375,89.414161875,8.335624999999999,19.910541875,4.724375000000001,17.47625,11.461875,1.5624999999999998,27.979006875000003
2026-08-01T19:50:00.000Z,MCT2408055,15.585833,73.885556,19.3125,109.62875000000001,641.5,89.632553125,8.397500000000003,20.824188125,4.636875,16.695624999999996,10.779374999999998,1.7137499999999997,27.891196875000002
2026-08-01T20:00:00.000Z,MCT2408055,15.585833,73.885556,19.466666666666665,109.61066666666667,639.3333333333334,89.63497000000001,8.346666666666668,19.24045866666667,4.479333333333334,16.711333333333332,10.905333333333333,1.5326666666666668,27.820275999999996
2026-08-01T20:02:08.139Z,MCT2408055,15.585833,73.885556,19.25,109.92999999999999,641.5,89.617295,8.0825,19.651715,4.375,15.9525,10.225,1.4474999999999998,27.77523
2026-08-01T19:10:00.000Z,MCT2408053,15.263333,74.110833,49.30769230769231,225.2174307692308,611.9230769230769,89.81639230769231,21.07923076923077,25.267692307692307,4.8730769230769235,17.052307692307696,11.192307692307695,6.723076923076925,28.03510769230769
2026-08-01T19:20:00.000Z,MCT2408053,15.263333,74.110833,49.53333333333333,238.61335333333332,628.8,89.87198933333333,21.12,25.642666666666667,6.1819999999999995,21.52,14.212,6.854000000000001,27.979722666666664
2026-08-01T19:30:00.000Z,MCT2408053,15.263333,74.110833,50.0625,249.11880624999998,607.375,89.96586124999999,21.57375,25.680625000000003,5.623125000000001,19.810624999999995,13.182500000000003,6.924375,27.994424999999996
2026-08-01T19:40:00.000Z,MCT2408053,15.263333,74.110833,50.75,253.24605,603.125,90.23479937500002,22.076875000000005,23.81125000000001,4.590000000000002,13.306875000000002,7.545625000000001,6.817499999999999,27.870416874999997
2026-08-01T19:50:00.000Z,MCT2408053,15.263333,74.110833,50.4375,251.03251875,590.25,90.29344937499998,21.989375,24.343750000000004,4.590000000000002,13.24625,7.474375,6.974374999999999,27.791990000000002
2026-08-01T20:00:00.000Z,MCT2408053,15.263333,74.110833,49.9375,250.44904375,577.8125,90.50373375000002,21.515625,25.162500000000005,4.590000000000002,12.821874999999999,6.981249999999999,6.866875,27.749755625
2026-08-01T20:02:08.291Z,MCT2408053,15.263333,74.110833,46.333333333333336,249.91743333333332,599.6666666666666,90.51184,18.313333333333333,26.543333333333333,4.59,13.286666666666667,7.523333333333333,6.53,27.735903333333336
2026-08-01T19:10:00.000Z,MCT2408052,15.444425,74.063856,29.083333333333332,160.24599166666667,617.5,86.75881500000001,3.891579166666667,8,10.368333333333334,29.37,14.152500000000002,2,28.65558083333333
2026-08-01T19:20:00.000Z,MCT2408052,15.444425,74.063856,29.4,160.06343999999999,624.8666666666667,86.50335600000001,3.769403600000001,8,10.524666666666667,29.817333333333334,14.359333333333336,2,28.682572666666662
2026-08-01T19:30:00.000Z,MCT2408052,15.444425,74.063856,29.866666666666667,160.14132666666669,588.4,86.19818200000002,3.8100118666666676,8,10.815333333333333,30.619999999999997,14.727333333333332,2,28.767656666666667
2026-08-01T19:40:00.000Z,MCT2408052,15.444425,74.063856,29.25,160.03308125,584.4375,86.45252687499999,3.8001317500000003,8,10.4725,29.461875,14.066875000000001,2,28.716357499999994
2026-08-01T19:50:00.000Z,MCT2408052,15.444425,74.063856,29.625,161.12576875,605.25,86.89026374999997,3.9979386875,8.234968125,10.619375,30.258125,14.6475,2,28.630554999999998
2026-08-01T20:00:00.000Z,MCT2408052,15.444425,74.063856,28.9375,160.273875,617.375,86.86165187499999,3.8389476250000003,8,10.115,28.707500000000007,13.785625000000003,2,28.664742499999996
2026-08-01T20:02:08.293Z,MCT2408052,15.444425,74.063856,28.25,160,599.75,86.74101250000001,3.8505265,8,9.865,27.675,13.115,2,28.70831
2026-08-01T19:10:00.000Z,MCT2408021,15.500556,74.053333,49.25,375,507.0833333333333,88.90585333333333,20.970000000000002,14.348151666666666,2.86,8.7675,5.315833333333333,4.328333333333333,27.886950833333334
2026-08-01T19:20:00.000Z,MCT2408021,15.500556,74.053333,49.25,375,500.5,88.94590687499999,20.986250000000002,14.433728125000002,2.86,8.968750000000002,5.534375,4.34875,27.875778750000002
2026-08-01T19:30:00.000Z,MCT2408021,15.500556,74.053333,49.125,375,499.8125,88.789504375,20.849375000000002,14.459431874999998,2.86,8.750000000000002,5.296250000000001,4.329375000000001,27.907284375000003
2026-08-01T19:40:00.000Z,MCT2408021,15.500556,74.053333,49.1875,375,495.1875,88.53010625,20.884375,14.545679375000002,2.86,8.941875,5.5043750000000005,4.325,27.929404375
2026-08-01T19:50:00.000Z,MCT2408021,15.500556,74.053333,49.375,375,500.8125,88.34890812499998,21.107499999999995,14.59051375,2.86,9.43,6.039375,4.350625,27.955546875
2026-08-01T20:00:00.000Z,MCT2408021,15.500556,74.053333,49,375,498.75,88.55299375,20.795624999999998,14.375468125,2.86,9.130624999999997,5.711249999999999,4.304374999999999,27.912648125000004
2026-08-01T20:02:08.338Z,MCT2408021,15.500556,74.053333,49.333333333333336,375,504.6666666666667,88.71638666666666,21.05333333333333,14.377863333333332,2.86,9.42,6.03,4.253333333333334,27.900356666666667
2026-08-01T19:10:00.000Z,MCT2408043,15.221111,74.087222,56.833333333333336,211.86666666666667,623,81.825775,24.16,32.1375,6.964999999999999,31.86333333333333,21.459166666666665,5.29,29.558279166666665
2026-08-01T19:20:00.000Z,MCT2408043,15.221111,74.087222,57,212.898125,623.0625,82.070391875,24.216250000000002,31.968125,7.361874999999999,34.278124999999996,23.14,5.290000000000001,29.53079625
2026-08-01T19:30:00.000Z,MCT2408043,15.221111,74.087222,56.53333333333333,212.874,612.2666666666667,82.36364733333333,24.111333333333334,31.44333333333333,7.345999999999999,32.186,21.09666666666666,5.290000000000001,29.36468933333333
2026-08-01T19:40:00.000Z,MCT2408043,15.221111,74.087222,56.8125,212.45749999999998,635.6875,83.13135500000001,24.20625,31.524999999999995,6.964999999999998,30.736875,20.418750000000003,5.290000000000001,29.04012125
2026-08-01T19:50:00.000Z,MCT2408043,15.221111,74.087222,56.75,211.67374999999998,642.8125,83.46704874999998,24.185,31.90125,6.885624999999999,30.175,20.016875,5.290000000000001,28.695576874999993
2026-08-01T20:00:00.000Z,MCT2408043,15.221111,74.087222,56.9375,204.94500000000002,645.1875,84.18421125000002,24.240000000000002,31.945624999999996,8.786875,34.0375,20.978749999999998,5.290000000000001,28.353044374999996
2026-08-01T20:02:08.339Z,MCT2408043,15.221111,74.087222,57,208.70000000000002,645.3333333333334,85.05682333333334,24.30666666666667,32.06666666666667,7.176666666666667,30.47,19.646666666666665,5.29,28.111283333333333
2026-08-01T19:10:00.000Z,MCT2408051,15.486528,74.033889,51.81818181818182,364.52000000000004,495.6363636363636,93.24039272727272,21.971818181818175,5.1899999999999995,3.7299999999999995,10.569999999999999,4.980000000000001,4.39,27.479803636363634
2026-08-01T19:20:00.000Z,MCT2408051,15.486528,74.033889,52,364.40062500000005,499.75,93.22838312500002,22.085624999999993,5.1899999999999995,3.7299999999999986,10.569999999999997,4.980000000000002,4.39,27.543300624999993
2026-08-01T19:30:00.000Z,MCT2408051,15.486528,74.033889,51.8125,361.543125,507.4375,93.28846375,21.959374999999998,5.1899999999999995,3.7299999999999986,10.569999999999997,4.980000000000002,4.39,27.539947499999997
2026-08-01T19:40:00.000Z,MCT2408051,15.486528,74.033889,52.13333333333333,358.8066666666667,513.9333333333333,93.47967533333333,22.15533333333333,5.1899999999999995,3.7299999999999986,10.569999999999997,4.980000000000002,4.39,27.48350933333332
2026-08-01T19:50:00.000Z,MCT2408051,15.486528,74.033889,51.9375,360.79937499999994,511,93.73573562499998,22.033124999999995,5.1899999999999995,3.7299999999999986,10.569999999999997,4.980000000000002,4.39,27.486324375
2026-08-01T20:00:00.000Z,MCT2408051,15.486528,74.033889,51.9375,359.489375,511.75,93.91311937500001,22.039374999999996,5.1899999999999995,3.7299999999999986,10.569999999999997,4.980000000000002,4.39,27.520508125000003
2026-08-01T20:02:08.348Z,MCT2408051,15.486528,74.033889,52,357.0833333333333,511.6666666666667,93.9883,22.086666666666662,5.19,3.73,10.57,4.98,4.39,27.532126666666667
2026-08-01T19:10:00.000Z,MCT2408050,15.553611,73.958333,27.75,86.02999999999999,521.5,90.15834666666666,11.440833333333332,4.2175,5.160833333333334,20.46666666666667,12.689166666666665,2.909166666666667,28.051401666666667
2026-08-01T19:20:00.000Z,MCT2408050,15.553611,73.958333,27.8125,86.02999999999999,499.3125,89.88575312500001,11.608750000000002,4.164999999999999,4.55875,18.998125,12.334999999999999,2.679375,28.088938124999995
2026-08-01T19:30:00.000Z,MCT2408050,15.553611,73.958333,27.625,86.02999999999999,494.75,89.99352,11.345,4.293125,4.771250000000001,20.179375,13.07875,2.854375,28.103685624999997
2026-08-01T19:40:00.000Z,MCT2408050,15.553611,73.958333,27.866666666666667,86.02999999999999,514.2666666666667,90.16088933333334,11.553333333333336,4.197333333333334,5.033333333333333,20.266000000000002,12.816666666666666,2.7740000000000005,28.050508666666666
2026-08-01T19:50:00.000Z,MCT2408050,15.553611,73.958333,27.625,86.02999999999999,502.25,90.43602562500003,11.3675,4.282500000000001,5.249375,20.66375,12.759999999999998,2.488125,27.975656875
2026-08-01T20:00:00.000Z,MCT2408050,15.553611,73.958333,27.8125,86.02999999999999,501.8125,90.23670687500001,11.575000000000001,4.056875000000001,5.09,20.12625,12.441249999999998,2.69375,28.006490625
2026-08-01T20:02:08.500Z,MCT2408050,15.553611,73.958333,27.666666666666668,86.03000000000002,489.6666666666667,90.3974,11.363333333333332,4.016666666666667,5.09,18.603333333333335,10.776666666666666,2.766666666666667,27.961129999999997
2026-08-01T19:10:00.000Z,MCT2408034,15.356389,74.123611,51.35,207.98890499999993,429.8,76.55920449999999,20.7065,4.3025,6.379999999999998,22.555999999999994,13.174000000000001,1.9744999999999997,31.198683
2026-08-01T19:20:00.000Z,MCT2408034,15.356389,74.123611,52.041666666666664,191.9305208333333,436.3333333333333,76.40636249999999,21.28583333333333,4.355416666666666,6.379999999999998,22.703749999999996,13.320833333333333,1.6833333333333333,31.276527499999997
2026-08-01T19:30:00.000Z,MCT2408034,15.356389,74.123611,51.76,199.52996000000002,434.08,75.9003296,21.0912,4.755199999999999,7.619599999999998,25.8852,14.702799999999998,1.7012000000000007,31.480535200000006
2026-08-01T19:40:00.000Z,MCT2408034,15.356389,74.123611,54.416666666666664,194.64172499999998,439.7916666666667,75.74260333333335,23.415000000000003,4.849583333333333,8.354166666666663,29.776250000000008,17.502083333333335,1.50375,31.50130583333333
2026-08-01T19:50:00.000Z,MCT2408034,15.356389,74.123611,50.92,197.765972,438.92,75.8154908,20.092399999999998,4.3336,9.442399999999997,32.8608,18.9776,1.5612000000000001,31.390016400000004
2026-08-01T20:00:00.000Z,MCT2408034,15.356389,74.123611,51.28,195.50794400000004,440.96,75.78771919999997,19.623199999999997,3.7239999999999993,10.427199999999997,34.774800000000006,19.427999999999997,1.6856000000000002,31.365991999999995
2026-08-01T20:02:08.499Z,MCT2408034,15.356389,74.123611,54.6,203.31368000000003,429.2,75.43921,23.722,5.24,6.38,23.446,14.065999999999999,1.6780000000000002,31.479676
2026-08-01T19:10:00.000Z,MCT2408030,15.142519,74.075003,27.666666666666668,164.578925,425.5833333333333,84.14956166666666,8.695833333333335,6.200000000000002,9.370000000000001,26.385000000000005,14.120833333333332,4.118333333333334,28.59123083333333
2026-08-01T19:20:00.000Z,MCT2408030,15.142519,74.075003,27.933333333333334,164.66307999999998,426.4,84.25726133333333,8.738666666666665,6.200000000000002,9.370000000000001,26.826000000000004,14.578,4.22,28.590337333333334
2026-08-01T19:30:00.000Z,MCT2408030,15.142519,74.075003,27.5625,163.83706875000001,420.4375,84.31819999999998,8.5625,6.200000000000002,9.370000000000001,25.948125,13.6675,3.989375,28.597040000000007
2026-08-01T19:40:00.000Z,MCT2408030,15.142519,74.075003,27.5,164.48659375,427.5625,84.135098125,8.703125,6.200000000000002,9.370000000000001,26.005625000000002,13.728125000000002,4.18125,28.574920625000004
2026-08-01T19:50:00.000Z,MCT2408030,15.142519,74.075003,27.333333333333332,167.91829999999996,419.46666666666664,83.86816133333332,8.603333333333333,6.200000000000002,9.370000000000001,25.610666666666663,13.316666666666668,4.332666666666666,28.49881533333333
2026-08-01T20:00:00.000Z,MCT2408030,15.142519,74.075003,27.25,166.5171125,426,84.133666875,8.647499999999999,6.200000000000002,9.370000000000001,25.322499999999994,13.018125000000001,4.213749999999999,28.408682500000005
2026-08-01T20:02:08.550Z,MCT2408030,15.142519,74.075003,26.333333333333332,163.75266666666667,426.6666666666667,84.30405666666667,8.613333333333335,6.2,9.37,24.94333333333333,12.623333333333335,4.286666666666666,28.340086666666668
2026-08-01T19:10:00.000Z,MCT2408023,15.499722,74.020833,33.583333333333336,237.615,490.5,88.99994666666667,10.213333333333333,18.890833333333333,6.340000000000001,23.74416666666666,17.0375,5.395833333333333,27.89052666666667
2026-08-01T19:20:00.000Z,MCT2408023,15.499722,74.020833,34.5625,234.7025,493.5,88.9459075,10.493749999999999,19.491875000000004,6.576250000000001,25.409375000000008,18.396875,5.451875,27.873099375
2026-08-01T19:30:00.000Z,MCT2408023,15.499722,74.020833,33.75,236.41562500000003,495.75,88.76995374999998,10.273749999999998,18.844375,6.656250000000002,24.616874999999997,17.490625,5.4825,27.905273125
2026-08-01T19:40:00.000Z,MCT2408023,15.499722,74.020833,33.875,239.17562500000003,497.25,89.00408000000002,10.254999999999997,18.988125000000004,6.4975000000000005,24.617500000000003,17.671874999999996,5.46125,27.822825
2026-08-01T19:50:00.000Z,MCT2408023,15.499722,74.020833,34.266666666666666,236.88800000000003,498.2,89.171104,10.213999999999999,18.808666666666667,6.340000000000002,24.738666666666667,18.173333333333336,5.386,27.79596533333333
2026-08-01T20:00:00.000Z,MCT2408023,15.499722,74.020833,35.0625,242.1575,495.25,89.28827812499996,9.965,18.817500000000003,6.340000000000002,25.489375,19.031250000000004,5.4575,27.822155
2026-08-01T20:02:08.551Z,MCT2408023,15.499722,74.020833,35.5,237.8225,493.5,89.415115,10.215,19.0475,6.34,25.964999999999996,19.575000000000003,5.119999999999999,27.85567
2026-08-01T19:10:00.000Z,MCT2408029,15.333611,74.206944,14.25,473.9480166666667,618.25,92.91001333333332,2.605,7.1866666666666665,3.284166666666667,12.668333333333331,8.138333333333334,3.5841666666666665,27.885163333333328
2026-08-01T19:20:00.000Z,MCT2408029,15.333611,74.206944,13.625,477.88400000000007,639.6875,92.95944625,2.8575,7.1825,3.1243749999999997,11.559375000000001,7.2806250000000015,3.5,27.892536875000005
2026-08-01T19:30:00.000Z,MCT2408029,15.333611,74.206944,14,482.1837249999999,636.25,92.750590625,3.3512499999999994,7.365,3.0137499999999995,11.66875,7.6106250000000015,3.50375,27.974986249999997
2026-08-01T19:40:00.000Z,MCT2408029,15.333611,74.206944,13.2,477.49965333333336,658.4666666666667,92.78489133333336,2.7466666666666666,7.1626666666666665,2.9399999999999995,10.710666666666667,6.785333333333335,3.5,27.954698666666662
2026-08-01T19:50:00.000Z,MCT2408029,15.333611,74.206944,14,474.43518750000004,658,92.94418687500001,2.8456249999999996,7.5268749999999995,3.198125,11.920625000000001,7.5375,3.5325,27.911976875
2026-08-01T20:00:00.000Z,MCT2408029,15.333611,74.206944,14.1875,473.1890812500001,634.25,92.99616187500001,2.9143749999999997,7.2975,3.1981249999999997,12.573124999999997,8.164375,3.7162500000000005,27.891197500000004
2026-08-01T20:02:08.551Z,MCT2408029,15.333611,74.206944,14,480.0481333333333,628.6666666666666,92.93799,3.6766666666666663,7.613333333333333,3.3333333333333335,12.523333333333333,7.843333333333333,3.5,27.90393
2026-08-01T19:10:00.000Z,MCT2408040,15.528056,74.020833,19,102.02846153846154,454.2307692307692,87.05865923076922,8.061538461538463,4.773076923076923,3.0807692307692305,10.04076923076923,5.243076923076924,3.5,28.6786123076923
2026-08-01T19:20:00.000Z,MCT2408040,15.528056,74.020833,18.9375,110.9,455.875,87.07146000000002,8.045,4.789999999999999,3.10875,10.110625,5.28625,3.5,28.670103749999996
2026-08-01T19:30:00.000Z,MCT2408040,15.528056,74.020833,18.8,100,451.53333333333336,86.91483533333334,7.945333333333335,4.644666666666667,3.07,8.746666666666666,4.067333333333333,3.5,28.712602666666665
2026-08-01T19:40:00.000Z,MCT2408040,15.528056,74.020833,18.5,120.8975,446.125,86.8826325,7.601250000000002,4.6625,3.07,9.514375,4.773125,3.5,28.68082937500001
2026-08-01T19:50:00.000Z,MCT2408040,15.528056,74.020833,18.75,217.94249999999997,455.4375,87.03188187499998,7.83875,4.736250000000001,3.07,9.690625,4.96375,3.5,28.59502875
2026-08-01T20:00:00.000Z,MCT2408040,15.528056,74.020833,18.75,119.549375,453.8125,87.298436875,7.870625,4.654375000000001,3.2725,10.811875,5.719999999999999,3.5,28.533361250000002
2026-08-01T20:02:08.708Z,MCT2408040,15.528056,74.020833,18.75,100,447.25,87.2617175,7.715,4.705,3.07,10.1775,5.395,3.5,28.57961
2026-08-01T19:10:00.000Z,MCT2408027,15.275556,74.1075,28.75,1160.695,481.75,89.700585,6.579999999999999,12.710000000000003,6.081666666666668,23.328333333333333,14.655833333333334,2.9499999999999997,28.392817499999992
2026-08-01T19:20:00.000Z,MCT2408027,15.275556,74.1075,27.9375,1153.331875,515,89.80469249999999,6.579999999999999,12.710000000000004,5.30125,21.314375,13.710625,2.9500000000000006,28.366451875
2026-08-01T19:30:00.000Z,MCT2408027,15.275556,74.1075,29.6875,1155.283125,541.375,89.60966500000002,6.579999999999999,12.746875000000003,6.162500000000001,24.394375,15.563125000000003,2.9500000000000006,28.373156249999997
2026-08-01T19:40:00.000Z,MCT2408027,15.275556,74.1075,29.5,1164.375,546.375,89.64256749999998,6.579999999999999,12.710000000000004,5.609375,23.41125,15.315000000000001,2.9500000000000006,28.25987
2026-08-01T19:50:00.000Z,MCT2408027,15.275556,74.1075,29.375,1170.85375,521.125,90.030711875,6.579999999999999,12.710000000000004,5.5481250000000015,23.287499999999994,15.253125000000002,2.9500000000000006,28.140555000000006
2026-08-01T20:00:00.000Z,MCT2408027,15.275556,74.1075,29.133333333333333,1171.5566666666666,526,90.08001666666664,6.579999999999999,12.647333333333338,5.720000000000001,23.19666666666667,14.953333333333335,2.9500000000000006,28.127014000000006
2026-08-01T20:02:08.708Z,MCT2408027,15.275556,74.1075,28,1170.6075,515.25,90.076965,6.58,12.71,5.9175,22.4275,13.8325,2.95,28.12916
2026-08-01T19:10:00.000Z,MCT2408049,15.475278,74.055833,56.583333333333336,150,454.3333333333333,85.72248833333332,24.13416666666667,12.097499999999997,6.579166666666667,22.853333333333328,13.554166666666667,2.61,28.4687875
2026-08-01T19:20:00.000Z,MCT2408049,15.475278,74.055833,56.4375,150,455.9375,85.55082749999998,24.110625,12.399375000000001,6.275625,21.785,12.995,2.61,28.4837575
2026-08-01T19:30:00.000Z,MCT2408049,15.475278,74.055833,56.4375,150,453.4375,85.50552625,24.043125,12.08375,6.083749999999999,21.306874999999998,12.803749999999999,2.61,28.474373749999994
2026-08-01T19:40:00.000Z,MCT2408049,15.475278,74.055833,56.4375,150,455.625,85.30001124999998,24.03625,13.104374999999997,5.701874999999999,20.636875,12.611875000000001,2.61,28.509899374999996
2026-08-01T19:50:00.000Z,MCT2408049,15.475278,74.055833,56.666666666666664,150,453.8,85.56595866666666,24.139333333333333,13.892000000000003,6.183999999999999,22.166,13.400666666666666,2.61,28.447337999999995
2026-08-01T20:00:00.000Z,MCT2408049,15.475278,74.055833,56.8125,150,457,86.02432624999999,24.361250000000002,12.929375000000002,6.32375,22.935625,14.049375000000003,2.61,28.38455125
2026-08-01T20:02:08.760Z,MCT2408049,15.475278,74.055833,56.75,150,460.25,86.00096249999999,24.377499999999998,11.440000000000001,6.3225,22.790000000000003,14.0025,2.61,28.4455525
2026-08-01T19:10:00.000Z,MCT2408044,15.313669,74.140042,24,214.29,463.61538461538464,91.18088076923078,10.590769230769231,3.32,2.87,7.923076923076923,4.777692307692308,4.731360846153847,27.696851538461544
2026-08-01T19:20:00.000Z,MCT2408044,15.313669,74.140042,24,214.29,467.06666666666666,91.343444,10.613333333333332,3.32,2.8699999999999997,8.333333333333334,5.224666666666667,4.7447007333333335,27.748774000000004
2026-08-01T19:30:00.000Z,MCT2408044,15.313669,74.140042,24.066666666666666,214.29,469.53333333333336,91.24833199999999,10.692,3.3546666666666667,2.8699999999999997,8.233333333333333,5.118,4.215726333333334,27.83958000000001
2026-08-01T19:40:00.000Z,MCT2408044,15.313669,74.140042,24.3125,214.29,471.5625,91.53656375,10.8025,3.32,2.8699999999999997,8.40625,5.3062499999999995,4.779487125,27.737020625000003
2026-08-01T19:50:00.000Z,MCT2408044,15.313669,74.140042,24.333333333333332,214.29,473.8666666666667,91.70660600000002,10.799333333333331,3.3419999999999996,2.908666666666667,8.466666666666667,5.296666666666667,4.523760733333334,27.703012666666666
2026-08-01T20:00:00.000Z,MCT2408044,15.313669,74.140042,24.133333333333333,214.29,468.8,91.69541533333336,10.741333333333333,3.451333333333333,2.8699999999999997,8.233333333333333,5.116666666666665,4.531452933333332,27.667977333333333
2026-08-01T20:02:08.760Z,MCT2408044,15.313669,74.140042,24,214.29,476.6666666666667,91.46042999999999,10.603333333333333,3.32,2.8699999999999997,7.833333333333333,4.680000000000001,4.46453,27.678703333333335
2026-08-01T19:10:00.000Z,MCT2408037,15.394444,74.118333,25.333333333333332,160.14965833333335,442.3333333333333,85.5177675,10.613333333333335,216.09333333333333,4.768333333333334,22.691666666666666,13.802500000000002,3.633333333333333,28.13362666666666
2026-08-01T19:20:00.000Z,MCT2408037,15.394444,74.118333,25.1875,160,440.0625,85.56989875,10.680625000000001,215.84187499999996,4.599375,20.648124999999997,12.224375000000002,3.6943750000000004,28.0634675
2026-08-01T19:30:00.000Z,MCT2408037,15.394444,74.118333,25.3125,160.18706250000002,446.625,85.60518625,10.705625000000001,215.97937499999995,4.3675,19.675625,11.615000000000002,3.608125,28.019896874999997
2026-08-01T19:40:00.000Z,MCT2408037,15.394444,74.118333,25.4375,160.32756874999998,441.875,85.81356437500001,10.743125000000001,216.803125,4.09,20.187499999999996,12.505625000000002,3.7399999999999998,27.918678125
2026-08-01T19:50:00.000Z,MCT2408037,15.394444,74.118333,25.5625,161.70891874999998,433.5,85.87793875,10.809375,216.185625,4.04375,20.135625,12.552500000000002,3.7624999999999997,27.848297500000005
2026-08-01T20:00:00.000Z,MCT2408037,15.394444,74.118333,25.3125,161.07745625,435.25,85.79449062499998,10.72625,215.841875,3.9975,18.705624999999998,11.33375,3.6949999999999994,27.86103312499999
2026-08-01T20:02:08.917Z,MCT2408037,15.394444,74.118333,26,161.36233333333334,435.6666666666667,85.71803666666666,10.96,215.54666666666665,3.72,17.99,11.24,3.686666666666666,27.878906666666666
2026-08-01T19:10:00.000Z,MCT2408042,15.213889,74.071667,60.61538461538461,294.72538461538454,458.84615384615387,83.43645692307692,25.82384615384615,15.33923076923077,5.459999999999999,20.835384615384616,13.036153846153848,3.772307692307692,29.431021538461547
2026-08-01T19:20:00.000Z,MCT2408042,15.213889,74.071667,60.46666666666667,294.8953333333333,462.53333333333336,83.65708533333331,25.72533333333333,15.634666666666668,5.581333333333333,21.644666666666662,13.666666666666666,3.685333333333334,29.449778
2026-08-01T19:30:00.000Z,MCT2408042,15.213889,74.071667,61.1875,294.014375,462.6875,84.08073812500001,26.2025,15.363125,5.004999999999999,19.949999999999996,12.700000000000001,4.324375,29.316293124999998
2026-08-01T19:40:00.000Z,MCT2408042,15.213889,74.071667,61.0625,293.25562499999995,461.0625,83.92576687499998,25.84,15.462500000000002,4.549999999999999,17.044375,10.646875000000001,4.17625,28.94828875
2026-08-01T19:50:00.000Z,MCT2408042,15.213889,74.071667,60.6875,291.1725,467.0625,84.63434625,25.685625,15.504375000000001,5.232499999999998,18.98125,11.38875,3.65875,28.784727499999995
2026-08-01T20:00:00.000Z,MCT2408042,15.213889,74.071667,60.1875,290.010625,461.9375,85.34531000000001,25.383750000000003,15.624375,5.061874999999999,19.266874999999995,12.014999999999999,3.4743749999999993,28.849751249999997
2026-08-01T20:02:08.918Z,MCT2408042,15.213889,74.071667,60,283.21000000000004,463.3333333333333,85.53747333333332,25.413333333333338,16.27333333333333,6.673333333333333,24.016666666666666,14.276666666666666,3.176666666666667,28.90136666666667
2026-08-01T19:10:00.000Z,MCT2408041,15.224628,74.171389,32.69230769230769,472.94143076923075,445.0769230769231,86.72296538461538,13.753076923076922,9.700000000000001,8.090000000000002,22.80461538461539,11.444615384615386,8.251538461538463,28.441014615384617
2026-08-01T19:20:00.000Z,MCT2408041,15.224628,74.171389,32.75,472.00961875,442.6875,86.74053562499999,13.739999999999998,9.7,8.090000000000002,23.236875,11.876874999999998,8.064375,28.446220625000002
2026-08-01T19:30:00.000Z,MCT2408041,15.224628,74.171389,32.53333333333333,457.7949,446.46666666666664,86.47691,13.649333333333333,9.7,8.090000000000002,22.572000000000003,11.213333333333331,7.855999999999999,28.525272666666663
2026-08-01T19:40:00.000Z,MCT2408041,15.224628,74.171389,32.6875,470.73411875,445.625,87.15776875000002,13.68875,9.7,8.090000000000002,23.591250000000006,12.231874999999999,8.145,28.363770624999994
2026-08-01T19:50:00.000Z,MCT2408041,15.224628,74.171389,32.5625,469.82613125000006,436.3125,87.43671812499997,13.63125,9.7,8.090000000000002,22.0725,10.716249999999999,8.08625,28.218979375
2026-08-01T20:00:00.000Z,MCT2408041,15.224628,74.171389,32.6875,466.4125,437.375,87.46580437499999,13.649375000000001,9.7,8.090000000000002,22.224375000000002,10.866249999999999,8.024375000000001,28.210263750000003
2026-08-01T20:02:08.973Z,MCT2408041,15.224628,74.171389,32.666666666666664,467.7954,445.6666666666667,87.70930666666668,13.69,9.7,8.09,21.599999999999998,10.246666666666668,7.946666666666666,28.175633333333334
2026-08-01T19:10:00.000Z,MCT2408033,15.346944,74.007778,20.76923076923077,115.25742307692309,485.38461538461536,85.37432307692308,8.61923076923077,42.84059538461538,4.055384615384616,13.728461538461538,10.045384615384616,4.39,29.157942307692306
2026-08-01T19:20:00.000Z,MCT2408033,15.346944,74.007778,20.875,121.51825,499.9375,84.99340437499998,8.884375,43.478918125,4.128750000000001,13.5575,9.778749999999999,4.39,29.217085625
2026-08-01T19:30:00.000Z,MCT2408033,15.346944,74.007778,21,121.79062666666668,485,84.34576399999999,8.965333333333335,40.58032333333334,4.081333333333334,13.402666666666667,9.686,4.39,29.35682466666667
2026-08-01T19:40:00.000Z,MCT2408033,15.346944,74.007778,21,123.0026375,478,84.62099437500001,9.009375,40.4151,4.0531250000000005,13.3,9.55875,4.39,29.268699375
2026-08-01T19:50:00.000Z,MCT2408033,15.346944,74.007778,21.5,126.17790624999999,480.25,84.40212687499998,9.338125000000002,40.8556125,4.015625000000001,13.173124999999999,9.411249999999999,4.39,29.294169375
2026-08-01T20:00:00.000Z,MCT2408033,15.346944,74.007778,24.3125,125.79613750000003,474.0625,84.289115625,10.8225,40.551583750000006,3.7887500000000007,12.948749999999997,9.484375,4.39,29.27808375
2026-08-01T20:02:08.973Z,MCT2408033,15.346944,74.007778,21.75,128.768125,495.25,84.2690875,8.77,40.1468375,4.2425,13.4625,9.557500000000001,4.39,29.2821025
2026-08-01T19:10:00.000Z,MCT2408045,15.619444,73.878889,27.692307692307693,180.20461538461538,546.7692307692307,85.3350023076923,11.564615384615385,16.696923076923078,3.173846153846154,13.120000000000001,7.743846153846154,2.5300000000000002,28.232283846153845
2026-08-01T19:20:00.000Z,MCT2408045,15.619444,73.878889,27.866666666666667,179.79799999999994,543.2666666666667,85.36149133333332,11.47,17.011333333333333,3.0866666666666673,13.272,7.991333333333334,2.5300000000000002,28.255713333333333
2026-08-01T19:30:00.000Z,MCT2408045,15.619444,73.878889,27.8125,179.66687499999998,541.625,85.259956875,11.502500000000001,16.9125,3.082500000000001,13.369375,8.09375,2.5300000000000002,28.357069375000002
2026-08-01T19:40:00.000Z,MCT2408045,15.619444,73.878889,27.8125,179.96687499999996,549.4375,85.32003750000001,11.466875,17.068749999999998,3.051250000000001,12.870625000000002,7.635000000000001,2.5300000000000002,28.356398125000002
2026-08-01T19:50:00.000Z,MCT2408045,15.619444,73.878889,27.4375,180.90687499999999,539.9375,85.442106875,11.230624999999998,16.756874999999997,3.082500000000001,13.19125,7.916875,2.5300000000000002,28.358408750000002
2026-08-01T20:00:00.000Z,MCT2408045,15.619444,73.878889,28,181.3825,543.625,85.40586749999997,11.689999999999998,16.524375,3.082500000000001,13.084375000000003,7.8125,2.5300000000000002,28.318859375000006
2026-08-01T20:02:09.128Z,MCT2408045,15.619444,73.878889,27,183.86333333333332,546.3333333333334,85.34674,10.850000000000001,16.743333333333336,3.186666666666667,13.5,8.103333333333333,2.53,28.275733333333335
2026-08-01T19:10:00.000Z,MCT2408024,15.148056,74.131667,40.63157894736842,218.998052631579,535.8947368421053,79.45042368421049,17.54209263157895,5.0554416842105265,5.368421052631579,21.8321052631579,14.09526315789474,2.5005263157894735,29.342785789473684
2026-08-01T19:20:00.000Z,MCT2408024,15.148056,74.131667,40.333333333333336,218.72834166666664,556.4166666666666,79.48895708333332,17.377389166666667,5,5.125,20.531666666666673,13.281666666666672,2.4929166666666664,29.393827916666666
2026-08-01T19:30:00.000Z,MCT2408024,15.148056,74.131667,40.48,219.957356,540.68,79.57922239999999,17.464816400000004,5.04213568,5.2,21.150000000000006,13.750000000000005,2.5023999999999997,29.398583600000006
2026-08-01T19:40:00.000Z,MCT2408024,15.148056,74.131667,40.416666666666664,219.61342500000003,576.8333333333334,79.87042500000001,17.488205000000004,5.109728333333334,5.540833333333333,21.906250000000004,13.906666666666672,2.4883333333333333,29.375952499999993
2026-08-01T19:50:00.000Z,MCT2408024,15.148056,74.131667,40.4,219.42359999999996,539.68,80.05041519999999,17.396276000000004,5,5.28,20.830000000000005,13.270000000000005,2.5332,29.269449999999996
2026-08-01T20:00:00.000Z,MCT2408024,15.148056,74.131667,40.28,220.00195600000004,586.52,80.21978839999998,17.375910400000002,5,5.3192,21.349600000000006,13.790000000000004,2.5076,29.2248348
2026-08-01T20:02:09.128Z,MCT2408024,15.148056,74.131667,40.6,220.31181999999998,592.6,80.253356,17.61322,5.210678400000001,5.4,21.79,13.99,2.506,29.22312
2026-08-01T19:10:00.000Z,MCT2408046,15.529167,74.07,31.15,273.3245,617.8,92.29711899999998,13.553425,15.420588450000002,5,12,5,3.9845000000000006,27.5355255
2026-08-01T19:20:00.000Z,MCT2408046,15.529167,74.07,31.083333333333332,310.4304166666667,624.9166666666666,92.36959583333332,13.534235833333334,13.218138125000003,5,12,5,4.144583333333334,27.494144166666675
2026-08-01T19:30:00.000Z,MCT2408046,15.529167,74.07,31,250.2048,610.48,92.38195559999998,13.411932000000002,12.458823680000002,5,12,5,4.090800000000001,27.4826484
2026-08-01T19:40:00.000Z,MCT2408046,15.529167,74.07,31.08,238.9648,619.92,92.4829712,13.561554400000002,13.072354200000001,5,12,5,4.155999999999999,27.446612800000008
2026-08-01T19:50:00.000Z,MCT2408046,15.529167,74.07,31.2,635.3412000000001,625.36,92.50433360000002,13.619571200000003,13.450588919999998,5,12,5,4.0156,27.39770840000001
2026-08-01T20:00:00.000Z,MCT2408046,15.529167,74.07,31.28,751.3384000000001,626.92,92.62975999999999,13.6152792,13.057060759999999,5,12,5,4.142799999999999,27.356952
2026-08-01T20:02:09.134Z,MCT2408046,15.529167,74.07,31.333333333333332,636.98,635.1666666666666,92.74725000000001,13.640835000000001,12.639708166666667,5,12,5,4.36,27.34265166666667
2026-08-01T19:10:00.000Z,MCT2408032,15.525556,73.828611,35.15,220.15800000000004,727.55,82.53378400000003,14.911000000000001,43.3925,7.120000000000002,17.424999999999997,7.433,3.175,29.466041999999998
2026-08-01T19:20:00.000Z,MCT2408032,15.525556,73.828611,35.083333333333336,217.85583333333332,732.1666666666666,82.7304941666667,14.913333333333336,44.05083333333334,7.120000000000002,18.549999999999997,8.553333333333336,3.1087500000000006,29.42600416666667
2026-08-01T19:30:00.000Z,MCT2408032,15.525556,73.828611,34.92,211.44199999999998,721.84,83.13849,14.736000000000004,43.6156,7.120000000000002,18.2064,8.211200000000003,2.9419999999999997,29.4727996
2026-08-01T19:40:00.000Z,MCT2408032,15.525556,73.828611,35.16,210.45999999999995,729.84,83.732666,14.955600000000004,42.9968,7.120000000000002,17.9788,7.984400000000002,2.8288000000000006,29.455209999999997
2026-08-01T19:50:00.000Z,MCT2408032,15.525556,73.828611,35.24,213.3028,736.6,83.69451999999997,15.012800000000004,43.582800000000006,7.120000000000002,18.604799999999997,8.607200000000004,2.7656000000000005,29.469796799999997
2026-08-01T20:00:00.000Z,MCT2408032,15.525556,73.828611,35.88,212.162,737.24,83.10339400000001,15.490000000000007,43.25880000000001,7.120000000000002,18.4336,8.438000000000004,2.87,29.483096
2026-08-01T20:02:09.183Z,MCT2408032,15.525556,73.828611,36.5,212.57666666666668,691.6666666666666,82.45901500000001,16.075,44.39166666666666,7.12,17.069999999999997,7.079999999999999,2.893333333333333,29.51627333333333
2026-08-01T19:10:00.000Z,MCT2408022,15.475833,74.038889,33.15384615384615,150,451.2307692307692,88.23534615384617,4.5200000000000005,11.327541538461539,8.615384615384615,30.923076923076923,18.692307692307693,4.285046692307692,27.92538230769231
2026-08-01T19:20:00.000Z,MCT2408022,15.475833,74.038889,32.06666666666667,150,451.53333333333336,88.27286933333333,4.664,11.310574666666666,7.866666666666666,28.266666666666666,17.266666666666666,4.269125000000001,27.903217333333334
2026-08-01T19:30:00.000Z,MCT2408022,15.475833,74.038889,32.75,150,454,88.28596625000002,4.391875,11.439444374999999,8.1875,29.5,18.125,4.327728875,27.892537500000007
2026-08-01T19:40:00.000Z,MCT2408022,15.475833,74.038889,32.625,150,450.625,88.27309062500001,4.5287500000000005,11.3873625,8.375,29.5,17.6875,4.289684875,27.897900625000002
2026-08-01T19:50:00.000Z,MCT2408022,15.475833,74.038889,33.4375,150,446.0625,88.233036875,4.431874999999999,11.45306125,8.625,31.3125,19.125,4.283010749999999,27.964261249999996
2026-08-01T20:00:00.000Z,MCT2408022,15.475833,74.038889,33.5,150,448.375,88.36654999999999,4.6206249999999995,11.336909375000003,8.8125,31.75,19.1875,4.289841624999999,27.95420625
2026-08-01T20:02:09.183Z,MCT2408022,15.475833,74.038889,34,150,451.6666666666667,88.44936,4.3,11.59538,9.333333333333334,33.333333333333336,20,4.253687666666667,27.96471
2026-08-01T19:10:00.000Z,MCT2408036,15.171567,74.067106,36.166666666666664,120,425.5,86.52039583333335,10.756666666666666,7.360833333333335,3.1566666666666663,13.000833333333333,8.613333333333332,11.094166666666666,28.797685833333333
2026-08-01T19:20:00.000Z,MCT2408036,15.171567,74.067106,35.75,120,426.0625,86.63992312500001,10.95,7.950625,3.0918750000000004,13.328749999999998,8.993749999999999,10.835625000000002,28.779365624999997
2026-08-01T19:30:00.000Z,MCT2408036,15.171567,74.067106,36.6875,120.6611375,423.5,86.90218375000003,11.559999999999999,7.711874999999999,3.1256249999999994,13.011250000000002,8.581875,11.133125,28.799474375000003
2026-08-01T19:40:00.000Z,MCT2408036,15.171567,74.067106,36.06666666666667,120,428.6666666666667,87.265788,10.319333333333331,7.393999999999999,3.158,13.169333333333334,8.748,11.096,28.788391999999995
2026-08-01T19:50:00.000Z,MCT2408036,15.171567,74.067106,36.125,120,431.5625,87.70803937499998,10.959999999999999,7.490624999999999,3.3543749999999997,13.866249999999999,9.151250000000001,11.079375,28.719036874999997
2026-08-01T20:00:00.000Z,MCT2408036,15.171567,74.067106,36.13333333333333,120,426.1333333333333,87.93564866666664,10.995333333333333,7.546,3.194000000000001,13.676666666666668,9.154,11.048,28.621796666666665
2026-08-01T20:02:09.335Z,MCT2408036,15.171567,74.067106,35.666666666666664,120,434,87.96871,10.803333333333335,7.636666666666667,2.8066666666666666,12.323333333333332,8.446666666666665,10.909999999999998,28.593909999999997
2026-08-01T19:10:00.000Z,MCT2408031,15.290833,74.149167,18.46153846153846,190.4502461538461,524.1538461538462,87.08330769230771,7.503410846153845,8.000749923076922,5.053846153846154,15.384615384615385,9.669999999999998,5.055384615384615,27.736453076923077
2026-08-01T19:20:00.000Z,MCT2408031,15.290833,74.149167,18.666666666666668,189.29549333333333,524.9333333333333,87.13913933333335,7.4331363333333345,8.6243398,5.3020000000000005,16.318666666666665,10.222000000000003,4.988666666666668,27.698007333333333
2026-08-01T19:30:00.000Z,MCT2408031,15.290833,74.149167,20.3125,190.0218875,527.0625,86.90266125,7.492477750000001,6.265068812499999,7.320625,20.489375,11.904375,5.07375,27.796011250000003
2026-08-01T19:40:00.000Z,MCT2408031,15.290833,74.149167,19.6875,192.5338375,516.5,87.23930687500001,7.4795448125,8.071038999999999,6.608125000000001,18.532500000000002,10.8625,5.415000000000001,27.582847500000003
2026-08-01T19:50:00.000Z,MCT2408031,15.290833,74.149167,18.0625,194.59394375000005,522.125,87.566895,7.4290009999999995,9.597660000000001,5.030624999999999,15.028125000000001,9.226249999999999,5.3875,27.385775625
2026-08-01T20:00:00.000Z,MCT2408031,15.290833,74.149167,18.25,192.25172500000002,519.625,87.500615,7.527845250000001,7.849777937499999,4.94125,15.10875,9.46375,5.05625,27.412589375000003
2026-08-01T20:02:09.335Z,MCT2408031,15.290833,74.149167,18,190.8777,515,87.40668000000001,7.5918495,8.449915,5.355,15.6525,9.525,5.15,27.464202500000003
2026-08-01T19:10:00.000Z,MCT2408035,15.236111,74.125,53.333333333333336,190.4022,582.6666666666666,86.05182333333333,22.290426666666665,63.524104999999984,3.7999999999999994,10.441666666666665,5.159999999999999,3.8299999999999987,28.74853166666667
2026-08-01T19:20:00.000Z,MCT2408035,15.236111,74.125,52.75,190,568.125,86.29040250000001,21.877325,66.60936312499999,3.799999999999999,10.284374999999999,5.003749999999998,3.8299999999999987,28.712335
2026-08-01T19:30:00.000Z,MCT2408035,15.236111,74.125,52.1875,190,576.8125,86.18216062500001,21.5285525,64.80423624999999,3.799999999999999,10.308749999999998,5.025625,3.8299999999999987,28.781376874999996
2026-08-01T19:40:00.000Z,MCT2408035,15.236111,74.125,52.25,190.16129999999998,563.125,86.45586625000001,21.498906875000003,61.81926374999998,3.799999999999999,10.284999999999998,5.0024999999999995,3.8299999999999987,28.698259375
2026-08-01T19:50:00.000Z,MCT2408035,15.236111,74.125,51.8125,190.15106249999997,549.8125,86.25368375000001,21.286155624999996,63.323535,3.799999999999999,10.260625,4.979999999999999,3.8299999999999987,28.616478750000006
2026-08-01T20:00:00.000Z,MCT2408035,15.236111,74.125,53.1875,190.06539375,574.625,86.18597625,22.139485625000002,67.18750062499998,3.799999999999999,10.19,4.909999999999998,3.8299999999999987,28.509228750000002
2026-08-01T20:02:09.339Z,MCT2408035,15.236111,74.125,52.333333333333336,190,583,86.12494,21.56808,71.67258333333332,3.7999999999999994,10.19,4.91,3.83,28.433036666666666
2026-08-01T19:10:00.000Z,MCT2408038,15.188889,74.055556,34.61538461538461,421.0884615384615,665.4615384615385,83.44525999999999,14.173076923076923,13.330000000000004,5.950000000000002,18.886923076923075,10.216923076923077,4.7700000000000005,29.57539846153846
2026-08-01T19:20:00.000Z,MCT2408038,15.188889,74.055556,34.8,393.25200000000007,667.8,83.62503999999998,14.444,13.330000000000005,9.556666666666667,29.887333333333338,16.204,4.753333333333334,29.562748
2026-08-01T19:30:00.000Z,MCT2408038,15.188889,74.055556,36.5,363.058125,666.25,83.78748375000002,14.200625,13.330000000000005,14.443124999999998,43.613749999999996,22.838124999999994,4.735625,29.576376875
2026-08-01T19:40:00.000Z,MCT2408038,15.188889,74.055556,35.125,427.07624999999996,667.8125,83.999674375,14.839375,13.330000000000005,6.102500000000002,19.073749999999997,10.155625,4.7775,29.464434375
2026-08-01T19:50:00.000Z,MCT2408038,15.188889,74.055556,34.5625,431.72499999999997,673.625,84.02828687499999,14.295625,13.330000000000005,5.950000000000002,16.961875000000003,8.201249999999998,4.756875,29.2968525
2026-08-01T20:00:00.000Z,MCT2408038,15.188889,74.055556,35,426.05062499999997,667.375,84.4126175,14.6975,13.330000000000005,5.950000000000002,16.961875000000003,8.070625,4.75625,29.159436250000002
2026-08-01T20:02:09.389Z,MCT2408038,15.188889,74.055556,35,425.37999999999994,672.6666666666666,84.58126,14.840000000000002,13.33,5.95,16.9,7.94,4.786666666666666,29.083693333333333
2026-08-01T19:10:00.000Z,MCT2408039,15.163611,74.110833,29,382.635,441.5,84.00650916666666,10.793333333333335,10.299999999999999,9.019999999999998,28.94,11.76,2.3000000000000003,28.382093333333334
2026-08-01T19:20:00.000Z,MCT2408039,15.163611,74.110833,29,357.86875,444.625,84.05784999999999,10.956874999999998,10.3,9.019999999999998,28.94,11.759999999999998,2.3,28.444879375
2026-08-01T19:30:00.000Z,MCT2408039,15.163611,74.110833,29,389.905,447.5,83.635371875,10.1825,10.3,9.019999999999998,28.94,11.759999999999998,2.3,28.658709375000004
2026-08-01T19:40:00.000Z,MCT2408039,15.163611,74.110833,29,366.55500000000006,437.5,83.853763125,10.2275,10.3,9.019999999999998,28.94,11.759999999999998,2.3,28.61312875
2026-08-01T19:50:00.000Z,MCT2408039,15.163611,74.110833,29,387.99875000000003,447.5,84.36111749999999,9.75375,10.3,9.019999999999998,28.94,11.759999999999998,2.3,28.46499
2026-08-01T20:00:00.000Z,MCT2408039,15.163611,74.110833,29,393.9973333333332,438.2,84.48309333333333,9.936666666666666,10.3,9.019999999999998,28.94,11.759999999999998,2.3,28.393712666666662
2026-08-01T20:02:09.389Z,MCT2408039,15.163611,74.110833,29,398.8325,425,84.55709499999999,8.805,10.3,9.02,28.94,11.76,2.3,28.37584
2026-08-01T20:50:00.000Z,MCT2408020,15.543475,74.039433,21.818181818181817,180,599.1818181818181,88.74390090909093,9.191540999999999,18.660341818181816,5.57,20.417272727272724,11.995454545454548,3.6599999999999993,28.213982727272732
2026-08-01T21:00:00.000Z,MCT2408020,15.543475,74.039433,21.625,180,600.9375,88.646453125,8.9686075625,18.543546250000002,5.5699999999999985,20.095,11.673125,3.6599999999999984,28.251154375000002
2026-08-01T21:10:00.000Z,MCT2408020,15.543475,74.039433,21.875,180,597.6875,88.61211937499999,9.3094575,18.56820125,5.5699999999999985,19.453749999999996,11.033750000000001,3.6599999999999984,28.2766275
2026-08-01T21:20:00.000Z,MCT2408020,15.543475,74.039433,21.8125,180,602.1875,88.52819874999997,9.3050361875,18.625088125,5.5699999999999985,19.22125,10.801250000000001,3.6599999999999984,28.286681250000004
2026-08-01T21:30:00.000Z,MCT2408020,15.543475,74.039433,21.625,180,600.75,88.44427437499999,9.2441745,18.627611875000003,5.5699999999999985,19.395625,10.975625,3.6599999999999984,28.296737500000003
2026-08-01T21:40:00.000Z,MCT2408020,15.543475,74.039433,21.8125,180,600.5625,88.44331937499999,9.361475875,18.845648750000002,5.5699999999999985,19.513125,11.091875000000002,3.6599999999999984,28.29472625
2026-08-01T21:43:19.598Z,MCT2408020,15.543475,74.039433,22,180,601.8,88.487,9.4785684,19.08745,5.57,19.012,10.591999999999999,3.66,28.260001999999997
2026-08-01T20:50:00.000Z,MCT2408028,15.186944,74.096667,42.8235294117647,660.5317647058826,450.7647058823529,91.85955117647059,17.93117647058823,13.04941176470588,8.284117647058823,33.16411764705883,21.404117647058825,1.868235294117647,27.58596117647058
2026-08-01T21:00:00.000Z,MCT2408028,15.186944,74.096667,42.75,655.9999999999999,453,91.56215333333334,17.99541666666666,13.0075,7.865000000000001,31.94333333333334,20.79375,1.8200000000000003,27.640717499999997
2026-08-01T21:10:00.000Z,MCT2408028,15.186944,74.096667,48,651.3044,453.48,91.5512692,18.013199999999998,13.023999999999996,12.0252,44.82400000000001,27.557599999999994,1.7975999999999996,27.643095600000006
2026-08-01T21:20:00.000Z,MCT2408028,15.186944,74.096667,53.92,646.924,461.16,91.59460399999996,17.702800000000007,12.8772,15.540400000000004,56.87560000000001,34.754,1.6211999999999998,27.6701224
2026-08-01T21:30:00.000Z,MCT2408028,15.186944,74.096667,48.08,647.462,458.56,91.83172600000003,17.547600000000006,12.7,12.226000000000006,45.1416,27.676800000000004,1.4448,27.660255199999984
2026-08-01T21:40:00.000Z,MCT2408028,15.186944,74.096667,46.92,645.8356,449.28,91.8854376,17.8164,12.771999999999998,10.870000000000003,41.523599999999995,26.24560000000001,1.6543999999999999,27.6598276
2026-08-01T21:43:19.599Z,MCT2408028,15.186944,74.096667,46.5,646.0437499999998,453.875,91.90420499999999,17.36,12.857499999999998,10.23875,40.52,25.847500000000004,1.65875,27.65859375
2026-08-01T20:50:00.000Z,MCT2408056,15.579167,73.920833,23.2,180,686.7,89.42236400000002,7.022,9.0788732,4.784,19.401999999999997,13.215,2.0900000000000003,28.132375000000003
2026-08-01T21:00:00.000Z,MCT2408056,15.579167,73.920833,24,180,676.9375,89.71600000000001,6.901249999999999,9.086120874999999,4.98375,20.494374999999998,14.00125,1.935,28.109048125
2026-08-01T21:10:00.000Z,MCT2408056,15.579167,73.920833,23.25,181.51300625,667.5,89.75176187500001,6.9293749999999985,23.851377749999997,5.0424999999999995,19.753124999999997,13.062500000000002,3.1650000000000005,28.1733975
2026-08-01T21:20:00.000Z,MCT2408056,15.579167,73.920833,23.6875,180.51703750000001,645.375,89.66211687499998,6.486250000000001,45.17796025,4.866249999999999,19.12375,12.768125000000003,4.521875,28.250484374999996
2026-08-01T21:30:00.000Z,MCT2408056,15.579167,73.920833,24.875,181.45436875000001,663.75,89.69835562499999,6.51,18.622947875,4.925,19.980625000000003,13.530625000000002,3.32625,28.288023125000002
2026-08-01T21:40:00.000Z,MCT2408056,15.579167,73.920833,23.25,180,650.0625,89.72505687499999,6.384375,22.594043499999998,4.925,19.125625,12.653125000000001,2.5456250000000002,28.264559999999996
2026-08-01T21:43:19.600Z,MCT2408056,15.579167,73.920833,23,180,680,89.739746,7.13,10.767605,4.69,18.945999999999998,12.933999999999997,1.688,28.244988
2026-08-01T20:50:00.000Z,MCT2408057,15.272222,74.104722,29.88235294117647,349.874705882353,472.29411764705884,85.38758117647058,12.304117647058824,8.917058823529414,3.506470588235294,13.237058823529411,8.269411764705882,2.3964705882352946,29.100727058823527
2026-08-01T21:00:00.000Z,MCT2408057,15.272222,74.104722,29.4,350.26160000000004,472.24,85.66076799999998,12.1204,9.046400000000002,3.2187999999999994,12.303199999999999,7.7940000000000005,2.3608,29.066532800000008
2026-08-01T21:10:00.000Z,MCT2408057,15.272222,74.104722,29.8,350.20360000000005,477.64,85.56707839999997,12.242799999999997,9.084800000000001,3.4343999999999992,13.1632,8.259200000000002,2.266,29.133886399999998
2026-08-01T21:20:00.000Z,MCT2408057,15.272222,74.104722,29.541666666666668,350.61791666666676,469.7916666666667,85.50981958333334,12.14625,9.123333333333335,3.454166666666666,12.957916666666668,7.9816666666666665,2.2816666666666663,29.19317708333332
2026-08-01T21:30:00.000Z,MCT2408057,15.272222,74.104722,29.52,351.13040000000007,468.52,85.43219040000002,12.15,9.062800000000003,3.123999999999999,12.166400000000001,7.7724,2.346,29.2467128
2026-08-01T21:40:00.000Z,MCT2408057,15.272222,74.104722,29.6,351.8440000000001,467.84,85.55731079999998,12.1724,9.062800000000003,3.2191999999999994,12.5752,8.038,2.3196,29.166918799999994
2026-08-01T21:43:19.599Z,MCT2408057,15.272222,74.104722,29.77777777777778,351.52222222222224,468.1111111111111,85.36454111111112,12.242222222222223,9.067777777777778,3.046666666666667,11.936666666666666,7.687777777777778,2.307777777777778,29.188559999999995
2026-08-01T20:50:00.000Z,MCT2408055,15.585833,73.885556,19.636363636363637,109.17818181818183,647.7272727272727,90.08598181818182,8.33,19.961831818181818,4.709090909090909,17.284545454545455,11.27909090909091,1.6927272727272729,27.697225454545457
2026-08-01T21:00:00.000Z,MCT2408055,15.585833,73.885556,19.6875,110.12500000000001,646.125,90.44699,8.34375,18.834684374999995,4.286875000000001,16.44875,10.9925,1.57625,27.632451875000005
2026-08-01T21:10:00.000Z,MCT2408055,15.585833,73.885556,19.8125,110.608125,648.25,90.48990562499999,8.285625,19.986880000000003,4.810625000000001,17.64,11.54625,1.6043749999999999,27.657921874999996
2026-08-01T21:20:00.000Z,MCT2408055,15.585833,73.885556,19.733333333333334,110.01133333333334,648.0666666666667,90.48691866666667,8.286666666666667,21.660306000000002,4.479333333333333,17.06266666666667,11.362,1.4726666666666663,27.687996666666667
2026-08-01T21:30:00.000Z,MCT2408055,15.585833,73.885556,19.3125,109.75437500000001,647.8125,90.304895,8.182500000000001,20.783636875000003,4.461875000000001,16.7775,11.07875,1.6,27.755789375
2026-08-01T21:40:00.000Z,MCT2408055,15.585833,73.885556,19.8125,111.51125,651.375,90.20285062499998,8.403750000000002,21.042462500000003,4.811250000000001,17.639374999999998,11.545625,1.566875,27.7685275
2026-08-01T21:43:19.648Z,MCT2408055,15.585833,73.885556,19.5,110.55833333333335,655,90.00702666666666,8.056666666666667,20.098603333333333,4.8999999999999995,17.325000000000003,11.133333333333333,1.805,27.821708333333333
2026-08-01T20:50:00.000Z,MCT2408053,15.263333,74.110833,49.3,239.76575999999994,562.6,91.56164500000001,21.104000000000003,25.649,4.590000000000001,13.806000000000001,8.120999999999999,6.624999999999998,27.534988
2026-08-01T21:00:00.000Z,MCT2408053,15.263333,74.110833,50.3125,245.4504375,574.3125,92.00529499999999,21.886875,25.037500000000005,4.590000000000002,13.853125000000002,8.177499999999998,6.45125,27.521849375
2026-08-01T21:10:00.000Z,MCT2408053,15.263333,74.110833,48.5,251.72085625,600.1875,92.187924375,20.358749999999997,22.677500000000002,4.590000000000002,14.462500000000002,8.8825,6.616249999999999,27.54530999999999
2026-08-01T21:20:00.000Z,MCT2408053,15.263333,74.110833,49.8125,246.50757499999997,568.5625,92.19221750000001,21.486250000000002,24.202500000000004,4.590000000000002,13.914375000000003,8.248125,6.494999999999998,27.572793749999995
2026-08-01T21:30:00.000Z,MCT2408053,15.263333,74.110833,49.9375,247.95115,589.75,91.89085312499999,21.486875000000005,23.531875000000007,4.647500000000002,15.495000000000005,9.940625,6.84375,27.6150225
2026-08-01T21:40:00.000Z,MCT2408053,15.263333,74.110833,52.1875,247.29518750000003,593.5,91.42498312500001,23.503125,24.301250000000003,4.590000000000002,14.523125000000002,8.9525,6.730000000000001,27.675350625
2026-08-01T21:43:19.863Z,MCT2408053,15.263333,74.110833,51.4,259.45493999999997,597.2,91.24579,22.708000000000002,23.488,4.59,12.834,6.994,6.901999999999999,27.698006000000003
2026-08-01T20:50:00.000Z,MCT2408052,15.444425,74.063856,29.636363636363637,161.6307090909091,576.0909090909091,86.70616181818183,3.8815950000000004,8,10.610909090909091,30.219999999999995,14.590000000000002,2,28.751212727272726
2026-08-01T21:00:00.000Z,MCT2408052,15.444425,74.063856,28.75,162.3923125,583.1875,85.908455625,3.9107895624999998,8.20411375,10.07625,28.384374999999995,13.549375000000001,2,28.798804999999998
2026-08-01T21:10:00.000Z,MCT2408052,15.444425,74.063856,28.625,160.34830625,631.5625,85.22324124999999,3.7137281875,8,9.88625,27.869374999999998,13.290000000000003,2,28.902708124999997
2026-08-01T21:20:00.000Z,MCT2408052,15.444425,74.063856,28.375,160.41491249999999,644,85.06349937499999,3.8234650625,8,9.843124999999999,27.652500000000003,13.116250000000003,2,28.959014375000002
2026-08-01T21:30:00.000Z,MCT2408052,15.444425,74.063856,28.133333333333333,161.34449333333333,618.3333333333334,85.40574066666666,3.889637533333334,8,9.722000000000001,27.10466666666667,12.773333333333335,2,28.895647999999994
2026-08-01T21:40:00.000Z,MCT2408052,15.444425,74.063856,28,160.4362875,620.125,85.573715625,3.9143422500000002,8,9.554375,26.961875,12.880625000000004,2,28.893323749999993
2026-08-01T21:43:19.862Z,MCT2408052,15.444425,74.063856,28.333333333333332,161.55195,628.1666666666666,85.70532333333334,3.9072514999999997,8,9.81,27.416666666666668,12.945000000000002,2,28.874556666666667
2026-08-01T20:50:00.000Z,MCT2408043,15.221111,74.087222,56.9,206.40499999999997,642.1,85.36428900000001,24.29,31.194,7.473000000000001,33.989,22.548000000000002,5.29,28.507754
2026-08-01T21:00:00.000Z,MCT2408043,15.221111,74.087222,57,208.4525,643.9375,85.179370625,24.380625000000002,31.813124999999996,7.203124999999998,32.26562499999999,21.459375,5.290000000000001,28.567546875
2026-08-01T21:10:00.000Z,MCT2408043,15.221111,74.087222,57,208.12187500000005,645.1875,84.9337975,24.333125000000003,31.746875000000003,7.52,33.31375,22.099375,5.290000000000001,28.643962499999997
2026-08-01T21:20:00.000Z,MCT2408043,15.221111,74.087222,56.86666666666667,209.72399999999996,641.1333333333333,85.09548,24.266000000000005,31.77933333333333,7.091999999999999,32.443333333333335,21.865333333333336,5.290000000000001,28.634665999999996
2026-08-01T21:30:00.000Z,MCT2408043,15.221111,74.087222,56.9375,209.7425,643.6875,85.017245,24.224375000000006,31.667499999999997,6.647499999999999,31.140624999999996,21.37875,5.290000000000001,28.66943375
2026-08-01T21:40:00.000Z,MCT2408043,15.221111,74.087222,56.8125,211.90375,643.5,84.64626625,24.22375,31.578749999999996,7.123749999999999,31.944375000000004,21.379375000000003,5.290000000000001,28.754563124999994
2026-08-01T21:43:19.867Z,MCT2408043,15.221111,74.087222,57,211.208,638.2,84.56854200000001,24.16,31.76,7.0920000000000005,32.186,21.524,5.29,28.783386
2026-08-01T20:50:00.000Z,MCT2408051,15.486528,74.033889,52,351.36555555555566,515.1111111111111,94.66816777777778,22.086666666666666,5.19,3.73,10.57,4.98,4.39,27.42011111111111
2026-08-01T21:00:00.000Z,MCT2408051,15.486528,74.033889,52.0625,352.66875,515.8125,94.47197187500001,22.113124999999997,5.1899999999999995,3.7299999999999986,10.569999999999997,4.980000000000002,4.39,27.397842500000007
2026-08-01T21:10:00.000Z,MCT2408051,15.486528,74.033889,52.06666666666667,353.6586666666666,508.73333333333335,94.5162566666667,22.12933333333333,5.1899999999999995,3.7299999999999986,10.569999999999997,4.980000000000002,4.406666666666666,27.360528
2026-08-01T21:20:00.000Z,MCT2408051,15.486528,74.033889,52.125,353.043125,497.875,94.52585624999999,22.149999999999995,5.1899999999999995,3.7299999999999986,10.569999999999997,4.980000000000002,4.39,27.338853750000002
2026-08-01T21:30:00.000Z,MCT2408051,15.486528,74.033889,52.25,355.07687500000003,515.8125,94.60072249999997,22.233124999999998,5.1899999999999995,3.7299999999999986,10.569999999999997,4.980000000000002,4.39,27.340864999999997
2026-08-01T21:40:00.000Z,MCT2408051,15.486528,74.033889,52.25,354.48312500000003,507.0625,94.47102062500002,22.229999999999997,5.1899999999999995,3.7299999999999986,10.569999999999997,4.980000000000002,4.39,27.403874374999994
2026-08-01T21:43:19.908Z,MCT2408051,15.486528,74.033889,52.2,353.64,510,94.367738,22.197999999999997,5.19,3.7299999999999995,10.57,4.98,4.39,27.419155999999997
2026-08-01T20:50:00.000Z,MCT2408050,15.553611,73.958333,27.6,86.02999999999999,494.9,90.96731700000001,11.471999999999998,4.242,5.005,20.008000000000003,12.42,2.918,27.783812
2026-08-01T21:00:00.000Z,MCT2408050,15.553611,73.958333,27.75,86.02999999999999,491.25,91.03397624999998,11.554375000000002,4.33,4.718125000000001,19.105625,12.01625,2.80125,27.789977500000006
2026-08-01T21:10:00.000Z,MCT2408050,15.553611,73.958333,27.8125,86.02999999999999,502.1875,90.74453749999999,11.543125,4.260625000000001,4.9837500000000015,19.4275,11.856875,2.80875,27.853658749999997
2026-08-01T21:20:00.000Z,MCT2408050,15.553611,73.958333,27.875,86.02999999999999,478.625,90.443655,11.549375000000003,4.106249999999999,4.664999999999999,18.73,11.750625,2.7549999999999994,27.938790624999992
2026-08-01T21:30:00.000Z,MCT2408050,15.553611,73.958333,27.6875,86.02999999999999,511.375,90.65203124999998,11.433125,4.21,4.718125,18.999375000000004,11.963125000000002,2.8156249999999994,27.89052625
2026-08-01T21:40:00.000Z,MCT2408050,15.553611,73.958333,27.75,86.02999999999999,513.75,90.76456624999999,11.5425,4.08,4.452500000000001,18.568125000000002,12.01625,2.911250000000001,27.875779375
2026-08-01T21:43:20.126Z,MCT2408050,15.553611,73.958333,27.6,86.03,502.6,90.67205799999999,11.508,4.134,4.58,18.032,11.23,2.8320000000000003,27.912513999999998
2026-08-01T20:50:00.000Z,MCT2408030,15.142519,74.075003,26.5,165.48644,422.6,85.01104799999999,8.653,6.200000000000001,9.370000000000001,25.095,12.780000000000001,4.1579999999999995,28.016544999999997
2026-08-01T21:00:00.000Z,MCT2408030,15.142519,74.075003,27.0625,165.66633124999998,420.625,84.88039500000001,8.946250000000001,6.200000000000002,9.370000000000001,26.176875000000003,13.905625,4.11125,28.070170624999996
2026-08-01T21:10:00.000Z,MCT2408030,15.142519,74.075003,26.733333333333334,166.29701999999997,421.6666666666667,84.86100266666669,8.798666666666668,6.200000000000002,9.370000000000001,25.610666666666663,13.316666666666666,4.017333333333334,28.108422666666662
2026-08-01T21:20:00.000Z,MCT2408030,15.142519,74.075003,26.8125,165.21056249999998,426.75,84.87705687500001,8.6925,6.200000000000002,9.370000000000001,25.72125,13.430625,3.9031249999999997,28.131839375000006
2026-08-01T21:30:00.000Z,MCT2408030,15.142519,74.075003,26.4375,165.50847500000003,427.5,84.67726375000002,8.8175,6.200000000000002,9.370000000000001,25.265624999999996,12.959375000000001,4.089375,28.172058124999992
2026-08-01T21:40:00.000Z,MCT2408030,15.142519,74.075003,26.375,165.83689375,426.1875,84.60859812500001,8.811875000000002,6.200000000000002,9.370000000000001,25.151874999999997,12.841875000000002,4.146875,28.199540624999994
2026-08-01T21:43:20.125Z,MCT2408030,15.142519,74.075003,26.2,167.3915,426.6,84.455626,8.576,6.2,9.37,25.004,12.687999999999999,4.164,28.270726000000003
2026-08-01T20:50:00.000Z,MCT2408034,15.356389,74.123611,51.88235294117647,184.75628823529414,438.6470588235294,77.06525764705883,21.189999999999998,3.494117647058824,7.129411764705883,25.874117647058817,15.553529411764703,1.3741176470588232,31.247007058823534
2026-08-01T21:00:00.000Z,MCT2408034,15.356389,74.123611,51.916666666666664,199.32349166666665,435.8333333333333,77.33683,21.269166666666663,3.573333333333333,6.379999999999998,23.447499999999994,14.0625,1.3916666666666666,31.120565833333334
2026-08-01T21:10:00.000Z,MCT2408034,15.356389,74.123611,53.08,196.60188399999998,439.44,77.21899439999999,22.243999999999996,3.9795999999999987,6.561999999999999,23.972399999999997,14.3628,1.37,31.192246799999992
2026-08-01T21:20:00.000Z,MCT2408034,15.356389,74.123611,53.2,182.734196,439.64,77.4149164,22.3832,4.434799999999999,6.5256,24.1972,14.626799999999998,1.4659999999999997,31.2441552
2026-08-01T21:30:00.000Z,MCT2408034,15.356389,74.123611,53.083333333333336,200.53295833333326,438.0416666666667,77.81589249999998,22.292083333333334,3.8995833333333336,6.379999999999998,22.587499999999995,13.205416666666665,1.4220833333333338,31.07676958333332
2026-08-01T21:40:00.000Z,MCT2408034,15.356389,74.123611,52,211.83768000000003,431.44,79.05828799999999,21.4004,3.7128,6.379999999999998,21.909199999999995,12.527599999999998,1.696,30.5530308
2026-08-01T21:43:20.126Z,MCT2408034,15.356389,74.123611,50,216.17778750000002,427.625,79.23655000000001,19.6125,4.04375,6.380000000000001,21.80375,12.42375,1.7200000000000002,30.417625
2026-08-01T20:50:00.000Z,MCT2408029,15.333611,74.206944,14,480.63766,643.5,93.013519,2.7520000000000002,7.183999999999999,3.353,12.828999999999999,8.120000000000001,3.556,27.938252999999996
2026-08-01T21:00:00.000Z,MCT2408029,15.333611,74.206944,14,483.07235625,650.75,93.03907875000002,2.63375,7.3925,3.2350000000000003,12.318749999999998,7.831875,3.6393750000000002,27.916667500000003
2026-08-01T21:10:00.000Z,MCT2408029,15.333611,74.206944,14.3125,477.92439375000004,644.75,93.06005937500002,2.9837499999999997,7.33125,3.30875,12.715,8.12625,3.5,27.884493749999997
2026-08-01T21:20:00.000Z,MCT2408029,15.333611,74.206944,14,487.0637666666667,645.4666666666667,93.09922400000002,2.4579999999999997,7.503333333333333,3.2153333333333336,12.407333333333334,7.962666666666667,3.5260000000000002,27.871044
2026-08-01T21:30:00.000Z,MCT2408029,15.333611,74.206944,13.75,478.3202312500001,632.5,93.12729125000001,2.9425,8.029375,2.9768749999999997,11.59625,7.61125,3.7006250000000005,27.8489675
2026-08-01T21:40:00.000Z,MCT2408029,15.333611,74.206944,13.25,474.761675,635.375,93.15780937500001,2.5475000000000003,7.3925,2.9768749999999997,11.090625000000001,7.096875,3.55375,27.838911875000008
2026-08-01T21:43:20.165Z,MCT2408029,15.333611,74.206944,13.2,473.94656,631.2,93.203494,2.9539999999999997,7.228,2.94,10.636,6.706,3.7659999999999996,27.82886
2026-08-01T20:50:00.000Z,MCT2408021,15.500556,74.053333,49.09090909090909,375,504.90909090909093,89.01925363636364,20.71818181818182,14.686621818181822,2.86,10.040909090909093,6.709090909090909,4.419090909090909,28.019958181818186
2026-08-01T21:00:00.000Z,MCT2408021,15.500556,74.053333,49.1875,375,500.125,88.876765,20.888125,14.793278125000002,2.86,10.00125,6.665625,4.355625,28.07955375
2026-08-01T21:10:00.000Z,MCT2408021,15.500556,74.053333,48.9375,375,488.875,88.672678125,20.768124999999998,14.835830625000003,2.86,10.325625,7.022499999999999,4.414375000000001,28.10502625
2026-08-01T21:20:00.000Z,MCT2408021,15.500556,74.053333,49.2,375,492.4,88.46461799999999,20.916666666666668,14.697094000000002,2.86,9.334666666666664,5.934666666666666,4.374666666666667,28.09126133333334
2026-08-01T21:30:00.000Z,MCT2408021,15.500556,74.053333,49.25,375,497.875,88.62070625,20.968125,14.578232500000002,2.86,9.103125,5.681875,4.411250000000001,27.995765000000002
2026-08-01T21:40:00.000Z,MCT2408021,15.500556,74.053333,48.9375,375,498.25,88.47050125,20.705000000000002,14.505408125,2.86,9.374999999999998,5.979374999999999,4.407499999999999,28.03531375
2026-08-01T21:43:20.314Z,MCT2408021,15.500556,74.053333,49.4,375,495.6,88.54650799999999,20.992,14.529854,2.86,8.784,5.332000000000001,4.343999999999999,28.024054
2026-08-01T20:50:00.000Z,MCT2408023,15.499722,74.020833,36.1,235.16199999999998,503.1,89.959471,9.936,18.29,6.718000000000001,27.355,20.300000000000004,5.003,27.975790999999997
2026-08-01T21:00:00.000Z,MCT2408023,15.499722,74.020833,35.75,238.54500000000004,493.0625,89.82328687499998,10.225,19.043750000000003,6.733750000000001,26.913124999999997,19.756250000000005,5.318125,27.930073750000002
2026-08-01T21:10:00.000Z,MCT2408023,15.499722,74.020833,35.8125,238.85687499999997,490.5625,89.67451749999998,10.263749999999996,18.159375,6.418750000000002,26.439375,19.937500000000004,5.509999999999999,27.833549375000004
2026-08-01T21:20:00.000Z,MCT2408023,15.499722,74.020833,34.9375,239.50875,494.625,89.70693687499998,10.221874999999999,18.848750000000006,6.418750000000002,25.48875,18.850000000000005,5.429375,27.775901250000004
2026-08-01T21:30:00.000Z,MCT2408023,15.499722,74.020833,35.5,239.43937499999998,490.9375,89.800876875,10.030624999999999,18.633750000000003,6.340000000000002,25.9625,19.575,5.269375,27.744391874999998
2026-08-01T21:40:00.000Z,MCT2408023,15.499722,74.020833,36,241.42733333333337,499.26666666666665,89.92285333333335,9.704666666666666,18.99266666666667,6.592000000000001,26.849999999999998,20.009999999999998,5.500666666666665,27.773800000000005
2026-08-01T21:43:20.383Z,MCT2408023,15.499722,74.020833,36,241.34666666666666,496.3333333333333,89.92819333333334,9.928333333333333,19.14,6.760000000000001,27.441666666666663,20.299999999999997,5.526666666666667,27.77701833333333
2026-08-01T20:50:00.000Z,MCT2408040,15.528056,74.020833,19.09090909090909,100,445.72727272727275,88.01841636363635,8.206363636363637,4.783636363636363,3.07,8.42,3.7299999999999995,3.5,28.251032727272726
2026-08-01T21:00:00.000Z,MCT2408040,15.528056,74.020833,18.875,100,446.3125,87.98746437500002,8.033750000000001,4.68375,3.07,8.441875,3.7668749999999993,3.5,28.310143749999998
2026-08-01T21:10:00.000Z,MCT2408040,15.528056,74.020833,19,134.925,453.5625,87.93119625,8.106875,4.6450000000000005,3.07,8.726249999999999,4.031250000000001,3.5,28.3879025
2026-08-01T21:20:00.000Z,MCT2408040,15.528056,74.020833,19.0625,126.341875,448.875,87.629835625,8.275625000000002,4.63375,3.07,8.463750000000001,3.779374999999999,3.5,28.459625624999997
2026-08-01T21:30:00.000Z,MCT2408040,15.528056,74.020833,19,100,436.5625,87.29986749999996,8.154375000000002,4.688125,3.07,8.42,3.7299999999999986,3.5,28.56285375
2026-08-01T21:40:00.000Z,MCT2408040,15.528056,74.020833,19,100,436.73333333333335,87.249512,8.199333333333334,4.701333333333334,3.07,8.42,3.7299999999999986,3.5,28.579610666666664
2026-08-01T21:43:20.384Z,MCT2408040,15.528056,74.020833,19,100,434.6666666666667,87.36217166666667,8.193333333333333,4.71,3.07,8.42,3.73,3.5,28.554585000000003
2026-08-01T20:50:00.000Z,MCT2408027,15.275556,74.1075,28.181818181818183,1171.0909090909092,543.2727272727273,90.58189181818183,6.579999999999999,12.752727272727277,5.649090909090909,23.029999999999998,14.821818181818184,2.9499999999999997,27.913684545454547
2026-08-01T21:00:00.000Z,MCT2408027,15.275556,74.1075,27.9375,1170.004375,491.875,90.72594125,6.579999999999999,12.648750000000005,5.9175,23.226250000000004,14.635625,2.9500000000000006,27.924043750000006
2026-08-01T21:10:00.000Z,MCT2408027,15.275556,74.1075,28.9375,1159.5774999999999,534,90.77553312500002,6.579999999999999,12.744375000000005,5.855625000000001,24.27375,15.809375000000001,2.9500000000000006,27.98101812499999
2026-08-01T21:20:00.000Z,MCT2408027,15.275556,74.1075,28.9375,1163.065,534.5,90.719265625,6.579999999999999,12.624375000000002,5.610000000000001,23.904374999999998,15.748125000000002,2.9500000000000006,28.040677500000005
2026-08-01T21:30:00.000Z,MCT2408027,15.275556,74.1075,28.625,1165.7800000000002,546.0625,90.75407375000002,6.579999999999999,12.624375000000002,5.548749999999999,23.534375000000004,15.438749999999999,2.9500000000000006,28.054083125000002
2026-08-01T21:40:00.000Z,MCT2408027,15.275556,74.1075,28.933333333333334,1171.1273333333334,513.7333333333333,90.64560933333335,6.579999999999999,12.624000000000002,5.655333333333334,24.051333333333336,15.809333333333337,2.9500000000000006,28.069098
2026-08-01T21:43:20.384Z,MCT2408027,15.275556,74.1075,28.833333333333332,1172.4916666666666,495.1666666666667,90.60975,6.579999999999999,12.553333333333335,5.755,23.985,15.481666666666667,2.9499999999999997,28.064809999999998
2026-08-01T20:50:00.000Z,MCT2408049,15.475278,74.055833,57.09090909090909,150,470.6363636363636,86.87955454545455,24.529999999999998,14.180909090909092,8.362727272727273,29.180909090909086,17.15818181818182,2.61,28.35731272727273
2026-08-01T21:00:00.000Z,MCT2408049,15.475278,74.055833,56.5,150,463.375,86.53644937500002,24.085625,13.594375000000001,6.611875,23.988125000000004,14.576875000000001,2.61,28.288693125
2026-08-01T21:10:00.000Z,MCT2408049,15.475278,74.055833,56.8125,150,461.6875,86.48972062500002,24.3475,14.499375,5.128124999999999,19.9175,12.516249999999998,2.61,28.227694999999997
2026-08-01T21:20:00.000Z,MCT2408049,15.475278,74.055833,56.75,150,466.3125,86.3423775,24.331249999999997,13.303125000000001,4.551875,17.717499999999998,10.933750000000003,2.61,28.2967375
2026-08-01T21:30:00.000Z,MCT2408049,15.475278,74.055833,56.6875,150.09801249999998,467.375,86.186928125,24.171874999999996,12.8375,4.50375,17.764374999999994,11.076875000000001,2.61,28.38388125
2026-08-01T21:40:00.000Z,MCT2408049,15.475278,74.055833,56.86666666666667,150,461.46666666666664,86.15851066666664,24.371333333333332,13.734666666666666,4.7026666666666666,18.745333333333335,11.766,2.61,28.40014733333333
2026-08-01T21:43:20.420Z,MCT2408049,15.475278,74.055833,56.666666666666664,150,460.1666666666667,86.02193999999999,24.460000000000004,11.93,4.6000000000000005,18.26,11.381666666666668,2.61,28.452699999999997
2026-08-01T20:50:00.000Z,MCT2408044,15.313669,74.140042,24.11111111111111,214.29,472.3333333333333,91.99448444444445,10.77222222222222,3.3777777777777778,2.8700000000000006,8.055555555555555,4.923333333333334,4.315954222222222,27.59766888888889
2026-08-01T21:00:00.000Z,MCT2408044,15.313669,74.140042,24,214.29,473.3333333333333,91.82664000000003,10.737333333333334,3.32,2.8699999999999997,8.033333333333333,4.899333333333332,4.4295725333333325,27.648673333333324
2026-08-01T21:10:00.000Z,MCT2408044,15.313669,74.140042,24.1875,214.29,473.625,91.81360625000002,10.707500000000003,3.5225,2.8699999999999997,7.8125,4.6587499999999995,4.5199518124999996,27.659934375000002
2026-08-01T21:20:00.000Z,MCT2408044,15.313669,74.140042,24.1875,214.29,466.75,91.94712062500004,10.805,3.366875,2.8699999999999997,8.21875,5.100624999999999,4.325961437499999,27.610999999999997
2026-08-01T21:30:00.000Z,MCT2408044,15.313669,74.140042,24.2,214.29,472.73333333333335,92.34187866666666,10.782666666666668,3.3419999999999996,2.8699999999999997,8.066666666666666,4.934666666666668,4.296495466666666,27.498522666666666
2026-08-01T21:40:00.000Z,MCT2408044,15.313669,74.140042,24.066666666666666,214.29,470.2,91.50061066666667,10.693333333333333,3.348,2.8699999999999997,7.666666666666667,4.5,4.6587178,27.487082666666666
2026-08-01T21:43:20.568Z,MCT2408044,15.313669,74.140042,24.2,214.29000000000002,465.4,91.212218,10.794,3.3199999999999994,2.87,7.7,4.536,4.755128399999999,27.492088000000003
2026-08-01T20:50:00.000Z,MCT2408037,15.394444,74.118333,25.454545454545453,163.33763636363636,439.1818181818182,86.07985727272727,10.770000000000003,216.80909090909097,4.123636363636364,19.77454545454545,12.126363636363635,3.7827272727272727,27.802532727272727
2026-08-01T21:00:00.000Z,MCT2408037,15.394444,74.118333,25.625,163.75162500000002,443.375,86.02194374999998,10.841875000000002,217.35187499999998,4.04375,21.108125,13.536875000000002,3.70625,27.865724999999998
2026-08-01T21:10:00.000Z,MCT2408037,15.394444,74.118333,25.5,162.41871874999998,436.375,86.03911062499998,10.691875000000001,217.078125,4.043749999999999,20.442499999999995,12.833750000000002,3.8256250000000005,27.892536250000003
2026-08-01T21:20:00.000Z,MCT2408037,15.394444,74.118333,25.5,163.956725,431.9375,85.94612500000001,10.78125,217.3525,4.2749999999999995,20.8525,12.880625000000002,3.8025,27.89655875
2026-08-01T21:30:00.000Z,MCT2408037,15.394444,74.118333,25.4375,162.8703625,434,85.904163125,10.758125,216.45999999999998,4.22875,20.648124999999997,12.740000000000002,3.758125,27.862373750000003
2026-08-01T21:40:00.000Z,MCT2408037,15.394444,74.118333,25.5625,164.48347500000003,433.9375,85.93182124999998,10.852500000000001,217.55687500000002,3.9512499999999995,20.084374999999998,12.693125000000002,3.8956249999999994,27.83690125
2026-08-01T21:43:20.638Z,MCT2408037,15.394444,74.118333,25.4,165.22911999999997,436.6,86.018128,10.676,217.45,3.868,20.116,12.89,4.002000000000001,27.79668
2026-08-01T20:50:00.000Z,MCT2408042,15.213889,74.071667,60.7,288.37399999999997,458.4,86.385102,25.779000000000003,15.978000000000003,5.732999999999999,21.522999999999996,13.302000000000001,3.3810000000000002,28.65147
2026-08-01T21:00:00.000Z,MCT2408042,15.213889,74.071667,60.75,290.73437499999994,458.625,85.73631624999999,25.863125000000004,15.844375000000003,5.289374999999999,20.349375000000002,12.698749999999999,3.5725,28.792772500000005
2026-08-01T21:10:00.000Z,MCT2408042,15.213889,74.071667,60.875,292.7725,456.625,85.30144000000001,25.939999999999998,15.750000000000002,5.516874999999998,20.91999999999999,12.869999999999997,3.7143749999999995,28.934211875
2026-08-01T21:20:00.000Z,MCT2408042,15.213889,74.071667,60.9375,291.960625,464.5625,84.58236999999998,25.979999999999997,15.37875,5.061874999999999,19.779375,12.5275,4.003125,29.091065625
2026-08-01T21:30:00.000Z,MCT2408042,15.213889,74.071667,61.0625,293.58062499999994,466.1875,84.32630875,26.029374999999998,15.331875000000002,4.720624999999999,18.354999999999997,11.615000000000002,4.1656249999999995,29.116538124999998
2026-08-01T21:40:00.000Z,MCT2408042,15.213889,74.071667,60.25,293.58000000000004,460.125,84.701579375,25.543750000000003,15.555625,5.289375,19.209999999999994,11.728750000000002,4.18375,29.088384374999997
2026-08-01T21:43:20.638Z,MCT2408042,15.213889,74.071667,60.2,297.044,460.8,85.01562799999999,25.548000000000002,15.276,4.732,19.152,12.392,4.132,29.072968000000003
2026-08-01T20:50:00.000Z,MCT2408046,15.529167,74.07,31.125,237.04,624,92.96469250000001,13.598583750000001,13.300552937500003,5,12,5,4.16625,27.1752925
2026-08-01T21:00:00.000Z,MCT2408046,15.529167,74.07,31.04,237.04,624.68,92.91418440000001,13.542487200000004,12.233530519999999,5,12,5,4.065199999999999,27.200790800000004
2026-08-01T21:10:00.000Z,MCT2408046,15.529167,74.07,31.08,237.04,620.96,92.88305720000002,13.555113200000003,12.296470840000001,5,12,5,4.122799999999999,27.2128028
2026-08-01T21:20:00.000Z,MCT2408046,15.529167,74.07,31.115384615384617,237.04,621.8846153846154,92.7410919230769,13.435924230769233,11.553734692307692,5,12,5,4.10076923076923,27.276514999999993
2026-08-01T21:30:00.000Z,MCT2408046,15.529167,74.07,31.166666666666668,237.04,616.6666666666666,92.53935291666669,13.471828333333335,11.356005875000003,5,12,5,4.265416666666667,27.329693333333335
2026-08-01T21:40:00.000Z,MCT2408046,15.529167,74.07,31,237.04,615.28,92.4329228,13.488762000000001,12.236471720000003,5,12,5,4.1244,27.354378799999996
2026-08-01T21:43:20.639Z,MCT2408046,15.529167,74.07,30.88888888888889,237.04000000000002,617.8888888888889,92.36832555555557,13.314393333333333,13.661766555555555,5,12,5,4.068888888888889,27.361718888888895
2026-08-01T20:50:00.000Z,MCT2408041,15.224628,74.171389,32.72727272727273,471.58522727272725,445.54545454545456,89.82866181818181,13.682727272727272,9.700000000000001,8.090000000000002,22.680000000000003,11.321818181818184,8.074545454545454,27.66602818181818
2026-08-01T21:00:00.000Z,MCT2408041,15.224628,74.171389,32.733333333333334,465.4794466666666,446.6,89.45287933333334,13.707333333333333,9.7,8.090000000000002,22.248,10.889999999999999,7.826666666666667,27.78810133333333
2026-08-01T21:10:00.000Z,MCT2408041,15.224628,74.171389,32.9375,467.69461874999996,451.625,89.2396375,13.830625000000001,9.7,8.090000000000002,22.376250000000002,11.017499999999998,7.887499999999998,27.869744999999995
2026-08-01T21:20:00.000Z,MCT2408041,15.224628,74.171389,32.6875,469.49166250000013,446.625,89.235346875,13.695,9.7,8.090000000000002,23.490000000000006,12.130624999999998,7.994375,27.915998125000005
2026-08-01T21:30:00.000Z,MCT2408041,15.224628,74.171389,32.75,471.5343812500001,439.3125,89.36504749999997,13.811250000000001,9.7,8.090000000000002,23.2875,11.928124999999996,7.972499999999999,27.9374475
2026-08-01T21:40:00.000Z,MCT2408041,15.224628,74.171389,32.75,433.69707500000004,441.5625,89.326423125,13.7425,9.7,8.090000000000002,23.236875000000005,11.876874999999998,7.968124999999999,27.989731250000002
2026-08-01T21:43:20.674Z,MCT2408041,15.224628,74.171389,33,474.44596,435.6,89.353696,13.85,9.7,8.09,23.651999999999997,12.292000000000002,8.232,27.983296000000003
2026-08-01T20:50:00.000Z,MCT2408033,15.346944,74.007778,21.181818181818183,125.20958181818182,463.54545454545456,84.51374909090909,8.17818181818182,42.14266545454545,4.077272727272728,13.706363636363635,10,4.39,29.390820909090905
2026-08-01T21:00:00.000Z,MCT2408033,15.346944,74.007778,21.3125,126.10515625,466.4375,84.50560000000002,8.440625,40.86784875000001,3.7131250000000007,12.851875,9.521249999999998,4.39,29.390029375
2026-08-01T21:10:00.000Z,MCT2408033,15.346944,74.007778,21.2,126.48813333333334,495.8666666666667,84.82082133333331,8.038666666666668,43.255023333333334,3.880000000000001,13.572666666666667,10.039333333333332,4.39,29.309633333333334
2026-08-01T21:20:00.000Z,MCT2408033,15.346944,74.007778,21.75,126.62484999999998,496.375,84.79694687499997,8.66125,42.469882500000004,3.863750000000001,13.205624999999998,9.705625000000001,4.39,29.29484375
2026-08-01T21:30:00.000Z,MCT2408033,15.346944,74.007778,21.3125,128.12956250000002,476.0625,83.83993562500001,8.235625,40.615589375000006,3.7131250000000007,12.531875,9.1175,4.39,29.384666875
2026-08-01T21:40:00.000Z,MCT2408033,15.346944,74.007778,21.125,126.7593375,474.8125,83.758873125,8.634375,40.75960375,3.7518750000000005,12.660625000000001,9.153125,4.39,29.300206250000006
2026-08-01T21:43:20.826Z,MCT2408033,15.346944,74.007778,21.6,128.56310000000002,461.8,84.197752,8.616,41.063256,3.518,12.51,9.294,4.39,29.186652
2026-08-01T20:50:00.000Z,MCT2408045,15.619444,73.878889,27.9,181.14399999999998,553.6,85.54129,11.536999999999999,17.023000000000003,3.02,12.379000000000001,7.183000000000002,2.5300000000000002,28.210668999999996
2026-08-01T21:00:00.000Z,MCT2408045,15.619444,73.878889,28.125,182.411875,553.0625,85.68291062499999,11.976875000000001,16.795625,3.020000000000001,12.656875000000003,7.458124999999999,2.5300000000000002,28.233054374999995
2026-08-01T21:10:00.000Z,MCT2408045,15.619444,73.878889,28.1875,184.96812499999996,544.5,85.75682249999997,11.958124999999999,16.615624999999998,3.1450000000000014,13.618750000000002,8.270625,2.5300000000000002,28.28265937500001
2026-08-01T21:20:00.000Z,MCT2408045,15.619444,73.878889,27.9375,185.88937499999997,545.875,85.70675187500002,11.550624999999998,16.293125,3.020000000000001,13.440624999999999,8.235625,2.5300000000000002,28.338970624999995
2026-08-01T21:30:00.000Z,MCT2408045,15.619444,73.878889,27.75,186.72187499999998,543,85.55464250000003,11.615,16.666875,3.020000000000001,13.226875,8.023750000000001,2.5300000000000002,28.375839999999997
2026-08-01T21:40:00.000Z,MCT2408045,15.619444,73.878889,27.8125,187.67562499999997,548.0625,85.37201312500002,11.583124999999999,16.753124999999997,3.020000000000001,12.763750000000002,7.565625000000001,2.5300000000000002,28.375839999999997
2026-08-01T21:43:20.899Z,MCT2408045,15.619444,73.878889,28,187.012,553.6,85.19872799999999,11.718,17.154000000000003,3.02,13.12,7.918000000000001,2.53,28.380128000000003
2026-08-01T20:50:00.000Z,MCT2408024,15.148056,74.131667,40.4375,219.94547500000004,582.25,80.07673625000001,17.414275000000004,5,5,19.677500000000002,12.677500000000002,2.53625,29.158095624999994
2026-08-01T21:00:00.000Z,MCT2408024,15.148056,74.131667,40.36,220.85340399999998,572.84,80.19354080000002,17.364588,5,5.12,19.790000000000006,12.550000000000004,2.5192000000000005,29.133456000000002
2026-08-01T21:10:00.000Z,MCT2408024,15.148056,74.131667,40.5,220.36172500000006,559.4583333333334,80.12950500000001,17.440712916666673,5,5.333333333333333,21.23958333333334,13.573333333333338,2.52125,29.163235416666655
2026-08-01T21:20:00.000Z,MCT2408024,15.148056,74.131667,40.56,219.241996,551.68,80.16607680000001,17.559877600000004,5.0337662,5.2,21.070000000000004,13.670000000000005,2.5068,29.175069999999995
2026-08-01T21:30:00.000Z,MCT2408024,15.148056,74.131667,40.4,220.20841199999995,580.92,80.13403359999997,17.415347999999998,5,5.3196,21.590000000000003,13.990000000000004,2.5168000000000004,29.2432824
2026-08-01T21:40:00.000Z,MCT2408024,15.148056,74.131667,40.458333333333336,220.17977499999998,590.625,80.02269249999998,17.387837500000003,5,5.166666666666667,20.865000000000006,13.531666666666672,2.5195833333333333,29.261996666666672
2026-08-01T21:43:20.898Z,MCT2408024,15.148056,74.131667,40.888888888888886,219.8378,555.3333333333334,79.84764222222223,17.745060000000002,5,5.333333333333333,20.878888888888888,13.21222222222222,2.5133333333333336,29.27554888888889
2026-08-01T20:50:00.000Z,MCT2408022,15.475833,74.038889,32.72727272727273,150,448.6363636363636,89.02757727272727,4.38090909090909,11.475354545454548,8.454545454545455,30.272727272727273,18.272727272727273,4.290332636363636,27.89125818181818
2026-08-01T21:00:00.000Z,MCT2408022,15.475833,74.038889,32.6,150,444.8,88.45699066666667,4.703999999999999,11.512783333333337,8,29.466666666666665,18.133333333333333,4.314356133333333,27.926098000000007
2026-08-01T21:10:00.000Z,MCT2408022,15.475833,74.038889,29.8125,150,445.0625,88.371795625,4.579375000000001,11.586029374999999,6.125,23.6875,14.6875,4.266777375,27.894548124999996
2026-08-01T21:20:00.000Z,MCT2408022,15.475833,74.038889,28.875,150,447.0625,88.52152312500002,4.63,11.3045925,5.75,22.625,14.1875,4.2870576875,27.852989374999996
2026-08-01T21:30:00.000Z,MCT2408022,15.475833,74.038889,28.9375,150,448.5,88.78998125000001,4.489999999999999,11.211408125,5.875,23.25,14.5625,4.305687937500001,27.835560625
2026-08-01T21:40:00.000Z,MCT2408022,15.475833,74.038889,29.3125,150,452.625,88.68984687500003,4.45875,11.25627625,6.0625,23.8125,14.875,4.261633687500001,27.896558750000004
2026-08-01T21:43:20.903Z,MCT2408022,15.475833,74.038889,33.2,150,451.6,88.682312,4.37,11.589355999999999,8.6,31.4,19.2,4.2456932,27.901788
2026-08-01T20:50:00.000Z,MCT2408032,15.525556,73.828611,35.25,229.654375,738.3125,81.7847675,14.983125000000001,44.305,7.120000000000002,17.069999999999997,7.079999999999999,3.2874999999999996,29.46041125
2026-08-01T21:00:00.000Z,MCT2408032,15.525556,73.828611,35.52,228.50879999999998,730.08,82.26141360000003,15.242800000000006,44.6992,7.120000000000002,17.467599999999994,7.4764000000000035,3.197199999999999,29.46035839999999
2026-08-01T21:10:00.000Z,MCT2408032,15.525556,73.828611,35.8,224.65719999999993,742.48,82.81835960000002,15.4148,43.4752,7.120000000000002,17.1836,7.192800000000003,3.1011999999999995,29.4427708
2026-08-01T21:20:00.000Z,MCT2408032,15.525556,73.828611,35.52,224.25,747.52,82.93829439999999,15.189999999999996,44.3608,7.120000000000002,17.353999999999996,7.362800000000004,3.0240000000000005,29.4504904
2026-08-01T21:30:00.000Z,MCT2408032,15.525556,73.828611,35.88,226.80360000000002,741.6,82.46984720000002,15.486400000000003,43.946400000000004,7.120000000000002,17.240399999999998,7.249200000000003,3.1527999999999996,29.4449144
2026-08-01T21:40:00.000Z,MCT2408032,15.525556,73.828611,35.84,228.1604,726.8,82.35784960000002,15.486400000000003,43.96679999999999,7.120000000000002,17.126799999999996,7.136400000000004,3.1532000000000004,29.3998692
2026-08-01T21:43:20.929Z,MCT2408032,15.525556,73.828611,35.44444444444444,227.44,746.3333333333334,83.10793777777775,15.02222222222222,44.745555555555555,7.12,17.858888888888885,7.865555555555555,3.0922222222222224,29.30891666666667
2026-08-01T20:50:00.000Z,MCT2408036,15.171567,74.067106,36.1,120,421.8,88.3367,10.545,7.6659999999999995,3.105,12.917000000000002,8.562000000000001,11.063,28.291107999999998
2026-08-01T21:00:00.000Z,MCT2408036,15.171567,74.067106,36.375,120,423,88.091891875,10.573125000000003,7.5725,2.894375,12.346249999999998,8.327499999999999,11.151875,28.3744975
2026-08-01T21:10:00.000Z,MCT2408036,15.171567,74.067106,36.53333333333333,120,428.8666666666667,88.01245133333333,10.670666666666666,7.687999999999999,3.017333333333333,12.595333333333334,8.411333333333333,11.212,28.39729
2026-08-01T21:20:00.000Z,MCT2408036,15.171567,74.067106,36.1875,120,427.375,88.14243625000002,10.731250000000001,7.593125,3.2231249999999996,13.075000000000001,8.55,11.09625,28.408015000000006
2026-08-01T21:30:00.000Z,MCT2408036,15.171567,74.067106,36.2,120,429.53333333333336,88.267782,10.898000000000001,7.750666666666667,3.122666666666667,12.730666666666668,8.344,11.078666666666665,28.39800266666667
2026-08-01T21:40:00.000Z,MCT2408036,15.171567,74.067106,36.0625,120,433.5625,88.28167125,10.66375,7.811874999999999,3.0593749999999993,12.631249999999998,8.328125,11.032499999999999,28.416056875
2026-08-01T21:43:21.083Z,MCT2408036,15.171567,74.067106,36.2,120,428,87.94683599999999,10.906,7.934,2.948,11.65,7.497999999999999,11.128,28.510972
2026-08-01T20:50:00.000Z,MCT2408039,15.163611,74.110833,29,392.6227272727272,436.27272727272725,84.81753909090908,11.223636363636365,10.299999999999999,9.019999999999998,28.94,11.760000000000002,2.3000000000000003,28.173031818181816
2026-08-01T21:00:00.000Z,MCT2408039,15.163611,74.110833,29,399.70125,434.6875,84.487955625,10.066875,10.3,9.019999999999998,28.94,11.759999999999998,2.3,28.233056249999997
2026-08-01T21:10:00.000Z,MCT2408039,15.163611,74.110833,29,398.06374999999997,431.6875,84.36207124999999,10.217499999999998,10.3,9.019999999999998,28.94,11.759999999999998,2.3,28.286012500000002
2026-08-01T21:20:00.000Z,MCT2408039,15.163611,74.110833,29,398.04625000000004,443.3125,84.23284749999999,10.758124999999998,10.3,9.019999999999998,28.94,11.759999999999998,2.3,28.355728749999997
2026-08-01T21:30:00.000Z,MCT2408039,15.163611,74.110833,29,393.296875,446.875,84.29483937499998,10.655624999999997,10.3,9.019999999999998,28.94,11.759999999999998,2.3,28.379859375
2026-08-01T21:40:00.000Z,MCT2408039,15.163611,74.110833,29,392.34533333333343,447.1333333333333,84.33813333333333,10.110000000000001,10.3,9.019999999999998,28.94,11.759999999999998,2.3,28.365827333333325
2026-08-01T21:43:21.159Z,MCT2408039,15.163611,74.110833,29,390.39833333333337,441.6666666666667,84.23157833333333,10.761666666666665,10.299999999999999,9.019999999999998,28.94,11.76,2.3000000000000003,28.399075
2026-08-01T20:50:00.000Z,MCT2408035,15.236111,74.125,51.36363636363637,190,552.2727272727273,87.61960818181817,20.80543090909091,62.50302454545454,3.8,10.360909090909091,5.079999999999999,3.8299999999999987,28.184732727272728
2026-08-01T21:00:00.000Z,MCT2408035,15.236111,74.125,51.0625,190,553.5,88.00844437499998,20.499673750000003,62.39740312499999,3.799999999999999,10.684999999999997,5.401875,3.8299999999999987,28.193507500000006
2026-08-01T21:10:00.000Z,MCT2408035,15.236111,74.125,50,190,574.1333333333333,88.27744600000003,19.518228,59.00620733333334,3.799999999999999,10.441333333333331,5.158666666666665,3.8299999999999987,28.240698666666667
2026-08-01T21:20:00.000Z,MCT2408035,15.236111,74.125,50.9375,190,564,88.24877125,20.334006875,58.85786125,3.799999999999999,10.590624999999998,5.307499999999999,3.8299999999999987,28.320871249999996
2026-08-01T21:30:00.000Z,MCT2408035,15.236111,74.125,51.8125,190.22710625,571.3125,88.14434374999999,21.12048875,57.489461875,3.799999999999999,10.542499999999999,5.260624999999998,3.8299999999999987,28.411364375
2026-08-01T21:40:00.000Z,MCT2408035,15.236111,74.125,51.9375,190.0140625,574.125,87.73092437499997,21.207100625000002,57.21217625000001,3.799999999999999,10.473124999999998,5.1899999999999995,3.8299999999999987,28.507889374999994
2026-08-01T21:43:21.158Z,MCT2408035,15.236111,74.125,52.333333333333336,190,561,87.70549333333334,21.46267333333334,57.71960833333333,3.8000000000000003,10.504999999999999,5.220000000000001,3.8299999999999996,28.504536666666667
2026-08-01T20:50:00.000Z,MCT2408031,15.290833,74.149167,18.272727272727273,193.58902727272726,519.9090909090909,87.54261818181818,7.468519545454546,10.408620818181818,5.712727272727273,16.561818181818182,9.956363636363635,5.352727272727273,27.271151818181817
2026-08-01T21:00:00.000Z,MCT2408031,15.290833,74.149167,18.3125,193.96666249999998,519.375,87.699454375,7.596336437500001,9.432548125,4.9106250000000005,14.891874999999999,9.315,5.405625000000001,27.126360625000004
2026-08-01T21:10:00.000Z,MCT2408031,15.290833,74.149167,18.125,191.44855,518.5,87.8663475,7.38466,9.492572999999998,5.030625,15.380625000000002,9.6125,5.213125,27.186017500000002
2026-08-01T21:20:00.000Z,MCT2408031,15.290833,74.149167,18.0625,190.38128749999998,523.125,87.924045625,7.406566562499999,9.626220125,4.9106250000000005,14.565,8.959375,5.1499999999999995,27.240315624999997
2026-08-01T21:30:00.000Z,MCT2408031,15.290833,74.149167,18.125,190.99053750000002,519.625,87.847275,7.437447125,8.550839625,4.791875,14.864375,9.46375,5.144999999999999,27.301987500000003
2026-08-01T21:40:00.000Z,MCT2408031,15.290833,74.149167,18.125,192.15075000000002,519.9375,88.01321375,7.3801730625,9.3618334375,4.761875000000001,14.646249999999998,9.285625,5.221875,27.235623124999996
2026-08-01T21:43:21.157Z,MCT2408031,15.290833,74.149167,17.8,191.50352000000004,521.6,87.687438,7.1300674000000015,8.197704400000001,4.382,13.303999999999998,8.382,5.337999999999999,27.316198000000004
2026-08-01T20:50:00.000Z,MCT2408038,15.188889,74.055556,34.8,407.102,672.4,85.540528,14.362000000000004,13.330000000000002,7.43,24.552000000000003,13.670000000000002,4.776000000000001,28.95392
2026-08-01T21:00:00.000Z,MCT2408038,15.188889,74.055556,34.5,404.90625000000006,670.75,85.69769125,14.317499999999999,13.330000000000005,6.490000000000002,20.688124999999992,11.229999999999999,4.751875,28.9435975
2026-08-01T21:10:00.000Z,MCT2408038,15.188889,74.055556,34.5,422.45937499999997,668.5625,85.72153437499999,14.416250000000002,13.330000000000005,5.950000000000002,17.644375,9.074375000000002,4.79125,28.986498125000004
2026-08-01T21:20:00.000Z,MCT2408038,15.188889,74.055556,34.5,429.9318749999999,666.125,85.67480499999999,14.384375,13.330000000000005,5.950000000000002,17.148125,8.579375,4.771249999999999,29.038111250000004
2026-08-01T21:30:00.000Z,MCT2408038,15.188889,74.055556,34.4375,429.5899999999999,666.5625,85.913701875,14.313124999999998,13.330000000000005,5.950000000000002,17.024375000000003,8.4075,4.71375,29.0293975
2026-08-01T21:40:00.000Z,MCT2408038,15.188889,74.055556,34.25,432.5793749999999,668,85.93611125000001,14.181875,13.330000000000005,5.950000000000002,17.21,8.579375,4.7631250000000005,29.060901874999995
2026-08-01T21:43:21.189Z,MCT2408038,15.188889,74.055556,34,440.68199999999996,669.4,85.914366,13.972,13.330000000000002,5.95,17.098000000000003,8.468,4.781999999999999,29.081547999999998
