time,device_id,latitude,longitude,aqi,co,co2,hum,no2,o3,pm1,pm10,pm25,so2,temp
2026-08-18T18:30:00.000Z,MCT2408020,15.543475,74.039433,21.75,180,461.5,88.55919250000002,9.320511250000001,18.997889999999998,5.5699999999999985,16.016250000000003,7.604374999999999,3.6599999999999984,27.505761249999995
2026-08-18T18:40:00.000Z,MCT2408020,15.543475,74.039433,21.75,180,453.875,88.436169375,9.34873175,18.737521875000002,5.5699999999999985,15.840000000000002,7.430000000000003,3.6599999999999984,27.557376874999996
2026-08-18T18:50:00.000Z,MCT2408020,15.543475,74.039433,21.5,180,448.4375,88.174384375,9.120761125,18.834213125000005,5.5699999999999985,15.840000000000002,7.430000000000003,3.6599999999999984,27.560058125000005
2026-08-18T19:00:00.000Z,MCT2408020,15.543475,74.039433,21.8125,180,445.8125,88.48480562500002,9.342098875000001,18.903723749999997,5.5699999999999985,15.840000000000002,7.430000000000003,3.6599999999999984,27.391808749999996
2026-08-18T19:10:00.000Z,MCT2408020,15.543475,74.039433,21.375,180,449.4375,88.37847000000002,9.064321125,19.062350624999997,5.5699999999999985,15.840000000000002,7.430000000000003,3.6599999999999984,27.43537875
2026-08-18T19:18:24.781Z,MCT2408020,15.543475,74.039433,21.384615384615383,180,448.3076923076923,88.44134076923078,9.112968153846156,18.54617461538462,5.569999999999999,15.840000000000002,7.430000000000002,3.659999999999999,27.427076923076925
2026-08-18T18:30:00.000Z,MCT2408028,15.186944,74.096667,41.28,599.3335999999998,486.92,92.17657559999999,17.8496,12.178799999999999,7.710000000000003,25.297200000000004,14.355599999999999,1.7279999999999995,26.327771600000002
2026-08-18T18:40:00.000Z,MCT2408028,15.186944,74.096667,41.28,595.3832,475.96,91.91656359999999,17.823200000000003,12.775599999999997,5.91,19.648399999999995,11.256400000000001,1.466,26.225241199999996
2026-08-18T18:50:00.000Z,MCT2408028,15.186944,74.096667,41.291666666666664,595.4004166666665,475.625,91.95633875,17.83458333333333,12.704999999999997,5.0733333333333315,16.4475,9.36333333333333,1.4858333333333336,26.154398333333333
2026-08-18T19:00:00.000Z,MCT2408028,15.186944,74.096667,41.84,596.09,482.52,92.22265520000002,18.2836,12.361999999999998,4.989999999999998,16.028000000000006,9.067999999999996,1.7092,26.103827999999993
2026-08-18T19:10:00.000Z,MCT2408028,15.186944,74.096667,41.68,596.7596,484.36,92.37310719999998,18.167999999999996,12.2196,5.59,19.091599999999996,11.175999999999998,1.8659999999999999,26.108119599999995
2026-08-18T19:18:24.782Z,MCT2408028,15.186944,74.096667,41.666666666666664,595.6495238095239,490,92.42609285714283,18.116666666666667,12.214285714285712,4.989999999999999,16.760952380952382,9.800952380952378,2.1095238095238096,26.129179999999998
2026-08-18T18:30:00.000Z,MCT2408056,15.579167,73.920833,18.125,180,571.8125,89.91722562500001,6.8443749999999985,9.197183,4.807499999999999,15.70875,9.3725,1.6681249999999999,27.65322875
2026-08-18T18:40:00.000Z,MCT2408056,15.579167,73.920833,17.4375,180,571.9375,89.90339687499998,7.016875000000001,9.4306043125,4.6899999999999995,14.456249999999999,8.31875,1.6400000000000001,27.622396875
2026-08-18T18:50:00.000Z,MCT2408056,15.579167,73.920833,17.25,180,563.8125,89.93677375,6.883125,9.45495875,4.6899999999999995,14.114999999999997,7.9675,1.6637499999999996,27.566088750000006
2026-08-18T19:00:00.000Z,MCT2408056,15.579167,73.920833,17.0625,180,562.4375,89.898629375,6.91,9.2963615,4.6899999999999995,13.773749999999998,7.616875,1.7412499999999997,27.571451249999996
2026-08-18T19:10:00.000Z,MCT2408056,15.579167,73.920833,17.125,180,558.1875,89.8929075,6.9106250000000005,9.123532875,4.6899999999999995,14.058124999999997,7.908750000000001,1.7131249999999996,27.581506250000004
2026-08-18T19:18:24.831Z,MCT2408056,15.579167,73.920833,17,180,563.6923076923077,89.93787615384615,6.987692307692308,9.982484384615383,4.6899999999999995,13.869999999999997,7.714615384615386,1.6738461538461538,27.56732692307692
2026-08-18T18:30:00.000Z,MCT2408055,15.585833,73.885556,19.357142857142858,97.57000000000001,798.4285714285714,89.94236142857143,8.46642857142857,6.131428571428571,3.8500000000000005,11.795714285714284,6.768571428571428,1.3392857142857146,27.199139285714285
2026-08-18T18:40:00.000Z,MCT2408055,15.585833,73.885556,19.6,104.73299999999999,796.4,90.417236,8.592000000000002,5.470000000000001,3.5700000000000003,10.593,6.065000000000001,1.5940000000000003,26.978355999999998
2026-08-18T18:50:00.000Z,MCT2408055,15.585833,73.885556,19.625,103.09749999999998,784.375,90.00162375,8.595,5.3,3.5,10.2825,5.875000000000001,1.10875,27.217523749999998
2026-08-18T19:00:00.000Z,MCT2408055,15.585833,73.885556,19.5,104.25625,788.0625,90.2424275,8.668750000000001,6.099374999999999,3.5,10.116875000000002,5.705625,1.2962500000000001,27.12636125
2026-08-18T19:10:00.000Z,MCT2408055,15.585833,73.885556,19.333333333333332,104.09999999999998,787.5,90.07060833333333,8.533333333333333,6.3083333333333345,3.5,9.979999999999999,5.5633333333333335,1.2916666666666667,27.179986666666665
2026-08-18T19:18:24.839Z,MCT2408055,15.585833,73.885556,19.307692307692307,105.06076923076922,783.4615384615385,89.00004846153846,8.542307692307693,6.303846153846154,3.5,9.969999999999999,5.556153846153847,1.1830769230769234,27.627552307692305
2026-08-18T18:30:00.000Z,MCT2408057,15.272222,74.104722,29.48,325.9972,451.12,82.80371079999999,12.148000000000001,9.144400000000001,3.9103999999999997,12.3468,6.841599999999997,2.2596000000000003,28.6482548
2026-08-18T18:40:00.000Z,MCT2408057,15.272222,74.104722,29.72,328.2680000000002,450.64,82.07647840000003,12.245999999999999,9.094400000000002,3.7920000000000003,12.3252,6.953199999999999,2.2096,28.866187600000003
2026-08-18T18:50:00.000Z,MCT2408057,15.272222,74.104722,29.92,332.5664,459.36,81.96508919999998,12.284799999999997,9.0952,4.0064,12.618400000000001,6.975600000000001,2.198,28.942550800000006
2026-08-18T19:00:00.000Z,MCT2408057,15.272222,74.104722,29.76,331.81480000000005,460.08,81.90710359999997,12.3344,9.0204,4.243200000000001,13.162799999999999,7.262,2.1395999999999997,28.9687204
2026-08-18T19:10:00.000Z,MCT2408057,15.272222,74.104722,29.84,330.7576000000001,460.72,81.39654600000001,12.2896,8.9932,4.387199999999998,13.366799999999996,7.351999999999999,2.2243999999999993,29.1347432
2026-08-18T19:18:24.831Z,MCT2408057,15.272222,74.104722,29.80952380952381,331.42190476190484,460.1904761904762,80.63940333333333,12.292857142857141,9.073809523809523,4.598095238095237,13.597142857142856,7.328571428571427,2.114761904761905,29.421789523809508
2026-08-18T18:30:00.000Z,MCT2408052,15.444425,74.063856,16.625,160,454.75,90.0707675,3.7234210000000005,8,4.914374999999999,13.922499999999998,6.536250000000001,2,27.185348125
2026-08-18T18:40:00.000Z,MCT2408052,15.444425,74.063856,16.866666666666667,160,455.4,90.21632933333332,3.592234133333334,8,4.996666666666665,14.620666666666667,7.110000000000001,2,27.203937999999994
2026-08-18T18:50:00.000Z,MCT2408052,15.444425,74.063856,16.875,160,436.3125,90.3063225,3.666886,8,4.9987499999999985,14.395624999999999,6.858750000000001,2,27.22221750000001
2026-08-18T19:00:00.000Z,MCT2408052,15.444425,74.063856,16,160,452,90.266269375,3.6538159375,8,4.7456249999999995,13.533749999999996,6.448749999999999,2,27.263778749999993
2026-08-18T19:10:00.000Z,MCT2408052,15.444425,74.063856,15.3125,160,473.625,90.31490562500001,3.7592543750000003,8,4.472499999999999,12.714374999999997,6.083125000000001,2,27.262439374999992
2026-08-18T19:18:25.033Z,MCT2408052,15.444425,74.063856,15.285714285714286,160,442.64285714285717,90.33363928571428,3.7603008571428576,8,4.370714285714285,12.436428571428568,5.965714285714285,2,27.280346428571427
2026-08-18T18:30:00.000Z,MCT2408053,15.263333,74.110833,41.75,214.63611250000005,760.625,92.11734999999999,16.422500000000003,23.636250000000004,4.590000000000002,13.428750000000004,7.685625,6.103750000000001,26.233498124999993
2026-08-18T18:40:00.000Z,MCT2408053,15.263333,74.110833,41.6875,216.06771875,740.125,92.13594875000001,16.4525,23.472500000000004,4.590000000000002,12.944374999999999,7.121249999999999,6.318749999999999,26.214730000000007
2026-08-18T18:50:00.000Z,MCT2408053,15.263333,74.110833,40.8125,197.45496250000002,747.125,92.226546875,15.6925,23.75375,4.590000000000002,13.671875,7.968749999999999,6.2768749999999995,26.197301875
2026-08-18T19:00:00.000Z,MCT2408053,15.263333,74.110833,42.0625,214.45944999999998,773.6875,92.19412187499998,16.794375,25.267500000000005,4.590000000000002,14.096875,8.461250000000001,6.385,26.241541875
2026-08-18T19:10:00.000Z,MCT2408053,15.263333,74.110833,43.0625,193.6950875,773.25,92.23322187500003,17.596249999999998,24.800000000000004,4.820000000000001,15.373125000000002,9.518125,6.1575000000000015,26.245565
2026-08-18T19:18:25.032Z,MCT2408053,15.263333,74.110833,43.84615384615385,208.40349230769226,783.1538461538462,92.41038461538461,18.295384615384613,25.345384615384617,4.660769230769232,14.731538461538461,9.024615384615386,6.260769230769231,26.275367692307686
2026-08-18T18:30:00.000Z,MCT2408021,15.500556,74.053333,49.625,375,507.5,89.151900625,21.30375,14.639643749999998,9.525,31.737500000000008,21.1625,4.264375,26.954760625000002
2026-08-18T18:40:00.000Z,MCT2408021,15.500556,74.053333,49.3125,375,513.75,89.22819437499999,21.075000000000003,14.477151875,9.495,31.005625,20.388125000000002,4.27,26.961462499999996
2026-08-18T18:50:00.000Z,MCT2408021,15.500556,74.053333,49.75,375,510.875,89.30067500000001,21.411250000000003,14.511986875,9.256875,30.19,19.8525,4.229375,26.984923749999997
2026-08-18T19:00:00.000Z,MCT2408021,15.500556,74.053333,49.6875,375,498.8125,89.26348124999998,21.278125,14.771866250000002,3.5437499999999997,11.194999999999999,7.022500000000001,4.27875,26.945375625000004
2026-08-18T19:10:00.000Z,MCT2408021,15.500556,74.053333,49.5,375,495.25,89.36314,21.21750000000001,14.56568,2.86,7.581874999999999,4.019375000000001,4.35125,26.872311875
2026-08-18T19:18:25.081Z,MCT2408021,15.500556,74.053333,49.53846153846154,375,493.53846153846155,89.35980384615385,21.18769230769231,14.598118461538464,2.86,7.490769230769231,3.92,4.242307692307692,26.860297692307693
2026-08-18T18:30:00.000Z,MCT2408043,15.221111,74.087222,33,176.83875,546.8125,86.54074062500001,14.246874999999998,10.28875,6.806249999999999,23.093125000000004,13.130000000000003,5.290000000000001,26.691993749999998
2026-08-18T18:40:00.000Z,MCT2408043,15.221111,74.087222,33,198.25250000000003,532.625,86.39244562500001,14.23,10.380000000000003,6.329999999999999,20.438125,11.37,5.290000000000001,26.78316187500001
2026-08-18T18:50:00.000Z,MCT2408043,15.221111,74.087222,33,191.14333333333332,553.4,86.34822600000001,14.19933333333333,10.472000000000001,6.329999999999999,20.943333333333335,11.871333333333332,5.290000000000001,26.83356733333333
2026-08-18T19:00:00.000Z,MCT2408043,15.221111,74.087222,33,193.50874999999996,551.25,86.57030499999998,14.225624999999996,10.478125,6.329999999999999,20.438750000000002,11.370000000000001,5.290000000000001,26.811313125
2026-08-18T19:10:00.000Z,MCT2408043,15.221111,74.087222,33,200.633125,561.75,86.440129375,14.198124999999996,10.490000000000002,6.329999999999999,20.035,10.97,5.290000000000001,26.891079374999997
2026-08-18T19:18:25.086Z,MCT2408043,15.221111,74.087222,33,204.37538461538463,555.7692307692307,86.60207076923076,14.203846153846152,10.434615384615388,6.329999999999999,19.905384615384612,10.840769230769231,5.29,26.87184692307693
2026-08-18T18:30:00.000Z,MCT2408050,15.553611,73.958333,27.625,86.02999999999999,553.875,92.13833312500002,11.341875,4.204375000000001,4.293125000000001,14.385000000000002,8.181875000000002,2.8050000000000006,26.9493975
2026-08-18T18:40:00.000Z,MCT2408050,15.553611,73.958333,27.8125,86.02999999999999,549.9375,92.41108249999998,11.481250000000001,4.3793750000000005,4.293125000000001,13.79375,7.5975,2.8062499999999995,26.938001874999998
2026-08-18T18:50:00.000Z,MCT2408050,15.553611,73.958333,27.5,86.02999999999999,523.75,92.37245874999999,11.343750000000002,4.279375000000001,4.240000000000001,13.363749999999998,7.278124999999998,2.4506249999999996,26.961463124999998
2026-08-18T19:00:00.000Z,MCT2408050,15.553611,73.958333,27.6875,86.02999999999999,536.125,92.19698312500003,11.446875,4.1850000000000005,4.240000000000001,13.202499999999997,7.118749999999999,2.5143750000000002,27.026483750000008
2026-08-18T19:10:00.000Z,MCT2408050,15.553611,73.958333,27.625,86.02999999999999,543.375,92.15835875000002,11.45875,4.336875,4.240000000000001,13.148749999999998,7.065624999999999,2.7750000000000004,27.066702499999998
2026-08-18T19:18:25.091Z,MCT2408050,15.553611,73.958333,27.615384615384617,86.02999999999999,515.6153846153846,92.01541769230768,11.258461538461537,4.254615384615383,4.240000000000001,12.946153846153845,6.865384615384613,2.7015384615384614,27.039323076923072
2026-08-18T18:30:00.000Z,MCT2408030,15.142519,74.075003,26,166.0648375,435,84.09027437499998,8.759999999999998,6.200000000000002,9.370000000000001,24.639999999999993,12.31,3.8899999999999997,27.562070624999993
2026-08-18T18:40:00.000Z,MCT2408030,15.142519,74.075003,26,166.38991249999998,431.25,84.061185,8.90125,6.200000000000002,9.370000000000001,24.639999999999993,12.31,3.995624999999999,27.581506249999997
2026-08-18T18:50:00.000Z,MCT2408030,15.142519,74.075003,26,166.199325,428.8125,84.04735937500003,8.873125000000002,6.200000000000002,9.370000000000001,24.639999999999993,12.31,3.791875,27.63848249999999
2026-08-18T19:00:00.000Z,MCT2408030,15.142519,74.075003,26,165.51590000000002,432.3125,84.05546500000001,8.903125,6.200000000000002,9.370000000000001,24.639999999999993,12.31,3.8581250000000002,27.661944999999996
2026-08-18T19:10:00.000Z,MCT2408030,15.142519,74.075003,26,167.42568125,433.4375,84.07835250000002,8.558125,6.200000000000002,9.370000000000001,24.639999999999993,12.31,4.161250000000001,27.703504375
2026-08-18T19:18:25.288Z,MCT2408030,15.142519,74.075003,26,167.30897692307693,434.38461538461536,84.05972000000003,8.610000000000001,6.200000000000002,9.370000000000001,24.639999999999993,12.31,3.9038461538461533,27.75460384615385
2026-08-18T18:30:00.000Z,MCT2408034,15.356389,74.123611,24.541666666666668,194.8874833333333,463.75,77.66394083333331,9.319999999999999,6.076249999999998,6.379999999999998,18.483749999999997,9.10375,1.6474999999999997,30.528002916666665
2026-08-18T18:40:00.000Z,MCT2408034,15.356389,74.123611,24.333333333333332,191.1586916666666,463.2083333333333,78.15349458333334,8.491666666666665,5.2725,6.417916666666664,18.914166666666663,9.495,1.4954166666666664,30.449353333333335
2026-08-18T18:50:00.000Z,MCT2408034,15.356389,74.123611,24,206.068712,455.64,78.47509840000002,8.454399999999998,4.607200000000001,6.379999999999998,17.819999999999997,8.44,1.8788,30.190952400000004
2026-08-18T19:00:00.000Z,MCT2408034,15.356389,74.123611,24.083333333333332,202.062775,455.5,78.61125791666664,7.708749999999998,4.4937499999999995,6.379999999999998,18.014999999999997,8.634999999999998,1.6725,30.204465416666668
2026-08-18T19:10:00.000Z,MCT2408034,15.356389,74.123611,29,189.53706250000005,463.6666666666667,78.63192083333335,6.799583333333332,5.0600000000000005,9.228749999999998,27.940416666666664,14.299999999999997,1.5495833333333333,30.26300625
2026-08-18T19:18:25.287Z,MCT2408034,15.356389,74.123611,57.523809523809526,180,464.8095238095238,78.81924809523814,7.2909523809523815,4.70095238095238,26.777142857142856,85.16285714285716,45.49904761904762,1.1195238095238094,30.248641428571425
2026-08-18T18:30:00.000Z,MCT2408029,15.333611,74.206944,12.1875,207.314325,456.75,92.198891875,3.379999999999999,7.23125,2.9399999999999995,8.7425,4.782500000000001,3.6075,26.95476
2026-08-18T18:40:00.000Z,MCT2408029,15.333611,74.206944,12.0625,209.4396375,456.625,92.37198249999999,2.95375,7.44875,2.9399999999999995,8.77875,4.81875,3.525625,26.887058125
2026-08-18T18:50:00.000Z,MCT2408029,15.333611,74.206944,12.2,206.94743333333332,459.1333333333333,92.41715533333333,3.584666666666666,8.071333333333333,2.9399999999999995,8.940666666666667,4.981999999999999,3.5973333333333333,26.884332000000004
2026-08-18T19:00:00.000Z,MCT2408029,15.333611,74.206944,12,205.45494999999997,455.4375,92.82736312499999,2.89625,7.9825,2.9399999999999995,8.67,4.709999999999999,3.5,26.752324374999997
2026-08-18T19:10:00.000Z,MCT2408029,15.333611,74.206944,12.428571428571429,207.16363571428568,457.14285714285717,92.67749928571426,4.449999999999999,7.524285714285715,2.94,8.67,4.71,3.5,26.83908285714286
2026-08-18T19:18:25.335Z,MCT2408029,15.333611,74.206944,12.071428571428571,207.9260928571428,465.2857142857143,92.57831785714286,2.722857142857143,7.588571428571428,2.94,8.67,4.71,3.5264285714285717,26.91415857142857
2026-08-18T18:30:00.000Z,MCT2408023,15.499722,74.020833,36.5625,150.51,458.9375,91.78738062499998,7.453749999999999,18.72,9.742500000000001,34.669374999999995,23.834374999999998,4.6525,26.380969999999994
2026-08-18T18:40:00.000Z,MCT2408023,15.499722,74.020833,39,150.51,463.5625,91.71728687500001,7.3268749999999985,19.889375,11.564999999999998,39.65625,26.643750000000004,4.811249999999999,26.380969999999994
2026-08-18T18:50:00.000Z,MCT2408023,15.499722,74.020833,36.5625,150.51,462.3125,91.69010499999999,7.4,19.57125,10.138749999999998,35.144375,23.834375,5.124375,26.380969999999994
2026-08-18T19:00:00.000Z,MCT2408023,15.499722,74.020833,35.93333333333333,151.25866666666667,459.6666666666667,91.63946666666666,7.632666666666666,18.98,9.546666666666665,33.94133333333333,23.2,4.929999999999999,26.373101333333338
2026-08-18T19:10:00.000Z,MCT2408023,15.499722,74.020833,41,150.51,461.875,91.71537499999998,7.060000000000001,19.332500000000003,13.226874999999998,44.3275,29.090625000000003,4.983125,26.380969999999994
2026-08-18T19:18:25.335Z,MCT2408023,15.499722,74.020833,41.92857142857143,150.51,467.92857142857144,91.70420714285714,7.430714285714287,19.080714285714286,13.849285714285713,46.226428571428585,30.139285714285716,5.0128571428571425,26.380969999999994
2026-08-18T18:30:00.000Z,MCT2408027,15.275556,74.1075,19.5,1168.510625,632.0625,91.741605,6.579999999999999,12.866875000000004,4.991875,16.203750000000003,9.201250000000002,2.9500000000000006,26.376945625000005
2026-08-18T18:40:00.000Z,MCT2408027,15.275556,74.1075,19.4375,1168.25,628.4375,91.67818625,6.579999999999999,12.771250000000006,4.9300000000000015,16.019375,9.14,2.9500000000000006,26.399736875000006
2026-08-18T18:50:00.000Z,MCT2408027,15.275556,74.1075,19.875,1169.30625,641.8125,91.58567749999999,6.579999999999999,12.710000000000004,5.1775,16.942500000000003,9.571875,2.9500000000000006,26.4225275
2026-08-18T19:00:00.000Z,MCT2408027,15.275556,74.1075,20.0625,1164.919375,627.6875,91.53179562499997,6.579999999999999,12.830000000000005,5.239375000000001,17.311875,9.818750000000001,2.9500000000000006,26.450679375
2026-08-18T19:10:00.000Z,MCT2408027,15.275556,74.1075,20.875,1158.781875,620.9375,91.2571375,6.579999999999999,12.946875000000006,5.733125000000001,18.851875,10.49875,2.9500000000000006,26.525084375
2026-08-18T19:18:25.339Z,MCT2408027,15.275556,74.1075,21.307692307692307,1157.1653846153845,620.4615384615385,91.24719461538461,6.579999999999999,12.966153846153848,5.992307692307692,19.714615384615385,11.098461538461537,2.95,26.527818461538455
2026-08-18T18:30:00.000Z,MCT2408049,15.475278,74.055833,56.75,150,497.125,87.54686625,24.275624999999998,13.366874999999999,5.081249999999999,16.61375,9.255625000000002,2.61,27.548661874999993
2026-08-18T18:40:00.000Z,MCT2408049,15.475278,74.055833,56.5625,150,508.8125,87.63985187499999,24.160624999999996,13.181875,6.085,18.816875,10.262500000000003,2.61,27.582178125
2026-08-18T18:50:00.000Z,MCT2408049,15.475278,74.055833,56.6875,150,508.5625,87.7399875,24.090625,12.36875,6.516250000000001,20.301250000000003,11.030000000000001,2.61,27.560727500000002
2026-08-18T19:00:00.000Z,MCT2408049,15.475278,74.055833,56.5625,150,521.0625,87.79911375,24.099999999999998,12.006249999999998,7.57125,23.653124999999996,12.852500000000003,2.61,27.584859375000004
2026-08-18T19:10:00.000Z,MCT2408049,15.475278,74.055833,56.625,150.08306875,517.25,87.65940125000002,24.132499999999997,13.013749999999998,7.810625000000003,23.988125000000004,12.8525,2.61,27.624407500000007
2026-08-18T19:18:25.540Z,MCT2408049,15.475278,74.055833,56.53846153846154,151.2761,512,87.76584615384618,24.064615384615387,13.635384615384615,6.663076923076924,20.211538461538456,10.74076923076923,2.61,27.63250153846154
2026-08-18T18:30:00.000Z,MCT2408040,15.528056,74.020833,19,100,457.1875,88.63596375000003,8.1,4.8256250000000005,3.07,8.42,3.7299999999999986,3.5,27.364996249999997
2026-08-18T18:40:00.000Z,MCT2408040,15.528056,74.020833,18.875,100,459.5,88.68412500000002,7.950625000000001,4.806875000000001,3.07,8.42,3.7299999999999986,3.5,27.3797425
2026-08-18T18:50:00.000Z,MCT2408040,15.528056,74.020833,19.0625,100,461,88.728469375,8.100625,4.779375,3.07,8.42,3.7299999999999986,3.5,27.407895625000005
2026-08-18T19:00:00.000Z,MCT2408040,15.528056,74.020833,19,100,450.0625,88.69032187500001,8.005,4.769375,3.07,8.42,3.7299999999999986,3.5,27.375049999999998
2026-08-18T19:10:00.000Z,MCT2408040,15.528056,74.020833,19,100,443.5,88.58303625,8.073125000000001,4.713750000000001,3.07,8.42,3.7299999999999986,3.5,27.371028749999997
2026-08-18T19:18:25.539Z,MCT2408040,15.528056,74.020833,19.153846153846153,100,442.6923076923077,88.54110923076922,8.11923076923077,4.6838461538461535,3.07,8.42,3.729999999999999,3.5,27.367676923076925
2026-08-18T18:30:00.000Z,MCT2408044,15.313669,74.140042,26,214.29,465.875,94.617884375,10.914374999999998,3.3406249999999997,2.8699999999999997,7.5,4.32,3.6097755625,25.977433750000007
2026-08-18T18:40:00.000Z,MCT2408044,15.313669,74.140042,26,214.29,473.2,94.4481,10.912,3.32,2.8699999999999997,7.5,4.320000000000001,3.460170933333333,26.058497999999997
2026-08-18T18:50:00.000Z,MCT2408044,15.313669,74.140042,25.6875,214.29,477.6875,94.31890874999999,10.844999999999997,3.32,2.8699999999999997,7.5,4.32,3.3819711874999996,26.155070624999997
2026-08-18T19:00:00.000Z,MCT2408044,15.313669,74.140042,25.8125,214.29,471.5,94.552083125,10.855,3.32,2.8699999999999997,7.5,4.32,3.4791667500000005,26.070608749999998
2026-08-18T19:10:00.000Z,MCT2408044,15.313669,74.140042,25.733333333333334,214.29,469.53333333333336,94.45827133333336,10.834666666666667,3.32,2.8699999999999997,7.5,4.320000000000001,3.488888933333334,26.114268
2026-08-18T19:18:25.587Z,MCT2408044,15.313669,74.140042,25.714285714285715,214.29,470.7857142857143,94.34615571428573,10.801428571428572,3.35,2.87,7.5,4.32,3.6612637142857145,26.089088571428572
2026-08-18T18:30:00.000Z,MCT2408046,15.529167,74.07,30.92,95.52,875.72,86.4234004,13.229199999999999,1.2732,9.4836,28.44000000000001,14.082800000000004,3.4388,28.454343599999998
2026-08-18T18:40:00.000Z,MCT2408046,15.529167,74.07,30.88,95.52,881.8,87.34838959999999,13.0956,1.2476000000000003,7.916399999999999,24.040400000000005,11.903599999999997,3.5276000000000005,28.128299600000002
2026-08-18T18:50:00.000Z,MCT2408046,15.529167,74.07,30.76,95.52,877.88,88.36157319999998,13.0912,1.234,5.615200000000001,16.663199999999996,8.2388,3.4807999999999995,27.8224216
2026-08-18T19:00:00.000Z,MCT2408046,15.529167,74.07,30.88,95.52,868.12,87.51593000000001,13.076800000000002,1.2552000000000003,5.060000000000001,13.330000000000002,5.7860000000000005,3.4723999999999995,28.006892000000008
2026-08-18T19:10:00.000Z,MCT2408046,15.529167,74.07,30.76,95.52,872.76,88.49096599999999,13.131200000000002,1.1856000000000002,5.060000000000001,13.330000000000002,5.81,3.5956000000000006,27.7447708
2026-08-18T19:18:25.587Z,MCT2408046,15.529167,74.07,30.761904761904763,95.52,868.6666666666666,89.35653238095239,13.081904761904763,1.075714285714286,5.0600000000000005,13.330000000000005,5.75,3.6319047619047615,27.483609523809523
2026-08-18T18:30:00.000Z,MCT2408037,15.394444,74.118333,25.3125,160,443.25,85.783524375,10.64375,13.938125000000001,3.9049999999999994,14.871875,8.056874999999998,3.769375,27.062011249999998
2026-08-18T18:40:00.000Z,MCT2408037,15.394444,74.118333,25.25,161.03735,452.9375,85.88223,10.604375,14.319375000000004,3.8587499999999997,14.055000000000001,7.355,3.6943750000000004,27.060670000000002
2026-08-18T18:50:00.000Z,MCT2408037,15.394444,74.118333,25.375,164.45736875000003,450.5625,85.62568874999998,10.481250000000003,14.403749999999999,3.7199999999999993,12.216875,5.951874999999999,3.503125,27.181325000000005
2026-08-18T19:00:00.000Z,MCT2408037,15.394444,74.118333,25.375,162.6181625,449.0625,85.57085312499997,10.688125000000003,14.235624999999999,3.7199999999999993,12.52125,6.234375,3.840625,27.244338125
2026-08-18T19:10:00.000Z,MCT2408037,15.394444,74.118333,25.1875,160.26405,457.0625,85.60375687499999,10.559999999999999,14.258125000000003,3.7662499999999994,13.645624999999999,7.169374999999999,3.64625,27.254395000000006
2026-08-18T19:18:25.589Z,MCT2408037,15.394444,74.118333,25.357142857142858,160,464.7142857142857,85.73474999999999,10.576428571428576,14.555714285714284,3.931428571428571,14.601428571428574,7.763571428571429,3.673571428571428,27.179219999999997
2026-08-18T18:30:00.000Z,MCT2408042,15.213889,74.071667,60.6875,251.778125,459.6875,87.9812675,25.866875,13.733125000000001,8.986249999999997,27.246250000000003,14.465625,3.2531250000000003,26.984253124999995
2026-08-18T18:40:00.000Z,MCT2408042,15.213889,74.071667,60.625,247.50187499999998,461.125,88.15817187500002,25.83,13.6425,9.327499999999999,28.10125,14.693125,3.1999999999999997,27.014418750000008
2026-08-18T18:50:00.000Z,MCT2408042,15.213889,74.071667,60.6875,235.71812500000001,471.875,88.32554375,25.86375,13.646250000000002,14.389375,42.749375,22.03625,3.063125,27.029835624999993
2026-08-18T19:00:00.000Z,MCT2408042,15.213889,74.071667,60.8125,244.00875,474.375,88.47192875000002,25.93125,13.588749999999997,15.071875,45.599374999999995,23.80125,3.1475,27.055306874999996
2026-08-18T19:10:00.000Z,MCT2408042,15.213889,74.071667,60.625,246.988125,473.8125,88.50674125000002,25.823749999999997,13.394999999999998,10.123750000000001,30.60875,16.173125,3.17875,27.088823125000008
2026-08-18T19:18:25.794Z,MCT2408042,15.213889,74.071667,60.57142857142857,246.715,476.57142857142856,88.66716214285715,25.79571428571429,13.670000000000002,14.69,43.710714285714296,22.517142857142858,3.291428571428572,27.114869285714285
2026-08-18T18:30:00.000Z,MCT2408041,15.224628,74.171389,32.6875,431.88490625000003,460.5,90.85087375,13.7825,9.7,8.090000000000002,20.503125,9.152500000000003,7.945625000000001,26.41783625
2026-08-18T18:40:00.000Z,MCT2408041,15.224628,74.171389,32.875,424.82519375000004,466.25,90.76170499999999,13.886875,9.7,8.090000000000002,20.25,8.900000000000002,7.923749999999999,26.444647500000002
2026-08-18T18:50:00.000Z,MCT2408041,15.224628,74.171389,32.875,376.35769999999997,461.0625,90.80843625000001,13.949375,9.7,8.090000000000002,20.25,8.900000000000002,7.958749999999999,26.487546875000007
2026-08-18T19:00:00.000Z,MCT2408041,15.224628,74.171389,32.9375,420.80875625,467.75,90.95577625000001,13.900624999999998,9.7,8.090000000000002,20.25,8.900000000000002,7.888125,26.489558125000002
2026-08-18T19:10:00.000Z,MCT2408041,15.224628,74.171389,32.9375,432.705,472,90.75932062499999,13.874375,9.7,8.090000000000002,20.25,8.900000000000002,7.920625,26.544523749999996
2026-08-18T19:18:25.794Z,MCT2408041,15.224628,74.171389,32.84615384615385,432.08441538461534,473.9230769230769,90.79178230769232,13.780000000000001,9.700000000000001,8.090000000000002,20.25,8.900000000000002,7.809230769230767,26.514617692307695
2026-08-18T18:30:00.000Z,MCT2408033,15.346944,74.007778,20,110.50745,485.6875,90.40693687499999,8.101875000000001,4.2768749999999995,3.3725000000000005,9.80875,6.506874999999999,4.39,27.137084375
2026-08-18T18:40:00.000Z,MCT2408033,15.346944,74.007778,21.384615384615383,110,446.46153846153845,90.55761769230769,9.338461538461537,4.022307692307693,3.1238461538461544,8.956153846153846,5.970769230769231,4.39,27.304152307692302
2026-08-18T18:50:00.000Z,MCT2408033,15.346944,74.007778,20,110.2382875,487.75,90.331596875,8.177500000000002,4.2025,3.3725000000000005,9.584375,6.24875,4.39,27.354271249999996
2026-08-18T19:00:00.000Z,MCT2408033,15.346944,74.007778,19.6875,110.3182,485.9375,90.383095625,7.928125,4.513125,3.2968750000000004,9.1675,5.880624999999999,4.39,27.285230000000002
2026-08-18T19:10:00.000Z,MCT2408033,15.346944,74.007778,20.375,110.17505625,506.375,90.53615875,8.443125,4.681874999999999,3.4112500000000003,9.551249999999998,6.101875000000001,4.39,27.185346875
2026-08-18T19:18:25.847Z,MCT2408033,15.346944,74.007778,19.785714285714285,111.24466428571428,499.64285714285717,90.59576285714284,7.909285714285716,4.55,3.5078571428571435,9.634285714285713,6.090714285714285,4.39,27.17079142857143
2026-08-18T18:30:00.000Z,MCT2408045,15.619444,73.878889,27.75,178.96937499999996,555.875,86.358589375,11.44375,16.148125,3.020000000000001,9.985,4.803749999999998,2.5300000000000002,27.175965625
2026-08-18T18:40:00.000Z,MCT2408045,15.619444,73.878889,27.75,179.08062499999997,555.625,86.87786437499999,11.363125,16.736875,3.020000000000001,9.735624999999999,4.555624999999997,2.5300000000000002,27.001013125
2026-08-18T18:50:00.000Z,MCT2408045,15.619444,73.878889,27.625,178.81687499999995,562.0625,86.98562937499997,11.361875000000001,16.149375,3.020000000000001,9.735625,4.555624999999998,2.5300000000000002,27.023132500000003
2026-08-18T19:00:00.000Z,MCT2408045,15.619444,73.878889,27.625,179.381875,562.125,87.02330062499999,11.353125,15.967499999999998,3.020000000000001,10.1275,4.94625,2.5300000000000002,27.043912499999998
2026-08-18T19:10:00.000Z,MCT2408045,15.619444,73.878889,27.625,179.95499999999996,566.4375,87.02425374999997,11.311874999999999,16.438124999999996,3.020000000000001,9.913749999999997,4.7331249999999985,2.5300000000000002,27.094856250000003
2026-08-18T19:18:25.850Z,MCT2408045,15.619444,73.878889,27.642857142857142,178.34499999999994,560.8571428571429,86.93038500000002,11.33285714285714,16.72357142857143,3.0200000000000005,9.740714285714287,4.560714285714283,2.5300000000000002,27.15317214285714
2026-08-18T18:30:00.000Z,MCT2408024,15.148056,74.131667,40.88,213.66541599999996,574.52,81.90801999999998,17.774240000000006,6.65656588,5.04,16.230000000000004,9.150000000000002,2.4388,28.197368400000006
2026-08-18T18:40:00.000Z,MCT2408024,15.148056,74.131667,40.68,214.21427599999998,644.56,81.69256520000003,17.643616400000006,7.683982999999997,5,15.990000000000004,8.990000000000002,2.4452000000000003,28.273302400000006
2026-08-18T18:50:00.000Z,MCT2408024,15.148056,74.131667,41.28,214.72851200000002,621.84,81.5604252,18.093997600000005,7.24184732,5,15.350000000000005,8.350000000000001,2.4584,28.284886400000005
2026-08-18T19:00:00.000Z,MCT2408024,15.148056,74.131667,40.833333333333336,215.37031250000004,523.9166666666666,81.43858249999998,17.723292083333334,5.643338333333335,5,15.198333333333338,8.198333333333336,2.4525,28.276627083333338
2026-08-18T19:10:00.000Z,MCT2408024,15.148056,74.131667,40.4,215.54353200000006,627.56,81.62481840000004,17.410182,6.2028862400000015,5,15.230000000000004,8.230000000000002,2.4743999999999997,28.232975200000002
2026-08-18T19:18:25.848Z,MCT2408024,15.148056,74.131667,40.857142857142854,216.18755714285712,643.8095238095239,81.60906333333335,17.787667619047618,6.596578285714285,5,15.132857142857146,8.132857142857144,2.4504761904761914,28.282372380952385
2026-08-18T18:30:00.000Z,MCT2408032,15.525556,73.828611,35.28,201.438,652.68,81.38006599999999,15.077600000000007,17.514400000000006,7.120000000000002,20.538,10.532400000000004,2.72,29.758943599999995
2026-08-18T18:40:00.000Z,MCT2408032,15.525556,73.828611,35.44,211.14999999999998,676.24,81.64953560000001,15.0848,17.815200000000004,8.486799999999999,23.837999999999997,11.608400000000001,2.9524,29.551735200000003
2026-08-18T18:50:00.000Z,MCT2408032,15.525556,73.828611,35,213.21759999999995,649.16,81.131958,14.8392,17.6356,10.366,28.5024,13.816,3.063999999999999,29.634103199999995
2026-08-18T19:00:00.000Z,MCT2408032,15.525556,73.828611,35.24,213.48600000000002,684.32,80.88110280000001,14.939200000000003,17.326000000000004,8.2588,23.438400000000005,11.552400000000002,3.1499999999999995,29.657699200000007
2026-08-18T19:10:00.000Z,MCT2408032,15.525556,73.828611,35.28,217.47560000000001,678.88,80.7837516,14.888799999999998,17.6132,9.627200000000002,26.226800000000004,12.514,3.0684000000000005,29.668423199999996
2026-08-18T19:18:26.045Z,MCT2408032,15.525556,73.828611,35.61904761904762,224.0014285714285,670.952380952381,81.19780333333335,15.300000000000002,17.653809523809525,7.120000000000002,18.693333333333335,8.696190476190477,3.1176190476190477,29.61586095238095
2026-08-18T18:30:00.000Z,MCT2408022,15.475833,74.038889,26.625,150,436.3125,91.033499375,4.036875,11.39457875,7.5,24.5,13.6875,4.2303374375,26.630995000000002
2026-08-18T18:40:00.000Z,MCT2408022,15.475833,74.038889,39.8125,150,444.1875,90.908091875,3.831875,11.477096249999999,16.375,51.3125,27.8125,4.243243250000001,26.70808375
2026-08-18T18:50:00.000Z,MCT2408022,15.475833,74.038889,38.25,150,438.0625,90.80461749999996,3.78625,11.615398124999999,15.125,48.1875,26.5625,4.266620937500001,26.802598125
2026-08-18T19:00:00.000Z,MCT2408022,15.475833,74.038889,32.5625,150,435.625,90.8174925,3.9449999999999994,11.515246874999999,11.375,36.75,20.375,4.2245669999999995,26.90113562500001
2026-08-18T19:10:00.000Z,MCT2408022,15.475833,74.038889,30.8125,150,447.5625,90.59004062499999,4.105624999999999,11.438376875,10.5,33.1875,18.25,4.229664625000001,26.955430625
2026-08-18T19:18:26.045Z,MCT2408022,15.475833,74.038889,30.692307692307693,150,452.9230769230769,90.56172461538462,4.016923076923077,11.340360769230767,10.153846153846153,32.84615384615385,18.46153846153846,4.216689461538461,26.947748461538467
2026-08-18T18:30:00.000Z,MCT2408036,15.171567,74.067106,35.93333333333333,120,472.6666666666667,90.96095799999999,10.415333333333333,7.949333333333333,3.9280000000000004,11.753333333333332,6.382666666666666,10.948666666666668,27.19964866666667
2026-08-18T18:40:00.000Z,MCT2408036,15.171567,74.067106,35.46666666666667,120,474.6666666666667,90.99147666666667,10.454,7.984,3.5773333333333333,10.942666666666668,6.078666666666665,10.698000000000002,27.220384000000003
2026-08-18T18:50:00.000Z,MCT2408036,15.171567,74.067106,35.5,120,467.6875,90.99392312500001,10.514375,7.775624999999999,4.20875,12.919375000000002,7.123749999999999,10.727500000000001,27.3019875
2026-08-18T19:00:00.000Z,MCT2408036,15.171567,74.067106,35.93333333333333,120,463.6,91.13134733333335,10.72,7.724,4.456000000000001,13.542666666666667,7.4626666666666654,10.927333333333335,27.362671333333342
2026-08-18T19:10:00.000Z,MCT2408036,15.171567,74.067106,35.733333333333334,120,467.8,91.09065733333335,10.251333333333331,7.846000000000001,3.684,11.482666666666665,6.451333333333333,10.933333333333335,27.444897333333333
2026-08-18T19:18:26.101Z,MCT2408036,15.171567,74.067106,36.142857142857146,120,466.42857142857144,91.27260142857143,10.480714285714285,7.721428571428569,3.908571428571429,12.087142857142855,6.767142857142856,11.053571428571429,27.386062142857146
2026-08-18T18:30:00.000Z,MCT2408031,15.290833,74.149167,16.9375,174.98718125,478.875,87.8873275,7.224055062500001,7.204865,4.3475,11.493125000000001,6.399375,4.605,26.094738750000005
2026-08-18T18:40:00.000Z,MCT2408031,15.290833,74.149167,16.75,171.865975,481.0625,87.78051875000001,7.076383000000001,7.145809312500001,4.166875,10.923749999999998,6.1,4.69375,26.145681875000005
2026-08-18T18:50:00.000Z,MCT2408031,15.290833,74.149167,16.625,174.759125,474.875,87.80817375000001,7.1336569999999995,6.817522875,4.22875,11.246875000000003,6.279374999999999,4.5337499999999995,26.17451
2026-08-18T19:00:00.000Z,MCT2408031,15.290833,74.149167,16.9375,174.6259125,482.3125,87.79673062500002,7.169024375,6.623851812499999,4.2875000000000005,11.411249999999999,6.429375,4.559375000000001,26.230817500000004
2026-08-18T19:10:00.000Z,MCT2408031,15.290833,74.149167,16.9375,171.74270000000004,486.0625,87.708989375,7.2965054375000005,6.8327711875,4.108750000000001,10.73375,5.951249999999999,4.643750000000001,26.294497499999988
2026-08-18T19:18:26.103Z,MCT2408031,15.290833,74.149167,17,169.7232615384615,495.38461538461536,87.71185076923078,7.191722846153847,6.053916769230769,4.360769230769231,11.30307692307692,6.1899999999999995,4.878461538461538,26.29351692307693
2026-08-18T18:30:00.000Z,MCT2408035,15.236111,74.125,46.375,190,578.125,90.77171625,18.434359374999996,8.921875,3.799999999999999,10.19,4.909999999999998,3.8299999999999987,26.41783375
2026-08-18T18:40:00.000Z,MCT2408035,15.236111,74.125,45.6875,190,614.0625,90.91619874999998,17.929801875,8.458124999999999,3.799999999999999,10.19,4.909999999999998,3.8299999999999987,26.404428125000003
2026-08-18T18:50:00.000Z,MCT2408035,15.236111,74.125,47.4375,190,574.1875,90.97103437500002,19.171431874999996,8.7,3.799999999999999,10.19,4.909999999999998,3.8299999999999987,26.468777499999995
2026-08-18T19:00:00.000Z,MCT2408035,15.236111,74.125,45.375,190,613.875,90.6176975,17.657759375,9.083750000000002,3.799999999999999,10.19,4.909999999999998,3.8299999999999987,26.61892875
2026-08-18T19:10:00.000Z,MCT2408035,15.236111,74.125,46.375,190,621.5,90.40073750000003,18.414595624999993,9.2475,3.799999999999999,10.19,4.909999999999998,3.8299999999999987,26.669872499999997
2026-08-18T19:18:26.103Z,MCT2408035,15.236111,74.125,46.92857142857143,190,626.2142857142857,90.51347500000001,18.840347142857144,9.079285714285714,3.7999999999999994,10.19,4.909999999999998,3.8299999999999987,26.603894285714286
2026-08-18T18:30:00.000Z,MCT2408038,15.188889,74.055556,31.375,315.331875,692.5625,89.94964937499999,9.797500000000003,13.330000000000005,11.963750000000001,34.979375000000005,17.706249999999997,4.7231250000000005,27.764504999999996
2026-08-18T18:40:00.000Z,MCT2408038,15.188889,74.055556,28.6875,343.929375,694.875,90.082210625,9.889375000000001,13.330000000000005,9.871250000000002,29.510624999999997,15.293750000000003,4.735,27.648538750000007
2026-08-18T18:50:00.000Z,MCT2408038,15.188889,74.055556,27.875,322.703125,691.625,90.4536675,9.700000000000001,13.330000000000005,9.367499999999998,27.89374999999999,14.329999999999998,4.790625,27.580165625000003
2026-08-18T19:00:00.000Z,MCT2408038,15.188889,74.055556,26.8125,334.68937500000004,682.6875,90.77553312500001,9.800625,13.330000000000005,8.669999999999998,25.843124999999997,13.504375000000001,4.74375,27.592231249999998
2026-08-18T19:10:00.000Z,MCT2408038,15.188889,74.055556,26.866666666666667,313.7699999999999,684.2,90.87906799999999,9.706666666666667,13.330000000000005,8.546000000000001,25.843999999999998,13.559333333333333,4.7620000000000005,27.632227999999998
2026-08-18T19:18:26.297Z,MCT2408038,15.188889,74.055556,28.785714285714285,318.6321428571428,692.3571428571429,90.87968642857145,9.82642857142857,13.330000000000004,9.865714285714287,29.607857142857142,15.392857142857142,4.731428571428571,27.665678571428572
2026-08-18T18:30:00.000Z,MCT2408039,15.163611,74.110833,30,349.160625,468.6875,86.53025187500003,10.066874999999998,10.3,9.019999999999998,28.94,11.759999999999998,2.3,27.335501875
2026-08-18T18:40:00.000Z,MCT2408039,15.163611,74.110833,30,356.26562500000006,488.5,86.71192562500002,10.239374999999999,10.3,9.019999999999998,28.94,11.759999999999998,2.3,27.299304375
2026-08-18T18:50:00.000Z,MCT2408039,15.163611,74.110833,30,361.1468749999999,483.0625,86.84782250000002,10.2525,10.3,9.019999999999998,28.94,11.759999999999998,2.3,27.295954375
2026-08-18T19:00:00.000Z,MCT2408039,15.163611,74.110833,30,365.110625,477.875,87.17445812499999,9.76625,10.3,9.019999999999998,28.94,11.759999999999998,2.3,27.259085625
2026-08-18T19:10:00.000Z,MCT2408039,15.163611,74.110833,30.5,357.25187500000004,469.5625,87.11914562500002,10.029999999999998,10.3,9.090625,30.037500000000005,12.643125,2.3,27.318743749999996
2026-08-18T19:18:26.297Z,MCT2408039,15.163611,74.110833,31.23076923076923,356.8115384615385,464.7692307692308,86.96182384615386,10.672307692307694,10.299999999999999,9.106153846153843,31.404615384615383,13.756153846153847,2.3000000000000003,27.410576923076917
2026-08-18T18:30:00.000Z,MCT2408026,15.2467,74.198281,30.875,125,496.9166666666667,85.49487791666665,13.188117916666664,12.5,4.886666666666669,16.522083333333335,9.401249999999997,1.8620833333333333,27.947277916666668
2026-08-18T18:40:00.000Z,MCT2408026,15.2467,74.198281,30.958333333333332,125,493.4166666666667,85.53207208333335,13.221630416666665,12.5,4.76916666666667,15.63416666666667,8.758333333333335,1.9204166666666664,27.95666333333334
2026-08-18T18:50:00.000Z,MCT2408026,15.2467,74.198281,31.04,125,497.44,85.99523880000002,13.2716404,12.5,5.711200000000002,18.878000000000004,10.6072,1.9224,27.8884888
2026-08-18T19:00:00.000Z,MCT2408026,15.2467,74.198281,31.041666666666668,125,512.625,85.78829124999999,13.332727500000003,12.5,4.808333333333336,15.473750000000003,8.516250000000003,1.87125,28.01654416666666
2026-08-18T19:10:00.000Z,MCT2408026,15.2467,74.198281,31.08,125,514.48,85.29180919999999,13.5193136,12.5,4.730000000000003,15.125600000000002,8.330000000000002,1.878,28.1699116
2026-08-18T19:18:26.368Z,MCT2408026,15.2467,74.198281,31.05,125,503.15,84.60859650000002,13.444685000000002,12.5,4.730000000000002,15.330499999999997,8.531500000000001,1.8664999999999998,28.350097500000004
2026-08-18T19:20:00.000Z,MCT2408020,15.543475,74.039433,21.4375,180,446.8125,88.37990187499999,9.127393187500001,18.519485625,5.5699999999999985,15.840000000000002,7.430000000000003,3.6599999999999984,27.43806
2026-08-18T19:30:00.000Z,MCT2408020,15.543475,74.039433,21.5,180,445.9375,88.65503625000002,9.111918,18.4626,5.5699999999999985,15.840000000000002,7.430000000000003,3.6599999999999984,27.312710624999998
2026-08-18T19:40:00.000Z,MCT2408020,15.543475,74.039433,21.4375,180,449.1875,89.01838562500001,9.144559375,18.868969375000002,5.5699999999999985,15.840000000000002,7.430000000000003,3.6599999999999984,27.257076875
2026-08-18T19:50:00.000Z,MCT2408020,15.543475,74.039433,22,180,453.0625,89.06130249999998,9.4201259375,19.38212875,5.5699999999999985,15.840000000000002,7.430000000000003,3.6599999999999984,27.26713125
2026-08-18T20:00:00.000Z,MCT2408020,15.543475,74.039433,21.375,180,454.8125,89.18527999999999,9.107496125,19.73413625,5.5699999999999985,15.840000000000002,7.430000000000003,3.6599999999999984,27.224896249999993
2026-08-18T20:08:46.307Z,MCT2408020,15.543475,74.039433,21.857142857142858,180,454.2142857142857,89.15108285714284,9.406842928571427,19.84689071428571,5.569999999999999,15.840000000000002,7.430000000000002,3.659999999999999,27.27345071428572
2026-08-18T19:20:00.000Z,MCT2408028,15.186944,74.096667,41.64,595.9284,490.64,92.4387208,18.0876,12.153599999999997,5.0299999999999985,16.784000000000002,9.744399999999995,2.0896,26.129568399999993
2026-08-18T19:30:00.000Z,MCT2408028,15.186944,74.096667,41.48,594.1952000000001,498.56,92.51989719999997,18.014,11.807999999999998,5.509999999999999,19.5288,11.732000000000003,2.0880000000000005,26.1836268
2026-08-18T19:40:00.000Z,MCT2408028,15.186944,74.096667,41.48,590.7479999999999,493.76,92.61145079999997,17.980800000000002,12.015999999999998,6.23,21.9556,13.241999999999997,2.048,26.2509816
2026-08-18T19:50:00.000Z,MCT2408028,15.186944,74.096667,41.44,587.6820000000001,499,92.7088012,17.9744,11.876399999999999,6.750000000000001,23.425600000000003,13.838000000000001,1.882800000000001,26.2677108
2026-08-18T20:00:00.000Z,MCT2408028,15.186944,74.096667,41.36,584.9236,507.36,92.6740092,17.897599999999997,11.739599999999998,7.150000000000001,24.34080000000001,14.235600000000003,1.7896,26.26728240000001
2026-08-18T20:08:46.314Z,MCT2408028,15.186944,74.096667,41.61904761904762,582.9866666666667,503,92.64334809523807,18.073809523809526,11.757142857142856,7.656666666666668,26.8952380952381,16.28571428571428,1.6695238095238096,26.304870476190473
2026-08-18T19:20:00.000Z,MCT2408055,15.585833,73.885556,19.4375,105.39687499999998,785.375,89.03936875,8.60625,6.5,3.5,10.033125,5.621875000000001,1.201875,27.602956874999997
2026-08-18T19:30:00.000Z,MCT2408055,15.585833,73.885556,19.3125,107.03937499999999,789.25,89.37696875,8.509375,6.8187500000000005,3.5,10.240000000000002,5.833750000000001,1.324375,27.432697499999996
2026-08-18T19:40:00.000Z,MCT2408055,15.585833,73.885556,19.4375,107.285625,807.625,89.56341125,8.562500000000002,6.325000000000001,3.5,10.198125000000003,5.791875000000001,1.2793750000000002,27.340865625
2026-08-18T19:50:00.000Z,MCT2408055,15.585833,73.885556,19.1875,108.526875,806.4375,89.888614375,8.464375,6.524999999999999,3.5,10.281875000000001,5.875625000000001,1.36125,27.173282500000003
2026-08-18T20:00:00.000Z,MCT2408055,15.585833,73.885556,19.25,107.675,806.8125,89.89385875000002,8.425,6.71,3.5,9.581250000000002,5.152500000000001,1.2431250000000003,27.125020624999998
2026-08-18T20:08:46.320Z,MCT2408055,15.585833,73.885556,19.285714285714285,106.28928571428573,814.3571428571429,89.81211714285715,8.535,7.177142857142857,3.5,9.492857142857146,5.061428571428571,1.4000000000000004,27.157002142857145
2026-08-18T19:20:00.000Z,MCT2408057,15.272222,74.104722,29.76,331.3436000000001,461.08,80.57958919999999,12.266799999999998,9.08,4.601199999999999,13.615199999999998,7.329599999999998,2.0632,29.440195599999978
2026-08-18T19:30:00.000Z,MCT2408057,15.272222,74.104722,29.84,337.4627999999999,467.36,79.61553959999998,12.303199999999999,8.924400000000002,4.0292,12.7772,7.107999999999997,2.0787999999999998,29.7422116
2026-08-18T19:40:00.000Z,MCT2408057,15.272222,74.104722,29.88,336.2935999999999,469.68,80.52221640000002,12.359599999999999,8.894,4.338799999999999,13.048399999999999,7.086799999999998,2.4279999999999995,29.420031200000007
2026-08-18T19:50:00.000Z,MCT2408057,15.272222,74.104722,29.36,332.1600000000001,462.24,82.05358999999999,12.053199999999999,9.044400000000001,4.0056,12.6184,6.974,2.430000000000001,29.021917200000004
2026-08-18T20:00:00.000Z,MCT2408057,15.272222,74.104722,29.84,331.8688,468,82.42254680000002,12.27,9.054400000000001,4.0768,12.844799999999998,7.131199999999999,2.4040000000000004,28.884634800000004
2026-08-18T20:08:46.320Z,MCT2408057,15.272222,74.104722,29.90909090909091,338.44954545454533,470.6363636363636,82.43994090909092,12.391363636363637,8.861818181818183,3.6322727272727273,11.384545454545457,6.18909090909091,2.314545454545455,28.850665909090914
2026-08-18T19:20:00.000Z,MCT2408056,15.579167,73.920833,17,180,564.5625,89.95155749999998,6.99375,10.0685149375,4.6899999999999995,13.830624999999998,7.674375000000001,1.6799999999999997,27.567429999999995
2026-08-18T19:30:00.000Z,MCT2408056,15.579167,73.920833,16.6875,180,569.25,89.97349125000002,6.9350000000000005,9.884389562500001,4.6899999999999995,13.830624999999998,7.674375000000001,1.6981249999999999,27.594911875
2026-08-18T19:40:00.000Z,MCT2408056,15.579167,73.920833,16.4375,180,577.4375,89.95966250000001,6.8725,9.7133214375,4.6899999999999995,13.773749999999998,7.616875,1.81375,27.59156
2026-08-18T19:50:00.000Z,MCT2408056,15.579167,73.920833,16.25,180,582.9375,90.02880625,6.88125,9.528022125,4.6899999999999995,13.773749999999998,7.616250000000001,1.710625,27.585528124999996
2026-08-18T20:00:00.000Z,MCT2408056,15.579167,73.920833,16.375,180,592.375,90.06504374999997,6.93375,10.363116,4.6899999999999995,13.659999999999998,7.5,1.6599999999999997,27.563409999999998
2026-08-18T20:08:46.321Z,MCT2408056,15.579167,73.920833,16.5,180,602.3571428571429,90.05244285714285,6.9,10.22250142857143,4.6899999999999995,13.724999999999998,7.566428571428572,1.7278571428571428,27.566089285714288
2026-08-18T19:20:00.000Z,MCT2408053,15.263333,74.110833,43.8125,210.97619999999995,785.8125,92.38962437500001,18.3125,25.609375,4.647500000000002,14.278749999999997,8.53125,6.255,26.277068749999998
2026-08-18T19:30:00.000Z,MCT2408053,15.263333,74.110833,42.0625,221.97988124999995,768.875,92.37102875000002,16.838125,25.496875,4.590000000000002,13.792500000000004,8.1075,6.150625,26.217411875000007
2026-08-18T19:40:00.000Z,MCT2408053,15.263333,74.110833,41.9375,232.59431875,791.625,92.50883687500003,16.638749999999998,25.964374999999997,4.590000000000002,13.367500000000001,7.614375,6.204375000000001,26.199311875000006
2026-08-18T19:50:00.000Z,MCT2408053,15.263333,74.110833,41.9375,233.34248125,738.625,92.45352312500002,16.555000000000003,24.37625,4.590000000000002,12.458749999999995,6.5575,6.288125,26.216070625
2026-08-18T20:00:00.000Z,MCT2408053,15.263333,74.110833,42.5,208.47831875,786.25,92.659994375,17.195000000000004,25.964375,4.647500000000002,13.246875000000001,7.333124999999999,6.294374999999999,26.197972499999995
2026-08-18T20:08:46.498Z,MCT2408053,15.263333,74.110833,42.857142857142854,230.49066428571425,797.2857142857143,92.62736142857145,17.464285714285715,25.818571428571428,4.590000000000002,13.40285714285714,7.654285714285713,6.2457142857142856,26.23464714285714
2026-08-18T19:20:00.000Z,MCT2408021,15.500556,74.053333,49.625,375,494.8125,89.35503500000002,21.2725,14.572526250000003,2.86,7.471875,3.8993750000000005,4.266875,26.859575625
2026-08-18T19:30:00.000Z,MCT2408021,15.500556,74.053333,49.4375,375,506.5,89.44467874999998,21.143125,14.701325625000003,2.86,7.5,3.93,4.28875,26.826060000000005
2026-08-18T19:40:00.000Z,MCT2408021,15.500556,74.053333,49.666666666666664,375,500,89.43406266666666,21.304666666666666,14.766251333333333,2.86,7.6819999999999995,4.128666666666667,4.247999999999999,26.87432266666667
2026-08-18T19:50:00.000Z,MCT2408021,15.500556,74.053333,49.5625,375,490.0625,89.47042937499998,21.298125000000002,14.656489999999998,2.86,7.555,3.9900000000000007,4.33125,26.922585624999996
2026-08-18T20:00:00.000Z,MCT2408021,15.500556,74.053333,49.5625,375,490.0625,89.41988312500001,21.207500000000003,14.682197500000001,2.86,7.39,3.810000000000001,4.258125,26.91789375
2026-08-18T20:08:46.515Z,MCT2408021,15.500556,74.053333,49.642857142857146,375,496.5,89.36470857142858,21.356428571428577,14.575431428571429,2.86,7.39,3.810000000000001,4.237142857142857,26.921052857142854
2026-08-18T19:20:00.000Z,MCT2408050,15.553611,73.958333,27.6875,86.02999999999999,517.6875,92.01101625,11.333125,4.258749999999999,4.240000000000001,12.933749999999998,6.853124999999998,2.6781249999999996,27.039889999999996
2026-08-18T19:30:00.000Z,MCT2408050,15.553611,73.958333,27.6875,86.02999999999999,541.4375,92.18458562499998,11.49125,4.184375000000001,4.240000000000001,12.879999999999997,6.799999999999998,2.689375,27.01039687500001
2026-08-18T19:40:00.000Z,MCT2408050,15.553611,73.958333,27.866666666666667,86.02999999999999,537.4,92.13385066666666,11.638000000000002,4.068,4.240000000000001,13.109333333333332,7.026666666666666,2.802,27.024472666666668
2026-08-18T19:50:00.000Z,MCT2408050,15.553611,73.958333,27.75,86.02999999999999,528.8125,92.000049375,11.605625000000002,4.130625000000001,4.240000000000001,12.933749999999998,6.853124999999999,2.6781249999999996,27.02715375
2026-08-18T20:00:00.000Z,MCT2408050,15.553611,73.958333,27.8125,86.02999999999999,549.125,92.146438125,11.571875000000002,3.9100000000000006,4.240000000000001,12.879999999999997,6.799999999999998,2.9168749999999997,26.974199375000005
2026-08-18T20:08:46.519Z,MCT2408050,15.553611,73.958333,27.8,86.02999999999999,537.6,92.20403933333334,11.565333333333333,4.1226666666666665,4.240000000000001,12.994666666666664,6.913333333333331,2.8993333333333338,26.95154333333334
2026-08-18T19:20:00.000Z,MCT2408043,15.221111,74.087222,33,203.964,554.3333333333334,86.6061,14.193333333333332,10.471333333333337,6.329999999999999,19.912,10.847333333333333,5.290000000000001,26.871462000000008
2026-08-18T19:30:00.000Z,MCT2408043,15.221111,74.087222,33,195.26125,557.75,86.65899687499999,14.278125,10.438125000000001,6.409374999999999,21.485,12.250000000000002,5.290000000000001,26.896443124999998
2026-08-18T19:40:00.000Z,MCT2408043,15.221111,74.087222,33,200.25062499999999,573.5,86.65947249999998,14.209374999999998,10.525624999999998,6.329999999999999,20.599375000000002,11.53,5.290000000000001,26.923255624999996
2026-08-18T19:50:00.000Z,MCT2408043,15.221111,74.087222,33,202.97812499999998,562.875,86.72289374999998,14.061874999999999,9.993749999999999,6.329999999999999,20.11625,11.05,5.290000000000001,26.901804999999996
2026-08-18T20:00:00.000Z,MCT2408043,15.221111,74.087222,33,204.84066666666666,576.7333333333333,86.76631600000002,14.095999999999997,9.945999999999998,6.329999999999999,20.084000000000003,11.018,5.290000000000001,26.852156666666666
2026-08-18T20:08:46.516Z,MCT2408043,15.221111,74.087222,33,204.45285714285714,569.7142857142857,86.92984000000001,14.195714285714283,10.400000000000002,6.329999999999999,20.875000000000004,11.804285714285715,5.29,26.711146428571425
2026-08-18T19:20:00.000Z,MCT2408052,15.444425,74.063856,15.3125,160,442.5625,90.31681375,3.7635527500000006,8,4.38875,12.454999999999997,5.953124999999999,2,27.28791125
2026-08-18T19:30:00.000Z,MCT2408052,15.444425,74.063856,15.25,160,478.6875,90.30966124999999,3.7101754375000007,8,4.578749999999999,12.951875000000001,6.105,2,27.314722500000002
2026-08-18T19:40:00.000Z,MCT2408052,15.444425,74.063856,15.75,160,542.0625,90.49896500000001,3.6961843750000005,8,4.703749999999999,13.296249999999997,6.276249999999999,2,27.28925
2026-08-18T19:50:00.000Z,MCT2408052,15.444425,74.063856,15.8125,160,523.4375,90.49085937499999,3.746184187500001,8,4.829999999999999,13.921875000000002,6.6875,2,27.302656875000004
2026-08-18T20:00:00.000Z,MCT2408052,15.444425,74.063856,16.8125,160,616.5625,90.42076625,3.6633333125000007,8,5.246874999999998,15.410625000000003,7.591875000000001,2,27.314053125000008
2026-08-18T20:08:46.517Z,MCT2408052,15.444425,74.063856,16.428571428571427,160,545.2857142857143,90.4742407142857,3.7227570000000005,8,5.114285714285712,14.975714285714288,7.297142857142858,2,27.30333
2026-08-18T19:20:00.000Z,MCT2408034,15.356389,74.123611,63.36,180.78545599999998,464,78.76470920000003,7.337999999999999,4.689599999999999,30.476399999999995,97.12080000000002,52.0208,1.1399999999999997,30.263881199999997
2026-08-18T19:30:00.000Z,MCT2408034,15.356389,74.123611,35.333333333333336,180,468.4583333333333,78.34327416666669,7.359583333333333,4.572916666666667,12.493749999999997,39.54458333333335,21.212916666666665,1.2370833333333329,30.363552083333335
2026-08-18T19:40:00.000Z,MCT2408034,15.356389,74.123611,64.16,180,469.04,78.2062388,7.331599999999998,5.3976,30.1492,97.30840000000002,52.84600000000001,1.2571999999999997,30.420465600000004
2026-08-18T19:50:00.000Z,MCT2408034,15.356389,74.123611,31.12,187.736088,473.12,77.99749679999995,7.1024,4.8872,10.133999999999997,31.548800000000018,16.615199999999998,1.5395999999999999,30.489535999999998
2026-08-18T20:00:00.000Z,MCT2408034,15.356389,74.123611,24.52,190.829172,474.4,78.04724119999999,7.2728,5.258399999999999,6.4163999999999985,18.682399999999994,9.2648,1.3571999999999997,30.510127599999986
2026-08-18T20:08:46.688Z,MCT2408034,15.356389,74.123611,24.272727272727273,201.5248818181818,476.27272727272725,78.15430272727274,7.338181818181818,5.197272727272726,6.379999999999998,18.203181818181815,8.823181818181816,1.5018181818181817,30.505253181818183
2026-08-18T19:20:00.000Z,MCT2408030,15.142519,74.075003,26,167.28898,434.2,84.05330400000003,8.655333333333337,6.200000000000002,9.370000000000001,24.639999999999993,12.31,3.935333333333333,27.758069333333335
2026-08-18T19:30:00.000Z,MCT2408030,15.142519,74.075003,26,166.4469125,433.6875,83.9944325,8.635625000000001,6.200000000000002,9.370000000000001,24.639999999999993,12.31,4.3149999999999995,27.783948124999995
2026-08-18T19:40:00.000Z,MCT2408030,15.142519,74.075003,26,169.13149375,433.9375,83.88952562499998,8.708750000000002,6.200000000000002,9.370000000000001,24.639999999999993,12.31,4.43,27.78930937499999
2026-08-18T19:50:00.000Z,MCT2408030,15.142519,74.075003,26,169.33521875000002,433.5,83.79797249999999,8.47875,6.200000000000002,9.370000000000001,24.639999999999993,12.31,4.331249999999999,27.796679999999995
2026-08-18T20:00:00.000Z,MCT2408030,15.142519,74.075003,26,167.98547499999998,429.125,83.80369375000001,8.700625,6.200000000000002,9.370000000000001,24.639999999999993,12.31,4.3081249999999995,27.804726875
2026-08-18T20:08:46.709Z,MCT2408030,15.142519,74.075003,26,168.04568571428572,429.35714285714283,83.82630999999999,8.55857142857143,6.200000000000002,9.370000000000001,24.639999999999993,12.31,4.1414285714285715,27.824262142857147
2026-08-18T19:20:00.000Z,MCT2408023,15.499722,74.020833,43.3125,150.51,468.5625,91.70536499999999,7.368750000000001,19.165625,15.04875,49.39250000000001,31.809375000000003,4.998125,26.380969999999994
2026-08-18T19:30:00.000Z,MCT2408023,15.499722,74.020833,41.0625,170.75624999999997,463.5,91.66197187499998,7.435625,19.757500000000004,13.068749999999996,44.246875,29.362499999999997,5.0912500000000005,26.376946250000007
2026-08-18T19:40:00.000Z,MCT2408023,15.499722,74.020833,39.375,150.51,458.8125,91.66483187499996,7.60375,19.420625,12.356249999999998,41.397499999999994,27.278125000000006,4.71375,26.37024000000001
2026-08-18T19:50:00.000Z,MCT2408023,15.499722,74.020833,37,150.51,467.1875,91.68056812499998,7.164375,19.425625,10.536249999999999,36.2525,24.468749999999996,5.1156250000000005,26.37493437500001
2026-08-18T20:00:00.000Z,MCT2408023,15.499722,74.020833,35.625,150.51,468.625,91.66721812499998,6.960625,19.470625000000002,9.424999999999999,33.08625000000001,22.565624999999997,5.235,26.36823
2026-08-18T20:08:46.713Z,MCT2408023,15.499722,74.020833,38.142857142857146,150.51,469.7857142857143,91.70747714285713,7.130714285714285,18.645714285714288,11.67785714285714,38.89714285714286,25.78928571428571,5.028571428571429,26.27754857142857
2026-08-18T19:20:00.000Z,MCT2408029,15.333611,74.206944,12.1875,208.76913124999996,465.5625,92.56844,2.93625,7.56,2.9399999999999995,8.67,4.709999999999999,3.579375,26.917222499999998
2026-08-18T19:30:00.000Z,MCT2408029,15.333611,74.206944,12,207.36895333333328,460.73333333333335,92.51175933333333,3.13,7.1706666666666665,2.9399999999999995,8.67,4.709999999999999,3.5,26.945822666666672
2026-08-18T19:40:00.000Z,MCT2408029,15.333611,74.206944,12,205.83598125,470.25,92.63472124999997,3.3418749999999995,7.2975,2.9399999999999995,8.67,4.709999999999999,3.5,26.895772499999996
2026-08-18T19:50:00.000Z,MCT2408029,15.333611,74.206944,12,207.17093125,474.875,92.96135374999999,3.7687499999999994,7.3175,2.9399999999999995,8.67,4.709999999999999,3.5,26.839465624999995
2026-08-18T20:00:00.000Z,MCT2408029,15.333611,74.206944,12.125,203.56998124999998,470.125,92.993301875,3.4293749999999994,7.4799999999999995,2.9399999999999995,8.67,4.709999999999999,3.528125,26.87566375
2026-08-18T20:08:46.713Z,MCT2408029,15.333611,74.206944,12,205.34666153846152,474.84615384615387,92.97085538461536,2.7746153846153847,7.525384615384615,2.94,8.67,4.71,3.5023076923076926,26.922173076923077
2026-08-18T19:20:00.000Z,MCT2408040,15.528056,74.020833,19.125,100,442.5625,88.52867437499998,8.0875,4.69625,3.07,8.42,3.7299999999999986,3.5,27.371698750000004
2026-08-18T19:30:00.000Z,MCT2408040,15.528056,74.020833,18.875,100,437.375,88.72322437499997,8.105625,4.744375,3.07,8.42,3.7299999999999986,3.5,27.269140624999995
2026-08-18T19:40:00.000Z,MCT2408040,15.528056,74.020833,19,100,437.9375,88.81239562499998,7.935625,4.75875,3.07,8.42,3.7299999999999986,3.5,27.24769125
2026-08-18T19:50:00.000Z,MCT2408040,15.528056,74.020833,18.9375,100,444.3125,88.81334812499999,8.000000000000002,4.770625,3.07,8.42,3.7299999999999986,3.5,27.253053125
2026-08-18T20:00:00.000Z,MCT2408040,15.528056,74.020833,19,100,445.9375,88.82383875,8.236875,4.825625,3.07,8.42,3.7299999999999986,3.5,27.240986875000004
2026-08-18T20:08:46.875Z,MCT2408040,15.528056,74.020833,18.857142857142858,100,455.2142857142857,88.86934,8.030000000000001,4.82,3.07,8.42,3.729999999999999,3.5,27.26349142857142
2026-08-18T19:20:00.000Z,MCT2408049,15.475278,74.055833,56.53333333333333,151.10595333333333,512.9333333333333,87.7779746666667,24.030000000000005,13.357999999999999,6.592,19.865999999999996,10.536666666666667,2.61,27.630081333333337
2026-08-18T19:30:00.000Z,MCT2408049,15.475278,74.055833,56.75,150.17844374999999,515.0625,87.849658125,24.233124999999998,12.44875,5.510624999999999,16.948125,9.111875,2.61,27.608318750000002
2026-08-18T19:40:00.000Z,MCT2408049,15.475278,74.055833,56.75,150,510.375,88.03657875,24.208124999999992,13.7225,4.50375,14.459999999999996,7.819374999999998,2.61,27.556034999999994
2026-08-18T19:50:00.000Z,MCT2408049,15.475278,74.055833,56.9375,150,495.75,88.41852499999999,24.284375,14.215,6.756250000000001,21.403750000000002,11.75,2.61,27.35963375
2026-08-18T20:00:00.000Z,MCT2408049,15.475278,74.055833,56.875,150.09054375,492.25,88.336985625,24.224999999999994,13.254375,6.9,22.120624999999997,12.27625,2.61,27.455488125000006
2026-08-18T20:08:46.902Z,MCT2408049,15.475278,74.055833,56.785714285714285,150,501.85714285714283,88.19631928571428,24.20785714285714,13.306428571428572,6.350714285714285,19.097857142857144,10.13642857142857,2.61,27.537744999999997
2026-08-18T19:20:00.000Z,MCT2408044,15.313669,74.140042,25.625,214.29,471.375,94.35324000000003,10.779374999999998,3.34625,2.8699999999999997,7.5,4.32,3.5971153750000004,26.078651250000004
2026-08-18T19:30:00.000Z,MCT2408044,15.313669,74.140042,25.625,214.29,478.75,94.50582812499998,10.768125,3.34625,2.8699999999999997,7.5,4.32,3.6708331874999995,25.98346937500001
2026-08-18T19:40:00.000Z,MCT2408044,15.313669,74.140042,25.8,214.29,475.6666666666667,94.61238600000001,10.791333333333332,3.3419999999999996,2.8699999999999997,7.5,4.320000000000001,3.471794866666667,25.97698666666667
2026-08-18T19:50:00.000Z,MCT2408044,15.313669,74.140042,25.75,214.29,481.75,94.70896250000004,10.8325,3.340625,2.8699999999999997,7.5,4.32,3.9582531249999993,25.97341
2026-08-18T20:00:00.000Z,MCT2408044,15.313669,74.140042,25.733333333333334,214.29,477.6,94.5610153333333,10.801999999999998,3.342,2.8699999999999997,7.5,4.320000000000001,3.730000000000001,25.983424666666675
2026-08-18T20:08:46.902Z,MCT2408044,15.313669,74.140042,25.785714285714285,214.29,478.5,94.52544785714285,10.840714285714284,3.32,2.87,7.5,4.32,3.579853428571429,26.03776357142857
2026-08-18T19:20:00.000Z,MCT2408046,15.529167,74.07,30.72,95.52,868.2,89.46813999999999,13.0672,1.0840000000000005,5.060000000000001,13.330000000000002,5.75,3.6403999999999996,27.4517616
2026-08-18T19:30:00.000Z,MCT2408046,15.529167,74.07,30.84,95.52,861.28,89.41595439999999,13.1068,1.1027999999999998,5.060000000000001,13.330000000000002,5.75,3.538799999999999,27.469779599999992
2026-08-18T19:40:00.000Z,MCT2408046,15.529167,74.07,30.88,95.52,863.04,88.50500480000001,13.108400000000001,1.1564,5.060000000000001,13.330000000000002,5.7620000000000005,3.4688000000000003,27.7344736
2026-08-18T19:50:00.000Z,MCT2408046,15.529167,74.07,30.92,95.52,867.24,88.49829120000003,13.153600000000004,1.2036000000000004,5.160800000000002,13.9524,6.233199999999999,3.5420000000000003,27.7769464
2026-08-18T20:00:00.000Z,MCT2408046,15.529167,74.07,30.4,95.52,872.28,89.33294759999998,12.822000000000003,1.2204000000000002,5.060000000000001,13.330000000000002,5.75,3.708,27.519973999999998
2026-08-18T20:08:46.902Z,MCT2408046,15.529167,74.07,30.59090909090909,95.52,876.3636363636364,90.8173627272727,12.94818181818182,1.0513636363636367,5.060000000000001,13.330000000000005,5.75,3.5431818181818175,27.071760454545448
2026-08-18T19:20:00.000Z,MCT2408027,15.275556,74.1075,21.333333333333332,1157.294,624.4666666666667,91.25290733333333,6.579999999999999,12.932000000000004,6.048000000000001,19.846,11.133999999999999,2.9500000000000006,26.527543333333327
2026-08-18T19:30:00.000Z,MCT2408027,15.275556,74.1075,20.4375,1168.4206250000002,654.9375,91.42784749999998,6.579999999999999,12.712500000000004,5.609375000000002,18.29625,10.189374999999998,2.9500000000000006,26.51100937500001
2026-08-18T19:40:00.000Z,MCT2408027,15.275556,74.1075,20.5625,1160.5749999999998,660.9375,91.52511937499997,6.579999999999999,12.741250000000003,5.485625000000001,18.420625,10.561875,2.9500000000000006,26.51369125
2026-08-18T19:50:00.000Z,MCT2408027,15.275556,74.1075,21.125,1163.865625,631.375,91.47600499999997,6.579999999999999,12.712500000000004,5.85625,19.405625,10.870000000000001,2.9500000000000006,26.559940625
2026-08-18T20:00:00.000Z,MCT2408027,15.275556,74.1075,21.9375,1164.7625,645.375,91.32770999999998,6.579999999999999,12.863750000000005,6.347500000000001,21.194375,12.105625,2.9500000000000006,26.611554375
2026-08-18T20:08:47.045Z,MCT2408027,15.275556,74.1075,21.533333333333335,1160.3840000000002,646.1333333333333,91.369384,6.579999999999999,12.837333333333339,6.1800000000000015,20.43866666666667,11.53,2.9500000000000006,26.60404666666667
2026-08-18T19:20:00.000Z,MCT2408037,15.394444,74.118333,25.3125,160,465.375,85.760635,10.561250000000003,14.534999999999998,3.9049999999999994,14.513750000000003,7.7299999999999995,3.670625,27.16926125
2026-08-18T19:30:00.000Z,MCT2408037,15.394444,74.118333,25.3125,160.01641875,463.375,85.93468312499999,10.64375,14.32875,3.7199999999999993,12.623749999999998,6.327500000000001,3.67125,27.111613124999998
2026-08-18T19:40:00.000Z,MCT2408037,15.394444,74.118333,25.5,160.4853,455.375,85.89939749999999,10.769375000000002,14.14375,3.7199999999999993,12.725625000000003,6.421875,3.6968750000000004,27.1277025
2026-08-18T19:50:00.000Z,MCT2408037,15.394444,74.118333,25.3125,161.06561875,458,85.91703937499999,10.640625,12.97875,3.7199999999999993,12.061874999999999,5.8125,3.6237500000000002,27.130381874999998
2026-08-18T20:00:00.000Z,MCT2408037,15.394444,74.118333,25.75,160.67236875,463.875,86.03767874999998,10.935625000000002,13.33625,3.7199999999999993,12.573125000000001,6.28,3.6587499999999995,27.10558125
2026-08-18T20:08:47.061Z,MCT2408037,15.394444,74.118333,25.428571428571427,160.43158571428572,469.2857142857143,86.13638571428571,10.64571428571429,9.679285714285715,3.7199999999999993,11.508571428571427,5.303571428571429,3.6271428571428572,27.095717142857144
2026-08-18T19:20:00.000Z,MCT2408042,15.213889,74.071667,60.625,245.48312500000003,476.0625,88.68793812500002,25.826875,13.708750000000002,14.67375,43.66187500000001,22.493125,3.26375,27.116305624999995
2026-08-18T19:30:00.000Z,MCT2408042,15.213889,74.071667,61.5,214.28625,479.625,88.90251500000001,26.312500000000007,13.258750000000001,15.015,44.174375000000005,22.491250000000004,3.224375,27.151831874999996
2026-08-18T19:40:00.000Z,MCT2408042,15.213889,74.071667,61.5625,229.07062499999998,482.5625,89.08132875000003,26.380000000000006,13.283750000000003,10.919999999999998,32.89,17.025625,3.1350000000000002,27.194061249999997
2026-08-18T19:50:00.000Z,MCT2408042,15.213889,74.071667,61.375,235.19500000000005,479.5625,89.19672250000002,26.26,13.419375,8.417499999999999,25.536250000000003,13.611875,3.26,27.219534374999995
2026-08-18T20:00:00.000Z,MCT2408042,15.213889,74.071667,61.5625,242.85000000000002,486.9375,89.32785500000001,26.389375,13.340625000000001,6.597499999999999,21.03375,11.556875000000002,3.275625,27.192051874999997
2026-08-18T20:08:47.096Z,MCT2408042,15.213889,74.071667,61.5,241.42071428571427,492.57142857142856,89.24154500000002,26.34714285714286,13.256428571428572,5.589999999999999,17.782857142857143,9.694999999999997,3.2721428571428564,27.235144999999996
2026-08-18T19:20:00.000Z,MCT2408041,15.224628,74.171389,32.875,431.10920625,475,90.82798500000001,13.8,9.7,8.090000000000002,20.25,8.900000000000002,7.786874999999998,26.504305
2026-08-18T19:30:00.000Z,MCT2408041,15.224628,74.171389,33,429.85449374999996,478.3125,90.93479437499998,13.910625000000001,9.7,8.090000000000002,20.25,8.900000000000002,7.858124999999999,26.492240625000004
2026-08-18T19:40:00.000Z,MCT2408041,15.224628,74.171389,33,431.1734562500001,483.0625,90.98247749999999,13.8825,9.7,8.090000000000002,20.25,8.900000000000002,7.886875000000001,26.478162499999996
2026-08-18T19:50:00.000Z,MCT2408041,15.224628,74.171389,32.875,420.9571062499999,480.8125,91.14984812499999,13.824375,9.7,8.090000000000002,20.25,8.900000000000002,7.9918749999999985,26.476823125000003
2026-08-18T20:00:00.000Z,MCT2408041,15.224628,74.171389,32.9375,425.05384375,482.3125,91.13792812499997,13.853750000000003,9.7,8.090000000000002,20.25,8.900000000000002,7.826875,26.514360625000002
2026-08-18T20:08:47.097Z,MCT2408041,15.224628,74.171389,32.92857142857143,421.0106928571428,482.14285714285717,91.09658142857143,13.832142857142857,9.700000000000001,8.090000000000002,20.25,8.900000000000002,7.8585714285714285,26.521925000000007
2026-08-18T19:20:00.000Z,MCT2408033,15.346944,74.007778,19.8125,111.492725,500.1875,90.59910062499998,7.956875000000002,4.535,3.5243750000000005,9.711875000000001,6.138125,4.39,27.171270000000003
2026-08-18T19:30:00.000Z,MCT2408033,15.346944,74.007778,19.9375,111.0922125,487.125,90.64821624999999,8.14,4.633749999999999,3.5625000000000004,10.00125,6.396250000000001,4.39,27.175290625000002
2026-08-18T19:40:00.000Z,MCT2408033,15.346944,74.007778,20,110.97536875,505.125,90.65107749999999,8.05875,4.659375,3.4487500000000004,9.808749999999998,6.359375,4.39,27.166579375000005
2026-08-18T19:50:00.000Z,MCT2408033,15.346944,74.007778,19.875,110.90843125,512.8125,90.60339124999997,8.004375000000001,4.628124999999999,3.4112500000000003,9.262500000000001,5.770625,4.39,27.166577500000002
2026-08-18T20:00:00.000Z,MCT2408033,15.346944,74.007778,20.375,112.48795624999998,496.1875,90.65060124999997,8.457500000000001,4.60875,3.4112500000000003,9.71375,6.285625,4.39,27.146470625
2026-08-18T20:08:47.097Z,MCT2408033,15.346944,74.007778,19.928571428571427,112.27958571428572,486.7142857142857,90.72819,8.139285714285716,4.539285714285715,3.595,10.110714285714284,6.470714285714286,4.39,27.123294285714287
2026-08-18T19:20:00.000Z,MCT2408024,15.148056,74.131667,40.72,216.152804,643.04,81.60040200000002,17.689208800000003,6.69552696,5,15.110000000000005,8.110000000000003,2.4540000000000006,28.288746400000008
2026-08-18T19:30:00.000Z,MCT2408024,15.148056,74.131667,40.68,215.86193200000002,568.84,81.55767720000001,17.706989200000002,7.262915159999999,5,14.990000000000004,7.990000000000002,2.4468000000000005,28.310197999999996
2026-08-18T19:40:00.000Z,MCT2408024,15.148056,74.131667,40.5,216.1537916666667,621.9166666666666,81.64902666666669,17.50134416666667,8.177008499999998,5,15.073333333333338,8.073333333333336,2.467916666666667,28.296291250000014
2026-08-18T19:50:00.000Z,MCT2408024,15.148056,74.131667,40.96,216.556684,659.4,81.5225844,17.860561200000003,7.734488039999999,5,15.030000000000005,8.030000000000003,2.458,28.352671599999997
2026-08-18T20:00:00.000Z,MCT2408024,15.148056,74.131667,40.92,216.75479600000003,588.96,81.61810280000003,17.879634400000004,7.388167679999999,5,15.510000000000005,8.510000000000002,2.4868,28.335510399999997
2026-08-18T20:08:47.231Z,MCT2408024,15.148056,74.131667,40.904761904761905,216.77540000000002,615.3333333333334,81.65556714285711,17.78956714285714,6.490071,5,15.370952380952385,8.370952380952382,2.4861904761904765,28.414140476190482
2026-08-18T19:20:00.000Z,MCT2408045,15.619444,73.878889,27.5,178.31687499999992,561.0625,86.91648812500003,11.233124999999998,16.726875,3.020000000000001,9.735624999999999,4.555624999999997,2.5300000000000002,27.157194374999996
2026-08-18T19:30:00.000Z,MCT2408045,15.619444,73.878889,27.75,178.11999999999995,569.125,86.79203375000003,11.463124999999998,16.98375,3.020000000000001,9.7,4.519999999999998,2.5300000000000002,27.164566875
2026-08-18T19:40:00.000Z,MCT2408045,15.619444,73.878889,28.0625,178.46062499999994,577.125,86.83160937500001,11.62125,16.975625,3.020000000000001,9.735624999999999,4.555624999999997,2.5300000000000002,27.178645624999998
2026-08-18T19:50:00.000Z,MCT2408045,15.619444,73.878889,27.75,178.23124999999996,582,86.75913125000001,11.47,17.093125,3.020000000000001,9.7,4.519999999999998,2.5300000000000002,27.22422624999999
2026-08-18T20:00:00.000Z,MCT2408045,15.619444,73.878889,28,178.86312499999994,581.0625,86.95988125,11.848125,17.0825,3.020000000000001,9.7,4.519999999999998,2.5300000000000002,27.19205187499999
2026-08-18T20:08:47.244Z,MCT2408045,15.619444,73.878889,27.785714285714285,178.53999999999996,576.5,87.08678499999999,11.507142857142854,17.004285714285718,3.0200000000000005,9.700000000000001,4.519999999999998,2.5300000000000002,27.209860714285714
2026-08-18T19:20:00.000Z,MCT2408032,15.525556,73.828611,35.44,222.98199999999994,668.24,81.19085720000001,15.140800000000004,17.759600000000002,7.120000000000002,18.604,8.607200000000002,3.0884000000000005,29.622520799999997
2026-08-18T19:30:00.000Z,MCT2408032,15.525556,73.828611,35.28,218.00639999999999,640.2,80.10687359999999,14.953600000000002,17.774800000000006,7.120000000000002,19.229200000000002,9.230000000000004,3.0392,30.026642799999994
2026-08-18T19:40:00.000Z,MCT2408032,15.525556,73.828611,34.84,234.32360000000006,714.84,81.23022519999998,14.7336,17.612000000000005,7.120000000000002,17.240399999999998,7.249200000000003,3.3523999999999994,29.5658916
2026-08-18T19:50:00.000Z,MCT2408032,15.525556,73.828611,35.68,223.02239999999998,720.52,83.82360839999997,15.291600000000006,17.4884,7.347600000000003,18.491199999999996,8.098400000000003,3.1832000000000007,28.995318799999996
2026-08-18T20:00:00.000Z,MCT2408032,15.525556,73.828611,35.44,208.21959999999996,694.24,84.62835799999999,15.162800000000002,17.473200000000006,7.120000000000002,17.581599999999998,7.588400000000003,2.986,28.887208799999993
2026-08-18T20:08:47.298Z,MCT2408032,15.525556,73.828611,36.09090909090909,213.50818181818184,695.7727272727273,84.60218136363638,15.600454545454546,17.19,7.120000000000002,17.52181818181818,7.529090909090911,2.7431818181818177,28.928179545454554
2026-08-18T19:20:00.000Z,MCT2408022,15.475833,74.038889,30.733333333333334,150,452.8666666666667,90.55914266666666,4.0406666666666675,11.37322533333333,10.2,32.93333333333333,18.466666666666665,4.225526133333333,26.947968666666675
2026-08-18T19:30:00.000Z,MCT2408022,15.475833,74.038889,32.25,150,450.375,90.67539562499998,3.96375,11.51662875,11.25,35.125,19,4.2617535,26.908508749999996
2026-08-18T19:40:00.000Z,MCT2408022,15.475833,74.038889,31.5625,150,455.3125,90.65584562499998,3.9875,11.343058749999997,10.6875,33.4375,18.1875,4.2429665,26.883036875000002
2026-08-18T19:50:00.000Z,MCT2408022,15.475833,74.038889,30.5,150,449.3125,90.745015,4.1362499999999995,11.418360625000002,10.0625,31.5625,17.1875,4.250378312499999,26.826060625
2026-08-18T20:00:00.000Z,MCT2408022,15.475833,74.038889,30.875,150,446,90.91524374999997,4.041875,11.427709375,10.4375,33.125,18.25,4.2654408125,26.775115624999994
2026-08-18T20:08:47.297Z,MCT2408022,15.475833,74.038889,33.5,150,449.5,91.00502571428571,3.9750000000000005,11.443416428571426,12.142857142857142,38.357142857142854,20.714285714285715,4.246080999999999,26.765540714285713
2026-08-18T19:20:00.000Z,MCT2408036,15.171567,74.067106,36.125,120,466.5,91.27430437500001,10.533749999999998,7.781874999999998,3.7487500000000007,11.526249999999997,6.427499999999998,11.073125000000001,27.387115625000003
2026-08-18T19:30:00.000Z,MCT2408036,15.171567,74.067106,35.875,120,466.1875,90.75121312499999,10.463125,7.910625,3.8468750000000003,11.65375,6.39625,10.91125,27.558047499999994
2026-08-18T19:40:00.000Z,MCT2408036,15.171567,74.067106,35.266666666666666,120,468.93333333333334,90.74987666666667,10.700666666666669,7.964666666666667,5.1226666666666665,15.400666666666666,8.342666666666666,10.532,27.513535333333337
2026-08-18T19:50:00.000Z,MCT2408036,15.171567,74.067106,36.3125,120,467.8125,90.85564000000001,10.626875,7.909375,3.9468750000000004,12.221874999999999,6.84,11.181249999999999,27.480288125
2026-08-18T20:00:00.000Z,MCT2408036,15.171567,74.067106,36.2,120,465.4,90.90551866666668,10.803333333333335,7.926666666666666,5.964666666666667,18.912666666666663,10.706666666666665,11.077333333333334,27.485650000000007
2026-08-18T20:08:47.311Z,MCT2408036,15.171567,74.067106,36.214285714285715,120,468.14285714285717,91.31074785714286,10.857857142857142,7.817857142857144,8.571428571428573,25.836428571428574,14.00285714285714,11.097857142857142,27.422069285714283
2026-08-18T19:20:00.000Z,MCT2408031,15.290833,74.149167,16.9375,169.40428124999997,494.4375,87.71900375000001,7.206107375000001,6.043807375,4.346875,11.275625,6.1899999999999995,4.8306249999999995,26.287793125000004
2026-08-18T19:30:00.000Z,MCT2408031,15.290833,74.149167,16.875,156.87726874999996,491.4375,87.75810687500001,7.338603125000001,6.206981875,4.229374999999999,10.976875,5.9799999999999995,4.663125000000001,26.2522675
2026-08-18T19:40:00.000Z,MCT2408031,15.290833,74.149167,17,147.08958125,495.9375,87.75190812500001,7.248205062499999,6.34159725,4.31625,11.467500000000001,6.457499999999999,4.841874999999999,26.27036625
2026-08-18T19:50:00.000Z,MCT2408031,15.290833,74.149167,17.125,140.05461875,494.25,87.72091062500002,7.351535937500001,6.415901187499999,4.435625,11.955625,6.81625,4.9399999999999995,26.30924375
2026-08-18T20:00:00.000Z,MCT2408031,15.290833,74.149167,16.8125,143.11684375000002,488.9375,87.73426312500001,7.093802562499999,6.206981875,4.3175,11.521250000000002,6.488749999999999,4.8931249999999995,26.331363749999998
2026-08-18T20:08:47.417Z,MCT2408031,15.290833,74.149167,16.857142857142858,143.7971428571429,491.64285714285717,87.77997428571429,7.1965490714285725,6.475315642857142,4.15142857142857,11.022857142857143,6.1899999999999995,4.917857142857143,26.331937857142858
2026-08-18T19:20:00.000Z,MCT2408035,15.236111,74.125,47.1875,190,626.1875,90.52090000000003,19.055174375,9.146875,3.799999999999999,10.19,4.909999999999998,3.8299999999999987,26.6015
2026-08-18T19:30:00.000Z,MCT2408035,15.236111,74.125,47.5,190,607.4375,90.56286187500002,19.29757125,9.645625,3.799999999999999,10.19,4.909999999999998,3.8299999999999987,26.566644999999998
2026-08-18T19:40:00.000Z,MCT2408035,15.236111,74.125,47.375,190,626.5625,90.65298437500003,19.297571249999997,9.35,3.799999999999999,10.354375,5.074374999999998,3.8299999999999987,26.573346875
2026-08-18T19:50:00.000Z,MCT2408035,15.236111,74.125,47.8125,190,604.25,91.04589812500001,19.559731874999997,9.085,3.799999999999999,10.19,4.909999999999998,3.8299999999999987,26.47548125000001
2026-08-18T20:00:00.000Z,MCT2408035,15.236111,74.125,47.6875,190,590.8125,90.82703062500002,19.423710625,9.354375000000001,3.799999999999999,10.19,4.909999999999998,3.8299999999999987,26.530448124999996
2026-08-18T20:08:47.431Z,MCT2408035,15.236111,74.125,48.357142857142854,190,596.4285714285714,90.761975,19.982327857142856,9.417142857142858,3.7999999999999994,10.19,4.909999999999998,3.8299999999999987,26.561759285714285
2026-08-18T19:20:00.000Z,MCT2408038,15.188889,74.055556,29.375,320.93749999999994,691.1875,90.86136187500003,9.778125,13.330000000000005,10.2975,30.877499999999998,16.051875,4.735624999999999,27.673339375
2026-08-18T19:30:00.000Z,MCT2408038,15.188889,74.055556,34.875,357.22187499999995,680.3125,90.57335499999999,9.767500000000002,13.330000000000005,14.172500000000001,42.060624999999995,21.6325,4.7837499999999995,27.759140000000002
2026-08-18T19:40:00.000Z,MCT2408038,15.188889,74.055556,26.1875,398.32187500000003,672.0625,90.57764499999999,9.764375,13.330000000000005,7.95125,24.416874999999997,12.966875,4.820625,27.751766875000005
2026-08-18T19:50:00.000Z,MCT2408038,15.188889,74.055556,23.25,430.21375000000006,658.5,90.54283749999998,9.913125,13.330000000000005,5.950000000000002,16.900000000000002,7.994999999999998,4.770624999999999,27.74439125
2026-08-18T20:00:00.000Z,MCT2408038,15.188889,74.055556,23.125,438.396875,650.3125,90.37927875000001,9.716875,13.330000000000005,5.950000000000002,16.900000000000002,7.939999999999999,4.7943750000000005,27.758471250000003
2026-08-18T20:08:47.490Z,MCT2408038,15.188889,74.055556,23.214285714285715,436.4042857142857,655.0714285714286,90.34889785714287,9.79857142857143,13.330000000000004,5.950000000000002,16.900000000000002,7.939999999999999,4.7871428571428565,27.777529285714284
2026-08-18T19:20:00.000Z,MCT2408039,15.163611,74.110833,31.0625,347.073125,464.8125,86.96131000000001,10.631874999999999,10.3,9.089999999999998,31.071875,13.531875000000001,2.3,27.41258749999999
2026-08-18T19:30:00.000Z,MCT2408039,15.163611,74.110833,30.5,315.52875,471.625,87.009470625,10.541249999999998,10.3,9.019999999999998,30.1025,12.779999999999998,2.3,27.436049374999996
2026-08-18T19:40:00.000Z,MCT2408039,15.163611,74.110833,30,372.22624999999994,461.1875,86.882156875,9.3275,10.3,9.019999999999998,28.94,11.759999999999998,2.3,27.524529375000004
2026-08-18T19:50:00.000Z,MCT2408039,15.163611,74.110833,30,375.54437499999995,473.1875,86.85688375,9.639999999999999,10.3,9.019999999999998,28.94,11.759999999999998,2.3,27.545308125000005
2026-08-18T20:00:00.000Z,MCT2408039,15.163611,74.110833,30,379.4966666666667,466.26666666666665,86.75105866666667,10.776,10.3,9.019999999999998,28.94,11.759999999999998,2.3,27.550001333333338
2026-08-18T20:08:47.490Z,MCT2408039,15.163611,74.110833,30,367.20799999999997,467.26666666666665,86.66764399999998,8.692666666666666,10.3,9.019999999999998,28.94,11.759999999999998,2.3,27.552860666666668
2026-08-18T19:20:00.000Z,MCT2408026,15.2467,74.198281,31.083333333333332,125,503.9166666666667,84.58284708333336,13.47188416666667,12.5,4.730000000000003,15.193749999999996,8.394583333333335,1.8816666666666668,28.353046666666668
2026-08-18T19:30:00.000Z,MCT2408026,15.2467,74.198281,31.76,125,508.4,84.6387332,13.364275200000003,12.5,8.1668,25.88040000000001,13.964,2.0484000000000004,28.365971200000004
2026-08-18T19:40:00.000Z,MCT2408026,15.2467,74.198281,42.958333333333336,125,522.2916666666666,84.34824333333337,13.425790416666667,12.5,17.289583333333336,54.88416666666666,29.492500000000007,1.934166666666667,28.490237500000003
2026-08-18T19:50:00.000Z,MCT2408026,15.2467,74.198281,30.958333333333332,125,520.4166666666666,84.1641841666667,13.246258333333332,12.5,4.847916666666669,15.274999999999993,8.272916666666669,1.9704166666666663,28.547436666666655
2026-08-18T20:00:00.000Z,MCT2408026,15.2467,74.198281,30.958333333333332,125,522.5833333333334,84.70777833333337,13.369939166666667,12.5,4.730000000000003,15.072083333333333,8.274166666666666,1.9066666666666665,28.393710833333333
2026-08-18T20:08:47.496Z,MCT2408026,15.2467,74.198281,31,125,520.2272727272727,84.86157954545455,13.471853181818181,12.5,4.730000000000003,14.90363636363636,8.105909090909092,2.060454545454545,28.338784545454555
2026-08-18T20:20:00.000Z,MCT2408028,15.186944,74.096667,41.56521739130435,581.4647826086957,506.4347826086956,92.72701913043477,18.020869565217392,11.746086956521738,7.859565217391306,28.31739130434783,17.289130434782606,1.8682608695652176,26.326409999999996
2026-08-18T20:30:00.000Z,MCT2408028,15.186944,74.096667,41.56,579.4076000000001,507.48,92.7692252,18.0976,11.810799999999999,8.150000000000002,28.477600000000006,17.0192,1.9600000000000002,26.33978320000001
2026-08-18T20:40:00.000Z,MCT2408028,15.186944,74.096667,41.2,577.8864,519.2,92.81408640000004,17.706400000000002,11.594399999999998,7.070000000000001,23.942800000000005,14.037200000000002,1.614,26.318763200000003
2026-08-18T20:50:00.000Z,MCT2408028,15.186944,74.096667,41,581.2696,502.4,92.68957520000002,17.6364,12.411200000000001,5.99,19.488800000000005,11.055199999999996,1.6772000000000002,26.419148399999994
2026-08-18T21:00:00.000Z,MCT2408028,15.186944,74.096667,41.72,586.5844,474.08,92.42865,18.1744,12.5952,4.989999999999998,17.4608,10.500399999999997,1.8384,26.549135999999997
2026-08-18T21:10:00.000Z,MCT2408028,15.186944,74.096667,41.52,585.5216,474.8,92.38348280000002,18.0136,12.394799999999998,4.989999999999998,16.464000000000002,9.503999999999998,1.8520000000000008,26.645231199999994
2026-08-18T21:10:35.587Z,MCT2408028,15.186944,74.096667,41,582.57,477,92.38104,17.47,12.52,4.99,15.91,8.95,2.08,26.67054
2026-08-18T20:20:00.000Z,MCT2408020,15.543475,74.039433,21.8,180,465.4,89.087684,9.430156733333332,19.765524666666668,5.5699999999999985,15.840000000000002,7.430000000000003,3.6599999999999984,27.327636666666674
2026-08-18T20:30:00.000Z,MCT2408020,15.543475,74.039433,22,180,465.9375,89.13425874999999,9.422337,19.76889125,5.5699999999999985,15.840000000000002,7.430000000000003,3.6599999999999984,27.364996875000006
2026-08-18T20:40:00.000Z,MCT2408020,15.543475,74.039433,21.75,180,463.375,89.465185,9.5114183125,19.317667500000002,5.5699999999999985,15.840000000000002,7.430000000000003,3.6599999999999984,27.340194375
2026-08-18T20:50:00.000Z,MCT2408020,15.543475,74.039433,21.875,180,468.0625,89.37887624999999,9.3919065625,19.578035625,5.5699999999999985,15.840000000000002,7.430000000000003,3.6599999999999984,27.390466874999998
2026-08-18T21:00:00.000Z,MCT2408020,15.543475,74.039433,21.5625,180,467.375,89.09754062500001,9.1639363125,19.287962500000003,5.5699999999999985,15.840000000000002,7.430000000000003,3.6599999999999984,27.501069999999995
2026-08-18T21:10:00.000Z,MCT2408020,15.543475,74.039433,21.875,180,464.3125,89.13759625,9.2856593125,19.156515624999997,5.5699999999999985,15.957500000000001,7.546250000000002,3.6599999999999984,27.444764375000002
2026-08-18T21:10:35.598Z,MCT2408020,15.543475,74.039433,22,180,458,89.2301,9.340408,18.74762,5.57,15.84,7.43,3.66,27.3355
2026-08-18T20:20:00.000Z,MCT2408056,15.579167,73.920833,25.8,180,602.7333333333333,90.18479466666669,6.875333333333332,9.2236306,11.572,32.66466666666666,17.05866666666667,2.054,27.550717333333342
2026-08-18T20:30:00.000Z,MCT2408056,15.579167,73.920833,19,180,603.625,90.10748312499997,6.837500000000001,9.504841500000001,6.3325,19.181875,10.77875,1.9368749999999995,27.557377499999994
2026-08-18T20:40:00.000Z,MCT2408056,15.579167,73.920833,16.625,180,614.0625,90.11940375000002,6.903125000000001,10.8180748125,4.6899999999999995,13.659999999999998,7.5,1.7281249999999997,27.547320625
2026-08-18T20:50:00.000Z,MCT2408056,15.579167,73.920833,18.0625,180,608,90.42458124999999,8.214375,16.0572179375,4.6899999999999995,13.659999999999998,7.5,2.249375,27.477608125000003
2026-08-18T21:00:00.000Z,MCT2408056,15.579167,73.920833,20.125,180,583.6875,90.39215562499999,9.631249999999998,50.806779375000005,4.6899999999999995,13.716874999999998,7.558125,4.506875,27.506432500000003
2026-08-18T21:10:00.000Z,MCT2408056,15.579167,73.920833,20.3125,183.86684375,588.125,90.30727749999998,9.957500000000001,43.371034375,4.6899999999999995,13.773749999999998,7.616875,3.773125,27.5681
2026-08-18T21:10:35.601Z,MCT2408056,15.579167,73.920833,24,187.769,579,90.16852,13.44,134.3427,4.69,14.57,8.43,3.42,27.5929
2026-08-18T20:20:00.000Z,MCT2408055,15.585833,73.885556,19.4,107.39866666666666,815.4666666666667,89.79467800000002,8.575333333333333,7.071333333333336,3.5,9.825333333333335,5.405333333333333,1.2486666666666666,27.206081333333334
2026-08-18T20:30:00.000Z,MCT2408055,15.585833,73.885556,19.375,108.18312499999999,812.8125,89.75080750000001,8.531250000000002,7.3275000000000015,3.5,10.445000000000002,6.047500000000001,1.375,27.200765
2026-08-18T20:40:00.000Z,MCT2408055,15.585833,73.885556,19.375,107.71937500000001,817.375,89.82948687499999,8.5075,7.274375000000002,3.5,9.704375,5.280625000000001,1.241875,27.159875
2026-08-18T20:50:00.000Z,MCT2408055,15.585833,73.885556,19.1875,107.08562499999998,819.0625,89.98922812500001,8.428125000000001,7.078750000000001,3.5,9.8275,5.40875,1.3162500000000004,27.125019374999997
2026-08-18T21:00:00.000Z,MCT2408055,15.585833,73.885556,19.375,108.328125,807.75,90.3912,8.571250000000001,6.798749999999999,3.5,10.320625000000003,5.920625,1.430625,26.991628125
2026-08-18T21:10:00.000Z,MCT2408055,15.585833,73.885556,19.125,109.280625,801.5625,90.67349062499999,8.325625,6.420000000000001,3.5,10.321250000000003,5.92,1.5406250000000001,26.813995000000002
2026-08-18T21:10:35.611Z,MCT2408055,15.585833,73.885556,19,108.19,796,90.75598,8.16,6.95,3.5,10.53,6.13,1.23,26.71345
2026-08-18T20:20:00.000Z,MCT2408057,15.272222,74.104722,29.869565217391305,337.475652173913,473.7391304347826,82.70995608695651,12.34826086956522,8.84913043478261,3.7321739130434786,11.67608695652174,6.401739130434783,2.253478260869565,28.76473521739129
2026-08-18T20:30:00.000Z,MCT2408057,15.272222,74.104722,29.76,336.99760000000003,472.4,83.03167719999999,12.3068,8.853200000000003,3.6959999999999993,11.240400000000001,6.064799999999999,2.2895999999999996,28.692867200000002
2026-08-18T20:40:00.000Z,MCT2408057,15.272222,74.104722,29.68,328.7296,470.24,83.11346399999996,12.231599999999997,8.869200000000001,4.5059999999999985,13.660399999999997,7.461200000000002,2.2852000000000006,28.71603239999999
2026-08-18T20:50:00.000Z,MCT2408057,15.272222,74.104722,29.64,332.1012,471.76,83.28161559999997,12.1904,8.8952,4.0056,12.5736,6.951199999999999,2.2596,28.724613999999992
2026-08-18T21:00:00.000Z,MCT2408057,15.272222,74.104722,29.88,336.818,479.4,84.24780319999998,12.334399999999999,8.915600000000003,3.506799999999999,10.809600000000003,5.798400000000002,2.2816,28.396429199999996
2026-08-18T21:10:00.000Z,MCT2408057,15.272222,74.104722,29.84,340.07319999999993,467.6,85.28417919999998,12.300799999999995,9.030000000000001,3.1956,10.516400000000006,6.042800000000001,2.3056,28.164334800000002
2026-08-18T21:10:35.621Z,MCT2408057,15.272222,74.104722,30,344.73,457,85.33148,12.58,9.03,2.98,9.61,5.53,2.05,28.24713
2026-08-18T20:20:00.000Z,MCT2408053,15.263333,74.110833,41.13333333333333,214.8145733333333,784.3333333333334,92.659262,15.902666666666667,24.772,4.896666666666669,14.778666666666668,8.650000000000002,6.520666666666668,26.273002666666663
2026-08-18T20:30:00.000Z,MCT2408053,15.263333,74.110833,42.8125,237.53590000000003,770.3125,92.50788250000001,17.411875,26.444375,4.590000000000002,12.640000000000002,6.77,6.3375,26.332705625000003
2026-08-18T20:40:00.000Z,MCT2408053,15.263333,74.110833,43.25,239.00268124999997,762.875,92.63090500000001,17.756875,26.117500000000003,4.590000000000002,12.397499999999997,6.4875,6.25375,26.330694375000004
2026-08-18T20:50:00.000Z,MCT2408053,15.263333,74.110833,42.75,237.30223125000003,775.625,92.64854875,17.425,27.733124999999998,4.590000000000002,12.821875000000002,6.981249999999999,6.3225,26.34611187500001
2026-08-18T21:00:00.000Z,MCT2408053,15.263333,74.110833,42.75,228.23901874999996,786.75,92.98757812500001,17.424375,28.416875,4.590000000000002,12.943125,7.121249999999998,6.1175,26.322649999999996
2026-08-18T21:10:00.000Z,MCT2408053,15.263333,74.110833,41,226.06417500000003,781.1875,93.11441750000002,15.867500000000001,26.091875,4.590000000000002,14.096875000000002,8.460625,6.27625,26.387000625000002
2026-08-18T21:10:35.814Z,MCT2408053,15.263333,74.110833,39,233.5135,770,93.14398,14.42,25.07,4.59,13.61,7.9,5.85,26.40242
2026-08-18T20:20:00.000Z,MCT2408052,15.444425,74.063856,16.4,160,508.2,90.57236933333333,3.712655,8,5.041999999999998,14.94266666666667,7.339333333333333,2,27.30833266666666
2026-08-18T20:30:00.000Z,MCT2408052,15.444425,74.063856,17.25,160,619.75,90.60959249999999,3.7277193125000005,8,5.688749999999999,16.766875000000002,8.368749999999999,2,27.310700000000004
2026-08-18T20:40:00.000Z,MCT2408052,15.444425,74.063856,16.9375,160,513.625,90.72927937499998,3.7023246875,8,5.394374999999998,15.754375,7.764375000000001,2,27.325448125
2026-08-18T20:50:00.000Z,MCT2408052,15.444425,74.063856,16.8125,160,533.3125,90.752645,3.8077631875000004,8,5.268124999999999,15.368125000000003,7.526250000000002,2,27.33684375
2026-08-18T21:00:00.000Z,MCT2408052,15.444425,74.063856,16.8125,160,512.125,90.73404812499999,3.8062719375000005,8,5.2262499999999985,15.323749999999997,7.526875000000001,2,27.312041875
2026-08-18T21:10:00.000Z,MCT2408052,15.444425,74.063856,16.75,160,454.1875,90.68684124999999,3.8070175,8,5.2262499999999985,15.260000000000003,7.461875000000001,2,27.342876875
2026-08-18T21:10:35.822Z,MCT2408052,15.444425,74.063856,17,160,496,90.60339,3.780351,8,5.35,15.52,7.59,2,27.39985
2026-08-18T20:20:00.000Z,MCT2408021,15.500556,74.053333,49.2,375,500.06666666666666,89.46864866666668,21.032,14.257230666666667,2.86,7.448666666666667,3.874000000000001,4.236666666666667,26.890052666666666
2026-08-18T20:30:00.000Z,MCT2408021,15.500556,74.053333,49.4375,375,501.75,89.55197,21.146250000000002,14.30580125,2.86,7.39,3.810000000000001,4.2325,26.90917874999999
2026-08-18T20:40:00.000Z,MCT2408021,15.500556,74.053333,49.25,375,514.25,89.494746875,20.978125,14.368623125000001,2.86,7.39,3.810000000000001,4.26,26.933310625000004
2026-08-18T20:50:00.000Z,MCT2408021,15.500556,74.053333,49.625,375,512.125,89.44563187500002,21.256249999999998,14.425740625,2.86,7.39,3.810000000000001,4.273125,26.940684375000007
2026-08-18T21:00:00.000Z,MCT2408021,15.500556,74.053333,49.1875,375,519.75,89.42131499999998,20.954375000000002,14.420035,2.86,7.39,3.810000000000001,4.251250000000001,26.974198125
2026-08-18T21:10:00.000Z,MCT2408021,15.500556,74.053333,49.266666666666666,375,519.1333333333333,89.63852866666666,21.12,14.321806000000002,2.86,7.39,3.810000000000001,4.320000000000001,26.921514
2026-08-18T21:10:35.827Z,MCT2408021,15.500556,74.053333,49,375,514,89.59631,20.7,14.60481,2.86,7.39,3.81,4.29,26.92795
2026-08-18T20:20:00.000Z,MCT2408043,15.221111,74.087222,33,204.998,577.1333333333333,87.06233866666666,14.20533333333333,10.514666666666669,6.329999999999999,20.342,11.274000000000001,5.290000000000001,26.611196000000007
2026-08-18T20:30:00.000Z,MCT2408043,15.221111,74.087222,33,201.61625,581.4375,87.02711749999999,14.213749999999997,10.527499999999998,6.329999999999999,20.277500000000003,11.209999999999999,5.290000000000001,26.663839375000002
2026-08-18T20:40:00.000Z,MCT2408043,15.221111,74.087222,33,203.404,591.9333333333333,87.08420933333333,14.19933333333333,10.509333333333334,6.329999999999999,19.482000000000003,10.420666666666667,5.290000000000001,26.639082
2026-08-18T20:50:00.000Z,MCT2408043,15.221111,74.087222,33,202.7225,601.4375,87.23358312499998,14.203749999999998,10.525,6.329999999999999,19.551875000000003,10.49,5.290000000000001,26.646410000000003
2026-08-18T21:00:00.000Z,MCT2408043,15.221111,74.087222,33,202.27625000000003,601.875,87.688965,14.251874999999998,10.626875000000002,6.329999999999999,19.6325,10.57,5.290000000000001,26.674565
2026-08-18T21:10:00.000Z,MCT2408043,15.221111,74.087222,33,198.870625,604.8125,87.72043625,14.202499999999999,10.602500000000001,6.329999999999999,19.47125,10.41,5.290000000000001,26.787181875000005
2026-08-18T21:10:35.834Z,MCT2408043,15.221111,74.087222,33,196.7,603,87.56689,14.18,10.71,6.33,19.31,10.25,5.29,26.85287
2026-08-18T20:20:00.000Z,MCT2408050,15.553611,73.958333,27.866666666666667,86.02999999999999,551.6,92.15266933333332,11.577333333333334,4.084,4.240000000000001,12.994666666666664,6.913333333333331,2.8293333333333335,26.96298266666666
2026-08-18T20:30:00.000Z,MCT2408050,15.553611,73.958333,27.6875,86.02999999999999,549.3125,92.31810125000001,11.42125,4.128125,4.240000000000001,13.094999999999999,7.012499999999999,2.8450000000000006,26.948056875000002
2026-08-18T20:40:00.000Z,MCT2408050,15.553611,73.958333,27.875,86.02999999999999,558.25,92.40059250000002,11.655000000000001,4.12,4.240000000000001,12.879999999999997,6.799999999999998,2.718125,26.93867
2026-08-18T20:50:00.000Z,MCT2408050,15.553611,73.958333,27.625,86.02999999999999,561.125,92.49977437499999,11.483750000000002,4.036250000000001,4.240000000000001,12.879999999999997,6.799999999999998,2.8431249999999997,26.921243749999995
2026-08-18T21:00:00.000Z,MCT2408050,15.553611,73.958333,27.875,86.02999999999999,576.9375,92.45018312499998,11.599375,4.0531250000000005,4.240000000000001,12.879999999999997,6.799999999999998,2.7687499999999994,26.950068750000003
2026-08-18T21:10:00.000Z,MCT2408050,15.553611,73.958333,27.625,86.02999999999999,567.75,92.64187124999997,11.416250000000002,4.081875,4.240000000000001,12.879999999999997,6.799999999999998,3.038125,26.910518749999998
2026-08-18T21:10:35.847Z,MCT2408050,15.553611,73.958333,27,86.03,576,92.67096,11.05,4.19,4.24,12.88,6.8,2.84,26.89577
2026-08-18T20:20:00.000Z,MCT2408030,15.142519,74.075003,26,168.83632,437.53333333333336,83.84273266666668,8.713333333333335,6.200000000000002,9.370000000000001,24.639999999999993,12.31,4.323333333333333,27.848162000000006
2026-08-18T20:30:00.000Z,MCT2408030,15.142519,74.075003,26,168.30098124999998,430.5625,83.80369250000001,8.525,6.200000000000002,9.370000000000001,24.639999999999993,12.31,4.060625,27.848968125
2026-08-18T20:40:00.000Z,MCT2408030,15.142519,74.075003,26,168.63319374999998,433.5,83.77318062500002,8.593125,6.200000000000002,9.370000000000001,24.639999999999993,12.31,4.2725,27.85701
2026-08-18T20:50:00.000Z,MCT2408030,15.142519,74.075003,26,169.5352375,435,83.77127375,8.713750000000001,6.200000000000002,9.370000000000001,24.639999999999993,12.31,4.376875,27.815453125
2026-08-18T21:00:00.000Z,MCT2408030,15.142519,74.075003,26,168.50659374999995,432.25,83.75792250000003,8.63625,6.200000000000002,9.370000000000001,24.639999999999993,12.31,4.124375,27.79802375
2026-08-18T21:10:00.000Z,MCT2408030,15.142519,74.075003,26,168.44399375,429.3125,83.79081999999998,8.626875,6.200000000000002,9.370000000000001,24.639999999999993,12.31,4.29375,27.757799374999998
2026-08-18T21:10:36.028Z,MCT2408030,15.142519,74.075003,26,168.9825,439,83.83612,9.18,6.2,9.37,24.64,12.31,3.86,27.73233
2026-08-18T20:20:00.000Z,MCT2408034,15.356389,74.123611,45.17391304347826,184.3904652173913,480.60869565217394,78.28092652173913,7.58391304347826,5.438695652173913,18.783478260869565,59.368260869565226,31.676086956521743,1.4056521739130432,30.51619086956522
2026-08-18T20:30:00.000Z,MCT2408034,15.356389,74.123611,27,193.63523200000003,481.52,78.27276520000002,7.691999999999998,5.145599999999999,7.765199999999997,23.521999999999995,12.0776,1.4656,30.515705200000003
2026-08-18T20:40:00.000Z,MCT2408034,15.356389,74.123611,25.32,192.4941,462.68,78.345398,7.052399999999999,4.103999999999998,6.853999999999997,20.070399999999996,10.0148,1.6464000000000005,30.443631999999997
2026-08-18T20:50:00.000Z,MCT2408034,15.356389,74.123611,24.16,181.05078400000002,466.32,77.96240119999999,7.305999999999998,4.9604,6.379999999999998,18.007599999999996,8.6276,1.6384,30.531149999999997
2026-08-18T21:00:00.000Z,MCT2408034,15.356389,74.123611,24.04,180,469.76,78.1909796,7.767599999999999,5.3136,6.379999999999998,17.857599999999994,8.477599999999999,1.6624,30.476236799999995
2026-08-18T21:10:00.000Z,MCT2408034,15.356389,74.123611,24.12,182.531996,469.68,78.28619320000001,7.5712,4.993200000000001,6.379999999999998,17.932799999999997,8.552799999999998,1.4484000000000001,30.478810399999997
2026-08-18T21:10:36.028Z,MCT2408034,15.356389,74.123611,24,180,467,78.19037,6.64,4.79,6.38,17.82,8.44,1.11,30.52085
2026-08-18T20:20:00.000Z,MCT2408023,15.499722,74.020833,50.733333333333334,150.50999999999996,468.8,91.821554,7.226,19.064666666666668,18.504666666666665,62.562666666666665,40.986666666666665,4.763333333333334,26.245834000000006
2026-08-18T20:30:00.000Z,MCT2408023,15.499722,74.020833,53.1875,156.50062499999999,467.625,91.78738062500001,7.094375,18.715625,20.198749999999997,67.2025,43.590624999999996,4.7368749999999995,26.247575000000005
2026-08-18T20:40:00.000Z,MCT2408023,15.499722,74.020833,46.8125,190.455625,461.375,91.77402812500002,6.785625000000001,18.774375,15.604374999999997,53.032500000000006,35.071875,4.699375000000001,26.187248124999996
2026-08-18T20:50:00.000Z,MCT2408023,15.499722,74.020833,46.625,178.27250000000004,459.8125,91.73444937500001,6.851875000000001,19.040625,16,53.350625,34.890625,4.709375000000001,26.159763125
2026-08-18T21:00:00.000Z,MCT2408023,15.499722,74.020833,39.5,200.35312499999998,454.25,91.73778687500001,6.585624999999999,19.614375,12.515,40.844375,26.4625,4.63125,26.124903749999998
2026-08-18T21:10:00.000Z,MCT2408023,15.499722,74.020833,37.75,187.49437500000002,459.8125,91.81456062500001,6.604375,19.756875,10.85375,36.489374999999995,24.196875,4.749375,26.157080625000006
2026-08-18T21:10:36.039Z,MCT2408023,15.499722,74.020833,40,150.51,463,91.90039,6.26,19.8,12.67,41.79,27.55,3.72,26.22009
2026-08-18T20:20:00.000Z,MCT2408029,15.333611,74.206944,12,211.57978666666668,483.1333333333333,92.80930599999996,2.5926666666666667,7.293333333333334,2.9399999999999995,8.747333333333334,4.787999999999999,3.5,26.967272
2026-08-18T20:30:00.000Z,MCT2408029,15.333611,74.206944,12.0625,212.31015624999998,474.625,93.020956875,3.1187499999999995,7.2225,2.9399999999999995,8.70625,4.74625,3.5324999999999998,26.917223124999996
2026-08-18T20:40:00.000Z,MCT2408029,15.333611,74.206944,12,208.2127066666667,480.6,93.333192,3.1926666666666668,7.338666666666667,2.9399999999999995,8.67,4.709999999999999,3.5,26.817838
2026-08-18T20:50:00.000Z,MCT2408029,15.333611,74.206944,12,208.19353124999998,471.125,93.23934999999999,3.419999999999999,7.3725,2.9399999999999995,8.67,4.709999999999999,3.5,26.872981249999995
2026-08-18T21:00:00.000Z,MCT2408029,15.333611,74.206944,12.1875,210.87489374999998,466.25,92.96230687499998,3.3893750000000002,7.6031249999999995,2.9399999999999995,8.67,4.709999999999999,3.5975,26.954089999999997
2026-08-18T21:10:00.000Z,MCT2408029,15.333611,74.206944,12.2,206.71836,468.53333333333336,92.94612533333331,3.2646666666666664,7.278666666666667,2.9399999999999995,8.67,4.709999999999999,3.5926666666666667,26.910072
2026-08-18T21:10:36.034Z,MCT2408029,15.333611,74.206944,12,204.7932,475,93.10583,2.33,7.14,2.94,8.67,4.71,3.5,26.89577
2026-08-18T20:20:00.000Z,MCT2408027,15.275556,74.1075,22.133333333333333,1160.7133333333334,656.5333333333333,91.55808399999998,6.579999999999999,12.84866666666667,6.639333333333335,21.225999999999996,11.661333333333339,2.9500000000000006,26.57330266666667
2026-08-18T20:30:00.000Z,MCT2408027,15.275556,74.1075,21.3125,1164.0425,650.5625,91.60856562499998,6.579999999999999,12.776250000000005,6.040625,19.898749999999996,11.117500000000001,2.9500000000000006,26.601501249999995
2026-08-18T20:40:00.000Z,MCT2408027,15.275556,74.1075,21,1165.6725,652.875,91.68199999999997,6.579999999999999,12.680625000000004,5.979375000000001,19.281875000000003,10.684375,2.9500000000000006,26.618928749999995
2026-08-18T20:50:00.000Z,MCT2408027,15.275556,74.1075,21.25,1165.7368750000003,644.3125,91.78785562499999,6.579999999999999,12.805625000000004,6.040000000000001,19.8375,11.1175,2.9500000000000006,26.602840625
2026-08-18T21:00:00.000Z,MCT2408027,15.275556,74.1075,21.375,1159.03875,650.6875,91.78451875,6.579999999999999,12.805625000000004,6.22625,19.96,10.808125,2.9500000000000006,26.652443750000003
2026-08-18T21:10:00.000Z,MCT2408027,15.275556,74.1075,19.8125,1163.436875,641,92.126888125,6.579999999999999,12.842500000000003,5.115625000000001,16.941875000000003,9.694999999999997,2.9500000000000006,26.643060625
2026-08-18T21:10:36.055Z,MCT2408027,15.275556,74.1075,19,1171.46,607,91.96906,6.58,12.24,4.93,15.77,8.89,2.95,26.74562
2026-08-18T20:20:00.000Z,MCT2408049,15.475278,74.055833,56.93333333333333,150,507.1333333333333,88.00990800000001,24.38933333333333,12.728,6.233999999999999,18.743333333333336,10.026000000000003,2.61,27.563588000000003
2026-08-18T20:30:00.000Z,MCT2408049,15.475278,74.055833,56.875,150,512,87.8873275,24.33625,12.072499999999998,6.1800000000000015,18.530000000000005,9.877500000000001,2.61,27.59960625
2026-08-18T20:40:00.000Z,MCT2408049,15.475278,74.055833,56.875,150,531.8125,88.07138812500003,24.267500000000002,12.372499999999999,6.084375,18.1475,9.590000000000002,2.61,27.592233124999996
2026-08-18T20:50:00.000Z,MCT2408049,15.475278,74.055833,56.75,150,535.0625,87.97220625,24.241875,11.60125,6.563125000000002,19.391875000000002,10.118125,2.61,27.621056250000006
2026-08-18T21:00:00.000Z,MCT2408049,15.475278,74.055833,56.6875,151.66226875,531.5625,87.85156625000002,24.158124999999995,11.74875,6.6593750000000025,19.773125000000004,10.30875,2.61,27.619045
2026-08-18T21:10:00.000Z,MCT2408049,15.475278,74.055833,56.6875,150,530.6875,88.04754499999999,24.191875,11.569374999999997,6.900000000000002,20.923125,11.029375,2.61,27.556034375000003
2026-08-18T21:10:36.237Z,MCT2408049,15.475278,74.055833,57,150,524,88.08569,24.07,12.04,6.9,20.68,10.74,2.61,27.55
2026-08-18T20:20:00.000Z,MCT2408040,15.528056,74.020833,18.866666666666667,100,448.8666666666667,88.83388266666664,8.135333333333334,4.7940000000000005,3.07,8.42,3.7299999999999986,3.5,27.299036666666662
2026-08-18T20:30:00.000Z,MCT2408040,15.528056,74.020833,18.875,100,458.6875,88.86770562499999,8.033125,4.846875000000001,3.07,8.42,3.7299999999999986,3.5,27.281876875
2026-08-18T20:40:00.000Z,MCT2408040,15.528056,74.020833,18.9375,100,463.5,88.927788125,8.12125,4.838125000000001,3.07,8.42,3.7299999999999986,3.5,27.267130625
2026-08-18T20:50:00.000Z,MCT2408040,15.528056,74.020833,19.0625,100,466.1875,88.96020937499999,8.26875,4.8968750000000005,3.07,8.42,3.7299999999999986,3.5,27.238976249999997
2026-08-18T21:00:00.000Z,MCT2408040,15.528056,74.020833,19,100,466.9375,88.93303187500001,8.09375,4.91125,3.07,8.42,3.7299999999999986,3.5,27.275844999999993
2026-08-18T21:10:00.000Z,MCT2408040,15.528056,74.020833,19,100,475.4375,88.96688499999999,8.075000000000001,4.90125,3.07,8.42,3.7299999999999986,3.5,27.27852625
2026-08-18T21:10:36.237Z,MCT2408040,15.528056,74.020833,19,100,477,88.94781,8.2,4.85,3.07,8.42,3.73,3.5,27.2926
2026-08-18T20:20:00.000Z,MCT2408044,15.313669,74.140042,25.5,214.29,487.7857142857143,94.51345928571428,10.732142857142858,3.5142857142857147,2.87,7.5,4.32,3.6967948571428573,26.07453785714286
2026-08-18T20:30:00.000Z,MCT2408044,15.313669,74.140042,25.625,214.29,483.5625,94.636484375,10.783125000000002,3.3549999999999995,2.8699999999999997,7.5,4.32,3.6513620625,26.022346250000005
2026-08-18T20:40:00.000Z,MCT2408044,15.313669,74.140042,25.666666666666668,214.29,481.46666666666664,94.59356799999999,10.851333333333333,3.398,2.8699999999999997,7.5,4.320000000000001,3.794017133333333,26.077088000000003
2026-08-18T20:50:00.000Z,MCT2408044,15.313669,74.140042,25.8,214.29,487.6666666666667,94.65155133333334,10.946666666666665,3.3699999999999997,2.8699999999999997,7.5,4.320000000000001,3.550683733333334,26.074944
2026-08-18T21:00:00.000Z,MCT2408044,15.313669,74.140042,25.6875,214.29,486.3125,94.61931562500001,10.7475,3.340625,2.8699999999999997,7.5,4.32,3.7652241875000003,26.065915625000002
2026-08-18T21:10:00.000Z,MCT2408044,15.313669,74.140042,25.866666666666667,214.29,462.4,94.00966399999999,10.796,3.7006666666666663,2.8699999999999997,7.5,4.320000000000001,4.751281799999999,26.07422866666667
2026-08-18T21:10:36.247Z,MCT2408044,15.313669,74.140042,25,214.29,456,93.88403,10.45,3.32,2.87,7.5,4.32,3.95,26.13429
2026-08-18T20:20:00.000Z,MCT2408046,15.529167,74.07,30.91304347826087,95.52,869.9130434782609,91.10593652173914,13.136956521739132,0.9569565217391305,5.060000000000001,13.330000000000004,5.75,3.4134782608695646,27.037062608695653
2026-08-18T20:30:00.000Z,MCT2408046,15.529167,74.07,30.84,95.52,875.24,91.3477168,13.183999999999996,1.0572000000000001,5.060000000000001,13.330000000000002,5.75,3.4907999999999997,27.000448400000003
2026-08-18T20:40:00.000Z,MCT2408046,15.529167,74.07,30.84,95.52,881.36,91.63763400000002,13.085200000000002,1.1076000000000004,5.060000000000001,13.330000000000002,5.75,3.4975999999999994,26.965697999999996
2026-08-18T20:50:00.000Z,MCT2408046,15.529167,74.07,31,95.52,880.56,91.66693160000001,13.276799999999998,1.0288,5.060000000000001,13.330000000000002,5.75,3.5167999999999995,26.932236800000005
2026-08-18T21:00:00.000Z,MCT2408046,15.529167,74.07,30.88,95.52,881.24,91.77557359999999,13.213199999999999,1.0712000000000002,5.060000000000001,13.330000000000002,5.7620000000000005,3.5368,26.934382399999993
2026-08-18T21:10:00.000Z,MCT2408046,15.529167,74.07,30.88,95.52,882.84,91.38708480000003,13.233200000000002,1.0091999999999999,5.060000000000001,13.862800000000007,6.2932000000000015,3.577199999999999,27.090110000000003
2026-08-18T21:10:36.247Z,MCT2408046,15.529167,74.07,31,95.52,872,91.58758499999999,13.379999999999999,0.915,5.06,14.440000000000001,6.955,3.315,26.99766
2026-08-18T20:20:00.000Z,MCT2408037,15.394444,74.118333,24.866666666666667,160.45449333333332,461.73333333333335,86.22666533333333,10.286000000000001,9.385333333333334,3.7199999999999993,12.648000000000001,6.35,3.852,27.079527999999993
2026-08-18T20:30:00.000Z,MCT2408037,15.394444,74.118333,25.4375,160,479.1875,86.23747125,10.623750000000003,12.7775,3.7199999999999993,13.236875000000003,6.889375,3.6618749999999998,27.096195
2026-08-18T20:40:00.000Z,MCT2408037,15.394444,74.118333,25.125,160.01184375,474.375,86.2222125,10.456250000000002,13.689375000000002,3.7199999999999993,12.981250000000001,6.65625,3.5462499999999997,27.0908325
2026-08-18T20:50:00.000Z,MCT2408037,15.394444,74.118333,25.625,160,471.8125,86.29564624999999,10.582500000000001,14.18375,6.318124999999998,23.459375000000005,12.318125000000002,3.6168750000000003,27.05463749999999
2026-08-18T21:00:00.000Z,MCT2408037,15.394444,74.118333,25.1875,160,480,86.43106812500002,10.518750000000002,14.554375,4.229375,15.484375,8.01,3.875,26.999671874999997
2026-08-18T21:10:00.000Z,MCT2408037,15.394444,74.118333,25.125,160,478.875,86.49258250000003,10.47875,14.561875,3.9049999999999994,14.871875000000003,8.056249999999999,3.8874999999999997,26.988275625
2026-08-18T21:10:36.260Z,MCT2408037,15.394444,74.118333,25,160,481,86.52167,10.62,14.49,3.72,13.9,7.5,3.93,26.97085
2026-08-18T20:20:00.000Z,MCT2408042,15.213889,74.071667,61.142857142857146,258.36785714285713,494.42857142857144,89.31511857142858,26.139999999999997,13.027857142857144,4.874999999999999,15.698571428571428,8.655,3.360714285714285,27.198369285714286
2026-08-18T20:30:00.000Z,MCT2408042,15.213889,74.071667,61.3125,254.12500000000003,476.75,89.6659325,26.226250000000004,13.291875000000001,5.175624999999999,16.700625000000002,9.11,3.3506249999999995,27.259085
2026-08-18T20:40:00.000Z,MCT2408042,15.213889,74.071667,61.0625,268.861875,475.6875,89.895768125,26.059999999999995,13.688125000000003,4.834374999999999,16.015625,9.053124999999998,3.3949999999999996,27.426665000000003
2026-08-18T20:50:00.000Z,MCT2408042,15.213889,74.071667,61.3125,276.70187500000003,480.125,89.90768874999999,26.216874999999998,13.528750000000002,4.549999999999999,14.306250000000004,7.915625,3.44625,27.570781874999994
2026-08-18T21:00:00.000Z,MCT2408042,15.213889,74.071667,61.6875,276.863125,490.875,89.673085,26.460000000000004,13.545,4.549999999999999,13.965000000000003,7.574375000000001,3.54375,27.619043125000005
2026-08-18T21:10:00.000Z,MCT2408042,15.213889,74.071667,61.61538461538461,282.95461538461535,480.46153846153845,89.42553307692309,26.41384615384616,13.656153846153845,4.549999999999999,14.240000000000002,7.8500000000000005,3.615384615384616,27.705929230769236
2026-08-18T21:10:36.451Z,MCT2408042,15.213889,74.071667,61,283.4,473,89.21484,26.02,13.98,4.55,14.59,8.2,3.94,27.82886
2026-08-18T20:20:00.000Z,MCT2408041,15.224628,74.171389,32.8,420.56234666666666,492.1333333333333,91.18221133333331,13.746666666666668,9.7,8.090000000000002,20.25,8.900000000000002,7.948000000000001,26.47463266666666
2026-08-18T20:30:00.000Z,MCT2408041,15.224628,74.171389,32.9375,419.05138124999996,492,91.31006750000003,13.81,9.7,8.090000000000002,20.25,8.900000000000002,7.967499999999999,26.44934
2026-08-18T20:40:00.000Z,MCT2408041,15.224628,74.171389,32.8125,419.8715,490.75,91.22614250000001,13.811249999999996,9.7,8.090000000000002,20.25,8.900000000000002,7.9312499999999995,26.497602500000006
2026-08-18T20:50:00.000Z,MCT2408041,15.224628,74.171389,32.8125,425.52436874999995,496.1875,91.2218525,13.780000000000001,9.7,8.090000000000002,20.25,8.900000000000002,7.94875,26.496933124999998
2026-08-18T21:00:00.000Z,MCT2408041,15.224628,74.171389,32.8125,433.6177062500001,497.5625,91.00918124999998,13.80625,9.7,8.090000000000002,20.25,8.900000000000002,8.098125,26.533799375000005
2026-08-18T21:10:00.000Z,MCT2408041,15.224628,74.171389,32.75,435.35051875000005,498.5,91.09835062499998,13.823125000000001,9.7,8.090000000000002,20.25,8.900000000000002,7.995000000000001,26.496260624999998
2026-08-18T21:10:36.454Z,MCT2408041,15.224628,74.171389,32,430.0983,507,91.08405,13.52,9.7,8.09,20.25,8.9,7.99,26.48822
2026-08-18T20:20:00.000Z,MCT2408033,15.346944,74.007778,19.866666666666667,112.09079999999999,482.53333333333336,90.76920533333333,8.010666666666669,4.494000000000001,3.6773333333333342,10.188,6.509333333333333,4.39,27.141017999999992
2026-08-18T20:30:00.000Z,MCT2408033,15.346944,74.007778,19.875,110.97309375,508.3125,90.85325562499999,7.99125,4.79625,3.5237500000000006,9.93625,6.433125,4.39,27.169930625
2026-08-18T20:40:00.000Z,MCT2408033,15.346944,74.007778,20.4375,111.80298124999999,527.0625,90.80986374999998,8.370624999999999,4.293125,3.6762500000000005,10.288125,6.581250000000001,4.39,27.275171875
2026-08-18T20:50:00.000Z,MCT2408033,15.346944,74.007778,20.125,123.83849375,463.0625,89.449925625,8.195,3.54,3.2968750000000004,9.68,6.470000000000001,4.39,27.316731874999995
2026-08-18T21:00:00.000Z,MCT2408033,15.346944,74.007778,19.5625,122.0192625,458.75,90.74692249999998,7.673750000000001,3.29625,3.4475000000000007,10.22375,6.912500000000001,4.39,27.10356875
2026-08-18T21:10:00.000Z,MCT2408033,15.346944,74.007778,19.6875,116.87180625000002,468,91.41544875,7.865000000000001,3.614374999999999,3.2587500000000005,9.29625,6.101250000000001,4.39,27.0821175
2026-08-18T21:10:36.459Z,MCT2408033,15.346944,74.007778,19,119.1414,477,91.54944,7.49,3.82,3.64,10.26,6.47,4.39,27.08882
2026-08-18T20:20:00.000Z,MCT2408024,15.148056,74.131667,40.73913043478261,216.43336086956526,629,81.72244565217392,17.65841739130435,7.226300565217389,5,15.337826086956525,8.337826086956523,2.451304347826087,28.450445217391312
2026-08-18T20:30:00.000Z,MCT2408024,15.148056,74.131667,40.92,216.21038800000002,558.68,81.73437320000001,17.8822176,7.727850239999998,5,14.990000000000004,7.990000000000002,2.4528000000000008,28.470217199999993
2026-08-18T20:40:00.000Z,MCT2408024,15.148056,74.131667,40.6,215.401388,641.88,81.64526040000003,17.567628000000006,7.350649639999997,5,15.750000000000005,8.750000000000002,2.486,28.528559599999994
2026-08-18T20:50:00.000Z,MCT2408024,15.148056,74.131667,40.791666666666664,216.99185833333334,646.3333333333334,81.72722958333334,17.730020416666665,6.671176333333335,5,15.531666666666672,8.531666666666668,2.4708333333333337,28.4763825
2026-08-18T21:00:00.000Z,MCT2408024,15.148056,74.131667,40.88,218.14142800000005,551.6,81.85980320000002,17.8288744,5.54112568,5.24,18.230000000000004,10.750000000000002,2.4808000000000003,28.40114759999999
2026-08-18T21:10:00.000Z,MCT2408024,15.148056,74.131667,40.76,218.419872,569.28,81.6202388,17.733813600000005,5.3160176,5,17.230000000000004,10.230000000000004,2.4856000000000003,28.4637816
2026-08-18T21:10:36.458Z,MCT2408024,15.148056,74.131667,41,214.4678,603,81.58545,17.69567,5.526696,5,14.99,7.99,2.58,28.53671
2026-08-18T20:20:00.000Z,MCT2408045,15.619444,73.878889,28.133333333333333,178.69266666666664,583.0666666666667,87.15592733333334,11.876666666666667,17.112666666666666,3.020000000000001,9.851999999999999,4.671333333333332,2.5300000000000002,27.226104000000007
2026-08-18T20:30:00.000Z,MCT2408045,15.619444,73.878889,27.875,178.68687499999996,576.375,87.14060375000001,11.612499999999999,17.014374999999998,3.020000000000001,9.735625,4.555624999999998,2.5300000000000002,27.24635062500001
2026-08-18T20:40:00.000Z,MCT2408045,15.619444,73.878889,28,179.83687499999996,581.25,87.24932125000001,11.716249999999999,16.889375,3.020000000000001,9.7,4.519999999999998,2.5300000000000002,27.240317499999996
2026-08-18T20:50:00.000Z,MCT2408045,15.619444,73.878889,27.625,183.52812500000002,571.5,87.02377687499997,11.45625,16.823124999999997,3.020000000000001,9.735624999999999,4.555624999999997,2.5300000000000002,27.168590625
2026-08-18T21:00:00.000Z,MCT2408045,15.619444,73.878889,27.75,185.52062500000005,564.625,86.87834187499998,11.501875,16.864375,3.020000000000001,9.735624999999999,4.555624999999997,2.5300000000000002,27.074075
2026-08-18T21:10:00.000Z,MCT2408045,15.619444,73.878889,28,186.99062500000002,562.125,87.05381625000001,11.78625,16.35875,3.020000000000001,9.7,4.519999999999998,2.5300000000000002,26.927276875
2026-08-18T21:10:36.467Z,MCT2408045,15.619444,73.878889,29,190.58,557,87.08624,12.71,16.77,3.02,9.7,4.52,2.53,26.78852
2026-08-18T20:20:00.000Z,MCT2408022,15.475833,74.038889,31.666666666666668,150,448.6,90.96706066666664,4.126000000000001,11.389758666666665,11.4,34.93333333333333,18.666666666666668,4.256155466666667,26.759207333333332
2026-08-18T20:30:00.000Z,MCT2408022,15.475833,74.038889,35.8125,150,450.125,91.022055625,4.036874999999999,11.4415775,13.75,42.9375,23.125,4.251714875,26.763721874999995
2026-08-18T20:40:00.000Z,MCT2408022,15.475833,74.038889,43.6875,150,448.8125,91.08404437499999,4.088125,11.438378125000002,18.5,57.9375,31.375,4.2772495,26.727524375
2026-08-18T20:50:00.000Z,MCT2408022,15.475833,74.038889,44.6875,150,446.5,91.20849937499999,3.925,11.288842500000001,19.25,60.0625,32.375,4.272815562500001,26.681939375000002
2026-08-18T21:00:00.000Z,MCT2408022,15.475833,74.038889,41,150,442.375,91.227573125,3.9281249999999996,11.220506250000001,16.375,52.3125,28.875,4.2722716875,26.679926875
2026-08-18T21:10:00.000Z,MCT2408022,15.475833,74.038889,34,150,440.73333333333335,91.257994,4.075333333333333,11.403146,12,38.46666666666667,21.266666666666666,4.263520333333333,26.742048000000004
2026-08-18T21:10:36.659Z,MCT2408022,15.475833,74.038889,30,150,437,91.24426,4.05,11.81325,10,31,17,4.276697,26.79925
2026-08-18T20:20:00.000Z,MCT2408032,15.525556,73.828611,35.083333333333336,216.60125000000005,716.2916666666666,85.2739425,14.86166666666667,17.414583333333333,7.120000000000002,17.069999999999997,7.080000000000002,2.8716666666666666,28.62295916666667
2026-08-18T20:30:00.000Z,MCT2408032,15.525556,73.828611,34.84,214.986,689.08,85.13555999999997,14.592000000000006,17.6076,7.120000000000002,17.6956,7.702000000000003,2.8852,28.5911944
2026-08-18T20:40:00.000Z,MCT2408032,15.525556,73.828611,35.8,214.36199999999997,701.76,85.14135639999999,15.416000000000006,17.298,7.120000000000002,17.183599999999995,7.192800000000003,2.8448,28.5963428
2026-08-18T20:50:00.000Z,MCT2408032,15.525556,73.828611,35.32,213.73519999999994,689.96,85.16271920000001,15.012800000000002,17.3232,7.120000000000002,17.1836,7.192800000000003,2.8035999999999994,28.592482000000004
2026-08-18T21:00:00.000Z,MCT2408032,15.525556,73.828611,35.6,218.36360000000002,714.08,84.23346079999997,15.232400000000005,17.328000000000007,7.120000000000002,17.069999999999997,7.080000000000002,2.9956,28.591623600000013
2026-08-18T21:10:00.000Z,MCT2408032,15.525556,73.828611,35.44,222.4032,697.16,83.2721552,15.050400000000007,17.5568,7.176800000000002,17.752,7.645600000000002,3.2252000000000005,28.659836000000013
2026-08-18T21:10:36.659Z,MCT2408032,15.525556,73.828611,37,219.34,689,82.92822,16.17,17.28,7.12,18.49,8.49,2.88,28.77266
2026-08-18T20:20:00.000Z,MCT2408036,15.171567,74.067106,36.285714285714285,120,464.5,90.539635,11.042857142857141,7.780714285714287,6.579285714285713,20.80642857142857,11.687142857142858,11.131428571428572,27.659550714285718
2026-08-18T20:30:00.000Z,MCT2408036,15.171567,74.067106,35.9375,120,466.1875,90.735955,10.848125,8.25,5.263124999999999,16.338125,9.088125000000002,10.893125000000001,27.531903125
2026-08-18T20:40:00.000Z,MCT2408036,15.171567,74.067106,35.733333333333334,120,475.06666666666666,91.04640733333333,10.58,8.243333333333332,5.719333333333332,17.39333333333333,9.456666666666667,10.869333333333335,27.459911333333327
2026-08-18T20:50:00.000Z,MCT2408036,15.171567,74.067106,35.5,120,475.5625,90.55904812499999,10.851875,7.898749999999999,4.93375,15.166250000000002,8.359374999999998,10.736875,27.528551249999996
2026-08-18T21:00:00.000Z,MCT2408036,15.171567,74.067106,36.4,120,452.1333333333333,89.18992,10.903999999999998,7.792,4.912000000000001,14.826,8.106666666666666,11.277333333333335,27.617926666666666
2026-08-18T21:10:00.000Z,MCT2408036,15.171567,74.067106,36.5,120,451.5,89.646381875,10.801875,7.797499999999999,4.703125,13.772499999999997,7.346249999999998,11.2875,27.523859375000008
2026-08-18T21:10:36.669Z,MCT2408036,15.171567,74.067106,34,120,453,90.09222,10.89,8.36,2.63,10.13,6.59,9.86,27.45348
2026-08-18T20:20:00.000Z,MCT2408035,15.236111,74.125,48.266666666666666,190,616.1333333333333,90.76310066666669,19.953495999999998,9.508000000000001,3.799999999999999,10.19,4.909999999999998,3.8299999999999987,26.56257799999999
2026-08-18T20:30:00.000Z,MCT2408035,15.236111,74.125,47.5625,190,616.1875,90.77934687500003,19.4335925,9.490625000000001,3.799999999999999,10.19,4.909999999999998,3.8299999999999987,26.563292500000006
2026-08-18T20:40:00.000Z,MCT2408035,15.236111,74.125,47.8125,190,630.5625,90.81701625000004,19.549849999999996,9.556875000000002,3.799999999999999,10.19,4.909999999999998,3.8299999999999987,26.5947975
2026-08-18T20:50:00.000Z,MCT2408035,15.236111,74.125,46.8125,190,636.875,90.89664812500003,18.79301375,9.516875000000002,3.799999999999999,10.19,4.909999999999998,3.8299999999999987,26.604851875
2026-08-18T21:00:00.000Z,MCT2408035,15.236111,74.125,48.25,190,632.375,90.87232750000001,20.03464375,9.835000000000003,3.799999999999999,10.19,4.909999999999998,3.8299999999999987,26.662498749999994
2026-08-18T21:10:00.000Z,MCT2408035,15.236111,74.125,46.9375,190,638.25,90.84133500000002,18.889507499999997,9.826875000000001,3.799999999999999,10.19,4.909999999999998,3.8299999999999987,26.743609375000005
2026-08-18T21:10:36.674Z,MCT2408035,15.236111,74.125,48,190,638,90.82465,19.54985,9.59,3.8,10.19,4.91,3.83,26.78852
2026-08-18T20:20:00.000Z,MCT2408031,15.290833,74.149167,17.066666666666666,140.09265333333332,493.06666666666666,87.79730466666668,7.435529200000002,6.299004933333333,4.287999999999999,11.650666666666666,6.666666666666667,4.906000000000001,26.342358000000004
2026-08-18T20:30:00.000Z,MCT2408031,15.290833,74.149167,17.0625,140,491.9375,87.8434575,7.325142374999999,6.043807375,4.495624999999999,12.1725,6.934999999999999,4.753125,26.356836250000004
2026-08-18T20:40:00.000Z,MCT2408031,15.290833,74.149167,17.3125,140.740875,493.125,87.8472725,7.58287575,6.1927023125,4.2575,11.275625000000003,6.338749999999998,4.855000000000001,26.374263750000008
2026-08-18T20:50:00.000Z,MCT2408031,15.290833,74.149167,17,155.22870625,491.6875,87.9168925,7.29874875,6.028559124999999,4.22875,11.248125000000002,6.308749999999999,4.788125,26.362868125000002
2026-08-18T21:00:00.000Z,MCT2408031,15.290833,74.149167,17.375,156.4292,497.0625,87.891145,7.327385875,6.2231989375,4.52375,11.709999999999997,6.458125000000001,4.708125000000001,26.385659374999996
2026-08-18T21:10:00.000Z,MCT2408031,15.290833,74.149167,18,160.6418625,492.125,88.093323125,7.391390312500001,6.474956874999999,4.405625,11.600624999999999,6.48875,4.938124999999999,26.322650625
2026-08-18T21:10:36.668Z,MCT2408031,15.290833,74.149167,18,162.3729,474,88.09332,7.609797,9.34271,4.76,12.17,6.67,4.64,26.29517
2026-08-18T20:20:00.000Z,MCT2408038,15.188889,74.055556,23.066666666666666,447.3246666666667,659.6666666666666,90.29109866666666,9.788000000000004,13.330000000000005,5.950000000000002,16.900000000000002,7.939999999999999,4.830666666666667,27.785959999999992
2026-08-18T20:30:00.000Z,MCT2408038,15.188889,74.055556,22.8125,434.68874999999997,657.4375,90.33111750000002,9.5025,13.330000000000005,5.950000000000002,16.900000000000002,7.939999999999999,4.810625,27.78662999999999
2026-08-18T20:40:00.000Z,MCT2408038,15.188889,74.055556,23.1875,427.65125000000006,671.375,90.45748125000001,9.884375000000002,13.330000000000005,5.950000000000002,16.900000000000002,7.9606249999999985,4.779375000000001,27.802045625
2026-08-18T20:50:00.000Z,MCT2408038,15.188889,74.055556,23.4375,445,660.9375,89.999241875,10.073125000000001,13.330000000000005,5.950000000000002,16.900000000000002,7.939999999999999,4.819375000000001,27.803384999999995
2026-08-18T21:00:00.000Z,MCT2408038,15.188889,74.055556,23.5,453.27500000000003,649.25,89.72124500000002,9.990625,13.330000000000005,5.950000000000002,16.900000000000002,7.939999999999999,4.80875,27.688756875
2026-08-18T21:10:00.000Z,MCT2408038,15.188889,74.055556,23.25,457.62812500000007,648.8125,89.88813750000001,9.888125000000002,13.330000000000005,5.950000000000002,16.900000000000002,7.939999999999999,4.820625,27.597594374999993
2026-08-18T21:10:36.867Z,MCT2408038,15.188889,74.055556,24,450.03,640,89.9549,10.71,13.33,5.95,16.9,7.94,4.88,27.5929
2026-08-18T20:20:00.000Z,MCT2408039,15.163611,74.110833,30,375.8986666666667,470.73333333333335,86.72562733333332,8.890666666666666,10.3,9.019999999999998,28.94,11.759999999999998,2.3,27.540706666666665
2026-08-18T20:30:00.000Z,MCT2408039,15.163611,74.110833,30,374.77874999999995,470.75,86.68427,9.857499999999998,10.3,9.019999999999998,28.94,11.759999999999998,2.3,27.52318875
2026-08-18T20:40:00.000Z,MCT2408039,15.163611,74.110833,30,373.45875000000007,466.5625,86.67091875,8.438125,10.3,9.019999999999998,28.94,11.759999999999998,2.3,27.500398750000002
2026-08-18T20:50:00.000Z,MCT2408039,15.163611,74.110833,30,390.53874999999994,471.875,86.72050875,9.893749999999999,10.3,9.019999999999998,28.94,11.759999999999998,2.3,27.49905875
2026-08-18T21:00:00.000Z,MCT2408039,15.163611,74.110833,30,383.72249999999997,468.625,86.50831499999998,10.829374999999997,10.3,9.019999999999998,28.94,11.759999999999998,2.3,27.558714375000005
2026-08-18T21:10:00.000Z,MCT2408039,15.163611,74.110833,30,388.188125,451.4375,86.459678125,9.476874999999998,10.3,9.019999999999998,28.94,11.759999999999998,2.3,27.545979375
2026-08-18T21:10:36.867Z,MCT2408039,15.163611,74.110833,30,394.49,456,86.75055,11.07,10.3,9.02,28.94,11.76,2.3,27.47493
2026-08-18T20:20:00.000Z,MCT2408026,15.2467,74.198281,31,125,522.9130434782609,83.68087913043477,13.364157826086956,12.5,4.730000000000003,14.551739130434777,7.752173913043479,2.054347826086957,28.691524782608692
2026-08-18T20:30:00.000Z,MCT2408026,15.2467,74.198281,31.041666666666668,125,526.5,84.09806250000001,13.410313749999998,12.5,4.730000000000003,14.590416666666663,7.790416666666666,1.9783333333333333,28.525093749999996
2026-08-18T20:40:00.000Z,MCT2408026,15.2467,74.198281,30.958333333333332,125,527.0416666666666,84.9045533333333,13.36765083333333,12.5,4.730000000000003,14.549999999999995,7.750416666666667,2.0274999999999994,28.282437916666666
2026-08-18T20:50:00.000Z,MCT2408026,15.2467,74.198281,31,125,527.4166666666666,84.97893958333331,13.416032916666664,12.5,4.730000000000003,14.750416666666666,7.952083333333333,2.1216666666666666,28.239535833333335
2026-08-18T21:00:00.000Z,MCT2408026,15.2467,74.198281,31,125,528.875,85.30605,13.371083333333333,12.5,4.730000000000003,14.589999999999998,7.790833333333334,2.0183333333333335,28.147925416666666
2026-08-18T21:10:00.000Z,MCT2408026,15.2467,74.198281,31,125,534.2083333333334,86.10236875000002,13.367651250000002,12.5,4.730000000000003,14.549999999999997,7.750416666666667,2.1429166666666672,27.949066250000005
2026-08-18T21:10:36.874Z,MCT2408026,15.2467,74.198281,31,125,530,86.02576,13.204135,12.5,4.73,14.51,7.71,2.21,27.98437
2026-08-18T21:20:00.000Z,MCT2408020,15.543475,74.039433,21.75,180,456.6875,89.05939499999997,9.32272225,19.352423749999996,5.5699999999999985,15.898750000000003,7.488125000000002,3.6599999999999984,27.352929375000002
2026-08-18T21:30:00.000Z,MCT2408020,15.543475,74.039433,21.8125,180,460.6875,89.11852312500001,9.4029603125,19.09458,5.5699999999999985,15.840000000000002,7.430000000000003,3.6599999999999984,27.319414375
2026-08-18T21:40:00.000Z,MCT2408020,15.543475,74.039433,21.875,180,450.8125,88.42329312500001,9.394637562499998,18.33620437500001,5.5699999999999985,15.840000000000002,7.430000000000003,3.6599999999999984,27.433368750000003
2026-08-18T21:50:00.000Z,MCT2408020,15.543475,74.039433,21.1875,180,448.4375,88.030379375,8.960284312500002,18.135246875,5.5699999999999985,15.840000000000002,7.430000000000003,3.6599999999999984,27.425323749999997
2026-08-18T22:00:00.000Z,MCT2408020,15.543475,74.039433,21.3125,180,442.9375,88.42186562500001,9.027258125,18.221838750000003,5.5699999999999985,15.840000000000002,7.430000000000003,3.6599999999999984,27.310030625
2026-08-18T22:08:10.531Z,MCT2408020,15.543475,74.039433,21.46153846153846,180,443.7692307692308,88.53465307692308,9.144979153846155,18.295736153846157,5.569999999999999,15.840000000000002,7.430000000000002,3.659999999999999,27.265377692307688
2026-08-18T21:20:00.000Z,MCT2408028,15.186944,74.096667,41.56,577.6696000000001,480.88,92.2650752,18.052,12.364799999999997,5.0699999999999985,18.853199999999998,11.7316,1.7116,26.704864
2026-08-18T21:30:00.000Z,MCT2408028,15.186944,74.096667,41.44,579.2364000000001,465.52,92.1893912,17.900000000000002,12.607199999999999,5.189999999999999,20.285599999999995,12.962399999999997,1.5936,26.803966399999993
2026-08-18T21:40:00.000Z,MCT2408028,15.186944,74.096667,41.48,576.9855999999999,460.8,92.0664076,17.977999999999998,12.924799999999996,6.47,25.137600000000003,15.906400000000001,1.5448,26.878611999999997
2026-08-18T21:50:00.000Z,MCT2408028,15.186944,74.096667,41.291666666666664,573.4774999999998,466.625,92.15661083333335,17.752916666666664,12.42375,7.156666666666667,26.309166666666673,16.19625,1.4154166666666663,26.88102541666666
2026-08-18T22:00:00.000Z,MCT2408028,15.186944,74.096667,41.4,570.1696000000001,471.6,92.28582800000002,17.930000000000003,12.391999999999998,6.870000000000001,25.057599999999997,15.3488,1.3443999999999996,26.827562000000004
2026-08-18T22:08:10.532Z,MCT2408028,15.186944,74.096667,41.333333333333336,568.0680952380951,475.2857142857143,92.37595619047619,17.83238095238095,12.477619047619052,7.7042857142857155,28.22095238095238,17.23142857142857,1.2795238095238095,26.7563480952381
2026-08-18T21:20:00.000Z,MCT2408057,15.272222,74.104722,29.92,342.00399999999996,450.84,85.19445720000002,12.337199999999998,8.986400000000001,3.003999999999999,9.4312,5.312000000000001,2.2664000000000004,28.297327200000005
2026-08-18T21:30:00.000Z,MCT2408057,15.272222,74.104722,29.92,342.4712,450.52,84.5911256,12.3488,8.936400000000003,3.052,9.815600000000003,5.5996000000000015,2.1975999999999996,28.4809428
2026-08-18T21:40:00.000Z,MCT2408057,15.272222,74.104722,30,343.4027999999999,459.24,83.86236599999998,12.4448,8.921600000000002,3.0279999999999996,9.159599999999998,5.002800000000001,2.0692,28.707452399999994
2026-08-18T21:50:00.000Z,MCT2408057,15.272222,74.104722,29.96,342.9891999999999,463.84,83.49462919999996,12.453199999999999,8.885200000000001,3.003999999999999,9.273600000000002,5.1556000000000015,2.2344000000000004,28.7958292
2026-08-18T22:00:00.000Z,MCT2408057,15.272222,74.104722,30,337.73920000000004,468.4,83.313964,12.4888,8.795200000000001,3.052,9.636000000000003,5.423200000000001,2.1812,28.876056
2026-08-18T22:08:10.540Z,MCT2408057,15.272222,74.104722,29.952380952380953,340.43380952380943,466.8095238095238,83.98725476190478,12.415714285714287,8.80571428571429,4.512380952380953,13.730952380952383,7.510476190476192,2.2466666666666666,28.674094285714286
2026-08-18T21:20:00.000Z,MCT2408056,15.579167,73.920833,23.4375,180.89783125,575.0625,90.06361375,13.086875,24.989141562500002,4.6899999999999995,13.887499999999998,7.733750000000001,2.999375,27.554023750000002
2026-08-18T21:30:00.000Z,MCT2408056,15.579167,73.920833,16.4375,180,556.5625,89.66593187499998,6.881875,9.308245187499999,4.6899999999999995,13.659999999999998,7.5,1.8724999999999998,27.533916250000004
2026-08-18T21:40:00.000Z,MCT2408056,15.579167,73.920833,16.3125,180,563.3125,89.50476,6.863125000000001,10.828784875000002,4.6899999999999995,13.659999999999998,7.5,1.7037499999999997,27.537938750000002
2026-08-18T21:50:00.000Z,MCT2408056,15.579167,73.920833,16.4375,180,567.6875,89.4666125,6.900625000000001,11.222564187499998,4.6899999999999995,13.659999999999998,7.5,1.7718749999999999,27.527211875
2026-08-18T22:00:00.000Z,MCT2408056,15.579167,73.920833,16.5,180,570.25,89.35598562500003,6.915000000000002,10.301936375,4.6899999999999995,13.659999999999998,7.5,1.8237499999999998,27.554023125
2026-08-18T22:08:10.541Z,MCT2408056,15.579167,73.920833,16.53846153846154,180,573.2307692307693,89.38914615384616,6.943076923076924,10.073130999999998,4.6899999999999995,13.659999999999998,7.5,1.7484615384615383,27.54670230769231
2026-08-18T21:20:00.000Z,MCT2408055,15.585833,73.885556,19.1875,108.83812500000002,796.3125,90.66490499999998,8.405000000000001,6.273750000000001,3.5,9.622500000000002,5.195000000000001,1.501875,26.730871875000002
2026-08-18T21:30:00.000Z,MCT2408055,15.585833,73.885556,19.3125,110.08500000000001,786.3125,90.45938687499998,8.446875,6.239999999999999,3.5,9.292500000000002,4.854999999999999,1.5525,26.765732500000006
2026-08-18T21:40:00.000Z,MCT2408055,15.585833,73.885556,19.4375,109.18312500000002,791.75,90.163270625,8.586250000000001,6.624375,3.5,9.21,4.77,1.41375,26.919904374999994
2026-08-18T21:50:00.000Z,MCT2408055,15.585833,73.885556,19.1875,109.334375,797,90.09508249999999,8.46875,6.714375,3.5,8.962499999999999,4.515000000000001,1.435625,26.915211249999995
2026-08-18T22:00:00.000Z,MCT2408055,15.585833,73.885556,19.133333333333333,110.66133333333333,801,90.35620066666667,8.470666666666668,6.474666666666667,3.5,8.462,3.999333333333332,1.59,26.740616666666664
2026-08-18T22:08:10.592Z,MCT2408055,15.585833,73.885556,19.714285714285715,110.89214285714286,790.0714285714286,90.40720785714284,8.690714285714286,6.640000000000001,3.5,8.55,4.089999999999999,1.6264285714285713,26.613087142857147
2026-08-18T21:20:00.000Z,MCT2408053,15.263333,74.110833,38.9375,188.72606249999998,785,93.19595875,14.0325,25.95125,4.590000000000002,13.610624999999999,7.897500000000001,6.330624999999999,26.395714375
2026-08-18T21:30:00.000Z,MCT2408053,15.263333,74.110833,40.25,214.09347499999998,791.875,93.154474375,15.221875,26.444375,4.590000000000002,13.489374999999997,7.7562500000000005,6.381875000000002,26.418505
2026-08-18T21:40:00.000Z,MCT2408053,15.263333,74.110833,39.4375,218.5831875,799.25,93.125861875,14.435625,26.924375,4.590000000000002,13.793750000000003,8.10875,6.311875000000001,26.432582499999995
2026-08-18T21:50:00.000Z,MCT2408053,15.263333,74.110833,39.0625,226.50196250000002,779.3125,92.88744312499999,14.180000000000001,28.278124999999996,4.590000000000002,13.915,8.249375000000002,6.482500000000002,26.457381875000006
2026-08-18T22:00:00.000Z,MCT2408053,15.263333,74.110833,41,225.74111875,795.6875,93.04718375,15.965625000000001,28.088124999999998,4.590000000000002,13.428124999999998,7.6868750000000015,6.223125,26.425880000000006
2026-08-18T22:08:10.782Z,MCT2408053,15.263333,74.110833,40.61538461538461,220.78133846153847,781,93.06005846153849,15.48,26.85692307692307,4.590000000000002,13.834615384615384,8.156153846153845,6.345384615384614,26.417266923076923
2026-08-18T21:20:00.000Z,MCT2408052,15.444425,74.063856,16.8125,160,554.5625,90.65823062499997,3.7504824375000005,8,5.310624999999999,15.366875000000006,7.484375000000002,2,27.383764375
2026-08-18T21:30:00.000Z,MCT2408052,15.444425,74.063856,16.75,160,528.6875,90.72737062499998,3.64149125,8,5.267499999999999,15.3025,7.46375,2,27.369018750000002
2026-08-18T21:40:00.000Z,MCT2408052,15.444425,74.063856,17,160,571.6875,90.81320187500002,3.7521490000000006,8,5.39375,15.755000000000003,7.785000000000001,2,27.35360125
2026-08-18T21:50:00.000Z,MCT2408052,15.444425,74.063856,17.0625,160,559,90.93813499999999,3.7394738125,8,5.5631249999999985,16.29375,8.130625,2,27.373040625000005
2026-08-18T22:00:00.000Z,MCT2408052,15.444425,74.063856,16.875,160,562,90.96864999999998,3.781447375,8.0083069375,5.288124999999999,15.345625000000005,7.484375000000002,2,27.377731875000006
2026-08-18T22:08:10.790Z,MCT2408052,15.444425,74.063856,16.5,160,596,90.95107785714285,3.9496741428571434,8.472422857142858,5.185714285714285,15.17357142857143,7.419285714285715,2,27.392192142857148
2026-08-18T21:20:00.000Z,MCT2408021,15.500556,74.053333,49.1875,375,516.3125,89.86524875000002,21.038125,14.39432875,2.86,7.4725,3.900000000000001,4.303750000000001,26.906498125
2026-08-18T21:30:00.000Z,MCT2408021,15.500556,74.053333,49.5,375,507.3125,90.03071249999998,21.129999999999995,14.49628125,2.86,7.444999999999999,3.8700000000000006,4.3168750000000005,26.870300625
2026-08-18T21:40:00.000Z,MCT2408021,15.500556,74.053333,49.5,375,508.875,90.07458187499998,21.228125000000006,14.687901875000001,2.86,7.4725,3.900000000000001,4.3375,26.887729999999998
2026-08-18T21:50:00.000Z,MCT2408021,15.500556,74.053333,49.1875,375,497.375,90.1384775,20.977500000000003,14.565680625,2.86,7.39,3.810000000000001,4.351249999999999,26.88907
2026-08-18T22:00:00.000Z,MCT2408021,15.500556,74.053333,49.3125,375,493.75,90.067429375,21.101875000000003,14.46943375,2.86,7.39,3.810000000000001,4.346875000000001,26.852203749999997
2026-08-18T22:08:10.791Z,MCT2408021,15.500556,74.053333,49.38461538461539,375,496.7692307692308,90.36453461538461,21.076153846153844,14.362277692307693,2.86,7.39,3.8100000000000005,4.266153846153846,26.76542076923076
2026-08-18T21:20:00.000Z,MCT2408043,15.221111,74.087222,33,200.86999999999995,589.8461538461538,87.43836923076923,14.225384615384614,10.671538461538463,6.329999999999999,19.50846153846154,10.446923076923078,5.29,26.908146923076927
2026-08-18T21:30:00.000Z,MCT2408043,15.221111,74.087222,33,202.195625,599,87.34230374999999,14.187499999999998,10.607500000000002,6.329999999999999,20.358125,11.290000000000001,5.290000000000001,26.907168125000002
2026-08-18T21:40:00.000Z,MCT2408043,15.221111,74.087222,33,202.57399999999998,590.9333333333333,87.44482266666667,14.19933333333333,10.598,6.329999999999999,20.342,11.274000000000001,5.290000000000001,26.855732000000003
2026-08-18T21:50:00.000Z,MCT2408043,15.221111,74.087222,33,201.31375,599.3125,87.5506825,14.209999999999997,10.578750000000001,6.329999999999999,20.277499999999996,11.21,5.290000000000001,26.867620625
2026-08-18T22:00:00.000Z,MCT2408043,15.221111,74.087222,33,185.555625,598.1875,87.70422312500003,14.204999999999998,10.605000000000002,6.488749999999999,22.368750000000002,12.970000000000002,5.290000000000001,26.956100625
2026-08-18T22:08:10.792Z,MCT2408043,15.221111,74.087222,33,199.56461538461537,590.6923076923077,87.77347461538463,14.27076923076923,10.493846153846155,6.329999999999999,20.79692307692308,11.726923076923079,5.29,27.07149846153846
2026-08-18T21:20:00.000Z,MCT2408050,15.553611,73.958333,27.6875,86.02999999999999,565.125,92.77538812499998,11.403125000000001,4.045625,4.240000000000001,12.987499999999997,6.906249999999998,2.889375,26.877675625000002
2026-08-18T21:30:00.000Z,MCT2408050,15.553611,73.958333,27.75,86.02999999999999,551.625,92.81830187499999,11.456875,4.25625,4.240000000000001,12.933749999999998,6.853124999999998,2.939375,26.874322499999998
2026-08-18T21:40:00.000Z,MCT2408050,15.553611,73.958333,27.6875,86.02999999999999,526.25,92.56224249999997,11.505625000000002,4.163125,4.240000000000001,12.879999999999997,6.799999999999998,2.7606249999999997,26.908507499999995
2026-08-18T21:50:00.000Z,MCT2408050,15.553611,73.958333,27.5625,86.02999999999999,557.3125,92.562240625,11.360000000000001,4.081875,4.240000000000001,12.933749999999998,6.853124999999999,2.764375,26.929958125000002
2026-08-18T22:00:00.000Z,MCT2408050,15.553611,73.958333,27.8125,86.02999999999999,519.875,92.47450374999998,11.536875000000002,4.216875,4.240000000000001,12.879999999999997,6.799999999999998,2.88625,26.93599062499999
2026-08-18T22:08:10.843Z,MCT2408050,15.553611,73.958333,27.846153846153847,86.02999999999999,553.4615384615385,92.42447153846155,11.584615384615386,4.106923076923077,4.240000000000001,12.879999999999997,6.799999999999998,2.881538461538461,26.917221538461533
2026-08-18T21:20:00.000Z,MCT2408030,15.142519,74.075003,26,169.18364375000002,433.5625,83.83468937499997,8.634375,6.200000000000002,9.370000000000001,24.639999999999993,12.31,4.344375000000001,27.725623750000004
2026-08-18T21:30:00.000Z,MCT2408030,15.142519,74.075003,26,170.00934999999998,432.875,83.73503125000002,8.585625,6.200000000000002,9.370000000000001,24.639999999999993,12.31,4.455,27.709536249999996
2026-08-18T21:40:00.000Z,MCT2408030,15.142519,74.075003,26,170.24583125000004,429.6875,83.542866875,8.6825,6.200000000000002,9.370000000000001,24.639999999999993,12.31,4.450000000000001,27.729646874999993
2026-08-18T21:50:00.000Z,MCT2408030,15.142519,74.075003,26,168.89616250000003,431.5625,83.461803125,8.815000000000001,6.200000000000002,9.370000000000001,24.639999999999993,12.31,4.306875,27.761820625000002
2026-08-18T22:00:00.000Z,MCT2408030,15.142519,74.075003,26,168.14530625,427.125,83.40601249999999,8.665625,6.200000000000002,9.370000000000001,24.639999999999993,12.31,4.258125000000001,27.785958125
2026-08-18T22:08:11.042Z,MCT2408030,15.142519,74.075003,26,169.42574615384618,426.7692307692308,83.39831000000001,8.674615384615386,6.200000000000002,9.370000000000001,24.639999999999993,12.31,4.437692307692307,27.77027846153846
2026-08-18T21:20:00.000Z,MCT2408034,15.356389,74.123611,24,181.9274166666667,476.5,78.19068708333334,7.400833333333331,5.510833333333333,6.379999999999998,17.819999999999997,8.44,1.39875,30.536045833333322
2026-08-18T21:30:00.000Z,MCT2408034,15.356389,74.123611,24.36,189.63656,478.68,78.22546320000001,7.3935999999999975,5.1827999999999985,6.379999999999998,18.307199999999995,8.927199999999997,1.4883999999999997,30.528574399999997
2026-08-18T21:40:00.000Z,MCT2408034,15.356389,74.123611,24.6,180,483.2,78.22454880000001,7.5207999999999995,5.603599999999999,6.4163999999999985,18.682799999999997,9.2652,1.3647999999999996,30.5058368
2026-08-18T21:50:00.000Z,MCT2408034,15.356389,74.123611,24,198.23466800000003,488.16,78.08599999999998,7.622399999999999,5.784799999999999,6.379999999999998,17.819999999999997,8.44,1.5512000000000004,30.508840400000004
2026-08-18T22:00:00.000Z,MCT2408034,15.356389,74.123611,24,208.959904,485.68,77.95202519999998,7.760799999999998,4.8776,6.379999999999998,17.819999999999997,8.44,1.6092000000000002,30.493395999999997
2026-08-18T22:08:11.034Z,MCT2408034,15.356389,74.123611,24.6,204.16763999999998,480.75,78.16099549999998,7.995,5.650500000000001,6.470999999999998,18.757499999999997,9.236999999999998,1.6599999999999997,30.401805500000002
2026-08-18T21:20:00.000Z,MCT2408023,15.499722,74.020833,34.1875,185.04562500000003,462.625,91.822665,6.2700000000000005,20.02875,8.238125,29.28625,20.118750000000006,4.9156249999999995,26.23886125
2026-08-18T21:30:00.000Z,MCT2408023,15.499722,74.020833,35,202.55333333333337,471.3333333333333,91.75492200000001,6.902666666666667,18.45333333333333,8.787333333333333,30.64866666666667,20.976666666666667,4.935999999999999,26.20793666666667
2026-08-18T21:40:00.000Z,MCT2408023,15.499722,74.020833,63.875,156.29312500000003,466.75,91.81503562500002,6.630000000000001,19.2975,26.298750000000002,86.35687500000002,55.735625000000006,4.881874999999999,26.152388124999998
2026-08-18T21:50:00.000Z,MCT2408023,15.499722,74.020833,74.3125,173.85187499999998,462.5625,91.813605,6.454999999999999,19.72125,33.033125000000005,106.77937499999999,68.159375,5.023750000000001,26.222104374999994
2026-08-18T22:00:00.000Z,MCT2408023,15.499722,74.020833,73.3125,160.07937500000003,459.25,91.68342937499997,6.840000000000001,19.17,32.4775,104.32499999999997,66.34625,5.075,26.199313750000005
2026-08-18T22:08:11.045Z,MCT2408023,15.499722,74.020833,70,150.51,466.7692307692308,91.6897046153846,7.216153846153848,19.207692307692305,29.052307692307693,95.86076923076924,61.906923076923086,5.196153846153847,26.225867692307695
2026-08-18T21:20:00.000Z,MCT2408029,15.333611,74.206944,12.125,206.25135,474.75,93.09295937499998,2.352500000000001,7.28375,2.9399999999999995,8.706249999999999,4.74625,3.55125,26.88773
2026-08-18T21:30:00.000Z,MCT2408029,15.333611,74.206944,12,204.37512499999997,478.0625,93.41959374999999,2.07125,7.38625,2.9399999999999995,8.67,4.709999999999999,3.5,26.82136875
2026-08-18T21:40:00.000Z,MCT2408029,15.333611,74.206944,12,205.35463124999998,478.9375,93.268913125,2.625,7.195,2.9399999999999995,8.67,4.709999999999999,3.5,26.854213124999998
2026-08-18T21:50:00.000Z,MCT2408029,15.333611,74.206944,12,205.22404666666668,471.06666666666666,93.20705066666666,3.2953333333333332,7.4366666666666665,2.9399999999999995,8.67,4.709999999999999,3.5,26.859308666666664
2026-08-18T22:00:00.000Z,MCT2408029,15.333611,74.206944,12,207.70679374999995,482.8125,93.16543937499998,2.953124999999999,7.406875,2.9399999999999995,8.67,4.709999999999999,3.5,26.85823625
2026-08-18T22:08:11.048Z,MCT2408029,15.333611,74.206944,12,217.67640769230772,478.84615384615387,93.18623846153845,2.6915384615384617,7.173846153846155,2.94,8.67,4.71,3.5,26.84627384615385
2026-08-18T21:20:00.000Z,MCT2408027,15.275556,74.1075,19.875,1163.9725000000003,640.8125,92.01244874999999,6.579999999999999,12.563125000000003,5.115625000000001,17.24875,10.00375,2.9500000000000006,26.773775625000006
2026-08-18T21:30:00.000Z,MCT2408027,15.275556,74.1075,19.6875,1165.3975000000003,638.9375,91.888470625,6.579999999999999,12.631875000000004,4.991875000000001,16.634375000000002,9.63375,2.9500000000000006,26.825389374999997
2026-08-18T21:40:00.000Z,MCT2408027,15.275556,74.1075,19.6875,1160.6162500000003,642.5,91.75972437500002,6.579999999999999,12.565625000000002,5.115625000000001,16.328124999999996,9.079374999999999,2.9500000000000006,26.868289374999996
2026-08-18T21:50:00.000Z,MCT2408027,15.275556,74.1075,19.0625,1164.8575,673.625,91.62430250000001,6.579999999999999,12.621875000000001,4.9300000000000015,15.403124999999998,8.52375,2.9500000000000006,26.901134999999996
2026-08-18T22:00:00.000Z,MCT2408027,15.275556,74.1075,19.875,1163.19625,659.375,91.53942562500002,6.579999999999999,12.678125000000005,5.239375000000001,17.00375,9.51,2.9500000000000006,26.880355625000004
2026-08-18T22:08:11.093Z,MCT2408027,15.275556,74.1075,19.076923076923077,1161.2753846153848,668,91.50894230769231,6.579999999999999,12.713076923076928,4.930000000000001,15.544615384615382,8.664615384615384,2.95,26.87762153846154
2026-08-18T21:20:00.000Z,MCT2408040,15.528056,74.020833,19,100,474.9375,88.87056625,8.0975,4.833125,3.07,8.42,3.7299999999999986,3.5,27.332150625
2026-08-18T21:30:00.000Z,MCT2408040,15.528056,74.020833,19,100,457.375,88.95496625000001,8.12625,4.848125,3.07,8.42,3.7299999999999986,3.5,27.275844374999995
2026-08-18T21:40:00.000Z,MCT2408040,15.528056,74.020833,19,100,447.125,88.884395625,8.19375,4.789375,3.07,8.42,3.7299999999999986,3.5,27.28992125
2026-08-18T21:50:00.000Z,MCT2408040,15.528056,74.020833,18.9375,100,445.625,88.7818775,8.103125,4.770625000000001,3.07,8.42,3.7299999999999986,3.5,27.238305
2026-08-18T22:00:00.000Z,MCT2408040,15.528056,74.020833,19.0625,100,444.3125,88.81334999999999,8.266250000000001,4.770625,3.07,8.42,3.7299999999999986,3.5,27.173281875
2026-08-18T22:08:11.293Z,MCT2408040,15.528056,74.020833,19,100,447.38461538461536,88.84745769230767,8.286153846153848,4.854615384615386,3.07,8.42,3.729999999999999,3.5,27.12429769230769
2026-08-18T21:20:00.000Z,MCT2408044,15.313669,74.140042,25.5,214.29,457.0625,93.75862500000002,10.671249999999997,3.42875,2.8699999999999997,7.5,4.32,4.1935095625,26.104794375
2026-08-18T21:30:00.000Z,MCT2408044,15.313669,74.140042,25.466666666666665,214.29,452.93333333333334,93.50714133333332,10.657333333333334,3.32,2.8699999999999997,7.5,4.320000000000001,4.154444333333334,26.149304000000004
2026-08-18T21:40:00.000Z,MCT2408044,15.313669,74.140042,25.466666666666665,214.29,457.1333333333333,93.450682,10.699999999999998,3.335333333333333,2.8699999999999997,7.5,4.320000000000001,4.2744442000000005,26.177190666666668
2026-08-18T21:50:00.000Z,MCT2408044,15.313669,74.140042,25.214285714285715,214.29,459.2142857142857,93.37068357142859,10.631428571428572,3.32,2.87,7.5,4.32,4.250091357142857,26.200175714285717
2026-08-18T22:00:00.000Z,MCT2408044,15.313669,74.140042,25.4,214.29,454.4,93.50968400000002,10.675999999999998,3.32,2.9853333333333327,7.8,4.500666666666667,4.1504272,26.144299333333336
2026-08-18T22:08:11.296Z,MCT2408044,15.313669,74.140042,25.75,214.29,455.75,93.52417916666667,10.805,3.32,2.8700000000000006,7.5,4.32,4.191452916666666,26.160208333333333
2026-08-18T21:20:00.000Z,MCT2408046,15.529167,74.07,30.92,95.52,877.92,91.1954336,13.375199999999998,1.0236,5.110400000000001,15.550800000000002,7.8508000000000004,3.6719999999999997,27.154031600000003
2026-08-18T21:30:00.000Z,MCT2408046,15.529167,74.07,30.8,95.52,881.84,90.8103028,13.100000000000001,0.8863999999999997,5.060000000000001,13.330000000000002,5.7620000000000005,3.7607999999999993,27.1892116
2026-08-18T21:40:00.000Z,MCT2408046,15.529167,74.07,30.84,95.52,879.32,90.6998284,13.1264,1.01,5.060000000000001,13.330000000000002,5.785999999999999,3.8632000000000004,27.223101999999997
2026-08-18T21:50:00.000Z,MCT2408046,15.529167,74.07,30.72,95.52,878.88,89.71044920000003,13.132800000000001,0.8315999999999998,5.060000000000001,13.552,6.0028,3.8844,27.3140508
2026-08-18T22:00:00.000Z,MCT2408046,15.529167,74.07,30.92,95.52,872.72,90.94580079999997,13.2312,0.7048000000000001,5.060000000000001,13.330000000000002,5.75,3.705199999999999,26.935669199999992
2026-08-18T22:08:11.300Z,MCT2408046,15.529167,74.07,30.666666666666668,95.52,868.4761904761905,90.72146761904764,13.102857142857143,0.8166666666666668,5.0600000000000005,13.330000000000005,5.75,3.9761904761904763,27.0505180952381
2026-08-18T21:20:00.000Z,MCT2408049,15.475278,74.055833,56.625,150,535.4375,88.229696875,24.1575,10.985000000000001,7.092500000000001,21.305625,11.22125,2.61,27.539949375
2026-08-18T21:30:00.000Z,MCT2408049,15.475278,74.055833,56.8125,150,531.3125,88.30360687500001,24.192499999999995,11.546874999999998,8.145000000000003,24.608125,12.949375,2.61,27.538607499999998
2026-08-18T21:40:00.000Z,MCT2408049,15.475278,74.055833,56.8125,150.45226250000002,537.375,88.540119375,24.27375,12.038125,8.96,27.961875,15.104375000000001,2.61,27.471575624999996
2026-08-18T21:50:00.000Z,MCT2408049,15.475278,74.055833,56.625,150,503.3125,88.74277249999999,24.14375,13.721875,7.714375000000002,24.276250000000005,13.235625,2.61,27.435379374999997
2026-08-18T22:00:00.000Z,MCT2408049,15.475278,74.055833,56.6875,150,496.125,88.51532312500001,24.139375,13.194375,5.318124999999999,16.47,8.77625,2.61,27.531904375
2026-08-18T22:08:11.294Z,MCT2408049,15.475278,74.055833,56.76923076923077,150,491.53846153846155,88.43136384615384,24.207692307692305,14.180769230769231,4.718461538461538,15.557692307692308,8.735384615384614,2.61,27.443576153846152
2026-08-18T21:20:00.000Z,MCT2408037,15.394444,74.118333,26.625,160,491.625,86.42439500000002,10.516875,14.472499999999997,5.809375,21.106875000000002,10.964374999999999,3.7449999999999997,26.99833
2026-08-18T21:30:00.000Z,MCT2408037,15.394444,74.118333,46.375,160,489.875,86.51451562500002,10.433125000000002,14.024375000000001,20.161875000000006,70.98875,35.78875000000001,3.63625,27.005033750000003
2026-08-18T21:40:00.000Z,MCT2408037,15.394444,74.118333,28,160,484.5,86.51737750000001,10.516250000000001,13.641875,9.10625,33.118750000000006,17.239375000000003,3.602499999999999,27.045921874999998
2026-08-18T21:50:00.000Z,MCT2408037,15.394444,74.118333,28.5,160,489,86.46587625000002,10.244375000000002,13.917500000000002,9.476874999999998,34.650625,18.036875000000002,3.553125,27.053296874999994
2026-08-18T22:00:00.000Z,MCT2408037,15.394444,74.118333,25.9375,160,489.25,86.51832875,10.310000000000002,14.466874999999998,6.319374999999999,22.896250000000002,11.850625,3.6693749999999996,27.037208750000005
2026-08-18T22:08:11.346Z,MCT2408037,15.394444,74.118333,25.384615384615383,160,485.0769230769231,86.4958453846154,10.646923076923077,14.377692307692305,4.1753846153846155,15.472307692307691,8.07076923076923,3.719230769230769,27.052523076923077
2026-08-18T21:20:00.000Z,MCT2408042,15.213889,74.071667,61.125,288.005625,463.1875,89.15905437500001,26.099999999999998,14.419999999999998,4.549999999999999,15.046875000000002,8.655000000000001,3.629375,27.892537500000003
2026-08-18T21:30:00.000Z,MCT2408042,15.213889,74.071667,61.25,280.22,470.4375,88.91729750000002,26.18,13.801250000000001,4.549999999999999,14.078750000000003,7.688125000000001,3.6249999999999996,27.939459375000002
2026-08-18T21:40:00.000Z,MCT2408042,15.213889,74.071667,61.5625,272.934375,488.8125,89.07751312500002,26.380000000000006,13.421250000000002,4.549999999999999,13.224375000000002,6.835000000000001,3.530625,27.794670000000004
2026-08-18T21:50:00.000Z,MCT2408042,15.213889,74.071667,61.375,272.53062500000004,490,89.25203687500002,26.220000000000006,13.304374999999997,4.549999999999999,14.192499999999999,7.801875,3.815625,27.773888125000003
2026-08-18T22:00:00.000Z,MCT2408042,15.213889,74.071667,61.3125,285.6075,462.1875,88.83242062499998,26.223125000000007,14.234374999999998,4.549999999999999,14.420000000000002,8.029375000000002,3.8381250000000002,27.952865
2026-08-18T22:08:11.550Z,MCT2408042,15.213889,74.071667,61.15384615384615,294.5430769230769,445.15384615384613,87.88732923076924,26.11846153846154,14.910769230769231,4.549999999999999,14.450000000000001,8.06,3.786153846153846,28.20340846153846
2026-08-18T21:20:00.000Z,MCT2408024,15.148056,74.131667,40.458333333333336,217.92210416666668,601.3333333333334,81.49929791666665,17.438021250000002,5.504750333333334,5,16.573333333333338,9.573333333333336,2.4708333333333337,28.547435833333324
2026-08-18T21:30:00.000Z,MCT2408024,15.148056,74.131667,40.36,219.11371599999998,585.28,81.29308920000003,17.378798800000006,5.526695999999999,5,15.670000000000005,8.670000000000002,2.4779999999999998,28.59076720000002
2026-08-18T21:40:00.000Z,MCT2408024,15.148056,74.131667,40.44,219.53109200000006,545.76,81.27142199999999,17.482596800000007,5.35815328,5,15.230000000000004,8.230000000000002,2.5008,28.559448799999988
2026-08-18T21:50:00.000Z,MCT2408024,15.148056,74.131667,40.76,219.038204,519.36,81.5463868,17.728645600000004,5.4213568,5,15.270000000000005,8.270000000000003,2.4911999999999996,28.489521199999984
2026-08-18T22:00:00.000Z,MCT2408024,15.148056,74.131667,40.583333333333336,218.1008958333333,575.5833333333334,81.49357583333331,17.61920583333334,5.263348000000001,5,15.698333333333338,8.698333333333336,2.5033333333333334,28.54341374999999
2026-08-18T22:08:11.553Z,MCT2408024,15.148056,74.131667,40.57142857142857,219.48652857142855,605.047619047619,81.29153523809525,17.52360904761905,5.351130666666667,5,15.27571428571429,8.275714285714287,2.4890476190476196,28.604126666666666
2026-08-18T21:20:00.000Z,MCT2408033,15.346944,74.007778,19.4375,116.6347625,480.3125,91.47171375,7.708125,4.249375000000001,3.3725000000000005,9.648750000000001,6.322500000000001,4.39,27.107590624999997
2026-08-18T21:30:00.000Z,MCT2408033,15.346944,74.007778,20.5,117.18214374999998,482,91.33581625,8.570625000000001,4.688124999999999,3.0300000000000007,8.143125000000001,5.2193749999999985,4.39,27.099545625
2026-08-18T21:40:00.000Z,MCT2408033,15.346944,74.007778,20,116.55986875,483.8125,91.32150999999999,8.214375000000002,4.453749999999999,3.4875000000000003,9.873125000000002,6.322500000000001,4.39,27.082788125
2026-08-18T21:50:00.000Z,MCT2408033,15.346944,74.007778,19.625,115.47228125,469.75,91.414971875,7.785,4.244375,3.7518750000000005,10.641249999999998,6.83875,4.39,27.125018125
2026-08-18T22:00:00.000Z,MCT2408033,15.346944,74.007778,19.75,115.40846875,468.5625,91.31292749999999,7.965000000000001,4.2375,3.5243750000000005,10.000625000000001,6.47,4.39,27.202777500000003
2026-08-18T22:08:11.553Z,MCT2408033,15.346944,74.007778,20.214285714285715,115.02978571428571,486.64285714285717,91.15434357142854,8.40214285714286,4.6692857142857145,3.160714285714286,8.90357142857143,5.837857142857144,4.39,27.23131571428572
2026-08-18T21:20:00.000Z,MCT2408041,15.224628,74.171389,32.75,434.4775125,499.625,91.323418125,13.760625,9.7,8.090000000000002,20.25,8.900000000000002,7.860625000000001,26.427220000000002
2026-08-18T21:30:00.000Z,MCT2408041,15.224628,74.171389,32.8125,440.7180499999999,497.8125,91.38969874999998,13.806875000000002,9.7,8.090000000000002,20.25,8.900000000000002,8.03375,26.416494375
2026-08-18T21:40:00.000Z,MCT2408041,15.224628,74.171389,33,441.99262500000003,492,91.47171374999999,13.913749999999999,9.7,8.090000000000002,20.25,8.900000000000002,7.946875,26.411131250000007
2026-08-18T21:50:00.000Z,MCT2408041,15.224628,74.171389,32.8125,443.26718125,494.6875,91.55325312500001,13.8375,9.7,8.090000000000002,20.25,8.900000000000002,8.05125,26.4138125
2026-08-18T22:00:00.000Z,MCT2408041,15.224628,74.171389,32.8125,442.45084375,493.1875,91.59854999999997,13.765625,9.7,8.090000000000002,20.25,8.900000000000002,7.92375,26.460064375
2026-08-18T22:08:11.550Z,MCT2408041,15.224628,74.171389,32.76923076923077,447.2899384615385,494.38461538461536,91.49603,13.753076923076922,9.700000000000001,8.090000000000002,20.25,8.900000000000002,8.004615384615384,26.532766153846147
2026-08-18T21:20:00.000Z,MCT2408045,15.619444,73.878889,27.75,190.72312499999998,546.375,87.275546875,11.559375,16.26,3.020000000000001,9.7,4.519999999999998,2.5300000000000002,26.676577500000004
2026-08-18T21:30:00.000Z,MCT2408045,15.619444,73.878889,27.9375,189.25312499999998,553.1875,87.536375625,11.58625,16.766875000000002,3.020000000000001,9.7,4.519999999999998,2.5300000000000002,26.592787499999996
2026-08-18T21:40:00.000Z,MCT2408045,15.619444,73.878889,27.8125,186.14187500000003,559.8125,87.43862312500002,11.61875,16.855625,3.020000000000001,9.7,4.519999999999998,2.5300000000000002,26.631664375000003
2026-08-18T21:50:00.000Z,MCT2408045,15.619444,73.878889,27.75,188.48937499999997,556.3125,87.30940250000002,11.485,16.79625,3.020000000000001,9.7,4.519999999999998,2.5300000000000002,26.703392500000007
2026-08-18T22:00:00.000Z,MCT2408045,15.619444,73.878889,27.8125,185.16374999999996,559.8125,87.22166250000002,11.618749999999999,17.055625000000003,3.020000000000001,9.7,4.519999999999998,2.5300000000000002,26.717470000000006
2026-08-18T22:08:11.593Z,MCT2408045,15.619444,73.878889,27.846153846153847,186.24769230769232,557.4615384615385,87.15021153846153,11.656923076923077,16.95,3.0200000000000005,9.700000000000001,4.519999999999998,2.5300000000000002,26.725821538461545
2026-08-18T21:20:00.000Z,MCT2408022,15.475833,74.038889,31,150,442.6875,91.16749187499997,4,11.40901,10.25,32.5,17.875,4.217745375,26.846169999999997
2026-08-18T21:30:00.000Z,MCT2408022,15.475833,74.038889,33.9375,150,440.8125,91.0535275,3.9075,11.465611875,11.875,38.375,21.375,4.255872125,26.921913749999995
2026-08-18T21:40:00.000Z,MCT2408022,15.475833,74.038889,32.375,150,445.75,90.82083125,4.062499999999999,11.25652625,11,35.3125,19.625,4.280346875,26.97554062500001
2026-08-18T21:50:00.000Z,MCT2408022,15.475833,74.038889,38.9375,150,443.125,90.60721000000002,3.84125,11.334776875,15.125,48.25,26.5625,4.2661874375,26.988275624999996
2026-08-18T22:00:00.000Z,MCT2408022,15.475833,74.038889,39.9375,150,447.125,90.64154187499999,3.8743749999999997,11.397526875,15.6875,50.375,27.875,4.2915286875,26.966156875000006
2026-08-18T22:08:11.807Z,MCT2408022,15.475833,74.038889,50.84615384615385,150,442.46153846153845,90.77534769230768,3.8123076923076926,11.411339230769231,22.923076923076923,72,39,4.3156117692307685,26.866896923076922
2026-08-18T21:20:00.000Z,MCT2408036,15.171567,74.067106,36.1875,120,456.75,90.36640562500003,10.7125,8.112499999999999,5.394375000000001,15.893749999999999,8.5175,11.057500000000001,27.411917500000005
2026-08-18T21:30:00.000Z,MCT2408036,15.171567,74.067106,35.4,120,459.53333333333336,90.45182133333334,10.517333333333331,7.963333333333334,4.316000000000001,13.879999999999999,8.004666666666665,10.709333333333332,27.43345666666668
2026-08-18T21:40:00.000Z,MCT2408036,15.171567,74.067106,35.875,120,457.875,90.16947249999997,10.636875,7.732500000000001,4.440625000000001,13.331874999999997,7.283125,10.920625,27.572121874999993
2026-08-18T21:50:00.000Z,MCT2408036,15.171567,74.067106,35.785714285714285,120,450.85714285714283,89.99249714285713,10.927142857142858,7.667857142857143,5.110714285714286,14.909285714285714,7.923571428571429,10.93357142857143,27.651889285714287
2026-08-18T22:00:00.000Z,MCT2408036,15.171567,74.067106,35.857142857142854,120,452.64285714285717,89.74127142857144,10.721428571428572,7.958571428571427,4.849285714285714,15.017857142857142,8.322857142857142,10.89357142857143,27.724667142857147
2026-08-18T22:08:11.809Z,MCT2408036,15.171567,74.067106,36.23076923076923,120,460.15384615384613,89.73012384615384,10.928461538461537,7.935384615384615,6.315384615384615,18.315384615384616,9.586153846153847,11.16923076923077,27.675401538461536
2026-08-18T21:20:00.000Z,MCT2408031,15.290833,74.149167,17.9375,182.29261250000005,466.25,88.04230187500004,7.250448625,7.609392937499999,4.0200000000000005,10.923125,6.249999999999999,4.768124999999999,26.320639375000006
2026-08-18T21:30:00.000Z,MCT2408031,15.290833,74.149167,18,190.04228124999995,459.125,87.90258750000001,7.241474812500001,6.206981874999999,3.929375,10.623749999999998,6.1012499999999985,4.9625,26.34141875
2026-08-18T21:40:00.000Z,MCT2408031,15.290833,74.149167,17.9375,190.32059999999998,460.125,87.86062500000003,7.386903375000001,6.192702312500001,3.7500000000000004,10.21625,5.951249999999998,4.905625,26.289805
2026-08-18T21:50:00.000Z,MCT2408031,15.290833,74.149167,18.0625,191.71879374999997,470.3125,87.86062500000003,7.446420875,6.1927023125,3.6300000000000003,9.89125,5.771875,4.968125000000001,26.224114375
2026-08-18T22:00:00.000Z,MCT2408031,15.290833,74.149167,18.125,192.00945000000002,474.8125,87.87588500000003,7.45090775,6.028559125,3.480625,9.321875,5.266874999999999,5.0475,26.199313125000007
2026-08-18T22:08:11.810Z,MCT2408031,15.290833,74.149167,17.76923076923077,193.1695692307692,478.3076923076923,87.91021923076921,7.240774307692307,6.29228123076923,3.5169230769230775,9.599230769230768,5.566923076923076,5.176923076923078,26.18874153846154
2026-08-18T21:20:00.000Z,MCT2408032,15.525556,73.828611,36.32,226.1056,698.44,82.64349279999999,15.9024,17.325200000000006,7.120000000000002,17.581199999999995,7.5888000000000035,3.3144000000000005,28.802264000000005
2026-08-18T21:30:00.000Z,MCT2408032,15.525556,73.828611,35.88,230.4332,712.68,82.64196759999999,15.510800000000003,17.612800000000004,7.120000000000002,17.069999999999997,7.080000000000002,3.321999999999999,28.756360400000002
2026-08-18T21:40:00.000Z,MCT2408032,15.525556,73.828611,35.2,232.18679999999998,717,83.1516112,14.892800000000001,17.404800000000005,7.120000000000002,17.069999999999997,7.080000000000002,3.2247999999999997,28.562022799999994
2026-08-18T21:50:00.000Z,MCT2408032,15.525556,73.828611,35.28,229.3924,723.08,83.7476196,14.966400000000004,17.768,7.120000000000002,17.069999999999997,7.080000000000002,3.2892,28.4238856
2026-08-18T22:00:00.000Z,MCT2408032,15.525556,73.828611,36.2,228.88640000000004,721.72,83.8611456,15.693600000000005,17.536400000000004,7.120000000000002,17.069999999999997,7.080000000000002,3.2712,28.404580400000008
2026-08-18T22:08:11.822Z,MCT2408032,15.525556,73.828611,35.65,226.641,723.2,84.42244000000002,15.275500000000003,17.465,7.120000000000002,17.069999999999997,7.08,3.2030000000000003,28.2905665
2026-08-18T21:20:00.000Z,MCT2408035,15.236111,74.125,48,190,647.6875,90.83895187500002,19.675989374999997,9.726875,3.799999999999999,10.21375,4.933124999999999,3.8299999999999987,26.797906875000006
2026-08-18T21:30:00.000Z,MCT2408035,15.236111,74.125,48.125,190,646.25,91.39065125000002,19.792246874999996,9.373125000000002,3.799999999999999,10.19,4.909999999999998,3.8299999999999987,26.650433125000006
2026-08-18T21:40:00.000Z,MCT2408035,15.236111,74.125,46.625,190,655.9375,91.16749000000002,18.666874375,10.090000000000002,3.799999999999999,10.19,4.909999999999998,3.8299999999999987,26.7355675
2026-08-18T21:50:00.000Z,MCT2408035,15.236111,74.125,47.0625,190,654.375,91.07451062500002,19.045292499999995,9.868125000000001,3.799999999999999,10.19,4.909999999999998,3.8299999999999987,26.778467500000005
2026-08-18T22:00:00.000Z,MCT2408035,15.236111,74.125,48.25,190,658.75,91.06163437500001,19.957913750000003,10.126875,3.799999999999999,10.19,4.909999999999998,3.8299999999999987,26.795225000000002
2026-08-18T22:08:11.845Z,MCT2408035,15.236111,74.125,47.38461538461539,190,665.2307692307693,91.06467769230768,19.239353076923077,10.191538461538462,3.7999999999999994,10.19,4.909999999999998,3.8299999999999987,26.819046923076925
2026-08-18T21:20:00.000Z,MCT2408039,15.163611,74.110833,30,381.1574999999999,458.3125,86.63181562499999,8.656875000000001,10.3,9.019999999999998,28.94,11.7975,2.3,27.473586250000004
2026-08-18T21:30:00.000Z,MCT2408039,15.163611,74.110833,30,381.895,455.6875,86.66996312500001,9.015624999999998,10.3,9.019999999999998,29.197499999999998,12.028749999999999,2.3,27.42934625
2026-08-18T21:40:00.000Z,MCT2408039,15.163611,74.110833,30.125,382.97375000000005,446.75,86.85116062500002,9.408125,10.3,9.019999999999998,29.391875,12.26625,2.3,27.393819375
2026-08-18T21:50:00.000Z,MCT2408039,15.163611,74.110833,30,384.05937500000005,457.3125,86.84830187499999,8.864374999999997,10.3,9.019999999999998,28.94,11.759999999999998,2.3,27.434708124999993
2026-08-18T22:00:00.000Z,MCT2408039,15.163611,74.110833,30,379.1268749999999,456.0625,86.89550812499999,9.929374999999999,10.3,9.019999999999998,29.004375000000003,11.828749999999998,2.3,27.453478125000004
2026-08-18T22:08:12.055Z,MCT2408039,15.163611,74.110833,30,382.7192307692308,458,86.80747769230767,10.84076923076923,10.299999999999999,9.019999999999998,29.01923076923077,11.821538461538463,2.3000000000000003,27.483176923076922
2026-08-18T21:20:00.000Z,MCT2408038,15.188889,74.055556,23.4375,453.88312499999995,645.875,90.12608187500001,10.049375,13.330000000000005,5.950000000000002,16.900000000000002,7.939999999999999,4.82,27.566759375000004
2026-08-18T21:30:00.000Z,MCT2408038,15.188889,74.055556,23.25,451.36500000000007,653.5625,90.43507000000001,9.970625000000002,13.330000000000005,5.950000000000002,16.900000000000002,7.939999999999999,4.791874999999999,27.520508124999992
2026-08-18T21:40:00.000Z,MCT2408038,15.188889,74.055556,23.3125,451.685,655.1875,90.574308125,9.933125,13.330000000000005,5.950000000000002,16.900000000000002,7.939999999999999,4.838125,27.555365000000002
2026-08-18T21:50:00.000Z,MCT2408038,15.188889,74.055556,23.4375,427.775,662.375,90.63295625,9.875625000000001,13.330000000000005,5.965000000000002,17.2725,8.428125,4.840624999999999,27.629099374999992
2026-08-18T22:00:00.000Z,MCT2408038,15.188889,74.055556,26.625,402.621875,671.25,90.66252250000002,9.883125,13.330000000000005,8.383750000000001,25.346874999999994,13.330625000000001,4.79375,27.639825000000002
2026-08-18T22:08:12.059Z,MCT2408038,15.188889,74.055556,27.846153846153847,400.1392307692307,668.2307692307693,90.69729153846154,9.588461538461539,13.330000000000004,9.24230769230769,28.14,14.795384615384616,4.835384615384616,27.630853846153848
2026-08-18T21:20:00.000Z,MCT2408026,15.2467,74.198281,31,125,537.2916666666666,86.07217000000003,13.325257500000005,12.5,4.730000000000003,14.710833333333332,7.911250000000002,2.064166666666666,27.990179166666664
2026-08-18T21:30:00.000Z,MCT2408026,15.2467,74.198281,30.96,125,530.16,86.27447480000002,13.401937199999999,12.5,4.730000000000003,14.509999999999996,7.710000000000001,2.0212000000000003,28.0064632
2026-08-18T21:40:00.000Z,MCT2408026,15.2467,74.198281,30.916666666666668,129.04532916666668,529.3333333333334,86.61544583333335,13.396854583333335,12.5,4.730000000000003,14.509999999999996,7.710000000000001,1.9870833333333333,27.93744749999999
2026-08-18T21:50:00.000Z,MCT2408026,15.2467,74.198281,31.125,125,524.25,86.66726041666669,13.457283333333335,12.5,4.730000000000003,14.509999999999996,7.710000000000001,1.958333333333334,27.95264125
2026-08-18T22:00:00.000Z,MCT2408026,15.2467,74.198281,31.041666666666668,125,526.2916666666666,86.65136708333335,13.51454666666667,12.5,4.730000000000003,14.549999999999995,7.750416666666667,1.9533333333333334,27.979900833333335
2026-08-18T22:08:12.060Z,MCT2408026,15.2467,74.198281,30.95,125,529.7,86.68569700000003,13.334382,12.5,4.730000000000002,14.509999999999996,7.709999999999999,2.0395,28.010110500000003
