time,device_id,latitude,longitude,aqi,co,co2,hum,no2,o3,pm1,pm10,pm25,so2,temp
2026-09-13T18:30:00.000Z,MCT2408028,15.186944,74.096667,44.24,603.9512,555.44,89.57037279999997,19.6192,11.4176,10.550000000000002,34.166,19.08599999999999,2.9208,25.8459996
2026-09-13T18:40:00.000Z,MCT2408028,15.186944,74.096667,43.88,598.7048,557.52,89.56183119999997,19.281999999999996,11.5244,10.630000000000003,34.72199999999999,19.523999999999994,2.6675999999999997,25.819830800000005
2026-09-13T18:50:00.000Z,MCT2408028,15.186944,74.096667,43.88,596.4588,551.52,89.608216,19.27639999999999,11.5244,10.550000000000002,33.5292,18.409999999999997,2.8591999999999995,25.8339868
2026-09-13T19:00:00.000Z,MCT2408028,15.186944,74.096667,43.96,590.4216,549.44,89.48095559999996,19.355999999999995,11.456000000000001,9.990000000000004,32.7736,18.489599999999992,2.7488,25.8760272
2026-09-13T19:00:20.364Z,MCT2408028,15.186944,74.096667,43,593.08,556,89.37506,18.44,11.56,8.99,30.82,17.89,2.75,25.86616
2026-09-13T18:30:00.000Z,MCT2408020,15.543475,74.039433,41.25,180,805.9375,84.76691,9.0842178125,19.162755,13.624375,42.288124999999994,22.478125,3.6599999999999984,28.262549999999994
2026-09-13T18:40:00.000Z,MCT2408020,15.543475,74.039433,41,180,803.625,84.80314625,9.216474499999999,19.085670625000002,13.624375000000002,41.879375,22.072499999999998,3.6599999999999984,28.2256825
2026-09-13T18:50:00.000Z,MCT2408020,15.543475,74.039433,41.5625,180,810.75,84.807439375,9.171088375,19.162754375,13.796875,43.394375,23.231250000000003,3.6599999999999984,28.164014374999997
2026-09-13T19:00:00.000Z,MCT2408020,15.543475,74.039433,40.9375,180,815.5625,84.89279187499999,9.281757625000001,19.254395624999997,13.565000000000001,41.879375,22.014375,3.6599999999999984,28.050730625000003
2026-09-13T19:00:20.365Z,MCT2408020,15.543475,74.039433,41,180,817,85.02631,9.791927,19.3441,12.99,41.01,22.3,3.66,28.00046
2026-09-13T18:30:00.000Z,MCT2408056,15.579167,73.920833,57.0625,180,589.375,87.59550312500001,6.878125000000001,9.678256562500001,22.57875,66.08625,35.67125000000001,1.5599999999999998,27.637142499999996
2026-09-13T18:40:00.000Z,MCT2408056,15.579167,73.920833,53.75,180,599.25,87.74141687500001,6.86875,9.567194125,20.351875,59.768750000000004,32.335,1.5599999999999998,27.4843125
2026-09-13T18:50:00.000Z,MCT2408056,15.579167,73.920833,55.8125,180,615.6875,88.059943125,6.83125,9.7281385,21.815624999999997,63.920625,34.676875,1.605,27.40722625000001
2026-09-13T19:00:00.000Z,MCT2408056,15.579167,73.920833,54.8125,180,628.4375,88.11954874999999,6.863125,10.51452325,20.586249999999996,61.418125,33.73875,1.5599999999999998,27.311370625
2026-09-13T18:30:00.000Z,MCT2408057,15.272222,74.104722,29.92,316.724,510.56,84.80535879999998,12.379199999999999,8.9096,9.560799999999997,28.089199999999995,14.722400000000002,1.5172000000000005,28.4479096
2026-09-13T18:40:00.000Z,MCT2408057,15.272222,74.104722,30.6,317.58349999999984,510.25,84.55976849999999,12.321500000000002,8.891000000000002,12.454999999999997,35.565,18.207500000000003,1.7225000000000001,28.5249145
2026-09-13T18:50:00.000Z,MCT2408057,15.272222,74.104722,30.28,318.0639999999999,507.56,85.28692600000004,12.495199999999997,8.931599999999998,11.441999999999997,32.929199999999994,17.002,1.6655999999999997,28.250994800000004
2026-09-13T19:00:00.000Z,MCT2408057,15.272222,74.104722,29.96,315.9083999999999,517.12,86.18170199999999,12.423199999999998,8.9232,9.107999999999997,26.393199999999997,13.525999999999994,1.8904000000000003,28.002172800000004
2026-09-13T19:00:20.366Z,MCT2408057,15.272222,74.104722,30,318.53,522,86.72766,12.28,8.98,10.13,28.84,14.94,1.76,27.86103
2026-09-13T18:30:00.000Z,MCT2408055,15.585833,73.885556,53.875,45.830000000000005,750.9375,87.31035562500001,9.2975,6.090000000000001,15.904999999999994,45.230000000000004,24.54,19.519375,27.66998749999999
2026-09-13T18:40:00.000Z,MCT2408055,15.585833,73.885556,55.25,46.146249999999995,748.8125,87.44577499999998,9.318124999999998,6.285000000000001,15.643749999999997,44.7775,24.41250000000001,19.683125000000004,27.608990624999997
2026-09-13T18:50:00.000Z,MCT2408055,15.585833,73.885556,55.3125,62.393125,750.0625,87.35899312499998,9.333124999999999,6.229999999999999,14.249374999999999,40.706875000000004,22.196875,19.85875,27.514475625000003
2026-09-13T19:00:00.000Z,MCT2408055,15.585833,73.885556,55.625,61.41812500000001,730.1875,87.2827025,9.4475,6.315,14.468124999999999,41.20062500000001,22.366250000000004,19.984375,27.399181875000004
2026-09-13T19:00:20.366Z,MCT2408055,15.585833,73.885556,56,64.6,735,87.34564,9.7,7.11,15.38,44.08,23.86,20.08,27.34623
2026-09-13T18:30:00.000Z,MCT2408053,15.263333,74.110833,39.9375,167.1713125,662.875,89.54481500000001,15.239999999999998,29.873749999999994,10.3875,34.454375000000006,21.784375,10.026874999999999,27.0801075
2026-09-13T18:40:00.000Z,MCT2408053,15.263333,74.110833,40.07142857142857,135.34024285714284,697.7142857142857,89.32928428571428,14.418571428571425,29.24571428571428,12.137142857142859,40.27928571428571,25.21857142857143,9.645,27.104143571428576
2026-09-13T18:50:00.000Z,MCT2408053,15.263333,74.110833,38.875,158.56066874999996,672.75,89.72267624999999,14.481250000000001,28.698124999999994,10.674999999999999,35.183749999999996,22.066250000000004,9.731875,27.03050375
2026-09-13T19:00:00.000Z,MCT2408053,15.263333,74.110833,43.9375,171.81799999999998,687.3125,89.894813125,15.396875000000001,29.151874999999993,14.118125000000001,46.97375,29.751249999999995,10.156875,26.95543
2026-09-13T18:30:00.000Z,MCT2408051,15.486528,74.033889,52.375,359.79999999999995,746.0625,96.96154062499997,22.322499999999998,5.1899999999999995,9.7175,31.230624999999993,17.189375000000005,4.39,26.540501875
2026-09-13T18:40:00.000Z,MCT2408051,15.486528,74.033889,52.285714285714285,355.0014285714286,737.3571428571429,96.92489,22.270714285714284,5.1899999999999995,10.082857142857142,32.450714285714284,18.00285714285715,4.39,26.499708571428574
2026-09-13T18:50:00.000Z,MCT2408051,15.486528,74.033889,51.9375,353.54125,759.6875,97.11555812499998,22.064375000000002,5.1899999999999995,10.414999999999997,32.97875,18.203125000000007,4.39,26.435933125000005
2026-09-13T19:00:00.000Z,MCT2408051,15.486528,74.033889,52.2,351.2973333333333,761.6,97.27301066666664,22.218,5.1899999999999995,10.569999999999999,33.56133333333334,18.420666666666673,4.39,26.354512666666672
2026-09-13T19:00:20.593Z,MCT2408051,15.486528,74.033889,52,350.77,774,97.30963,22.07,5.19,11.19,34.8,18.67,4.39,26.31662
2026-09-13T18:30:00.000Z,MCT2408052,15.444425,74.063856,51.1875,160,795.5,85.65334687500001,3.611447375,8,16.89,49.395,24.421875,2,27.921361250000004
2026-09-13T18:40:00.000Z,MCT2408052,15.444425,74.063856,56.25,160,780.1875,85.849803125,3.6041668125000004,8,21.009999999999998,59.611875,28.606875,2,27.87309875
2026-09-13T18:50:00.000Z,MCT2408052,15.444425,74.063856,49.3125,160,788.375,85.89605749999998,3.6327195000000003,8,16.013125000000002,45.51625,21.855624999999996,2,27.773219374999996
2026-09-13T19:00:00.000Z,MCT2408052,15.444425,74.063856,58.875,160,793.125,86.06676499999999,3.546315875,8,23.30875,64.7425,30.3325,2,27.716240624999998
2026-09-13T18:30:00.000Z,MCT2408030,15.142519,74.075003,39.666666666666664,163,549.5333333333333,81.10377933333334,8.884666666666668,6.200000000000002,16.306000000000004,48.966666666666676,27.326666666666664,4.166666666666667,27.118850666666674
2026-09-13T18:40:00.000Z,MCT2408030,15.142519,74.075003,39.75,163,547.8125,81.24737250000001,8.760625000000001,6.200000000000002,16.400625,49.441250000000004,27.628749999999993,4.174375,27.10960000000001
2026-09-13T18:50:00.000Z,MCT2408030,15.142519,74.075003,38.333333333333336,163,545.6,81.31079000000001,8.929333333333334,6.200000000000002,15.433333333333335,46.71533333333333,26.190666666666665,4.1819999999999995,27.10669666666667
2026-09-13T19:00:00.000Z,MCT2408030,15.142519,74.075003,34.625,163,541.375,81.34417125,8.834375000000001,6.200000000000002,13.179375000000002,39.291250000000005,21.536875000000002,4.11875,27.11027000000001
2026-09-13T18:30:00.000Z,MCT2408034,15.356389,74.123611,37.72,180,513.28,76.46887079999998,6.150000000000002,3.5759999999999996,13.597199999999997,43.10280000000001,22.802,1.1319999999999997,30.639690399999996
2026-09-13T18:40:00.000Z,MCT2408034,15.356389,74.123611,36.92,180,507.96,76.35900840000001,6.176000000000003,4.4959999999999996,13.087599999999998,41.6768,22.1668,1.2019999999999995,30.590784399999993
2026-09-13T18:50:00.000Z,MCT2408034,15.356389,74.123611,38.2,180,510.16,76.29278599999999,6.195600000000002,4.138800000000001,13.779200000000003,44.153200000000005,23.591200000000004,1.1591999999999998,30.565900799999994
2026-09-13T19:00:00.000Z,MCT2408034,15.356389,74.123611,39.166666666666664,180,515.5,76.19559958333332,6.231250000000002,4.528333333333333,14.733333333333336,46.42250000000001,24.573333333333338,1.1416666666666664,30.575823333333332
2026-09-13T19:00:20.810Z,MCT2408034,15.356389,74.123611,39,180,518,76.27539,6.15,4.79,14.58,46.89,25.32,1.51,30.5423
2026-09-13T18:30:00.000Z,MCT2408050,15.553611,73.958333,46.625,86.02999999999999,599.8125,91.084999375,11.553750000000003,4.105,18.606874999999995,57.16125,29.557499999999997,2.2275,26.882365625
2026-09-13T18:40:00.000Z,MCT2408050,15.553611,73.958333,45.214285714285715,86.02999999999999,599.3571428571429,90.97832285714286,11.257857142857144,4.061428571428572,17.44571428571429,53.97714285714286,28.25214285714285,2.3814285714285717,26.865895000000005
2026-09-13T18:50:00.000Z,MCT2408050,15.553611,73.958333,47.75,86.02999999999999,623.3125,90.99726062499998,11.235625,4.323125,19.032500000000006,58.60937500000001,30.620000000000005,2.338125,26.794556249999996
2026-09-13T19:00:00.000Z,MCT2408050,15.553611,73.958333,46.1875,86.02999999999999,621.0625,91.12648375,11.126250000000002,4.12125,17.91625,55.28187500000001,28.866875,2.3731250000000004,26.637698125000004
2026-09-13T18:30:00.000Z,MCT2408023,15.499722,74.020833,61,188.54,480,91.78118124999997,8.649375000000001,21.09625,20.438125,64.669375,40.328125,3.5649999999999995,26.4560425
2026-09-13T18:40:00.000Z,MCT2408023,15.499722,74.020833,60,198.36312499999997,481.5,91.908020625,8.79125,19.888749999999998,19.406875,61.89875,38.787499999999994,4.159999999999999,26.394375624999995
2026-09-13T18:50:00.000Z,MCT2408023,15.499722,74.020833,60.5625,196.57312499999995,487,92.01864499999999,8.497499999999999,19.765625,20.121249999999996,63.640625,39.69375,3.90625,26.374263750000008
2026-09-13T19:00:00.000Z,MCT2408023,15.499722,74.020833,60.875,194.715,486,92.08015874999998,8.799375,19.553125,20.121250000000003,64.03500000000001,40.14687499999999,4.040625,26.28645375
2026-09-13T18:30:00.000Z,MCT2408027,15.275556,74.1075,50.13333333333333,1188.9706666666666,606.7333333333333,89.09989266666665,6.579999999999999,12.421333333333331,19.328,58.879333333333335,31.093333333333337,2.9500000000000006,27.417727999999997
2026-09-13T18:40:00.000Z,MCT2408027,15.275556,74.1075,52.1875,1191.2637499999996,591.1875,89.03555250000001,6.579999999999999,12.373124999999998,20.771875,63.269999999999996,33.596875,2.9500000000000006,27.438059999999997
2026-09-13T18:50:00.000Z,MCT2408027,15.275556,74.1075,53.125,1190.5206249999999,614.5,89.01123437499999,6.579999999999999,12.253124999999999,21.204375000000002,64.74812499999999,34.274375,2.9500000000000006,27.442752499999997
2026-09-13T19:00:00.000Z,MCT2408027,15.275556,74.1075,51.875,1185.4399999999998,611.875,88.92730999999999,6.579999999999999,12.373124999999998,20.338749999999994,61.791250000000005,32.546875,2.9500000000000006,27.414598750000007
2026-09-13T19:00:21.025Z,MCT2408027,15.275556,74.1075,51,1191.35,524,88.95544,6.58,12.16,19.72,60.13,31.62,2.95,27.39985
2026-09-13T18:30:00.000Z,MCT2408029,15.333611,74.206944,17.5,120,788.625,90.27103937500003,5.083749999999999,9.760625,6.101249999999999,18.858124999999998,10.4775,3.510625,27.26847250000001
2026-09-13T18:40:00.000Z,MCT2408029,15.333611,74.206944,18.142857142857142,120,777.1428571428571,90.13418642857144,5.014285714285714,8.370000000000001,6.174999999999999,19.074999999999996,10.589285714285714,3.5,27.281110714285713
2026-09-13T18:50:00.000Z,MCT2408029,15.333611,74.206944,17.75,120,785.6875,90.17710187500002,4.62875,9.2275,6.3225,19.58125,10.846250000000001,3.695,27.196743125
2026-09-13T19:00:00.000Z,MCT2408029,15.333611,74.206944,18.375,120,786.625,90.38309499999998,5.62625,9.3975,6.396249999999999,19.725,10.811250000000001,3.58125,27.171941249999996
2026-09-13T18:30:00.000Z,MCT2408043,15.221111,74.087222,41.333333333333336,187.9,631.2,84.61584466666666,14.136000000000001,10.258666666666667,13.422,41.970000000000006,22.377333333333336,5.290000000000001,27.64009266666667
2026-09-13T18:40:00.000Z,MCT2408043,15.221111,74.087222,40.81818181818182,183.91272727272727,590.8181818181819,84.44438999999998,14.187272727272727,10.359090909090908,13.237272727272728,40.96363636363637,21.663636363636364,5.29,27.71087818181818
2026-09-13T18:50:00.000Z,MCT2408043,15.221111,74.087222,41.125,186.12812499999995,585.375,84.47889687499999,14.041250000000002,9.790625,13.295625000000001,41.520624999999995,22.099999999999994,5.290000000000001,27.660603125
2026-09-13T19:00:00.000Z,MCT2408043,15.221111,74.087222,40.5625,186.29625,597.5625,84.7058725,13.877499999999998,9.082500000000001,12.819999999999999,40.3925,21.78,5.290000000000001,27.561398125000004
2026-09-13T18:30:00.000Z,MCT2408021,15.500556,74.053333,50.375,375,517.1875,83.62392875,21.79625,14.847843125,6.457499999999999,20.161875,12.648125000000002,4.1525,28.436836249999995
2026-09-13T18:40:00.000Z,MCT2408021,15.500556,74.053333,50.125,375,530.8125,83.99967500000002,21.724375000000002,14.720184374999999,6.367499999999998,19.592499999999998,12.203125000000004,4.17,28.289364374999998
2026-09-13T18:50:00.000Z,MCT2408021,15.500556,74.053333,50.1875,375,516.25,84.132713125,21.729999999999997,14.743609375000002,6.069374999999998,18.83375,11.845625,4.155625,28.19886937499999
2026-09-13T19:00:00.000Z,MCT2408021,15.500556,74.053333,50.125,375,511.125,84.29197750000002,21.612500000000004,14.727904374999998,6.218749999999999,19.375624999999996,12.171875,4.1625,28.190825625000002
2026-09-13T18:30:00.000Z,MCT2408049,15.475278,74.055833,56.6875,151.04694375,551.375,85.371060625,24.302500000000002,15.648125,14.569999999999995,42.323125,21.673125,2.61,27.800703125000002
2026-09-13T18:40:00.000Z,MCT2408049,15.475278,74.055833,56.75,150,546.9375,85.31956124999998,24.24375,14.185625000000002,14.375625,41.98875000000001,21.388749999999995,2.61,27.725624375000002
2026-09-13T18:50:00.000Z,MCT2408049,15.475278,74.055833,56.375,150.298875,556,85.29953375,24.0425,13.898125,14.184375000000001,41.365,21.051875000000003,2.61,27.70685375
2026-09-13T19:00:00.000Z,MCT2408049,15.475278,74.055833,56.8125,150.96167499999999,560.75,85.58229812500002,24.313125,14.195624999999998,14.569374999999997,42.371874999999996,21.673750000000002,2.61,27.642504375
2026-09-13T18:30:00.000Z,MCT2408044,15.313669,74.140042,24.5625,214.29,486,93.42388375000002,10.891250000000001,3.3906249999999996,5.064375,14.28125,8.68375,3.2278846249999997,26.297176875000005
2026-09-13T18:40:00.000Z,MCT2408044,15.313669,74.140042,24.375,214.29,493,93.27368062500001,10.851249999999999,3.526249999999999,5.496250000000001,15.46875,9.325000000000001,3.4883814374999997,26.25494875
2026-09-13T18:50:00.000Z,MCT2408044,15.313669,74.140042,24.5,214.29,538.5625,93.12157125000002,10.839999999999996,3.46125,5.855624999999999,16.59375,10.10125,3.3018429375000005,26.1168625
2026-09-13T19:00:00.000Z,MCT2408044,15.313669,74.140042,24.4375,214.29,526.1875,93.67517874999999,10.81625,3.6462499999999998,5.2093750000000005,14.78125,9.088750000000001,3.1944711249999993,25.9760925
2026-09-13T19:00:21.238Z,MCT2408044,15.313669,74.140042,25,214.29,509,93.96796,10.99,3.32,5.75,15,8.65,3.09359,25.97341
2026-09-13T18:30:00.000Z,MCT2408040,15.528056,74.020833,18.375,100,523,87.46151249999998,7.61875,4.669375,3.929999999999999,11.645625000000003,5.642499999999999,3.5,27.873768125000005
2026-09-13T18:40:00.000Z,MCT2408040,15.528056,74.020833,18.8125,100,525.4375,87.59121124999997,7.918750000000001,4.685000000000001,4.030624999999999,11.951875000000003,5.811249999999999,3.5,27.844274375000005
2026-09-13T18:50:00.000Z,MCT2408040,15.528056,74.020833,18.375,100,523.25,87.6503425,7.4925,4.665625,4.2075,12.389375,5.97875,3.5,27.824835625
2026-09-13T19:00:00.000Z,MCT2408040,15.528056,74.020833,18.5,100,514.875,87.749523125,7.689375000000002,4.705000000000001,4.043749999999998,11.951875000000001,5.8218749999999995,3.5,27.763163749999997
2026-09-13T19:00:21.237Z,MCT2408040,15.528056,74.020833,18,100,521,87.80341,7.43,4.68,3.81,11.23,5.53,3.5,27.73233
2026-09-13T18:30:00.000Z,MCT2408037,15.394444,74.118333,28.0625,160,524.9375,84.96670125000001,10.400000000000002,14.437499999999998,7.525,27.85375,14.755625000000002,3.24375,27.63915499999999
2026-09-13T18:40:00.000Z,MCT2408037,15.394444,74.118333,28.666666666666668,160,530.3333333333334,84.67408083333335,10.205833333333336,14.47333333333333,8.115,28.961666666666662,14.865000000000002,3.559166666666666,27.76182333333333
2026-09-13T18:50:00.000Z,MCT2408037,15.394444,74.118333,28.25,160,508.5625,84.93618250000003,10.629374999999998,14.438124999999998,7.758125000000003,28.518750000000004,14.990000000000004,3.529375,27.602957500000002
2026-09-13T19:00:00.000Z,MCT2408037,15.394444,74.118333,30.0625,160,511.625,85.03107562500003,10.463125000000002,14.419374999999995,8.735000000000001,32.096875,16.865000000000002,3.6006250000000004,27.557374375
2026-09-13T18:30:00.000Z,MCT2408046,15.529167,74.07,31.04,95.52,478.68,80.4321908,13.462400000000002,0.7064,10.925999999999998,33.552,16.961999999999996,3.1052000000000004,29.290898799999987
2026-09-13T18:40:00.000Z,MCT2408046,15.529167,74.07,31.52,95.52,484.76,80.68853719999998,13.443600000000002,0.6975999999999999,12.211999999999996,36.5716,17.977999999999998,3.1520000000000006,29.238990799999996
2026-09-13T18:50:00.000Z,MCT2408046,15.529167,74.07,31,95.52,485.84,81.5250248,13.437200000000004,0.6519999999999999,10.8508,32.97480000000001,16.526399999999995,3.1431999999999998,28.985880399999996
2026-09-13T19:00:00.000Z,MCT2408046,15.529167,74.07,31.08,95.52,490.4,81.60284479999997,13.495599999999998,0.7059999999999998,10.421600000000002,31.376400000000004,15.678799999999997,3.2555999999999994,28.974297200000002
2026-09-13T19:00:21.392Z,MCT2408046,15.529167,74.07,31,95.52,486,81.60834,13.37,0.62,10.75,32.22,15.73,3.27,29.00862
2026-09-13T18:30:00.000Z,MCT2408033,15.346944,74.007778,23.5625,110,548.5625,87.82962999999998,7.8981249999999985,4.02375,9.810625,25.09625,15.184375000000001,4.39,27.687417500000002
2026-09-13T18:40:00.000Z,MCT2408033,15.346944,74.007778,23.875,110,566,87.854425625,7.79875,4.061875,9.696874999999999,25.193125000000002,15.366875,4.39,27.6458575
2026-09-13T18:50:00.000Z,MCT2408033,15.346944,74.007778,22.625,110,585.1875,87.97888312499998,7.545,4.298125000000001,9.280625000000002,23.623124999999995,13.97125,4.39,27.552684375
2026-09-13T19:00:00.000Z,MCT2408033,15.346944,74.007778,21.625,110,577.25,88.00749000000003,7.597499999999998,4.135625,8.406875000000001,21.410625,12.756249999999998,4.39,27.474257499999997
2026-09-13T19:00:21.454Z,MCT2408033,15.346944,74.007778,21,110,581,88.21539,6.94,4.44,7.88,20.51,12.35,4.39,27.41058
2026-09-13T18:30:00.000Z,MCT2408042,15.213889,74.071667,61.6875,247.9475,494.125,87.34039749999998,26.509999999999994,13.06875,12.000625,35.739374999999995,18.33375,3.0681249999999993,27.342875000000006
2026-09-13T18:40:00.000Z,MCT2408042,15.213889,74.071667,61.5,252.725,491.375,87.41240187499999,26.389999999999997,13.28875,11.318125,34.2575,17.87875,2.9456250000000006,27.32879999999999
2026-09-13T18:50:00.000Z,MCT2408042,15.213889,74.071667,61.25,252.40062499999996,494.875,87.41812499999999,26.229999999999997,13.114375,12.341875000000002,37.56250000000001,19.699374999999996,3.02625,27.337512500000006
2026-09-13T19:00:00.000Z,MCT2408042,15.213889,74.071667,61.3125,257.551875,501.5625,87.452933125,26.233124999999994,13.185625,12.057500000000001,35.966875,18.504375,3.0549999999999997,27.327459375000004
2026-09-13T18:30:00.000Z,MCT2408041,15.224628,74.171389,31.0625,368.47410625,560.9375,88.178675625,13.475,9.7,8.39,25.616250000000004,13.64875,7.841875000000001,26.946714375000006
2026-09-13T18:40:00.000Z,MCT2408041,15.224628,74.171389,31.125,410.35995625000004,560,88.01273624999997,13.458750000000002,9.7,8.290000000000001,25.363125,13.598125,7.82375,26.937331874999998
2026-09-13T18:50:00.000Z,MCT2408041,15.224628,74.171389,31.125,383.9361125,574.75,87.93596562500001,13.548124999999999,9.7,8.290000000000001,24.907500000000002,13.142499999999998,7.7775,26.8522025
2026-09-13T19:00:00.000Z,MCT2408041,15.224628,74.171389,31.125,397.611475,561.8125,88.10810312500001,13.47375,9.7,8.290000000000003,25.413750000000004,13.64875,7.866875000000001,26.82673
2026-09-13T18:30:00.000Z,MCT2408024,15.148056,74.131667,41.2,209.43370800000005,782.2,79.8648704,17.973784000000002,8.672437840000004,10.510000000000002,32.82000000000001,17.707200000000004,2.5915999999999992,27.35738159999999
2026-09-13T18:40:00.000Z,MCT2408024,15.148056,74.131667,41.416666666666664,210.14940833333333,685.625,79.91333875000001,18.210012083333336,8.662817833333337,10.490000000000004,32.771666666666675,17.820000000000004,2.5933333333333333,27.25506375000001
2026-09-13T18:50:00.000Z,MCT2408024,15.148056,74.131667,41.28,210.44011600000002,732.16,79.932924,18.104408,8.095237440000004,9.110000000000003,28.380800000000008,15.430000000000005,2.6108000000000002,27.21580760000001
2026-09-13T19:00:00.000Z,MCT2408024,15.148056,74.131667,41.2,210.58138400000007,804.76,80.01776120000004,17.983814000000006,8.672437840000004,9.990000000000004,30.820000000000007,16.629200000000004,2.591199999999999,27.185347600000014
2026-09-13T19:00:21.605Z,MCT2408024,15.148056,74.131667,40,212.0291,799,79.9375,17.25114,8.903318,9.99,29.98,15.99,2.65,27.21752
2026-09-13T18:30:00.000Z,MCT2408045,15.619444,73.878889,34.375,178.11999999999995,800.5,84.776445,10.736249999999998,16.365624999999998,11.482500000000002,38.530625,19.687500000000004,2.5300000000000002,27.590893124999994
2026-09-13T18:40:00.000Z,MCT2408045,15.619444,73.878889,34.285714285714285,178.11999999999995,811.2857142857143,84.7156807142857,10.875714285714286,16.4,11.578571428571431,38.94285714285714,19.95285714285714,2.5300000000000002,27.615119285714286
2026-09-13T18:50:00.000Z,MCT2408045,15.619444,73.878889,33.4375,178.11999999999995,810.625,84.83080249999999,10.754375000000001,16.259375,11.134999999999998,37.71125,19.298125,2.5300000000000002,27.50509125
2026-09-13T19:00:00.000Z,MCT2408045,15.619444,73.878889,32.5625,178.11999999999995,807.125,85.03345624999997,10.719375,16.356875,10.819374999999997,36.50000000000001,18.625,2.5300000000000002,27.413928750000007
2026-09-13T18:30:00.000Z,MCT2408022,15.475833,74.038889,50.13333333333333,150,481.73333333333335,89.32419933333335,3.670666666666667,11.643507333333334,19.533333333333335,59.53333333333333,31.466666666666665,4.240580466666667,27.178198000000002
2026-09-13T18:40:00.000Z,MCT2408022,15.475833,74.038889,49.53846153846154,150,482.15384615384613,89.33221846153846,3.648461538461539,11.54904153846154,19.153846153846153,58.46153846153846,31.076923076923077,4.217982769230769,27.25877692307692
2026-09-13T18:50:00.000Z,MCT2408022,15.475833,74.038889,50.666666666666664,150,488.46666666666664,89.29927466666668,3.631333333333333,11.614189999999999,19.866666666666667,60.666666666666664,32,4.234847933333333,27.22539066666667
2026-09-13T19:00:00.000Z,MCT2408022,15.475833,74.038889,50.25,150,492.375,89.45278437500001,3.9156249999999995,11.519013125,19.5625,59.875,31.6875,4.216242875,27.12770125
2026-09-13T19:00:21.671Z,MCT2408022,15.475833,74.038889,51,150,492,89.45135,3.6,11.59538,20,61,32,4.220207,27.09955
2026-09-13T18:30:00.000Z,MCT2408036,15.171567,74.067106,36.375,120,499.375,88.864368125,10.087499999999999,7.2775,5.22875,15.829374999999999,8.708749999999998,11.254375,27.041231874999998
2026-09-13T18:40:00.000Z,MCT2408036,15.171567,74.067106,36.3125,120,493.3125,89.53575562500004,10.05375,7.4018749999999995,5.098125,15.228124999999997,8.265,11.19625,26.899794375000003
2026-09-13T18:50:00.000Z,MCT2408036,15.171567,74.067106,36.4,120,481.4,88.26473000000001,9.968666666666667,7.520666666666667,5.051333333333332,15.196666666666664,8.343333333333332,11.177333333333332,27.22181466666667
2026-09-13T19:00:00.000Z,MCT2408036,15.171567,74.067106,36.9375,120,489.3125,87.770505,9.940000000000001,7.368125,4.967500000000001,15.322500000000003,8.518749999999999,11.55625,27.313379375000004
2026-09-13T18:30:00.000Z,MCT2408032,15.525556,73.828611,36.96,178.92999999999995,648.72,86.34222399999997,14.096400000000001,18.407200000000003,11.394399999999997,36.921200000000006,20.440800000000003,2.12,28.86790480000001
2026-09-13T18:40:00.000Z,MCT2408032,15.525556,73.828611,37.04,178.92999999999995,622.88,86.4075308,14.170400000000004,18.305600000000002,11.107999999999997,36.97960000000001,21.007999999999996,2.3024,28.791538000000006
2026-09-13T18:50:00.000Z,MCT2408032,15.525556,73.828611,37.08,178.92999999999995,634.92,86.71423320000002,13.752000000000002,18.168000000000003,11.28,37.6624,21.4044,2.2607999999999997,28.70916880000001
2026-09-13T19:00:00.000Z,MCT2408032,15.525556,73.828611,40.16,178.92999999999995,653.88,86.3574828,13.322400000000002,17.802000000000003,13.670800000000003,44.37480000000001,24.802000000000003,2.5952,28.717750399999996
2026-09-13T19:00:21.671Z,MCT2408032,15.525556,73.828611,39,178.93,643,86.13257,13.68,19.06,12.82,42.67,24.07,2.75,28.71904
2026-09-13T18:30:00.000Z,MCT2408031,15.290833,74.149167,21.875,158.52061875,592.9375,86.69952499999997,6.984269312499999,7.840664562500001,7.53,19.62,10.624374999999999,4.583125000000001,26.490898125
2026-09-13T18:40:00.000Z,MCT2408031,15.290833,74.149167,22.3125,141.9154,593.25,86.77916000000002,7.003932625,7.9895589375,7.948124999999999,20.67875,11.279375,4.415000000000001,26.532458124999994
2026-09-13T18:50:00.000Z,MCT2408031,15.290833,74.149167,21.8125,140.88481875000002,593.3125,86.76581000000003,6.9421715625,7.874067250000001,7.500625,19.566875,10.625000000000002,4.399375000000001,26.574016875000005
2026-09-13T19:00:00.000Z,MCT2408031,15.290833,74.149167,21.9375,140.28722499999998,613.0625,86.77773125,7.2088786874999995,7.2204005,7.530000000000001,19.7825,10.804999999999998,4.553125,26.527095625000005
2026-09-13T18:30:00.000Z,MCT2408035,15.236111,74.125,44.375,190,716.5625,87.980313125,17.039269375,7.409375,5.106249999999999,15.965625,8.63,3.8299999999999987,27.283216874999997
2026-09-13T18:40:00.000Z,MCT2408035,15.236111,74.125,44.8125,190,721.4375,88.63691562499997,17.4176875,7.457500000000001,4.86875,15.21125,8.229375,3.8299999999999987,27.055307499999998
2026-09-13T18:50:00.000Z,MCT2408035,15.236111,74.125,45.8125,190,683.375,88.116688125,18.144878124999998,7.92375,4.39375,13.842500000000005,7.547500000000001,3.8299999999999987,27.088821875
2026-09-13T19:00:00.000Z,MCT2408035,15.236111,74.125,45.375,190,729.6875,87.88494562499999,17.756578124999997,7.941875,4.2749999999999995,13.301875,7.239375000000001,3.8299999999999987,27.139766875
2026-09-13T18:30:00.000Z,MCT2408038,15.188889,74.055556,21.3125,274.37812499999995,708.375,84.94286,8.994999999999997,13.330000000000005,6.1925,17.768125,8.868125000000001,4.601875,27.779924999999995
2026-09-13T18:40:00.000Z,MCT2408038,15.188889,74.055556,21.4375,283.22749999999996,703.375,85.34530937500001,9.045625,13.330000000000005,6.36875,18.201874999999998,9.05375,4.6431249999999995,27.655911250000003
2026-09-13T18:50:00.000Z,MCT2408038,15.188889,74.055556,22.875,291.00812500000006,727.75,85.65334687499998,8.91875,13.330000000000005,7.53125,21.868125,11.090625,4.65875,27.633791874999996
2026-09-13T19:00:00.000Z,MCT2408038,15.188889,74.055556,23.1875,335.138125,726.0625,85.51601750000002,9.019374999999997,13.330000000000005,7.895000000000001,22.489375,11.126874999999998,4.673125,27.661943749999995
2026-09-13T18:30:00.000Z,MCT2408039,15.163611,74.110833,29.9375,265.340625,608.125,85.80211937499999,13.585624999999999,10.3,9.019999999999998,28.94,11.759999999999998,2.3,26.645071250000004
2026-09-13T18:40:00.000Z,MCT2408039,15.163611,74.110833,30,271.15625,586,85.91989875,13.553124999999998,10.3,9.019999999999998,28.94,11.759999999999998,2.3,26.63032374999999
2026-09-13T18:50:00.000Z,MCT2408039,15.163611,74.110833,30.25,282.71437499999996,590.3125,85.91560812500002,14.034374999999999,10.3,9.019999999999998,28.94,11.759999999999998,2.3,26.6075325
2026-09-13T19:00:00.000Z,MCT2408039,15.163611,74.110833,29.875,273.27312500000005,615.0625,86.02575875,13.344375,10.3,9.019999999999998,28.94,11.759999999999998,2.3,26.550556874999995
2026-09-13T18:30:00.000Z,MCT2408026,15.2467,74.198281,117,125,538.8333333333334,85.15600666666666,13.071571250000003,12.5,10.122499999999997,33.767916666666665,18.845000000000002,50.5,27.634461250000005
2026-09-13T18:40:00.000Z,MCT2408026,15.2467,74.198281,117,125,543.125,85.39887541666666,13.40318166666667,12.5,9.72833333333333,31.309166666666673,17.035416666666666,50.418749999999996,27.534809166666673
2026-09-13T18:50:00.000Z,MCT2408026,15.2467,74.198281,118.08333333333333,125,539.8333333333334,85.37948375,13.106496250000001,12.5,18.234583333333333,57.82541666666666,31.058750000000003,50.35041666666666,27.49146166666668
2026-09-13T19:00:00.000Z,MCT2408026,15.2467,74.198281,117,125,547.2,85.4288336,13.088824000000004,12.5,17.315599999999996,55.009600000000006,29.547200000000004,50.46200000000001,27.507102399999997
2026-09-13T19:00:21.886Z,MCT2408026,15.2467,74.198281,117,125,545,85.16364,13.01518,12.5,9.45,30.95,17.36,50.3,27.57145
2026-09-13T20:50:00.000Z,MCT2408020,15.543475,74.039433,45,180,832,86.26227,8.853517,19.30371,16.7,52.19,27.88,3.66,27.71088
2026-09-13T21:00:00.000Z,MCT2408020,15.543475,74.039433,43.5,180,826.5,86.282773125,9.094752,19.147604999999995,15.828125000000002,48.868125000000006,26.194374999999994,3.6599999999999984,27.691439375
2026-09-13T21:10:00.000Z,MCT2408020,15.543475,74.039433,44.5625,180,834.375,86.348099375,9.162245375,19.050914374999998,16.699999999999996,50.734375,26.659374999999994,3.6599999999999984,27.674010624999994
2026-09-13T21:20:00.000Z,MCT2408020,15.543475,74.039433,42.875,180,826.125,86.11492437499999,9.021145687499999,19.2765275,15.770000000000001,48.52124999999999,25.845625,3.6599999999999984,27.722943125
2026-09-13T21:30:00.000Z,MCT2408020,15.543475,74.039433,41.5,180,832.25,86.38195499999998,9.160034625,19.120424375,15.188750000000002,46.13312500000001,24.276249999999997,3.6599999999999984,27.600946250000003
2026-09-13T21:40:00.000Z,MCT2408020,15.543475,74.039433,43.125,180,841.0625,86.48924187500002,9.082007062500002,19.147605,16.11875,48.87062500000001,25.671249999999997,3.6599999999999984,27.515816875
2026-09-13T21:49:26.937Z,MCT2408020,15.543475,74.039433,41.333333333333336,180,835.3333333333334,86.68544599999998,9.110834066666667,19.108206666666664,15.026666666666667,45.666000000000004,23.975333333333335,3.6599999999999984,27.480646000000004
2026-09-13T20:50:00.000Z,MCT2408028,15.186944,74.096667,43,530.66,561,89.76416,18.44,11.56,10.99,37.78,21.87,2.11,25.49078
2026-09-13T21:00:00.000Z,MCT2408028,15.186944,74.096667,43.88,527.6483999999999,556.72,89.76019319999999,19.275999999999996,11.592800000000002,12.267600000000002,39.454399999999985,22.030800000000003,2.11,25.480484800000003
2026-09-13T21:10:00.000Z,MCT2408028,15.186944,74.096667,43.88,523.6048000000001,553.96,89.86120559999998,19.279199999999992,11.5928,11.948000000000004,38.38039999999999,21.315199999999994,2.3655999999999993,25.518238800000002
2026-09-13T21:20:00.000Z,MCT2408028,15.186944,74.096667,43.92,521.806,549.72,89.72174040000003,19.306399999999993,11.598400000000002,12.626400000000004,39.970399999999984,22.0312,2.3092,25.613907599999997
2026-09-13T21:30:00.000Z,MCT2408028,15.186944,74.096667,44,516.8664000000001,555.96,89.47149719999997,19.371599999999994,11.5956,12.944400000000003,40.17039999999999,21.7144,2.1915999999999998,25.657239599999997
2026-09-13T21:40:00.000Z,MCT2408028,15.186944,74.096667,43.88,509.83679999999987,560.88,89.32409519999999,19.25679999999999,11.631200000000002,12.306800000000003,39.61399999999999,22.070400000000003,2.228,25.635787599999993
2026-09-13T21:49:26.938Z,MCT2408028,15.186944,74.096667,43.69565217391305,502.4378260869566,567.304347826087,89.4619695652174,19.101739130434773,11.595652173913043,12.724782608695655,39.8591304347826,21.785652173913043,2.3678260869565215,25.55653130434783
2026-09-13T20:50:00.000Z,MCT2408056,15.579167,73.920833,63,180,614,89.22247,6.89,9.988263,26.27,76.5,41.24,1.56,27.0781
2026-09-13T21:00:00.000Z,MCT2408056,15.579167,73.920833,64.125,180,616.1875,89.27254062499999,6.840625,9.4804868125,26.448124999999994,79.234375,43.580625,1.5699999999999998,27.074075625000003
2026-09-13T21:10:00.000Z,MCT2408056,15.579167,73.920833,60.1875,180,628.625,89.15952999999996,6.614374999999999,9.5297828125,24.047499999999996,71.38125000000001,39.07000000000001,1.5699999999999998,27.133733124999992
2026-09-13T21:20:00.000Z,MCT2408056,15.579167,73.920833,62.3125,180,627.5,89.08609750000001,6.795000000000001,9.2102401875,25.453124999999993,75.76062499999999,41.5875,1.5856249999999996,27.139765625
2026-09-13T21:30:00.000Z,MCT2408056,15.579167,73.920833,61.75,180,620.1875,89.09086687499997,6.793750000000001,9.5161383125,25.161249999999992,74.85062500000001,41.061875,1.5599999999999998,27.122338750000004
2026-09-13T21:40:00.000Z,MCT2408056,15.579167,73.920833,65.8125,180,610.6875,89.38412000000001,6.527500000000001,10.134536,27.32999999999999,82.53562500000001,45.80500000000001,1.8087499999999999,27.076088125000002
2026-09-13T21:49:26.950Z,MCT2408056,15.579167,73.920833,66.6,180,599.1333333333333,89.34047399999999,7.518000000000002,11.599999533333335,28.087333333333326,84.336,46.547999999999995,1.664,27.12528733333334
2026-09-13T20:50:00.000Z,MCT2408057,15.272222,74.104722,30,337.45,518,84.69824,12.88,8.66,5.96,16.96,8.86,2.1,27.89321
2026-09-13T21:00:00.000Z,MCT2408057,15.272222,74.104722,29.96,340.56719999999996,516.44,84.67382759999998,12.531600000000003,8.752399999999998,5.506399999999998,16.306799999999996,8.724,2.0544,27.92495239999999
2026-09-13T21:10:00.000Z,MCT2408057,15.272222,74.104722,30,339.85479999999995,519.88,84.85388319999998,12.594000000000001,8.783199999999999,5.768399999999999,17.05239999999999,9.100800000000003,2.184,27.870470000000005
2026-09-13T21:20:00.000Z,MCT2408057,15.272222,74.104722,29.92,339.02479999999997,519.72,84.9835808,12.4956,8.860399999999997,5.9116,17.120799999999996,8.989200000000002,2.1268000000000002,27.8237084
2026-09-13T21:30:00.000Z,MCT2408057,15.272222,74.104722,30.12,340.6699999999999,523.56,85.27746640000001,12.6208,8.838799999999997,5.6256,16.692,8.901600000000002,2.2032000000000003,27.735760000000006
2026-09-13T21:40:00.000Z,MCT2408057,15.272222,74.104722,30,340.13039999999995,515.76,85.19750960000002,12.5308,8.937599999999998,5.528799999999998,16.6684,8.989999999999998,2.1788000000000007,27.721603599999998
2026-09-13T21:49:26.949Z,MCT2408057,15.272222,74.104722,30,341.1520833333332,521.625,85.5543220833333,12.554583333333335,8.820416666666665,5.337083333333332,15.902916666666663,8.510833333333336,2.0616666666666665,27.613458750000007
2026-09-13T20:50:00.000Z,MCT2408055,15.585833,73.885556,57,45.83,751,88.87152,9.03,5.03,18.88,53.95,29.31,19.69,26.91722
2026-09-13T21:00:00.000Z,MCT2408055,15.585833,73.885556,57.4375,45.830000000000005,746.4375,88.92778687500001,9.41375,5.91,18.92375,54.196250000000006,29.6075,20.021875000000005,26.960791874999988
2026-09-13T21:10:00.000Z,MCT2408055,15.585833,73.885556,57.1875,45.830000000000005,749.5625,88.97737625,9.521875,6.0649999999999995,17.96125,51.480000000000004,28.289999999999996,19.929375,26.990286874999995
2026-09-13T21:20:00.000Z,MCT2408055,15.585833,73.885556,57.4375,45.830000000000005,762.5625,88.94447625000001,9.335,6.135,18.836249999999996,53.62000000000001,29.1825,20.038749999999997,26.980230624999994
2026-09-13T21:30:00.000Z,MCT2408055,15.585833,73.885556,57.25,45.830000000000005,762.375,89.023631875,9.5175,5.955,19.404999999999998,56.084375,30.88687500000001,19.949375,26.946045625
2026-09-13T21:40:00.000Z,MCT2408055,15.585833,73.885556,57.375,45.830000000000005,762.9375,89.03555374999999,9.32125,6.01,19.842499999999998,57.52312499999999,31.741250000000004,20.016875,26.93465
2026-09-13T21:49:26.958Z,MCT2408055,15.585833,73.885556,58.266666666666666,45.830000000000005,758.8,88.98494266666665,9.309999999999999,6.064666666666667,20.56,59.517333333333326,32.81066666666666,20.18733333333334,26.910787333333328
2026-09-13T20:50:00.000Z,MCT2408053,15.263333,74.110833,44,219.6171,712,90.71783,20.37,32.96,7.35,24.31,15.79,10.18,26.62764
2026-09-13T21:00:00.000Z,MCT2408053,15.263333,74.110833,39,227.31698749999998,686,90.84419562500001,16.111250000000002,30.138124999999995,6.659375,23.211875,15.298124999999999,9.721249999999998,26.619599374999996
2026-09-13T21:10:00.000Z,MCT2408053,15.263333,74.110833,39.6875,230.21325625,673.75,90.80319062500001,16.813750000000002,30.833749999999995,6.773750000000001,23.638125,15.580625,8.898125,26.614236250000005
2026-09-13T21:20:00.000Z,MCT2408053,15.263333,74.110833,40.25,229.44960625,677.8125,90.85802687500001,17.056875,29.948749999999993,6.601875000000001,22.8475,14.944999999999995,8.618125000000001,26.60418062500001
2026-09-13T21:30:00.000Z,MCT2408053,15.263333,74.110833,39.1875,229.72198749999995,710.6875,90.92287375,16.127499999999998,30.454374999999995,6.716874999999998,23.152499999999996,15.157499999999997,8.69625,26.620269999999994
2026-09-13T21:40:00.000Z,MCT2408053,15.263333,74.110833,40.1875,233.46566250000004,687.75,90.74740000000003,16.485625000000002,29.89875,6.2574999999999985,22.056875,14.521249999999997,9.171875,26.609544374999995
2026-09-13T21:49:27.141Z,MCT2408053,15.263333,74.110833,40.86666666666667,241.78154,689.4,90.77887,16.805333333333333,30.382666666666655,6.368666666666667,22.231999999999996,14.58733333333333,8.612,26.55399866666666
2026-09-13T20:50:00.000Z,MCT2408052,15.444425,74.063856,53,160,795,86.69714,3.335438,8,19.73,54.14,24.85,2,27.58218
2026-09-13T21:00:00.000Z,MCT2408052,15.444425,74.063856,49.375,160,806.8125,86.78583437500002,3.6304826250000004,8,16.725,46.65874999999999,21.963124999999998,2,27.555365000000005
2026-09-13T21:10:00.000Z,MCT2408052,15.444425,74.063856,52.3125,160,809.9375,86.86642000000002,3.6107018125000003,8,19.06625,52.6075,24.44375,2,27.538609375000004
2026-09-13T21:20:00.000Z,MCT2408052,15.444425,74.063856,55.8125,160,796.6875,86.866419375,3.6487719375000003,8,21.84625,59.39625,27.096874999999997,2,27.515145624999995
2026-09-13T21:30:00.000Z,MCT2408052,15.444425,74.063856,52.125,160,807.75,87.04094437500001,3.582149312500001,8,18.939375,52.133125,24.162500000000005,2,27.461522500000008
2026-09-13T21:40:00.000Z,MCT2408052,15.444425,74.063856,73,160,817.8125,86.92507125,3.656052750000001,8,36.352500000000006,95.53812500000002,41.853125,2,27.510454375
2026-09-13T21:49:27.143Z,MCT2408052,15.444425,74.063856,57.8,160,836.6,86.97638,3.6891696000000005,8,23.65866666666666,63.608666666666664,28.697333333333336,2,27.466348666666665
2026-09-13T20:50:00.000Z,MCT2408021,15.500556,74.053333,50,375,492,85.48407,21.38,14.37178,5.71,17.83,11.43,4.33,27.66798
2026-09-13T21:00:00.000Z,MCT2408021,15.500556,74.053333,49.75,375,499.375,85.643331875,21.399375000000003,14.461446874999996,5.2349999999999985,16.468750000000004,10.656875000000001,4.23125,27.625077500000003
2026-09-13T21:10:00.000Z,MCT2408021,15.500556,74.053333,49.75,375,506.875,85.55893312499998,21.351875000000007,14.60366875,5.324374999999999,16.414375,10.448125000000001,4.275625,27.616363125000003
2026-09-13T21:20:00.000Z,MCT2408021,15.500556,74.053333,49.75,375,513.4375,85.53318250000001,21.398125,14.546552499999999,7.737499999999999,24.103749999999998,15.266874999999999,4.2675,27.600277499999997
2026-09-13T21:30:00.000Z,MCT2408021,15.500556,74.053333,49.5,375,516.1875,85.75586750000001,21.250625000000007,14.529705625,6.128749999999999,19.213125,12.232500000000002,4.2681249999999995,27.499058124999998
2026-09-13T21:40:00.000Z,MCT2408021,15.500556,74.053333,49.5,375,521.0625,86.24224187499999,21.2175,14.468024999999997,4.968750000000001,15.843749999999998,10.329375000000002,4.215,27.338855000000002
2026-09-13T21:49:27.146Z,MCT2408021,15.500556,74.053333,49.4,375,522.1333333333333,86.40824333333333,21.158666666666665,14.45067333333333,4.982,15.478666666666667,9.938,4.293333333333333,27.23468466666667
2026-09-13T20:50:00.000Z,MCT2408043,15.221111,74.087222,42,200.78,542,85.6214,13.39,7.38,13.93,43.77,23.06,5.29,27.0352
2026-09-13T21:00:00.000Z,MCT2408043,15.221111,74.087222,41.9375,198.84125,579.75,85.53461499999999,13.563125,7.427499999999999,14.2475,43.53187500000001,22.58,5.290000000000001,27.047263749999995
2026-09-13T21:10:00.000Z,MCT2408043,15.221111,74.087222,40.53333333333333,195.97133333333338,598.7333333333333,85.69464,13.510666666666669,7.233999999999999,13.252666666666666,41.026666666666664,21.694666666666663,5.290000000000001,27.040202666666662
2026-09-13T21:20:00.000Z,MCT2408043,15.221111,74.087222,41.125,186.76624999999999,654.9375,85.85028062499998,14.170624999999996,10.192499999999999,13.533125000000002,42.083749999999995,22.259999999999998,5.290000000000001,27.043911874999996
2026-09-13T21:30:00.000Z,MCT2408043,15.221111,74.087222,40,194.775625,668.625,85.96090749999999,14.229999999999997,10.365624999999998,12.741249999999999,39.911874999999995,21.459375,5.290000000000001,27.013748750000005
2026-09-13T21:40:00.000Z,MCT2408043,15.221111,74.087222,39.625,187.98187500000003,659.25,86.04006250000002,14.192499999999997,10.362499999999999,12.741875,39.428749999999994,20.81875,5.290000000000001,26.998999999999995
2026-09-13T21:49:27.146Z,MCT2408043,15.221111,74.087222,39.642857142857146,197.49428571428572,668.3571428571429,86.13474714285712,14.232142857142856,10.313571428571427,12.390714285714285,39.26642857142857,21.321428571428577,5.29,26.950929285714285
2026-09-13T20:50:00.000Z,MCT2408051,15.486528,74.033889,52,334.63,746,97.14178,22.12,5.19,9.33,29.83,16.18,4.39,26.14501
2026-09-13T21:00:00.000Z,MCT2408051,15.486528,74.033889,52.25,334.87687500000004,757.4375,96.986336875,22.251874999999995,5.1899999999999995,9.872499999999999,31.154374999999995,17.034375000000008,4.39,26.169146250000004
2026-09-13T21:10:00.000Z,MCT2408051,15.486528,74.033889,52.25,332.64437499999997,747.0625,96.822305625,22.264375000000005,5.1899999999999995,9.8725,31.695624999999996,17.501250000000006,4.39,26.232829375
2026-09-13T21:20:00.000Z,MCT2408051,15.486528,74.033889,51.8125,330.24625000000003,730.5625,96.90956437500002,21.990625,5.1899999999999995,10.687499999999998,34.299375,19.096875000000004,4.39,26.236180625
2026-09-13T21:30:00.000Z,MCT2408051,15.486528,74.033889,51.875,327.41375,744.3125,96.61344812500002,22.024375,5.1899999999999995,14.729999999999999,46.30187499999999,25.241250000000004,4.39,26.316617500000003
2026-09-13T21:40:00.000Z,MCT2408051,15.486528,74.033889,51.75,325.835,736.875,96.44035687499999,21.950625,5.1899999999999995,11.698125,37.48437500000001,20.690625,4.39,26.318628124999996
2026-09-13T21:49:27.155Z,MCT2408051,15.486528,74.033889,52.13333333333333,325.5213333333333,743.8,96.31170533333332,22.192,5.1899999999999995,9.495333333333333,30.41266666666666,16.67666666666667,4.39,26.256558666666667
2026-09-13T20:50:00.000Z,MCT2408050,15.553611,73.958333,51,86.03,628,92.19031,11.08,4.15,20.36,64.41,34.87,2.79,26.38097
2026-09-13T21:00:00.000Z,MCT2408050,15.553611,73.958333,51.1875,86.02999999999999,625.8125,92.06871312499999,11.1375,4.21875,20.465625000000003,64.24499999999999,34.391875000000006,2.5349999999999997,26.370912499999996
2026-09-13T21:10:00.000Z,MCT2408050,15.553611,73.958333,52.25,86.02999999999999,644.25,92.10638374999999,11.319375,4.2437499999999995,20.889375,65.479375,35.029375,2.63375,26.385659375
2026-09-13T21:20:00.000Z,MCT2408050,15.553611,73.958333,53.375,86.02999999999999,635.625,92.17409687499999,11.084375,4.189375,21.945625000000007,67.9475,35.879375,2.6550000000000007,26.404426250000004
2026-09-13T21:30:00.000Z,MCT2408050,15.553611,73.958333,52.1875,86.02999999999999,633.1875,92.08063499999999,11.028750000000004,4.221875000000001,20.942500000000006,65.1575,34.60437499999999,2.5518750000000003,26.42721875
2026-09-13T21:40:00.000Z,MCT2408050,15.553611,73.958333,52.625,86.02999999999999,661,92.26564874999998,11.009999999999998,4.196250000000001,21.153750000000002,66.17625000000001,35.295,2.6543750000000004,26.335386874999998
2026-09-13T21:49:27.338Z,MCT2408050,15.553611,73.958333,53.13333333333333,86.02999999999999,633.4,92.56821733333331,11.23066666666667,4.222666666666666,21.54533333333334,67.15266666666666,35.60666666666667,2.868666666666667,26.27371799999999
2026-09-13T20:50:00.000Z,MCT2408034,15.356389,74.123611,32,180,519.5,76.71027,6.15,5.285,10.03,32.82,17.82,1.335,30.30099
2026-09-13T21:00:00.000Z,MCT2408034,15.356389,74.123611,32.44,180,533.28,76.54363840000003,6.2280000000000015,4.674800000000001,10.466399999999998,33.12400000000001,17.593199999999996,1.2508,30.231707199999995
2026-09-13T21:10:00.000Z,MCT2408034,15.356389,74.123611,32.666666666666664,180,536.1666666666666,76.48901333333335,6.204166666666669,5.440416666666667,10.522916666666665,33.80000000000001,18.284999999999997,1.2895833333333335,30.18078083333333
2026-09-13T21:20:00.000Z,MCT2408034,15.356389,74.123611,33.44,180,542.8,76.71057039999997,6.189200000000002,5.2104,10.976399999999998,35.0364,18.791199999999996,1.3276,30.140757200000007
2026-09-13T21:30:00.000Z,MCT2408034,15.356389,74.123611,32.88,180,545.4,76.53570600000002,6.280400000000002,4.9124,10.9032,33.949600000000004,17.966399999999997,1.2599999999999998,30.124027200000004
2026-09-13T21:40:00.000Z,MCT2408034,15.356389,74.123611,32.84,180,533.44,76.64862040000004,6.221600000000003,4.8324,10.684799999999997,33.98600000000001,18.303599999999996,1.35,30.058819200000006
2026-09-13T21:49:27.338Z,MCT2408034,15.356389,74.123611,32.82608695652174,180,523.1739130434783,76.61539695652176,6.242173913043479,4.758260869565217,10.701739130434783,33.923913043478265,18.223043478260866,1.3443478260869564,30.004653478260867
2026-09-13T20:50:00.000Z,MCT2408029,15.333611,74.206944,16,120,826,91.12219,4.19,7.26,5.29,16.18,8.82,3.5,26.46677
2026-09-13T21:00:00.000Z,MCT2408029,15.333611,74.206944,16.6,120,828.3333333333334,91.08251800000001,5.8453333333333335,8.100000000000001,5.175333333333334,15.682,8.628000000000002,3.698,26.461762666666672
2026-09-13T21:10:00.000Z,MCT2408029,15.333611,74.206944,16.0625,120,839.6875,91.02348812500001,3.7468749999999997,7.457500000000001,5.2175,16.21875,9.006249999999998,3.5387500000000003,26.412471874999998
2026-09-13T21:20:00.000Z,MCT2408029,15.333611,74.206944,15.875,120,845.25,90.99678437500002,4.289999999999999,7.605000000000001,4.926875000000001,15.460624999999997,8.786249999999999,3.564375,26.334716249999992
2026-09-13T21:30:00.000Z,MCT2408029,15.333611,74.206944,15.625,120,847.625,91.06640375000002,4.50375,7.670000000000001,4.854375,14.991874999999999,8.4575,3.509375,26.260310625
2026-09-13T21:40:00.000Z,MCT2408029,15.333611,74.206944,16.0625,120,838.875,91.15604812500001,3.475625000000001,7.920625000000001,5.2925,16.291875,9.08125,3.7718750000000005,26.166464375
2026-09-13T21:49:27.346Z,MCT2408029,15.333611,74.206944,16.133333333333333,120,836.0666666666667,91.16034000000003,4.617333333333333,7.626666666666667,5.097333333333334,15.565333333333333,8.627333333333333,3.5486666666666666,26.139294000000007
2026-09-13T20:50:00.000Z,MCT2408030,15.142519,74.075003,31,163,566,81.89063,9.59,6.2,9.37,31.02,18.93,4.15,26.64909
2026-09-13T21:00:00.000Z,MCT2408030,15.142519,74.075003,30.866666666666667,163,569.2,81.88656066666667,8.790000000000001,6.200000000000002,10.372666666666667,30.65466666666667,16.85,4.328666666666666,26.651236000000004
2026-09-13T21:10:00.000Z,MCT2408030,15.142519,74.075003,34.375,163,567.75,81.83722000000003,8.863750000000001,6.200000000000002,12.653125000000003,37.978125000000006,20.885625000000005,4.2475,26.663170000000008
2026-09-13T21:20:00.000Z,MCT2408030,15.142519,74.075003,32.333333333333336,163,574.8,81.854006,8.822000000000001,6.200000000000002,11.244666666666669,33.63599999999999,18.554,4.3533333333333335,26.649090666666666
2026-09-13T21:30:00.000Z,MCT2408030,15.142519,74.075003,31,163,574.125,81.860109375,9.025000000000002,6.200000000000002,10.485625,31.021250000000002,16.921249999999997,4.429375,26.588765000000006
2026-09-13T21:40:00.000Z,MCT2408030,15.142519,74.075003,38.125,163,571.75,81.87536749999998,8.924375000000001,6.200000000000002,15.053125000000001,44.878125000000004,24.67125,4.317499999999999,26.51167875
2026-09-13T21:49:27.344Z,MCT2408030,15.142519,74.075003,33.07142857142857,163,578.4285714285714,81.92114071428571,8.750714285714286,6.200000000000002,11.314285714285715,34.21571428571429,19.069285714285712,4.450714285714286,26.43229571428572
2026-09-13T20:50:00.000Z,MCT2408023,15.499722,74.020833,61,207.7,516,92.16742,9.42,19.56,17.74,60.79,40.6,3.39,26.00559
2026-09-13T21:00:00.000Z,MCT2408023,15.499722,74.020833,59.8125,207.340625,511.875,92.18268,8.403125,18.7825,18.614375000000003,60.790000000000006,38.7875,3.9618750000000005,25.984138125000005
2026-09-13T21:10:00.000Z,MCT2408023,15.499722,74.020833,58.5,205.27624999999995,513.875,92.1807725,8.356875,19.060625,18.771875,59.52374999999999,37.065625,4.061249999999999,25.9754225
2026-09-13T21:20:00.000Z,MCT2408023,15.499722,74.020833,58.46666666666667,205.36333333333334,524.2,92.11655733333333,8.838,18.462666666666664,17.827333333333332,57.91933333333334,36.92666666666666,4.163333333333332,25.981992666666667
2026-09-13T21:30:00.000Z,MCT2408023,15.499722,74.020833,57.5,206.61624999999998,515.875,92.20318062500002,8.569374999999999,18.214374999999997,17.584374999999998,56.673750000000005,35.796875,3.935,25.929171874999998
2026-09-13T21:40:00.000Z,MCT2408023,15.499722,74.020833,53.6875,211.813125,506.25,92.232741875,8.315625,19.44375,14.257499999999997,47.88875000000001,31.356249999999996,3.4387499999999998,25.919789999999992
2026-09-13T21:49:27.346Z,MCT2408023,15.499722,74.020833,55.2,203.47466666666668,517.8666666666667,92.19590266666667,8.382,18.65266666666667,15.124666666666664,50.65866666666666,33.06,3.51,25.896905999999998
2026-09-13T20:50:00.000Z,MCT2408027,15.275556,74.1075,48,1168.25,633,88.99359,6.58,13.14,17.75,55.2,29.64,2.95,26.97085
2026-09-13T21:00:00.000Z,MCT2408027,15.275556,74.1075,42.9375,1192.7656249999998,610.8125,89.077515,6.579999999999999,12.60625,14.79375,44.848749999999995,23.654375,2.9500000000000006,26.933310625
2026-09-13T21:10:00.000Z,MCT2408027,15.275556,74.1075,43.6875,1190.1362499999998,621.6875,89.23391875000002,6.579999999999999,12.694374999999997,14.916875,46.02125,24.58,2.9500000000000006,26.88102625
2026-09-13T21:20:00.000Z,MCT2408027,15.275556,74.1075,45.0625,1192.953125,616.5,89.42751375000003,6.579999999999999,12.696874999999999,16.025624999999998,49.038125,26.00125,2.9500000000000006,26.813993125000007
2026-09-13T21:30:00.000Z,MCT2408027,15.275556,74.1075,41.9375,1186.7287499999998,607.1875,89.38650500000001,6.579999999999999,12.633124999999996,13.869374999999998,42.8775,22.915,2.9500000000000006,26.809970000000007
2026-09-13T21:40:00.000Z,MCT2408027,15.275556,74.1075,41.25,1193.800625,621.625,89.31402687500001,6.579999999999999,12.669999999999996,13.621249999999996,41.46062499999999,21.6775,2.9500000000000006,26.830082499999996
2026-09-13T21:49:27.535Z,MCT2408027,15.275556,74.1075,35.266666666666666,1190.0893333333333,626.6,89.30080133333334,6.579999999999999,12.761333333333331,9.731333333333334,29.70266666666667,15.875333333333334,2.9500000000000006,26.797101999999995
2026-09-13T20:50:00.000Z,MCT2408049,15.475278,74.055833,56,150,547,86.42249,23.81,19.57,11.5,33.71,16.88,2.61,27.31405
2026-09-13T21:00:00.000Z,MCT2408049,15.475278,74.055833,56.75,152.64371875,536.1875,86.40341499999998,24.199374999999996,14.125625,11.020000000000001,32.701875,16.735624999999995,2.61,27.317403125000002
2026-09-13T21:10:00.000Z,MCT2408049,15.475278,74.055833,56.4375,150.3718375,541.125,86.38958562499998,24.15,14.706875,11.451875000000001,34.089999999999996,17.406875,2.61,27.3033275
2026-09-13T21:20:00.000Z,MCT2408049,15.475278,74.055833,56.75,150,562.5,86.27800437499998,24.308749999999996,14.333125,11.740625,34.90375,17.837500000000002,2.61,27.26310875
2026-09-13T21:30:00.000Z,MCT2408049,15.475278,74.055833,56.6875,150.9515625,574.125,86.31090499999998,24.259999999999998,13.649375000000001,11.644375,34.471875,17.598125,2.61,27.208808749999996
2026-09-13T21:40:00.000Z,MCT2408049,15.475278,74.055833,56.5,150.69048750000002,566.375,86.34285374999997,24.073124999999997,13.276874999999999,11.644375000000002,34.61625000000001,17.646875,2.61,27.21081999999999
2026-09-13T21:49:27.536Z,MCT2408049,15.475278,74.055833,56.6,150,554.6666666666666,86.54709799999999,24.19266666666666,15.04066666666667,11.705333333333334,34.422,17.391333333333332,2.61,27.228965333333342
2026-09-13T20:50:00.000Z,MCT2408040,15.528056,74.020833,18,100,516,88.13147,7.43,4.84,3.41,9.47,4.46,3.5,27.47493
2026-09-13T21:00:00.000Z,MCT2408040,15.528056,74.020833,18.8125,100,513.3125,88.12908562500002,7.856875000000002,4.744375,3.13,9.3175,4.470625,3.5,27.464871250000005
2026-09-13T21:10:00.000Z,MCT2408040,15.528056,74.020833,18.9375,100,523.625,88.14625375,7.925000000000001,4.724375,3.165,9.316875000000001,4.47125,3.5,27.458170625
2026-09-13T21:20:00.000Z,MCT2408040,15.528056,74.020833,18.8125,100,533.875,88.00653812500002,7.920625000000002,4.801875,3.1987499999999995,9.516250000000003,4.606250000000001,3.5,27.47492874999999
2026-09-13T21:30:00.000Z,MCT2408040,15.528056,74.020833,18.6875,100,535.1875,88.01702937500002,7.734375000000002,4.765625,3.1862500000000002,9.449374999999998,4.5725,3.5,27.414599375
2026-09-13T21:40:00.000Z,MCT2408040,15.528056,74.020833,19,100,536.8125,88.09999625,7.937500000000002,4.7974999999999985,3.2025,9.208125,4.36,3.5,27.325447499999996
2026-09-13T21:49:27.537Z,MCT2408040,15.528056,74.020833,18.866666666666667,100,543.3333333333334,88.15690199999999,7.940666666666669,4.790666666666667,3.098,9.12,4.3406666666666665,3.5,27.241835999999996
2026-09-13T20:50:00.000Z,MCT2408046,15.529167,74.07,31,95.52,508,83.91241,13.565000000000001,0.6799999999999999,10.115,30.555,15.12,3.505,28.20423
2026-09-13T21:00:00.000Z,MCT2408046,15.529167,74.07,31,95.52,514.28,84.24291960000001,13.4072,0.6876000000000001,10.446799999999998,31.642800000000012,15.920799999999995,3.4632,28.117145599999994
2026-09-13T21:10:00.000Z,MCT2408046,15.529167,74.07,31.08,95.52,533.88,84.19042959999999,13.388399999999997,0.722,11.556399999999998,35.105999999999995,17.495199999999993,3.4279999999999995,28.0982696
2026-09-13T21:20:00.000Z,MCT2408046,15.529167,74.07,31.04,95.52,540.64,83.85626239999999,13.450000000000003,0.7351999999999999,11.304400000000001,34.0848,17.057999999999996,3.4135999999999997,28.168625599999995
2026-09-13T21:30:00.000Z,MCT2408046,15.529167,74.07,31.12,95.52,532.36,84.27679599999999,13.418000000000001,0.7404,10.699200000000001,32.53080000000001,16.4056,3.4800000000000004,28.036064
2026-09-13T21:40:00.000Z,MCT2408046,15.529167,74.07,31.04,95.52,534.16,84.3927624,13.3848,0.7099999999999997,10.016399999999999,30.4436,15.2432,3.5315999999999996,27.970426400000004
2026-09-13T21:49:27.547Z,MCT2408046,15.529167,74.07,31.043478260869566,95.52,519.5217391304348,84.47334043478259,13.55,0.6513043478260869,10.006956521739129,30.046956521739126,14.91130434782609,3.5882608695652176,27.92724739130434
2026-09-13T20:50:00.000Z,MCT2408044,15.313669,74.140042,24,214.29,555,94.71564,10.61,3.32,5.75,15,8.65,2.346154,25.41571
2026-09-13T21:00:00.000Z,MCT2408044,15.313669,74.140042,24.0625,214.29,562.625,94.75902812499997,10.729375,3.666875000000001,5.855625,16.28125,9.763749999999998,3.3666666250000006,25.37548875
2026-09-13T21:10:00.000Z,MCT2408044,15.313669,74.140042,24.266666666666666,214.29,565.2,94.73598266666666,10.822000000000001,3.5580000000000003,6.245333333333334,17.3,10.270000000000003,3.6180341999999994,25.323473333333336
2026-09-13T21:20:00.000Z,MCT2408044,15.313669,74.140042,24.375,214.29,569.25,94.99744812500002,10.83375,3.9018749999999995,5.675625000000001,16.125,9.831249999999999,3.10857375,25.262876874999996
2026-09-13T21:30:00.000Z,MCT2408044,15.313669,74.140042,24.125,214.29,571.4375,94.95167062500003,10.754999999999999,3.473125,6.143750000000001,16.90625,10.0675,3.2197115624999997,25.214614374999993
2026-09-13T21:40:00.000Z,MCT2408044,15.313669,74.140042,24.25,214.29,579.8125,95.02510437499998,10.819999999999999,3.4025,6.968750000000001,19.21875,11.31625,3.2522436875,25.156967500000004
2026-09-13T21:49:27.546Z,MCT2408044,15.313669,74.140042,24.466666666666665,214.29,572.1333333333333,95.03759733333332,10.725999999999999,3.598666666666667,9.464666666666666,25.7,14.989333333333336,3.2284616000000006,25.126131999999995
2026-09-13T20:50:00.000Z,MCT2408041,15.224628,74.171389,30,414.1497,600,88.46716,12.78,9.7,8.89,27.54,14.56,7.9,26.56329
2026-09-13T21:00:00.000Z,MCT2408041,15.224628,74.171389,31.0625,431.8131,589.4375,88.43712312500001,13.566875000000003,9.7,8.190000000000001,24.350625000000004,12.788124999999997,7.8343750000000005,26.557931250000006
2026-09-13T21:10:00.000Z,MCT2408041,15.224628,74.171389,30.8125,432.44895625,579.25,88.428063125,13.310624999999998,9.7,8.240000000000002,25.008750000000006,13.344999999999999,7.933750000000001,26.557930624999997
2026-09-13T21:20:00.000Z,MCT2408041,15.224628,74.171389,31,437.22503125000003,572.875,88.49195749999997,13.391874999999999,9.7,8.090000000000002,23.895000000000007,12.534999999999998,8.035625000000001,26.515031875000005
2026-09-13T21:30:00.000Z,MCT2408041,15.224628,74.171389,32.0625,375.83653124999995,577.1875,88.37179625000002,13.41625,9.7,10.109375000000002,30.020625000000003,15.619375,7.9849999999999985,26.441965625000005
2026-09-13T21:40:00.000Z,MCT2408041,15.224628,74.171389,30.875,410.6405812499999,580.75,88.34222999999999,13.399375,9.7,9.047500000000001,26.679375000000004,13.798124999999999,8.05875,26.365550624999997
2026-09-13T21:49:27.733Z,MCT2408041,15.224628,74.171389,31.066666666666666,424.53414000000004,581.7333333333333,88.52006200000001,13.5,9.7,8.518000000000002,25.758000000000003,13.642,7.950000000000001,26.29373666666667
2026-09-13T20:50:00.000Z,MCT2408037,15.394444,74.118333,29,160,531,85.2323,10.98,14.35,8.92,29.44,14.24,3.38,27.32478
2026-09-13T21:00:00.000Z,MCT2408037,15.394444,74.118333,31.125,160,517.6875,85.27712249999999,10.36,14.415,9.290624999999999,33.475624999999994,17.146250000000002,3.6987499999999995,27.297294375
2026-09-13T21:10:00.000Z,MCT2408037,15.394444,74.118333,31.125,160,509.625,85.52937,10.356874999999999,14.434375,9.476874999999998,33.374375,16.771250000000002,3.7037500000000003,27.265789999999996
2026-09-13T21:20:00.000Z,MCT2408037,15.394444,74.118333,31.4375,160,532.6875,85.47644,10.504375000000001,14.421874999999998,9.383124999999998,33.731874999999995,17.240000000000002,3.483749999999999,27.283217499999992
2026-09-13T21:30:00.000Z,MCT2408037,15.394444,74.118333,31.3125,160,535.125,85.40014749999997,10.485624999999999,14.425625000000002,9.290624999999999,33.526875000000004,17.193125000000002,3.563125,27.27048375
2026-09-13T21:40:00.000Z,MCT2408037,15.394444,74.118333,32.8125,160,533.5625,85.36247437499999,10.506249999999998,14.408750000000001,10.36,36.43999999999999,18.271250000000002,3.741875,27.241657500000002
2026-09-13T21:49:27.733Z,MCT2408037,15.394444,74.118333,31.2,160,540.2666666666667,85.26027333333334,10.740666666666664,14.363333333333335,9.762666666666664,33.58066666666666,16.640000000000004,3.765333333333333,27.227535999999994
2026-09-13T20:50:00.000Z,MCT2408024,15.148056,74.131667,41,215.5828,763,80.30371,17.66337,5.772006,6.99,22.99,12.99,2.68,27.23898
2026-09-13T21:00:00.000Z,MCT2408024,15.148056,74.131667,41.24,214.607676,620.52,80.09893720000002,18.033585599999995,7.244155520000003,7.3512,24.1868,13.830000000000005,2.6372000000000004,27.271582000000002
2026-09-13T21:10:00.000Z,MCT2408024,15.148056,74.131667,41.416666666666664,215.3403375,729.8333333333334,80.09580875000005,18.1968725,8.349265750000004,7.656666666666667,24.32208333333334,13.531666666666672,2.6491666666666673,27.20054333333334
2026-09-13T21:20:00.000Z,MCT2408024,15.148056,74.131667,41.16,215.01811999999998,808.72,80.20666399999999,17.9876912,8.277055600000004,7.910000000000002,25.146400000000007,14.070000000000004,2.6356,27.089680800000007
2026-09-13T21:30:00.000Z,MCT2408024,15.148056,74.131667,41.56,214.839016,705.6,80.41449040000002,18.3391344,8.768253120000004,8.310000000000002,25.86480000000001,14.150000000000004,2.638399999999999,27.036484799999997
2026-09-13T21:40:00.000Z,MCT2408024,15.148056,74.131667,41.32,215.151028,694.12,80.42486680000002,18.1180088,8.156420880000002,7.191200000000001,23.349200000000007,13.150000000000004,2.6568,27.021898799999995
2026-09-13T21:49:27.742Z,MCT2408024,15.148056,74.131667,41.21739130434783,215.0823826086957,800.1304347826087,80.45198565217389,17.98144913043478,8.222598000000003,6.818260869565217,22.207391304347833,12.381304347826092,2.656086956521739,26.93074478260869
2026-09-13T20:50:00.000Z,MCT2408033,15.346944,74.007778,20,115.7497,574,88.79523,7.54,3.87,7.27,18.46,11.18,4.39,27.06737
2026-09-13T21:00:00.000Z,MCT2408033,15.346944,74.007778,20.625,114.4153125,571.75,88.77090874999999,7.465000000000001,4.271249999999999,7.234374999999999,18.716874999999998,11.39625,4.39,27.04525125
2026-09-13T21:10:00.000Z,MCT2408033,15.346944,74.007778,21.0625,111.9973125,570.1875,88.80667187499999,7.649375,4.342499999999999,7.991874999999999,20.416249999999998,12.166874999999997,4.39,26.996990000000004
2026-09-13T21:20:00.000Z,MCT2408033,15.346944,74.007778,21.0625,110.42076875,592.0625,88.874380625,7.689375000000001,4.339375,7.612499999999999,19.806874999999994,12.09375,4.39,26.944035625000005
2026-09-13T21:30:00.000Z,MCT2408033,15.346944,74.007778,20.3125,112.02343124999999,579.1875,88.90680750000001,7.661874999999998,4.255624999999999,7.273124999999999,18.7175,11.286875,4.39,26.923255
2026-09-13T21:40:00.000Z,MCT2408033,15.346944,74.007778,20.1875,115.690125,557.75,88.74611187500001,7.618749999999999,4.391875,7.158749999999999,18.235625000000002,10.95625,4.39,26.944703750000002
2026-09-13T21:49:27.741Z,MCT2408033,15.346944,74.007778,20.2,116.52565333333334,574.4,88.82269133333334,7.8306666666666676,4.283333333333333,6.9093333333333335,17.709333333333333,10.707333333333334,4.39,26.895772
2026-09-13T20:50:00.000Z,MCT2408045,15.619444,73.878889,35,178.12,795,85.87317,10.9,15.7,12.08,41.06,21.49,2.53,27.2497
2026-09-13T21:00:00.000Z,MCT2408045,15.619444,73.878889,35.125,178.11999999999995,783.6875,85.888428125,10.356250000000001,16.157500000000002,12.206250000000002,41.27375000000001,21.381250000000005,2.5300000000000002,27.249702500000005
2026-09-13T21:10:00.000Z,MCT2408045,15.619444,73.878889,37.25,178.11999999999995,774.9375,86.03529437500003,10.30875,16.085,13.370000000000003,45.556875000000005,23.6075,2.5300000000000002,27.23763875000001
2026-09-13T21:20:00.000Z,MCT2408045,15.619444,73.878889,37.75,178.11999999999995,772.25,86.17929750000003,10.502500000000001,16.23875,13.621250000000002,46.520625,24.13625,2.5300000000000002,27.226238125000002
2026-09-13T21:30:00.000Z,MCT2408045,15.619444,73.878889,37.875,178.11999999999995,778.625,86.20123000000004,10.783750000000001,16.377499999999998,13.652500000000002,46.37812500000001,23.924375,2.5300000000000002,27.247691874999997
2026-09-13T21:40:00.000Z,MCT2408045,15.619444,73.878889,37.5625,178.11999999999995,780,86.171191875,10.890000000000002,16.5,13.558125000000002,45.98437499999999,23.711875,2.5300000000000002,27.25975874999999
2026-09-13T21:49:27.930Z,MCT2408045,15.619444,73.878889,37.93333333333333,178.11999999999995,784.4,86.11832733333334,10.689333333333337,16.098,13.422666666666668,45.82000000000001,23.71,2.5300000000000002,27.275442
2026-09-13T20:50:00.000Z,MCT2408022,15.475833,74.038889,42,150,487,89.81757,4.02,11.01004,14,43,23,4.230236,26.7778
2026-09-13T21:00:00.000Z,MCT2408022,15.475833,74.038889,44.5,150,486.9375,89.806601875,4.170625,11.153488124999999,15.5,48.375,25.9375,4.23055875,26.724841875
2026-09-13T21:10:00.000Z,MCT2408022,15.475833,74.038889,45.125,150,489.25,89.817566875,4.1362499999999995,11.139872499999997,16.375,49.625,26.25,4.257273437499999,26.653114374999994
2026-09-13T21:20:00.000Z,MCT2408022,15.475833,74.038889,46.0625,150,500.1875,89.83807,4.180625,11.217306874999998,16.875,51.625,27.5625,4.3063055625,26.579380000000004
2026-09-13T21:30:00.000Z,MCT2408022,15.475833,74.038889,47.9375,150,501.125,90.19617375000001,3.968749999999999,11.213039375,17.8125,55.1875,29.6875,4.267865312500001,26.509668749999996
2026-09-13T21:40:00.000Z,MCT2408022,15.475833,74.038889,46,150,494.06666666666666,90.36128733333334,3.869333333333333,11.400870000000001,16.8,51.666666666666664,27.666666666666668,4.256647333333333,26.516818666666673
2026-09-13T21:49:27.931Z,MCT2408022,15.475833,74.038889,44.4,150,485.8,90.61865333333337,3.874,11.33734933333333,15.8,48.333333333333336,25.533333333333335,4.254602066666667,26.425298
2026-09-13T20:50:00.000Z,MCT2408032,15.525556,73.828611,36,178.93,651,87.04047,14.93,19.83,11.39,35.56,19.82,2.21,28.51526
2026-09-13T21:00:00.000Z,MCT2408032,15.525556,73.828611,38.44,178.92999999999995,646.96,87.03131199999999,14.588000000000001,18.9432,11.5632,38.970000000000006,22.1968,2.1471999999999998,28.5182644
2026-09-13T21:10:00.000Z,MCT2408032,15.525556,73.828611,40.28,178.92999999999995,641.04,87.10180759999999,15.201200000000005,19.249599999999997,12.8736,42.89639999999999,24.405999999999995,2.080799999999999,28.509685200000003
2026-09-13T21:20:00.000Z,MCT2408032,15.525556,73.828611,48.08,178.92999999999995,604.76,86.6074208,14.737600000000004,18.952399999999997,17.656799999999997,58.256,32.84199999999999,2.13,28.66884480000001
2026-09-13T21:30:00.000Z,MCT2408032,15.525556,73.828611,44.4,178.92999999999995,622.4,85.6778556,14.371600000000003,18.8824,14.866800000000003,50.86079999999999,29.5016,2.2303999999999995,28.914236400000014
2026-09-13T21:40:00.000Z,MCT2408032,15.525556,73.828611,46.84,178.92999999999995,590.36,85.83105599999998,14.160000000000002,19.226,16.972800000000003,55.695600000000006,31.143600000000006,2.1995999999999998,28.840017200000013
2026-09-13T21:49:27.937Z,MCT2408032,15.525556,73.828611,45.458333333333336,178.92999999999995,600.1666666666666,85.78956375,14.853333333333339,19.10458333333333,15.841666666666663,52.74375,29.905416666666664,2.0879166666666666,28.82494791666667
2026-09-13T20:50:00.000Z,MCT2408036,15.171567,74.067106,38,120,516,87.70422,10.56,7.74,4.74,14.18,7.6,11.97,26.92795
2026-09-13T21:00:00.000Z,MCT2408036,15.171567,74.067106,36.53333333333333,120,509.1333333333333,88.61110466666666,10.342666666666666,7.912,4.456666666666667,13.744,7.6339999999999995,11.258000000000001,26.672690666666668
2026-09-13T21:10:00.000Z,MCT2408036,15.171567,74.067106,36.875,120,507.8125,87.75143,10.13,8.038125,4.605625,14.056249999999999,7.757499999999999,11.495000000000001,26.866277499999995
2026-09-13T21:20:00.000Z,MCT2408036,15.171567,74.067106,35.8,120,518,86.86905800000001,10.254,8.030666666666669,4.4926666666666675,13.473999999999997,7.295333333333335,10.887333333333332,27.09883266666667
2026-09-13T21:30:00.000Z,MCT2408036,15.171567,74.067106,36.25,120,526.125,86.96464875000001,10.306249999999999,8.105,4.4750000000000005,13.454374999999999,7.347499999999999,11.080625000000001,27.070724374999998
2026-09-13T21:40:00.000Z,MCT2408036,15.171567,74.067106,36.0625,120,524.3125,86.923640625,10.424374999999998,8.003124999999999,4.5075,13.359374999999998,7.22,11.030625,27.095526249999995
2026-09-13T21:49:27.937Z,MCT2408036,15.171567,74.067106,36.5,120,522.7857142857143,86.86989357142856,10.46214285714286,8.152857142857144,4.588571428571429,13.496428571428575,7.1642857142857155,11.247142857142858,27.058180714285708
2026-09-13T20:50:00.000Z,MCT2408042,15.213889,74.071667,63,254.52,507,88.41376,27.35,13.91,10.92,31.92,16.4,3.88,26.87432
2026-09-13T21:00:00.000Z,MCT2408042,15.213889,74.071667,61,265.128125,503.8125,88.42949687500001,26.07,13.489375,10.351249999999999,31.123125,16.172500000000003,3.3925,26.883038124999995
2026-09-13T21:10:00.000Z,MCT2408042,15.213889,74.071667,61.0625,264.29749999999996,499.375,88.43617187500001,26.109999999999996,13.226875000000001,9.896249999999998,29.9825,15.831250000000002,3.485,26.875661875000002
2026-09-13T21:20:00.000Z,MCT2408042,15.213889,74.071667,61.13333333333333,265.2373333333333,501.53333333333336,88.50429266666669,26.155333333333328,13.566666666666666,10.980666666666666,33.076,17.249333333333333,3.1746666666666665,26.91650733333334
2026-09-13T21:30:00.000Z,MCT2408042,15.213889,74.071667,61.0625,266.53187499999996,509.25,88.46430312500003,26.109999999999996,13.341874999999998,10.12375,30.665625000000006,16.115625,3.4375000000000004,26.962805625
2026-09-13T21:40:00.000Z,MCT2408042,15.213889,74.071667,61.0625,266.8099999999999,502.8125,88.31552874999998,26.109999999999996,13.353124999999999,10.12375,30.895000000000003,16.286250000000003,3.51,26.963475000000003
2026-09-13T21:49:28.085Z,MCT2408042,15.213889,74.071667,61.0625,266.533125,500.125,88.38848562499999,26.109999999999996,13.23375,9.782499999999999,29.640000000000004,15.660625000000005,3.5181249999999995,26.90247437499999
2026-09-13T20:50:00.000Z,MCT2408039,15.163611,74.110833,29,301.04,642,86.23938,13.47,10.3,9.02,28.94,11.76,2.3,26.32734
2026-09-13T21:00:00.000Z,MCT2408039,15.163611,74.110833,29.875,311.69375,642.4375,86.26513125,13.193750000000001,10.3,9.019999999999998,28.94,11.759999999999998,2.3,26.301870625000003
2026-09-13T21:10:00.000Z,MCT2408039,15.163611,74.110833,29.5,313.08750000000003,642.0625,86.321871875,12.099999999999998,10.3,9.019999999999998,28.94,11.759999999999998,2.3,26.309243750000004
2026-09-13T21:20:00.000Z,MCT2408039,15.163611,74.110833,29.5,324.933125,603.6875,86.32234937499999,12.629374999999998,10.3,9.019999999999998,28.94,11.759999999999998,2.3,26.358848124999998
2026-09-13T21:30:00.000Z,MCT2408039,15.163611,74.110833,29,331.90875000000005,621.3125,86.24033374999999,12.065,10.3,9.019999999999998,28.94,11.759999999999998,2.3,26.381638749999993
2026-09-13T21:40:00.000Z,MCT2408039,15.163611,74.110833,29.3125,329.90875,643.875,86.23747312499998,12.549999999999997,10.3,9.019999999999998,28.94,11.759999999999998,2.3,26.407779375
2026-09-13T21:49:28.136Z,MCT2408039,15.163611,74.110833,29.533333333333335,332.8933333333333,637.6666666666666,86.10713666666668,12.373999999999999,10.3,9.019999999999998,28.94,11.759999999999998,2.3,26.344502
2026-09-13T20:50:00.000Z,MCT2408035,15.236111,74.125,48,190,727,87.77289,19.54985,9.65,3.8,11.32,6.04,3.83,27.02447
2026-09-13T21:00:00.000Z,MCT2408035,15.236111,74.125,46,190,719.625,87.72663562499997,18.241371875,8.115625,3.799999999999999,10.755624999999997,5.471875,3.8299999999999987,27.041228750000002
2026-09-13T21:10:00.000Z,MCT2408035,15.236111,74.125,46.9375,190,724.75,87.855380625,18.862186875,8.470625,3.823749999999999,11.250625,5.920000000000001,3.8299999999999987,26.992967500000002
2026-09-13T21:20:00.000Z,MCT2408035,15.236111,74.125,47.8125,190,751.4375,87.92643125,19.619023125000002,8.566875,3.799999999999999,11.296874999999996,6.015625000000002,3.8299999999999987,26.905826875
2026-09-13T21:30:00.000Z,MCT2408035,15.236111,74.125,47.1875,190,732.625,87.9884175,19.250486875,8.386249999999999,3.799999999999999,11.296874999999998,6.016250000000001,3.8299999999999987,26.848180625
2026-09-13T21:40:00.000Z,MCT2408035,15.236111,74.125,47.3125,190,764.8125,88.044208125,19.250486875,8.518749999999999,3.799999999999999,11.250624999999998,5.968125000000001,3.8299999999999987,26.7965675
2026-09-13T21:49:28.132Z,MCT2408035,15.236111,74.125,46.86666666666667,190,768.6666666666666,88.06687333333335,18.961432,8.266,3.799999999999999,11.068666666666667,5.786666666666666,3.8299999999999987,26.665538
2026-09-13T20:50:00.000Z,MCT2408038,15.188889,74.055556,22,382.34,649,86.62085,9.51,13.33,5.95,16.9,7.94,4.81,27.04592
2026-09-13T21:00:00.000Z,MCT2408038,15.188889,74.055556,21.4375,380.05249999999995,669.25,86.62847875,9.259374999999999,13.330000000000005,5.965000000000002,16.900000000000002,7.994999999999999,4.6937500000000005,27.04592000000001
2026-09-13T21:10:00.000Z,MCT2408038,15.188889,74.055556,21.5,363.0718750000001,710.125,86.93842312500001,9.201249999999998,13.330000000000005,5.950000000000002,16.900000000000002,8.091249999999999,4.700625,27.075415625000005
2026-09-13T21:20:00.000Z,MCT2408038,15.188889,74.055556,21.5,372.996875,702.5,86.98563,9.206874999999998,13.330000000000005,5.965000000000002,16.961875000000003,8.077499999999999,4.7056249999999995,27.129041875000006
2026-09-13T21:30:00.000Z,MCT2408038,15.188889,74.055556,21.5625,382.38375,701.25,86.82302874999998,9.284374999999999,13.330000000000005,5.950000000000002,16.900000000000002,8.001874999999998,4.675625,27.188699999999997
2026-09-13T21:40:00.000Z,MCT2408038,15.188889,74.055556,21.3125,384.79687500000006,776.75,86.545033125,9.159374999999999,13.330000000000005,5.965000000000002,16.900000000000002,8.001874999999998,4.721875,27.123008125000002
2026-09-13T21:49:28.137Z,MCT2408038,15.188889,74.055556,21.6,382.5466666666667,777.4,86.44079466666669,9.367999999999999,13.330000000000005,5.950000000000002,16.900000000000002,7.983999999999998,4.743333333333334,26.946537999999997
2026-09-13T20:50:00.000Z,MCT2408031,15.290833,74.149167,22,178.1596,612,87.12439,7.609797,6.228473,7.14,19.13,10.48,5.21,26.28444
2026-09-13T21:00:00.000Z,MCT2408031,15.290833,74.149167,21.5,174.8648625,614,87.09386999999998,7.169024562500001,7.9483709375,7.291875,19.104999999999997,10.386875,4.92875,26.275728750000006
2026-09-13T21:10:00.000Z,MCT2408031,15.290833,74.149167,21.5,171.08983124999997,628.0625,87.08385749999998,6.860747375,6.666977437500001,7.113125000000001,18.915,10.416875000000001,5.078124999999999,26.235510624999996
2026-09-13T21:20:00.000Z,MCT2408031,15.290833,74.149167,21.8125,166.39868124999998,638.625,86.95940374999998,7.1471177500000005,8.2614090625,7.4399999999999995,19.484375,10.565625,4.977500000000001,26.223444375
2026-09-13T21:30:00.000Z,MCT2408031,15.290833,74.149167,24.4375,140,643.125,87.01090374999998,7.290302937500002,9.123995875000002,9.43375,24.973125000000003,13.750000000000002,5.02375,26.128255
2026-09-13T21:40:00.000Z,MCT2408031,15.290833,74.149167,22.8125,145.66634375,643.8125,87.15585999999999,7.2133655625,7.694675375000001,8.4225,21.849374999999995,11.75625,5.134375,25.986148749999998
2026-09-13T21:49:28.131Z,MCT2408031,15.290833,74.149167,23.4,143.25868666666665,628.9333333333333,87.25358133333332,7.316300533333333,7.440183533333334,8.698666666666666,22.956666666666667,12.635999999999997,4.8886666666666665,25.871166666666667
2026-09-13T20:50:00.000Z,MCT2408026,15.2467,74.198281,117,125,548,84.82031,12.69218,12.5,9.45,29.98,16.39,50.9,27.39985
2026-09-13T21:00:00.000Z,MCT2408026,15.2467,74.198281,117,125,543.4,85.06536840000001,13.195477600000002,12.5,8.772799999999997,28.5504,15.698000000000004,50.354,27.27801479999999
2026-09-13T21:10:00.000Z,MCT2408026,15.2467,74.198281,117.08333333333333,125.35809166666667,553.0833333333334,85.85568416666666,13.172642500000004,12.5,8.309999999999999,27.68416666666667,15.667916666666663,50.53833333333335,26.98291333333334
2026-09-13T21:20:00.000Z,MCT2408026,15.2467,74.198281,117,125.3824,557.9166666666666,85.82453083333331,13.099026250000003,12.5,8.27125,26.596666666666668,14.58416666666667,50.518750000000004,26.942248333333335
2026-09-13T21:30:00.000Z,MCT2408026,15.2467,74.198281,117,125,559.3333333333334,86.16594583333337,13.191821250000002,12.5,7.9575,25.991250000000004,14.342083333333333,50.39374999999999,26.83589124999999
2026-09-13T21:40:00.000Z,MCT2408026,15.2467,74.198281,117,125,551.44,86.23785600000001,13.2105944,12.5,7.450400000000001,25.029599999999995,14.155600000000007,50.40199999999999,26.818124000000008
2026-09-13T21:49:28.277Z,MCT2408026,15.2467,74.198281,117,125,550.8695652173913,86.0947547826087,13.104498695652175,12.5,7.643913043478261,24.89434782608696,13.876521739130435,50.46304347826087,26.84354565217391
2026-09-13T22:50:00.000Z,MCT2408028,15.186944,74.096667,43.77272727272727,481.4563636363636,584.3181818181819,90.26492727272728,19.169090909090905,11.783636363636361,12.622272727272732,39.59227272727271,21.55454545454545,1.9136363636363638,25.066653636363625
2026-09-13T23:00:00.000Z,MCT2408028,15.186944,74.096667,43.96,479.42879999999997,585.16,90.35528519999997,19.35599999999999,11.6884,12.7064,40.130799999999994,22.0312,1.7983999999999998,25.009440400000003
2026-09-13T23:10:00.000Z,MCT2408028,15.186944,74.096667,43.76,475.7520000000001,591.48,90.350098,19.145999999999994,11.723999999999998,11.948800000000004,38.182799999999986,21.1956,1.9775999999999996,24.969542800000003
2026-09-13T23:20:00.000Z,MCT2408028,15.186944,74.096667,43.84,475.05359999999996,590.44,90.4416504,19.2352,11.7896,11.350000000000001,36.47119999999999,20.241199999999996,2.0704000000000002,24.928359999999998
2026-09-13T23:30:00.000Z,MCT2408028,15.186944,74.096667,43.88,472.99119999999994,587.24,90.5237428,19.27359999999999,11.7212,10.350000000000001,34.2448,19.364399999999996,1.9327999999999996,24.894897999999994
2026-09-13T23:40:00.000Z,MCT2408028,15.186944,74.096667,43.96,469.6564000000001,586.2,90.60339479999999,19.350399999999993,11.592800000000002,10.949600000000002,35.000800000000005,19.443999999999996,1.8188,24.868297999999996
2026-09-13T23:41:11.340Z,MCT2408028,15.186944,74.096667,44,471.9866666666667,592.6666666666666,90.63391,19.4,11.56,9.99,33.806666666666665,19.55,2.12,24.897326666666668
2026-09-13T22:50:00.000Z,MCT2408020,15.543475,74.039433,34.857142857142854,180,826.8571428571429,85.4884292857143,9.389751285714286,19.27552928571428,10.930714285714284,33.816428571428574,18.05857142857143,3.659999999999999,27.715474285714286
2026-09-13T23:00:00.000Z,MCT2408020,15.543475,74.039433,36.125,180,835.75,86.1411525,9.2424836875,19.152655625,11.653125,36.17125,19.229375,3.6599999999999984,27.40387375
2026-09-13T23:10:00.000Z,MCT2408020,15.543475,74.039433,36.6875,180,840.125,86.51880625000001,9.0925411875,19.23419625,11.943750000000001,37.220625000000005,19.868124999999996,3.6599999999999984,27.2228875
2026-09-13T23:20:00.000Z,MCT2408020,15.543475,74.039433,39.3125,180,842.25,87.000888125,9.1644561875,19.835135625000003,13.797500000000001,42.810625,22.710624999999997,3.6599999999999984,27.072064375
2026-09-13T23:30:00.000Z,MCT2408020,15.543475,74.039433,38.375,180,841.625,87.22357249999997,9.305555937500001,19.279051875,13.160625000000001,40.713125000000005,21.551874999999995,3.6599999999999984,27.002353124999996
2026-09-13T23:40:00.000Z,MCT2408020,15.543475,74.039433,35.5,180,850.25,87.35518124999996,9.268492875,19.142554999999998,11.246875,34.89000000000001,18.590000000000003,3.6599999999999984,26.948726875000006
2026-09-13T23:41:11.340Z,MCT2408020,15.543475,74.039433,35,180,857.5,87.31130999999999,8.888889,19.323905,11.13,34.015,18.125,3.66,26.97085
2026-09-13T22:50:00.000Z,MCT2408056,15.579167,73.920833,59.6,180,577.1333333333333,89.56884733333331,6.739999999999999,9.734898133333335,22.896,68.002,37.36333333333334,1.5753333333333333,26.943676
2026-09-13T23:00:00.000Z,MCT2408056,15.579167,73.920833,57.5625,180,570.9375,89.484256875,6.6899999999999995,10.1558093125,21.63937499999999,64.261875,35.2025,1.6149999999999998,26.89242124999999
2026-09-13T23:10:00.000Z,MCT2408056,15.579167,73.920833,58.875,180,581.375,89.34406999999997,6.800625,9.4929574375,22.343749999999996,66.483125,36.551249999999996,1.6518749999999998,26.847509375000005
2026-09-13T23:20:00.000Z,MCT2408056,15.579167,73.920833,58.333333333333336,180,591.6,89.36692333333335,6.941333333333334,9.814084133333333,22.01866666666666,65.876,36.23733333333334,1.5859999999999999,26.770647999999998
2026-09-13T23:30:00.000Z,MCT2408056,15.579167,73.920833,60.1875,180,600.25,89.47376750000001,6.786875,9.7281383125,23.04875,69.389375,38.426874999999995,1.7306249999999999,26.708754374999998
2026-09-13T23:40:00.000Z,MCT2408056,15.579167,73.920833,61.25,180,597.375,89.70741625000001,6.543124999999999,9.589201625,23.753124999999994,71.32249999999999,39.42124999999999,1.621875,26.695344375000005
2026-09-13T23:41:11.340Z,MCT2408056,15.579167,73.920833,65.5,180,609.5,89.81375,6.565,9,27.21,80.6,44.045,2.09,26.68127
2026-09-13T22:50:00.000Z,MCT2408057,15.272222,74.104722,30,337.320909090909,528.7727272727273,85.61411499999998,12.496818181818185,8.82090909090909,5.876818181818181,17.34954545454546,9.183636363636365,2.346363636363636,27.47054045454545
2026-09-13T23:00:00.000Z,MCT2408057,15.272222,74.104722,30,336.2879999999999,541.88,86.00042760000001,12.607999999999999,8.795999999999996,5.959199999999999,17.460399999999996,9.1656,2.2603999999999997,27.33721919999999
2026-09-13T23:10:00.000Z,MCT2408057,15.272222,74.104722,30,341.65119999999996,516.96,86.282716,12.435999999999996,8.935199999999998,5.076799999999999,15.448399999999998,8.458000000000002,2.2655999999999996,27.2930316
2026-09-13T23:20:00.000Z,MCT2408057,15.272222,74.104722,30,337.56879999999995,511.2,86.13714600000002,12.448,8.869599999999998,5.292399999999998,15.516399999999997,8.280400000000002,2.2835999999999994,27.3754
2026-09-13T23:30:00.000Z,MCT2408057,15.272222,74.104722,29.96,334.77399999999994,549.64,86.3004152,12.464399999999998,8.850799999999998,5.7212,16.827199999999994,8.944800000000003,2.2120000000000006,27.313624399999995
2026-09-13T23:40:00.000Z,MCT2408057,15.272222,74.104722,29.92,332.12520000000006,538.44,86.4612428,12.394799999999998,8.875199999999998,6.723600000000001,19.768,10.362,2.2348,27.363388
2026-09-13T23:41:11.340Z,MCT2408057,15.272222,74.104722,30,332.1166666666667,538.6666666666666,86.2699,12.38,8.68,8.74,25.44333333333333,13.1,2.2866666666666666,27.424876666666666
2026-09-13T22:50:00.000Z,MCT2408055,15.585833,73.885556,59.357142857142854,48.037857142857135,762.6428571428571,89.1865057142857,9.350714285714286,6.367142857142858,18.28,52.02214285714287,28.33785714285714,20.23214285714286,26.62151428571428
2026-09-13T23:00:00.000Z,MCT2408055,15.585833,73.885556,59.25,59.4525,744,89.21960874999999,9.392499999999998,6.524999999999999,16.692499999999995,47.902499999999996,26.455624999999998,20.19375,26.59681
2026-09-13T23:10:00.000Z,MCT2408055,15.585833,73.885556,59.75,58.498124999999995,754.875,89.16143624999998,9.269375,6.5299999999999985,16.342499999999998,47.120625,26.071875000000002,20.164375000000003,26.576698750000006
2026-09-13T23:20:00.000Z,MCT2408055,15.585833,73.885556,60.8125,58.061249999999994,755.5625,89.18384812499998,9.479375,6.47,15.861249999999995,45.96937500000001,25.347500000000004,20.195625,26.54117250000001
2026-09-13T23:30:00.000Z,MCT2408055,15.585833,73.885556,60.8125,52.430625000000006,753.125,89.20339874999999,9.323125,6.29,16.342499999999994,47.163125,26.071249999999992,20.105,26.508999375000005
2026-09-13T23:40:00.000Z,MCT2408055,15.585833,73.885556,61.0625,55.498749999999994,752.4375,89.22294750000003,9.281875,6.285,15.948749999999997,46.133124999999986,25.432499999999997,20.257499999999997,26.499610625000003
2026-09-13T23:41:11.358Z,MCT2408055,15.585833,73.885556,61,54.715,753,89.1767,9.365,6.59,15.38,45.065,24.88,20.134999999999998,26.49894
2026-09-13T22:50:00.000Z,MCT2408053,15.263333,74.110833,40.857142857142854,221.5435857142857,728.7142857142857,91.03391,16.303571428571427,29.01285714285714,6.758571428571427,23.05642857142857,15.065714285714288,9.710714285714285,26.368709999999997
2026-09-13T23:00:00.000Z,MCT2408053,15.263333,74.110833,40.125,236.46959375,706.3125,91.09453562499999,16.1125,29.684374999999992,6.315,22.058125,14.451874999999998,9.566875,26.299860625000004
2026-09-13T23:10:00.000Z,MCT2408053,15.263333,74.110833,39.375,238.1587875,712.75,91.32580125000003,15.368125000000001,29.670624999999994,6.545000000000002,22.543124999999996,14.733124999999996,9.511875,26.246234374999993
2026-09-13T23:20:00.000Z,MCT2408053,15.263333,74.110833,39.25,231.93203125000002,669.375,91.187996875,15.355625,28.344374999999992,6.085000000000001,21.633124999999996,14.239999999999998,9.525,26.263663750000003
2026-09-13T23:30:00.000Z,MCT2408053,15.263333,74.110833,39.375,238.524075,674.8125,91.01728812500002,14.980625,29.97499999999999,5.855000000000001,20.783749999999998,13.537499999999996,9.82375,26.28109187500001
2026-09-13T23:40:00.000Z,MCT2408053,15.263333,74.110833,38.93333333333333,238.5961,692.7333333333333,91.11151000000001,15.035333333333336,29.248666666666665,6.858,23.140666666666668,14.889333333333331,9.716000000000001,26.29659733333333
2026-09-13T23:41:11.558Z,MCT2408053,15.263333,74.110833,38.5,238.11375,714.5,91.057345,14.535,29.015,6.43,22.365000000000002,14.665,9.915,26.29517
2026-09-13T22:50:00.000Z,MCT2408052,15.444425,74.063856,56.53333333333333,160,810.3333333333334,87.68387999999999,3.639204866666667,8,22.477333333333334,60.36800000000001,27.177333333333333,2,27.141732666666663
2026-09-13T23:00:00.000Z,MCT2408052,15.444425,74.063856,57.6875,160,802.25,87.67513687499998,3.696359625,8,23.393749999999997,62.306875,27.76625,2,27.135743749999996
2026-09-13T23:10:00.000Z,MCT2408052,15.444425,74.063856,59.8125,160,796.75,87.619823125,3.7336842500000005,8,25.065625,66.7675,29.728749999999994,2,27.154511249999995
2026-09-13T23:20:00.000Z,MCT2408052,15.444425,74.063856,56.125,160,817.5,87.65749249999999,3.6355265000000005,8,22.034374999999997,59.266875,26.773125,2,27.14177687499999
2026-09-13T23:30:00.000Z,MCT2408052,15.444425,74.063856,55.3125,160,831.375,87.53494562499998,3.7101754375000007,8,21.386249999999997,57.758125,26.19,2,27.200094999999994
2026-09-13T23:40:00.000Z,MCT2408052,15.444425,74.063856,57,160,830.25,87.61410187499999,3.684605312500001,8,22.701874999999998,61.0125,27.506874999999994,2,27.182666250000004
2026-09-13T23:41:11.561Z,MCT2408052,15.444425,74.063856,69,160,816,87.79578,3.64,8,31.44,84.14,37.63,2,27.15317
2026-09-13T22:50:00.000Z,MCT2408051,15.486528,74.033889,51.642857142857146,319.1564285714286,727,95.74070142857143,21.887857142857143,5.1899999999999995,8.126428571428571,26.36928571428572,14.622857142857143,4.39,26.232349999999997
2026-09-13T23:00:00.000Z,MCT2408051,15.486528,74.033889,51.75,318.42562499999997,726,95.68313937499998,21.950625000000002,5.1899999999999995,8.474375,26.375625,14.234375,4.39,26.225454999999997
2026-09-13T23:10:00.000Z,MCT2408051,15.486528,74.033889,51.75,318.38687500000003,732.625,95.6554825,21.953750000000003,5.1899999999999995,8.121875,26.063750000000006,14.349375000000002,4.39,26.201323750000004
2026-09-13T23:20:00.000Z,MCT2408051,15.486528,74.033889,51.8125,316.43750000000006,737.9375,95.09233812499998,22,5.1899999999999995,8.355624999999998,26.646875,14.584375000000003,4.39,26.243553750000004
2026-09-13T23:30:00.000Z,MCT2408051,15.486528,74.033889,52.0625,317.26875,731.75,95.009846875,22.153750000000002,5.1899999999999995,8.316875,26.179375000000007,14.155624999999999,4.39,26.297847499999992
2026-09-13T23:40:00.000Z,MCT2408051,15.486528,74.033889,52.125,310.524375,703.125,95.08327875,22.19375,5.1899999999999995,10.104999999999999,31.346249999999998,16.761875,4.39,26.290476249999998
2026-09-13T23:41:11.562Z,MCT2408051,15.486528,74.033889,52,314.58,700,95.18103,22.12,5.19,7.77,25.17,14,4.39,26.29517
2026-09-13T22:50:00.000Z,MCT2408043,15.221111,74.087222,37.642857142857146,193.81071428571428,674.0714285714286,86.76907999999999,14.227142857142855,10.329999999999998,11.398571428571431,35.957142857142856,19.307142857142857,5.29,26.467535714285713
2026-09-13T23:00:00.000Z,MCT2408043,15.221111,74.087222,36.4,200.5006666666667,656.6666666666666,86.81870599999999,14.211333333333332,10.376666666666667,10.723333333333334,33.388666666666666,17.84666666666667,5.290000000000001,26.48964733333333
2026-09-13T23:10:00.000Z,MCT2408043,15.221111,74.087222,35.3125,202.86500000000004,679.8125,86.22984250000003,14.159374999999999,10.323125,9.973749999999999,31.381875,17.13125,5.290000000000001,26.531788750000004
2026-09-13T23:20:00.000Z,MCT2408043,15.221111,74.087222,35.1875,205.54624999999996,697.375,86.14687187499996,14.153124999999998,10.341874999999998,10.052499999999998,31.301249999999996,16.970625000000002,5.290000000000001,26.394373125000005
2026-09-13T23:30:00.000Z,MCT2408043,15.221111,74.087222,36.5,204.04749999999996,691.25,86.401980625,14.221249999999998,10.369374999999998,10.685625000000002,33.555625,18.173125000000002,5.290000000000001,26.30119999999999
2026-09-13T23:40:00.000Z,MCT2408043,15.221111,74.087222,44.1875,194.38874999999996,695.0625,86.72337125000001,14.264374999999996,10.331874999999998,16.147499999999997,49.407500000000006,25.620624999999997,5.290000000000001,26.279751250000004
2026-09-13T23:41:11.561Z,MCT2408043,15.221111,74.087222,43,197.05,687,87.1778,14.26,10.19,15.2,47.64,25.62,5.29,26.22009
2026-09-13T22:50:00.000Z,MCT2408050,15.553611,73.958333,44,86.02999999999999,587.4285714285714,92.32327714285715,11.229285714285714,4.067142857142858,15.81571428571429,49.01071428571429,25.878571428571426,2.6871428571428573,26.36181571428572
2026-09-13T23:00:00.000Z,MCT2408050,15.553611,73.958333,44.0625,86.02999999999999,619.0625,92.22511687500001,11.296875000000002,4.093750000000001,15.800625000000004,49.003125000000004,25.885624999999997,2.8000000000000003,26.245566249999996
2026-09-13T23:10:00.000Z,MCT2408050,15.553611,73.958333,44.0625,86.02999999999999,599.9375,92.14691562499999,11.322500000000002,4.146249999999999,15.588125000000002,48.84187500000001,25.993125,3.044375,26.246905625
2026-09-13T23:20:00.000Z,MCT2408050,15.553611,73.958333,43.1875,86.02999999999999,622.3125,92.31237687500001,11.200625,4.187499999999999,15.0575,47.44562500000001,25.353125,2.9193749999999996,26.181883125000002
2026-09-13T23:30:00.000Z,MCT2408050,15.553611,73.958333,42.75,86.02999999999999,636.3125,92.36578312500001,11.400625,4.141875,14.898124999999997,46.317499999999995,24.607499999999998,2.8181249999999998,26.14166250000001
2026-09-13T23:40:00.000Z,MCT2408050,15.553611,73.958333,42.625,86.02999999999999,604.8125,92.62470625000002,11.201875000000001,4.244999999999999,14.791875000000001,46.21,24.501250000000006,2.935625,26.08535375
2026-09-13T23:41:11.754Z,MCT2408050,15.553611,73.958333,42,86.03,630,92.667145,11.265,4.17,14.844999999999999,45.084999999999994,23.384999999999998,2.815,26.05921
2026-09-13T22:50:00.000Z,MCT2408029,15.333611,74.206944,16.5,120,816.8571428571429,91.05135,4.060714285714285,8.762142857142857,5.5442857142857145,16.637857142857143,9.117142857142856,3.599285714285714,26.166465000000006
2026-09-13T23:00:00.000Z,MCT2408029,15.333611,74.206944,16.375,120,830.25,91.1164675,3.7181249999999997,7.35625,5.291875000000001,16.435625,9.189374999999998,3.811875,26.059883125
2026-09-13T23:10:00.000Z,MCT2408029,15.333611,74.206944,16.3125,120,823.4375,91.29957562500002,4.7250000000000005,8.252500000000001,5.14625,16.03875,9.043124999999998,3.719375,25.94861125
2026-09-13T23:20:00.000Z,MCT2408029,15.333611,74.206944,18.1875,120,816.8125,91.2728725,4.3,8.251875000000002,6.47,19.761874999999993,10.880625,3.5081249999999997,25.951961249999993
2026-09-13T23:30:00.000Z,MCT2408029,15.333611,74.206944,17.1875,120,825.75,91.34249062500001,4.795625,7.595625000000002,5.9906250000000005,18.027499999999996,9.815624999999999,3.56,25.920457499999998
2026-09-13T23:40:00.000Z,MCT2408029,15.333611,74.206944,16.733333333333334,120,834.9333333333333,91.40397266666666,3.478666666666667,8.086666666666668,5.801333333333333,17.302666666666667,9.333333333333332,3.718666666666666,25.838991333333333
2026-09-13T23:41:11.758Z,MCT2408029,15.333611,74.206944,16,120,830.5,91.44263000000001,4.965,8.79,5.29,16.47,9.115,3.75,25.79109
2026-09-13T22:50:00.000Z,MCT2408030,15.142519,74.075003,28.142857142857142,163,566.6428571428571,81.96637428571428,8.981428571428571,6.200000000000002,9.370000000000001,24.769999999999992,12.444285714285716,4.637142857142856,26.074534999999994
2026-09-13T23:00:00.000Z,MCT2408030,15.142519,74.075003,28.8,163,583.5333333333333,82.10374133333333,8.824666666666667,6.200000000000002,9.370000000000001,25.79266666666667,13.507333333333333,4.573333333333333,26.049917333333333
2026-09-13T23:10:00.000Z,MCT2408030,15.142519,74.075003,28.5625,163,589.25,82.16480625,8.735,6.200000000000002,9.370000000000001,25.379375,13.07625,4.455625,25.995531875000005
2026-09-13T23:20:00.000Z,MCT2408030,15.142519,74.075003,29.133333333333333,163,582.9333333333333,82.168842,8.790666666666668,6.200000000000002,9.370000000000001,26.33866666666666,14.073333333333332,4.479333333333333,26.006304666666665
2026-09-13T23:30:00.000Z,MCT2408030,15.142519,74.075003,28.5,163,589.3125,82.09423437500001,9.025625,6.200000000000002,9.370000000000001,25.322499999999994,13.017499999999998,4.558750000000001,26.009609999999995
2026-09-13T23:40:00.000Z,MCT2408030,15.142519,74.075003,28.0625,163,596.625,81.933064375,8.931875,6.200000000000002,9.370000000000001,24.696874999999995,12.36875,4.64125,25.946599374999998
2026-09-13T23:41:11.759Z,MCT2408030,15.142519,74.075003,28,163,599,82.03558,8.28,6.2,9.37,24.64,12.31,4.96,25.88761
2026-09-13T22:50:00.000Z,MCT2408034,15.356389,74.123611,31.5,180.88988181818183,528,77.11809272727274,6.17227272727273,4.488636363636363,9.861818181818183,31.117727272727276,16.53681818181818,1.3372727272727272,29.89782272727273
2026-09-13T23:00:00.000Z,MCT2408034,15.356389,74.123611,30.88,181.711804,534.72,77.03283720000002,6.2088,4.5592,9.258799999999999,29.522800000000007,15.939599999999999,1.3703999999999998,29.907806400000005
2026-09-13T23:10:00.000Z,MCT2408034,15.356389,74.123611,31.44,181.066752,533.6,77.05084199999996,6.280400000000002,4.724399999999999,9.6628,30.8732,16.578799999999998,1.3379999999999996,29.835305600000005
2026-09-13T23:20:00.000Z,MCT2408034,15.356389,74.123611,34.56,180.13223200000002,541.88,77.07068000000002,6.234800000000003,4.2184,11.668,37.138000000000005,19.766,1.3703999999999998,29.842169600000013
2026-09-13T23:30:00.000Z,MCT2408034,15.356389,74.123611,34.666666666666664,180.26156666666668,532.0833333333334,77.07329958333331,6.150000000000002,4.56,11.69833333333333,37.3575,20.043333333333333,1.2874999999999999,29.8773475
2026-09-13T23:40:00.000Z,MCT2408034,15.356389,74.123611,32.38095238095238,180,539.3809523809524,77.12952095238091,6.2042857142857155,4.366666666666667,10.374285714285715,32.91285714285714,17.68333333333333,1.24047619047619,29.89062571428572
2026-09-13T23:41:11.758Z,MCT2408034,15.356389,74.123611,31.666666666666668,180.60666666666665,541,77.22652,6.150000000000001,6.103333333333334,9.723333333333333,31.570000000000004,17.19333333333333,1.1533333333333333,29.86662
2026-09-13T22:50:00.000Z,MCT2408021,15.500556,74.053333,49.57142857142857,375,513.7142857142857,86.81158500000001,21.23857142857143,14.581645714285713,7.005714285714285,21.212142857142855,13.095,4.287857142857144,26.837552142857138
2026-09-13T23:00:00.000Z,MCT2408021,15.500556,74.053333,49.5625,375,523.125,87.051909375,21.241875000000007,14.511717499999998,4.879375,14.864999999999998,9.40625,4.2775,26.764389999999995
2026-09-13T23:10:00.000Z,MCT2408021,15.500556,74.053333,49.375,375,524.375,87.370915,21.2025,14.446883124999998,4.819999999999999,14.702499999999999,9.316875000000001,4.271875,26.685291250000006
2026-09-13T23:20:00.000Z,MCT2408021,15.500556,74.053333,49.1875,375,510.0625,87.5144425,21.1025,14.60595,5.92125,18.28875,11.516875,4.26875,26.642389375
2026-09-13T23:30:00.000Z,MCT2408021,15.500556,74.053333,49.3125,375,510.9375,87.57023187500002,21.088125,14.575680624999999,6.725,21.385624999999997,13.69,4.243125,26.635685625
2026-09-13T23:40:00.000Z,MCT2408021,15.500556,74.053333,49.6875,375,508.6875,87.482971875,21.29125,14.589104375000002,9.404999999999998,29.320624999999996,18.600624999999997,4.2593749999999995,26.689983750000007
2026-09-13T23:41:11.902Z,MCT2408021,15.500556,74.053333,50,375,509,87.6203,21.38,14.62307,8.57,24.78,14.76,4.42,26.71345
2026-09-13T22:50:00.000Z,MCT2408049,15.475278,74.055833,56.785714285714285,150.3471,515.3571428571429,86.94019285714285,24.354285714285712,14.062857142857144,9.75,28.39785714285714,14.30357142857143,2.61,27.25506357142857
2026-09-13T23:00:00.000Z,MCT2408049,15.475278,74.055833,56.4375,150.655325,531,87.091488125,24.040000000000003,12.7775,10.064374999999998,29.299999999999997,14.721250000000003,2.61,27.194061875000003
2026-09-13T23:10:00.000Z,MCT2408049,15.475278,74.055833,56.8125,150.8636625,532.875,87.1954375,24.22375,14.175,9.968124999999999,29.780625,15.390625000000002,2.61,27.159874999999996
2026-09-13T23:20:00.000Z,MCT2408049,15.475278,74.055833,56.8125,150.20833125000001,520.0625,87.220233125,24.30125,14.60375,10.303125,30.738124999999997,15.822500000000005,2.61,27.201436250000004
2026-09-13T23:30:00.000Z,MCT2408049,15.475278,74.055833,56.4375,150,513.875,87.09148624999999,24.166875,13.346250000000001,10.255,30.545624999999998,15.726875000000001,2.61,27.25841562499999
2026-09-13T23:40:00.000Z,MCT2408049,15.475278,74.055833,56.5,150.5625875,518.625,87.06669187499999,24.075,14.018125000000001,10.16,30.259999999999998,15.53375,2.61,27.28790875
2026-09-13T23:41:11.956Z,MCT2408049,15.475278,74.055833,57,150,523.5,87.09387,24.48,13.495,9.97,30.64,16.11,2.61,27.297964999999998
2026-09-13T22:50:00.000Z,MCT2408023,15.499722,74.020833,53.214285714285715,214.60500000000002,517.2857142857143,92.37722714285714,8.073571428571428,18.017142857142858,14.122142857142858,47.221428571428575,30.760714285714283,3.4014285714285712,25.66928071428572
2026-09-13T23:00:00.000Z,MCT2408023,15.499722,74.020833,51.1875,218.27999999999997,507.1875,92.36149187499998,7.9818750000000005,18.737499999999997,12.909999999999997,43.298125,28.45625,3.240624999999999,25.585296875
2026-09-13T23:10:00.000Z,MCT2408023,15.499722,74.020833,55.4,202.38133333333332,511.3333333333333,92.44258866666665,7.834666666666666,18.598000000000003,16.475999999999996,52.684,33.448,3.2939999999999996,25.55441933333333
2026-09-13T23:20:00.000Z,MCT2408023,15.499722,74.020833,50.75,215.21625000000003,528.625,92.34193999999998,8.153125000000001,18.55625,12.434999999999997,42.11062499999999,28.003125,3.4906249999999996,25.563848124999993
2026-09-13T23:30:00.000Z,MCT2408023,15.499722,74.020833,49.8125,212.98625,526.9375,92.31428749999999,8.186250000000001,18.391875000000002,12.278749999999997,40.923124999999985,26.825,3.3775,25.541726874999995
2026-09-13T23:40:00.000Z,MCT2408023,15.499722,74.020833,48.8125,224.14437499999997,518.5,92.33335812499999,8.38625,18.886249999999997,11.248749999999998,38.309999999999995,25.737500000000004,3.4925,25.524298125
2026-09-13T23:41:11.955Z,MCT2408023,15.499722,74.020833,51.5,217.32999999999998,508,92.32001,7.875,18.015,13.31,44.325,29,2.0549999999999997,25.53368
2026-09-13T22:50:00.000Z,MCT2408040,15.528056,74.020833,18.642857142857142,100,525.2142857142857,88.3837842857143,7.7164285714285725,4.7857142857142865,3.07,8.870000000000001,4.1657142857142855,3.5,26.97391285714286
2026-09-13T23:00:00.000Z,MCT2408040,15.528056,74.020833,18.6875,100,533.0625,88.37656375,7.790625,4.829375000000001,3.07875,9.010625,4.246250000000001,3.5,26.86694875
2026-09-13T23:10:00.000Z,MCT2408040,15.528056,74.020833,18.8125,100,539.4375,88.335079375,7.911250000000001,4.830000000000001,3.07,8.573125000000001,3.934375,3.5,26.826060000000005
2026-09-13T23:20:00.000Z,MCT2408040,15.528056,74.020833,18.6875,100,534.5,88.31982125,7.8100000000000005,4.815624999999999,3.07,8.55125,3.8981249999999994,3.5,26.8428175
2026-09-13T23:30:00.000Z,MCT2408040,15.528056,74.020833,18.625,100,527.3125,88.52533875000002,7.710625000000002,4.7631250000000005,3.07,8.441875000000001,3.8106249999999995,3.5,26.811312500000003
2026-09-13T23:40:00.000Z,MCT2408040,15.528056,74.020833,18.8125,100,532.125,88.52390687500001,7.851250000000001,4.733125,3.07,8.463750000000001,3.7868749999999993,3.5,26.855554375000008
2026-09-13T23:41:11.956Z,MCT2408040,15.528056,74.020833,19,100,531.5,88.53583,8.215,4.715,3.07,8.42,3.74,3.5,26.895775
2026-09-13T22:50:00.000Z,MCT2408027,15.275556,74.1075,35.285714285714285,1192.5321428571426,647.7142857142857,89.97451357142857,6.579999999999999,12.639285714285714,10.002857142857142,30.48714285714286,16.30357142857143,2.95,26.491281428571426
2026-09-13T23:00:00.000Z,MCT2408027,15.275556,74.1075,37.5625,1193.0293749999998,653.0625,89.9048275,6.579999999999999,12.758124999999996,11.463750000000001,34.99250000000001,18.588749999999997,2.9500000000000006,26.478163124999995
2026-09-13T23:10:00.000Z,MCT2408027,15.275556,74.1075,35.875,1188.9699999999998,650.75,90.144674375,6.579999999999999,12.821874999999995,10.663125,31.974999999999994,16.736874999999998,2.9500000000000006,26.421184999999998
2026-09-13T23:20:00.000Z,MCT2408027,15.275556,74.1075,35.3125,1192.016875,651.375,90.23098187499998,6.579999999999999,12.763124999999999,10.10875,30.618125000000003,16.2425,2.9500000000000006,26.42386875
2026-09-13T23:30:00.000Z,MCT2408027,15.275556,74.1075,35.875,1189.211875,661.4375,90.06409062499998,6.579999999999999,12.824375,10.29375,31.66562499999999,16.984374999999996,2.9500000000000006,26.49023062500001
2026-09-13T23:40:00.000Z,MCT2408027,15.275556,74.1075,35,1191.6206249999998,642.125,90.26674499999999,6.579999999999999,12.643125,9.863125,30.063750000000006,15.995000000000001,2.9500000000000006,26.491568749999995
2026-09-13T23:41:11.956Z,MCT2408027,15.275556,74.1075,35,1194.375,663,90.35925,6.58,12.434999999999999,9.86,30.56,16.8,2.95,26.482855
2026-09-13T22:50:00.000Z,MCT2408044,15.313669,74.140042,24.357142857142858,214.29,579.2857142857143,95.17013214285713,10.832142857142856,3.437857142857143,5.418571428571428,14.785714285714286,8.727142857142859,3.6309525,24.98440357142857
2026-09-13T23:00:00.000Z,MCT2408044,15.313669,74.140042,24.375,214.29,579.625,95.30500749999999,10.806874999999998,3.3524999999999996,5.100625,14.15625,8.515,3.592387812499999,24.989382499999994
2026-09-13T23:10:00.000Z,MCT2408044,15.313669,74.140042,24.25,214.29,567.4375,95.34506000000003,10.776874999999997,3.32,4.84875,14.03125,8.717500000000001,3.428365375,24.989382499999998
2026-09-13T23:20:00.000Z,MCT2408044,15.313669,74.140042,24.4375,214.29,550.125,95.45759687500001,10.9025,3.32,4.670000000000001,13.3125,8.21125,3.1557692499999996,24.996086875
2026-09-13T23:30:00.000Z,MCT2408044,15.313669,74.140042,24.375,214.29,549.875,95.48382312500001,10.819374999999999,3.358125,4.993124999999999,14.28125,8.81875,3.2280448124999994,24.993406250000003
2026-09-13T23:40:00.000Z,MCT2408044,15.313669,74.140042,24.066666666666666,214.29,549.8,95.51265200000002,10.760666666666667,3.482666666666667,4.252666666666667,12.166666666666666,7.498000000000001,3.409572733333333,24.968828
2026-09-13T23:41:12.094Z,MCT2408044,15.313669,74.140042,24.5,214.29,561.5,95.48621,10.89,4.54,4.31,12.25,7.57,3.4589745,24.95989
2026-09-13T22:50:00.000Z,MCT2408042,15.213889,74.071667,61.357142857142854,270.79,527.3571428571429,88.65898642857144,26.298571428571424,13.470714285714285,9.815,29.509285714285713,15.490000000000004,3.674285714285714,26.54567214285715
2026-09-13T23:00:00.000Z,MCT2408042,15.213889,74.071667,61.3125,264.36249999999995,528.9375,88.79904125,26.273124999999997,12.945625000000001,11.090625000000003,33.345,17.423750000000002,3.7306249999999994,26.48084375
2026-09-13T23:10:00.000Z,MCT2408042,15.213889,74.071667,61.3125,256.2325,527.75,88.99788312500002,26.269999999999996,13.283125,11.716249999999997,34.940625000000004,17.993125,3.6968749999999995,26.403756874999996
2026-09-13T23:20:00.000Z,MCT2408042,15.213889,74.071667,61.0625,263.440625,522.5,88.983575625,26.109999999999996,13.518124999999998,11.261249999999997,33.173125000000006,17.025624999999998,3.635625,26.394373124999998
2026-09-13T23:30:00.000Z,MCT2408042,15.213889,74.071667,61.375,261.48625,532,89.02792500000001,26.309999999999995,13.48375,11.03375,32.88875,16.968750000000004,3.4856249999999998,26.391020624999992
2026-09-13T23:40:00.000Z,MCT2408042,15.213889,74.071667,61,260.38312499999995,530.125,89.05605812500002,26.069999999999997,13.228750000000002,11.033749999999998,32.946875,17.025624999999998,3.6031250000000004,26.397054999999998
2026-09-13T23:41:12.158Z,MCT2408042,15.213889,74.071667,62,264.53999999999996,528,89.11565999999999,26.71,13.385000000000002,10.92,31.92,16.4,3.225,26.38097
2026-09-13T22:50:00.000Z,MCT2408037,15.394444,74.118333,4152.4,160,518.2,85.46931866666667,10.294666666666666,14.403333333333332,2473.6966666666676,6621.692666666667,2494.2799999999997,3.8873333333333333,26.877182
2026-09-13T23:00:00.000Z,MCT2408037,15.394444,74.118333,4186.375,160,552.9375,85.47882249999998,10.610000000000003,14.388124999999999,2477.326875000001,6631.419374999999,2497.939375,3.7424999999999997,26.760368749999998
2026-09-13T23:10:00.000Z,MCT2408037,15.394444,74.118333,4210.125,160,548.5,85.58849562499998,10.508125,14.411874999999998,2474.3075,6623.446875000001,2494.895,3.7387500000000005,26.602171250000005
2026-09-13T23:20:00.000Z,MCT2408037,15.394444,74.118333,4238.1875,160,550.0625,85.56656562499998,10.608125000000001,14.419999999999995,2474.0268750000005,6622.629999999999,2494.6156250000004,3.68875,26.602171250000005
2026-09-13T23:30:00.000Z,MCT2408037,15.394444,74.118333,4291.75,160,561.25,85.58086999999999,10.361250000000002,14.448125,2488.8025000000007,6662.28875,2509.509375,3.7937499999999993,26.565974375
2026-09-13T23:40:00.000Z,MCT2408037,15.394444,74.118333,4293.1875,160,571.75,85.79973500000001,10.6525,14.447499999999998,2472.4025,6618.233125000001,2492.9731250000004,3.784374999999999,26.415153749999998
2026-09-13T23:41:12.158Z,MCT2408037,15.394444,74.118333,4324,160,570,85.75873,10.32,14.49,2481.97,6644.04,2502.62,2.93,26.44532
2026-09-13T22:50:00.000Z,MCT2408046,15.529167,74.07,31,95.52,536.9545454545455,85.27911727272728,13.373181818181818,0.6845454545454545,9.050909090909089,27.16681818181818,13.169999999999998,3.627272727272728,27.451527727272723
2026-09-13T23:00:00.000Z,MCT2408046,15.529167,74.07,31.08,95.52,538.36,85.3793932,13.460400000000002,0.7192000000000001,8.875199999999998,26.661200000000004,13.016799999999998,3.5028,27.417012799999995
2026-09-13T23:10:00.000Z,MCT2408046,15.529167,74.07,30.96,95.52,541.96,85.24115,13.318399999999999,0.7396,8.597999999999997,25.772000000000002,12.46,3.5715999999999997,27.407574400000012
2026-09-13T23:20:00.000Z,MCT2408046,15.529167,74.07,31.04,95.52,539.52,84.91125360000002,13.5112,0.7059999999999998,8.849999999999996,26.216000000000005,12.654799999999998,3.529200000000001,27.4886564
2026-09-13T23:30:00.000Z,MCT2408046,15.529167,74.07,31.04,95.52,545.48,84.8966048,13.3336,0.6628000000000001,8.824799999999996,26.393999999999995,12.823599999999999,3.5271999999999997,27.49938079999999
2026-09-13T23:40:00.000Z,MCT2408046,15.529167,74.07,31,95.52,556,85.05377199999997,13.44,0.6484000000000001,8.975999999999997,26.661199999999994,12.871199999999998,3.5192,27.489513199999998
2026-09-13T23:41:12.157Z,MCT2408046,15.529167,74.07,31,95.52,552.3333333333334,85.05173333333333,13.49,0.7366666666666667,8.64,26.66,13.306666666666667,3.7600000000000002,27.521403333333335
2026-09-13T22:50:00.000Z,MCT2408041,15.224628,74.171389,31.285714285714285,449.73435714285716,579.3571428571429,88.80558214285712,13.703571428571427,9.700000000000001,8.090000000000002,22.506428571428575,11.147857142857143,7.877142857142858,26.151142857142865
2026-09-13T23:00:00.000Z,MCT2408041,15.224628,74.171389,31.375,432.26755625000004,570.3125,88.65313062499999,13.594999999999999,9.7,8.341875000000002,23.996250000000003,12.229999999999997,8.010625000000001,26.146355625
2026-09-13T23:10:00.000Z,MCT2408041,15.224628,74.171389,31.1875,416.3662125,586.3125,88.74992687500001,13.420625000000001,9.7,8.090000000000002,23.996250000000007,12.63625,7.971875000000001,26.044464374999993
2026-09-13T23:20:00.000Z,MCT2408041,15.224628,74.171389,31.0625,448.28986875000004,601.25,88.85626187499999,13.5225,9.7,8.090000000000002,22.123125,10.765625000000002,7.9825,25.996873125000004
2026-09-13T23:30:00.000Z,MCT2408041,15.224628,74.171389,31.125,437.6587062500001,593.125,89.28207687500003,13.443124999999998,9.7,8.745000000000001,25.059374999999996,12.636875,8.033750000000001,25.946601249999997
2026-09-13T23:40:00.000Z,MCT2408041,15.224628,74.171389,30.9375,438.96162499999997,585.8125,89.47853375000004,13.348125000000005,9.7,8.341250000000002,25.160625000000007,13.344374999999998,7.783125,25.976763750000007
2026-09-13T23:41:12.158Z,MCT2408041,15.224628,74.171389,31,453.5752,589,89.40558,13.37,9.7,8.09,22.68,11.32,7.19,25.99486
2026-09-13T22:50:00.000Z,MCT2408033,15.346944,74.007778,19.785714285714285,115.60234285714284,594,89.44209071428574,7.796428571428571,4.259285714285715,6.537142857142858,16.77785714285714,10.168571428571429,4.39,26.46983285714285
2026-09-13T23:00:00.000Z,MCT2408033,15.346944,74.007778,19.9375,115.32283125,545.0625,89.33739250000002,7.871249999999999,4.3325000000000005,6.969999999999999,17.9175,10.847500000000002,4.39,26.502963750000006
2026-09-13T23:10:00.000Z,MCT2408033,15.346944,74.007778,19.8125,115.72152500000001,570.875,89.55959625,7.685625,4.203749999999999,7.044999999999999,17.66125,10.479375000000001,4.39,26.521063750000003
2026-09-13T23:20:00.000Z,MCT2408033,15.346944,74.007778,19.6875,118.38108125,577.9375,89.52907875000001,7.597499999999999,4.271875,6.440625000000001,17.11625,10.700000000000001,4.39,26.586754374999998
2026-09-13T23:30:00.000Z,MCT2408033,15.346944,74.007778,20,118.9629625,557.4375,89.36933937500001,8.086875000000001,4.45875,6.401250000000001,16.763125,10.368125,4.39,26.652445
2026-09-13T23:40:00.000Z,MCT2408033,15.346944,74.007778,20.3125,114.77968125,580,89.39604250000002,7.78,4.26,7.688749999999999,19.84,11.983749999999999,4.39,26.638370000000005
2026-09-13T23:41:12.288Z,MCT2408033,15.346944,74.007778,23.5,112.35385,597,89.3598,8.315,4.29,10.3,26.155,15.879999999999999,4.39,26.63837
2026-09-13T22:50:00.000Z,MCT2408024,15.148056,74.131667,41.04545454545455,214.94193636363636,837,80.57628909090907,17.883480454545456,8.333988545454549,7.3554545454545455,24.260000000000005,13.716818181818185,2.657272727272727,26.553055454545447
2026-09-13T23:00:00.000Z,MCT2408024,15.148056,74.131667,41.125,214.75434999999996,803.3333333333334,80.64194833333333,17.929807083333333,7.99001866666667,9.198333333333336,29.231250000000006,16.280000000000005,2.6587499999999995,26.547205416666657
2026-09-13T23:10:00.000Z,MCT2408024,15.148056,74.131667,41.4,215.582268,721.24,80.64092839999998,18.137386399999997,7.275035760000004,7.790000000000003,24.668000000000006,13.750000000000005,2.656,26.483499199999997
2026-09-13T23:20:00.000Z,MCT2408024,15.148056,74.131667,41.36,215.83386799999997,824.12,80.63360519999998,18.153876,7.149783280000003,8.470000000000002,26.864000000000004,14.950000000000005,2.6716000000000006,26.47878
2026-09-13T23:30:00.000Z,MCT2408024,15.148056,74.131667,41.32,215.291744,798.08,80.7971792,18.1399692,6.889465960000001,7.710000000000003,24.747600000000006,13.990000000000004,2.6508,26.455186000000005
2026-09-13T23:40:00.000Z,MCT2408024,15.148056,74.131667,41.375,215.75400000000002,677.2083333333334,80.77959291666669,18.22077666666667,5.892256125000002,7.781666666666669,25.06916666666667,14.240000000000004,2.67375,26.48866416666667
2026-09-13T23:41:12.356Z,MCT2408024,15.148056,74.131667,41.333333333333336,216.46529999999998,721,80.76656,18.3289,5.772006,7.323333333333333,23.99,13.656666666666666,2.723333333333333,26.48822
2026-09-13T22:50:00.000Z,MCT2408045,15.619444,73.878889,35.5,178.11999999999995,779.5714285714286,86.19796357142857,10.821428571428573,16.437857142857144,11.936428571428573,40.775,21.326428571428576,2.5300000000000002,27.103377142857138
2026-09-13T23:00:00.000Z,MCT2408045,15.619444,73.878889,35.3125,178.11999999999995,775.125,86.332360625,10.590625000000001,16.383125000000003,11.891875000000002,40.49,21.098750000000006,2.5300000000000002,27.066699999999994
2026-09-13T23:10:00.000Z,MCT2408045,15.619444,73.878889,35.125,178.11999999999995,783.9375,86.39292312499998,10.77375,16.65875,11.861250000000004,40.169375,20.851875000000007,2.5300000000000002,27.01441875
2026-09-13T23:20:00.000Z,MCT2408045,15.619444,73.878889,35.0625,178.11999999999995,780.4375,86.388631875,11.05,16.564999999999998,11.766250000000005,39.92,20.675625000000007,2.5300000000000002,26.960122500000004
2026-09-13T23:30:00.000Z,MCT2408045,15.619444,73.878889,34.6875,178.11999999999995,786.6875,86.41866999999999,11.053125000000001,16.670624999999998,11.703750000000003,39.528124999999996,20.393125000000005,2.5300000000000002,26.871640625
2026-09-13T23:40:00.000Z,MCT2408045,15.619444,73.878889,34.785714285714285,178.11999999999995,790.3571428571429,86.32766285714284,10.981428571428571,16.658571428571427,11.577857142857143,39.635000000000005,20.640000000000008,2.5300000000000002,26.84521142857142
2026-09-13T23:41:12.356Z,MCT2408045,15.619444,73.878889,35,178.12,789.5,86.31567,10.27,16.53,11.58,39.35,20.36,2.53,26.82606
2026-09-13T22:50:00.000Z,MCT2408032,15.525556,73.828611,41.72727272727273,178.92999999999995,647.0454545454545,85.44280136363635,15.104545454545457,19.38454545454545,13.464090909090908,45.64318181818181,26.383636363636366,2.2999999999999994,28.708311818181826
2026-09-13T23:00:00.000Z,MCT2408032,15.525556,73.828611,40.08,180.41680000000005,642.72,85.40716479999999,15.010400000000004,18.605600000000006,12.305199999999997,41.815200000000004,24.122800000000005,2.5664000000000002,28.621225200000005
2026-09-13T23:10:00.000Z,MCT2408032,15.525556,73.828611,37.92,179.778,638.4,86.1612552,14.536400000000004,18.9,11.164800000000003,37.31960000000001,21.346400000000003,2.5180000000000002,28.389136000000004
2026-09-13T23:20:00.000Z,MCT2408032,15.525556,73.828611,40.76,179.28879999999998,606.48,86.24609479999998,14.715200000000005,18.754400000000004,12.9876,43.179199999999994,24.463200000000008,2.4808000000000003,28.361679200000005
2026-09-13T23:30:00.000Z,MCT2408032,15.525556,73.828611,41.08,179.09039999999996,624.52,86.27722239999999,14.533600000000003,19.106399999999997,13.500400000000004,44.09,24.631200000000003,2.4715999999999996,28.361678
2026-09-13T23:40:00.000Z,MCT2408032,15.525556,73.828611,43.04,178.92999999999995,626.92,86.34955039999998,15.232000000000003,19.218,13.955600000000004,47.78840000000001,27.576800000000002,2.2732,28.3234972
2026-09-13T23:41:12.364Z,MCT2408032,15.525556,73.828611,45.666666666666664,178.92999999999998,616.3333333333334,86.58015999999999,15.146666666666667,18.956666666666667,15.663333333333334,53.57333333333333,31.143333333333334,2.08,28.29003
2026-09-13T22:50:00.000Z,MCT2408022,15.475833,74.038889,41.15384615384615,150,495.15384615384613,90.19903461538462,4.065384615384614,11.15701076923077,13.76923076923077,41.69230769230769,21.846153846153847,4.276253923076923,26.219268461538466
2026-09-13T23:00:00.000Z,MCT2408022,15.475833,74.038889,39.875,150,499.4375,90.221445625,3.95375,11.288591874999998,13.0625,39.375,20.5,4.278457187499999,26.18925875
2026-09-13T23:10:00.000Z,MCT2408022,15.475833,74.038889,40.375,150,499.9375,90.28438875000002,4.020625,11.229858125,13.1875,40.4375,21.375,4.269708875,26.167138124999997
2026-09-13T23:20:00.000Z,MCT2408022,15.475833,74.038889,39.3125,150,484.25,90.70591437500002,4.069999999999999,11.217306249999998,12.75,38.375,20,4.264731,26.104123749999996
2026-09-13T23:30:00.000Z,MCT2408022,15.475833,74.038889,40.9375,150,483.75,90.65203187500002,3.8837500000000005,11.348141875000003,13.5625,41.4375,21.8125,4.274963375,26.171158750000004
2026-09-13T23:40:00.000Z,MCT2408022,15.475833,74.038889,43,150,479.9375,90.57192250000001,3.8499999999999996,11.239456875,14.6875,45.5625,24.25,4.2710824999999994,26.250257500000007
2026-09-13T23:41:12.356Z,MCT2408022,15.475833,74.038889,43,150,484.5,90.53473,3.6,10.95884,15,45.5,23.5,4.2999265,26.289805
2026-09-13T22:50:00.000Z,MCT2408036,15.171567,74.067106,36.714285714285715,120,501.07142857142856,90.37614642857143,10.21642857142857,7.630000000000002,4.512142857142858,13.640000000000002,7.491428571428572,11.435,25.972646428571426
2026-09-13T23:00:00.000Z,MCT2408036,15.171567,74.067106,36.2,120,495.93333333333334,89.859782,9.933333333333335,7.714666666666665,4.562666666666667,13.709333333333332,7.498666666666665,11.119333333333335,26.170040000000007
2026-09-13T23:10:00.000Z,MCT2408036,15.171567,74.067106,36.375,120,493.375,90.27008500000002,10.15875,7.573125000000001,4.606875,13.455625000000001,7.156875,11.243125000000001,26.147025000000006
2026-09-13T23:20:00.000Z,MCT2408036,15.171567,74.067106,36.3125,120,489.9375,89.56579562500002,9.609375,7.652500000000002,4.375625,13.58125,7.63125,11.2625,26.371582499999995
2026-09-13T23:30:00.000Z,MCT2408036,15.171567,74.067106,36.53333333333333,120,494.8,89.11617066666666,9.876000000000001,7.822666666666666,4.526666666666667,13.506666666666666,7.396666666666665,11.366000000000001,26.526827333333337
2026-09-13T23:40:00.000Z,MCT2408036,15.171567,74.067106,36.1875,120,518.125,88.175814375,10.455,7.9468749999999995,4.474375,13.423749999999998,7.378125000000001,11.165625,26.589434375000003
2026-09-13T23:41:12.480Z,MCT2408036,15.171567,74.067106,36,120,529.5,87.99033,10.575,8.265,3.9450000000000003,11.65,6.335,10.865,26.568655
2026-09-13T22:50:00.000Z,MCT2408031,15.290833,74.149167,21.428571428571427,159.60431428571428,646.1428571428571,87.37397857142858,7.020692571428571,8.226709785714288,7.619285714285715,19.970000000000002,10.885714285714288,4.8378571428571435,25.755081428571437
2026-09-13T23:00:00.000Z,MCT2408031,15.290833,74.149167,23.125,153.73473125,646.1875,87.47057124999999,6.83211025,8.097266000000001,8.750625,23.341875000000005,13.035625000000001,4.769375,25.722716875
2026-09-13T23:10:00.000Z,MCT2408031,15.290833,74.149167,22.9375,161.994575,651.8125,87.41240000000002,7.144874437500001,7.575308562500001,8.631874999999999,22.879375000000003,12.708750000000002,4.9350000000000005,25.744166250000003
2026-09-13T23:20:00.000Z,MCT2408031,15.290833,74.149167,23.0625,162.19845625,661.125,87.38760500000001,7.056719750000001,6.8911451249999995,8.690624999999997,23.09625000000001,12.826250000000002,4.848750000000001,25.757571250000005
2026-09-13T23:30:00.000Z,MCT2408031,15.290833,74.149167,22.4375,169.62096250000002,658.9375,87.3313375,7.001689187499999,8.456049375,8.304375,21.466874999999998,11.60625,5.078125,25.779692499999996
2026-09-13T23:40:00.000Z,MCT2408031,15.290833,74.149167,23.375,141.59876875,664.6875,87.29271250000002,7.0084195,7.340449125,8.779375,23.395624999999995,12.975625000000003,4.825625,25.762263750000002
2026-09-13T23:41:12.556Z,MCT2408031,15.290833,74.149167,25,140,666.5,87.38379,7.609797,6,10.48,27.83,15.24,4.869999999999999,25.71065
2026-09-13T22:50:00.000Z,MCT2408035,15.236111,74.125,45.285714285714285,190,765.6428571428571,88.91838785714287,17.644555714285712,8.015,3.7999999999999994,10.56642857142857,5.283571428571428,3.8299999999999987,26.37867
2026-09-13T23:00:00.000Z,MCT2408035,15.236111,74.125,47.0625,190,768.9375,88.75374124999998,18.988326249999997,8.289375,3.799999999999999,10.590624999999998,5.306875000000001,3.8299999999999987,26.380967499999997
2026-09-13T23:10:00.000Z,MCT2408035,15.236111,74.125,46.9375,190,761.3125,89.05939749999999,19.02785375,8.164375,3.799999999999999,10.378124999999999,5.096874999999999,3.8299999999999987,26.279079375000002
2026-09-13T23:20:00.000Z,MCT2408035,15.236111,74.125,46.1875,190,760.5625,89.38412187499999,18.377393125,8.289375000000001,3.799999999999999,10.284999999999998,5.002499999999999,3.8299999999999987,26.201991875000008
2026-09-13T23:30:00.000Z,MCT2408035,15.236111,74.125,45.6875,190,739.6875,89.585346875,18.01873875,8.289375,3.799999999999999,10.331874999999998,5.0493749999999995,3.8299999999999987,26.206013750000004
2026-09-13T23:40:00.000Z,MCT2408035,15.236111,74.125,45.5,190,760.4375,90.529485,17.912363124999995,7.845624999999999,3.9424999999999986,11.863124999999998,6.345000000000001,3.8299999999999987,26.0049175
2026-09-13T23:41:12.556Z,MCT2408035,15.236111,74.125,45.5,190,779,90.5271,17.610675,8.645,3.8,10.754999999999999,5.470000000000001,3.83,26.005585
2026-09-13T22:50:00.000Z,MCT2408039,15.163611,74.110833,29.142857142857142,340.70714285714286,667.3571428571429,86.72602714285715,12.612857142857141,10.299999999999999,9.019999999999998,28.94,11.76,2.3000000000000003,25.92055428571428
2026-09-13T23:00:00.000Z,MCT2408039,15.163611,74.110833,29.3125,346.22125000000005,635.375,86.49019624999998,11.739374999999997,10.3,9.019999999999998,28.94,11.759999999999998,2.3,25.972071875000008
2026-09-13T23:10:00.000Z,MCT2408039,15.163611,74.110833,29.3125,346.54749999999996,643.75,86.48256875000001,12.155624999999999,10.3,9.019999999999998,28.94,11.759999999999998,2.3,25.924480000000003
2026-09-13T23:20:00.000Z,MCT2408039,15.163611,74.110833,29.125,344.25937500000003,649.25,86.540741875,12.420624999999998,10.3,9.019999999999998,28.94,11.759999999999998,2.3,25.852755624999993
2026-09-13T23:30:00.000Z,MCT2408039,15.163611,74.110833,29.25,348.244375,651.125,86.71621687499999,12.406875000000001,10.3,9.019999999999998,28.94,11.759999999999998,2.3,25.810527500000003
2026-09-13T23:40:00.000Z,MCT2408039,15.163611,74.110833,29.5,352.25812499999995,619.3125,86.69762062499998,11.717499999999998,10.3,9.019999999999998,28.94,11.759999999999998,2.3,25.820580000000003
2026-09-13T23:41:12.563Z,MCT2408039,15.163611,74.110833,29,351.595,645,86.64374,13.47,10.3,9.02,28.94,11.76,2.3,25.807175
2026-09-13T22:50:00.000Z,MCT2408038,15.188889,74.055556,21.642857142857142,383.61285714285725,742.5714285714286,87.60831214285714,9.374285714285714,13.330000000000004,5.950000000000002,16.900000000000002,7.963571428571427,4.734285714285714,26.59163714285714
2026-09-13T23:00:00.000Z,MCT2408038,15.188889,74.055556,21.6875,379.45875,754.875,87.54686937499999,9.396874999999998,13.330000000000005,5.965000000000002,16.900000000000002,7.981249999999998,4.78,26.478833749999996
2026-09-13T23:10:00.000Z,MCT2408038,15.188889,74.055556,21.625,372.141875,723.8125,87.79053062499999,9.264999999999999,13.330000000000005,5.950000000000002,16.900000000000002,7.981249999999998,4.7368749999999995,26.39705625
2026-09-13T23:20:00.000Z,MCT2408038,15.188889,74.055556,22.0625,324.17812499999997,720.8125,87.91546249999998,9.419999999999998,13.330000000000005,6.982500000000001,19.507499999999997,9.433124999999999,4.737499999999999,26.295838125000007
2026-09-13T23:30:00.000Z,MCT2408038,15.188889,74.055556,21.6875,373.755625,759.4375,87.59836499999999,9.334374999999998,13.330000000000005,5.995000000000001,17.02375,8.276874999999999,4.7275,26.266343750000004
2026-09-13T23:40:00.000Z,MCT2408038,15.188889,74.055556,21.533333333333335,388.95866666666666,797.0666666666667,87.729654,9.311999999999996,13.330000000000005,5.950000000000002,16.900000000000002,8.042666666666666,4.753333333333333,26.117843999999998
2026-09-13T23:41:12.564Z,MCT2408038,15.188889,74.055556,22,390.855,803.5,88.01703,9.47,13.33,5.95,16.9,7.94,4.705,26.037765
2026-09-13T22:50:00.000Z,MCT2408026,15.2467,74.198281,117,125,565.1904761904761,86.68660761904759,13.10223666666667,12.5,7.427142857142859,24.317142857142855,13.637619047619049,50.38571428571428,26.522945714285715
2026-09-13T23:00:00.000Z,MCT2408026,15.2467,74.198281,117,125,572.875,86.82143874999998,13.184955833333339,12.5,6.970416666666668,23.453333333333333,13.379583333333331,50.368749999999984,26.47793791666666
2026-09-13T23:10:00.000Z,MCT2408026,15.2467,74.198281,117,125,571,86.78961239999998,12.985206400000004,12.5,7.259600000000002,23.947199999999995,13.500399999999999,50.504,26.540555200000004
2026-09-13T23:20:00.000Z,MCT2408026,15.2467,74.198281,117,125,564.125,86.69174041666663,13.201578333333336,12.5,7.167916666666668,23.25125,12.937916666666666,50.425000000000004,26.548992083333335
2026-09-13T23:30:00.000Z,MCT2408026,15.2467,74.198281,117,125,576.4583333333334,87.30368083333333,13.202720833333332,12.5,7.050833333333334,23.13083333333333,12.89708333333333,50.412499999999994,26.394373333333334
2026-09-13T23:40:00.000Z,MCT2408026,15.2467,74.198281,117,125,582.7083333333334,87.7337879166667,13.142294166666668,12.5,6.616666666666667,22.40541666666667,12.6975,50.487500000000004,26.241095833333333
2026-09-13T23:41:12.672Z,MCT2408026,15.2467,74.198281,117,125,585,87.58469333333333,13.024333333333333,12.5,6.616666666666667,23.209999999999997,13.5,50.5,26.280870000000004
2026-09-14T00:50:00.000Z,MCT2408028,15.186944,74.096667,43.77777777777778,449.6266666666666,574.5555555555555,90.19734111111111,19.16333333333333,11.842222222222224,14.424444444444447,45.406666666666666,24.522222222222226,1.5155555555555555,24.847280000000005
2026-09-14T01:00:00.000Z,MCT2408028,15.186944,74.096667,43.88,445.87519999999995,586.76,90.222838,19.231599999999997,11.995199999999997,13.503600000000006,42.23799999999999,22.9844,1.8068000000000004,24.84728
2026-09-14T01:10:00.000Z,MCT2408028,15.186944,74.096667,43.92,442.8564,590.56,90.28112919999998,19.223199999999995,11.8584,13.982800000000005,42.91479999999999,22.9052,1.6568000000000003,24.8078096
2026-09-14T01:20:00.000Z,MCT2408028,15.186944,74.096667,48.12,441.7223999999999,588.16,90.13647480000003,19.275999999999996,12.003199999999998,18.97600000000001,58.8232,31.771999999999988,1.7716000000000003,24.842988799999997
2026-09-14T01:30:00.000Z,MCT2408028,15.186944,74.096667,44.28,444.8932,586.04,90.11541720000002,19.270799999999994,11.975999999999999,16.060000000000002,49.95520000000001,27.001600000000003,2.0775999999999994,24.8760204
2026-09-14T01:40:00.000Z,MCT2408028,15.186944,74.096667,46.52,442.4839999999999,579.24,89.74707000000001,19.424399999999995,12.126799999999996,17.379600000000003,54.2508,29.42560000000001,1.9888,25.1068252
2026-09-14T01:46:15.433Z,MCT2408028,15.186944,74.096667,43.733333333333334,446.0760000000001,566.8,88.92950466666666,19.13466666666666,12.212666666666665,12.453333333333337,39.30799999999999,21.540666666666663,2.1726666666666663,25.391397333333337
2026-09-14T00:50:00.000Z,MCT2408020,15.543475,74.039433,38.333333333333336,180,858.1666666666666,87.54019,9.2474695,19.22449333333333,13.141666666666667,40.385,21.22,3.66,27.015536666666673
2026-09-14T01:00:00.000Z,MCT2408020,15.543475,74.039433,37.8125,180,861.0625,87.314171875,9.068742562499999,19.241771875,12.870625,39.49125,20.7375,3.6599999999999984,27.049274375000003
2026-09-14T01:10:00.000Z,MCT2408020,15.543475,74.039433,38.25,180,860.5625,87.3671,9.157823875,19.249344375,12.98625,40.306875000000005,21.26,3.6599999999999984,27.029836875000008
2026-09-14T01:20:00.000Z,MCT2408020,15.543475,74.039433,42.75,180,861.4375,87.44053312500003,9.153402375,19.2341975,16.351249999999997,49.97625000000001,26.369374999999998,3.6599999999999984,27.0848
2026-09-14T01:30:00.000Z,MCT2408020,15.543475,74.039433,44.125,180,861.875,87.14871000000001,9.261860625,19.045865,17.509375000000006,53.355,27.99625,3.6599999999999984,27.3147225
2026-09-14T01:40:00.000Z,MCT2408020,15.543475,74.039433,45.8125,180,864.625,86.749595,9.040522625000001,18.94159875,18.610000000000003,56.675,29.623750000000005,3.6599999999999984,27.578825000000002
2026-09-14T01:46:15.435Z,MCT2408020,15.543475,74.039433,44.3,180,862.8,86.40188500000002,9.082813699999999,19.120721999999997,17.719999999999995,53.495000000000005,27.879999999999995,3.6599999999999993,27.827785000000006
2026-09-14T00:50:00.000Z,MCT2408057,15.272222,74.104722,30,323.916,542.4,84.95306500000001,12.614999999999998,8.819999999999999,9.12,26.119999999999997,13.283000000000001,2.2619999999999996,27.515684
2026-09-14T01:00:00.000Z,MCT2408057,15.272222,74.104722,30,323.01240000000007,538.12,84.8297736,12.517199999999995,8.835999999999999,9.487999999999998,27.412399999999998,14.101599999999998,2.3064,27.5349876
2026-09-14T01:10:00.000Z,MCT2408057,15.272222,74.104722,32.92,300.83400000000006,539.44,85.12182639999997,12.480399999999998,8.835199999999997,14.826400000000003,42.54240000000001,21.9168,2.272,27.48436600000001
2026-09-14T01:20:00.000Z,MCT2408057,15.272222,74.104722,30.36,299.4312,552.24,85.03759760000001,12.449200000000001,8.774799999999997,12.441600000000001,35.57599999999999,18.264400000000006,2.2499999999999996,27.60319879999999
2026-09-14T01:30:00.000Z,MCT2408057,15.272222,74.104722,30.25,313.7991666666668,537.1666666666666,85.47167208333333,12.496666666666664,8.819166666666666,12.663333333333332,36.140416666666674,18.424166666666668,2.3304166666666664,27.544640833333332
2026-09-14T01:40:00.000Z,MCT2408057,15.272222,74.104722,30.72,296.822,532.28,85.24023479999998,12.351199999999997,8.8484,13.1104,37.5424,19.2596,2.246,27.79153159999999
2026-09-14T01:46:15.436Z,MCT2408057,15.272222,74.104722,31.3125,304.890625,518.25,85.04442562499999,12.323125,8.89125,13.929375,39.684999999999995,20.23625,2.2956250000000002,27.92605125
2026-09-14T00:50:00.000Z,MCT2408056,15.579167,73.920833,57.5,180,603,89.79722333333332,6.738333333333333,10.083333166666668,21.736666666666665,63.294999999999995,34.05166666666667,1.5600000000000003,26.724170000000004
2026-09-14T01:00:00.000Z,MCT2408056,15.579167,73.920833,65.375,180,589.875,89.70646312500001,6.86625,10.0691018125,26.802500000000002,78.665625,42.585,1.5724999999999998,26.713446875000002
2026-09-14T01:10:00.000Z,MCT2408056,15.579167,73.920833,60.375,180,599.875,89.65067375000002,6.83625,9.9734444375,23.400624999999994,68.59062499999999,37.07812500000001,1.5599999999999998,26.688639999999992
2026-09-14T01:20:00.000Z,MCT2408056,15.579167,73.920833,71,180,614.4375,89.73030562500001,6.793125,9.886736749999999,30.555,89.8225,48.676875,1.5599999999999998,26.753664375
2026-09-14T01:30:00.000Z,MCT2408056,15.579167,73.920833,82.8125,180,588.8125,89.24154687500001,6.694999999999999,9.1852993125,38.001875000000005,113.55874999999999,62.383125,1.5599999999999998,27.275172500000004
2026-09-14T01:40:00.000Z,MCT2408056,15.579167,73.920833,107,180,579.625,88.6269025,6.699999999999999,9.123532875,47.73875,148.9075,84.874375,1.5599999999999998,27.66931875
2026-09-14T01:46:15.442Z,MCT2408056,15.579167,73.920833,105,180,557.3,89.052339,6.422,9.0788732,51.32700000000001,158.197,89.22200000000001,1.5600000000000003,27.961847999999996
2026-09-14T00:50:00.000Z,MCT2408055,15.585833,73.885556,62,46.115,765,89.58105,9.278333333333334,6.43,20.63,58.11333333333334,31.355,19.708333333333332,26.27372
2026-09-14T01:00:00.000Z,MCT2408055,15.585833,73.885556,62,45.995000000000005,770.875,89.63922875000002,9.403125000000001,6.399999999999999,24.433749999999996,69.120625,37.490624999999994,19.699375,26.260981250000004
2026-09-14T01:10:00.000Z,MCT2408055,15.585833,73.885556,61.625,46.2525,766.6875,89.70598625000002,9.320625,6.399999999999999,21.0675,59.21062499999999,31.824999999999996,19.636875000000003,26.279751249999997
2026-09-14T01:20:00.000Z,MCT2408055,15.585833,73.885556,61.5625,50.11,761.6875,89.643996875,9.397499999999999,6.59,19.361249999999995,54.64625,29.523125000000004,19.53875,26.406439375
2026-09-14T01:30:00.000Z,MCT2408055,15.585833,73.885556,61.75,67.694375,743.875,89.60680249999999,9.32125,6.1850000000000005,19.1425,54.35937500000001,29.523750000000003,19.677500000000002,26.542513125
2026-09-14T01:40:00.000Z,MCT2408055,15.585833,73.885556,61.9375,61.527499999999996,715.25,89.51620374999999,9.389999999999999,6.300000000000001,20.41125,58.42812499999999,31.995625,19.813750000000002,26.749643749999997
2026-09-14T01:46:15.445Z,MCT2408055,15.585833,73.885556,61.9,53.50500000000001,721,89.46127199999998,9.361,6.046,21.4,61.249,33.672999999999995,19.648999999999994,27.008384999999997
2026-09-14T00:50:00.000Z,MCT2408052,15.444425,74.063856,53.6,160,807.2,87.992614,3.637614,8,19,53.174,25.06,2,26.917219999999997
2026-09-14T01:00:00.000Z,MCT2408052,15.444425,74.063856,55.1875,160,793.9375,87.976973125,3.6941229375000013,8,20.381874999999997,56.44437500000001,26.40625,2,26.899793749999997
2026-09-14T01:10:00.000Z,MCT2408052,15.444425,74.063856,53.8125,160,797.1875,87.9235675,3.637763375000001,8,18.980625,53.685,25.630000000000003,2,26.897783749999988
2026-09-14T01:20:00.000Z,MCT2408052,15.444425,74.063856,54,160,809.3125,87.91069375,3.6896491250000008,8,19.463124999999994,54.160625,25.436249999999994,2,26.974200000000003
2026-09-14T01:30:00.000Z,MCT2408052,15.444425,74.063856,56.25,160,796.1875,88.07711062499997,3.6457895000000007,8,21.428125,58.513125,26.859374999999996,2,27.05932875
2026-09-14T01:40:00.000Z,MCT2408052,15.444425,74.063856,53.42857142857143,160,781.5,87.93583,3.654085285714286,8,19.041428571428575,53.004999999999995,24.877857142857142,2,27.24893357142858
2026-09-14T01:46:15.642Z,MCT2408052,15.444425,74.063856,52.6,160,789.7,87.96667299999999,3.6809123999999995,8,18.43,51.172,23.921000000000003,2,27.42881
2026-09-14T00:50:00.000Z,MCT2408053,15.263333,74.110833,46,167.12461666666664,757.8333333333334,91.63081833333332,15.644999999999998,30.663333333333338,18.823333333333334,59.63333333333335,36.09666666666667,10.316666666666668,25.95553666666667
2026-09-14T01:00:00.000Z,MCT2408053,15.263333,74.110833,46.6875,154.480575,713.375,91.76163062500001,15.711249999999998,30.466874999999998,18.25125,59.066875,36.238749999999996,10.058125,25.940566874999995
2026-09-14T01:10:00.000Z,MCT2408053,15.263333,74.110833,42.625,171.179625,706.4375,91.723960625,16.240000000000002,29.696874999999995,11.878125,38.830625,24.183125000000004,9.820625000000001,25.95464249999999
2026-09-14T01:20:00.000Z,MCT2408053,15.263333,74.110833,45.1875,158.224225,727.125,91.8579525,15.338124999999998,30.12624999999999,16.588749999999997,54.326874999999994,33.84,9.940000000000001,26.016983125000003
2026-09-14T01:30:00.000Z,MCT2408053,15.263333,74.110833,40.625,193.0145,685.875,91.63240875000001,15.853125000000002,30.579999999999995,12.110624999999999,39.316250000000004,24.181875,9.541875,26.190596875
2026-09-14T01:40:00.000Z,MCT2408053,15.263333,74.110833,39.875,201.45761875,676.1875,90.75788874999998,15.651875,29.06125,10.387499999999998,34.94125,22.206875,9.168125000000002,26.637699375
2026-09-14T01:46:15.640Z,MCT2408053,15.263333,74.110833,39.9,193.92568,698.1,89.352172,15.384000000000004,29.193,11.111999999999998,36.16799999999999,22.447000000000003,9.620000000000001,26.904353000000004
2026-09-14T00:50:00.000Z,MCT2408043,15.221111,74.087222,37.5,199.10999999999999,647,86.54455833333333,14.185,10.361666666666666,12.031666666666666,36.26166666666666,18.78833333333333,5.29,26.311255000000003
2026-09-14T01:00:00.000Z,MCT2408043,15.221111,74.087222,39.9375,194.06937499999998,659.8125,86.52882125,14.203124999999996,10.424374999999998,13.533124999999998,40.716875,21.139375,5.290000000000001,26.3172875
2026-09-14T01:10:00.000Z,MCT2408043,15.221111,74.087222,40.06666666666667,196.67400000000004,688.8666666666667,86.389426,14.211333333333329,10.328666666666665,13.169333333333334,41.026666666666664,21.950666666666667,5.290000000000001,26.317331333333335
2026-09-14T01:20:00.000Z,MCT2408043,15.221111,74.087222,43.75,185.32125,669.5625,86.43440687499996,14.229999999999999,10.310624999999996,16.145625000000003,48.520625,24.740624999999994,5.290000000000001,26.276397500000005
2026-09-14T01:30:00.000Z,MCT2408043,15.221111,74.087222,46.75,186.110625,663.1875,86.59843875000001,14.263124999999999,10.288749999999999,17.88875,54.475624999999994,27.861875,5.290000000000001,26.399066249999997
2026-09-14T01:40:00.000Z,MCT2408043,15.221111,74.087222,45.4,185.84133333333332,644.1333333333333,86.44588133333333,14.245999999999997,10.40733333333333,16.800666666666665,51.58533333333334,26.9,5.290000000000001,26.68341333333333
2026-09-14T01:46:15.644Z,MCT2408043,15.221111,74.087222,45.9,162.5,627.8,86.29659899999999,14.273999999999997,10.406,17.223,52.785000000000004,27.285000000000004,5.29,26.940818
2026-09-14T00:50:00.000Z,MCT2408021,15.500556,74.053333,49.166666666666664,375,542.1666666666666,87.97506666666668,20.996666666666666,14.216425000000001,4.5249999999999995,13.983333333333333,8.888333333333334,4.2250000000000005,26.518604999999997
2026-09-14T01:00:00.000Z,MCT2408021,15.500556,74.053333,49.25,375,538.5,87.84250624999999,21.0075,14.388624375,5.682499999999999,17.5825,11.100625,4.2775,26.567313125
2026-09-14T01:10:00.000Z,MCT2408021,15.500556,74.053333,49.3125,375,526.5625,87.762873125,21.095000000000002,14.472589374999998,13.51125,39.51062499999999,23.808749999999996,4.11125,26.645070000000004
2026-09-14T01:20:00.000Z,MCT2408021,15.500556,74.053333,49.375,375,524.375,87.75476812500001,21.127499999999998,14.506281250000002,9.07625,27.255624999999995,16.815,4.185625000000001,26.772434375000003
2026-09-14T01:30:00.000Z,MCT2408021,15.500556,74.053333,49.666666666666664,375,521.0666666666667,87.62233399999998,21.236,14.656286000000001,9.397333333333332,28.02866666666667,17.238000000000003,4.1819999999999995,27.040918666666666
2026-09-14T01:40:00.000Z,MCT2408021,15.500556,74.053333,50.07142857142857,375,514.6428571428571,87.08242785714285,21.547857142857143,14.821505714285712,14.930714285714286,43.66357142857142,26.428571428571434,4.142857142857143,27.564557142857147
2026-09-14T01:46:15.644Z,MCT2408021,15.500556,74.053333,49.8,375,515.8,86.38510199999999,21.445999999999998,14.807668000000001,10.812000000000001,32.826,20.478,4.165000000000001,27.912512
2026-09-14T00:50:00.000Z,MCT2408051,15.486528,74.033889,52,299.13500000000005,714.8333333333334,95.82189999999999,22.111666666666668,5.19,12.646666666666667,38.843333333333334,20.743333333333332,4.39,25.951961666666666
2026-09-14T01:00:00.000Z,MCT2408051,15.486528,74.033889,51.6875,301.0025,723.5,96.17809562500003,21.907499999999995,5.1899999999999995,10.416249999999998,33.096875,18.161875000000006,4.39,25.865490625
2026-09-14T01:10:00.000Z,MCT2408051,15.486528,74.033889,52.3125,301.909375,731.125,96.47087562499999,22.304375000000004,5.1899999999999995,8.590625000000001,27.618750000000002,15.245000000000003,4.39,25.806504374999996
2026-09-14T01:20:00.000Z,MCT2408051,15.486528,74.033889,52.375,303.3325,732.8125,96.78511125,22.341250000000002,5.1899999999999995,7.771249999999998,25.210000000000008,14.078125,4.39,25.813878124999995
2026-09-14T01:30:00.000Z,MCT2408051,15.486528,74.033889,52.375,301.90812500000004,751.6875,97.109836875,22.335,5.1899999999999995,8.082499999999998,26.141875000000006,14.505625,4.39,25.858790624999994
2026-09-14T01:40:00.000Z,MCT2408051,15.486528,74.033889,52.1875,305.99,764.375,97.40118375000002,22.227500000000003,5.1899999999999995,8.238750000000001,26.918125000000003,15.049375000000001,4.39,25.985478124999997
2026-09-14T01:46:15.644Z,MCT2408051,15.486528,74.033889,52.2,305.989,757.2,97.134917,22.233000000000004,5.1899999999999995,9.514,30.454999999999995,16.74,4.39,26.224381
2026-09-14T00:50:00.000Z,MCT2408050,15.553611,73.958333,41,86.02999999999999,655.8333333333334,92.61246666666666,10.986666666666666,4.091666666666666,13.569999999999999,42.651666666666664,22.676666666666666,2.9316666666666666,25.801811666666662
2026-09-14T01:00:00.000Z,MCT2408050,15.553611,73.958333,41.125,86.02999999999999,645.625,92.65236187500001,11.290000000000003,4.15125,13.888749999999995,43.20499999999999,22.907500000000002,2.8668750000000003,25.767628124999998
2026-09-14T01:10:00.000Z,MCT2408050,15.553611,73.958333,44.266666666666666,86.02999999999999,637,92.70045933333336,11.089333333333336,4.115333333333334,15.836000000000002,49.29266666666668,26.081333333333337,2.9493333333333336,25.816827333333332
2026-09-14T01:20:00.000Z,MCT2408050,15.553611,73.958333,42.875,86.02999999999999,645.0625,92.711014375,11.113750000000001,4.18125,15.163124999999996,46.64062499999999,24.503125,2.9874999999999994,25.93386375
2026-09-14T01:30:00.000Z,MCT2408050,15.553611,73.958333,42.6875,86.02999999999999,662.125,92.619935,11.448125000000001,4.21,14.79,46.156875,24.55625,2.7,26.111498125
2026-09-14T01:40:00.000Z,MCT2408050,15.553611,73.958333,52,86.02999999999999,621.4285714285714,92.37450071428569,11.284999999999998,4.347142857142857,20.780714285714286,64.71142857142858,34.20214285714286,2.7528571428571427,26.52958571428572
2026-09-14T01:46:15.841Z,MCT2408050,15.553611,73.958333,57.5,86.02999999999999,595,92.199465,10.893,4.243,24.259999999999998,76.08600000000001,40.309999999999995,2.4130000000000003,26.823915999999997
2026-09-14T00:50:00.000Z,MCT2408030,15.142519,74.075003,47.166666666666664,163,609.8333333333334,82.17545333333334,8.856666666666667,6.2,21.400000000000002,62.346666666666664,33.60333333333333,4.204999999999999,25.817899999999998
2026-09-14T01:00:00.000Z,MCT2408030,15.142519,74.075003,43.875,163,603.25,82.24444062500001,8.92125,6.200000000000002,19.036875000000002,55.599374999999995,30.054375,4.59875,25.768297500000006
2026-09-14T01:10:00.000Z,MCT2408030,15.142519,74.075003,43,163,592.8666666666667,82.28277466666667,8.858666666666668,6.200000000000002,18.367333333333338,53.71,28.904,4.982666666666666,25.75247866666666
2026-09-14T01:20:00.000Z,MCT2408030,15.142519,74.075003,37.06666666666667,163,581.8666666666667,82.28531999999998,8.789333333333333,6.200000000000002,14.18266666666667,41.90999999999999,22.784000000000002,4.916,25.735320000000005
2026-09-14T01:30:00.000Z,MCT2408030,15.142519,74.075003,35.75,163,573.1875,82.46187562499998,8.861875,6.200000000000002,13.238750000000001,39.175625,21.298750000000002,4.995000000000001,25.734113125
2026-09-14T01:40:00.000Z,MCT2408030,15.142519,74.075003,35.6,163,573.5333333333333,82.52589666666664,8.711333333333334,6.200000000000002,13.31,39.112,21.079333333333338,4.985333333333334,25.888326666666668
2026-09-14T01:46:15.843Z,MCT2408030,15.142519,74.075003,33.1,163,583,82.54903900000002,8.812000000000001,6.200000000000001,11.527000000000001,34.306,18.839000000000002,4.857000000000001,26.055995000000003
2026-09-14T00:50:00.000Z,MCT2408029,15.333611,74.206944,17.5,120,864.6666666666666,91.41211,3.4700000000000006,7.18,6.47,18.881666666666668,10,3.5,25.455033333333333
2026-09-14T01:00:00.000Z,MCT2408029,15.333611,74.206944,19.5625,120,869.0625,91.48792749999998,4.3675,7.452500000000002,7.612500000000001,22.86875,12.313749999999999,3.554375,25.404982499999996
2026-09-14T01:10:00.000Z,MCT2408029,15.333611,74.206944,22,120,833.4615384615385,91.33933615384613,6.376153846153847,8.771538461538462,8.733076923076924,27.56692307692308,15.43,3.5,25.498207692307687
2026-09-14T01:20:00.000Z,MCT2408029,15.333611,74.206944,21.125,120,842,91.34105999999998,4.308125,7.9312499999999995,8.639999999999999,26.3375,14.338750000000001,3.5,25.558483749999994
2026-09-14T01:30:00.000Z,MCT2408029,15.333611,74.206944,21.23076923076923,120,830.5384615384615,91.41797923076923,5.59076923076923,8.948461538461538,8.553076923076922,25.433846153846154,13.528461538461539,3.54,25.704460769230767
2026-09-14T01:40:00.000Z,MCT2408029,15.333611,74.206944,21.3,120,811.1,90.84448400000001,4.875000000000001,9.959,8.413,26.415999999999997,14.704999999999998,3.5,26.112837000000003
2026-09-14T01:46:15.844Z,MCT2408029,15.333611,74.206944,22.1,120,818.4,90.915436,5.557,9.174000000000001,8.646,26.994000000000007,14.882000000000001,3.6109999999999998,26.134287
2026-09-14T00:50:00.000Z,MCT2408023,15.499722,74.020833,60.833333333333336,215.79833333333332,509.3333333333333,92.59339333333334,8.215000000000002,18.12333333333333,19.85666666666667,63.53333333333334,40.11666666666667,3.3266666666666667,25.304881666666663
2026-09-14T01:00:00.000Z,MCT2408023,15.499722,74.020833,60.13333333333333,217.69733333333332,511.1333333333333,92.51786466666665,8.337333333333332,18.67266666666667,18.42,60.62133333333333,39.15,3.022666666666667,25.353502666666667
2026-09-14T01:10:00.000Z,MCT2408023,15.499722,74.020833,52.75,221.090625,511.4375,92.43921875000001,8.092500000000001,18.668125,13.94,46.46437499999999,30.359375,3.3731249999999995,25.391576875000002
2026-09-14T01:20:00.000Z,MCT2408023,15.499722,74.020833,54.375,216.89187500000003,512.75,92.39534624999997,8.111875,19.05,14.971250000000001,49.55062499999999,32.171875,3.18375,25.492793749999997
2026-09-14T01:30:00.000Z,MCT2408023,15.499722,74.020833,56.625,193.025,517.9375,92.183631875,8.065625,19.291875000000005,16.636249999999997,54.37875,34.800000000000004,3.2087500000000007,25.915765625
2026-09-14T01:40:00.000Z,MCT2408023,15.499722,74.020833,56.6875,178.58999999999997,518.3125,90.50516374999998,8.2575,19.915625,16.9525,54.85375,34.79999999999999,4.069999999999999,27.151834374999996
2026-09-14T01:46:15.845Z,MCT2408023,15.499722,74.020833,53.6,202.534,516.4,85.893768,9.028,18.180999999999997,14.955999999999998,48.885,31.320999999999998,4.926999999999999,28.803767000000004
2026-09-14T00:50:00.000Z,MCT2408027,15.275556,74.1075,49.333333333333336,1188.1333333333334,597.3333333333334,90.30712000000001,6.579999999999999,12.911666666666667,19.233333333333334,58.48499999999999,31.12833333333333,2.9499999999999997,26.295169999999995
2026-09-14T01:00:00.000Z,MCT2408027,15.275556,74.1075,50.375,1176.7537499999999,646.8125,90.30918750000001,6.579999999999999,12.765624999999996,20.093125,60.190625000000004,31.31125,2.9500000000000006,26.309244375000002
2026-09-14T01:10:00.000Z,MCT2408027,15.275556,74.1075,54.9375,1172.6999999999998,647,90.2739,6.579999999999999,12.86625,23.421250000000004,69.985,36.559999999999995,2.9500000000000006,26.334045624999998
2026-09-14T01:20:00.000Z,MCT2408027,15.275556,74.1075,58.6875,1170.7325000000003,660,90.16994937499999,6.579999999999999,12.716875,26.070625,77.80937499999999,40.699375,2.9500000000000006,26.484866875000005
2026-09-14T01:30:00.000Z,MCT2408027,15.275556,74.1075,62.0625,1163.6137500000002,628.3125,90.29535687499997,6.579999999999999,12.553125000000005,27.983750000000004,84.0325,43.91062500000001,2.9500000000000006,26.689314375000002
2026-09-14T01:40:00.000Z,MCT2408027,15.275556,74.1075,186,1117.675,639.125,90.44365437500001,6.579999999999999,12.357500000000002,94.85875,291.52375,155.88,2.9500000000000006,26.948058125
2026-09-14T01:46:16.044Z,MCT2408027,15.275556,74.1075,115.9,1130.7050000000002,631.5,90.383669,6.58,12.338,59.467000000000006,180.38600000000002,95.455,2.9499999999999997,27.16497
2026-09-14T00:50:00.000Z,MCT2408044,15.313669,74.140042,25.333333333333332,214.29,602.8333333333334,95.56885833333332,10.648333333333333,3.76,12.356666666666664,34,20.18,2.9944445,24.761476666666667
2026-09-14T01:00:00.000Z,MCT2408044,15.313669,74.140042,28.75,214.29,589.0625,95.65357437499999,10.685624999999998,3.5812500000000003,13.038750000000002,36.1875,21.553125,3.18733975,24.752093125
2026-09-14T01:10:00.000Z,MCT2408044,15.313669,74.140042,24.125,214.29,607.375,95.58920312499995,10.705625,3.390625,6.143125,17.34375,10.506249999999998,3.239984,24.731311875000006
2026-09-14T01:20:00.000Z,MCT2408044,15.313669,74.140042,24.25,214.29,610.0625,95.59015875000001,10.738124999999998,3.5968750000000003,4.991875,14.4375,8.88625,3.0305288749999995,24.786279375000003
2026-09-14T01:30:00.000Z,MCT2408044,15.313669,74.140042,24.375,214.29,599.625,95.498603125,10.786875,3.4612499999999997,6.142499999999999,17.375,10.50625,3.1634615,24.987375624999995
2026-09-14T01:40:00.000Z,MCT2408044,15.313669,74.140042,24.375,214.29,608.4375,95.24921750000003,10.833124999999999,3.501875,7.076875000000001,19.9375,11.9575,2.7118589999999996,25.287008125
2026-09-14T01:46:16.045Z,MCT2408044,15.313669,74.140042,24,214.29000000000002,603.8,94.787353,10.691,3.72,6.668000000000001,18.55,11.08,3.0201282,25.510088000000003
2026-09-14T00:50:00.000Z,MCT2408049,15.475278,74.055833,56.333333333333336,150,534.5,87.046825,24.12,11.981666666666667,11.115,32.556666666666665,16.495,2.61,26.90828666666667
2026-09-14T01:00:00.000Z,MCT2408049,15.475278,74.055833,56.5625,150.37930625,540,87.038558125,24.040000000000003,13.059375,11.211875000000001,32.940625,16.686875,2.61,26.8837075
2026-09-14T01:10:00.000Z,MCT2408049,15.475278,74.055833,56.6875,151.40866875,542.375,86.871189375,24.150000000000002,12.186875000000002,11.500000000000002,33.660625,16.88,2.61,26.919904375
2026-09-14T01:20:00.000Z,MCT2408049,15.475278,74.055833,56.75,151.24033125,547.375,87.00661187500002,24.148124999999997,13.43375,12.170625000000001,35.860625000000006,18.319375,2.61,27.015088125
2026-09-14T01:30:00.000Z,MCT2408049,15.475278,74.055833,56.75,150,532.125,87.22786187499999,24.3275,14.045625,22.665625000000002,65.6875,33.27875,2.61,27.18803
2026-09-14T01:40:00.000Z,MCT2408049,15.475278,74.055833,58.3125,150.47951875,529.1875,87.15347750000001,24.175625,14.851875000000003,28.557499999999997,83.594375,42.869375000000005,2.61,27.536596250000006
2026-09-14T01:46:16.045Z,MCT2408049,15.475278,74.055833,56.8,150.936,523.3,86.440034,24.276,16.401999999999997,21.849,63.659000000000006,32.455,2.61,27.899642
2026-09-14T00:50:00.000Z,MCT2408040,15.528056,74.020833,19,100,542,88.822696,8.145999999999999,4.7780000000000005,3.098,8.98,4.246,3.5,26.513956
2026-09-14T01:00:00.000Z,MCT2408040,15.528056,74.020833,18.9375,100,541.0625,88.89727062499998,7.958750000000001,4.827500000000001,3.2225,9.340625,4.424375,3.5,26.478833749999996
2026-09-14T01:10:00.000Z,MCT2408040,15.528056,74.020833,18.875,100,538.5625,88.96831937500004,7.887500000000001,4.795,3.660625,10.8575,5.296875,3.5,26.499612500000005
2026-09-14T01:20:00.000Z,MCT2408040,15.528056,74.020833,18.75,100,536.5,89.04700000000001,7.775,4.727499999999999,3.4143749999999997,10.0225,4.8075,3.5,26.576028124999997
2026-09-14T01:30:00.000Z,MCT2408040,15.528056,74.020833,18.75,100,543.8125,89.0408,7.775000000000001,4.69625,3.4975000000000005,10.440625,5.073125000000001,3.5,26.720819375000005
2026-09-14T01:40:00.000Z,MCT2408040,15.528056,74.020833,18.625,100,529.875,88.91395874999998,7.676250000000001,4.746874999999999,3.4524999999999997,10.24125,4.9075,3.5,27.015089375000006
2026-09-14T01:46:16.043Z,MCT2408040,15.528056,74.020833,18.545454545454547,100,523.6363636363636,88.68425272727272,7.592727272727273,4.656363636363636,3.8872727272727263,11.484545454545454,5.562727272727273,3.5,27.321852727272724
2026-09-14T00:50:00.000Z,MCT2408034,15.356389,74.123611,30.88888888888889,180,557.2222222222222,77.10614555555554,6.1499999999999995,5.117777777777778,9.723333333333334,30.009999999999998,15.626666666666665,1.2822222222222224,29.655696666666667
2026-09-14T01:00:00.000Z,MCT2408034,15.356389,74.123611,47.2,180,560.56,77.0654924,6.202000000000003,5.276800000000001,20.270799999999998,62.2336,32.25480000000002,1.1179999999999997,29.652551600000002
2026-09-14T01:10:00.000Z,MCT2408034,15.356389,74.123611,62.916666666666664,180,566.75,77.20331625000003,6.150000000000002,5.203750000000001,30.949583333333333,93.82083333333333,48.13166666666667,1.4266666666666667,29.648994166666657
2026-09-14T01:20:00.000Z,MCT2408034,15.356389,74.123611,57.8,180,565.6,77.31176599999999,6.169600000000003,4.902000000000001,27.4884,83.09120000000001,42.4944,1.2507999999999997,29.699311600000005
2026-09-14T01:30:00.000Z,MCT2408034,15.356389,74.123611,55.44,180,552.08,76.95928880000002,6.150000000000002,4.4456,25.6664,77.98880000000001,40.131600000000006,1.1715999999999998,29.860188800000007
2026-09-14T01:40:00.000Z,MCT2408034,15.356389,74.123611,52.041666666666664,180,529.2916666666666,76.10372791666667,6.150000000000002,4.455416666666667,23.3575,71.11833333333335,36.685416666666676,1.1116666666666664,30.07889291666668
2026-09-14T01:46:16.194Z,MCT2408034,15.356389,74.123611,51.125,180,522.625,76.02218812499999,6.180625000000001,4.759375,22.671874999999996,69.34124999999999,35.865625,1.1099999999999999,30.201783750000004
2026-09-14T00:50:00.000Z,MCT2408046,15.529167,74.07,31,95.52,539.4444444444445,85.5247588888889,13.425555555555556,0.6322222222222222,10.046666666666667,30.122222222222224,14.987777777777776,3.6688888888888886,27.491611111111112
2026-09-14T01:00:00.000Z,MCT2408046,15.529167,74.07,30.96,95.52,541.76,85.6430644,13.358800000000004,0.6911999999999998,8.799599999999998,26.351199999999995,12.8236,3.5532000000000004,27.459913200000003
2026-09-14T01:10:00.000Z,MCT2408046,15.529167,74.07,31.04,95.52,545.24,85.489562,13.4284,0.6463999999999999,9.001599999999998,27.284399999999994,13.355600000000003,3.6272,27.530269599999997
2026-09-14T01:20:00.000Z,MCT2408046,15.529167,74.07,31.04,95.52,536,85.01318439999999,13.463199999999997,0.6551999999999998,10.572799999999997,31.5984,15.558399999999999,3.4092000000000002,27.748631600000003
2026-09-14T01:30:00.000Z,MCT2408046,15.529167,74.07,31,95.52,534.64,85.01135279999998,13.435600000000004,0.6087999999999999,9.053199999999999,27.01880000000001,13.113599999999998,3.448800000000001,27.897925599999997
2026-09-14T01:40:00.000Z,MCT2408046,15.529167,74.07,31.12,95.52,527.84,84.774842,13.545600000000002,0.622,10.1936,30.665600000000005,15.2444,3.4991999999999996,28.1055628
2026-09-14T01:46:16.245Z,MCT2408046,15.529167,74.07,31.0625,95.52,522.875,84.35444250000002,13.530625,0.565625,10.985000000000001,32.913124999999994,16.143749999999997,3.3356250000000007,28.43884874999999
2026-09-14T00:50:00.000Z,MCT2408037,15.394444,74.118333,4511,160,573,85.716002,10.652000000000001,14.35,2477.364,6631.452,2497.978,3.7079999999999997,26.32734
2026-09-14T01:00:00.000Z,MCT2408037,15.394444,74.118333,4536.875,160,582.375,85.76969625000001,10.60875,14.343124999999997,2481.60125,6642.91875,2502.250625,3.7143749999999995,26.327339999999996
2026-09-14T01:10:00.000Z,MCT2408037,15.394444,74.118333,4559.9375,160,574.875,85.82453000000001,10.503749999999998,14.384375,2478.163125,6633.71875,2498.781875,3.625624999999999,26.332034375000003
2026-09-14T01:20:00.000Z,MCT2408037,15.394444,74.118333,4598.1875,160,566.9375,85.77828000000001,10.566875000000001,14.379375,2483.8312500000006,6648.8975,2504.496875,2.6225,26.410462499999998
2026-09-14T01:30:00.000Z,MCT2408037,15.394444,74.118333,4620.125,160,557.5625,85.79496687499997,10.483749999999999,14.434999999999999,2479.927500000001,6638.321249999999,2500.565,2.869375,26.569325000000003
2026-09-14T01:40:00.000Z,MCT2408037,15.394444,74.118333,4639.857142857143,160,549.6428571428571,85.65409714285715,10.475714285714286,14.43714285714286,2475.335,6626.170714285713,2495.933571428571,2.96,26.87815214285714
2026-09-14T01:46:16.246Z,MCT2408037,15.394444,74.118333,4661.4,160,541.2,85.58782799999999,10.499999999999996,14.478,2475.4310000000005,6626.3820000000005,2496.0280000000002,3.133,27.040560000000006
2026-09-14T00:50:00.000Z,MCT2408041,15.224628,74.171389,31,418.78810000000004,598.5,89.42592666666667,13.323333333333332,9.700000000000001,8.090000000000002,23.355,11.996666666666668,8.021666666666667,25.721373333333336
2026-09-14T01:00:00.000Z,MCT2408041,15.224628,74.171389,35.3125,327.3554375,601.5625,89.46852062499998,13.553125000000001,9.7,14.555625,43.638749999999995,22.747500000000006,7.959375,25.716009999999997
2026-09-14T01:10:00.000Z,MCT2408041,15.224628,74.171389,43.9375,235.4390625,601,89.52955562499997,13.545,9.7,20.115,59.535,30.581874999999997,7.805625,25.771647500000004
2026-09-14T01:20:00.000Z,MCT2408041,15.224628,74.171389,31.125,400.83803125000014,608.75,89.22390312499999,13.419374999999999,9.7,8.946875000000002,26.42625,13.698749999999999,7.776875,25.900348124999997
2026-09-14T01:30:00.000Z,MCT2408041,15.224628,74.171389,31.0625,405.1294250000001,613.0625,89.09277250000002,13.448749999999999,9.7,8.140000000000002,23.034375000000008,11.574374999999998,7.91,26.063235625
2026-09-14T01:40:00.000Z,MCT2408041,15.224628,74.171389,40.25,288.2001125,600.375,88.797134375,13.723125,9.7,17.233749999999993,51.53625,26.64,7.908125,26.297178125000002
2026-09-14T01:46:16.251Z,MCT2408041,15.224628,74.171389,43.6,232.60573,598.7,88.359589,13.787,9.700000000000001,20.377,60.426,31.22,7.885999999999998,26.520394999999997
2026-09-14T00:50:00.000Z,MCT2408042,15.213889,74.071667,61.166666666666664,262.8316666666667,538,89.30894333333333,26.176666666666666,13.046666666666667,9.403333333333332,28.576666666666664,14.883333333333335,3.651666666666666,26.186128333333333
2026-09-14T01:00:00.000Z,MCT2408042,15.213889,74.071667,61,256.27124999999995,541.5625,89.33262500000001,26.07,13.411875,10.066875,29.811875000000004,15.376250000000004,3.7649999999999992,26.187248125000004
2026-09-14T01:10:00.000Z,MCT2408042,15.213889,74.071667,61.06666666666667,253.1993333333333,540.8666666666667,89.38370600000002,26.112666666666666,13.132000000000001,12.922000000000002,38.60866666666667,19.859999999999996,3.658,26.21794733333333
2026-09-14T01:20:00.000Z,MCT2408042,15.213889,74.071667,60.9375,251.350625,531.375,89.3912725,26.03,13.30375,13.081250000000002,38.58812499999999,19.641875000000002,3.514375,26.33471625
2026-09-14T01:30:00.000Z,MCT2408042,15.213889,74.071667,60.5,228.48812500000003,517.5,89.29972062499999,25.750000000000004,13.16,12.057500000000001,35.9675,18.56125,3.4918750000000003,26.5518975
2026-09-14T01:40:00.000Z,MCT2408042,15.213889,74.071667,61.07142857142857,237.9042857142857,514.2857142857143,88.69005142857142,26.072857142857146,13.44857142857143,12.740000000000004,37.32714285714286,18.805714285714288,3.355,27.039027857142855
2026-09-14T01:46:16.245Z,MCT2408042,15.213889,74.071667,60.5,237.914,509.9,88.254304,25.705000000000002,13.328999999999999,11.921,35.204,17.947,3.085,27.599338
2026-09-14T00:50:00.000Z,MCT2408033,15.346944,74.007778,30.166666666666668,110,579.1666666666666,89.62937333333332,7.711666666666667,4.203333333333334,15.756666666666668,39.315,23.136666666666667,4.39,26.259416666666667
2026-09-14T01:00:00.000Z,MCT2408033,15.346944,74.007778,51.6875,110,592.25,89.69358937499997,7.468125,4.32,32.765,82.0825,48.49249999999999,4.39,26.250928125
2026-09-14T01:10:00.000Z,MCT2408033,15.346944,74.007778,50.0625,110,591.875,89.89147499999999,7.619999999999999,4.336874999999999,31.81875,79.29499999999999,46.69125,4.39,26.23886125
2026-09-14T01:20:00.000Z,MCT2408033,15.346944,74.007778,59.375,110,597,89.90291937499997,7.94375,4.048125,38.597500000000004,96.98875000000001,57.500625,4.39,26.374265
2026-09-14T01:30:00.000Z,MCT2408033,15.346944,74.007778,58.1875,123.56271249999999,597.0625,89.94488062500001,7.604374999999999,4.1075,38.144375000000004,94.42375,55.25749999999999,4.39,26.543854375000002
2026-09-14T01:40:00.000Z,MCT2408033,15.346944,74.007778,60,110,583.75,89.88527562499999,7.987499999999999,4.093125,38.900625,97.59625000000001,57.831250000000004,4.39,26.85823375
2026-09-14T01:46:16.387Z,MCT2408033,15.346944,74.007778,45.6,110,594.9,89.80383,8.121,4.244000000000001,27.151,67.898,40.117,4.39,27.186422
2026-09-14T00:50:00.000Z,MCT2408045,15.619444,73.878889,33,178.12,785.1666666666666,86.67044500000002,10.896666666666668,16.43833333333333,10.403333333333334,35.074999999999996,17.998333333333335,2.53,26.636581666666668
2026-09-14T01:00:00.000Z,MCT2408045,15.619444,73.878889,33.5,178.11999999999995,777.125,86.65041625,10.7325,16.669999999999998,10.662499999999996,36.179375,18.625625,2.5300000000000002,26.659147500000007
2026-09-14T01:10:00.000Z,MCT2408045,15.619444,73.878889,34,178.11999999999995,778.625,86.75817812500001,10.708125000000003,16.430625,10.9775,37.176874999999995,19.08625,2.5300000000000002,26.660486875000007
2026-09-14T01:20:00.000Z,MCT2408045,15.619444,73.878889,35.5,178.11999999999995,775.75,86.86642062500002,10.80625,16.664375,11.984999999999998,40.206875,20.463124999999994,2.5300000000000002,26.710764374999997
2026-09-14T01:30:00.000Z,MCT2408045,15.619444,73.878889,42.0625,178.11999999999995,774.875,86.81253874999999,10.385625,16.34,16.13875,53.645,27.211874999999996,2.5300000000000002,26.874321874999996
2026-09-14T01:40:00.000Z,MCT2408045,15.619444,73.878889,44.375,178.11999999999995,764.875,86.82684250000003,10.693125,16.229375,17.269374999999997,57.53249999999999,29.26125,2.5300000000000002,27.09552625
2026-09-14T01:46:16.456Z,MCT2408045,15.619444,73.878889,48.9,178.11999999999998,759.1,86.83294500000001,10.569999999999997,16.214000000000002,20.336000000000002,66.839,33.532,2.5300000000000002,27.334430000000005
2026-09-14T00:50:00.000Z,MCT2408022,15.475833,74.038889,44,150,485.5,90.85770833333333,3.8883333333333336,11.201639999999998,15.166666666666666,46.666666666666664,24.5,4.2464605,26.09853666666667
2026-09-14T01:00:00.000Z,MCT2408022,15.475833,74.038889,44.6875,150,493.625,90.8470575,3.8762499999999998,11.17457375,15.3125,47.8125,25.625,4.2649983125,26.105463750000002
2026-09-14T01:10:00.000Z,MCT2408022,15.475833,74.038889,44.9375,150,494.6875,90.79412875000001,3.8681249999999996,11.282191875,15.6875,48.375,25.8125,4.237702874999999,26.163783749999997
2026-09-14T01:20:00.000Z,MCT2408022,15.475833,74.038889,45.6875,150,500.0625,90.75025812500002,3.775625,11.315825,16.1875,50,26.8125,4.250608562499999,26.306564374999994
2026-09-14T01:30:00.000Z,MCT2408022,15.475833,74.038889,47.5,150,497,90.638203125,3.6987500000000004,11.23142625,17.4375,53.5625,28.625,4.2626936875,26.516371250000002
2026-09-14T01:40:00.000Z,MCT2408022,15.475833,74.038889,46.733333333333334,150,494.73333333333335,90.47166000000001,3.7206666666666663,11.300602666666665,16.4,51.8,28.2,4.226735533333334,26.859308000000002
2026-09-14T01:46:16.456Z,MCT2408022,15.475833,74.038889,45.8,150,491.2,89.724488,3.718,11.327912999999999,15.9,49.9,27,4.2323894,27.578961
2026-09-14T00:50:00.000Z,MCT2408032,15.525556,73.828611,88.11111111111111,178.93000000000004,566.7777777777778,83.97599222222222,14.74,19.35222222222222,44.45555555555555,137.32777777777778,73.29666666666667,2.2555555555555555,29.068199999999997
2026-09-14T01:00:00.000Z,MCT2408032,15.525556,73.828611,78.84,178.92999999999995,563.2,83.95941199999999,14.437200000000004,20.080799999999996,37.6484,118.5608,64.2696,2.2392,29.000466799999998
2026-09-14T01:10:00.000Z,MCT2408032,15.525556,73.828611,75.84,178.92999999999995,516.52,82.2757568,14.740000000000004,20.014799999999997,35.883199999999995,111.96280000000003,60.30719999999999,2.1104,29.529856799999997
2026-09-14T01:20:00.000Z,MCT2408032,15.525556,73.828611,71.48,178.92999999999995,498.08,79.46172960000001,14.978400000000004,20.198799999999995,32.238,102.9164,56.34200000000001,2.2316,30.3732768
2026-09-14T01:30:00.000Z,MCT2408032,15.525556,73.828611,66.72,179.2136,530.24,78.5385748,15.078800000000006,20.376399999999997,29.106400000000008,93.41399999999996,51.133600000000015,2.5252,30.61866640000001
2026-09-14T01:40:00.000Z,MCT2408032,15.525556,73.828611,66.32,179.01679999999996,535.4,77.2107556,15.027600000000001,20.120399999999997,28.992800000000003,92.61840000000001,50.452,2.4840000000000004,31.006912800000013
2026-09-14T01:46:16.457Z,MCT2408032,15.525556,73.828611,66.25,179.468125,519.9375,77.78076625,15.479375000000001,20.295,28.566249999999997,92.446875,51.316875,2.6624999999999996,30.893549375
2026-09-14T00:50:00.000Z,MCT2408031,15.290833,74.149167,23.666666666666668,140.56541666666666,668.3333333333334,87.41939500000001,6.846142833333334,7.346057999999999,9.284999999999998,24.566666666666666,13.571666666666667,4.88,25.49078
2026-09-14T01:00:00.000Z,MCT2408031,15.290833,74.149167,26.375,140.64064375,663.4375,87.41430937499997,7.083113375,8.143011000000001,11.310625000000002,29.647499999999994,16.250625,4.806250000000001,25.497486249999998
2026-09-14T01:10:00.000Z,MCT2408031,15.290833,74.149167,35.5,140,669.5,87.47963187499998,7.0808698125000005,7.6229904374999995,18.363125,47.663125,25.8925,4.588125,25.510223125000003
2026-09-14T01:20:00.000Z,MCT2408031,15.290833,74.149167,29.125,140,683.1875,87.56403499999999,7.2218115,7.412134125,12.916249999999998,34.102500000000006,18.869999999999997,4.683125,25.583956874999995
2026-09-14T01:30:00.000Z,MCT2408031,15.290833,74.149167,29.3125,145.6617,673.75,87.59025687500001,7.1072634374999994,7.2937354375000005,13.661250000000003,35.598125,19.375,4.461250000000001,25.767626874999998
2026-09-14T01:40:00.000Z,MCT2408031,15.290833,74.149167,26.75,140,642.8125,87.52350312499999,6.9770110625,8.728580124999999,11.428125000000001,30.08125,16.5475,4.4325,26.009609375
2026-09-14T01:46:16.581Z,MCT2408031,15.290833,74.149167,22.5,141.20817,635.5,87.396761,7.0698901,8.334156100000001,8.190999999999999,21.869,12.189,4.2829999999999995,26.183626000000004
2026-09-14T00:50:00.000Z,MCT2408035,15.236111,74.125,45.333333333333336,190,760.5,89.93963500000001,17.66337833333333,8.378333333333334,3.8000000000000003,11.005,5.723333333333333,3.8299999999999996,26.04848833333334
2026-09-14T01:00:00.000Z,MCT2408035,15.236111,74.125,47.125,190,784,89.64304375,19.163875,8.555625,3.799999999999999,10.660624999999998,5.37875,3.8299999999999987,26.022345625000003
2026-09-14T01:10:00.000Z,MCT2408035,15.236111,74.125,46.5625,190,792.875,89.60775812499998,18.639553749999997,8.529999999999998,3.799999999999999,11.225624999999996,5.945,3.8299999999999987,25.982797499999997
2026-09-14T01:20:00.000Z,MCT2408035,15.236111,74.125,45.9375,190,773.375,89.5028525,18.105350625,8.25625,3.799999999999999,10.919374999999999,5.638124999999999,3.8299999999999987,26.180541875
2026-09-14T01:30:00.000Z,MCT2408035,15.236111,74.125,47.25,190,744.1875,89.37410562500001,19.065056249999994,7.868125,3.799999999999999,10.942499999999997,5.660624999999999,3.8299999999999987,26.521733125
2026-09-14T01:40:00.000Z,MCT2408035,15.236111,74.125,46.4375,190,724.125,88.80619374999998,18.560498750000004,7.498125,3.799999999999999,11.579999999999998,6.298750000000002,3.8299999999999987,26.954089375
2026-09-14T01:46:16.662Z,MCT2408035,15.236111,74.125,46.3,190,728.3,88.261933,18.338912,7.728,3.8,11.131999999999998,5.85,3.829999999999999,27.208944999999993
2026-09-14T00:50:00.000Z,MCT2408038,15.188889,74.055556,22.166666666666668,307.65,699.1666666666666,87.19814166666667,9.045,13.33,7.636666666666666,21.701666666666668,10.745,4.716666666666666,26.609766666666662
2026-09-14T01:00:00.000Z,MCT2408038,15.188889,74.055556,22.6875,294.65062500000005,728.25,87.15919937500001,9.281249999999998,13.330000000000005,7.93375,22.30375,10.954375,4.7143749999999995,26.556588124999998
2026-09-14T01:10:00.000Z,MCT2408038,15.188889,74.055556,22.75,285.278125,745.9375,87.02902187499998,9.331874999999998,13.330000000000005,7.29875,20.811874999999993,10.368749999999999,4.7475000000000005,26.523073125000003
2026-09-14T01:20:00.000Z,MCT2408038,15.188889,74.055556,21.6875,344.42125,741.8125,87.036651875,9.354375,13.330000000000005,6.04,17.1475,8.2425,4.717499999999999,26.599489375000008
2026-09-14T01:30:00.000Z,MCT2408038,15.188889,74.055556,21.625,339.6993750000001,762.75,86.6332475,9.246875,13.330000000000005,6.1925,17.458125000000003,8.620625,4.7456249999999995,26.811983125
2026-09-14T01:40:00.000Z,MCT2408038,15.188889,74.055556,21.25,334.08375,768.1875,86.095375,9.1275,13.330000000000005,6.3625,18.20375,9.053749999999997,4.663125,27.324104375
2026-09-14T01:46:16.662Z,MCT2408038,15.188889,74.055556,21,285.928,777.4,84.804291,8.822000000000001,13.330000000000002,6.452000000000001,18.090999999999998,8.786999999999997,4.55,28.845594999999996
2026-09-14T00:50:00.000Z,MCT2408039,15.163611,74.110833,29,335.955,656.5,86.7124,11.565,10.299999999999999,9.019999999999998,28.94,11.76,2.3000000000000003,25.678475000000002
2026-09-14T01:00:00.000Z,MCT2408039,15.163611,74.110833,29,315.380625,672.375,86.79680062500002,11.151874999999999,10.3,9.019999999999998,28.94,11.759999999999998,2.3,25.618813749999997
2026-09-14T01:10:00.000Z,MCT2408039,15.163611,74.110833,29.625,275.62187500000005,670.8125,86.90122937500001,11.831874999999998,10.3,9.301249999999998,30.038125,12.342500000000001,2.3,25.566527499999996
2026-09-14T01:20:00.000Z,MCT2408039,15.163611,74.110833,41.375,137.3225,668.0625,86.88644937500001,12.79125,10.3,16.380625,54.068124999999995,22.608750000000008,2.3,25.615461249999996
2026-09-14T01:30:00.000Z,MCT2408039,15.163611,74.110833,40,148.1225,664.0625,86.90981312499997,12.353124999999999,10.3,15.218124999999999,50.00125,20.849375000000006,2.3,25.705287500000004
2026-09-14T01:40:00.000Z,MCT2408039,15.163611,74.110833,41.1875,93.33437500000001,664.4375,86.85593124999998,12.478749999999998,10.3,16.239375,52.7775,21.760625,2.3,25.853426874999997
2026-09-14T01:46:16.662Z,MCT2408039,15.163611,74.110833,42.9,77.815,657.5,86.61627100000001,13.419,10.299999999999999,17.191,56.020999999999994,23.312,2.3000000000000003,26.000224000000003
2026-09-14T00:50:00.000Z,MCT2408026,15.2467,74.198281,117,125,593.2222222222222,87.42448,13.09916,12.5,8.297777777777778,27.51,15.42666666666667,50.50000000000001,26.217708888888886
2026-09-14T01:00:00.000Z,MCT2408026,15.2467,74.198281,117,125,582.0416666666666,87.17366333333335,13.024331666666669,12.5,9.018749999999999,29.213333333333335,16.111250000000002,50.456250000000004,26.302316666666666
2026-09-14T01:10:00.000Z,MCT2408026,15.2467,74.198281,117,125,557.28,87.2977288,13.025905200000002,12.5,11.041199999999998,36.3632,19.982400000000005,50.383999999999986,26.361662799999998
2026-09-14T01:20:00.000Z,MCT2408026,15.2467,74.198281,117,125,570.5,87.05318083333329,13.102525,12.5,15.71416666666667,50.45208333333334,27.282500000000002,50.48125000000001,26.55703625
2026-09-14T01:30:00.000Z,MCT2408026,15.2467,74.198281,117,125,569.68,86.84789960000002,13.074289599999997,12.5,21.359600000000004,66.80839999999999,35.448,50.443999999999996,26.741759999999996
2026-09-14T01:40:00.000Z,MCT2408026,15.2467,74.198281,117,125,585.16,86.71484319999999,13.003101199999996,12.5,14.063999999999991,44.834800000000016,24.146400000000007,50.504,26.895773599999995
2026-09-14T01:46:16.775Z,MCT2408026,15.2467,74.198281,117,125,573.6,86.88381133333334,12.946491333333332,12.5,10.145333333333333,31.077333333333332,16.2,50.529999999999994,26.999447999999997
2026-09-14T00:50:00.000Z,MCT2408036,15.171567,74.067106,37,120,489.6666666666667,89.75271500000001,9.995,7.646666666666667,4.4750000000000005,13.846666666666666,7.766666666666666,11.674999999999999,26.062790000000003
2026-09-14T01:00:00.000Z,MCT2408036,15.171567,74.067106,36.75,120,485.4375,88.655515625,10.0325,8.068749999999998,4.341875,12.917499999999999,7.093750000000002,11.486875,26.370912500000006
2026-09-14T01:10:00.000Z,MCT2408036,15.171567,74.067106,36.266666666666666,120,491.4,88.34204066666666,10.163999999999998,8.081333333333333,4.598,13.742666666666668,7.463333333333334,11.211333333333334,26.439597333333335
2026-09-14T01:20:00.000Z,MCT2408036,15.171567,74.067106,36.6875,120,496.1875,87.57166249999999,10.468124999999999,8.134374999999999,4.44125,13.074375,7.030625,11.38375,26.748305625
2026-09-14T01:30:00.000Z,MCT2408036,15.171567,74.067106,36.46666666666667,120,500.3333333333333,87.33902933333334,10.395999999999999,7.965999999999999,4.1386666666666665,12.427333333333333,6.858666666666668,11.263333333333332,26.936527999999992
2026-09-14T01:40:00.000Z,MCT2408036,15.171567,74.067106,36.6875,120,495.0625,87.19877500000001,10.276874999999997,7.8100000000000005,4.5075,13.486249999999998,7.3462499999999995,11.408124999999998,27.092175
2026-09-14T01:46:16.791Z,MCT2408036,15.171567,74.067106,36.2,120,478.2,86.24853399999999,9.999,7.577000000000001,4.844,13.930000000000001,7.244999999999999,11.023000000000001,27.836363000000006
2026-09-14T00:50:00.000Z,MCT2408024,15.148056,74.131667,41.44444444444444,211.68265555555553,724,81.02511333333334,18.283097777777776,6.119929555555554,13.767777777777775,43.75,23.868888888888886,2.6855555555555557,26.274908888888888
2026-09-14T01:00:00.000Z,MCT2408024,15.148056,74.131667,41.4,212.31111200000004,801.24,81.08465679999998,18.205927200000005,6.118326360000002,12.190000000000005,38.33880000000001,20.900400000000005,2.6676000000000006,26.275434000000015
2026-09-14T01:10:00.000Z,MCT2408024,15.148056,74.131667,41.32,212.85482400000004,824.04,81.09320159999997,18.075304400000004,6.002886240000001,10.110000000000003,30.980000000000008,16.549200000000006,2.6736,26.288303599999995
2026-09-14T01:20:00.000Z,MCT2408024,15.148056,74.131667,41.24,213.37064000000007,680.32,80.99584880000003,18.117326,6.349206600000001,9.950000000000003,30.74240000000001,16.506800000000005,2.67,26.420006799999996
2026-09-14T01:30:00.000Z,MCT2408024,15.148056,74.131667,41.291666666666664,212.52462083333333,780.875,80.72014875,18.091438333333333,8.166787249999995,11.615000000000004,35.56125000000001,18.86166666666667,2.6654166666666668,26.668757083333333
2026-09-14T06:20:00.000Z,MCT2408020,15.543475,74.039433,27.90909090909091,181.38377272727274,752.7272727272727,57.31426363636363,10.328759454545454,20.539231818181815,6.492727272727273,20.757272727272728,11.403636363636364,3.6599999999999993,37.41904181818182
2026-09-14T06:30:00.000Z,MCT2408020,15.543475,74.039433,27.3125,180,751.75,56.540530625,10.877550562500002,20.418547500000003,6.261875,19.63,10.510625,3.6599999999999984,37.44792875
2026-09-14T06:40:00.000Z,MCT2408020,15.543475,74.039433,27.0625,180,750.625,57.767908750000004,10.0873906875,20.1607075,6.089999999999998,19.281249999999996,10.22,3.6599999999999984,37.20593875
2026-09-14T06:50:00.000Z,MCT2408020,15.543475,74.039433,26.0625,180,753.5,56.490463749999996,10.7835253125,20.420479375000003,5.684999999999999,17.244375000000005,8.708749999999998,3.6599999999999984,37.52635562500001
2026-09-14T07:00:00.000Z,MCT2408020,15.543475,74.039433,25.5625,180,746.5625,56.134265625,10.6993868125,20.31175625,5.5699999999999985,16.485000000000003,8.069375,3.6599999999999984,37.53774875
2026-09-14T07:10:00.000Z,MCT2408020,15.543475,74.039433,25.25,180.59545624999998,743.75,54.273170625000006,10.635792875,20.095650624999998,5.5699999999999985,16.075000000000003,7.6625,3.6599999999999984,38.221475000000005
2026-09-14T07:13:00.887Z,MCT2408020,15.543475,74.039433,25.5,180,747,52.605194999999995,11.580314999999999,21.007604999999998,5.57,15.84,7.43,3.66,38.553955
2026-09-14T06:20:00.000Z,MCT2408028,15.186944,74.096667,40.588235294117645,477.45764705882357,440.05882352941177,63.70529117647058,16.494117647058825,12.111764705882353,8.813529411764705,28.30941176470589,15.964117647058819,2.626470588235294,35.62411058823529
2026-09-14T06:30:00.000Z,MCT2408028,15.186944,74.096667,40.44,488.228,436.76,64.64300560000001,16.224,12.651599999999998,6.27,19.806799999999996,10.737599999999997,3.4264000000000006,35.2377508
2026-09-14T06:40:00.000Z,MCT2408028,15.186944,74.096667,40.92,529.2440000000001,434.68,65.4163196,16.518800000000002,13.060000000000002,6.19,20.3644,11.612399999999997,3.0103999999999997,35.20042839999999
2026-09-14T06:50:00.000Z,MCT2408028,15.186944,74.096667,41.12,569.2103999999999,441.08,63.799803600000025,16.700799999999994,12.8092,7.870000000000002,26.331200000000003,15.1908,2.2072000000000007,35.61913799999999
2026-09-14T07:00:00.000Z,MCT2408028,15.186944,74.096667,41,588.0336000000002,436.44,63.21844519999999,16.588399999999996,12.604000000000001,7.470000000000002,24.8184,14.235200000000003,2.0560000000000005,36.0442784
2026-09-14T07:10:00.000Z,MCT2408028,15.186944,74.096667,40.52,590.3815999999999,424.56,62.2409684,16.291999999999998,12.394399999999997,5.389999999999999,17.699199999999998,10.101599999999998,2.2744,36.44110800000001
2026-09-14T07:13:00.888Z,MCT2408028,15.186944,74.096667,40.285714285714285,593.2142857142857,429.14285714285717,61.75120428571429,16.10857142857143,12.600000000000003,4.990000000000001,14.629999999999999,7.66857142857143,3.2214285714285715,36.49167285714286
2026-09-14T06:20:00.000Z,MCT2408057,15.272222,74.104722,30,380.69352941176476,436.70588235294116,60.025228235294115,12.438823529411764,8.477058823529413,4.27764705882353,12.904117647058822,6.934705882352941,4.092941176470588,36.37802
2026-09-14T06:30:00.000Z,MCT2408057,15.272222,74.104722,30,387.5832000000001,431.28,58.4119264,12.706000000000003,8.197200000000002,3.6728000000000005,11.307600000000004,6.087600000000001,4.8828,36.890704
2026-09-14T06:40:00.000Z,MCT2408057,15.272222,74.104722,30.12,389.80199999999996,427.72,57.46435480000001,12.7708,8.0804,3.5536000000000003,10.945600000000002,5.910000000000001,5.2584,37.108638
2026-09-14T06:50:00.000Z,MCT2408057,15.272222,74.104722,30.28,392.99839999999995,433.44,57.17077520000001,12.889199999999999,7.962,3.8631999999999995,11.511200000000004,6.042400000000002,5.224,37.3347228
2026-09-14T07:00:00.000Z,MCT2408057,15.272222,74.104722,30.28,378.73440000000005,433.36,57.0218492,12.874399999999998,7.9159999999999995,4.0532,12.280400000000002,6.5976,5.094800000000001,37.3137008
2026-09-14T07:10:00.000Z,MCT2408057,15.272222,74.104722,30.64,396.2592000000001,427.76,57.299254800000014,13.0912,7.894400000000002,3.3623999999999996,10.4936,5.776400000000001,4.7284,36.9559124
2026-09-14T07:13:00.930Z,MCT2408057,15.272222,74.104722,30.625,368.93,422.875,58.5980825,13.086250000000001,7.994999999999999,3.42875,10.812500000000002,5.94875,4.55875,36.56445
2026-09-14T06:20:00.000Z,MCT2408055,15.585833,73.885556,68,144.39083333333335,653.3333333333334,61.66192250000001,7.8424999999999985,8.8225,4.1416666666666675,12.006666666666668,6.474166666666666,21.4875,34.84843
2026-09-14T06:30:00.000Z,MCT2408055,15.585833,73.885556,67.3125,134.774375,654.6875,62.699837499999994,8.286875,8.56125,4.985000000000001,14.431875,8.009375,21.10375,34.469033749999994
2026-09-14T06:40:00.000Z,MCT2408055,15.585833,73.885556,67.125,135.68437500000002,656.625,61.543029375,8.293750000000001,8.035000000000002,3.8937500000000007,11.390000000000002,6.261874999999999,20.95,35.01869000000001
2026-09-14T06:50:00.000Z,MCT2408055,15.585833,73.885556,66.4,131.48066666666668,661.3333333333334,61.77394600000001,8.334,7.754000000000003,3.7800000000000002,11.142000000000001,6.268,20.526666666666667,35.31139733333334
2026-09-14T07:00:00.000Z,MCT2408055,15.585833,73.885556,66.75,131.84,657.25,60.163063125,7.9662500000000005,8.49,3.54375,10.280625,5.79125,20.777500000000003,36.115330625
2026-09-14T07:10:00.000Z,MCT2408055,15.585833,73.885556,67.875,143.00125,661.625,59.19985187500001,7.936249999999999,9.241249999999997,5.509375,15.584375,8.3925,21.47,35.681638125
2026-09-14T07:13:00.943Z,MCT2408055,15.585833,73.885556,67.6,140.16800000000003,655,60.22467200000001,8.096,8.514,3.78,10.921999999999999,5.997999999999999,21.394,35.265638
2026-09-14T06:20:00.000Z,MCT2408056,15.579167,73.920833,34.45454545454545,181.63643636363634,456.45454545454544,63.3886509090909,7.66090909090909,18.069783636363635,5.202727272727272,15.81090909090909,8.772727272727273,2.3099999999999996,35.36469818181819
2026-09-14T06:30:00.000Z,MCT2408056,15.579167,73.920833,34.3125,184.12053125,458.4375,63.761753750000004,7.8637500000000005,15.141579375000003,4.866249999999999,15.479999999999997,9.017500000000002,2.234375,35.1882825
2026-09-14T06:40:00.000Z,MCT2408056,15.579167,73.920833,34.3125,180.71295625,457.3125,64.86753812500001,7.62,15.693956437499997,5.159999999999999,15.707500000000001,8.666875000000003,1.8243749999999996,34.923505
2026-09-14T06:50:00.000Z,MCT2408056,15.579167,73.920833,34.4375,180,458.125,64.26386125,7.4212500000000015,10.619718124999999,5.042499999999999,15.93625,9.195625000000001,1.5599999999999998,35.725208124999995
2026-09-14T07:00:00.000Z,MCT2408056,15.579167,73.920833,33.75,185.7849625,458.5625,60.420078124999996,7.86375,12.099912375,4.6899999999999995,14.740624999999998,8.60875,2.6587499999999995,36.394856874999995
2026-09-14T07:10:00.000Z,MCT2408056,15.579167,73.920833,34.125,182.95279375,454.75,61.38662625,7.610624999999998,12.591696250000004,4.925,15.195625,8.608750000000002,2.0324999999999998,36.2929675
2026-09-14T07:13:00.942Z,MCT2408056,15.579167,73.920833,33.8,180.12444,460.2,61.19818,7.6819999999999995,13.7840384,4.69,14.388,8.244,1.658,36.627725999999996
2026-09-14T06:20:00.000Z,MCT2408052,15.444425,74.063856,43.27272727272727,166.35622727272727,596.5454545454545,59.73486272727273,4.4426796363636365,8.190256818181819,8.97,24.20090909090909,10.951818181818181,2,36.46938363636364
2026-09-14T06:30:00.000Z,MCT2408052,15.444425,74.063856,48.6875,163.74155,610.75,57.53998250000001,4.5615349375,8.351001937500001,13.148125,35.26,15.813749999999999,2,36.76554499999999
2026-09-14T06:40:00.000Z,MCT2408052,15.444425,74.063856,54.125,176.6493375,475.875,56.39175937500001,4.5923243125,8.056830062500001,16.849375000000002,46.42249999999999,21.4875,2,37.091316875000004
2026-09-14T06:50:00.000Z,MCT2408052,15.444425,74.063856,47.1875,163.72237500000003,477.5625,55.220645625,4.5785085625,8.051424,9.7,31.141875,16.826875,2,37.452618750000006
2026-09-14T07:00:00.000Z,MCT2408052,15.444425,74.063856,53.0625,172.42178124999998,435.5625,55.65790499999999,4.530920999999999,8.036524312500001,16.7875,44.61125,19.805000000000003,2,37.413740000000004
2026-09-14T07:10:00.000Z,MCT2408052,15.444425,74.063856,101.5,176.23196875,432.75,56.85524375,4.553859624999999,8.1736551875,58.577499999999986,149.805625,63.29937500000001,2,36.641533749999994
2026-09-14T07:13:01.150Z,MCT2408052,15.444425,74.063856,54.8,172.75198,402.2,55.54785199999999,4.479017600000001,8.106751,17.660000000000004,47.104000000000006,21.058,2,36.278088
2026-09-14T06:20:00.000Z,MCT2408053,15.263333,74.110833,50.90909090909091,252.5737,487.72727272727275,61.056135454545455,25.323636363636364,33.308181818181815,4.757272727272727,15.113636363636363,9.22818181818182,6.5963636363636375,37.19284090909091
2026-09-14T06:30:00.000Z,MCT2408053,15.263333,74.110833,57.625,302.166375,466.5,57.771725625,30.993125000000003,38.39375,4.590000000000002,14.764375000000003,9.23375,8.096875,37.591379375
2026-09-14T06:40:00.000Z,MCT2408053,15.263333,74.110833,55.30769230769231,308.3125461538461,464.84615384615387,57.82223230769232,29.096153846153847,40.184615384615384,4.590000000000002,14.357692307692307,8.762307692307692,7.8976923076923065,37.530120000000004
2026-09-14T06:50:00.000Z,MCT2408053,15.263333,74.110833,52.25,279.69313124999996,477.75,58.66007,26.588124999999998,36.764375,4.705000000000002,14.581875000000002,8.742500000000001,6.8618749999999995,37.528366250000005
2026-09-14T07:00:00.000Z,MCT2408053,15.263333,74.110833,48.75,287.5401125,448.9375,58.26477375,23.494999999999997,36.461875000000006,4.590000000000002,14.095625000000005,8.459375,6.923125,37.92787625
2026-09-14T07:10:00.000Z,MCT2408053,15.263333,74.110833,52.875,290.80446874999996,468.75,56.61825499999999,27.104374999999997,37.055,4.647500000000002,15.313125,9.729375000000001,7.505625,38.113551875
2026-09-14T07:13:01.150Z,MCT2408053,15.263333,74.110833,58.8,313.11486,482.6,55.853026,31.964,38.894000000000005,4.59,13.803999999999998,8.123999999999999,7.814,37.944766
2026-09-14T06:20:00.000Z,MCT2408021,15.500556,74.053333,46.09090909090909,375,436.90909090909093,54.73483636363637,19.14727272727272,13.47459818181818,3.723636363636363,10.512727272727272,6.278181818181818,4.378181818181818,38.45157636363636
2026-09-14T06:30:00.000Z,MCT2408021,15.500556,74.053333,45.375,375,439.4375,54.047625625,18.686249999999998,12.991636250000003,3.3925,10.379375000000003,6.519375000000001,4.246250000000001,38.778511875
2026-09-14T06:40:00.000Z,MCT2408021,15.500556,74.053333,44.666666666666664,375,432,53.148661999999995,17.938,12.862470000000002,3.1453333333333333,9.509333333333334,5.809999999999999,4.405333333333332,38.64261533333333
2026-09-14T06:50:00.000Z,MCT2408021,15.500556,74.053333,45.1875,375,431.3125,52.73632437500001,18.303125,12.752633125000001,2.86,8.671250000000002,5.208750000000002,4.2875000000000005,38.60891875
2026-09-14T07:00:00.000Z,MCT2408021,15.500556,74.053333,44.6875,375,428.3125,52.25853375,18.053749999999997,13.133590625,2.86,8.125000000000002,4.612500000000001,4.333125000000001,38.956145
2026-09-14T07:10:00.000Z,MCT2408021,15.500556,74.053333,44.3125,375,429.5,51.779790000000006,17.64375,13.062780000000002,2.889375,8.58875,5.0893749999999995,4.343125,38.79661125
2026-09-14T07:13:01.185Z,MCT2408021,15.500556,74.053333,45.2,375,428.6,52.128356,18.490000000000002,13.115336,2.86,7.653999999999999,4.098,4.236,38.605434
2026-09-14T06:20:00.000Z,MCT2408051,15.486528,74.033889,51.36363636363637,245.48,671.9090909090909,68.20765272727274,21.65818181818182,5.1899999999999995,3.7863636363636357,12.260909090909092,6.619999999999999,4.39,34.98346636363637
2026-09-14T06:30:00.000Z,MCT2408051,15.486528,74.033889,50.13333333333333,218.91133333333337,654.4,67.13588533333333,20.707333333333334,5.1899999999999995,3.7299999999999986,11.107333333333333,5.518000000000001,4.39,34.92314733333333
2026-09-14T06:40:00.000Z,MCT2408051,15.486528,74.033889,50.25,219.43187500000002,666.3125,69.13713750000001,20.71,5.1899999999999995,3.807499999999999,11.69375,6.028749999999999,4.39,34.700290624999994
2026-09-14T06:50:00.000Z,MCT2408051,15.486528,74.033889,50.4375,233.78187499999999,668.125,68.029923125,21.026875,5.1899999999999995,3.7299999999999986,10.802499999999997,5.2125,4.39,34.828320625
2026-09-14T07:00:00.000Z,MCT2408051,15.486528,74.033889,51.125,243.939375,654.5625,68.424265625,21.513125000000002,5.1899999999999995,3.7299999999999986,10.841249999999997,5.251250000000001,4.39,34.841728124999996
2026-09-14T07:10:00.000Z,MCT2408051,15.486528,74.033889,50.5625,248.015,665.6875,66.98564875,21.143749999999997,5.1899999999999995,3.7299999999999986,10.647499999999996,5.057500000000002,4.405,34.713026875
2026-09-14T07:13:01.193Z,MCT2408051,15.486528,74.033889,51.8,266.64399999999995,670.2,66.834778,21.951999999999998,5.19,3.7299999999999995,10.57,4.98,4.39,34.864518000000004
2026-09-14T06:20:00.000Z,MCT2408043,15.221111,74.087222,33,255.5136363636364,444.54545454545456,58.62374545454545,13.846363636363636,10.629090909090909,6.445454545454544,20.833636363636362,11.530000000000001,5.29,35.86877727272727
2026-09-14T06:30:00.000Z,MCT2408043,15.221111,74.087222,33,224.24187500000002,434.375,59.13214125,13.885625,10.697500000000002,6.647499999999998,21.886874999999996,12.170000000000002,5.290000000000001,36.020148750000004
2026-09-14T06:40:00.000Z,MCT2408043,15.221111,74.087222,33.46153846153846,242.21230769230763,448.38461538461536,58.5681546153846,13.876923076923076,10.353076923076921,7.6000000000000005,26.046923076923072,14.779230769230772,5.29,36.41966
2026-09-14T06:50:00.000Z,MCT2408043,15.221111,74.087222,35.6875,217.04937500000003,471.4375,57.768863749999994,13.944999999999999,10.66375,9.974374999999998,32.26625,17.613125,5.290000000000001,36.60466937500001
2026-09-14T07:00:00.000Z,MCT2408043,15.221111,74.087222,33.0625,222.329375,474.25,58.62764625,13.851874999999996,10.480625,6.568124999999999,21.887500000000003,12.41,5.290000000000001,36.248056875
2026-09-14T07:10:00.000Z,MCT2408043,15.221111,74.087222,33.4,226.60399999999996,484.06666666666666,58.30206266666667,13.936,10.621999999999998,7.091333333333333,23.17333333333334,12.810666666666668,5.290000000000001,36.48043466666666
2026-09-14T07:13:01.193Z,MCT2408043,15.221111,74.087222,33,238.394,463.8,57.461304,13.818000000000001,10.629999999999999,6.837999999999999,21.886000000000003,11.786,5.29,36.752138
2026-09-14T06:20:00.000Z,MCT2408050,15.553611,73.958333,29.363636363636363,102.25363636363636,421.3636363636364,58.0300409090909,13.04,3.360909090909091,4.471818181818183,14.052727272727271,7.495454545454546,4.96,36.979310909090906
2026-09-14T06:30:00.000Z,MCT2408050,15.553611,73.958333,29.25,102.39250000000001,427.5,57.835141875,12.936250000000001,3.145,4.240000000000001,12.987499999999997,6.906249999999998,4.338750000000001,37.128853125
2026-09-14T06:40:00.000Z,MCT2408050,15.553611,73.958333,29.0625,99.81875000000001,424.5,58.851281875,12.895000000000003,3.094375,4.240000000000001,13.041249999999998,6.959374999999999,3.7725,36.47864812499999
2026-09-14T06:50:00.000Z,MCT2408050,15.553611,73.958333,29.125,98.99937500000001,441.75,60.246034375000015,12.863750000000003,3.1956249999999997,4.240000000000001,12.879999999999997,6.799999999999998,3.36625,35.621980625000006
2026-09-14T07:00:00.000Z,MCT2408050,15.553611,73.958333,28.75,96.42375,430.5,60.58411000000001,12.500625000000001,3.251875,4.240000000000001,12.933749999999998,6.853124999999999,2.7075,35.5844425
2026-09-14T07:10:00.000Z,MCT2408050,15.553611,73.958333,28.6875,93.36875,437.3125,61.23213125000001,12.488125000000002,3.54125,4.240000000000001,13.148749999999998,7.065624999999998,2.3712500000000003,35.57639875
2026-09-14T07:13:01.418Z,MCT2408050,15.553611,73.958333,28.6,93.59,454,61.504881999999995,12.436,3.4239999999999995,4.24,13.396,7.31,2.3099999999999996,35.480143999999996
2026-09-14T06:20:00.000Z,MCT2408034,15.356389,74.123611,27.941176470588236,242.32507058823532,418.11764705882354,52.440264705882356,15.748823529411762,10.901764705882352,6.379999999999999,18.812352941176467,9.43235294117647,2.5294117647058822,39.652328823529416
2026-09-14T06:30:00.000Z,MCT2408034,15.356389,74.123611,27.84,237.44889600000005,418.56,52.010559600000015,12.7228,10.133600000000001,7.3272,22.3572,11.626000000000001,1.706,39.9005984
2026-09-14T06:40:00.000Z,MCT2408034,15.356389,74.123611,27.08,219.50590400000002,422.2,52.738708800000005,14.024000000000001,10.381200000000002,6.489199999999998,19.843999999999998,10.313999999999998,1.4775999999999996,39.72513440000001
2026-09-14T06:50:00.000Z,MCT2408034,15.356389,74.123611,26,239.28066800000005,414.72,51.12341200000001,13.170800000000003,9.695199999999998,6.379999999999998,18.157999999999994,8.777999999999999,1.7260000000000002,39.840966800000004
2026-09-14T07:00:00.000Z,MCT2408034,15.356389,74.123611,26.333333333333332,237.8419,417.8333333333333,51.872454166666664,13.168333333333337,9.374583333333334,6.379999999999998,18.132916666666663,8.752916666666666,1.3908333333333331,39.821751250000005
2026-09-14T07:10:00.000Z,MCT2408034,15.356389,74.123611,26.4,232.84661599999998,413.8,50.37634359999999,12.749600000000001,9.472800000000001,6.416399999999998,18.307999999999996,8.890399999999998,2.1856000000000004,40.32959840000001
2026-09-14T07:13:01.415Z,MCT2408034,15.356389,74.123611,31.125,188.51980000000003,417.25,51.494164999999995,15.242499999999998,9.46875,8.885,27.779999999999998,14.649999999999999,1.18625,40.20695874999999
2026-09-14T06:20:00.000Z,MCT2408030,15.142519,74.075003,28.2,171.4272,413.5,66.750853,7.819000000000003,6.200000000000001,9.370000000000001,24.913,12.593,5.649,33.57643399999999
2026-09-14T06:30:00.000Z,MCT2408030,15.142519,74.075003,28,173.92205625000003,412.9375,66.91316875,7.590000000000002,6.200000000000002,9.370000000000001,24.639999999999993,12.31,5.475625,33.571473749999996
2026-09-14T06:40:00.000Z,MCT2408030,15.142519,74.075003,28.266666666666666,175.25967333333335,417,66.31343533333333,7.775333333333333,6.200000000000002,9.370000000000001,25.064666666666664,12.750666666666666,5.198666666666667,33.870658000000006
2026-09-14T06:50:00.000Z,MCT2408030,15.142519,74.075003,28.125,169.06951875000001,413.25,65.24328687500001,7.57625,6.200000000000002,9.370000000000001,24.867499999999993,12.54625,5.45875,34.31485875
2026-09-14T07:00:00.000Z,MCT2408030,15.142519,74.075003,28,179.3519666666667,409.4,64.98541199999998,7.716,6.200000000000002,9.370000000000001,24.639999999999993,12.31,5.298000000000001,34.48485266666667
2026-09-14T07:10:00.000Z,MCT2408030,15.142519,74.075003,28,174.1276875,415.4375,65.14219750000001,7.452500000000001,6.200000000000002,9.370000000000001,24.639999999999993,12.31,4.692500000000001,34.7043125
2026-09-14T07:13:01.455Z,MCT2408030,15.142519,74.075003,28,176.95842,414.6,64.317078,7.4159999999999995,6.2,9.37,24.64,12.31,4.162000000000001,34.931014000000005
2026-09-14T06:20:00.000Z,MCT2408027,15.275556,74.1075,29.727272727272727,1156.8863636363637,493,61.27322727272727,6.579999999999999,11.727272727272727,5.559090909090909,17.742727272727276,9.700000000000001,2.9499999999999997,36.58151363636363
2026-09-14T06:30:00.000Z,MCT2408027,15.275556,74.1075,30.3125,1152.6768749999999,465.375,60.502571875,6.579999999999999,12.012500000000001,5.978125000000001,18.975624999999997,10.436875,2.9500000000000006,36.378769999999996
2026-09-14T06:40:00.000Z,MCT2408027,15.275556,74.1075,29.875,1148.494375,473.25,60.699981875000006,6.579999999999999,12.36,5.671875,17.988750000000003,9.695624999999998,2.9500000000000006,36.52288749999999
2026-09-14T06:50:00.000Z,MCT2408027,15.275556,74.1075,29.25,1149.015625,456.6875,59.378665625000004,6.579999999999999,12.29375,5.424375000000001,17.495625,9.696250000000001,2.9500000000000006,36.714600624999996
2026-09-14T07:00:00.000Z,MCT2408027,15.275556,74.1075,29.5625,1146.554375,484.8125,59.95802375,6.579999999999999,13.362499999999997,5.7325,18.23625,9.942499999999997,2.9500000000000006,36.233979375000004
2026-09-14T07:10:00.000Z,MCT2408027,15.275556,74.1075,28.8125,1152.59125,468.625,61.387580625000005,6.579999999999999,12.665625000000002,5.363125,16.880625000000002,9.139375000000001,2.9500000000000006,36.084496875000006
2026-09-14T07:13:01.457Z,MCT2408027,15.275556,74.1075,28.2,1161.836,473.4,61.066956000000005,6.58,12.71,5.128,15.967999999999998,8.696000000000002,2.95,36.183702000000004
2026-09-14T06:20:00.000Z,MCT2408023,15.499722,74.020833,36.18181818181818,240.35272727272724,444.90909090909093,60.560224545454545,13.254545454545456,14.173636363636366,6.570000000000001,19.34363636363636,11.6,5.09,36.98223818181819
2026-09-14T06:30:00.000Z,MCT2408023,15.499722,74.020833,35.375,254.73,443.5,59.317154374999994,13.730625,13.956249999999999,6.340000000000002,18.12625,10.603125000000002,5.319374999999999,37.41575125
2026-09-14T06:40:00.000Z,MCT2408023,15.499722,74.020833,35.285714285714285,277.90714285714284,441.07142857142856,57.42642714285715,14.605714285714285,12.619285714285715,6.340000000000002,18.092857142857138,10.564285714285717,5.521428571428571,38.075919285714285
2026-09-14T06:50:00.000Z,MCT2408023,15.499722,74.020833,35,288.11,442.6875,57.01117,15.365624999999998,10.816875,6.340000000000002,17.729999999999997,10.150000000000002,5.5443750000000005,38.196671875
2026-09-14T07:00:00.000Z,MCT2408023,15.499722,74.020833,35.4,288.02666666666664,435.4,56.248230666666664,15.691999999999997,11.212,6.340000000000002,18.152666666666665,10.633333333333335,5.718666666666666,38.169992666666666
2026-09-14T07:10:00.000Z,MCT2408023,15.499722,74.020833,35,291.60625,437.6875,56.23488000000001,15.109374999999996,10.795625000000001,6.340000000000002,17.729999999999997,10.150000000000002,5.598750000000001,38.29520874999999
2026-09-14T07:13:01.461Z,MCT2408023,15.499722,74.020833,36.2,286.692,442.4,55.73706,15.62,11.086,6.34,18.998,11.6,5.444,38.517486000000005
2026-09-14T06:20:00.000Z,MCT2408049,15.475278,74.055833,55.81818181818182,150,436.6363636363636,54.87424636363635,23.507272727272724,7.959999999999999,5.09,14.90181818181818,7.531818181818182,2.61,37.967971818181816
2026-09-14T06:30:00.000Z,MCT2408049,15.475278,74.055833,55.5625,150,431,53.860704999999996,23.195,7.959999999999997,4.840624999999999,14.886875000000003,7.76625,2.61,37.680529375000006
2026-09-14T06:40:00.000Z,MCT2408049,15.475278,74.055833,55.75,150,428,54.00232687500001,23.404999999999998,7.959999999999997,4.648124999999999,14.361875000000003,7.623750000000001,2.61,37.641650625000004
2026-09-14T06:50:00.000Z,MCT2408049,15.475278,74.055833,55.5625,150,427.375,53.269426875,23.2375,7.959999999999997,4.4556249999999995,14.073125000000003,7.527500000000002,2.61,37.670474999999996
2026-09-14T07:00:00.000Z,MCT2408049,15.475278,74.055833,55.6875,150,428.9375,54.09626375,23.387500000000003,7.959999999999997,4.455624999999999,13.691875000000001,7.1937500000000005,2.61,37.58132125
2026-09-14T07:10:00.000Z,MCT2408049,15.475278,74.055833,55.625,150,425.0625,53.42964437499999,23.379375,7.959999999999997,3.926249999999999,12.401874999999999,6.860624999999999,2.61,37.687901875
2026-09-14T07:13:01.737Z,MCT2408049,15.475278,74.055833,56,150,424.8,54.620118000000005,23.744,7.959999999999999,3.9840000000000004,12.562000000000001,6.906000000000001,2.61,37.625162
2026-09-14T06:20:00.000Z,MCT2408040,15.528056,74.020833,20.363636363636363,100,420.72727272727275,58.22146727272729,9.497272727272728,5.415454545454546,3.07,8.42,3.7299999999999995,4.332727272727272,36.46256
2026-09-14T06:30:00.000Z,MCT2408040,15.528056,74.020833,20.3125,100,422.875,58.491749999999996,9.43375,5.476249999999999,3.07,8.42,3.7299999999999986,4.11125,36.329164375
2026-09-14T06:40:00.000Z,MCT2408040,15.528056,74.020833,20.375,100,415.625,57.757898749999995,9.50125,5.421875,3.07,8.42,3.7299999999999986,3.5962499999999995,36.35530625
2026-09-14T06:50:00.000Z,MCT2408040,15.528056,74.020833,20.0625,100,416.25,58.69774187499999,9.24625,5.29125,3.07,8.42,3.7299999999999986,3.53625,36.477976875
2026-09-14T07:00:00.000Z,MCT2408040,15.528056,74.020833,19.3125,102.08375000000001,418.0625,58.101695,8.433125,5.2318750000000005,3.105,8.704374999999999,3.959999999999999,3.5,36.68577562499999
2026-09-14T07:10:00.000Z,MCT2408040,15.528056,74.020833,20.1875,100,412.125,58.35442062499999,9.239999999999998,5.380624999999999,3.07,8.42,3.7299999999999986,3.5375,36.4511625
2026-09-14T07:13:01.738Z,MCT2408040,15.528056,74.020833,19.8,100,412,58.323424,8.786,5.292,3.07,8.42,3.7299999999999995,3.5,36.468993999999995
2026-09-14T06:20:00.000Z,MCT2408046,15.529167,74.07,29.529411764705884,95.52,426.88235294117646,57.193378235294105,12.098823529411762,1.8982352941176472,6.6541176470588255,20.13058823529412,10.176470588235295,4.23764705882353,37.36914294117647
2026-09-14T06:30:00.000Z,MCT2408046,15.529167,74.07,29.88,95.52,423.92,56.35351600000002,12.403599999999999,1.7119999999999993,6.597999999999998,19.6892,9.628400000000001,4.246,37.708817999999994
2026-09-14T06:40:00.000Z,MCT2408046,15.529167,74.07,29.884615384615383,95.52,427.15384615384613,56.67224807692308,12.364999999999998,1.6880769230769235,8.753461538461538,26.36538461538461,13.051923076923078,4.254615384615384,37.323452307692314
2026-09-14T06:50:00.000Z,MCT2408046,15.529167,74.07,31.36,95.52,425.84,57.2669072,12.5868,1.5612000000000001,11.253199999999998,34.839999999999996,17.712,3.7508000000000004,37.227472000000006
2026-09-14T07:00:00.000Z,MCT2408046,15.529167,74.07,30.2,95.52,427,55.586303999999984,12.627599999999997,1.4928000000000003,8.7248,26.57400000000001,13.2596,3.8584000000000005,37.737560800000004
2026-09-14T07:10:00.000Z,MCT2408046,15.529167,74.07,30.08,95.52,424.44,55.14654519999999,12.5492,1.3796000000000004,6.928,21.1092,10.621200000000004,4.212,37.833227599999994
2026-09-14T07:13:01.761Z,MCT2408046,15.529167,74.07,30.428571428571427,95.52,424.2857142857143,55.164857142857144,12.764285714285714,1.3699999999999999,5.78,17.298571428571428,8.727142857142857,3.8514285714285714,38.106562857142855
2026-09-14T06:20:00.000Z,MCT2408037,15.394444,74.118333,5448,178.2138,442.6666666666667,59.9936275,11.683333333333335,14.5,2476.210833333334,6628.44,2496.816666666667,4.979166666666667,36.020145
2026-09-14T06:30:00.000Z,MCT2408037,15.394444,74.118333,5479.375,180.41504375,440.25,61.666054375,11.686874999999999,14.221875,2479.835,6638.066250000001,2500.47,4.291875,35.697055625000004
2026-09-14T06:40:00.000Z,MCT2408037,15.394444,74.118333,5505.0625,177.83805625,441.8125,59.5698775,11.436875,14.380000000000003,2478.0687500000004,6633.313125000001,2498.6912500000003,4.319999999999999,36.415635
2026-09-14T06:50:00.000Z,MCT2408037,15.394444,74.118333,5537.9375,178.70907499999998,442.625,58.095973750000006,12.168125,14.287500000000003,2480.530000000001,6639.904999999999,2501.17375,5.079375000000001,36.76085125
2026-09-14T07:00:00.000Z,MCT2408037,15.394444,74.118333,5550.875,174.52786875,434.1875,60.25986125000001,11.773750000000001,14.155625,2470.9612500000007,6614.3,2491.5225000000005,4.02375,36.501439375
2026-09-14T07:10:00.000Z,MCT2408037,15.394444,74.118333,5588.75,180.32919375000003,435.75,58.796447500000006,11.666875000000001,14.261874999999998,2476.4425000000006,6628.968124999999,2497.050625,4.4975,36.79839
2026-09-14T07:13:01.752Z,MCT2408037,15.394444,74.118333,5606,177.91025000000002,438.25,59.9294125,11.63,14.3575,2476.21,6628.304999999999,2496.8175,3.7825,36.660975
2026-09-14T06:20:00.000Z,MCT2408044,15.313669,74.140042,23,214.29,423.6363636363636,70.42988727272727,9.625454545454545,3.4054545454545457,2.974545454545455,8,4.713636363636364,3.5057109090909093,32.53229909090909
2026-09-14T06:30:00.000Z,MCT2408044,15.313669,74.140042,23.1875,214.29,426.875,71.280045,9.873750000000001,3.434375,2.9424999999999994,8.28125,5.033125,3.2056088750000002,32.057225
2026-09-14T06:40:00.000Z,MCT2408044,15.313669,74.140042,24.125,214.29,423.25,70.881885,10.515000000000002,3.32,3.1599999999999993,8.84375,5.23625,2.6632210625000003,32.30524187499999
2026-09-14T06:50:00.000Z,MCT2408044,15.313669,74.140042,23.625,214.29,419.8125,66.34287375,10.11875,3.366875,3.0143749999999994,8.34375,4.998749999999999,3.761217875,33.71961375
2026-09-14T07:00:00.000Z,MCT2408044,15.313669,74.140042,22.375,214.29,417.6875,65.22421125000001,9.168125,3.475625,2.9062499999999996,7.78125,4.558124999999999,4.649759437499999,34.02058625
2026-09-14T07:10:00.000Z,MCT2408044,15.313669,74.140042,23.0625,214.29,417.25,64.779325,9.628124999999999,3.5718750000000004,2.8699999999999997,7.53125,4.35375,4.382451875,33.791336875
2026-09-14T07:13:01.758Z,MCT2408044,15.313669,74.140042,23,214.29000000000002,415.8,62.91937399999999,9.608,3.3199999999999994,2.87,7.5,4.32,4.713845999999999,34.01938
2026-09-14T06:20:00.000Z,MCT2408042,15.213889,74.071667,62,167.56545454545454,426.90909090909093,59.79312363636364,26.735454545454548,12.57181818181818,5.873636363636364,18.405454545454546,9.77181818181818,6.319999999999999,36.01502909090909
2026-09-14T06:30:00.000Z,MCT2408042,15.213889,74.071667,61.6875,169.333125,427.0625,61.739963124999996,26.563125000000003,12.51375,9.725625,29.410625000000003,15.374374999999999,5.4125,35.50869625
2026-09-14T06:40:00.000Z,MCT2408042,15.213889,74.071667,61.75,249.17875,418.125,60.395760624999994,26.528125000000006,12.869375,11.886875000000002,35.341249999999995,18.163124999999997,4.600625,35.83983125
2026-09-14T06:50:00.000Z,MCT2408042,15.213889,74.071667,62.625,216.37062500000002,423.0625,59.3467175,27.188750000000002,12.781249999999998,7.9624999999999995,24.053125,12.69875,5.55125,35.930324375
2026-09-14T07:00:00.000Z,MCT2408042,15.213889,74.071667,61.75,219.76750000000004,428.6875,60.875458125,26.5475,13.08125,7.393750000000001,22.514999999999997,12.071875000000002,4.746874999999999,35.837151250000005
2026-09-14T07:10:00.000Z,MCT2408042,15.213889,74.071667,61.75,252.97250000000005,422.6875,59.409659375000004,26.546875,12.9675,10.635625,31.465625,16.286250000000003,4.755625,36.264143125000004
2026-09-14T07:13:02.037Z,MCT2408042,15.213889,74.071667,61.6,235.536,426.2,59.196228,26.453999999999997,12.73,6.188000000000001,19.334,10.383999999999999,4.906000000000001,36.50546000000001
2026-09-14T06:20:00.000Z,MCT2408033,15.346944,74.007778,23.818181818181817,129.53660000000002,469.8181818181818,56.717784545454556,11.228181818181818,5.575454545454544,3.140909090909091,7.785454545454545,4.6009090909090915,4.39,36.70923909090909
2026-09-14T06:30:00.000Z,MCT2408033,15.346944,74.007778,22.9375,132.35529375,494.125,57.402175,10.420000000000002,5.6693750000000005,3.2587500000000005,8.43,5.109999999999999,4.39,36.53763625
2026-09-14T06:40:00.000Z,MCT2408033,15.346944,74.007778,23.0625,131.61855,495.75,56.27827,10.5575,5.6937500000000005,3.1062500000000006,7.852500000000001,4.7437499999999995,4.39,36.81782749999999
2026-09-14T06:50:00.000Z,MCT2408033,15.346944,74.007778,23.5,132.58375625,486.9375,56.55722062500001,10.821875,5.474374999999999,3.1062500000000006,8.013750000000002,4.9262500000000005,4.39,36.854025625000006
2026-09-14T07:00:00.000Z,MCT2408033,15.346944,74.007778,23.5,135.78299375,485.4375,56.18242625,10.86875,5.301874999999999,3.1062500000000006,7.628125000000001,4.488125,4.39,37.017581875
2026-09-14T07:10:00.000Z,MCT2408033,15.346944,74.007778,22.4375,137.36942499999998,491.375,56.322139375,10.00625,5.523124999999999,3.0300000000000007,7.500624999999999,4.4868749999999995,4.39,36.97736249999999
2026-09-14T07:13:02.040Z,MCT2408033,15.346944,74.007778,23,136.33948,478.8,56.545776000000004,10.490000000000002,5.767999999999999,3.274,8.512,5.176,4.39,36.829358
2026-09-14T06:20:00.000Z,MCT2408041,15.224628,74.171389,30.833333333333332,457.9579083333333,478.5,60.024144166666666,13.204166666666666,9.700000000000001,8.090000000000002,20.385,9.035000000000002,8.099166666666667,36.06930333333333
2026-09-14T06:30:00.000Z,MCT2408041,15.224628,74.171389,30.5,437.915425,472.9375,59.247535625000005,12.936250000000001,9.7,8.090000000000002,20.401875,9.051875000000003,8.159999999999998,36.343241875
2026-09-14T06:40:00.000Z,MCT2408041,15.224628,74.171389,30.4,471.1997666666666,474.93333333333334,58.476014,12.887333333333332,9.7,8.090000000000002,20.412,9.061333333333335,8.230666666666668,36.47972
2026-09-14T06:50:00.000Z,MCT2408041,15.224628,74.171389,30.5625,454.43969999999996,460.5,59.34910125,12.978750000000002,9.7,8.090000000000002,20.35125,9.001250000000002,8.1975,36.13007875
2026-09-14T07:00:00.000Z,MCT2408041,15.224628,74.171389,30.875,441.69025625,462.6875,58.990520625,13.24375,9.7,8.090000000000002,20.25,8.900000000000002,7.885625,36.33586625
2026-09-14T07:10:00.000Z,MCT2408041,15.224628,74.171389,30.5625,471.87260625,466.75,58.687729375,13.010625,9.7,8.090000000000002,20.25,8.900000000000002,7.943125,36.420329375
2026-09-14T07:13:02.035Z,MCT2408041,15.224628,74.171389,30.6,499.33184,461.8,57.64440999999999,12.822,9.7,8.09,20.25,8.9,8.158000000000001,36.39606
2026-09-14T06:20:00.000Z,MCT2408045,15.619444,73.878889,30.727272727272727,211.8518181818182,665.0909090909091,59.33258727272726,14.082727272727276,19.210909090909094,3.02,10.840000000000002,5.651818181818181,2.5300000000000002,37.08558818181818
2026-09-14T06:30:00.000Z,MCT2408045,15.619444,73.878889,30.625,207.70250000000004,665.4375,59.127849375000004,14.058750000000003,19.583125000000006,3.1143750000000012,11.089375,5.793750000000001,2.5300000000000002,37.146282500000005
2026-09-14T06:40:00.000Z,MCT2408045,15.619444,73.878889,30.75,191.873125,666.75,59.387726875,14.096875000000002,20.038125,3.113750000000001,10.804375000000002,5.510000000000002,2.5300000000000002,36.62611687500001
2026-09-14T06:50:00.000Z,MCT2408045,15.619444,73.878889,29.875,202.72375,661.1875,60.612720625,13.36,19.078750000000003,3.1768750000000012,11.196250000000001,5.830000000000002,2.5300000000000002,36.664994375
2026-09-14T07:00:00.000Z,MCT2408045,15.619444,73.878889,30.25,201.83999999999997,658.625,57.90714625,13.519374999999998,18.981250000000003,3.020000000000001,10.270000000000001,5.08625,2.5300000000000002,37.509596875
2026-09-14T07:10:00.000Z,MCT2408045,15.619444,73.878889,30.75,198.03062500000001,664.625,56.942505000000004,13.919375,19.919375,3.020000000000001,10.163125000000003,4.981249999999999,2.5300000000000002,38.00161125
2026-09-14T07:13:02.068Z,MCT2408045,15.619444,73.878889,31,202.888,656.6,56.435914000000004,14.096,19.476,3.02,9.813999999999998,4.6339999999999995,2.53,38.225764000000005
2026-09-14T06:20:00.000Z,MCT2408024,15.148056,74.131667,37.35294117647059,237.22485294117644,514.1176470588235,54.808519411764706,14.879424705882355,5.179526352941175,5,15.284117647058826,8.284117647058823,2.935294117647059,38.43029764705882
2026-09-14T06:30:00.000Z,MCT2408024,15.148056,74.131667,37.44,236.27647200000007,529.28,56.0077512,14.865729200000006,11.482251119999999,5.239199999999999,15.789600000000005,8.430000000000001,2.8352,37.548368800000006
2026-09-14T06:40:00.000Z,MCT2408024,15.148056,74.131667,38.125,229.83500833333332,535.4583333333334,58.317702916666654,15.406615416666662,12.48827520833334,5.374166666666667,16.573333333333338,8.990000000000004,2.7033333333333327,37.035904166666676
2026-09-14T06:50:00.000Z,MCT2408024,15.148056,74.131667,37.72,231.454864,505.04,55.6406252,15.162386,14.186433599999997,5,15.110000000000005,8.110000000000003,2.74,38.082906
2026-09-14T07:00:00.000Z,MCT2408024,15.148056,74.131667,37.72,234.44881599999997,447.16,55.18774439999999,15.244225599999998,7.593650320000002,5,15.150000000000004,8.150000000000002,2.8164,37.952919200000004
2026-09-14T07:10:00.000Z,MCT2408024,15.148056,74.131667,38.12,233.08848,477.12,55.550598,15.530393600000004,5.886579999999999,5,15.030000000000005,8.030000000000003,2.7879999999999994,37.83279920000001
2026-09-14T07:13:02.066Z,MCT2408024,15.148056,74.131667,37.57142857142857,233.17595714285716,492.14285714285717,55.840602857142855,14.986704285714287,5.726654285714285,5,15.132857142857143,8.132857142857144,2.755714285714286,37.72199285714286
2026-09-14T06:20:00.000Z,MCT2408022,15.475833,74.038889,31.545454545454547,150,456.1818181818182,62.706858181818184,6.210909090909092,10.230285454545454,7.7272727272727275,23.454545454545453,12.636363636363637,4.333011909090909,35.895101818181814
2026-09-14T06:30:00.000Z,MCT2408022,15.475833,74.038889,30.5625,150,451.625,61.851066874999994,6.342499999999999,10.232366249999998,6.9375,21.5,11.5625,4.3209810625,35.975236249999995
2026-09-14T06:40:00.000Z,MCT2408022,15.475833,74.038889,28.6875,150,448.375,60.14494187500001,6.548749999999998,10.03959625,5.75,17.9375,9.625,4.3882929375,36.189065
2026-09-14T06:50:00.000Z,MCT2408022,15.475833,74.038889,28.666666666666668,150,451.2,62.133544,6.233333333333332,10.466465999999999,5.733333333333333,17.8,9.4,4.3300004,36.150814
2026-09-14T07:00:00.000Z,MCT2408022,15.475833,74.038889,28.5,150,450.375,59.945624374999994,6.508750000000001,10.317019250000001,5.625,17.4375,9.1875,4.372096375,36.5617675
2026-09-14T07:10:00.000Z,MCT2408022,15.475833,74.038889,27.8125,150,446.4375,59.1922225,6.816875,10.153366125,5.0625,16,8.875,4.4301440625,36.3338575
2026-09-14T07:13:02.320Z,MCT2408022,15.475833,74.038889,27.75,150,448.25,59.7176975,6.05,10.2166175,5,15.75,8.75,4.3862095,36.269504999999995
2026-09-14T06:20:00.000Z,MCT2408032,15.525556,73.828611,36.705882352941174,259.39,563.6470588235294,61.02961647058824,16.26294117647059,18.967058823529413,7.120000000000002,17.069999999999997,7.079999999999999,4.110000000000001,36.068251764705884
2026-09-14T06:30:00.000Z,MCT2408032,15.525556,73.828611,37.12,277.87879999999996,567.92,60.55914359999999,16.6244,19.874799999999997,7.120000000000002,17.069999999999997,7.080000000000002,4.855200000000002,35.573234000000014
2026-09-14T06:40:00.000Z,MCT2408032,15.525556,73.828611,37,265.18240000000003,563.92,62.05481040000001,16.4696,19.3428,7.120000000000002,17.240399999999998,7.249200000000003,4.064400000000001,35.3497228
2026-09-14T06:50:00.000Z,MCT2408032,15.525556,73.828611,36.44,255.83880000000005,565.88,61.98370439999999,16.083599999999993,19.378,7.120000000000002,17.069999999999997,7.080000000000002,3.6752000000000002,35.224882
2026-09-14T07:00:00.000Z,MCT2408032,15.525556,73.828611,36.68,245.95959999999997,574.2,61.8234864,16.214000000000002,19.3124,7.120000000000002,17.069999999999997,7.080000000000002,3.0896,35.6779116
2026-09-14T07:10:00.000Z,MCT2408032,15.525556,73.828611,37.44,264.02799999999996,566.92,60.924132799999995,16.81999999999999,19.4336,7.120000000000002,17.126799999999996,7.136400000000004,4.0572,35.722956
2026-09-14T07:13:02.353Z,MCT2408032,15.525556,73.828611,36.625,228.2275,579.75,63.075585,16.10125,19.015,7.119999999999999,17.069999999999997,7.079999999999999,3.6050000000000004,35.304245
2026-09-14T06:20:00.000Z,MCT2408036,15.171567,74.067106,37.81818181818182,122.01431818181818,469.6363636363636,55.73428727272728,14.805454545454545,10.124545454545455,2.6299999999999994,7.6927272727272715,4.142727272727272,12.164545454545454,36.484984545454545
2026-09-14T06:30:00.000Z,MCT2408036,15.171567,74.067106,37.125,121.16910625000001,466.0625,57.29822625,14.326874999999998,10,2.926875000000001,8.708749999999997,4.716874999999999,11.635625000000003,35.954456875
2026-09-14T06:40:00.000Z,MCT2408036,15.171567,74.067106,36.666666666666664,120.59634,461.8,56.21364333333333,14.038666666666666,10.008666666666667,2.63,7.599999999999998,4.049999999999999,11.350666666666667,36.36174266666667
2026-09-14T06:50:00.000Z,MCT2408036,15.171567,74.067106,37.125,120.27857499999999,467.375,56.55292874999999,14.015624999999996,9.970624999999998,2.63,7.663124999999997,4.113749999999999,11.718124999999999,36.103936250000004
2026-09-14T07:00:00.000Z,MCT2408036,15.171567,74.067106,36,120.03884000000001,455.93333333333334,57.486227333333325,14.175333333333333,9.625333333333334,2.7706666666666666,8.07333333333333,4.321333333333332,10.976666666666667,35.73611266666666
2026-09-14T07:10:00.000Z,MCT2408036,15.171567,74.067106,36.125,120,458.75,58.387321875000005,13.778749999999997,9.457500000000001,2.63,7.694999999999998,4.145624999999999,11.104375,35.587795
2026-09-14T07:13:02.371Z,MCT2408036,15.171567,74.067106,36.6,120,469.8,58.283754,13.734,9.028,2.63,7.6,4.05,11.44,35.542348000000004
2026-09-14T06:20:00.000Z,MCT2408035,15.236111,74.125,59.45454545454545,215.94333636363635,618.6363636363636,57.4585309090909,29.515019090909092,14.184545454545457,3.8,10.19,4.909999999999999,3.8299999999999987,37.09826181818182
2026-09-14T06:30:00.000Z,MCT2408035,15.236111,74.125,58.1875,207.54185625000002,608.0625,57.754081875,28.438897500000003,13.147499999999999,3.799999999999999,10.19,4.909999999999998,3.8299999999999987,37.25487375
2026-09-14T06:40:00.000Z,MCT2408035,15.236111,74.125,58.625,216.52161875000002,602,55.690330625,28.933573125,13.22625,3.799999999999999,10.19,4.909999999999998,3.8299999999999987,37.606122500000005
2026-09-14T06:50:00.000Z,MCT2408035,15.236111,74.125,60.1875,220.69545000000002,595.3125,55.941146875,30.157764375000003,13.229999999999999,3.799999999999999,10.19,4.909999999999998,3.8299999999999987,37.326597500000005
2026-09-14T07:00:00.000Z,MCT2408035,15.236111,74.125,58.75,216.0338875,614.6875,57.0173675,28.9085775,13.549375000000001,3.799999999999999,10.19,4.909999999999998,3.8299999999999987,36.667677499999996
2026-09-14T07:10:00.000Z,MCT2408035,15.236111,74.125,56.4375,204.7585,611.375,58.56088999999999,26.890347499999997,12.10875,3.799999999999999,10.19,4.909999999999998,3.8362499999999993,36.09522125
2026-09-14T07:13:02.371Z,MCT2408035,15.236111,74.125,55.4,199.41786000000002,603.2,59.316772,25.92076,11.56,3.8,10.19,4.91,3.85,35.977784
2026-09-14T06:20:00.000Z,MCT2408031,15.290833,74.149167,19.545454545454547,179.2739090909091,545.5454545454545,70.56097454545456,7.703854181818182,6.238336272727273,5.971818181818182,15.416363636363634,8.312727272727274,4.4809090909090905,33.94020818181818
2026-09-14T06:30:00.000Z,MCT2408031,15.290833,74.149167,21.1875,169.41690625,540.9375,68.331283125,7.7789801249999995,6,7.171875,18.587499999999995,10.059999999999999,5.244375,34.898705
2026-09-14T06:40:00.000Z,MCT2408031,15.290833,74.149167,20.1875,221.302225,539.25,66.498321875,8.806482062499999,6.1479261874999995,5.5943749999999985,14.428125,7.739374999999998,6.953125,34.92551625
2026-09-14T06:50:00.000Z,MCT2408031,15.290833,74.149167,22.5,193.88588125,536.9375,67.1892575,8.6244984375,6.0428386875,7.976249999999999,20.788125,11.251249999999999,6.159999999999999,34.861836875
2026-09-14T07:00:00.000Z,MCT2408031,15.290833,74.149167,23.375,200.44985,535.9375,66.134018125,8.5313286875,6,8.631874999999999,22.771250000000002,12.53,5.8306249999999995,35.358545
2026-09-14T07:10:00.000Z,MCT2408031,15.290833,74.149167,20.6875,217.47789374999996,539,64.01781625000001,8.7778448125,6,6.488124999999999,16.983750000000004,9.196875,6.383124999999999,35.867985625
2026-09-14T07:13:02.374Z,MCT2408031,15.290833,74.149167,21,239.67831999999999,534.6,61.02423,8.7850506,6,5.144,13.478000000000003,7.331999999999999,7.792,36.187998
2026-09-14T06:20:00.000Z,MCT2408039,15.163611,74.110833,62.583333333333336,325.8725,561,56.88592083333333,6.422499999999999,10.299999999999999,30.15416666666667,95.86666666666667,38.64249999999999,2.3000000000000003,37.56456333333333
2026-09-14T06:30:00.000Z,MCT2408039,15.163611,74.110833,34,396.92266666666666,553.9333333333333,55.92982933333333,8.261999999999999,10.3,11.311333333333335,36.864000000000004,15.301999999999998,2.3,37.97193733333334
2026-09-14T06:40:00.000Z,MCT2408039,15.163611,74.110833,30.5625,362.01125,546.5,55.7733,9.23,10.3,9.161249999999999,29.909375,12.368749999999999,2.3,37.947985
2026-09-14T06:50:00.000Z,MCT2408039,15.163611,74.110833,34.3125,366.8106250000001,542.8125,55.801432500000004,8.412500000000001,10.3,11.413750000000004,37.59687500000001,15.802499999999998,2.3,37.97815000000001
2026-09-14T07:00:00.000Z,MCT2408039,15.163611,74.110833,30.0625,353.84250000000003,554.8125,55.98740062500001,6.598125,10.3,9.089999999999998,29.198125,11.909999999999998,2.3,38.16851812499999
2026-09-14T07:10:00.000Z,MCT2408039,15.163611,74.110833,30,393.64375,536.0625,54.53400124999999,6.60375,10.3,9.019999999999998,28.94,11.759999999999998,2.3,38.27040625000001
2026-09-14T07:13:02.601Z,MCT2408039,15.163611,74.110833,30,371.478,555,54.990908000000005,6.295999999999999,10.3,9.02,28.940000000000005,11.76,2.3,38.300838
2026-09-14T06:20:00.000Z,MCT2408038,15.188889,74.055556,25,405.714,685.6,52.979034999999996,11.295,13.330000000000002,5.950000000000001,16.900000000000002,7.9399999999999995,4.915,38.80385
2026-09-14T06:30:00.000Z,MCT2408038,15.188889,74.055556,24.9375,384.48625000000004,683.1875,53.159279375,11.085624999999999,13.330000000000005,5.995000000000001,16.961875000000003,8.111874999999998,4.9018749999999995,38.56936875
2026-09-14T06:40:00.000Z,MCT2408038,15.188889,74.055556,24.8125,312.70875,693.75,53.95655312499999,10.966874999999998,13.330000000000005,6.248750000000001,17.83125,8.785625,4.84375,38.326713125000005
2026-09-14T06:50:00.000Z,MCT2408038,15.188889,74.055556,24.333333333333332,372.304,681.6666666666666,54.34088133333333,10.492666666666667,13.330000000000005,6.007333333333335,17.03266666666667,8.035333333333332,4.796666666666666,38.113507999999996
2026-09-14T07:00:00.000Z,MCT2408038,15.188889,74.055556,24.375,378.3075,690.75,53.356211875,10.728749999999998,13.330000000000005,6.018750000000002,17.148125,8.249374999999999,4.770625,38.527810625
2026-09-14T07:10:00.000Z,MCT2408038,15.188889,74.055556,24.5,346.19625,688.375,52.97712750000001,10.611875,13.330000000000005,7.008750000000002,19.881249999999998,9.509375,4.7456249999999995,38.830796875
2026-09-14T07:13:02.618Z,MCT2408038,15.188889,74.055556,24.2,390.588,664,52.575438000000005,10.478000000000002,13.330000000000002,5.95,16.9,7.94,4.714,39.111656
2026-09-14T06:20:00.000Z,MCT2408029,15.333611,74.206944,12.666666666666666,120,601.3333333333334,70.98822,4.09,7.14,2.94,8.67,4.71,3.5,34.10661
2026-09-14T06:40:00.000Z,MCT2408029,15.333611,74.206944,17.166666666666668,120,603.5,70.17823333333332,7.255,10.729999999999999,3.1366666666666667,9.345,5.001666666666667,3.7583333333333333,34.71973166666666
2026-09-14T06:50:00.000Z,MCT2408029,15.333611,74.206944,78,120,498.75,65.06590249999999,62.092499999999994,54.6825,2.94,9.682500000000001,5.735,19.237499999999997,37.331295
2026-09-14T07:00:00.000Z,MCT2408029,15.333611,74.206944,20.833333333333332,120,577.9166666666666,63.102605833333335,11.701666666666666,7.888333333333333,2.94,8.766666666666667,4.8066666666666675,3.966666666666667,37.64768416666666
2026-09-14T06:20:00.000Z,MCT2408026,15.2467,74.198281,117.11764705882354,125.96951176470587,423.88235294117646,59.18509823529412,13.350243529411765,12.5,17.79294117647059,53.81647058823529,27.510588235294115,50.81294117647058,36.761600588235304
2026-09-14T06:30:00.000Z,MCT2408026,15.2467,74.198281,117.20833333333333,161.02850833333332,432.0833333333333,58.05289958333333,13.02009291666667,12.5,20.597500000000004,61.775000000000006,31.501249999999995,50.83958333333334,37.378212916666676
2026-09-14T06:40:00.000Z,MCT2408026,15.2467,74.198281,168.23809523809524,125,421.5238095238095,56.849499047619055,13.663789523809523,12.5,59.321428571428584,202.8185714285715,115.58047619047618,50.580000000000005,37.72097190476191
2026-09-14T06:50:00.000Z,MCT2408026,15.2467,74.198281,117.08,125.36141199999999,421.16,57.25408960000001,13.7163432,12.5,13.913200000000002,41.819199999999995,21.330400000000004,50.426,37.51919600000001
2026-09-14T07:00:00.000Z,MCT2408026,15.2467,74.198281,117.33333333333333,131.0954625,425.625,58.49127208333332,13.352712083333332,12.5,13.272499999999996,39.812083333333334,20.210833333333333,50.78458333333333,36.904075416666664
2026-09-14T07:10:00.000Z,MCT2408026,15.2467,74.198281,117.08333333333333,125,420.375,57.994407083333336,13.705452916666667,12.5,9.609583333333333,29.69791666666667,15.590416666666668,50.331666666666656,36.938931666666655
2026-09-14T07:13:02.659Z,MCT2408026,15.2467,74.198281,117,125,425.875,58.456939999999996,12.766068750000002,12.5,13.825000000000001,42.673750000000005,22.42125,50.58125,36.938485
