time,device_id,latitude,longitude,aqi,co,co2,hum,no2,o3,pm1,pm10,pm25,so2,temp
2026-09-16T18:30:00.000Z,MCT2408020,15.543475,74.039433,24.5,180,652.8125,85.60614125000001,8.897212187500001,18.60978875,5.5699999999999985,16.310000000000002,7.895000000000001,3.6599999999999984,27.922700000000006
2026-09-16T18:40:00.000Z,MCT2408020,15.543475,74.039433,24.4375,180,649.4375,85.63808875000001,8.821395375000003,18.669201875,5.5699999999999985,16.309375,7.895,3.6599999999999984,27.907285625000004
2026-09-16T18:50:00.000Z,MCT2408020,15.543475,74.039433,24.1875,180,653.4375,85.64333500000001,9.108016249999999,18.773466250000002,5.5699999999999985,16.543125000000003,8.1275,3.6599999999999984,27.884493125
2026-09-16T19:00:00.000Z,MCT2408020,15.543475,74.039433,24.5,180,655.375,85.672896875,8.87783525,18.726088125,5.5699999999999985,17.068125000000002,8.650624999999998,3.6599999999999984,27.893877500000002
2026-09-16T19:08:04.199Z,MCT2408020,15.543475,74.039433,24,180,658.8461538461538,85.69651692307691,8.915458846153847,18.647995384615378,5.640769230769232,17.208461538461542,8.717692307692305,3.659999999999999,27.89403384615385
2026-09-16T18:30:00.000Z,MCT2408028,15.186944,74.096667,44.04,580.9476,523,89.0366204,19.404399999999995,11.5244,8.550000000000002,28.079200000000004,16.023600000000005,3.184800000000001,26.505805999999996
2026-09-16T18:40:00.000Z,MCT2408028,15.186944,74.096667,43.8,576.7748000000001,523.12,89.05249039999998,19.196799999999993,11.56,8.470000000000002,27.403200000000012,15.508000000000004,3.3964000000000003,26.4912192
2026-09-16T18:50:00.000Z,MCT2408028,15.186944,74.096667,44.16,568.8696000000001,531.96,89.29083160000002,19.539599999999993,11.456000000000001,8.630000000000003,28.040400000000005,15.786800000000003,3.568,26.4667664
2026-09-16T19:00:00.000Z,MCT2408028,15.186944,74.096667,44.16,561.9580000000001,535.16,89.38208079999998,19.5284,11.4176,8.430000000000001,26.608400000000007,14.7128,3.3032000000000012,26.3916932
2026-09-16T19:08:04.199Z,MCT2408028,15.186944,74.096667,44.1,556.4585,543.1,89.39146500000001,19.474999999999994,10.892499999999997,8.09,25.654000000000003,14.365,3.2245,26.34343
2026-09-16T18:30:00.000Z,MCT2408056,15.579167,73.920833,35,180,502.5,88.95639750000001,6.498124999999998,9.1852993125,6.1,18.38625,10.133125000000001,1.5712499999999998,27.617033749999997
2026-09-16T18:40:00.000Z,MCT2408056,15.579167,73.920833,34.53333333333333,180,505.8,88.94578,6.900666666666667,10.208136800000002,6.319333333333334,18.518000000000004,9.933333333333335,1.7,27.557866666666666
2026-09-16T18:50:00.000Z,MCT2408056,15.579167,73.920833,34.6875,180,512.4375,89.28160187499998,6.706875,9.123532875,6.51125,19.981875,11.246250000000002,1.6312499999999996,27.489003749999995
2026-09-16T19:00:00.000Z,MCT2408056,15.579167,73.920833,34.375,180,520.0625,89.04127624999998,6.637499999999999,9.418720375,6.74625,21.005,12.006875000000003,1.5712499999999998,27.5185
2026-09-16T19:08:04.210Z,MCT2408056,15.579167,73.920833,32.53846153846154,180,517.7692307692307,89.05169153846153,6.762307692307692,9.847959384615386,5.846923076923076,18.07461538461538,10.163846153846155,1.570769230769231,27.504626923076916
2026-09-16T18:30:00.000Z,MCT2408057,15.272222,74.104722,29.88,311.42679999999996,485.44,82.80065799999998,12.384399999999998,9.0208,8.964399999999998,25.692399999999992,13.106,1.3899999999999997,28.9056552
2026-09-16T18:40:00.000Z,MCT2408057,15.272222,74.104722,30.44,316.9,493.04,83.42871079999999,12.421199999999999,9.001199999999997,9.250799999999996,26.687599999999996,13.726799999999995,1.4272,28.716891599999993
2026-09-16T18:50:00.000Z,MCT2408057,15.272222,74.104722,30,321.56759999999997,499.48,83.08599799999998,12.542,9.000799999999998,9.275199999999996,26.708799999999997,13.658399999999995,1.3884,28.802692799999996
2026-09-16T19:00:00.000Z,MCT2408057,15.272222,74.104722,29,323.318,501.48,82.9254764,12.526800000000001,8.9416,8.080800000000002,23.318,11.977200000000003,1.628,28.755931199999985
2026-09-16T19:08:04.216Z,MCT2408057,15.272222,74.104722,28.9,325.317,499.25,83.211273,12.397500000000003,8.923999999999998,7.004000000000002,20.468500000000006,10.6825,1.734,28.603743
2026-09-16T18:30:00.000Z,MCT2408055,15.585833,73.885556,66,100.59875,568.6875,88.55251750000002,9.399375,5.58,5.810000000000001,16.2425,8.817499999999999,20.31625,27.195403125000006
2026-09-16T18:40:00.000Z,MCT2408055,15.585833,73.885556,66.25,98.90875,595.6875,88.64788437500002,9.44125,5.524999999999999,5.766250000000001,16.570625,9.242499999999998,20.373124999999998,27.159204375
2026-09-16T18:50:00.000Z,MCT2408055,15.585833,73.885556,65.6875,100.43062500000002,635.75,88.61069000000002,9.528749999999999,5.47,5.375625,15.378124999999997,8.4775,20.091875,27.183335624999998
2026-09-16T19:00:00.000Z,MCT2408055,15.585833,73.885556,66,101.63625000000002,591.875,88.68460187500004,9.496874999999998,5.595625,5.418750000000001,15.666249999999998,8.775,20.30875,27.122338749999997
2026-09-16T19:08:04.228Z,MCT2408055,15.585833,73.885556,65.76923076923077,101.03846153846153,583.0769230769231,88.75649307692308,9.438461538461537,5.836153846153847,5.3246153846153845,14.828461538461537,8.075384615384618,20.078461538461543,27.137498461538463
2026-09-16T18:30:00.000Z,MCT2408053,15.263333,74.110833,37.0625,205.34840624999998,604.25,91.0220575,12.753749999999997,23.942500000000003,4.590000000000002,14.340000000000003,8.741875,11.45125,26.70205124999999
2026-09-16T18:40:00.000Z,MCT2408053,15.263333,74.110833,37.8125,203.60218749999999,639.25,91.09548999999998,13.453125000000004,23.008124999999996,4.590000000000002,15.070625000000003,9.586250000000001,11.7125,26.716127500000002
2026-09-16T18:50:00.000Z,MCT2408053,15.263333,74.110833,37.75,206.9355375,632.3125,90.94385562500003,14.739374999999999,24.4875,4.82,16.771875,10.9975,11.977500000000001,26.712104375
2026-09-16T19:00:00.000Z,MCT2408053,15.263333,74.110833,37,198.58741250000006,596.375,91.05114312500001,11.979375000000001,22.984999999999996,4.705000000000001,16.225625000000004,10.645000000000003,11.95,26.670540625000005
2026-09-16T19:08:04.455Z,MCT2408053,15.263333,74.110833,36.38461538461539,204.15626153846156,609.0769230769231,91.14566846153845,12.683076923076925,25.254615384615384,4.802307692307692,16.605384615384615,10.845384615384615,11.708461538461538,26.64249384615385
2026-09-16T18:30:00.000Z,MCT2408052,15.444425,74.063856,26.5625,160,742.8125,85.67098937500002,3.50245625,8,6.834374999999999,18.8125,8.718125,2,27.877789375
2026-09-16T18:40:00.000Z,MCT2408052,15.444425,74.063856,39.1875,160,724.1875,85.87745999999999,3.557324875,8,17.16375,45.344375,19.978125000000002,2,27.8503075
2026-09-16T18:50:00.000Z,MCT2408052,15.444425,74.063856,43.375,160,731,86.02813999999998,3.536052875,8,20.259374999999995,53.620625000000004,23.666250000000005,2,27.826845625
2026-09-16T19:00:00.000Z,MCT2408052,15.444425,74.063856,33.375,160,705.75,86.038155,3.5162720625,8,13.06625,34.309375,14.99375,2,27.827518124999997
2026-09-16T19:08:04.457Z,MCT2408052,15.444425,74.063856,31.384615384615383,160,739.8461538461538,85.96120076923074,3.5012687692307694,8,11.552307692307693,31.113846153846154,14.020000000000001,2,27.848658461538466
2026-09-16T18:30:00.000Z,MCT2408021,15.500556,74.053333,50.8125,375,527.9375,85.2837975,22.081874999999997,15.052889999999996,3.511249999999999,11.249374999999997,7.260624999999999,4.133125000000001,27.704174375000004
2026-09-16T18:40:00.000Z,MCT2408021,15.500556,74.053333,50.5,375,521.375,85.15934437500002,21.986250000000005,15.051748749999998,4.46625,13.967499999999998,8.928749999999999,4.19625,27.724954999999994
2026-09-16T18:50:00.000Z,MCT2408021,15.500556,74.053333,50.625,375,515.4375,85.34912375,22.0225,15.052889999999998,3.839374999999999,12.715625000000001,8.422500000000001,4.203125,27.652560000000005
2026-09-16T19:00:00.000Z,MCT2408021,15.500556,74.053333,50.625,375,520,85.27759875,21.980625000000003,15.098864999999998,3.631249999999999,11.630625000000002,7.49875,4.151249999999999,27.642506249999993
2026-09-16T19:08:04.464Z,MCT2408021,15.500556,74.053333,50.166666666666664,375,515.5,85.53302416666668,21.73166666666667,14.993199166666665,2.938333333333333,9.384166666666665,5.909999999999999,4.2524999999999995,27.641165000000004
2026-09-16T18:30:00.000Z,MCT2408043,15.221111,74.087222,38.266666666666666,155.6966666666667,604.2,85.183472,14.172666666666668,10.398666666666665,10.723333333333334,33.13066666666667,17.591333333333335,5.290000000000001,27.910367333333333
2026-09-16T18:40:00.000Z,MCT2408043,15.221111,74.087222,39.9375,164.05187499999997,603.25,85.444014375,14.175,10.21375,11.793125000000002,36.693749999999994,19.538125,5.290000000000001,27.8596925
2026-09-16T18:50:00.000Z,MCT2408043,15.221111,74.087222,40.1875,163.796875,611.125,85.64953249999998,14.184999999999997,10.286249999999999,12.505625000000002,38.46375,20.098124999999996,5.290000000000001,27.790646875
2026-09-16T19:00:00.000Z,MCT2408043,15.221111,74.087222,37.8125,171.249375,612.5625,85.78352374999999,14.163125,10.278749999999999,10.527499999999998,33.47375,18.334999999999997,5.290000000000001,27.696801250000004
2026-09-16T19:08:04.466Z,MCT2408043,15.221111,74.087222,37.75,169.27,601.1666666666666,86.12048916666667,14.229999999999999,10.253333333333332,10.765,33.90416666666667,18.360833333333336,5.29,27.600053333333335
2026-09-16T18:30:00.000Z,MCT2408051,15.486528,74.033889,52.5625,369.81624999999997,615.5625,97.24621499999998,22.451874999999998,5.1899999999999995,3.8849999999999993,12.584999999999999,6.8475,4.39,26.271035625
2026-09-16T18:40:00.000Z,MCT2408051,15.486528,74.033889,52.5625,365.056875,617.8125,97.15513624999998,22.451874999999998,5.1899999999999995,4.039999999999999,13.088750000000003,7.196249999999999,4.39,26.188585625
2026-09-16T18:50:00.000Z,MCT2408051,15.486528,74.033889,52.4375,365.20000000000005,616.6875,97.3620825,22.375,5.1899999999999995,3.885,12.662500000000001,6.925624999999998,4.39,26.110826249999995
2026-09-16T19:00:00.000Z,MCT2408051,15.486528,74.033889,52.375,364.055625,606.625,97.43551500000002,22.38125,5.1899999999999995,4.234375000000001,13.631874999999996,7.546875,4.39,26.075969374999993
2026-09-16T19:08:04.480Z,MCT2408051,15.486528,74.033889,52,361.9433333333333,601.4166666666666,97.53596749999998,22.12,5.1899999999999995,4.298333333333334,14.136666666666665,7.986666666666667,4.39,26.065466666666676
2026-09-16T18:30:00.000Z,MCT2408029,15.333611,74.206944,15.5,120,763.375,89.69549500000002,5.150625,8.883750000000001,3.6037500000000002,11.776875,6.691250000000001,3.5,27.315393125000003
2026-09-16T18:40:00.000Z,MCT2408029,15.333611,74.206944,15.6875,120,761.3125,89.74937875,5.792499999999999,8.385625000000001,3.7881250000000004,12.101874999999998,6.875625,3.6331249999999997,27.260428125000008
2026-09-16T18:50:00.000Z,MCT2408029,15.333611,74.206944,14.625,120,761.75,89.86429562500001,3.9799999999999995,8.675625000000002,4.19375,13.184374999999998,7.465000000000002,3.59,27.206126250000004
2026-09-16T19:00:00.000Z,MCT2408029,15.333611,74.206944,15.3125,120,777.9375,90.05598375000001,4.230625000000001,9.091249999999999,4.156874999999999,13.29375,7.61125,3.6450000000000005,27.183336875000002
2026-09-16T19:08:04.721Z,MCT2408029,15.333611,74.206944,15.916666666666666,120,773.1666666666666,90.11002666666667,4.698333333333333,7.783333333333335,4.854166666666667,15.413333333333332,8.871666666666664,3.5,27.1781975
2026-09-16T18:30:00.000Z,MCT2408030,15.142519,74.075003,32.8125,163.1663875,465.8125,81.41140250000001,8.84875,6.200000000000002,9.370000000000001,24.639999999999993,12.31,4.829999999999999,27.644516250000006
2026-09-16T18:40:00.000Z,MCT2408030,15.142519,74.075003,32,163,467.93333333333334,81.48932066666666,8.962,6.200000000000002,9.370000000000001,24.639999999999993,12.31,4.792,27.596477999999998
2026-09-16T18:50:00.000Z,MCT2408030,15.142519,74.075003,32,163.49108750000002,472.125,81.51678749999999,8.705,6.200000000000002,9.370000000000001,24.639999999999993,12.31,4.876875,27.577486249999996
2026-09-16T19:00:00.000Z,MCT2408030,15.142519,74.075003,32,163.87304375,471.5625,81.53109,8.99,6.200000000000002,9.370000000000001,24.639999999999993,12.31,4.910625,27.5687725
2026-09-16T19:08:04.714Z,MCT2408030,15.142519,74.075003,32,163.0334230769231,473.46153846153845,81.53967000000002,9.23,6.200000000000002,9.370000000000001,24.639999999999993,12.31,4.797692307692308,27.597026923076918
2026-09-16T18:30:00.000Z,MCT2408050,15.553611,73.958333,27.625,86.02999999999999,561.4375,90.9858175,11.1475,4.225625,4.293125000000001,13.363749999999998,7.171874999999999,2.234375,26.899124374999992
2026-09-16T18:40:00.000Z,MCT2408050,15.553611,73.958333,32.4375,86.02999999999999,538.6875,91.1946725,11.093125,4.4375,7.581875000000001,23.721874999999997,12.705625,2.4749999999999996,26.88571749999999
2026-09-16T18:50:00.000Z,MCT2408050,15.553611,73.958333,29.4375,86.02999999999999,546.0625,91.37873187500001,11.166250000000003,4.275625,6.09875,18.998125,10.102500000000001,2.40625,26.884376250000003
2026-09-16T19:00:00.000Z,MCT2408050,15.553611,73.958333,28.875,86.02999999999999,566.1875,91.46360625000003,11.15375,4.278125,5.780625,18.298750000000005,9.784375,2.4118749999999998,26.909178125000004
2026-09-16T19:08:04.713Z,MCT2408050,15.553611,73.958333,28.076923076923077,86.02999999999999,572.0769230769231,91.40624076923076,11.061538461538463,4.350769230769231,5.678461538461539,17.57,9.15923076923077,2.3969230769230774,26.92299615384615
2026-09-16T18:30:00.000Z,MCT2408034,15.356389,74.123611,35.64,180,490.4,76.93304400000001,6.176000000000003,4.2936,7.981599999999998,26.034000000000002,14.3264,1.1811999999999998,30.496828400000005
2026-09-16T18:40:00.000Z,MCT2408034,15.356389,74.123611,33.64,180,490.84,76.64984040000003,6.234800000000003,4.5492,7.0716,22.396399999999993,12.2276,1.2127999999999997,30.513128799999993
2026-09-16T18:50:00.000Z,MCT2408034,15.356389,74.123611,33.64,180.066116,490.52,76.39135720000002,6.150000000000002,4.344,6.925999999999999,22.209199999999996,12.264799999999997,1.2567999999999997,30.528145599999988
2026-09-16T19:00:00.000Z,MCT2408034,15.356389,74.123611,33.88,180.015096,483.72,76.05963079999998,6.169600000000003,3.832,7.509599999999998,23.934399999999997,13.014000000000001,1.2939999999999998,30.603655200000006
2026-09-16T19:08:04.713Z,MCT2408034,15.356389,74.123611,37.7,180,491.55,76.23152100000001,6.231500000000001,4.236,9.841999999999995,31.183500000000002,16.83,1.1859999999999997,30.627035500000005
2026-09-16T18:30:00.000Z,MCT2408023,15.499722,74.020833,39.266666666666666,218.69733333333335,489.73333333333335,91.10540800000004,9.304666666666666,19.91066666666667,7.264666666666666,25.415333333333333,16.916666666666664,4.512666666666667,26.689132666666662
2026-09-16T18:40:00.000Z,MCT2408023,15.499722,74.020833,37.25,213.18375000000003,498.5,91.24521625000001,9.335624999999999,19.290624999999995,6.733750000000001,22.559375,14.771875000000001,4.356875,26.5405025
2026-09-16T18:50:00.000Z,MCT2408023,15.499722,74.020833,36.6875,221.15312500000002,494.0625,91.667693125,9.210625,19.315,6.8125,23.192500000000003,15.315624999999999,4.409375,26.371583125
2026-09-16T19:00:00.000Z,MCT2408023,15.499722,74.020833,38.5625,222.611875,487.5,91.91755750000002,8.785625,20.193125,7.445,25.96375,17.400000000000002,4.026875,26.275728125000004
2026-09-16T19:08:04.728Z,MCT2408023,15.499722,74.020833,39.38461538461539,221.47307692307692,485.61538461538464,92.0165923076923,8.47307692307692,20.874615384615385,8.38153846153846,28.44769230769231,18.626923076923074,4.026923076923078,26.288566923076925
2026-09-16T18:30:00.000Z,MCT2408040,15.528056,74.020833,18.5625,100,452.0625,87.39809375,7.683125,4.61,3.07,8.42,3.7299999999999986,3.5,27.567431249999995
2026-09-16T18:40:00.000Z,MCT2408040,15.528056,74.020833,18.625,100,460,87.68848875000002,7.690000000000001,4.644375,3.07,8.42,3.7299999999999986,3.5,27.466214374999996
2026-09-16T18:50:00.000Z,MCT2408040,15.528056,74.020833,18.4375,100,460.6875,87.762875625,7.511875,4.6293750000000005,3.07,8.42,3.7299999999999986,3.5,27.470235624999997
2026-09-16T19:00:00.000Z,MCT2408040,15.528056,74.020833,18.5625,100,466.75,87.78910125,7.7125,4.64,3.07,8.42,3.7299999999999986,3.5,27.482970625
2026-09-16T19:08:04.974Z,MCT2408040,15.528056,74.020833,18.53846153846154,100,472.0769230769231,87.95012461538462,7.683076923076925,4.659230769230769,3.07,8.42,3.729999999999999,3.5,27.489776923076914
2026-09-16T18:30:00.000Z,MCT2408049,15.475278,74.055833,56.8125,150,468.8125,86.03338749999999,24.386250000000004,16.205625,5.176249999999999,15.511875000000002,8.055625000000001,2.61,27.889856250000005
2026-09-16T18:40:00.000Z,MCT2408049,15.475278,74.055833,56.714285714285715,153.79294285714286,471.92857142857144,85.65573214285716,24.152142857142856,16.630000000000003,5.5878571428571435,16.689285714285713,8.770000000000001,2.61,27.995095714285714
2026-09-16T18:50:00.000Z,MCT2408049,15.475278,74.055833,56.5,150.85354999999998,467,85.32575937499999,24.184375000000003,15.344375,5.463749999999999,16.18125,8.440000000000001,2.61,27.980348124999995
2026-09-16T19:00:00.000Z,MCT2408049,15.475278,74.055833,56.53333333333333,150.00281333333334,467.8,85.35996533333334,24.113999999999994,16.034,5.265333333333333,15.524666666666667,7.979333333333333,2.61,27.881767333333336
2026-09-16T19:08:04.977Z,MCT2408049,15.475278,74.055833,56.61538461538461,150,471.3076923076923,85.63196307692307,24.11538461538462,14.436923076923076,5.1923076923076925,14.965384615384616,7.497692307692308,2.61,27.820606923076923
2026-09-16T18:30:00.000Z,MCT2408044,15.313669,74.140042,25.9375,214.29,481.6875,94.54111375000001,11.00375,3.34625,5.028124999999999,14.375,8.818749999999998,2.9657051875,25.885601249999993
2026-09-16T18:40:00.000Z,MCT2408044,15.313669,74.140042,25.8125,214.29,474.3125,94.68368937500003,10.997499999999999,3.4875,4.45375,12.46875,7.603749999999997,3.2265223749999996,25.825942500000004
2026-09-16T18:50:00.000Z,MCT2408044,15.313669,74.140042,26,214.29,472.8125,94.70371750000001,10.988125,3.34625,4.166249999999999,11.6875,7.0975,3.4055288750000003,25.826613750000003
2026-09-16T19:00:00.000Z,MCT2408044,15.313669,74.140042,26,214.29,470.875,94.72422250000002,11.019375,3.3525,4.129999999999999,11.625,7.063750000000001,3.5078525000000003,25.833986875000004
2026-09-16T19:08:04.977Z,MCT2408044,15.313669,74.140042,25.923076923076923,214.29,475.2307692307692,94.76434846153848,10.91230769230769,3.3669230769230767,4.287692307692307,12.153846153846153,7.486923076923078,3.278599538461538,25.857913846153842
2026-09-16T18:30:00.000Z,MCT2408027,15.275556,74.1075,43.4375,1187.428125,602.5625,88.08855312499998,6.579999999999999,12.848124999999996,10.293125000000002,31.85,17.231875000000002,2.9500000000000006,27.383093749999997
2026-09-16T18:40:00.000Z,MCT2408027,15.275556,74.1075,42.25,1197.8593749999998,590.4375,88.27881312499997,6.579999999999999,12.661874999999998,10.109375,30.988125,16.552500000000002,2.9500000000000006,27.348909999999993
2026-09-16T18:50:00.000Z,MCT2408027,15.275556,74.1075,38.75,1199.9656249999998,584.125,88.46907,6.579999999999999,12.493124999999997,8.013750000000002,25.382499999999997,14.081249999999999,2.9500000000000006,27.359633750000004
2026-09-16T19:00:00.000Z,MCT2408027,15.275556,74.1075,38,1196.7331250000002,557.5625,88.49386437499999,6.579999999999999,12.586249999999998,8.321874999999999,25.074375000000003,13.27875,2.9500000000000006,27.367680000000004
2026-09-16T19:08:04.976Z,MCT2408027,15.275556,74.1075,39.23076923076923,1194.4715384615388,587.1538461538462,88.43781769230766,6.579999999999999,12.769230769230766,9.331538461538461,28.05384615384616,14.896923076923079,2.95,27.362727692307693
2026-09-16T18:30:00.000Z,MCT2408046,15.529167,74.07,31.2,95.52,587.52,83.17510959999998,13.646399999999998,0.5971999999999998,5.060000000000001,13.8628,6.424000000000002,3.264000000000001,28.49552959999999
2026-09-16T18:40:00.000Z,MCT2408046,15.529167,74.07,31.08,95.52,622.64,83.0698244,13.570799999999997,0.6303999999999998,5.060000000000001,13.8628,6.351200000000002,3.3563999999999994,28.488665599999994
2026-09-16T18:50:00.000Z,MCT2408046,15.529167,74.07,31.24,95.52,652.92,83.1442864,13.649200000000002,0.6559999999999999,5.060000000000001,13.6852,6.2188,3.3612,28.461210799999993
2026-09-16T19:00:00.000Z,MCT2408046,15.529167,74.07,31.08,95.52,608.88,83.32311960000001,13.526400000000002,0.5684,5.8424000000000005,16.886400000000002,8.129199999999999,3.3768000000000002,28.432894799999996
2026-09-16T19:08:04.999Z,MCT2408046,15.529167,74.07,31.25,95.52,641.65,83.356231,13.710500000000001,0.634,7.365000000000002,22.108999999999998,10.9485,3.4259999999999997,28.390316499999994
2026-09-16T18:30:00.000Z,MCT2408037,15.394444,74.118333,27.4375,160,485.375,85.28474999999999,10.283125,14.381875,5.667500000000001,20.135624999999997,10.396875,3.38375,27.237635
2026-09-16T18:40:00.000Z,MCT2408037,15.394444,74.118333,27.375,160,481.4375,85.32146687499998,10.50875,14.430625,5.900625000000001,21.10875,10.95875,3.5275000000000003,27.28187812499999
2026-09-16T18:50:00.000Z,MCT2408037,15.394444,74.118333,27.3125,160,499.4375,85.45498312499998,10.54875,14.423125000000002,5.714375000000001,21.670624999999994,11.755625000000002,3.559375,27.271153124999998
2026-09-16T19:00:00.000Z,MCT2408037,15.394444,74.118333,28.75,160,501.5,85.21274750000002,10.403749999999999,14.403125000000001,7.200000000000001,25.246875000000003,12.833750000000002,3.5812500000000007,27.346897500000004
2026-09-16T19:08:05.222Z,MCT2408037,15.394444,74.118333,28.153846153846153,160,502.46153846153845,85.1507246153846,10.372307692307693,14.394615384615387,6.975384615384616,24.53307692307692,12.451538461538462,3.459230769230769,27.43697538461538
2026-09-16T18:30:00.000Z,MCT2408042,15.213889,74.071667,60.8,238.06666666666672,465.73333333333335,87.32885733333336,25.736,14.147333333333332,10.373999999999999,30.887333333333338,16.036,2.8826666666666663,27.655108
2026-09-16T18:40:00.000Z,MCT2408042,15.213889,74.071667,60.75,239.60062500000004,477.3125,87.39189375000001,25.636875,13.750000000000002,9.554999999999998,27.930625000000003,14.351874999999998,3.2056249999999995,27.577484375
2026-09-16T18:50:00.000Z,MCT2408042,15.213889,74.071667,60.6875,248.33749999999998,468.375,87.46580250000002,25.476875,13.885,7.905625,23.711874999999996,12.471875,3.176875,27.49436625
2026-09-16T19:00:00.000Z,MCT2408042,15.213889,74.071667,61,253.02625,466,87.50776749999999,25.90125,13.823124999999997,6.768125,20.178124999999998,10.589375000000002,3.0925,27.419291250000004
2026-09-16T19:08:05.237Z,MCT2408042,15.213889,74.071667,60.92307692307692,250.51769230769227,458.3076923076923,87.7482392307692,26.028461538461535,14.209999999999999,5.6,17.39846153846154,9.18,2.990769230769231,27.385826153846153
2026-09-16T18:30:00.000Z,MCT2408041,15.224628,74.171389,31.25,411.95577499999996,495.1875,87.09291937500001,13.58625,9.7,8.090000000000002,22.325625000000006,10.967499999999998,7.950625,27.7014925
2026-09-16T18:40:00.000Z,MCT2408041,15.224628,74.171389,31.1875,413.82935625,501.5625,87.45436062499999,13.537500000000001,9.7,8.090000000000002,22.426875000000003,11.06875,7.9262500000000005,27.54464
2026-09-16T18:50:00.000Z,MCT2408041,15.224628,74.171389,31.3125,412.02473749999996,499.5625,87.90306375,13.607500000000003,9.7,8.090000000000002,22.426875000000003,11.068125,7.900625,27.476268749999996
2026-09-16T19:00:00.000Z,MCT2408041,15.224628,74.171389,31.3125,412.0285124999999,505.625,87.94788625000001,13.5625,9.7,8.090000000000002,22.477500000000003,11.12,7.85375,27.436049999999994
2026-09-16T19:08:05.244Z,MCT2408041,15.224628,74.171389,31.307692307692307,394.5659461538462,524.3846153846154,88.07571538461539,13.596923076923076,9.700000000000001,8.090000000000002,23.61461538461539,12.254615384615382,7.865384615384617,27.41717769230769
2026-09-16T18:30:00.000Z,MCT2408033,15.346944,74.007778,19.625,110.0147125,535.5625,88.3512925,7.732499999999999,3.685625,5.3762500000000015,13.750625000000003,8.346874999999999,4.39,27.285229374999993
2026-09-16T18:40:00.000Z,MCT2408033,15.346944,74.007778,19.8125,110.3675,542.625,88.563008125,7.813750000000001,3.6774999999999998,4.583125,11.69875,7.13375,4.39,27.253724375000004
2026-09-16T18:50:00.000Z,MCT2408033,15.346944,74.007778,19.375,110.01843125,543,88.58112875000002,7.5975,3.7512499999999998,4.127500000000001,11.024999999999999,6.912500000000001,4.39,27.267129999999998
2026-09-16T19:00:00.000Z,MCT2408033,15.346944,74.007778,19.75,110,543.9375,88.53535125,7.9,3.569375,3.939375000000001,10.5125,6.506874999999999,4.39,27.312042500000008
2026-09-16T19:08:05.250Z,MCT2408033,15.346944,74.007778,19.833333333333332,110.31459166666666,539.0833333333334,88.64772666666668,7.753333333333334,3.76,3.485833333333334,9.444999999999999,5.929166666666667,4.39,27.308690000000002
2026-09-16T18:40:00.000Z,MCT2408024,15.148056,74.131667,45.458333333333336,199.80730416666665,699.25,84.37303875,20.7362925,17.585075458333325,8.240000000000002,25.610833333333343,14.031666666666672,2.615833333333334,27.14870541666667
2026-09-16T18:50:00.000Z,MCT2408024,15.148056,74.131667,42.76,198.05667199999996,692.84,82.63708560000003,18.430622399999997,6.022510960000002,7.990000000000001,24.907200000000007,13.670000000000005,2.5504,27.7173148
2026-09-16T19:00:00.000Z,MCT2408024,15.148056,74.131667,42.48,197.48436399999994,721.56,81.76947000000001,18.2556988,6.464646720000001,8.07,25.067200000000007,13.790000000000004,2.5351999999999997,27.96485240000001
2026-09-16T19:08:05.254Z,MCT2408024,15.148056,74.131667,42.4,199.386775,730.5,81.5720975,18.199276500000003,6.060606300000002,7.640000000000001,24.238500000000005,13.490000000000004,2.5055000000000005,27.979545
2026-09-16T18:30:00.000Z,MCT2408045,15.619444,73.878889,25.25,178.11999999999995,620.125,85.390135,10.504999999999999,15.856249999999998,3.020000000000001,10.163124999999997,4.98125,2.5300000000000002,27.462193125000006
2026-09-16T18:40:00.000Z,MCT2408045,15.619444,73.878889,25.3125,178.11999999999995,624.0625,85.4263725,10.459375000000001,15.74625,3.020000000000001,10.27,5.086875,2.5300000000000002,27.442749999999993
2026-09-16T18:50:00.000Z,MCT2408045,15.619444,73.878889,25.0625,178.11999999999995,623.9375,85.40014749999999,10.341875,15.958749999999998,3.020000000000001,10.34125,5.158125000000001,2.5300000000000002,27.442749999999993
2026-09-16T19:00:00.000Z,MCT2408045,15.619444,73.878889,25.1875,178.11999999999995,624.25,85.39585499999998,10.458750000000002,15.896875000000001,3.020000000000001,10.1275,4.946249999999999,2.5300000000000002,27.459509375
2026-09-16T19:08:05.468Z,MCT2408045,15.619444,73.878889,24.692307692307693,178.11999999999995,624,85.44064153846153,10.059230769230767,15.805384615384613,3.0200000000000005,10.27,5.087692307692308,2.5300000000000002,27.44522538461538
2026-09-16T18:30:00.000Z,MCT2408032,15.525556,73.828611,36.88,178.92999999999995,422.64,67.09204079999999,14.504800000000007,19.0732,7.120000000000002,20.9908,10.987600000000002,3.1015999999999995,34.021950800000006
2026-09-16T18:40:00.000Z,MCT2408032,15.525556,73.828611,36,179.21559999999994,425.88,67.0496216,15.108000000000006,19.475599999999996,7.120000000000002,19.0012,9.004400000000002,3.1460000000000004,34.01852000000001
2026-09-16T18:50:00.000Z,MCT2408032,15.525556,73.828611,36.04,183.8692,443.08,67.20403999999999,15.198400000000007,19.510799999999996,7.120000000000002,19.39880000000001,9.400799999999998,3.264000000000001,33.9820544
2026-09-16T19:00:00.000Z,MCT2408032,15.525556,73.828611,35.52,182.28000000000003,441.12,67.23761080000001,14.663600000000004,19.576799999999995,7.120000000000002,20.1376,10.137600000000003,3.1952000000000003,34.02581239999999
2026-09-16T19:08:05.492Z,MCT2408032,15.525556,73.828611,36.04761904761905,179.76952380952375,440.6666666666667,66.99005333333334,14.685714285714287,19.46238095238095,7.120000000000002,21.603333333333325,11.597619047619052,3.0214285714285714,34.13061476190476
2026-09-16T18:30:00.000Z,MCT2408022,15.475833,74.038889,30.75,150,432.75,89.111846875,3.7024999999999997,11.818587500000001,6.5,20.8125,11.25,4.23008875,26.991628125
2026-09-16T18:40:00.000Z,MCT2408022,15.475833,74.038889,32.5,150,435.1875,89.16525375000002,3.60375,11.838604375000001,7.9375,24.5625,13.375,4.241740625,26.977550625
2026-09-16T18:50:00.000Z,MCT2408022,15.475833,74.038889,33.2,150,438,89.08921133333332,3.5833333333333335,11.791030666666668,8.4,26.066666666666666,14.266666666666667,4.233510533333334,26.948682
2026-09-16T19:00:00.000Z,MCT2408022,15.475833,74.038889,33.1875,150,438.75,89.164775625,3.71,11.79430125,8.625,26.9375,14.6875,4.2462115625,26.920573749999996
2026-09-16T19:08:05.491Z,MCT2408022,15.475833,74.038889,33.76923076923077,150,440.3076923076923,89.1778723076923,3.526923076923077,11.873724615384615,9.307692307692308,28.23076923076923,15.076923076923077,4.264908307692307,26.923822307692305
2026-09-16T18:30:00.000Z,MCT2408036,15.171567,74.067106,69.625,144.7544625,628.375,85.06731500000001,17.53125,14.8125,2.6299999999999994,7.66375,4.11375,33.27375,27.74975625
2026-09-16T18:40:00.000Z,MCT2408036,15.171567,74.067106,75.4,230.15052,584.2,82.66577199999999,13.978,13.09,2.63,7.6,4.05,50.42,28.476653999999996
2026-09-16T18:50:00.000Z,MCT2408036,15.171567,74.067106,57.166666666666664,129.39308333333332,641.3333333333334,83.084625,10.683333333333332,12.75,2.6299999999999994,7.853333333333333,4.303333333333334,22.471666666666664,28.311485
2026-09-16T19:00:00.000Z,MCT2408036,15.171567,74.067106,71.6,174.99296,620.8,83.28528000000001,20.380000000000003,14.192000000000002,2.63,7.6,4.05,35.870000000000005,28.270726000000003
2026-09-16T19:08:05.501Z,MCT2408036,15.171567,74.067106,89.25,201.52091249999998,598.625,82.6335375,16.48625,13.03875,2.6299999999999994,7.9175,4.3687499999999995,96.82374999999999,28.434825
2026-09-16T18:30:00.000Z,MCT2408031,15.290833,74.149167,27.0625,144.10919374999997,592.6875,86.519281875,7.0151498750000005,7.621053750000001,7.768750000000001,20.43375,11.21875,4.489375000000001,26.649091875000003
2026-09-16T18:40:00.000Z,MCT2408031,15.290833,74.149167,26.125,146.84588125,597.5,86.52500687499999,7.158335062500001,8.082017625,7.7993749999999995,20.542500000000004,11.338750000000001,4.516875,26.673224375000004
2026-09-16T18:50:00.000Z,MCT2408031,15.290833,74.149167,25.4375,140.93345625,592,86.57888500000003,7.15160475,7.88834675,8.068124999999998,21.193125000000006,11.724375000000002,4.653125,26.665850625000004
2026-09-16T19:00:00.000Z,MCT2408031,15.290833,74.149167,24,147.15473125,594.375,86.714785,7.175754812499999,7.933122875,7.6499999999999995,20.270625000000003,11.219999999999999,4.529374999999999,26.677244374999994
2026-09-16T19:08:05.501Z,MCT2408031,15.290833,74.149167,22.76923076923077,149.68196153846154,593.5384615384615,86.68775,6.95880976923077,8.840766538461539,7.06923076923077,18.596923076923073,10.110000000000001,4.792307692307691,26.67631692307693
2026-09-16T18:30:00.000Z,MCT2408035,15.236111,74.125,44.4375,190,726.625,86.722416875,16.863720625,6.9399999999999995,3.799999999999999,10.19,4.909999999999998,3.8299999999999987,27.588210625
2026-09-16T18:40:00.000Z,MCT2408035,15.236111,74.125,44.875,190,731.75,87.07432187500001,17.388041875,7.269374999999999,3.799999999999999,10.19,4.909999999999998,3.8299999999999987,27.474928125
2026-09-16T18:50:00.000Z,MCT2408035,15.236111,74.125,45,190,744.125,87.31274000000002,17.407805625,7.453749999999999,3.799999999999999,10.401874999999999,5.119999999999999,3.8299999999999987,27.416611875000005
2026-09-16T19:00:00.000Z,MCT2408035,15.236111,74.125,45,190,749.25,87.4042925,17.37816,7.53875,3.799999999999999,11.037499999999998,5.75625,3.8299999999999987,27.376391249999998
2026-09-16T19:08:05.715Z,MCT2408035,15.236111,74.125,45.69230769230769,190,754.8461538461538,87.51231615384617,17.97590230769231,7.547692307692307,3.7999999999999994,10.19,4.909999999999998,3.8299999999999987,27.31652692307693
2026-09-16T18:30:00.000Z,MCT2408038,15.188889,74.055556,26,323.49062499999997,739.25,83.45035812499998,8.722499999999998,13.330000000000005,5.950000000000002,16.900000000000002,7.939999999999999,4.676875000000001,28.237748125
2026-09-16T18:40:00.000Z,MCT2408038,15.188889,74.055556,26,340.19125,753.8125,83.54811125,8.540624999999999,13.330000000000005,5.950000000000002,16.900000000000002,7.939999999999999,4.695,28.109719374999997
2026-09-16T18:50:00.000Z,MCT2408038,15.188889,74.055556,26,332.8331250000001,756.5625,83.96438937500001,8.746875,13.330000000000005,5.950000000000002,16.900000000000002,7.939999999999999,4.671249999999999,28.023919375
2026-09-16T19:00:00.000Z,MCT2408038,15.188889,74.055556,26,343.03875000000005,757.4375,83.97535812500001,8.428749999999999,13.330000000000005,5.950000000000002,16.900000000000002,7.939999999999999,4.711874999999999,28.041345625000005
2026-09-16T19:08:05.741Z,MCT2408038,15.188889,74.055556,25.916666666666668,357.6766666666667,752.5,83.5385725,8.909999999999998,13.330000000000004,5.950000000000002,16.900000000000002,7.939999999999999,4.711666666666666,28.15686333333333
2026-09-16T18:30:00.000Z,MCT2408039,15.163611,74.110833,37.75,274.0575,601.0625,85.95471,14.20875,10.3,9.019999999999998,28.94,11.759999999999998,2.3,27.334161875
2026-09-16T18:40:00.000Z,MCT2408039,15.163611,74.110833,37,288.30875000000003,592.5,86.02956937500002,13.229375,10.3,9.019999999999998,28.94,11.759999999999998,2.3,27.265118750000003
2026-09-16T18:50:00.000Z,MCT2408039,15.163611,74.110833,37,295.92687500000005,602.8125,85.95709,14.7625,10.3,9.019999999999998,28.94,11.759999999999998,2.3,27.151163125000007
2026-09-16T19:00:00.000Z,MCT2408039,15.163611,74.110833,37,298.65875,610.375,86.04101624999998,13.03125,10.3,9.019999999999998,28.94,11.759999999999998,2.3,27.024472499999998
2026-09-16T19:08:05.740Z,MCT2408039,15.163611,74.110833,36,291.07,593.7692307692307,86.28163538461537,12.916923076923077,10.299999999999999,9.019999999999998,28.94,11.76,2.3000000000000003,26.951873846153852
2026-09-16T18:30:00.000Z,MCT2408026,15.2467,74.198281,117,125,511.64,84.25848239999998,12.991537600000001,12.5,13.384,41.97280000000001,22.064,50.39,28.606640000000002
2026-09-16T18:40:00.000Z,MCT2408026,15.2467,74.198281,117,125,504.5833333333333,84.67217458333336,12.9444575,12.5,12.562083333333332,40.055,21.53791666666667,50.30625,28.46565916666667
2026-09-16T18:50:00.000Z,MCT2408026,15.2467,74.198281,117,125,501.76,84.56610040000001,13.108075199999998,12.5,9.830799999999998,31.567200000000007,17.1252,50.36600000000001,28.4208824
2026-09-16T19:00:00.000Z,MCT2408026,15.2467,74.198281,117,125,501.0416666666667,84.23221374999999,13.085028750000001,12.5,13.153750000000002,41.62583333333333,22.220000000000002,50.462500000000006,28.532243750000006
2026-09-16T19:08:05.748Z,MCT2408026,15.2467,74.198281,117,125,500.55,84.15197850000001,13.071866,12.5,10.776000000000002,34.429500000000004,18.516,50.45750000000001,28.5742495
2026-09-16T21:30:00.000Z,MCT2408028,15.186944,74.096667,44.23076923076923,481.6853846153846,538.6923076923077,90.03236230769231,19.583846153846157,11.56,5.5284615384615385,17.21,9.178461538461537,2.689230769230769,25.820786153846157
2026-09-16T21:40:00.000Z,MCT2408028,15.186944,74.096667,44.291666666666664,476.91125000000005,544.6666666666666,89.96697458333335,19.647916666666664,11.594166666666666,5.6983333333333315,17.940416666666668,9.65333333333333,2.682916666666666,25.83175208333333
2026-09-16T21:50:00.000Z,MCT2408028,15.186944,74.096667,44.12,473.25640000000004,546.12,89.90698280000001,19.484399999999997,11.56,5.389999999999999,16.784399999999994,9.027999999999997,2.5576000000000008,25.844283599999994
2026-09-16T22:00:00.000Z,MCT2408028,15.186944,74.096667,44.32,469.5932,547.32,89.96252439999995,19.690799999999996,11.56,5.589999999999999,18.098,9.943999999999996,2.778,25.8824644
2026-09-16T22:10:00.000Z,MCT2408028,15.186944,74.096667,44.28,465.6812000000001,542.68,90.06567159999999,19.649199999999997,11.56,5.789999999999999,18.41559999999999,9.863599999999998,2.6843999999999992,25.960113200000002
2026-09-16T22:20:00.000Z,MCT2408028,15.186944,74.096667,44.04,459.0280000000002,535.48,89.81146160000002,19.40199999999999,11.56,6.23,20.445199999999996,11.334799999999998,2.4748000000000006,26.005588000000007
2026-09-16T22:25:04.900Z,MCT2408028,15.186944,74.096667,44.30769230769231,457.7630769230769,528.3076923076923,89.8428,19.684615384615384,11.696923076923078,5.913076923076924,18.816923076923075,10.172307692307694,2.853846153846154,26.0179623076923
2026-09-16T21:30:00.000Z,MCT2408020,15.543475,74.039433,21.875,180,571.25,86.2784825,8.988504375,18.8575325,5.6850000000000005,17.01,8.47625,3.66,27.6787025
2026-09-16T21:40:00.000Z,MCT2408020,15.543475,74.039433,21.6875,180,563.5625,85.224670625,9.101384125000001,18.547854375,5.5699999999999985,16.249375,7.836875000000003,3.6599999999999984,28.069499375000007
2026-09-16T21:50:00.000Z,MCT2408020,15.543475,74.039433,21.5,180,568.25,82.10090937500001,9.044944124999999,18.535229375,5.5699999999999985,15.840000000000002,7.430000000000003,3.6599999999999984,28.837015625000003
2026-09-16T22:00:00.000Z,MCT2408020,15.543475,74.039433,21.1875,180,559.4375,85.23611437500001,8.868992375,18.505525000000002,5.5699999999999985,15.840000000000002,7.430000000000003,3.6599999999999984,27.91868
2026-09-16T22:10:00.000Z,MCT2408020,15.543475,74.039433,21.75,180,538,86.20075687500002,9.305555562499999,18.443589375,5.5699999999999985,15.840000000000002,7.430000000000003,3.6599999999999984,27.638483124999993
2026-09-16T22:20:00.000Z,MCT2408020,15.543475,74.039433,21.5,180,550.125,86.50497687500001,9.134025437499998,18.738713125000004,5.5699999999999985,15.840000000000002,7.430000000000003,3.6599999999999984,27.508443125000003
2026-09-16T22:25:04.927Z,MCT2408020,15.543475,74.039433,21.125,180,551.25,86.67520999999999,8.99292625,18.75386,5.57,15.840000000000002,7.43,3.66,27.4521375
2026-09-16T21:30:00.000Z,MCT2408057,15.272222,74.104722,28.916666666666668,332.60166666666663,485.1666666666667,85.3028725,12.314166666666665,8.955,5.065,14.75,7.796666666666667,1.985,28.033525
2026-09-16T21:40:00.000Z,MCT2408057,15.272222,74.104722,28.68,331.3396,488.76,85.5448,12.192399999999997,8.997599999999998,4.792399999999998,14.137199999999996,7.639199999999999,2.226,28.000457200000007
2026-09-16T21:50:00.000Z,MCT2408057,15.272222,74.104722,28.88,328.8936000000001,475.36,85.810914,12.394399999999997,9.089999999999996,4.577599999999999,13.548399999999999,7.285599999999997,2.0416,27.956270399999998
2026-09-16T22:00:00.000Z,MCT2408057,15.272222,74.104722,28.96,331.5712000000001,478.32,86.25402960000002,12.3924,9.081999999999999,4.767999999999998,14.022799999999997,7.5072,2.0452,27.854167199999996
2026-09-16T22:10:00.000Z,MCT2408057,15.272222,74.104722,28.84,331.4028000000001,471.88,86.44811920000001,12.380799999999997,9.012799999999997,4.363199999999999,12.800799999999999,6.819199999999999,2.1376000000000004,27.8254236
2026-09-16T22:20:00.000Z,MCT2408057,15.272222,74.104722,28.92,331.2216,479.36,86.5796508,12.376799999999996,9.043599999999998,4.2676,12.5504,6.6652,2.1571999999999996,27.82842640000001
2026-09-16T22:25:04.972Z,MCT2408057,15.272222,74.104722,29,336.10923076923075,470.15384615384613,86.54455615384616,12.422307692307694,9.110000000000001,3.209999999999999,9.56923076923077,5.107692307692307,2.1976923076923076,27.767803846153853
2026-09-16T21:30:00.000Z,MCT2408056,15.579167,73.920833,26,180,488.85714285714283,89.02628999999999,6.785714285714286,9,4.69,13.659999999999998,7.5,1.8028571428571432,27.243574285714285
2026-09-16T21:40:00.000Z,MCT2408056,15.579167,73.920833,25.3125,180,487.8125,89.239161875,6.737500000000001,9.1580108125,4.6899999999999995,13.659999999999998,7.5,2.2056250000000004,27.204787500000002
2026-09-16T21:50:00.000Z,MCT2408056,15.579167,73.920833,25,180,489.5625,89.31068874999997,6.606875,9.4514376875,4.6899999999999995,13.659999999999998,7.5,2.0487499999999996,27.159874999999996
2026-09-16T22:00:00.000Z,MCT2408056,15.579167,73.920833,25,180,494.375,89.3049675,6.594374999999999,9,4.6899999999999995,13.659999999999998,7.5,2.166875,27.127031249999995
2026-09-16T22:10:00.000Z,MCT2408056,15.579167,73.920833,24.9375,180,497.9375,89.46804437499999,6.577500000000001,9.594630187500002,4.6899999999999995,13.659999999999998,7.5,2.190625,27.137754999999995
2026-09-16T22:20:00.000Z,MCT2408056,15.579167,73.920833,24,180,501.75,89.412254375,6.7200000000000015,9.638496812500001,4.6899999999999995,13.659999999999998,7.5,2.1718750000000004,27.147139374999995
2026-09-16T22:25:04.997Z,MCT2408056,15.579167,73.920833,24,180,507.375,89.39413499999999,6.851249999999999,9.590375000000002,4.69,13.659999999999998,7.5,2.0824999999999996,27.131721250000002
2026-09-16T21:30:00.000Z,MCT2408055,15.585833,73.885556,66.125,105.66875,551,89.06226000000001,9.3275,5.07,3.5,7.89,3.41,20.295,26.708084999999997
2026-09-16T21:40:00.000Z,MCT2408055,15.585833,73.885556,66.875,108.66125000000002,573.875,89.16525312499999,9.390624999999998,5.095000000000001,3.5,7.89,3.4099999999999993,20.839375,26.69668437499999
2026-09-16T21:50:00.000Z,MCT2408055,15.585833,73.885556,66.75,106.81625,581.625,89.21198312500002,9.451249999999998,5.234999999999999,3.5,7.89,3.4099999999999993,20.738750000000003,26.702048750000003
2026-09-16T22:00:00.000Z,MCT2408055,15.585833,73.885556,66.6875,106.88937499999999,569.125,89.125674375,9.354999999999999,5.290000000000001,3.5,7.89,3.4099999999999993,20.688750000000002,26.761708749999997
2026-09-16T22:10:00.000Z,MCT2408055,15.585833,73.885556,66.8125,106.89937499999999,566.0625,89.17622187500001,9.40625,5.615,3.5,7.89,3.4099999999999993,20.78,26.750985624999995
2026-09-16T22:20:00.000Z,MCT2408055,15.585833,73.885556,66.5,105.48625,564.6875,89.17479124999997,9.614999999999998,5.754999999999999,3.5,7.89,3.4099999999999993,20.609375,26.775787500000007
2026-09-16T22:25:05.021Z,MCT2408055,15.585833,73.885556,66.625,104.33875,555.5,89.14427250000001,9.395,5.45,3.5,7.89,3.41,20.64,26.811311249999996
2026-09-16T21:30:00.000Z,MCT2408053,15.263333,74.110833,38.875,213.28405,653.625,90.71020499999999,13.94,26.056249999999995,5.28,18.595,12.26875,12.075,26.854212499999996
2026-09-16T21:40:00.000Z,MCT2408053,15.263333,74.110833,39.266666666666666,217.51351999999997,631.8666666666667,90.47420200000002,13.922,26.092666666666666,5.510000000000001,19.382,12.635333333333332,12.679999999999998,26.88147333333333
2026-09-16T21:50:00.000Z,MCT2408053,15.263333,74.110833,39.875,206.89893125,645.375,90.77362375,14.8825,26.686249999999994,6.084999999999999,20.723125,13.255624999999997,12.7825,26.89108125
2026-09-16T22:00:00.000Z,MCT2408053,15.263333,74.110833,40.8125,222.45495625,637.5625,91.29051624999998,15.641875,25.838749999999997,4.647500000000002,15.010000000000002,9.376875000000002,12.931875,26.791203749999998
2026-09-16T22:10:00.000Z,MCT2408053,15.263333,74.110833,38.9375,230.86219375,625.75,91.46790000000001,11.764375,25.27125,4.590000000000002,12.215624999999998,6.275625,12.70875,26.700709375
2026-09-16T22:20:00.000Z,MCT2408053,15.263333,74.110833,40.5625,232.5746,626.25,91.51462875,15.416250000000002,22.973124999999996,4.590000000000002,12.276249999999997,6.3462499999999995,12.639999999999997,26.605522499999996
2026-09-16T22:25:05.156Z,MCT2408053,15.263333,74.110833,40.5,231.95523749999998,613.5,91.58090999999999,15.8275,25.42375,4.59,11.791250000000002,5.78125,12.58125,26.557930000000002
2026-09-16T21:30:00.000Z,MCT2408052,15.444425,74.063856,25.285714285714285,160,745.4285714285714,88.78651,3.5495741428571432,8,8.074285714285713,22.12,10.207142857142857,2,27.631207142857143
2026-09-16T21:40:00.000Z,MCT2408052,15.444425,74.063856,24.25,160,754.8125,88.74706562500002,3.523552750000001,8,7.964375,21.465625000000003,9.708125,2,27.64183562499999
2026-09-16T21:50:00.000Z,MCT2408052,15.444425,74.063856,24.5625,160,751.5625,88.66886500000001,3.6026756875000006,8,7.9868749999999995,22.048125000000002,10.27,2,27.637813125000005
2026-09-16T22:00:00.000Z,MCT2408052,15.444425,74.063856,21.9375,160,740.3125,88.52772312500001,3.6004386875000005,8,6,16.573125,7.723749999999999,2,27.611671875000003
2026-09-16T22:10:00.000Z,MCT2408052,15.444425,74.063856,20.6875,160,739.1875,88.56014750000001,3.5741230625000004,8,5.4975000000000005,15.300625,7.161874999999999,2,27.572791874999997
2026-09-16T22:20:00.000Z,MCT2408052,15.444425,74.063856,32.25,160,703.125,88.63596500000003,3.5631141874999996,8,14.57,38.66375,17.106875,2,27.556036250000005
2026-09-16T22:25:05.186Z,MCT2408052,15.444425,74.063856,45.25,160,727.375,88.50054250000001,3.5317543749999993,8,24.542500000000004,64.4825,28.21875,2,27.532573749999997
2026-09-16T21:30:00.000Z,MCT2408021,15.500556,74.053333,49.5,375,507,86.70667875,21.22625,14.7281725,2.86,8.31625,4.821249999999999,4.327500000000001,27.4119175
2026-09-16T21:40:00.000Z,MCT2408021,15.500556,74.053333,49.3125,375,501.6875,86.698098125,21.118750000000002,14.650784374999999,2.86,7.445,3.8700000000000006,4.3843749999999995,27.31941625
2026-09-16T21:50:00.000Z,MCT2408021,15.500556,74.053333,49.6875,375,504,86.79298749999998,21.335000000000004,14.531987499999998,2.86,7.39,3.810000000000001,4.376875000000001,27.22154625
2026-09-16T22:00:00.000Z,MCT2408021,15.500556,74.053333,49.625,375,502.3125,86.888833125,21.246250000000003,14.518564375,2.86,7.39,3.810000000000001,4.365000000000001,27.151832500000005
2026-09-16T22:10:00.000Z,MCT2408021,15.500556,74.053333,49.375,375,507.875,86.825889375,21.124999999999996,14.548834375000002,2.86,7.39,3.810000000000001,4.3531249999999995,27.075416249999996
2026-09-16T22:20:00.000Z,MCT2408021,15.500556,74.053333,49.4375,375,507.125,86.584609375,21.139375000000005,14.360636875,2.86,7.39,3.810000000000001,4.389374999999999,27.083460000000006
2026-09-16T22:25:05.218Z,MCT2408021,15.500556,74.053333,49.5,375,508.375,86.50831749999999,21.18125,14.39634375,2.86,7.39,3.8099999999999996,4.38125,27.04324125
2026-09-16T21:30:00.000Z,MCT2408043,15.221111,74.087222,33,195.77875,633.25,85.81022875,14.1925,10.39125,7.9174999999999995,26.3925,14.41,5.29,27.162558750000002
2026-09-16T21:40:00.000Z,MCT2408043,15.221111,74.087222,33,193.41199999999998,631.3333333333334,86.10154333333331,14.229999999999997,10.451333333333334,8.446,27.466000000000005,15.02866666666667,5.290000000000001,27.189638666666664
2026-09-16T21:50:00.000Z,MCT2408043,15.221111,74.087222,33.125,194.3875,634.4375,86.41485562499999,14.225624999999997,10.313124999999998,9.263125,29.37,15.850000000000003,5.290000000000001,27.17596375
2026-09-16T22:00:00.000Z,MCT2408043,15.221111,74.087222,33,194.90312500000002,618.6875,86.659950625,14.247499999999997,10.291875,8.788749999999999,28.081875,15.210000000000003,5.290000000000001,27.140438125
2026-09-16T22:10:00.000Z,MCT2408043,15.221111,74.087222,33,196.84937500000004,624.5625,86.81492187500001,14.246249999999998,10.215,7.203124999999999,23.656875000000007,12.97,5.290000000000001,27.156525625000004
2026-09-16T22:20:00.000Z,MCT2408043,15.221111,74.087222,33,197.0453333333333,616.2666666666667,86.64679,14.239999999999998,10.239333333333331,6.329999999999999,20.083333333333332,11.018,5.290000000000001,27.21108733333333
2026-09-16T22:25:05.248Z,MCT2408043,15.221111,74.087222,33,199.67000000000002,601,86.54837375,14.225000000000001,10.38125,6.329999999999999,19.6325,10.57,5.29,27.224226250000005
2026-09-16T21:30:00.000Z,MCT2408051,15.486528,74.033889,52,332.17375000000004,524.375,93.01809625,22.10125,5.19,3.73,10.57,4.98,4.39,26.97352875
2026-09-16T21:40:00.000Z,MCT2408051,15.486528,74.033889,52.1875,334.52875,526.1875,92.59800249999998,22.218125,5.1899999999999995,3.7299999999999986,10.569999999999997,4.980000000000002,4.39,27.037879375000003
2026-09-16T21:50:00.000Z,MCT2408051,15.486528,74.033889,52,331.71062500000005,527.9375,92.16980374999997,22.110625000000002,5.1899999999999995,3.7299999999999986,10.569999999999997,4.980000000000002,4.39,27.03318625
2026-09-16T22:00:00.000Z,MCT2408051,15.486528,74.033889,51.75,328.70875,522.0625,92.16312874999998,21.9475,5.1899999999999995,3.7299999999999986,10.569999999999997,4.980000000000002,4.39,26.869629999999997
2026-09-16T22:10:00.000Z,MCT2408051,15.486528,74.033889,52.1875,329.80875000000003,515.9375,92.32334499999999,22.230625,5.1899999999999995,3.7299999999999986,10.569999999999997,4.980000000000002,4.39,26.811313125
2026-09-16T22:20:00.000Z,MCT2408051,15.486528,74.033889,51.9375,327.016875,526.5625,92.65284187499998,22.0675,5.1899999999999995,3.7299999999999986,10.569999999999997,4.980000000000002,4.39,26.714786250000003
2026-09-16T22:25:05.280Z,MCT2408051,15.486528,74.033889,51.75,326.52124999999995,524.875,92.85692624999999,21.94125,5.19,3.73,10.57,4.98,4.39,26.650434999999998
2026-09-16T21:30:00.000Z,MCT2408050,15.553611,73.958333,27.25,86.02999999999999,539,91.65624999999999,11.174999999999999,4.21,4.240000000000001,12.879999999999999,6.799999999999999,3.17375,26.6276425
2026-09-16T21:40:00.000Z,MCT2408050,15.553611,73.958333,27.6875,86.02999999999999,555,91.62239312499999,11.385000000000003,4.329375,4.240000000000001,12.879999999999997,6.799999999999998,3.2756250000000002,26.588093125000004
2026-09-16T21:50:00.000Z,MCT2408050,15.553611,73.958333,27.5625,86.02999999999999,528.4375,91.47552687499999,11.328750000000003,4.38875,4.240000000000001,12.879999999999997,6.799999999999998,3.2112500000000006,26.602171250000005
2026-09-16T22:00:00.000Z,MCT2408050,15.553611,73.958333,27.875,86.02999999999999,552.75,91.377298125,11.575000000000001,4.491875,4.240000000000001,12.879999999999997,6.799999999999998,3.2187500000000004,26.630995000000006
2026-09-16T22:10:00.000Z,MCT2408050,15.553611,73.958333,27.6875,86.02999999999999,545.6875,91.48887999999998,11.318750000000001,4.40375,4.240000000000001,12.879999999999997,6.799999999999998,3.2150000000000003,26.582731250000002
2026-09-16T22:20:00.000Z,MCT2408050,15.553611,73.958333,27.375,86.02999999999999,532.625,91.54324062499997,11.119375000000002,4.26375,4.240000000000001,12.879999999999997,6.799999999999998,3.2556249999999998,26.554578124999995
2026-09-16T22:25:05.401Z,MCT2408050,15.553611,73.958333,27.625,86.02999999999999,524.375,91.55992999999998,11.5225,4.165,4.240000000000001,12.879999999999999,6.799999999999999,3.1425000000000005,26.51368875
2026-09-16T21:30:00.000Z,MCT2408034,15.356389,74.123611,29.916666666666668,180,489.5833333333333,76.86222,6.190833333333334,3.8258333333333336,7.669166666666668,24.697499999999994,13.516666666666666,1.2208333333333334,30.564651666666663
2026-09-16T21:40:00.000Z,MCT2408034,15.356389,74.123611,29.24,180,487,76.96234040000002,6.150000000000002,4.136,7.471999999999998,23.522,12.7896,1.2988,30.4981152
2026-09-16T21:50:00.000Z,MCT2408034,15.356389,74.123611,29.56,180,485.72,77.01452480000003,6.208800000000001,4.184399999999999,7.471999999999998,24.1212,13.239999999999998,1.2364,30.486962
2026-09-16T22:00:00.000Z,MCT2408034,15.356389,74.123611,26.916666666666668,180.63269583333337,483.7083333333333,77.33587666666664,6.1908333333333365,4.149583333333333,6.417916666666664,20.201666666666664,10.782499999999999,1.3645833333333333,30.49806125000001
2026-09-16T22:10:00.000Z,MCT2408034,15.356389,74.123611,26.16,181.03812399999998,475.08,77.19244320000003,6.195600000000002,3.6944,6.379999999999998,18.344799999999996,8.964799999999999,1.4084,30.471088399999996
2026-09-16T22:20:00.000Z,MCT2408034,15.356389,74.123611,25.48,182.090488,480.76,77.24676440000002,6.195600000000002,4.2028,6.379999999999998,17.819999999999997,8.44,1.4799999999999998,30.444489200000007
2026-09-16T22:25:05.437Z,MCT2408034,15.356389,74.123611,25,184.42035384615383,484.46153846153845,77.24608384615384,6.15,4.039230769230769,6.38,17.819999999999997,8.44,1.6015384615384616,30.413603076923074
2026-09-16T21:30:00.000Z,MCT2408030,15.142519,74.075003,26,169.74665000000002,471.5,81.818145,9.030000000000001,6.200000000000001,9.37,24.64,12.31,5,27.110270000000007
2026-09-16T21:40:00.000Z,MCT2408030,15.142519,74.075003,26,166.63077500000003,488.0625,81.90159000000001,8.784375,6.200000000000002,9.370000000000001,24.639999999999993,12.31,5.168750000000001,27.114293749999998
2026-09-16T21:50:00.000Z,MCT2408030,15.142519,74.075003,26,168.04198125000002,495.0625,81.90588000000001,8.821250000000001,6.200000000000002,9.370000000000001,24.639999999999993,12.31,5.11625,27.1417775
2026-09-16T22:00:00.000Z,MCT2408030,15.142519,74.075003,26,166.10221333333337,501.26666666666665,81.99387666666668,8.907333333333332,6.200000000000002,9.370000000000001,24.639999999999993,12.31,5.081333333333333,27.167471999999997
2026-09-16T22:10:00.000Z,MCT2408030,15.142519,74.075003,26,167.80805625,491.375,82.16480624999998,8.85,6.200000000000002,9.370000000000001,24.639999999999993,12.31,5.02,27.078767499999998
2026-09-16T22:20:00.000Z,MCT2408030,15.142519,74.075003,26,166.50901875000002,479.5625,82.21916687500001,8.671875,6.200000000000002,9.370000000000001,24.639999999999993,12.31,5.1381250000000005,27.083459375000004
2026-09-16T22:25:05.480Z,MCT2408030,15.142519,74.075003,26,166.72763750000001,478.625,82.2720925,8.8725,6.200000000000001,9.37,24.64,12.31,5.10375,27.114293750000005
2026-09-16T21:30:00.000Z,MCT2408029,15.333611,74.206944,13.875,120,741.75,90.55475625,3.94125,7.57,4.11875,13.07875,7.3525,3.5012499999999998,27.1665775
2026-09-16T21:40:00.000Z,MCT2408029,15.333611,74.206944,15.0625,120,758.875,90.72641687499997,4.444375000000001,8.381875,4.5249999999999995,14.087500000000002,8.0175,3.5,27.127029375
2026-09-16T21:50:00.000Z,MCT2408029,15.333611,74.206944,15.533333333333333,120,753.1333333333333,90.85567333333334,4.624,10.718666666666667,4.551333333333333,14.103333333333332,7.963333333333333,3.6700000000000004,27.164612666666677
2026-09-16T22:00:00.000Z,MCT2408029,15.333611,74.206944,15.333333333333334,120,746.4444444444445,90.92891444444443,4.947777777777778,9.517777777777779,4.577777777777778,14.450000000000001,8.301111111111112,3.5555555555555554,27.169855555555554
2026-09-16T22:10:00.000Z,MCT2408029,15.333611,74.206944,17,120,771,92.92273,8.23,7.26,5.29,16.76,9.41,3.5,26.54184
2026-09-16T22:20:00.000Z,MCT2408029,15.333611,74.206944,15,120,755.8125,92.552703125,4.86875,9.118125,4.596875,14.702499999999999,8.457499999999998,3.686875,26.7167975
2026-09-16T22:25:05.497Z,MCT2408029,15.333611,74.206944,13.375,120,744.25,91.87941,3.3612500000000005,8.3775,3.6037500000000002,11.92125,6.91125,3.565,26.881025
2026-09-16T21:30:00.000Z,MCT2408023,15.499722,74.020833,29,239.33875,487,90.91143124999999,9.432500000000001,18.76625,6.34,17.73,10.15,5.81,26.37024
2026-09-16T21:40:00.000Z,MCT2408023,15.499722,74.020833,28.0625,242.17312499999994,485.0625,90.90904687499999,9.382499999999999,18.7525,6.340000000000002,17.729999999999997,10.150000000000002,5.623124999999999,26.326671875000006
2026-09-16T21:50:00.000Z,MCT2408023,15.499722,74.020833,28,236.855,483.1875,90.982001875,9.513124999999999,19.167500000000004,6.340000000000002,17.729999999999997,10.150000000000002,5.563125,26.249585625
2026-09-16T22:00:00.000Z,MCT2408023,15.499722,74.020833,28,238.46266666666665,484.06666666666666,90.98689533333332,9.738,19.014,6.340000000000002,17.729999999999997,10.150000000000002,5.6080000000000005,26.196498666666667
2026-09-16T22:10:00.000Z,MCT2408023,15.499722,74.020833,28,240.64937499999996,488.75,90.99439749999998,9.708749999999998,18.48125,6.340000000000002,17.729999999999997,10.150000000000002,5.714999999999999,26.151716250000007
2026-09-16T22:20:00.000Z,MCT2408023,15.499722,74.020833,28,239.45687500000003,486.25,91.11027312499999,9.53125,18.733124999999998,6.340000000000002,17.729999999999997,10.150000000000002,5.441250000000001,26.104794375
2026-09-16T22:25:05.527Z,MCT2408023,15.499722,74.020833,28.75,221.70125,488.5,91.16701624999999,9.61,19.6075,6.973750000000001,19.471249999999998,11.056250000000002,5.244999999999999,26.06725625
2026-09-16T21:30:00.000Z,MCT2408027,15.275556,74.1075,31.625,1192.1025,585.75,89.23105625,6.579999999999999,12.606250000000001,7.271249999999999,22.0575,11.86,2.9499999999999997,27.24836125
2026-09-16T21:40:00.000Z,MCT2408027,15.275556,74.1075,31.0625,1194.68375,599.1875,89.29018562499998,6.579999999999999,12.638124999999999,6.779375000000003,21.440625000000004,11.798124999999999,2.9500000000000006,27.22087625
2026-09-16T21:50:00.000Z,MCT2408027,15.275556,74.1075,30.6875,1191.85875,601.9375,89.534324375,6.579999999999999,12.643124999999996,6.965000000000001,21.747500000000002,11.921249999999997,2.9500000000000006,27.194061874999996
2026-09-16T22:00:00.000Z,MCT2408027,15.275556,74.1075,29.5,1196.2062499999995,582,89.64685875,6.579999999999999,12.667499999999997,6.53125,20.393749999999997,11.179375,2.9500000000000006,27.186688749999995
2026-09-16T22:10:00.000Z,MCT2408027,15.275556,74.1075,29.625,1190.813125,566.75,89.6244475,6.579999999999999,12.701874999999998,6.533125000000001,20.638125,11.178749999999997,2.9500000000000006,27.205458124999993
2026-09-16T22:20:00.000Z,MCT2408027,15.275556,74.1075,27.6875,1193.109375,592.3125,89.688820625,6.579999999999999,12.523124999999997,5.424375000000001,17.926874999999995,10.1275,2.9500000000000006,27.198754375
2026-09-16T22:25:05.660Z,MCT2408027,15.275556,74.1075,27.5,1186.4,597.25,89.68119125000001,6.579999999999999,12.680000000000001,5.79375,18.235,9.879999999999999,2.9499999999999997,27.18132625
2026-09-16T21:30:00.000Z,MCT2408040,15.528056,74.020833,18.625,100,460.25,87.95599375,7.637500000000001,4.702500000000001,3.07,8.42,3.73,3.5,27.637142499999996
2026-09-16T21:40:00.000Z,MCT2408040,15.528056,74.020833,18.625,100,453.0625,87.72901875000001,7.685625000000001,4.6675,3.07,8.42,3.7299999999999986,3.5,27.609661250000006
2026-09-16T21:50:00.000Z,MCT2408040,15.528056,74.020833,18.875,100,445.9375,87.52731750000001,7.905000000000001,4.648125,3.07,8.42,3.7299999999999986,3.5,27.580166875000007
2026-09-16T22:00:00.000Z,MCT2408040,15.528056,74.020833,18.5625,100,447.75,87.39094250000001,7.7562500000000005,4.685625,3.07,8.42,3.7299999999999986,3.5,27.52184875
2026-09-16T22:10:00.000Z,MCT2408040,15.528056,74.020833,18.9375,100,445.9375,87.41430687500001,7.951250000000002,4.686249999999999,3.07,8.42,3.7299999999999986,3.5,27.454148125
2026-09-16T22:20:00.000Z,MCT2408040,15.528056,74.020833,18.733333333333334,100,444.93333333333334,87.52671400000001,7.8020000000000005,4.658666666666667,3.07,8.42,3.7299999999999986,3.5,27.383407333333334
2026-09-16T22:25:05.685Z,MCT2408040,15.528056,74.020833,19,100,451.3333333333333,87.71694111111111,8.086666666666668,4.741111111111111,3.07,8.42,3.73,3.5,27.310475555555556
2026-09-16T21:30:00.000Z,MCT2408049,15.475278,74.055833,56.625,150.401725,471.625,86.19264875,24.1925,15.08875,5.94125,17.14,8.825,2.61,27.81143
2026-09-16T21:40:00.000Z,MCT2408049,15.475278,74.055833,56.875,150,463.5,85.91846749999999,24.360625000000002,15.560625000000003,4.984999999999999,14.698125,7.433749999999999,2.61,27.757801249999996
2026-09-16T21:50:00.000Z,MCT2408049,15.475278,74.055833,56.75,150.09054375,455.4375,85.68672687500002,24.206874999999997,16.384375,4.311249999999999,12.495625,6.331249999999999,2.61,27.647198125000003
2026-09-16T22:00:00.000Z,MCT2408049,15.475278,74.055833,56.8125,150.0026375,457.5625,85.68624874999999,24.294375,16.775000000000002,3.8299999999999987,9.6225,4.268125,2.61,27.513136250000002
2026-09-16T22:10:00.000Z,MCT2408049,15.475278,74.055833,56.6875,150.09801249999998,439,85.29762625000001,24.165625,16.118125000000003,3.8299999999999987,9.19,3.8400000000000016,2.61,27.390468125
2026-09-16T22:20:00.000Z,MCT2408049,15.475278,74.055833,56.5,150.27381875,438.375,85.30954750000001,24.075,16.091250000000002,3.8299999999999987,9.19,3.8400000000000016,2.61,27.308690624999997
2026-09-16T22:25:05.727Z,MCT2408049,15.475278,74.055833,56.5,150.15120000000002,445.875,85.47548625,24.072499999999998,15.100000000000001,3.829999999999999,9.19,3.84,2.61,27.2590875
2026-09-16T21:30:00.000Z,MCT2408044,15.313669,74.140042,25.571428571428573,214.29,485,95.32817,10.77,3.32,4.2700000000000005,12.5,7.878571428571428,3.4076922857142855,25.861565714285714
2026-09-16T21:40:00.000Z,MCT2408044,15.313669,74.140042,25.75,214.29,473.0625,95.29547,10.858125000000001,3.4050000000000002,4.345624999999999,12.1875,7.40125,3.428365437500001,25.829965625
2026-09-16T21:50:00.000Z,MCT2408044,15.313669,74.140042,25.75,214.29,481.125,95.36365999999998,10.85375,3.525625,4.058124999999999,11.6875,7.19875,3.60633025,25.781033124999997
2026-09-16T22:00:00.000Z,MCT2408044,15.313669,74.140042,25.6875,214.29,476.125,95.34887750000001,10.819999999999999,3.32,3.6624999999999996,10.34375,6.284999999999998,3.7700319374999993,25.720705
2026-09-16T22:10:00.000Z,MCT2408044,15.313669,74.140042,25.866666666666667,214.29,462.4,95.15966733333333,10.841333333333333,3.426,2.8699999999999997,7.5,4.320000000000001,3.989658066666667,25.673829333333327
2026-09-16T22:20:00.000Z,MCT2408044,15.313669,74.140042,25.625,214.29,454.5625,95.18865812500002,10.815,3.32,2.8699999999999997,7.5,4.32,4.0574518125,25.66372875
2026-09-16T22:25:05.750Z,MCT2408044,15.313669,74.140042,25.875,214.29,450.75,95.21631500000001,10.79875,3.32,2.8700000000000006,7.5,4.32,4.072115375,25.6382575
2026-09-16T21:30:00.000Z,MCT2408046,15.529167,74.07,31,95.52,664.75,85.50822833333332,13.500833333333333,0.5366666666666666,7.0566666666666675,20.925,10.181666666666667,3.490833333333333,28.22568083333333
2026-09-16T21:40:00.000Z,MCT2408046,15.529167,74.07,31.08,95.52,664.92,85.3391112,13.6148,0.5907999999999999,7.383600000000001,21.953600000000005,10.645199999999999,3.4556,28.298186400000006
2026-09-16T21:50:00.000Z,MCT2408046,15.529167,74.07,31.2,95.52,665.36,85.48986839999999,13.554400000000003,0.5328,9.509199999999998,28.8404,14.2752,3.4580000000000006,28.266008799999994
2026-09-16T22:00:00.000Z,MCT2408046,15.529167,74.07,31.2,95.52,606.76,85.5487672,13.684,0.588,7.358399999999998,22.0876,10.9848,3.7260000000000004,28.232117599999995
2026-09-16T22:10:00.000Z,MCT2408046,15.529167,74.07,31.2,95.52,612.76,85.31774999999998,13.548399999999999,0.5955999999999999,5.2616000000000005,15.6844,7.861999999999999,3.718400000000001,28.184927199999997
2026-09-16T22:20:00.000Z,MCT2408046,15.529167,74.07,31.08,95.52,612.08,85.3906864,13.5228,0.6051999999999998,5.8684,17.641199999999998,8.806400000000002,3.7308000000000003,28.063950000000006
2026-09-16T22:25:05.774Z,MCT2408046,15.529167,74.07,31.076923076923077,95.52,618,85.27396692307693,13.472307692307693,0.6307692307692307,5.593846153846155,17.004615384615384,8.467692307692309,3.5861538461538465,28.078007692307686
2026-09-16T21:30:00.000Z,MCT2408037,15.394444,74.118333,27.75,160,490.25,85.80736750000001,10.067499999999999,14.427499999999998,7.43125,26.78125,13.958749999999998,3.8075,27.428006250000003
2026-09-16T21:40:00.000Z,MCT2408037,15.394444,74.118333,27.5,160,489.4375,85.76969625000001,10.443749999999998,14.391250000000001,7.060625,25.963125000000005,13.630625000000002,3.679375,27.432027499999997
2026-09-16T21:50:00.000Z,MCT2408037,15.394444,74.118333,27.25,160,481.625,85.75539187499999,10.441875,14.380624999999998,7.248125,25.554375,12.927500000000002,3.7737499999999997,27.406556874999996
2026-09-16T22:00:00.000Z,MCT2408037,15.394444,74.118333,26.75,160,479,85.67575999999997,10.233749999999997,14.385,6.920625,24.379375,12.458750000000002,3.8099999999999996,27.424653750000004
2026-09-16T22:10:00.000Z,MCT2408037,15.394444,74.118333,25.9375,160,481.125,85.71438062499999,10.277499999999998,14.438125000000003,6.36625,22.640624999999993,11.70875,3.7931250000000003,27.374379999999995
2026-09-16T22:20:00.000Z,MCT2408037,15.394444,74.118333,25.0625,160,479,85.7224875,10.380624999999998,14.389999999999999,5.715625000000002,20.189375,10.443125,3.810625,27.334161875
2026-09-16T22:25:05.913Z,MCT2408037,15.394444,74.118333,25.5,160,485.375,85.89224125,10.567499999999999,14.4175,5.575,20.75,11.052499999999998,3.88375,27.253723750000002
2026-09-16T21:30:00.000Z,MCT2408042,15.213889,74.071667,60.857142857142854,250.9757142857143,488.14285714285717,89.06661285714286,25.978571428571428,13.8,7.28,22.02,11.711428571428572,3.512857142857143,27.10873857142857
2026-09-16T21:40:00.000Z,MCT2408042,15.213889,74.071667,60.625,253.54375000000002,494.4375,89.09897125,25.83,13.695624999999998,6.881875000000001,20.975,11.215625000000003,3.5887500000000006,27.14848
2026-09-16T21:50:00.000Z,MCT2408042,15.213889,74.071667,60.75,251.08624999999998,494.9375,89.21627437500003,25.91,13.720624999999998,8.53125,25.195000000000004,13.041874999999997,3.42875,27.162556875
2026-09-16T22:00:00.000Z,MCT2408042,15.213889,74.071667,60.5625,252.21500000000003,487.875,89.27826375000002,25.75,14.045625,7.62125,22.855625000000003,11.956875,3.6825,27.145799999999994
2026-09-16T22:10:00.000Z,MCT2408042,15.213889,74.071667,60.625,256.19125,483.4375,89.42560562500003,25.830000000000002,13.985,6.48375,19.038125000000004,9.7925,3.4606249999999994,27.098877500000008
2026-09-16T22:20:00.000Z,MCT2408042,15.213889,74.071667,60.6875,261.085625,464.5,89.42655874999997,25.869999999999997,14.290625,5.004999999999999,15.049375000000005,7.745000000000001,3.6693749999999996,27.089492500000002
2026-09-16T22:25:05.940Z,MCT2408042,15.213889,74.071667,60.125,259.69624999999996,464,89.4284675,25.430000000000003,14.44125,4.55,13.452499999999999,7.062500000000001,3.79,27.099549999999997
2026-09-16T21:30:00.000Z,MCT2408041,15.224628,74.171389,31.375,404.3764,564.125,88.55394875,13.64625,9.700000000000001,8.090000000000002,23.793750000000003,12.43375,7.945,27.33014
2026-09-16T21:40:00.000Z,MCT2408041,15.224628,74.171389,31.375,409.69669375000007,574.125,88.837665625,13.633750000000003,9.7,8.140000000000002,23.895000000000007,12.433749999999998,7.8774999999999995,27.287239374999995
2026-09-16T21:50:00.000Z,MCT2408041,15.224628,74.171389,31.1875,422.73051875,562.125,88.61355249999998,13.588125,9.7,8.090000000000002,22.933125000000004,11.573749999999997,7.888750000000001,27.358963749999997
2026-09-16T22:00:00.000Z,MCT2408041,15.224628,74.171389,31.375,424.8289625,556.5625,89.13092124999999,13.671249999999999,9.7,8.090000000000002,22.933125000000004,11.573124999999997,7.744375,27.294611874999994
2026-09-16T22:10:00.000Z,MCT2408041,15.224628,74.171389,31.375,425.70576875000006,553.9375,89.26538937499998,13.70125,9.7,8.090000000000002,22.831875000000004,11.472499999999998,7.75125,27.30735062500001
2026-09-16T22:20:00.000Z,MCT2408041,15.224628,74.171389,31.4375,426.9160875000001,540,89.243931875,13.733749999999999,9.7,8.090000000000002,22.477500000000003,11.118749999999999,7.838125,27.291261874999993
2026-09-16T22:25:05.972Z,MCT2408041,15.224628,74.171389,31.25,434.417975,529.25,89.46566125000001,13.5875,9.700000000000001,8.090000000000002,21.6675,10.31,7.7675,27.2309325
2026-09-16T21:30:00.000Z,MCT2408033,15.346944,74.007778,18.571428571428573,117.68780000000002,501.42857142857144,88.82356285714286,6.871428571428571,3.088571428571428,3.0300000000000002,6.1499999999999995,2.9400000000000004,4.39,27.19607142857143
2026-09-16T21:40:00.000Z,MCT2408033,15.346944,74.007778,19.625,117.43155625,513.875,89.34645187499999,7.723125,3.4981250000000004,3.0300000000000007,6.150000000000001,2.9399999999999995,4.39,27.099546250000003
2026-09-16T21:50:00.000Z,MCT2408033,15.346944,74.007778,19.5625,117.94994375000002,534.125,89.29018312499998,7.630000000000001,3.4837499999999997,3.0300000000000007,6.150000000000001,2.9399999999999995,4.39,27.00972625
2026-09-16T22:00:00.000Z,MCT2408033,15.346944,74.007778,19.875,119.80240624999999,507.6875,89.12472250000002,8.08625,3.760625,3.0300000000000007,6.150000000000001,2.9399999999999995,4.39,26.82606
2026-09-16T22:10:00.000Z,MCT2408033,15.346944,74.007778,19.75,118.82978125,505.25,89.05844000000002,7.793124999999999,3.8393749999999995,3.0300000000000007,6.150000000000001,2.9399999999999995,4.39,26.689312499999996
2026-09-16T22:20:00.000Z,MCT2408033,15.346944,74.007778,19.875,116.61002500000001,521.1875,89.01361812500002,7.89875,4.038125,3.0300000000000007,6.150000000000001,2.9399999999999995,4.39,26.647751250000002
2026-09-16T22:25:05.996Z,MCT2408033,15.346944,74.007778,19.88888888888889,116.88260000000001,507.6666666666667,89.0342822222222,7.846666666666668,4.176666666666666,3.0300000000000002,6.1499999999999995,2.9400000000000004,4.39,26.640753333333336
2026-09-16T21:40:00.000Z,MCT2408024,15.148056,74.131667,42.11764705882353,207.44726470588233,679.4117647058823,83.71898588235295,18.77760235294118,9.114676529411765,5,16.22529411764706,9.225294117647058,2.6088235294117643,26.68442411764706
2026-09-16T21:50:00.000Z,MCT2408024,15.148056,74.131667,41.125,206.61423333333332,724.5416666666666,82.22981583333335,18.023763749999997,6.816077166666667,5.166666666666667,16.490000000000006,9.15666666666667,2.544166666666667,27.189371666666663
2026-09-16T22:00:00.000Z,MCT2408024,15.148056,74.131667,42.36,205.52736000000002,755.32,81.4417128,18.4089668,7.400288240000002,5,15.750000000000005,8.750000000000002,2.5584000000000002,27.414008800000012
2026-09-16T22:10:00.000Z,MCT2408024,15.148056,74.131667,41.96,205.079068,767.2,81.32971200000001,17.9246208,6.253391200000002,5,15.470000000000004,8.470000000000002,2.518,27.511392400000005
2026-09-16T22:20:00.000Z,MCT2408024,15.148056,74.131667,42.458333333333336,205.04914999999994,761.5416666666666,81.16996500000003,18.247371666666666,6.132756375000002,5,15.115000000000004,8.115000000000002,2.4954166666666664,27.589327083333327
2026-09-16T22:25:06.027Z,MCT2408024,15.148056,74.131667,42.38461538461539,206.0914384615385,736.3846153846154,81.26794846153847,18.163286153846155,5.994006230769231,5,14.990000000000002,7.989999999999999,2.490769230769231,27.59537769230769
2026-09-16T21:30:00.000Z,MCT2408045,15.619444,73.878889,25.571428571428573,179.43142857142857,603,86.50423,10.65,15.911428571428573,3.02,9.700000000000001,4.52,2.53,26.748685714285717
2026-09-16T21:40:00.000Z,MCT2408045,15.619444,73.878889,25.75,179.13625,603.3125,86.52930000000002,10.836250000000001,16.036875,3.020000000000001,9.7,4.519999999999998,2.5300000000000002,26.754338124999997
2026-09-16T21:50:00.000Z,MCT2408045,15.619444,73.878889,25.8125,180.49312499999994,604.5,86.62228187500001,10.872499999999999,15.841875000000002,3.020000000000001,9.7,4.519999999999998,2.5300000000000002,26.72819562500001
2026-09-16T22:00:00.000Z,MCT2408045,15.619444,73.878889,25.5,178.8293749999999,605.5,86.61322000000003,10.674375,16.115625,3.020000000000001,9.7,4.519999999999998,2.5300000000000002,26.763050625
2026-09-16T22:10:00.000Z,MCT2408045,15.619444,73.878889,25.6875,178.11999999999995,611.75,86.60558999999998,10.795000000000002,16.24375,3.020000000000001,9.7,4.519999999999998,2.5300000000000002,26.818015624999994
2026-09-16T22:20:00.000Z,MCT2408045,15.619444,73.878889,25.75,178.41312499999995,618.875,86.60940499999998,10.849375000000002,16.374375,3.020000000000001,9.7,4.519999999999998,2.5300000000000002,26.874323124999997
2026-09-16T22:25:06.167Z,MCT2408045,15.619444,73.878889,25.625,178.265,625.25,86.632295,10.829999999999998,16.3725,3.02,9.700000000000001,4.52,2.53,26.885050000000003
2026-09-16T21:30:00.000Z,MCT2408022,15.475833,74.038889,28,150,450.625,89.7803725,3.845,11.53451125,7,21.125,11.125,4.313403624999999,26.769752500000003
2026-09-16T21:40:00.000Z,MCT2408022,15.475833,74.038889,25.933333333333334,150,448.4,89.8531693333333,3.819333333333333,11.379784666666666,5.666666666666667,17.266666666666666,9.133333333333333,4.319282533333333,26.647663333333334
2026-09-16T21:50:00.000Z,MCT2408022,15.475833,74.038889,24,150,441,89.63159875000001,4.0649999999999995,11.36282625,5,14,7,4.33231025,26.582061875000004
2026-09-16T22:00:00.000Z,MCT2408022,15.475833,74.038889,24,150,433.75,89.49951625,4.2725,11.373241875,5,14,7,4.2957505,26.484866875
2026-09-16T22:10:00.000Z,MCT2408022,15.475833,74.038889,24,150,430.9375,89.35408,3.9787500000000002,11.344125625,5,14,7,4.3261525,26.425878750000003
2026-09-16T22:20:00.000Z,MCT2408022,15.475833,74.038889,23.875,150,431.0625,89.365046875,3.920624999999999,11.415160000000002,5,14,7,4.3017148125,26.378956875
2026-09-16T22:25:06.192Z,MCT2408022,15.475833,74.038889,23,150,433.125,89.76034375,4.04875,11.43411125,5,14,7,4.376640999999999,26.330023750000002
2026-09-16T21:30:00.000Z,MCT2408032,15.525556,73.828611,35.166666666666664,207.97750000000005,426.6666666666667,72.41110166666667,14.759166666666665,18.099166666666665,7.120000000000001,17.069999999999997,7.079999999999999,2.2658333333333327,31.123244999999997
2026-09-16T21:40:00.000Z,MCT2408032,15.525556,73.828611,35.16,211.12439999999995,438.12,73.22546480000003,14.988400000000002,17.8736,7.120000000000002,17.069999999999997,7.080000000000002,2.7192000000000003,30.883363200000005
2026-09-16T21:50:00.000Z,MCT2408032,15.525556,73.828611,35.32,210.81960000000004,420.36,73.49096599999999,15.036800000000003,18.076000000000004,7.120000000000002,17.069999999999997,7.080000000000002,2.7355999999999994,30.8696336
2026-09-16T22:00:00.000Z,MCT2408032,15.525556,73.828611,35.56,210.206,423.88,73.212952,15.260400000000004,18.069200000000006,7.120000000000002,17.297199999999997,7.306400000000004,2.5840000000000005,30.936558
2026-09-16T22:10:00.000Z,MCT2408032,15.525556,73.828611,35.6,206.51640000000003,444.12,69.7998648,15.236800000000002,18.473600000000005,7.120000000000002,17.069999999999997,7.080000000000002,2.6959999999999997,32.00349160000001
2026-09-16T22:20:00.000Z,MCT2408032,15.525556,73.828611,35.12,215.77280000000002,442.52,69.65124440000001,14.856800000000003,18.480400000000003,7.120000000000002,17.297199999999997,7.305600000000003,2.7503999999999995,32.0167912
2026-09-16T22:25:06.231Z,MCT2408032,15.525556,73.828611,35.15384615384615,213.22461538461536,419.9230769230769,69.5580023076923,14.82153846153846,18.417692307692313,7.120000000000001,17.069999999999997,7.079999999999999,2.6984615384615385,32.02319307692308
2026-09-16T21:30:00.000Z,MCT2408036,15.171567,74.067106,84.2,159.36968000000002,607.4,85.74957199999999,13.98,15.686000000000002,2.63,8.208,4.66,43.096,27.674412
2026-09-16T21:40:00.000Z,MCT2408036,15.171567,74.067106,65.5,161.1331625,622.4375,86.469215625,14.256250000000001,13.403749999999999,2.7287499999999993,8.044374999999999,4.336874999999999,26.912499999999998,27.467553125000002
2026-09-16T21:50:00.000Z,MCT2408036,15.171567,74.067106,72.73333333333333,144.94622666666663,631.3333333333334,86.58778933333335,18.166666666666664,16.485333333333333,2.63,7.972666666666666,4.423333333333333,31.18733333333334,27.472067333333335
2026-09-16T22:00:00.000Z,MCT2408036,15.171567,74.067106,81,146.24033333333333,613.6666666666666,85.66971666666666,17.326666666666664,15.57,2.8066666666666666,8.443333333333333,4.556666666666667,39.03666666666667,27.760926666666666
2026-09-16T22:10:00.000Z,MCT2408036,15.171567,74.067106,74.5,173.5576166666667,630.5,85.80323333333332,13.574166666666665,15.42583333333333,2.6299999999999994,8.277499999999998,4.727499999999999,32.41583333333333,27.767185833333333
2026-09-16T22:20:00.000Z,MCT2408036,15.171567,74.067106,71.25,138.98132500000003,634.3125,87.03569750000001,14.5025,14.850625,2.7956249999999994,8.4575,4.591875,30.401250000000008,27.423983124999996
2026-09-16T22:25:06.245Z,MCT2408036,15.171567,74.067106,81.5,131.35125,630.5,87.67370499999998,13.535,12.22,2.895,8.995,4.9399999999999995,49.8175,27.279197500000002
2026-09-16T21:30:00.000Z,MCT2408031,15.290833,74.149167,20.375,140.1576,583.25,87.14823375,6.90007375,8.23450075,6.66625,17.55625,9.52375,4.577500000000001,26.654455
2026-09-16T21:40:00.000Z,MCT2408031,15.290833,74.149167,20.25,151.73236875,591.625,87.203544375,7.001689250000002,7.980804812500001,6.756875,17.610624999999995,9.52375,4.770000000000001,26.656466875000007
2026-09-16T21:50:00.000Z,MCT2408031,15.290833,74.149167,19.1875,162.431725,594.375,87.30368312499999,7.078626312499999,8.128731625,6.190624999999999,16.331875000000004,8.928749999999999,4.6875,26.65579625000001
2026-09-16T22:00:00.000Z,MCT2408031,15.290833,74.149167,18.9375,162.08464375000003,583.5625,87.34897874999997,7.138143874999999,8.593283187499999,6.249999999999999,16.276875,8.809999999999999,4.86,26.667191250000002
2026-09-16T22:10:00.000Z,MCT2408031,15.290833,74.149167,19.0625,160.392,584.5625,87.41812312499998,7.131413437500001,9.7526910625,6.249375,16.38625,8.87,4.905625,26.681267499999993
2026-09-16T22:20:00.000Z,MCT2408031,15.290833,74.149167,19.1875,156.30640000000002,581.4375,87.44529999999999,6.96407825,8.442451312500001,6.369375,16.631250000000005,8.988124999999998,4.8287499999999985,26.69601437499999
2026-09-16T22:25:06.280Z,MCT2408031,15.290833,74.149167,19.25,158.21667499999998,576.125,87.46198875,6.7944995,8.173507500000001,6.54875,16.848750000000003,8.98875,4.96375,26.6987
2026-09-16T21:30:00.000Z,MCT2408035,15.236111,74.125,47,190,766.8571428571429,88.45735428571429,18.973212857142858,8.035714285714286,3.8000000000000003,10.19,4.910000000000001,3.829999999999999,27.200668571428572
2026-09-16T21:40:00.000Z,MCT2408035,15.236111,74.125,45.375,190,774.0625,88.31266875000001,17.717050624999995,7.9825,3.799999999999999,10.19,4.909999999999998,3.8299999999999987,27.296623750000006
2026-09-16T21:50:00.000Z,MCT2408035,15.236111,74.125,46.125,190,779.4375,88.22158937500001,18.337865625,7.764999999999999,3.799999999999999,10.21375,4.933124999999999,3.8299999999999987,27.333491249999994
2026-09-16T22:00:00.000Z,MCT2408035,15.236111,74.125,47.5625,190,779.25,88.38085437499997,19.47312,7.756874999999999,3.799999999999999,10.236875,4.956874999999998,3.8299999999999987,27.321425000000005
2026-09-16T22:10:00.000Z,MCT2408035,15.236111,74.125,45.6875,190,770.6875,88.65027000000002,17.9594475,7.7124999999999995,3.799999999999999,10.261249999999999,4.979374999999998,3.8299999999999987,27.314050000000005
2026-09-16T22:20:00.000Z,MCT2408035,15.236111,74.125,45.5,190,755.0625,88.63548687500001,17.736814374999998,7.664375,3.799999999999999,10.19,4.909999999999998,3.8299999999999987,27.313380000000006
2026-09-16T22:25:06.429Z,MCT2408035,15.236111,74.125,45.111111111111114,190,749.1111111111111,88.66044333333332,17.566755555555556,7.605555555555556,3.8000000000000003,10.19,4.91,3.829999999999999,27.311667777777778
2026-09-16T21:30:00.000Z,MCT2408039,15.163611,74.110833,29,315.74375000000003,637.75,86.37194124999999,11.993750000000002,10.299999999999999,9.019999999999998,28.94,11.760000000000002,2.3000000000000003,26.768413749999997
2026-09-16T21:40:00.000Z,MCT2408039,15.163611,74.110833,39,280.253125,610.75,86.49782687499999,12.845625,10.3,14.338125,48.449375,20.803125,2.3,26.70205125
2026-09-16T21:50:00.000Z,MCT2408039,15.163611,74.110833,30.8125,323.9575,593.3125,86.75674937499998,12.12,10.3,9.794375,31.97625,13.309999999999997,2.3,26.54385375
2026-09-16T22:00:00.000Z,MCT2408039,15.163611,74.110833,29.1875,326.221875,616.125,86.88167999999999,12.87,10.3,9.019999999999998,28.94,11.759999999999998,2.3,26.468779374999997
2026-09-16T22:10:00.000Z,MCT2408039,15.163611,74.110833,30,331.79187500000006,609.4375,87.11628312499998,13.909374999999999,10.3,9.019999999999998,28.94,11.759999999999998,2.3,26.5197225
2026-09-16T22:20:00.000Z,MCT2408039,15.163611,74.110833,29.866666666666667,331.87066666666664,614.1333333333333,87.28104599999999,13.913333333333332,10.3,9.019999999999998,28.94,11.759999999999998,2.3,26.526113999999996
2026-09-16T22:25:06.443Z,MCT2408039,15.163611,74.110833,30.77777777777778,334.10111111111115,619.6666666666666,87.20746666666668,13.717777777777778,10.299999999999999,9.019999999999998,28.940000000000005,11.760000000000002,2.3000000000000003,26.618108888888887
2026-09-16T21:30:00.000Z,MCT2408038,15.188889,74.055556,21.375,384.24625000000003,791.125,84.953825,9.208749999999998,13.33,5.950000000000001,16.900000000000002,7.9399999999999995,4.76125,27.68272375
2026-09-16T21:40:00.000Z,MCT2408038,15.188889,74.055556,21.5,382.93062499999996,800.1875,85.37391937500001,9.261875,13.330000000000005,5.950000000000002,16.900000000000002,7.939999999999999,4.698125,27.568771249999998
2026-09-16T21:50:00.000Z,MCT2408038,15.188889,74.055556,21.25,380.785625,795.625,85.91989749999999,9.020624999999999,13.330000000000005,5.950000000000002,16.900000000000002,7.939999999999999,4.72625,27.460851250000005
2026-09-16T22:00:00.000Z,MCT2408038,15.188889,74.055556,21.1875,369.8325,779.8125,85.96853562499999,8.994374999999998,13.330000000000005,5.950000000000002,16.900000000000002,7.939999999999999,4.723125,27.496378124999993
2026-09-16T22:10:00.000Z,MCT2408038,15.188889,74.055556,21.3125,375.094375,785.375,86.10682,9.065624999999999,13.330000000000005,5.950000000000002,16.900000000000002,7.939999999999999,4.693124999999998,27.512464999999995
2026-09-16T22:20:00.000Z,MCT2408038,15.188889,74.055556,21.1875,364.179375,780,86.41342625,9.031249999999998,13.330000000000005,5.950000000000002,16.900000000000002,7.939999999999999,4.7437499999999995,27.492355625000002
2026-09-16T22:25:06.486Z,MCT2408038,15.188889,74.055556,21.125,363.17375,766.875,86.60654374999999,8.87875,13.33,5.950000000000001,16.900000000000002,7.9399999999999995,4.7325,27.46152
2026-09-16T21:30:00.000Z,MCT2408026,15.2467,74.198281,117,126.21656666666667,538.8333333333334,84.95764166666665,13.031735000000003,12.5,7.404166666666668,24.74333333333334,14.1425,50.525,28.03620833333333
2026-09-16T21:40:00.000Z,MCT2408026,15.2467,74.198281,117,125,534.5416666666666,84.9236270833333,13.022314166666668,12.5,7.365416666666668,23.330833333333327,12.69833333333333,50.43749999999998,28.085362916666668
2026-09-16T21:50:00.000Z,MCT2408026,15.2467,74.198281,117,125,545.4166666666666,85.43384291666668,13.167192083333333,12.5,7.167916666666668,23.45333333333333,13.097916666666663,50.412499999999994,27.950853749999997
2026-09-16T22:00:00.000Z,MCT2408026,15.2467,74.198281,117,125,547.12,85.679688,13.349483200000003,12.5,7.2972,23.907600000000002,13.384799999999998,50.3716,27.914228400000002
2026-09-16T22:10:00.000Z,MCT2408026,15.2467,74.198281,116.75,128.72537916666667,542.125,86.13383958333334,13.02803375,12.5,6.577916666666667,21.72,12.054166666666665,49.8525,27.83109125
2026-09-16T22:20:00.000Z,MCT2408026,15.2467,74.198281,116.66666666666667,125,537.7916666666666,86.17357583333336,13.06612041666667,12.5,6.618333333333333,22.002499999999994,12.255416666666664,49.70208333333334,27.875332916666668
2026-09-16T22:25:06.520Z,MCT2408026,15.2467,74.198281,117,125,529.25,86.78170333333333,13.015180833333332,12.5,6.224166666666666,21.035000000000004,11.733333333333333,50.51250000000001,27.754673333333333
2026-09-17T00:00:00.000Z,MCT2408057,15.272222,74.104722,28.90909090909091,337.5845454545455,460.72727272727275,84.93336636363637,12.502727272727272,9.005454545454544,2.98,6.790000000000001,2.77,2.3672727272727276,27.77133
2026-09-17T00:10:00.000Z,MCT2408057,15.272222,74.104722,28.96,338.38879999999995,465.76,84.89050319999998,12.500399999999999,8.909199999999998,2.9799999999999995,6.8348,2.814000000000001,2.2807999999999997,27.817702800000006
2026-09-17T00:20:00.000Z,MCT2408057,15.272222,74.104722,29,336.35640000000006,473.68,85.17035119999998,12.530800000000001,8.926399999999997,2.9799999999999995,6.946799999999999,2.9240000000000004,2.2767999999999997,27.832288400000003
2026-09-17T00:30:00.000Z,MCT2408057,15.272222,74.104722,28.96,331.344,476.64,85.26342919999999,12.5424,8.837599999999998,4.243599999999999,11.1512,5.314,2.3156000000000003,27.81770200000002
2026-09-17T00:40:00.000Z,MCT2408057,15.272222,74.104722,28.92,336.9,479.96,84.98815959999997,12.446399999999999,8.865199999999998,3.003999999999999,7.307199999999999,3.2327999999999997,2.2595999999999994,27.8884868
2026-09-17T00:50:00.000Z,MCT2408057,15.272222,74.104722,28.92,325.522,481.56,84.68084759999999,12.475999999999999,9.0032,4.2448,12.2808,6.376800000000002,2.2012,28.068238800000007
2026-09-17T00:55:35.306Z,MCT2408057,15.272222,74.104722,28.857142857142858,322.2814285714286,492.64285714285717,84.74129285714285,12.332142857142857,9.01357142857143,7.15142857142857,20.314285714285713,10.437142857142858,2.180714285714286,28.139882142857147
2026-09-17T00:00:00.000Z,MCT2408020,15.543475,74.039433,21.714285714285715,180,615.8571428571429,85.30532428571428,9.330302428571427,19.23004,5.57,15.840000000000002,7.43,3.66,27.812002857142858
2026-09-17T00:10:00.000Z,MCT2408020,15.543475,74.039433,21.8125,180,625.25,86.194080625,9.4311801875,19.115375000000004,5.5699999999999985,15.840000000000002,7.430000000000003,3.6599999999999984,27.578155624999997
2026-09-17T00:20:00.000Z,MCT2408020,15.543475,74.039433,21.5,180,619.5625,86.79251124999999,9.1882548125,18.882188749999997,5.5699999999999985,16.425000000000004,8.01125,3.6599999999999984,27.408565624999998
2026-09-17T00:30:00.000Z,MCT2408020,15.543475,74.039433,21.8125,180,614.9375,87.15729187500001,9.385794374999998,19.179835625,5.5699999999999985,16.835,8.418125,3.6599999999999984,27.304667499999997
2026-09-17T00:40:00.000Z,MCT2408020,15.543475,74.039433,21.625,180,618.375,87.32609000000002,9.1578239375,18.89481375,5.7425,18.465624999999996,9.87125,3.6599999999999984,27.314723750000002
2026-09-17T00:50:00.000Z,MCT2408020,15.543475,74.039433,21.5,180,619.8125,87.41001375,9.1296039375,19.11032625,5.914999999999999,18.930624999999996,10.161875,3.6599999999999984,27.295282500000003
2026-09-17T00:55:35.312Z,MCT2408020,15.543475,74.039433,21.77777777777778,180,613.4444444444445,87.38548444444444,9.266657444444444,19.017215555555552,6.492222222222223,19.88222222222222,10.53,3.6599999999999997,27.339077777777778
2026-09-17T00:00:00.000Z,MCT2408028,15.186944,74.096667,44.27272727272727,424.61909090909086,537,89.82380818181818,19.636363636363633,11.870909090909093,5.080909090909092,16.269999999999996,9.12909090909091,1.7463636363636361,25.758912727272726
2026-09-17T00:10:00.000Z,MCT2408028,15.186944,74.096667,44.12,424.11519999999996,543.12,90.00891079999998,19.495599999999996,11.661200000000001,4.989999999999998,15.709200000000003,8.749199999999997,1.7736000000000005,25.741752800000004
2026-09-17T00:20:00.000Z,MCT2408028,15.186944,74.096667,43.96,422.9256,545.36,90.0681152,19.330799999999996,11.7628,5.0699999999999985,16.2664,9.187199999999995,1.7572000000000003,25.72974119999999
2026-09-17T00:30:00.000Z,MCT2408028,15.186944,74.096667,44,416.0391666666667,543,90.08395875000001,19.37041666666666,11.665416666666667,5.2816666666666645,16.65458333333334,9.239166666666664,2.0120833333333334,25.724949999999993
2026-09-17T00:40:00.000Z,MCT2408028,15.186944,74.096667,44.2,414.8295999999999,546.36,90.1877448,19.563999999999993,11.6996,5.99,18.4552,9.984399999999997,1.9712,25.748615600000008
2026-09-17T00:50:00.000Z,MCT2408028,15.186944,74.096667,43.84,411.20599999999996,553.76,90.31958120000002,19.220799999999997,11.628800000000002,5.269999999999999,16.584400000000002,9.186799999999998,2.0296000000000003,25.744325600000003
2026-09-17T00:55:35.314Z,MCT2408028,15.186944,74.096667,44.07142857142857,410.79428571428576,565.8571428571429,90.39576571428574,19.447857142857146,11.56,6.132857142857143,18.893571428571427,10.087142857142856,1.645,25.78495785714286
2026-09-17T00:00:00.000Z,MCT2408055,15.585833,73.885556,67.71428571428571,105.59714285714287,731.1428571428571,89.27043,9.5,5.807142857142857,3.5,7.89,3.41,21.285714285714285,26.50967
2026-09-17T00:10:00.000Z,MCT2408055,15.585833,73.885556,67.625,105.93437499999999,724,89.27587999999997,9.508125,5.954999999999998,3.5,7.89,3.4099999999999993,21.23,26.509670000000007
2026-09-17T00:20:00.000Z,MCT2408055,15.585833,73.885556,67.8125,104.86000000000001,723.9375,89.31497999999998,9.469999999999999,6.090000000000002,3.5,7.89,3.4099999999999993,21.395625,26.509670000000007
2026-09-17T00:30:00.000Z,MCT2408055,15.585833,73.885556,67.75,103.29812499999998,727.9375,89.31545687500001,9.585625,6.025,3.5,8.22,3.749999999999999,21.355625,26.500281250000004
2026-09-17T00:40:00.000Z,MCT2408055,15.585833,73.885556,67.5625,101.44624999999999,730.375,89.36266125000002,9.509999999999998,5.885,3.6312500000000005,9.991875000000002,5.323125,21.244999999999997,26.49894
2026-09-17T00:50:00.000Z,MCT2408055,15.585833,73.885556,67.5,99.87312500000002,739.1875,89.359324375,9.426874999999999,6.334999999999997,3.9375,11.4725,6.3475,21.234374999999996,26.500281250000004
2026-09-17T00:55:35.329Z,MCT2408055,15.585833,73.885556,67.55555555555556,99.32333333333334,734,89.41490222222222,9.547777777777778,5.963333333333334,4.433333333333334,12.50111111111111,6.665555555555556,21.22222222222222,26.49894
2026-09-17T00:00:00.000Z,MCT2408056,15.579167,73.920833,22,180,510.57142857142856,90.11293285714285,6.747142857142857,9.14118042857143,4.69,13.659999999999998,7.5,1.8142857142857145,26.98004
2026-09-17T00:10:00.000Z,MCT2408056,15.579167,73.920833,22,180,507.0625,90.14848999999998,6.708125000000001,10.269952875,4.6899999999999995,13.659999999999998,7.5,2.11375,26.947385625000003
2026-09-17T00:20:00.000Z,MCT2408056,15.579167,73.920833,21.4375,180,517.5,89.9839825,6.68125,9.576730812500001,4.6899999999999995,13.716874999999998,7.558125,2.0537499999999995,26.98693625
2026-09-17T00:30:00.000Z,MCT2408056,15.579167,73.920833,21.1875,180,516,90.07791687499999,6.518750000000001,9.8416958125,4.6899999999999995,13.830624999999998,7.674375000000001,2.094375,26.994306874999992
2026-09-17T00:40:00.000Z,MCT2408056,15.579167,73.920833,21.5,180,510.125,90.01163812500003,6.762499999999999,9.4804868125,4.748749999999999,14.228749999999998,7.965624999999999,1.6199999999999997,26.992296874999997
2026-09-17T00:50:00.000Z,MCT2408056,15.579167,73.920833,21,180,519.1875,90.03548062499998,6.7456249999999995,9.4062499375,4.6899999999999995,13.773749999999998,7.616250000000001,1.6793749999999996,26.983581874999995
2026-09-17T00:55:35.358Z,MCT2408056,15.579167,73.920833,21,180,514.5555555555555,89.98710666666665,6.746666666666666,9.351590666666667,4.69,13.659999999999998,7.5,1.5800000000000003,27.01613
2026-09-17T00:00:00.000Z,MCT2408052,15.444425,74.063856,41.57142857142857,160,749.5714285714286,89.02629,3.489423714285714,8,21.981428571428573,57.931428571428576,25.495714285714286,2,27.17768571428572
2026-09-17T00:10:00.000Z,MCT2408052,15.444425,74.063856,40.5625,160,777.875,89.09134437499999,3.6202194375000007,8,21.156875000000003,55.732499999999995,24.465625000000003,2,27.158535
2026-09-17T00:20:00.000Z,MCT2408052,15.444425,74.063856,51.1875,160,783.25,89.15428374999999,3.5953948749999998,8,28.744374999999998,76.35749999999999,33.894375,2,27.149819999999995
2026-09-17T00:30:00.000Z,MCT2408052,15.444425,74.063856,44.25,160,790.6875,89.26967874999998,3.561623000000001,8,23.70625,62.58562499999999,27.57125,2,27.132393125
2026-09-17T00:40:00.000Z,MCT2408052,15.444425,74.063856,47.5625,160,793.25,89.12138437499998,3.61070175,8,26.361250000000002,69.074375,30.160625,2,27.211490624999993
2026-09-17T00:50:00.000Z,MCT2408052,15.444425,74.063856,40.4375,160,765.6875,89.28732499999998,3.6084650000000003,8,20.654374999999998,53.92312500000001,23.429999999999996,2,27.206129374999993
2026-09-17T00:55:35.559Z,MCT2408052,15.444425,74.063856,44.22222222222222,160,774.5555555555555,89.22586111111112,3.552748777777778,8,23.376666666666665,61.26444444444444,26.732222222222223,2,27.191305555555555
2026-09-17T00:00:00.000Z,MCT2408053,15.263333,74.110833,44.57142857142857,230.95881428571428,618.1428571428571,92.98485285714287,15.178571428571429,24.374285714285715,4.589999999999999,11.67,5.64,16.07857142857143,25.96575285714286
2026-09-17T00:10:00.000Z,MCT2408053,15.263333,74.110833,44.125,200.89668125000003,599.625,93.18212875,11.091875000000002,24.069999999999997,4.590000000000002,11.669999999999996,5.64,15.874999999999998,25.976092500000004
2026-09-17T00:20:00.000Z,MCT2408053,15.263333,74.110833,43.125,206.08109375,624.9375,93.05338187500001,12.968125,25.410625,4.590000000000002,11.973124999999996,5.993125,15.275625,25.998884375000003
2026-09-17T00:30:00.000Z,MCT2408053,15.263333,74.110833,43.25,215.260425,650,92.92988125,13.139374999999998,24.436874999999997,4.935000000000001,14.826249999999998,8.60125,15.400625000000002,25.996201874999997
2026-09-17T00:40:00.000Z,MCT2408053,15.263333,74.110833,43.8125,203.97804374999998,639.5,93.00474437499999,11.836250000000001,24.905624999999997,5.1075,16.102500000000003,9.799375,15.487499999999997,26.016313125
2026-09-17T00:50:00.000Z,MCT2408053,15.263333,74.110833,44,201.3160666666667,637.4,93.22180133333333,12.59466666666667,25.40533333333333,4.896666666666667,16.853333333333335,10.903333333333336,15.84,26.05563733333334
2026-09-17T00:55:35.559Z,MCT2408053,15.263333,74.110833,43.111111111111114,206.34635555555556,656.8888888888889,93.45763555555556,13.791111111111109,26.12222222222222,4.692222222222223,15.882222222222222,10.275555555555556,15.274444444444445,26.091389999999997
2026-09-17T00:00:00.000Z,MCT2408021,15.500556,74.053333,49,375,529.1428571428571,87.52002714285716,21.054285714285715,14.499724285714285,2.86,7.39,3.8099999999999996,4.362857142857143,26.69045857142857
2026-09-17T00:10:00.000Z,MCT2408021,15.500556,74.053333,49.333333333333336,375,519.4,87.30088333333336,21.1,14.620346000000003,2.86,7.39,3.810000000000001,4.322,26.75777666666667
2026-09-17T00:20:00.000Z,MCT2408021,15.500556,74.053333,49.25,375,526.9375,87.48535500000001,21.034999999999997,14.506281874999999,2.86,7.39,3.810000000000001,4.366874999999999,26.708753124999994
2026-09-17T00:30:00.000Z,MCT2408021,15.500556,74.053333,49.4375,375,540.625,87.73617125,21.166250000000005,14.51856375,2.86,7.4174999999999995,3.8400000000000007,4.284375000000001,26.646411875000005
2026-09-17T00:40:00.000Z,MCT2408021,15.500556,74.053333,49.5,375,530.4375,87.85251874999999,21.147500000000004,14.630515624999997,5.505624999999999,16.9025,10.563750000000002,4.285,26.63635625
2026-09-17T00:50:00.000Z,MCT2408021,15.500556,74.053333,49.375,375,520.875,87.81961749999998,21.215000000000003,14.55111625,7.796874999999998,23.341874999999998,14.345624999999998,4.31625,26.645742500000008
2026-09-17T00:55:35.571Z,MCT2408021,15.500556,74.053333,49.77777777777778,375,526.6666666666666,87.71778444444443,21.369999999999997,14.585003333333333,4.022222222222222,12.318888888888889,7.67111111111111,4.278888888888889,26.68126888888889
2026-09-17T00:00:00.000Z,MCT2408043,15.221111,74.087222,33,187.38857142857142,632,86.74619,14.245714285714287,10.291428571428572,8.324285714285713,25.38,13.358571428571429,5.29,26.859001428571425
2026-09-17T00:10:00.000Z,MCT2408043,15.221111,74.087222,33.86666666666667,193.2053333333333,627.8,86.85125799999999,14.227999999999998,10.300666666666666,8.104000000000001,24.804000000000006,12.982000000000001,5.290000000000001,26.868603333333333
2026-09-17T00:20:00.000Z,MCT2408043,15.221111,74.087222,33,168.02499999999998,620.4375,86.921735,14.296249999999999,10.361875,7.598749999999999,23.978125000000006,12.81,5.290000000000001,26.90314625
2026-09-17T00:30:00.000Z,MCT2408043,15.221111,74.087222,33,179.0275,626.4375,87.016623125,14.246249999999996,10.286249999999999,7.043124999999999,21.401875000000004,11.21,5.290000000000001,26.909849999999988
2026-09-17T00:40:00.000Z,MCT2408043,15.221111,74.087222,33.25,158.065,627.5625,87.04761875000001,14.300625,10.269374999999998,8.0725,24.460625000000004,12.731250000000001,5.290000000000001,26.950068749999996
2026-09-17T00:50:00.000Z,MCT2408043,15.221111,74.087222,33,163.614,642.1333333333333,86.98248199999998,14.269999999999994,10.235999999999999,6.329999999999999,19.739333333333335,10.676666666666668,5.290000000000001,27.025902
2026-09-17T00:55:35.580Z,MCT2408043,15.221111,74.087222,33,181.75,637.6666666666666,86.94297777777778,14.24888888888889,10.383333333333333,6.329999999999999,19.31,10.25,5.29,27.060222222222222
2026-09-17T00:00:00.000Z,MCT2408051,15.486528,74.033889,52.125,311.085,568.375,94.50773625000001,22.19375,5.19,3.73,11.809999999999999,6.2225,4.39,26.508326249999996
2026-09-17T00:10:00.000Z,MCT2408051,15.486528,74.033889,52.13333333333333,312.98466666666667,559.3333333333334,94.96333800000001,22.192,5.1899999999999995,3.7299999999999986,11.975333333333335,6.3886666666666665,4.39,26.406706000000003
2026-09-17T00:20:00.000Z,MCT2408051,15.486528,74.033889,52.1875,312.48312500000003,560.625,94.65793999999998,22.270625000000003,5.1899999999999995,3.7299999999999986,11.53875,5.949375,4.39,26.465427499999997
2026-09-17T00:30:00.000Z,MCT2408051,15.486528,74.033889,52.1875,312.736875,561.375,94.59881249999998,22.230625,5.1899999999999995,3.7299999999999986,11.69375,6.104999999999998,4.39,26.459392500000003
2026-09-17T00:40:00.000Z,MCT2408051,15.486528,74.033889,52.3125,307.74687500000005,567.625,94.832463125,22.295,5.1899999999999995,3.7299999999999986,11.112499999999997,5.523125,4.39,26.3608575
2026-09-17T00:50:00.000Z,MCT2408051,15.486528,74.033889,52.0625,307.160625,587.3125,95.37462624999999,22.150625,5.1899999999999995,3.768749999999999,11.577499999999999,5.950625,4.39,26.247575625000003
2026-09-17T00:55:35.620Z,MCT2408051,15.486528,74.033889,52.333333333333336,304.1433333333333,578,95.12593,22.299999999999997,5.19,5.597777777777777,17.333333333333332,9.403333333333332,4.39,26.278484444444448
2026-09-17T00:00:00.000Z,MCT2408034,15.356389,74.123611,24,188.51515000000003,476.7,78.07974499999999,6.1499999999999995,3.806,6.380000000000001,17.819999999999997,8.44,1.376,29.898797000000002
2026-09-17T00:10:00.000Z,MCT2408034,15.356389,74.123611,23.28,191.03907599999994,473.32,77.9035036,6.176000000000003,4.4075999999999995,6.379999999999998,17.819999999999997,8.44,1.5628,29.923680800000007
2026-09-17T00:20:00.000Z,MCT2408034,15.356389,74.123611,23,194.87052916666667,470.0833333333333,77.47543125,6.177083333333336,3.9737500000000003,6.379999999999998,17.819999999999997,8.44,1.625,29.990859166666677
2026-09-17T00:30:00.000Z,MCT2408034,15.356389,74.123611,23,191.50689166666666,468.3333333333333,77.21698583333331,6.177083333333336,4.662083333333334,6.379999999999998,17.819999999999997,8.44,1.6150000000000002,29.931420000000006
2026-09-17T00:40:00.000Z,MCT2408034,15.356389,74.123611,23.24,183.25039200000003,468.08,77.19397120000002,6.195600000000002,4.8944,6.452799999999999,18.269599999999997,8.8144,1.536,29.928399199999994
2026-09-17T00:50:00.000Z,MCT2408034,15.356389,74.123611,23.75,182.09193333333334,470.7916666666667,77.41598499999998,6.150000000000002,4.656250000000001,6.683333333333333,19.49958333333333,9.689166666666667,1.2437499999999997,29.963599166666665
2026-09-17T00:55:35.812Z,MCT2408034,15.356389,74.123611,23,181.5925923076923,470.6923076923077,77.4403423076923,6.15,4.041538461538462,6.38,17.819999999999997,8.44,1.3353846153846154,29.98130307692308
2026-09-17T00:00:00.000Z,MCT2408030,15.142519,74.075003,26,170.65097142857144,465,82.07700000000001,8.957142857142857,6.200000000000001,9.37,24.640000000000004,12.31,5.111428571428571,27.13938142857143
2026-09-17T00:10:00.000Z,MCT2408030,15.142519,74.075003,26,169.49079999999998,465.625,82.09852749999997,8.879999999999999,6.200000000000002,9.370000000000001,24.639999999999993,12.31,5.2250000000000005,27.11764625
2026-09-17T00:20:00.000Z,MCT2408030,15.142519,74.075003,26,169.99879375000003,469.25,82.04225874999999,8.791875000000001,6.200000000000002,9.370000000000001,24.639999999999993,12.31,5.363125,27.10624875000001
2026-09-17T00:30:00.000Z,MCT2408030,15.142519,74.075003,26,169.64835,459.75,82.01841812500001,8.864374999999999,6.200000000000002,9.370000000000001,24.639999999999993,12.31,5.201249999999999,27.064691875
2026-09-17T00:40:00.000Z,MCT2408030,15.142519,74.075003,26,169.22075999999998,460.53333333333336,82.02744466666667,8.879333333333335,6.200000000000002,9.370000000000001,24.639999999999993,12.31,5.091333333333333,27.04306133333333
2026-09-17T00:50:00.000Z,MCT2408030,15.142519,74.075003,26,169.99509375000002,458.4375,82.0489325,8.666250000000002,6.200000000000002,9.370000000000001,24.639999999999993,12.31,5.0675,27.023800000000005
2026-09-17T00:55:35.816Z,MCT2408030,15.142519,74.075003,26,168.2607,467.6666666666667,82.08644666666665,8.81,6.200000000000001,9.37,24.64,12.31,4.975555555555555,27.03758
2026-09-17T00:00:00.000Z,MCT2408050,15.553611,73.958333,27.428571428571427,86.02999999999999,581,92.01592000000001,11.378571428571428,4.291428571428572,4.240000000000001,12.879999999999999,6.799999999999999,3.0700000000000003,26.347261428571432
2026-09-17T00:10:00.000Z,MCT2408050,15.553611,73.958333,27.5625,86.02999999999999,582.0625,92.00720187499999,11.231875,4.327500000000001,4.240000000000001,12.879999999999997,6.799999999999998,3.1325,26.372253124999997
2026-09-17T00:20:00.000Z,MCT2408050,15.553611,73.958333,27.3125,86.02999999999999,569.0625,92.04010437499998,11.172500000000003,4.256875,4.240000000000001,12.879999999999997,6.799999999999998,3.175,26.373594374999993
2026-09-17T00:30:00.000Z,MCT2408050,15.553611,73.958333,27.375,86.02999999999999,562.75,92.16026687499999,11.228125000000002,4.221875,4.240000000000001,12.879999999999997,6.799999999999998,3.2525000000000004,26.383648124999997
2026-09-17T00:40:00.000Z,MCT2408050,15.553611,73.958333,27.5625,86.02999999999999,560.5,92.06680874999998,11.3,4.4087499999999995,5.090000000000001,15.885625000000001,8.5575,3.0593749999999997,26.385659374999992
2026-09-17T00:50:00.000Z,MCT2408050,15.553611,73.958333,27.25,86.02999999999999,553.625,92.235608125,11.080000000000002,4.2768749999999995,5.461875,17.871875,9.888750000000002,3.142500000000001,26.382976875000008
2026-09-17T00:55:35.817Z,MCT2408050,15.553611,73.958333,27.444444444444443,86.02999999999999,559.2222222222222,92.37849888888888,11.16111111111111,4.386666666666667,5.75111111111111,18.22222222222222,9.736666666666666,3.147777777777778,26.37024111111111
2026-09-17T00:00:00.000Z,MCT2408029,15.333611,74.206944,12.714285714285714,120,705.2857142857143,91.0775042857143,2.7542857142857144,8.001428571428571,2.9400000000000004,8.67,4.71,3.8871428571428575,26.520394285714286
2026-09-17T00:10:00.000Z,MCT2408029,15.333611,74.206944,12.75,120,721.875,91.24378750000001,4.55,7.6556250000000015,2.9399999999999995,8.67,4.709999999999999,3.6206249999999995,26.465426874999995
2026-09-17T00:20:00.000Z,MCT2408029,15.333611,74.206944,12.625,120,724,91.37825500000001,3.254375,8.150625,2.9399999999999995,8.67,4.709999999999999,3.585,26.436603750000003
2026-09-17T00:30:00.000Z,MCT2408029,15.333611,74.206944,13.1875,120,731.625,91.52035062500002,4.281875,7.613750000000001,2.9399999999999995,8.67,4.709999999999999,3.51875,26.3896825
2026-09-17T00:40:00.000Z,MCT2408029,15.333611,74.206944,12.9375,120,733.75,91.41639937500003,4.193125000000001,7.7962500000000015,2.9399999999999995,8.67,4.709999999999999,3.6475,26.397725625
2026-09-17T00:50:00.000Z,MCT2408029,15.333611,74.206944,13.5625,120,736.25,91.45788500000002,4.534375000000002,7.716875000000003,2.9399999999999995,8.67,4.709999999999999,3.5,26.375605624999995
2026-09-17T00:55:35.838Z,MCT2408029,15.333611,74.206944,12,120,744.625,91.400665,3.397500000000001,8.065,2.9400000000000004,8.67,4.71,3.5,26.3930325
2026-09-17T00:00:00.000Z,MCT2408023,15.499722,74.020833,26.714285714285715,216.65142857142857,498.14285714285717,92.48676285714285,8.138571428571428,18.645714285714284,6.339999999999999,18.634285714285717,11.185714285714285,4.144285714285714,25.58118
2026-09-17T00:10:00.000Z,MCT2408023,15.499722,74.020833,27.3125,227.49625,497.625,92.508356875,8.395,19.646875,6.340000000000002,19.709374999999998,12.415625,4.183125,25.591328749999995
2026-09-17T00:20:00.000Z,MCT2408023,15.499722,74.020833,28.0625,226.49124999999998,499.4375,92.50692875,8.76,18.496875000000003,6.340000000000002,20.579375,13.412500000000001,4.064375000000001,25.594011250000005
2026-09-17T00:30:00.000Z,MCT2408023,15.499722,74.020833,28.3125,229.43312500000002,500.6875,92.45543187499999,8.27125,19.201249999999998,6.340000000000002,20.97625,13.865624999999998,4.57625,25.573231874999994
2026-09-17T00:40:00.000Z,MCT2408023,15.499722,74.020833,30.1875,219.074375,503.875,92.464966875,8.218750000000002,20.144375000000004,7.050625,24.222500000000004,16.221875,4.206875,25.597362500000003
2026-09-17T00:50:00.000Z,MCT2408023,15.499722,74.020833,37.4375,199.29375000000005,506.5,92.36291874999998,8.478124999999999,18.916249999999998,13.307499999999997,40.685624999999995,24.832500000000003,4.419999999999999,25.600043124999996
2026-09-17T00:55:35.866Z,MCT2408023,15.499722,74.020833,30,211.5111111111111,504.8888888888889,92.36069333333333,8.375555555555556,18.504444444444445,7.040000000000002,24.203333333333333,15.949999999999998,4.822222222222222,25.595648888888885
2026-09-17T00:00:00.000Z,MCT2408027,15.275556,74.1075,22,1193.3114285714287,594.7142857142857,89.59304428571429,6.579999999999999,12.737142857142858,4.93,11.83,4.94,2.9499999999999997,26.891177142857146
2026-09-17T00:10:00.000Z,MCT2408027,15.275556,74.1075,21.3125,1190.081875,589.8125,89.58820937499999,6.579999999999999,12.728749999999998,4.9300000000000015,11.830000000000004,4.9399999999999995,2.9500000000000006,26.880356250000006
2026-09-17T00:20:00.000Z,MCT2408027,15.275556,74.1075,21.125,1188.38125,585.25,89.67356312500002,6.579999999999999,12.733749999999997,4.9300000000000015,11.952500000000004,5.06375,2.9500000000000006,26.887729374999992
2026-09-17T00:30:00.000Z,MCT2408027,15.275556,74.1075,21.8125,1189.5725,606.6875,89.77036000000001,6.579999999999999,12.669999999999998,4.9300000000000015,13.182500000000003,6.3012500000000005,2.9500000000000006,26.885719999999992
2026-09-17T00:40:00.000Z,MCT2408027,15.275556,74.1075,22.0625,1185.6793750000002,568,89.84188499999999,6.579999999999999,12.883124999999994,4.991875000000001,14.354375000000001,7.350625,2.9500000000000006,26.885049999999993
2026-09-17T00:50:00.000Z,MCT2408027,15.275556,74.1075,23.375,1189.28,602.5625,89.91436562500002,6.579999999999999,12.613749999999996,5.793749999999999,17.25125,9.080624999999998,2.9500000000000006,26.881696875000003
2026-09-17T00:55:36.060Z,MCT2408027,15.275556,74.1075,28.555555555555557,1181.8055555555557,601.8888888888889,89.94472444444445,6.579999999999999,12.731111111111112,9.204444444444443,27.599999999999998,14.711111111111112,2.9499999999999997,26.89815666666666
2026-09-17T00:00:00.000Z,MCT2408040,15.528056,74.020833,18.857142857142858,100,467.7142857142857,88.51838857142856,7.9399999999999995,4.711428571428571,3.07,8.42,3.73,3.5,26.943270000000002
2026-09-17T00:10:00.000Z,MCT2408040,15.528056,74.020833,18.625,100,472.6875,88.55633499999999,7.741250000000002,4.7612499999999995,3.07,8.42,3.7299999999999986,3.5,26.944035000000007
2026-09-17T00:20:00.000Z,MCT2408040,15.528056,74.020833,18.8125,100,469.8125,88.54965562499999,7.876874999999999,4.7143749999999995,3.07,8.42,3.7299999999999986,3.5,26.968836249999992
2026-09-17T00:30:00.000Z,MCT2408040,15.528056,74.020833,18.5625,100,475.875,88.419478125,7.664375,4.766875000000001,3.07,8.42,3.7299999999999986,3.5,27.0003425
2026-09-17T00:40:00.000Z,MCT2408040,15.528056,74.020833,18.875,100,479.1875,88.61975125000001,7.9856250000000015,4.701875,3.07,8.42,3.7299999999999986,3.5,26.930629375
2026-09-17T00:50:00.000Z,MCT2408040,15.528056,74.020833,18.625,100,478.0625,88.75374125000002,7.710000000000001,4.768750000000001,3.07,8.42,3.7299999999999986,3.5,26.879016250000006
2026-09-17T00:55:36.064Z,MCT2408040,15.528056,74.020833,18.666666666666668,100,486.22222222222223,88.85456444444445,7.83,4.7444444444444445,3.07,8.42,3.73,3.5,26.858831111111108
2026-09-17T00:00:00.000Z,MCT2408049,15.475278,74.055833,56.714285714285715,150,479,86.80177428571429,24.034285714285716,15.529999999999998,4.049999999999999,11.817142857142857,6.029999999999999,2.61,27.093418571428572
2026-09-17T00:10:00.000Z,MCT2408049,15.475278,74.055833,56.9375,150.258875,478.9375,86.84591687499997,24.384374999999995,14.163750000000002,4.359375,12.590625,6.188124999999999,2.61,27.131723125000004
2026-09-17T00:20:00.000Z,MCT2408049,15.475278,74.055833,56.8125,150.08306875,486.5625,86.78059124999999,24.251875,14.028125000000001,3.878124999999999,10.438125000000005,4.985625,2.61,27.151832499999998
2026-09-17T00:30:00.000Z,MCT2408049,15.475278,74.055833,56.875,150,496.3125,86.90933374999999,24.36,13.676250000000001,3.8299999999999987,10.006250000000001,4.649375,2.61,27.15585375
2026-09-17T00:40:00.000Z,MCT2408049,15.475278,74.055833,56.75,150,492.5625,86.71526437499999,24.216249999999995,14.738124999999998,4.022499999999999,11.968124999999997,6.235624999999999,2.61,27.218865000000005
2026-09-17T00:50:00.000Z,MCT2408049,15.475278,74.055833,56.75,150,488.6875,86.50879375,24.25,13.442499999999999,4.791875,14.316249999999998,7.291874999999999,2.61,27.281876875000005
2026-09-17T00:55:36.074Z,MCT2408049,15.475278,74.055833,56.44444444444444,150,500.8888888888889,86.4326588888889,24.016666666666666,14.56777777777778,6.217777777777777,17.704444444444448,8.953333333333335,2.61,27.32477777777778
2026-09-17T00:00:00.000Z,MCT2408044,15.313669,74.140042,25.666666666666668,214.29,458.5,95.36159666666664,10.805000000000001,3.4066666666666667,2.8700000000000006,7.5,4.32,3.8254275,25.292370000000002
2026-09-17T00:10:00.000Z,MCT2408044,15.313669,74.140042,25.8,214.29,460.46666666666664,95.39007666666664,10.789333333333332,3.32,2.8699999999999997,7.5,4.320000000000001,3.646324666666666,25.297016666666664
2026-09-17T00:20:00.000Z,MCT2408044,15.313669,74.140042,25.625,214.29,474.8125,95.50337187500001,10.756874999999999,3.616875,2.8699999999999997,7.5,4.32,3.4781250000000004,25.269581249999995
2026-09-17T00:30:00.000Z,MCT2408044,15.313669,74.140042,25.733333333333334,214.29,483.93333333333334,95.63370800000004,10.871333333333336,3.3546666666666667,2.8699999999999997,7.5,4.320000000000001,3.4044444,25.281288000000004
2026-09-17T00:40:00.000Z,MCT2408044,15.313669,74.140042,24.625,214.29,486.375,95.67217250000002,10.850624999999999,3.32,2.8699999999999997,7.5,4.32,3.2824519375000003,25.294381250000004
2026-09-17T00:50:00.000Z,MCT2408044,15.313669,74.140042,24.2,214.29,481.6666666666667,95.64490000000002,10.812000000000003,3.32,2.8699999999999997,7.5,4.320000000000001,3.6306837333333335,25.31417733333334
2026-09-17T00:55:36.088Z,MCT2408044,15.313669,74.140042,24,214.29,467.125,95.61972500000002,10.758750000000001,3.32,2.8700000000000006,7.5,4.32,3.616506125,25.319179999999996
2026-09-17T00:00:00.000Z,MCT2408046,15.529167,74.07,31,95.52,725.7272727272727,85.59573545454545,13.487272727272726,0.5990909090909091,6.1481818181818175,18.99,9.732727272727272,3.5890909090909093,27.74695363636363
2026-09-17T00:10:00.000Z,MCT2408046,15.529167,74.07,31,95.52,714.08,85.56829840000005,13.453600000000003,0.6164000000000001,5.6396000000000015,17.330400000000008,8.710000000000003,3.6883999999999997,27.730183200000006
2026-09-17T00:20:00.000Z,MCT2408046,15.529167,74.07,31.08,95.52,678.84,85.48010200000003,13.556000000000001,0.6295999999999999,5.085200000000001,14.528799999999997,7.0400000000000045,3.7784000000000004,27.70701640000001
2026-09-17T00:30:00.000Z,MCT2408046,15.529167,74.07,31.16,95.52,699.2,85.6262812,13.5584,0.5719999999999998,5.060000000000001,13.9072,6.3872,3.6816000000000004,27.662829999999996
2026-09-17T00:40:00.000Z,MCT2408046,15.529167,74.07,30.96,95.52,715.8,85.7321752,13.4976,0.5804,5.060000000000001,13.5964,6.182799999999999,3.6220000000000003,27.662400400000003
2026-09-17T00:50:00.000Z,MCT2408046,15.529167,74.07,31.12,95.52,712.4,85.7797856,13.5224,0.5623999999999999,5.060000000000001,13.996000000000004,6.5576,3.6828000000000007,27.663259199999988
2026-09-17T00:55:36.115Z,MCT2408046,15.529167,74.07,31,95.52,717.3571428571429,85.81049928571427,13.443571428571431,0.5842857142857143,5.42,15.947857142857144,7.949285714285714,3.611428571428571,27.65418857142857
2026-09-17T00:00:00.000Z,MCT2408042,15.213889,74.071667,60.42857142857143,261.19714285714286,454,89.14836000000001,25.61285714285714,14.064285714285715,4.55,10.94,4.56,3.972857142857143,26.906499999999998
2026-09-17T00:10:00.000Z,MCT2408042,15.213889,74.071667,60.9375,240.11375000000004,460.3125,89.164778125,26.029999999999998,13.791875,4.549999999999999,10.997499999999999,4.616875,3.75625,26.922584999999998
2026-09-17T00:20:00.000Z,MCT2408042,15.213889,74.071667,60.75,196.97937500000003,465.6875,89.25776000000002,25.869999999999997,13.67,4.549999999999999,11.055,4.673750000000001,3.408124999999999,26.911189999999994
2026-09-17T00:30:00.000Z,MCT2408042,15.213889,74.071667,61.25,259.011875,466.0625,89.32928312500002,26.229999999999993,13.764999999999997,4.549999999999999,11.055,4.673750000000001,3.7962499999999997,26.927947500000005
2026-09-17T00:40:00.000Z,MCT2408042,15.213889,74.071667,60.75,257.385,466.875,89.31021375000002,25.909999999999997,13.741249999999999,4.549999999999999,11.571250000000001,5.185625,3.67375,26.94805875000001
2026-09-17T00:50:00.000Z,MCT2408042,15.213889,74.071667,60.875,241.81249999999997,478.3125,89.35169562500002,25.95,13.880625,4.6637499999999985,13.226249999999999,6.6075,3.925625,26.95007000000001
2026-09-17T00:55:36.309Z,MCT2408042,15.213889,74.071667,60.666666666666664,251.24222222222227,478.6666666666667,89.38014666666666,25.856666666666666,14.037777777777778,4.752222222222222,13.68222222222222,6.885555555555556,3.8322222222222226,26.979190000000003
2026-09-17T00:00:00.000Z,MCT2408037,15.394444,74.118333,25,160,503.85714285714283,85.83610999999999,10.412857142857144,14.41714285714286,4.671428571428572,17.52285714285714,9.205714285714285,3.7285714285714286,27.09342
2026-09-17T00:10:00.000Z,MCT2408037,15.394444,74.118333,25.0625,160,495.3125,85.818806875,10.400625,14.413750000000002,4.969375,18.04125,9.31875,3.7624999999999997,27.092173750000004
2026-09-17T00:20:00.000Z,MCT2408037,15.394444,74.118333,25.125,160,495.6875,85.8641075,10.423124999999999,14.395625,5.807500000000001,20.648749999999996,10.631250000000001,3.9449999999999994,27.057316875
2026-09-17T00:30:00.000Z,MCT2408037,15.394444,74.118333,25.0625,160,497.3125,85.890335,10.42125,14.436875,5.714375000000001,20.136875000000003,10.349375,3.9131249999999995,27.041230000000002
2026-09-17T00:40:00.000Z,MCT2408037,15.394444,74.118333,25.1875,160,499.25,85.728685,10.443749999999996,14.361875,5.388750000000001,19.319375,9.974375,3.7937499999999997,27.096198125
2026-09-17T00:50:00.000Z,MCT2408037,15.394444,74.118333,25.1875,160,506.8125,85.866970625,10.483749999999997,14.366875,5.295625000000001,18.400625,9.271875,3.7787499999999996,27.055978124999996
2026-09-17T00:55:36.308Z,MCT2408037,15.394444,74.118333,25.25,160,510.625,85.86840124999999,10.6075,14.334999999999997,5.387500000000001,19.62625,10.3025,3.78625,27.07407625
2026-09-17T00:00:00.000Z,MCT2408041,15.224628,74.171389,31.125,431.362425,563.125,89.5324175,13.572500000000002,9.700000000000001,8.090000000000002,21.870000000000005,10.5125,7.828749999999999,27.094184999999996
2026-09-17T00:10:00.000Z,MCT2408041,15.224628,74.171389,31.2,431.7258666666667,547.2666666666667,89.72906399999998,13.546000000000003,9.7,8.090000000000002,21.276,9.922666666666666,7.716000000000002,27.057361333333336
2026-09-17T00:20:00.000Z,MCT2408041,15.224628,74.171389,31.25,427.101275,556.625,89.93010249999999,13.564375,9.7,8.090000000000002,21.16125,9.808125000000002,7.67875,27.035866875000007
2026-09-17T00:30:00.000Z,MCT2408041,15.224628,74.171389,31.25,427.84105625000007,560.1875,89.94917249999999,13.645625,9.7,8.090000000000002,21.009375000000002,9.656875000000003,7.84625,27.049273749999998
2026-09-17T00:40:00.000Z,MCT2408041,15.224628,74.171389,31.1875,423.66400625000006,563.3125,89.934870625,13.645625,9.7,8.090000000000002,20.908125000000002,9.556875000000003,7.763124999999999,27.092175000000008
2026-09-17T00:50:00.000Z,MCT2408041,15.224628,74.171389,31.0625,427.84863125,561.0625,89.728875,13.494375000000002,9.7,8.090000000000002,20.806875,9.455000000000004,7.8287499999999985,27.09351625
2026-09-17T00:55:36.322Z,MCT2408041,15.224628,74.171389,32.111111111111114,390.4375333333333,559.6666666666666,89.79976666666666,13.633333333333333,9.700000000000001,9.705555555555556,26.55,12.76222222222222,7.897777777777778,27.07571555555556
2026-09-17T00:00:00.000Z,MCT2408033,15.346944,74.007778,20.857142857142858,111.14008571428572,516.8571428571429,88.99031999999998,8.67142857142857,3.654285714285714,5.37,13.772857142857145,8.32,4.39,26.377901428571427
2026-09-17T00:10:00.000Z,MCT2408033,15.346944,74.007778,19.75,111.9796625,520.3125,89.06559312499999,7.6518749999999995,3.8481249999999996,3.4100000000000006,8.910625,5.440625,4.39,26.354156250000006
2026-09-17T00:20:00.000Z,MCT2408033,15.346944,74.007778,19.4375,111.351925,524.1875,89.12186124999998,7.424374999999999,4.1187499999999995,3.8256250000000005,9.713125000000002,5.8825,4.39,26.380967499999997
2026-09-17T00:30:00.000Z,MCT2408033,15.346944,74.007778,20.125,110.1916625,562.5,89.078468125,7.998124999999998,3.9899999999999998,4.470000000000001,11.345624999999998,6.801250000000001,4.39,26.464758125
2026-09-17T00:40:00.000Z,MCT2408033,15.346944,74.007778,19.6875,112.02629375000002,548.1875,89.17335937500003,7.764374999999999,4.238125,3.0300000000000007,7.692500000000001,4.707499999999999,4.39,26.46811
2026-09-17T00:50:00.000Z,MCT2408033,15.346944,74.007778,19.8125,110.11546874999999,544.375,89.23344000000002,7.85125,4.066875,4.886874999999999,12.563125,7.648125000000001,4.39,26.4754825
2026-09-17T00:55:36.349Z,MCT2408033,15.346944,74.007778,19.666666666666668,110.11902222222221,552.7777777777778,89.32843666666666,7.800000000000001,4.09,4.512222222222223,11.565555555555555,6.993333333333333,4.39,26.467958888888884
2026-09-17T00:00:00.000Z,MCT2408024,15.148056,74.131667,40.4,205.93326000000002,723.3,81.48016599999998,17.454027000000004,7.4264072,5,14.99,7.99,2.5919999999999996,27.61435
2026-09-17T00:10:00.000Z,MCT2408024,15.148056,74.131667,41.08,206.38023199999995,676,81.48047119999997,17.9346496,7.157287439999999,5.2,16.110000000000003,8.710000000000003,2.5636,27.614350000000012
2026-09-17T00:20:00.000Z,MCT2408024,15.148056,74.131667,41.12,206.24181200000004,699.36,81.3941056,17.972796399999996,6.58008684,5.04,16.070000000000004,8.990000000000004,2.569200000000001,27.614350000000012
2026-09-17T00:30:00.000Z,MCT2408024,15.148056,74.131667,41.125,206.23519166666665,740.9583333333334,81.45829333333332,18.000174583333333,6.220839583333334,5,14.990000000000004,7.990000000000002,2.5770833333333325,27.559833749999996
2026-09-17T00:40:00.000Z,MCT2408024,15.148056,74.131667,41.36,206.02041599999995,648.44,81.45117199999996,18.2023552,6.087446120000001,5,14.990000000000004,7.990000000000002,2.5711999999999993,27.599336000000005
2026-09-17T00:50:00.000Z,MCT2408024,15.148056,74.131667,41.52,205.79193199999997,692.72,81.32238759999996,18.2569896,6.89552696,5,15.150000000000004,8.150000000000002,2.6035999999999997,27.656392399999987
2026-09-17T00:55:36.367Z,MCT2408024,15.148056,74.131667,41.214285714285715,205.90412857142854,622.6428571428571,81.29116999999998,18.070993571428573,5.923005785714286,5,14.990000000000004,7.989999999999999,2.6185714285714288,27.641165
2026-09-17T00:00:00.000Z,MCT2408045,15.619444,73.878889,26,178.61428571428573,638,86.77126,10.994285714285715,16.072857142857142,3.02,9.700000000000001,4.52,2.53,26.891175714285716
2026-09-17T00:10:00.000Z,MCT2408045,15.619444,73.878889,25.75,178.22187499999995,627.375,86.76390249999999,10.821250000000001,16.19875,3.020000000000001,9.7,4.519999999999998,2.5300000000000002,26.883038124999995
2026-09-17T00:20:00.000Z,MCT2408045,15.619444,73.878889,25.6875,178.11999999999995,624.1875,86.74291999999998,10.81625,16.247500000000002,3.020000000000001,9.7,4.519999999999998,2.5300000000000002,26.872981250000002
2026-09-17T00:30:00.000Z,MCT2408045,15.619444,73.878889,25.625,178.11999999999995,627.625,86.75388874999999,10.776875000000002,15.995000000000001,3.020000000000001,9.7,4.519999999999998,2.5300000000000002,26.87633375
2026-09-17T00:40:00.000Z,MCT2408045,15.619444,73.878889,25.5,178.11999999999995,631.3125,86.70906499999998,10.662500000000001,16.3075,3.020000000000001,9.7,4.519999999999998,2.5300000000000002,26.87834500000001
2026-09-17T00:50:00.000Z,MCT2408045,15.619444,73.878889,25.5625,178.11999999999995,635.75,86.81682875,10.693125000000002,16.37375,3.020000000000001,9.7,4.519999999999998,2.5300000000000002,26.842818124999994
2026-09-17T00:55:36.561Z,MCT2408045,15.619444,73.878889,25.666666666666668,178.12,627.5555555555555,86.86838111111109,10.83222222222222,16.236666666666665,3.02,9.89,4.708888888888889,2.53,26.831420000000005
2026-09-17T00:00:00.000Z,MCT2408022,15.475833,74.038889,25.571428571428573,150,450.2857142857143,90.26443000000002,3.7271428571428564,11.566694285714288,6.714285714285714,21.285714285714285,11.571428571428571,4.309418571428571,26.452978571428577
2026-09-17T00:10:00.000Z,MCT2408022,15.475833,74.038889,24.6875,150,452.4375,90.316336875,3.584375,11.380710624999999,6.0625,19.9375,11,4.303208187499999,26.42185625
2026-09-17T00:20:00.000Z,MCT2408022,15.475833,74.038889,25.066666666666666,150,458.53333333333336,90.40146733333336,3.5853333333333333,11.413386,6.466666666666667,20.333333333333332,11,4.291042399999999,26.402417333333332
2026-09-17T00:30:00.000Z,MCT2408022,15.475833,74.038889,28.5625,150,460.1875,90.29869375,3.6325000000000003,11.3881775,9.0625,27.625,14.6875,4.3197181250000005,26.444646874999993
2026-09-17T00:40:00.000Z,MCT2408022,15.475833,74.038889,28.5,150,468.8125,90.21858624999999,3.584374999999999,11.343310624999999,9,28.4375,15.6875,4.287868875,26.460735624999998
2026-09-17T00:50:00.000Z,MCT2408022,15.475833,74.038889,26.1875,150,463.1875,90.27199062500002,3.6118750000000004,11.476028125000001,7.8125,23.8125,12.5625,4.317017187499999,26.425208125000008
2026-09-17T00:55:36.576Z,MCT2408022,15.475833,74.038889,27.11111111111111,150,461.55555555555554,90.29737000000002,3.8133333333333335,11.368473333333334,8.555555555555555,25.88888888888889,13.777777777777779,4.303884,26.390501111111114
2026-09-17T00:00:00.000Z,MCT2408032,15.525556,73.828611,34.72727272727273,194.6772727272727,415.54545454545456,71.07491909090909,14.28090909090909,18.508181818181814,7.120000000000001,18.490000000000002,8.492727272727272,3.080909090909091,31.773740909090908
2026-09-17T00:10:00.000Z,MCT2408032,15.525556,73.828611,35.52,198.48640000000003,416.44,71.2250364,15.209600000000005,18.437600000000003,7.120000000000002,19.456400000000002,9.456800000000001,2.9696000000000002,31.775262
2026-09-17T00:20:00.000Z,MCT2408032,15.525556,73.828611,35.52,198.55280000000002,431.04,71.5073236,15.155200000000004,18.788400000000003,7.5744,23.4384,12.516000000000002,2.9476000000000004,31.724209200000004
2026-09-17T00:30:00.000Z,MCT2408032,15.525556,73.828611,35.28,187.52560000000003,455.8,69.86700520000001,14.936400000000006,19.295199999999998,7.688000000000001,24.064399999999996,12.912400000000009,2.7592000000000008,32.3338244
2026-09-17T00:40:00.000Z,MCT2408032,15.525556,73.828611,35.08,191.04600000000002,455.12,68.74060040000002,14.8096,19.419599999999996,7.518,23.952399999999994,13.250800000000002,2.8147999999999995,32.720785199999995
2026-09-17T00:50:00.000Z,MCT2408032,15.525556,73.828611,35.92,185.1376,451.08,68.45098920000002,15.293200000000004,19.585199999999997,12.189200000000003,37.605999999999995,20.159199999999995,2.7196000000000002,32.77655600000001
2026-09-17T00:55:36.581Z,MCT2408032,15.525556,73.828611,35.785714285714285,179.51214285714286,437.7142857142857,69.19204357142857,14.990714285714288,19.541428571428565,13.732857142857139,41.55214285714287,21.94142857142857,2.6957142857142853,32.57394428571428
2026-09-17T00:00:00.000Z,MCT2408036,15.171567,74.067106,78.33333333333333,128.80821666666665,607.3333333333334,86.76453666666667,16.66,14.451666666666666,2.6299999999999994,7.6000000000000005,4.05,38.60833333333333,27.206799999999998
2026-09-17T00:10:00.000Z,MCT2408036,15.171567,74.067106,64.4,165.17479333333333,615.4666666666667,87.30698600000002,11.756666666666666,13.186666666666667,2.63,7.599999999999998,4.049999999999999,23.383333333333336,27.033768666666663
2026-09-17T00:20:00.000Z,MCT2408036,15.171567,74.067106,62.285714285714285,130.42170000000002,592.5714285714286,87.49932,10.865714285714288,10.659999999999998,2.6299999999999994,7.599999999999999,4.049999999999999,21.684285714285718,27.047455000000006
2026-09-17T00:30:00.000Z,MCT2408036,15.171567,74.067106,91.875,175.03179375000002,618.9375,87.29462062500002,20.765624999999996,15.001249999999999,2.63,7.663124999999998,4.113749999999999,73.614375,27.12837125
2026-09-17T00:40:00.000Z,MCT2408036,15.171567,74.067106,81.875,149.91910000000001,628.0625,88.07854062499999,19.07875,15.560625000000002,2.63,7.599999999999998,4.049999999999999,41.207499999999996,26.914540625
2026-09-17T00:50:00.000Z,MCT2408036,15.171567,74.067106,67,134.22526666666667,615.0666666666667,88.68536399999999,13.838666666666665,13.090000000000002,2.63,7.599999999999998,4.049999999999999,26.152,26.763498000000006
2026-09-17T00:55:36.599Z,MCT2408036,15.171567,74.067106,83.22222222222223,148.3939111111111,628.6666666666666,89.18771777777779,19.99222222222222,18.165555555555557,2.6299999999999994,7.6000000000000005,4.05,38.080000000000005,26.713445555555552
2026-09-17T00:00:00.000Z,MCT2408031,15.290833,74.149167,17.142857142857142,175.75591428571428,574.7142857142857,87.49278000000002,7.211933,7.155978857142857,3.3314285714285714,8.448571428571428,4.489999999999999,5.221428571428572,26.399352857142862
2026-09-17T00:10:00.000Z,MCT2408031,15.290833,74.149167,17.0625,175.9999375,549.125,87.40333937500002,7.3739705,8.500825250000002,2.86,7.445,3.870000000000001,5.298749999999999,26.385659999999998
2026-09-17T00:20:00.000Z,MCT2408031,15.290833,74.149167,16.875,168.10706249999998,539.4375,87.36853,7.173511375,8.011301437500002,3.186875,8.178749999999999,4.28625,4.904375,26.331364375
2026-09-17T00:30:00.000Z,MCT2408031,15.290833,74.149167,19.4375,155.34259375,546.625,87.35422500000003,6.9994456875,7.980804999999999,6.042499999999999,15.678749999999999,8.39375,5.00875,26.297849375000006
2026-09-17T00:40:00.000Z,MCT2408031,15.290833,74.149167,17.125,153.06980000000001,546.0625,87.37997500000002,6.9994455625,8.618254687499999,5.031874999999999,12.851875000000001,6.844374999999999,4.911874999999999,26.27170687500001
2026-09-17T00:50:00.000Z,MCT2408031,15.290833,74.149167,17.125,140.96911875,551.3125,87.43576499999998,7.1162371874999995,8.33668175,5.325625000000001,13.61375,7.3218749999999995,5.2575,26.268355000000007
2026-09-17T00:55:36.625Z,MCT2408031,15.290833,74.149167,16.88888888888889,143.25458888888886,554.4444444444445,87.47788333333334,7.100694444444446,8.193264444444445,4.075555555555556,10.436666666666667,5.661111111111111,5.102222222222221,26.277292222222222
2026-09-17T00:00:00.000Z,MCT2408039,15.163611,74.110833,29.714285714285715,337.57142857142856,651.7142857142857,87.2944157142857,13.444285714285714,10.299999999999999,9.019999999999998,28.94,11.760000000000002,2.3000000000000003,26.555632857142857
2026-09-17T00:10:00.000Z,MCT2408039,15.163611,74.110833,29.375,330.33750000000003,642.3125,87.29462125,12.569999999999999,10.3,9.019999999999998,28.94,11.759999999999998,2.3,26.575358749999992
2026-09-17T00:20:00.000Z,MCT2408039,15.163611,74.110833,29.125,342.476875,644.5625,87.28174874999999,12.143749999999999,10.3,9.019999999999998,28.94,11.759999999999998,2.3,26.608873125000002
2026-09-17T00:30:00.000Z,MCT2408039,15.163611,74.110833,29,341.89500000000004,611.625,87.05524937499999,12.12,10.3,9.019999999999998,28.94,11.759999999999998,2.3,26.677246249999993
2026-09-17T00:40:00.000Z,MCT2408039,15.163611,74.110833,29.3125,333.39875000000006,637.5,87.06144749999999,11.843124999999997,10.3,9.019999999999998,28.94,11.759999999999998,2.3,26.699366875
2026-09-17T00:50:00.000Z,MCT2408039,15.163611,74.110833,29.1875,328.5775,656.8125,87.13535749999997,12.178749999999999,10.3,9.019999999999998,28.94,11.759999999999998,2.3,26.708755625000006
2026-09-17T00:55:36.824Z,MCT2408039,15.163611,74.110833,29.88888888888889,315.73444444444453,661.2222222222222,87.08793555555556,13.42888888888889,10.299999999999999,9.019999999999998,28.940000000000005,11.760000000000002,2.3000000000000003,26.699143333333335
2026-09-17T00:00:00.000Z,MCT2408035,15.236111,74.125,44.57142857142857,190,750.4285714285714,89.04699714285714,17.113092857142856,7.5457142857142845,3.8000000000000003,10.19,4.910000000000001,3.829999999999999,26.83755142857143
2026-09-17T00:10:00.000Z,MCT2408035,15.236111,74.125,46.5625,190,759.6875,89.12853500000003,18.669199375,7.90125,3.799999999999999,10.19,4.909999999999998,3.8299999999999987,26.801258125000007
2026-09-17T00:20:00.000Z,MCT2408035,15.236111,74.125,45.5,190,770.75,89.20959937500002,17.872835625,8.030625,3.799999999999999,10.19,4.909999999999998,3.8299999999999987,26.838126250000006
2026-09-17T00:30:00.000Z,MCT2408035,15.236111,74.125,45.6875,190,779.375,89.36361750000002,18.018738749999997,8.071250000000001,3.799999999999999,10.19,4.909999999999998,3.8299999999999987,26.857565625000007
2026-09-17T00:40:00.000Z,MCT2408035,15.236111,74.125,45.6875,190,786.9375,89.47758000000002,17.989093125,8.015625,3.799999999999999,10.19,4.909999999999998,3.8299999999999987,26.8307525
2026-09-17T00:50:00.000Z,MCT2408035,15.236111,74.125,46.0625,190,788.9375,89.47280937500001,18.261135624999998,7.938125,3.799999999999999,10.19,4.909999999999998,3.8299999999999987,26.861586249999995
2026-09-17T00:55:36.816Z,MCT2408035,15.236111,74.125,45.22222222222222,190,784.6666666666666,89.51662888888887,17.58432333333333,7.842222222222221,3.8000000000000003,10.19,4.91,3.829999999999999,26.920798888888893
2026-09-17T00:00:00.000Z,MCT2408038,15.188889,74.055556,21.428571428571427,373.7585714285714,753.1428571428571,86.97289,9.27142857142857,13.33,5.950000000000001,16.900000000000002,7.9399999999999995,4.751428571428572,27.068905714285716
2026-09-17T00:10:00.000Z,MCT2408038,15.188889,74.055556,21.3125,377.9081249999999,760.6875,87.09768562499998,9.0375,13.330000000000005,5.950000000000002,16.900000000000002,7.939999999999999,4.737500000000001,27.0801075
2026-09-17T00:20:00.000Z,MCT2408038,15.188889,74.055556,21.25,385.19062500000007,763.75,87.15633999999999,9.129374999999998,13.330000000000005,5.950000000000002,16.900000000000002,7.939999999999999,4.741249999999999,27.093513125000005
2026-09-17T00:30:00.000Z,MCT2408038,15.188889,74.055556,21.4375,306.669375,773,87.16969,9.171249999999999,13.330000000000005,5.950000000000002,16.900000000000002,7.939999999999999,4.73125,27.141776249999992
2026-09-17T00:40:00.000Z,MCT2408038,15.188889,74.055556,21.4,336.97599999999994,772.5333333333333,87.03334533333334,9.181999999999997,13.330000000000005,5.950000000000002,16.900000000000002,7.939999999999999,4.727333333333334,27.16175266666667
2026-09-17T00:50:00.000Z,MCT2408038,15.188889,74.055556,21.1875,366.45125,767.3125,87.14107874999998,9.008124999999998,13.330000000000005,5.950000000000002,16.900000000000002,7.939999999999999,4.709375,27.153171249999996
2026-09-17T00:55:36.833Z,MCT2408038,15.188889,74.055556,23.444444444444443,273.47,768.2222222222222,87.20576888888891,8.95111111111111,13.33,8.123333333333333,22.643333333333334,10.718888888888891,4.661111111111111,27.19249777777778
2026-09-17T00:00:00.000Z,MCT2408026,15.2467,74.198281,117,125,556.5454545454545,87.8235190909091,13.025163636363636,12.5,5.329090909090909,17.584545454545452,9.642727272727273,50.54545454545455,27.316976363636364
2026-09-17T00:10:00.000Z,MCT2408026,15.2467,74.198281,117,125,569.0416666666666,87.52111999999998,13.056968750000003,12.5,5.318333333333335,17.126666666666665,9.20041666666667,50.56875,27.367676666666668
2026-09-17T00:20:00.000Z,MCT2408026,15.2467,74.198281,117,125,543.4583333333334,87.24836708333338,12.928981666666667,12.5,5.161250000000002,17.084583333333338,9.441666666666668,50.43125,27.46241541666667
2026-09-17T00:30:00.000Z,MCT2408026,15.2467,74.198281,117,125,537.25,87.00899583333334,13.04122166666667,12.5,4.847500000000003,15.273333333333332,8.234583333333335,50.48750000000001,27.58396458333334
2026-09-17T00:40:00.000Z,MCT2408026,15.2467,74.198281,117,125,572.5416666666666,87.40445125000002,13.117395416666668,12.5,4.9650000000000025,16.03875,8.75791666666667,50.4625,27.504420833333338
2026-09-17T00:50:00.000Z,MCT2408026,15.2467,74.198281,117,125,553.12,87.25561560000001,13.0173764,12.5,4.8804000000000025,15.706800000000003,8.599600000000002,50.46199999999999,27.572309600000008
2026-09-17T00:55:36.839Z,MCT2408026,15.2467,74.198281,117,125,541.3846153846154,87.06804923076923,12.704356923076924,12.5,5.310769230769231,17.036153846153848,9.345384615384614,50.542307692307695,27.687776923076925
