time,device_id,latitude,longitude,aqi,co,co2,hum,no2,o3,pm1,pm10,pm25,so2,temp
2026-09-27T18:30:00.000Z,MCT2408028,15.186944,74.096667,43.84,557.4720000000001,534.2,88.46685679999999,19.228799999999993,11.625600000000002,12.266800000000003,40.170399999999994,22.707200000000004,3.2020000000000004,25.120556
2026-09-27T18:40:00.000Z,MCT2408028,15.186944,74.096667,43.68,550.0028,535.96,88.5202648,19.0632,11.691200000000002,12.546800000000003,40.44879999999999,22.627200000000002,3.2996000000000003,25.086232799999994
2026-09-27T18:40:59.542Z,MCT2408028,15.186944,74.096667,44.5,548.305,537.5,88.532015,19.88,11.56,12.485,39.775,21.869999999999997,3.7649999999999997,25.072505
2026-09-27T18:30:00.000Z,MCT2408020,15.543475,74.039433,59.5,180,668.875,85.51840125000001,8.858458375000001,18.65212,24.700000000000003,75.140625,39.436875,3.6599999999999984,26.89376125
2026-09-27T18:40:00.000Z,MCT2408020,15.543475,74.039433,57.8125,180,675.125,85.711043125,8.997347625,18.659694374999997,23.829375000000002,71.81875,37.52187500000001,3.6599999999999984,26.77846749999999
2026-09-27T18:40:59.542Z,MCT2408020,15.543475,74.039433,57.5,180,675.5,85.92657,8.871203000000001,17.79705,24.12,71.295,36.71,3.66,26.74562
2026-09-27T18:30:00.000Z,MCT2408057,15.272222,74.104722,30.56,308.8688,491.16,84.2944948,12.3004,9.264800000000003,11.513199999999998,33.020799999999994,16.957600000000003,1.476,27.420874400000002
2026-09-27T18:40:00.000Z,MCT2408057,15.272222,74.104722,31.181818181818183,310.1927272727273,478.8181818181818,83.84721636363639,12.176363636363634,9.438636363636364,11.917727272727268,34.20909090909091,17.559090909090912,1.5036363636363639,27.599239090909087
2026-09-27T18:40:59.552Z,MCT2408057,15.272222,74.104722,30.5,308.34000000000003,475,83.87427,12.145,9.285,11.620000000000001,33.36,17.16,1.505,27.555365000000002
2026-09-27T18:30:00.000Z,MCT2408056,15.579167,73.920833,59.875,180,559.8125,88.54202749999999,6.584375,9.123532875,23.224999999999998,67.91,36.550625000000004,1.5599999999999998,26.32466124999999
2026-09-27T18:40:00.000Z,MCT2408056,15.579167,73.920833,60.13333333333333,180,551.9333333333333,88.64772466666666,6.637333333333332,9.158372000000002,23.33466666666666,68.126,36.67466666666667,1.5599999999999998,26.309467333333327
2026-09-27T18:40:59.560Z,MCT2408056,15.579167,73.920833,60,180,552.5,88.61975,7.1,9,23.46,68.31,36.55,1.56,26.30589
2026-09-27T18:30:00.000Z,MCT2408055,15.585833,73.885556,74.25,72.64687500000001,765.875,86.71955562499998,9.48125,5.295,12.764375,36.142500000000005,19.639375,22.32125,26.51034000000001
2026-09-27T18:40:00.000Z,MCT2408055,15.585833,73.885556,74.4375,54.6675,772.6875,86.97466187500001,9.442499999999999,4.985,15.600624999999997,44.28375,23.985000000000003,22.468125,26.469446875000003
2026-09-27T18:40:59.582Z,MCT2408055,15.585833,73.885556,74,56.135000000000005,789,87.02521,9.35,6.07,15.73,44.41,23.86,22.215,26.39169
2026-09-27T18:30:00.000Z,MCT2408021,15.500556,74.053333,50.4375,375,532.375,84.10744000000001,21.886875000000003,15.033759375,7.319375000000001,22.608125,14.078125,4.208125,27.094185
2026-09-27T18:40:00.000Z,MCT2408021,15.500556,74.053333,50.1875,375,542.4375,84.1975625,21.711250000000003,14.882677499999998,7.051875,22.118125000000003,13.929374999999999,4.14625,27.047932499999998
2026-09-27T18:40:59.785Z,MCT2408021,15.500556,74.053333,50.5,375,551,84.37399500000001,21.92,14.828714999999999,7.38,21.955,13.33,4.220000000000001,26.97085
2026-09-27T18:30:00.000Z,MCT2408052,15.444425,74.063856,27.9375,160,782.4375,85.155528125,3.4585964375000002,8,10.324999999999998,30.797500000000003,15.510625,2,26.690651875000004
2026-09-27T18:40:00.000Z,MCT2408052,15.444425,74.063856,29.1875,160,781.75,85.41588375000002,3.4643860625,8,11.393125,33.231874999999995,16.4175,2,26.663169375000006
2026-09-27T18:40:59.785Z,MCT2408052,15.444425,74.063856,28,160,787,85.46881,3.48772,8,10.7,31.38,15.53,2,26.64909
2026-09-27T18:30:00.000Z,MCT2408043,15.221111,74.087222,51.9375,171.85625000000005,704.75,85.18270875000002,14.213749999999997,10.185624999999998,18.443749999999998,56.970000000000006,29.624374999999997,5.290000000000001,26.600158750000002
2026-09-27T18:40:00.000Z,MCT2408043,15.221111,74.087222,49.375,178.08062500000003,687.6875,85.271875625,14.191874999999996,10.251875,16.938125,51.579375,26.659999999999993,5.290000000000001,26.480843749999995
2026-09-27T18:40:59.791Z,MCT2408043,15.221111,74.087222,49,182.26,713,85.14838,14,9.92,17.73,51.5,25.62,5.29,26.43459
2026-09-27T18:30:00.000Z,MCT2408053,15.263333,74.110833,104.25,169.0983875,672.875,90.69494500000002,14.2375,26.409374999999994,10.1,34.21125,21.924375,35.87,26.091389999999993
2026-09-27T18:40:00.000Z,MCT2408053,15.263333,74.110833,119.92307692307692,199.81377692307692,683,90.16734538461537,35.43692307692308,24.23461538461538,10.029230769230772,33.50615384615385,21.431538461538466,35.815384615384616,26.155741538461537
2026-09-27T18:40:59.785Z,MCT2408053,15.263333,74.110833,104.5,198.31645,701.5,90.00067,14.65,27.799999999999997,9.18,31.115000000000002,19.740000000000002,36.125,26.14501
2026-09-27T18:30:00.000Z,MCT2408051,15.486528,74.033889,52.6875,369.64062499999994,603.5,97.51085437499998,22.509999999999998,5.1899999999999995,11.036249999999999,34.49375,18.668125000000007,4.39,25.324545000000004
2026-09-27T18:40:00.000Z,MCT2408051,15.486528,74.033889,52.5,363.89250000000004,602.5,97.672504375,22.411874999999995,5.1899999999999995,11.153124999999998,35.193125,19.251250000000002,4.4925,25.251480625
2026-09-27T18:40:59.818Z,MCT2408051,15.486528,74.033889,53,364.06,602,97.6911,22.71,5.19,11.82,37.29,20.54,4.39,25.23338
2026-09-27T18:30:00.000Z,MCT2408050,15.553611,73.958333,51.0625,86.02999999999999,603.125,91.53274937500004,11.033749999999998,4.2575,18.978749999999998,57.964999999999996,29.929375000000004,2.118125,25.406994374999993
2026-09-27T18:40:00.000Z,MCT2408050,15.553611,73.958333,51.0625,86.02999999999999,608.25,91.4683775,10.884374999999999,4.38875,18.8725,58.071875,30.088749999999997,2.17875,25.388895625
2026-09-27T18:41:00.019Z,MCT2408050,15.553611,73.958333,51,86.03,617,91.40448,11.52,4.41,18.66,57.54,29.77,1.62,25.36208
2026-09-27T18:30:00.000Z,MCT2408034,15.356389,74.123611,42.416666666666664,180,566.0416666666666,72.26837041666666,6.150000000000002,3.9908333333333332,15.190833333333336,47.71208333333334,25.159166666666668,1.1099999999999997,30.372490416666654
2026-09-27T18:40:00.000Z,MCT2408034,15.356389,74.123611,39.857142857142854,180,575.0952380952381,72.16859714285712,6.150000000000001,4.1761904761904765,13.583333333333334,42.5152380952381,22.235714285714284,1.1171428571428568,30.352827142857148
2026-09-27T18:41:00.034Z,MCT2408034,15.356389,74.123611,38.333333333333336,180,579.3333333333334,72.30810666666667,6.150000000000001,3.9,12.76,39.39,20.63,1.11,30.242003333333333
2026-09-27T18:30:00.000Z,MCT2408030,15.142519,74.075003,36.5625,163,651.3125,80.56692499999998,8.873125,6.200000000000002,13.003125000000002,38.206250000000004,20.649375000000003,4.546875,26.428559999999997
2026-09-27T18:40:00.000Z,MCT2408030,15.142519,74.075003,33.1875,163,641.25,80.65084562500002,8.93,6.200000000000002,10.602500000000003,31.363125000000004,17.098749999999995,4.538125000000001,26.352815000000007
2026-09-27T18:41:00.034Z,MCT2408030,15.142519,74.075003,34.5,163,627.5,80.66992,8.92,6.2,11.715,34.67,18.93,4.005,26.32198
2026-09-27T18:30:00.000Z,MCT2408029,15.333611,74.206944,21.1875,148.85488750000002,834.0625,90.77410125,5.674999999999999,8.888125,6.9125000000000005,20.990000000000002,11.469999999999999,3.566875,25.569879999999994
2026-09-27T18:40:00.000Z,MCT2408029,15.333611,74.206944,20.375,149.5556875,830,90.71068312499999,4.463125,8.90875,6.654375,20.593125,11.3975,3.734375,25.557141875000003
2026-09-27T18:41:00.035Z,MCT2408029,15.333611,74.206944,21,155.1487,802,90.76361,8.23,7.36,6.47,20.23,11.18,3.5,25.50151
2026-09-27T18:30:00.000Z,MCT2408023,15.499722,74.020833,68.8125,187.1775,553.0625,91.13935687500002,8.9325,18.348125000000003,21.151249999999997,66.64812500000001,41.6875,4.983124999999999,25.848733750000008
2026-09-27T18:40:00.000Z,MCT2408023,15.499722,74.020833,69,191.60846153846157,549.4615384615385,91.15799,9.028461538461539,18.99923076923077,21.15615384615385,66.83076923076925,41.71538461538462,5.0576923076923075,25.846361538461533
2026-09-27T18:41:00.048Z,MCT2408023,15.499722,74.020833,70.5,189.21,541.5,91.37777500000001,8.73,19.08,22.18,69.655,43.5,4.985,25.780365
2026-09-27T18:30:00.000Z,MCT2408027,15.275556,74.1075,56.5,683.2575,631.3125,89.39222749999999,6.579999999999999,12.892499999999998,21.204999999999995,64.686875,34.15125,2.9500000000000006,26.31795875
2026-09-27T18:40:00.000Z,MCT2408027,15.275556,74.1075,55.0625,682.8350000000002,640.75,89.498560625,6.579999999999999,12.860624999999999,20.463124999999994,61.729375000000005,32.299375000000005,2.9500000000000006,26.222103750000002
2026-09-27T18:41:00.256Z,MCT2408027,15.275556,74.1075,56,680.36,656,89.6192,6.58,12.63,20.71,64.07,34.58,2.95,26.15574
2026-09-27T18:30:00.000Z,MCT2408040,15.528056,74.020833,18.5,100,539.8125,87.82820124999999,7.593750000000002,4.6343749999999995,3.851874999999999,11.448750000000002,5.552499999999999,3.5,26.410459999999997
2026-09-27T18:40:00.000Z,MCT2408040,15.528056,74.020833,18.5625,100,548.5,87.83630624999998,7.709375,4.693749999999999,4.106249999999999,12.105,5.822499999999999,3.5,26.356836250000004
2026-09-27T18:41:00.279Z,MCT2408040,15.528056,74.020833,18,100,551,87.87207,7.49,4.75,4.42,12.98,6.24,3.5,26.31662
2026-09-27T18:30:00.000Z,MCT2408044,15.313669,74.140042,42.75,214.29,563.9375,92.23751499999999,11.074375,4.056875,24.424375,65.5625,37.90375,2.6968750000000004,24.924364375
2026-09-27T18:40:00.000Z,MCT2408044,15.313669,74.140042,54.0625,214.29,558.1875,92.73056374999999,11.053125,3.7075000000000005,31.789375,87.78125,51.9925,2.7076121250000003,24.855322500000007
2026-09-27T18:41:00.284Z,MCT2408044,15.313669,74.140042,34,214.29,548,93.15161,10.81,3.32,17.82,47.5,27.57,2.646154,24.84728
2026-09-27T18:30:00.000Z,MCT2408046,15.529167,74.07,33.92,95.52,678.2,83.51812759999997,13.592,0.5196000000000001,12.641199999999992,38.17079999999999,18.801599999999997,3.3716000000000004,27.526408400000008
2026-09-27T18:40:00.000Z,MCT2408046,15.529167,74.07,32.12,95.52,681.52,83.90020719999998,13.425999999999998,0.5268,11.682399999999998,35.23919999999999,17.4464,3.4112,27.3856956
2026-09-27T18:41:00.285Z,MCT2408046,15.529167,74.07,31,95.52,677.5,83.92004,13.71,0.505,10.75,32.22,15.73,3.6100000000000003,27.37304
2026-09-27T18:30:00.000Z,MCT2408049,15.475278,74.055833,56.8125,151.26099374999998,554.625,85.38631875000002,24.334375,15.294375000000002,11.885,35.33250000000001,18.124999999999996,2.61,26.67858687500001
2026-09-27T18:40:00.000Z,MCT2408049,15.475278,74.055833,56.3125,153.22916874999999,558.875,85.3090725,24.0325,14.82375,11.932500000000003,35.428125,18.220625000000002,2.61,26.626302499999994
2026-09-27T18:41:00.284Z,MCT2408049,15.475278,74.055833,57,150,566,85.31622,24.48,20.19,12.27,36,18.41,2.61,26.59547
2026-09-27T18:30:00.000Z,MCT2408037,15.394444,74.118333,34.5625,160,525.625,84.82031000000003,10.023125,9.515,10.360624999999999,36.23562499999999,18.083750000000002,3.6275000000000004,26.328010624999994
2026-09-27T18:40:00.000Z,MCT2408037,15.394444,74.118333,33.4375,160,530.9375,84.94095125000001,10.22625,7.8500000000000005,9.848749999999997,34.14125,16.911875000000002,3.46125,26.327339999999996
2026-09-27T18:41:00.498Z,MCT2408037,15.394444,74.118333,33,160,539.5,84.969085,9.995000000000001,6.885,8.92,32.705,16.865,3.4299999999999997,26.32734
2026-09-27T18:30:00.000Z,MCT2408042,15.213889,74.071667,61.5,237.024375,476.25,87.99843187500001,26.291874999999997,13.82375,14.503125000000002,43.034375000000004,22.093125,2.9881249999999997,26.35147375
2026-09-27T18:40:00.000Z,MCT2408042,15.213889,74.071667,61.13333333333333,239.98733333333337,475.26666666666665,88.09841,26.1,14.076666666666666,13.832,40.79533333333333,20.71066666666667,3.070666666666667,26.28658666666667
2026-09-27T18:41:00.520Z,MCT2408042,15.213889,74.071667,61,241.465,482.5,88.17343500000001,26.07,14.31,12.74,36.935,18.22,3.665,26.25227
2026-09-27T18:30:00.000Z,MCT2408024,15.148056,74.131667,42.36,197.66808400000002,797.96,79.6854248,18.150988399999996,8.89812396,9.470000000000004,29.50000000000001,16.070000000000004,7.300800000000001,26.326914
2026-09-27T18:40:00.000Z,MCT2408024,15.148056,74.131667,42.2,197.67785200000006,797.16,79.88500919999998,17.999999999999996,9.32063436,9.710000000000003,30.50000000000001,16.668800000000005,7.264000000000001,26.254412799999987
2026-09-27T18:41:00.524Z,MCT2408024,15.148056,74.131667,41.5,200.59525,656,79.97565,17.614935,6.017316,9.99,30.98,16.99,7.03,26.27372
2026-09-27T18:30:00.000Z,MCT2408041,15.224628,74.171389,32.625,392.09559375,572.1875,87.83964375000001,13.688749999999999,9.7,9.700625,29.21062500000001,15.216875000000002,7.764374999999999,26.071949375
2026-09-27T18:40:00.000Z,MCT2408041,15.224628,74.171389,32.25,397.62753749999996,571.0625,87.95694750000001,13.500625000000001,9.7,9.396875,29.008125000000007,15.420625000000003,7.755,26.071949375
2026-09-27T18:41:00.524Z,MCT2408041,15.224628,74.171389,32,402.85709999999995,578,88.127655,13.41,9.7,9.295,27.54,14.155000000000001,8.14,25.9895
2026-09-27T18:30:00.000Z,MCT2408033,15.346944,74.007778,25.0625,110,629.1875,88.31123749999999,7.757499999999998,4.030624999999999,10.756874999999999,27.051250000000003,16.139375,4.39,26.177860624999997
2026-09-27T18:40:00.000Z,MCT2408033,15.346944,74.007778,26,110,596.1428571428571,88.37343142857141,7.436428571428571,3.951428571428571,11.474285714285713,28.865714285714287,17.144285714285715,4.39,26.189449285714286
2026-09-27T18:41:00.525Z,MCT2408033,15.346944,74.007778,25,110,542,88.25354,6.58,3.89,10.3,26.15,15.88,4.39,26.23082
2026-09-27T18:30:00.000Z,MCT2408045,15.619444,73.878889,30.5625,178.11999999999995,543.1875,85.41302124999997,10.384374999999999,16.005625,9.248750000000001,31.049375,15.903125000000005,2.5300000000000002,26.334716249999996
2026-09-27T18:40:00.000Z,MCT2408045,15.619444,73.878889,30.125,178.11999999999995,550.4375,85.50981875000001,10.575625,16.161250000000003,9.028125000000001,30.30125,15.479375000000003,2.5300000000000002,26.2743875
2026-09-27T18:41:00.742Z,MCT2408045,15.619444,73.878889,30,178.12,556,85.6214,10.295,15.969999999999999,8.81,29.945,15.55,2.53,26.23082
2026-09-27T18:30:00.000Z,MCT2408031,15.290833,74.149167,24.3125,140,518.75,86.81730562499999,6.926995187500001,8.005776562500001,9.285625,24.5925,13.63125,4.4825,25.270249999999997
2026-09-27T18:40:00.000Z,MCT2408031,15.290833,74.149167,24.4375,140,521.75,86.85545374999998,6.9578756875000005,8.6192235,9.373125,24.728125000000006,13.571250000000003,4.5668750000000005,25.236733750000006
2026-09-27T18:41:00.770Z,MCT2408031,15.290833,74.149167,24.5,140,524,86.92603,6.9225085,8.732778,9.285,25.215,14.29,4.74,25.20657
2026-09-27T18:30:00.000Z,MCT2408032,15.525556,73.828611,88.52,178.92999999999995,498.6,72.716126,14.589200000000003,18.214800000000004,33.888799999999996,101.21000000000002,52.435200000000016,2.7212,31.5701972
2026-09-27T18:40:00.000Z,MCT2408032,15.525556,73.828611,86.44,178.92999999999995,469.8,70.50939879999999,15.2584,18.443200000000004,31.896400000000003,97.2264,51.13200000000002,2.6031999999999997,32.35055719999999
2026-09-27T18:41:00.769Z,MCT2408032,15.525556,73.828611,84,178.92999999999998,484.3333333333333,69.85652333333333,16.01,19.34,30.373333333333335,91.97333333333331,48.60333333333333,2.56,32.58722
2026-09-27T18:30:00.000Z,MCT2408022,15.475833,74.038889,48.3125,150,474.6875,89.23820937499998,4.211875,11.472827500000001,17.625,53.1875,28.0625,4.245031625,25.99017
2026-09-27T18:40:00.000Z,MCT2408022,15.475833,74.038889,49.92307692307692,150,480.9230769230769,89.26472923076925,3.8469230769230767,11.431727692307692,18.923076923076923,56.53846153846154,29.384615384615383,4.237054692307693,25.98001153846154
2026-09-27T18:41:00.769Z,MCT2408022,15.475833,74.038889,50.5,150,479.5,89.32928,4.035,11.30271,19.5,58,30,4.195722999999999,25.957324999999997
2026-09-27T18:30:00.000Z,MCT2408036,15.171567,74.067106,36.4375,120,621.0625,88.826698125,9.6225,6.936875000000001,6.151875,17.825625000000002,9.309375,11.299375000000001,26.021004375000004
2026-09-27T18:40:00.000Z,MCT2408036,15.171567,74.067106,36.375,120,628.75,88.66266687499999,9.639375000000001,6.891875000000001,6.055000000000002,17.698124999999997,9.373125,11.191249999999998,26.047816249999997
2026-09-27T18:41:00.769Z,MCT2408036,15.171567,74.067106,36,120,632,88.81812,9.41,6.55,6.32,18.24,9.63,11.28,26.00559
2026-09-27T18:30:00.000Z,MCT2408035,15.236111,74.125,45.75,190,793.4375,87.11914562500002,18.048384374999998,7.820000000000001,4.654999999999999,14.550000000000002,7.875625,3.8299999999999987,26.477491249999996
2026-09-27T18:40:00.000Z,MCT2408035,15.236111,74.125,45.4375,190,791.375,87.17588812500001,17.756578125,7.55375,4.5600000000000005,14.102500000000004,7.595,3.8299999999999987,26.43995562500001
2026-09-27T18:41:00.980Z,MCT2408035,15.236111,74.125,48,190,774,87.35327,19.54985,7.58,4.56,13.96,7.55,3.83,26.42387
2026-09-27T18:30:00.000Z,MCT2408039,15.163611,74.110833,31.125,253.98625,529.5,85.81928624999999,14.059375,10.3,9.019999999999998,28.94,11.759999999999998,2.3,25.770307499999998
2026-09-27T18:40:00.000Z,MCT2408039,15.163611,74.110833,30.6875,236.47625,530.9375,86.031955,13.955625,10.3,9.019999999999998,28.94,11.759999999999998,2.3,25.694561875
2026-09-27T18:41:01.014Z,MCT2408039,15.163611,74.110833,30,271.8,535,86.10968,13.66,10.3,9.02,28.94,11.76,2.3,25.66239
2026-09-27T18:30:00.000Z,MCT2408038,15.188889,74.055556,23.133333333333333,258.8426666666667,745.0666666666667,86.03542199999998,8.747333333333332,13.330000000000005,7.678000000000001,21.46933333333334,10.469999999999999,4.657333333333333,26.513957333333334
2026-09-27T18:40:00.000Z,MCT2408038,15.188889,74.055556,23.3125,274.62375,746.875,86.02766374999999,8.84,13.330000000000005,7.856249999999999,22.054375000000007,10.848125,4.653125,26.452020624999996
2026-09-27T18:41:01.014Z,MCT2408038,15.188889,74.055556,23.5,273.88,751.5,85.96472,9.27,13.33,8.36,22.865000000000002,10.745000000000001,4.71,26.38097
2026-09-27T18:30:00.000Z,MCT2408026,15.2467,74.198281,117,125,563.8333333333334,83.91749999999998,13.010000000000003,12.5,9.492083333333332,30.382499999999993,16.47375,50.431250000000006,26.96906125
2026-09-27T18:40:00.000Z,MCT2408026,15.2467,74.198281,117,125,560.96,84.08941720000001,13.020930000000003,12.5,9.565199999999997,29.787200000000002,15.850799999999998,50.372,26.89705959999999
2026-09-27T18:41:01.462Z,MCT2408026,15.2467,74.198281,117,125,587.5,84.35492,13.37936,12.5,9.455,31.43,17.36,50.45,26.78852
2026-09-27T20:50:00.000Z,MCT2408028,15.186944,74.096667,43.76,480.55920000000015,540.16,89.30304040000003,19.163199999999993,11.694,10.709600000000002,34.5644,19.16519999999999,2.7892,24.6134724
2026-09-27T21:00:00.000Z,MCT2408028,15.186944,74.096667,43.48,475.9248000000001,534.64,89.2468872,18.860799999999998,11.798,9.950000000000003,33.4496,19.245999999999995,2.806,24.628059200000003
2026-09-27T21:10:00.000Z,MCT2408028,15.186944,74.096667,43.666666666666664,469.89999999999986,542.9166666666666,89.23232833333334,19.044999999999998,11.665416666666667,10.655833333333335,34.96791666666666,19.79916666666666,2.8862500000000004,24.597922083333334
2026-09-27T21:20:00.000Z,MCT2408028,15.186944,74.096667,43.64,468.5168,529.92,89.26733479999999,19.015199999999997,11.978799999999996,10.868400000000001,35.24,19.682799999999997,2.5792,24.618621200000003
2026-09-27T21:30:00.000Z,MCT2408028,15.186944,74.096667,43.8,464.3492,533.76,89.2261348,19.187199999999994,11.767999999999999,10.349600000000002,33.330000000000005,18.648399999999995,2.8080000000000007,24.634922399999997
2026-09-27T21:40:00.000Z,MCT2408028,15.186944,74.096667,43.48,457.62199999999996,530.96,89.19958360000003,18.860399999999995,11.8036,10.030000000000003,32.972800000000014,18.767999999999994,2.5883999999999996,24.627630400000008
2026-09-27T21:40:11.567Z,MCT2408028,15.186944,74.096667,43,460.83,529,89.20721,18.36,11.56,9.99,31.82,17.89,1.8,24.61133
2026-09-27T20:50:00.000Z,MCT2408057,15.272222,74.104722,29,330.17960000000016,496.68,84.54992800000004,12.400399999999998,9.196,8.796399999999998,25.148400000000002,12.774799999999997,1.9332000000000003,27.1355832
2026-09-27T21:00:00.000Z,MCT2408057,15.272222,74.104722,28.84,326.05520000000007,505.76,84.15960799999999,12.365199999999998,9.122799999999998,9.131599999999997,26.415999999999993,13.615199999999994,1.8927999999999998,27.325206799999993
2026-09-27T21:10:00.000Z,MCT2408057,15.272222,74.104722,28.92,330.95120000000003,497.84,84.3091432,12.4368,9.1488,8.557200000000002,24.538400000000003,12.531199999999998,1.9911999999999994,27.264286400000007
2026-09-27T21:20:00.000Z,MCT2408057,15.272222,74.104722,28.88,332.5672,495.44,84.69702080000003,12.389199999999999,9.168799999999997,8.0812,23.4756,12.11,2.0879999999999996,27.15874960000001
2026-09-27T21:30:00.000Z,MCT2408057,15.272222,74.104722,28.96,329.71920000000006,497.12,84.99914480000001,12.431199999999999,9.147199999999998,7.794800000000001,22.413199999999996,11.512800000000002,2.0467999999999997,27.109843599999998
2026-09-27T21:40:00.000Z,MCT2408057,15.272222,74.104722,28.92,331.4644,511.2,84.753784,12.3748,9.141599999999999,7.724000000000001,22.25560000000001,11.425200000000002,2.0159999999999996,27.158321200000003
2026-09-27T20:50:00.000Z,MCT2408056,15.579167,73.920833,56.6875,180,611.375,88.87915062500002,6.563124999999999,9.2844770625,20.526249999999997,60.50812499999999,32.743125000000006,1.8543749999999997,25.645628125
2026-09-27T21:00:00.000Z,MCT2408056,15.579167,73.920833,56.875,180,617.875,89.08085187500001,6.781874999999999,9.2102401875,20.46625,60.90625,33.09375000000001,1.6143749999999997,25.567199374999994
2026-09-27T21:10:00.000Z,MCT2408056,15.579167,73.920833,56.5,180,599.1875,89.171926875,7.149374999999999,15.8086851875,20.350625,60.28062499999999,32.743750000000006,1.9568749999999997,25.593340625
2026-09-27T21:20:00.000Z,MCT2408056,15.579167,73.920833,55.3125,180,607.875,88.99835875000001,6.702500000000001,9.965228312499999,19.9425,58.40375,31.515000000000004,1.8443749999999997,25.620821875000004
2026-09-27T21:30:00.000Z,MCT2408056,15.579167,73.920833,55.4375,180,605.125,89.21961125,6.520625,9.5938951875,20.001250000000002,58.801875,31.867500000000003,1.6825,25.63289
2026-09-27T21:40:00.000Z,MCT2408056,15.579167,73.920833,56.93333333333333,180,589.3333333333334,89.27384533333333,6.683333333333334,13.4452264,20.95533333333333,61.68733333333333,33.36466666666667,2.0286666666666666,25.68240799999999
2026-09-27T21:40:11.568Z,MCT2408056,15.579167,73.920833,58,180,597,89.2301,6.59,9,21.58,63.75,34.68,2.19,25.68384
2026-09-27T20:50:00.000Z,MCT2408020,15.543475,74.039433,62.06666666666667,180,671.3333333333334,86.95755933333334,8.916632133333334,18.806874666666666,26.280000000000005,80.64733333333332,42.687999999999995,3.6599999999999984,26.34879333333334
2026-09-27T21:00:00.000Z,MCT2408020,15.543475,74.039433,64.375,180,678.625,86.75197937499999,9.11243775,18.647070624999998,27.364374999999995,84.6925,45.074999999999996,3.6599999999999984,26.389682500000003
2026-09-27T21:10:00.000Z,MCT2408020,15.543475,74.039433,62.125,180,685.6875,86.634678125,8.973548874999999,18.770941875000002,25.972500000000004,80.26749999999998,42.63375,3.6599999999999984,26.393033749999997
2026-09-27T21:20:00.000Z,MCT2408020,15.543475,74.039433,60.8125,180,682.25,86.88978750000001,8.9148981875,18.577559375000003,25.221250000000005,77.41187499999998,40.89,3.6599999999999984,26.30790375
2026-09-27T21:30:00.000Z,MCT2408020,15.543475,74.039433,58.3125,180,674.8125,87.00804062499998,9.08642875,18.446113749999995,24.06125,72.634375,37.87000000000001,3.6599999999999984,26.24958625
2026-09-27T21:40:00.000Z,MCT2408020,15.543475,74.039433,56.5,180,668.6875,87.23072562499998,8.9735489375,18.8354025,22.49375,67.97375,35.783125,3.6599999999999984,26.206685625
2026-09-27T21:40:11.569Z,MCT2408020,15.543475,74.039433,57,180,669,87.2312,8.43737,18.31274,22.26,68.03,36.25,3.66,26.19864
2026-09-27T20:50:00.000Z,MCT2408055,15.585833,73.885556,74.875,66.196875,828.4375,88.02704374999998,9.54875,5.6049999999999995,15.643124999999998,44.5325,24.115000000000006,22.66875,25.867501874999995
2026-09-27T21:00:00.000Z,MCT2408055,15.585833,73.885556,74.375,65.23625,831.125,87.98460499999997,9.345624999999998,5.534999999999999,15.208124999999999,42.845625,22.963125,22.666249999999998,25.886271249999993
2026-09-27T21:10:00.000Z,MCT2408055,15.585833,73.885556,73,65.338125,820.625,88.16055687499998,9.549999999999999,5.725,14.208124999999997,40.255,21.853125,22.5275,25.84806375
2026-09-27T21:20:00.000Z,MCT2408055,15.585833,73.885556,73.1875,68.50625000000001,828.5,88.38085374999999,9.585624999999999,5.454999999999999,14.599374999999998,40.871249999999996,21.767500000000002,22.665,25.770308125000007
2026-09-27T21:30:00.000Z,MCT2408055,15.585833,73.885556,73.0625,73.31875000000001,817.4375,88.48861937499998,9.488124999999998,5.725,14.599374999999998,41.160000000000004,22.151875,22.6325,25.695233124999998
2026-09-27T21:40:00.000Z,MCT2408055,15.585833,73.885556,73,74.15187500000002,809.625,88.5496575,9.51625,5.78,15.208749999999998,42.92750000000001,23.090625000000003,22.575,25.59267125
2026-09-27T20:50:00.000Z,MCT2408053,15.263333,74.110833,104.5625,202.05657499999995,726.875,91.47696125,13.06375,27.749999999999993,10.2725,34.94000000000001,22.489375000000003,36.09624999999999,25.694563749999993
2026-09-27T21:00:00.000Z,MCT2408053,15.263333,74.110833,104.25,188.11725625000005,691.1875,91.63479375000001,16.586875,26.589999999999996,11.134375,37.0675,23.40625,36.081875000000004,25.655683749999994
2026-09-27T21:10:00.000Z,MCT2408053,15.263333,74.110833,104.3125,206.73494375,696.4375,91.74732749999997,14.995624999999999,28.329999999999995,10.617499999999998,35.852500000000006,22.8425,35.963125,25.638926874999992
2026-09-27T21:20:00.000Z,MCT2408053,15.263333,74.110833,104.3125,212.09248125,707.0625,91.83697249999997,16.484374999999996,26.993124999999992,10.617500000000001,35.488125000000004,22.489375000000003,36.183749999999996,25.64295
2026-09-27T21:30:00.000Z,MCT2408053,15.263333,74.110833,104.33333333333333,213.91065333333333,719.5333333333333,91.90700266666664,16.330666666666666,27.83266666666666,9.670666666666666,32.994666666666674,21.279333333333337,36.217999999999996,25.62448866666667
2026-09-27T21:40:00.000Z,MCT2408053,15.263333,74.110833,104.4375,190.18861874999996,688.0625,92.00434,17.399375000000003,27.473124999999992,10.271875000000001,34.090625,21.5025,36.18625,25.597360624999997
2026-09-27T21:40:11.774Z,MCT2408053,15.263333,74.110833,104,200.304,698,92.09113,23.58,30.33,9.18,32.09,21.43,36.22,25.58731
2026-09-27T20:50:00.000Z,MCT2408021,15.500556,74.053333,50.125,375,542.875,86.000006875,21.689375000000002,14.706761250000001,5.949999999999998,18.452499999999997,11.636875000000003,4.286874999999999,26.196631249999996
2026-09-27T21:00:00.000Z,MCT2408021,15.500556,74.053333,50.125,375,534.9375,86.089651875,21.630625000000006,14.954359999999998,6.129999999999999,19.375,12.289375000000001,4.245,26.291145624999995
2026-09-27T21:10:00.000Z,MCT2408021,15.500556,74.053333,50,375,534.7333333333333,86.15189800000002,21.57133333333334,14.794887999999997,6.03,18.84133333333333,11.905333333333333,4.281999999999999,26.37167266666667
2026-09-27T21:20:00.000Z,MCT2408021,15.500556,74.053333,50.0625,375,534.125,86.27514437500001,21.631875000000004,14.942078124999997,6.307499999999999,19.374375,12.052500000000002,4.2725,26.405769375000002
2026-09-27T21:30:00.000Z,MCT2408021,15.500556,74.053333,50,375,519.8125,86.37432562500003,21.614375000000003,14.854688749999998,6.0699999999999985,18.86,11.845,4.293749999999999,26.395045
2026-09-27T21:40:00.000Z,MCT2408021,15.500556,74.053333,50,375,516.875,86.44060499999999,21.526875,14.842406875,6.009999999999999,19.021874999999998,12.141250000000003,4.27375,26.380298124999992
2026-09-27T20:50:00.000Z,MCT2408052,15.444425,74.063856,28.2,160,748.8666666666667,86.83854266666668,3.4385498666666665,8,10.971333333333332,31.332,15.119333333333334,2,26.662678666666675
2026-09-27T21:00:00.000Z,MCT2408052,15.444425,74.063856,28.25,160,745.0625,87.09721062500002,3.5528510625000003,8,10.933125,31.572499999999998,15.36,2,26.677915624999994
2026-09-27T21:10:00.000Z,MCT2408052,15.444425,74.063856,27.125,160,737.875,87.09387187500003,3.517017750000001,8,10.075625000000002,29.095,14.196250000000003,2,26.718808124999995
2026-09-27T21:20:00.000Z,MCT2408052,15.444425,74.063856,27.625,160,750.25,87.14775500000002,3.5162721875000007,8,10.451875,30.256875,14.82125,2,26.78651187500001
2026-09-27T21:30:00.000Z,MCT2408052,15.444425,74.063856,37.4375,160,754.875,87.12534312500001,3.5257895625,8,18.625624999999996,50.711875000000006,23.191875,2,26.809970000000007
2026-09-27T21:40:00.000Z,MCT2408052,15.444425,74.063856,28.8125,160,754.6875,87.17636375000002,3.5608774375000007,8,11.372500000000002,32.759375,15.965000000000002,2,26.809970000000007
2026-09-27T20:50:00.000Z,MCT2408043,15.221111,74.087222,48.53333333333333,184.39399999999998,716.8,86.32177733333333,14.211333333333332,10.307333333333332,16.546000000000003,49.95399999999999,25.449333333333335,5.290000000000001,25.882606
2026-09-27T21:00:00.000Z,MCT2408043,15.221111,74.087222,46.4375,191.824375,697.5625,86.314244375,14.236249999999998,10.331875,15.03875,45.78437500000001,23.7,5.290000000000001,25.924479375
2026-09-27T21:10:00.000Z,MCT2408043,15.221111,74.087222,48.25,193.46125,678.875,86.42582250000001,14.191874999999998,10.36625,15.9875,49.486875,25.859999999999996,5.290000000000001,25.900349375000005
2026-09-27T21:20:00.000Z,MCT2408043,15.221111,74.087222,49.625,191.003125,665.375,86.53454125,14.225624999999996,10.299375000000001,16.700000000000003,52.22374999999999,27.540625,5.290000000000001,25.884929375000006
2026-09-27T21:30:00.000Z,MCT2408043,15.221111,74.087222,48.3125,191.03874999999996,699.5,86.48781187499999,14.196875,10.283124999999998,16.146250000000002,49.48750000000001,25.7,5.290000000000001,25.833316874999994
2026-09-27T21:40:00.000Z,MCT2408043,15.221111,74.087222,47.1875,191.69499999999996,736.625,86.57507375,14.208749999999997,10.322499999999998,15.591875,47.31375000000001,24.42,5.290000000000001,25.737463124999998
2026-09-27T20:50:00.000Z,MCT2408051,15.486528,74.033889,51.8125,328.73750000000007,508.5625,95.23586499999998,22.009375000000002,5.1899999999999995,9.446250000000001,30.106249999999996,16.566250000000004,4.405,25.632892500000004
2026-09-27T21:00:00.000Z,MCT2408051,15.486528,74.033889,51.75,323.8875,506.5,95.09138374999999,21.969375,5.1899999999999995,10.183124999999999,31.191249999999993,16.528125,4.39,25.76092375
2026-09-27T21:10:00.000Z,MCT2408051,15.486528,74.033889,52,324.973125,507.8125,94.65126312500003,22.12,5.1899999999999995,9.406875000000001,29.249375000000004,15.790625000000002,4.39,25.954643750000006
2026-09-27T21:20:00.000Z,MCT2408051,15.486528,74.033889,51.9375,324.443125,511.25,94.53825312499998,22.086250000000003,5.1899999999999995,8.8625,28.045,15.245625000000002,4.39,26.045135625
2026-09-27T21:30:00.000Z,MCT2408051,15.486528,74.033889,51.8125,319.135625,516.25,94.25215187500002,22.009375000000002,5.1899999999999995,8.784375,28.161875000000002,15.516875000000002,4.420625,26.1403225
2026-09-27T21:40:00.000Z,MCT2408051,15.486528,74.033889,51.6875,313.72249999999997,522.375,94.446225,21.92,5.1899999999999995,8.825000000000001,28.007499999999997,15.321250000000003,4.39,26.085354999999996
2026-09-27T20:50:00.000Z,MCT2408050,15.553611,73.958333,53.266666666666666,86.02999999999999,589.7333333333333,93.05649999999999,10.921999999999997,4.462000000000001,20.416666666666668,62.746,33,2.784666666666667,24.946662666666665
2026-09-27T21:00:00.000Z,MCT2408050,15.553611,73.958333,53,86.02999999999999,617.0625,93.08437812499999,10.809375000000003,4.46125,20.094375000000007,61.93749999999999,32.691874999999996,2.7693749999999997,25.078538125000005
2026-09-27T21:10:00.000Z,MCT2408050,15.553611,73.958333,52.4375,86.02999999999999,581.875,93.07913250000003,10.828125,4.445625,19.881874999999997,61.07750000000001,32.054375,2.84125,25.150934375000002
2026-09-27T21:20:00.000Z,MCT2408050,15.553611,73.958333,52.375,86.02999999999999,590.625,93.01762124999999,10.714375,4.52125,20.04125,61.18500000000002,31.948124999999997,2.71,25.240084999999997
2026-09-27T21:30:00.000Z,MCT2408050,15.553611,73.958333,52.875,86.02999999999999,593.0625,93.00903750000002,10.781875,4.513125,20.146875,61.99062500000001,32.63875,2.8274999999999997,25.288348750000008
2026-09-27T21:40:00.000Z,MCT2408050,15.553611,73.958333,51.75,86.02999999999999,598,92.87552000000002,10.963750000000003,4.239999999999999,19.19125,59.25124999999999,30.93875,2.8549999999999995,25.30376625000001
2026-09-27T21:40:11.964Z,MCT2408050,15.553611,73.958333,50,86.03,633,92.80066,11.52,4.68,18.66,56.68,28.92,3.17,25.31918
2026-09-27T20:50:00.000Z,MCT2408030,15.142519,74.075003,32.6875,163,678.9375,81.23831499999999,8.964375,6.200000000000002,10.485625,31.0775,17.039375,4.634375,25.705289999999994
2026-09-27T21:00:00.000Z,MCT2408030,15.142519,74.075003,31.6,163,687.4,81.16430399999997,8.960666666666667,6.200000000000002,9.683333333333334,29.13466666666667,16.346,4.529333333333333,25.705289999999994
2026-09-27T21:10:00.000Z,MCT2408030,15.142519,74.075003,31.5625,163,685.8125,81.00323062500003,8.838750000000001,6.200000000000002,9.722500000000002,28.852500000000003,16.03375,4.860625000000001,25.707971249999996
2026-09-27T21:20:00.000Z,MCT2408030,15.142519,74.075003,30.875,163,679.875,81.0399475,8.851875,6.200000000000002,9.487500000000002,27.59875,15.1475,4.833750000000001,25.705289999999994
2026-09-27T21:30:00.000Z,MCT2408030,15.142519,74.075003,30.8125,163,681.9375,81.11242999999999,9.036249999999999,6.200000000000002,9.4875,27.543125,15.086875,4.61875,25.656352499999997
2026-09-27T21:40:00.000Z,MCT2408030,15.142519,74.075003,30.125,163,681.9375,81.14293999999998,8.965,6.200000000000002,9.370000000000001,26.403125000000003,14.140625,4.684999999999999,25.605404999999994
2026-09-27T20:50:00.000Z,MCT2408034,15.356389,74.123611,36.5,180,571.4583333333334,73.23094374999998,6.150000000000002,4.174166666666666,11.58458333333333,36.14625,18.909166666666664,1.2108333333333332,30.031077499999995
2026-09-27T21:00:00.000Z,MCT2408034,15.356389,74.123611,35.75,180,566.5833333333334,73.35651250000001,6.150000000000002,4.345,11.091249999999997,34.58208333333334,18.12875,1.2983333333333333,30.016777499999993
2026-09-27T21:10:00.000Z,MCT2408034,15.356389,74.123611,35.6,180,566.4,73.55383360000002,6.150000000000002,4.110399999999999,11.049199999999999,34.39960000000001,18.0416,1.2096,29.9837424
2026-09-27T21:20:00.000Z,MCT2408034,15.356389,74.123611,37.875,180,562.1666666666666,73.6190883333333,6.150000000000002,4.452083333333333,12.685833333333335,38.91916666666667,20.238333333333333,1.2550000000000001,29.99934875000001
2026-09-27T21:30:00.000Z,MCT2408034,15.356389,74.123611,35.36,180,564.92,73.63775480000004,6.150000000000002,4.2232,10.720000000000002,33.7992,17.965999999999998,1.2588,30.02707360000001
2026-09-27T21:40:00.000Z,MCT2408034,15.356389,74.123611,34.2,180,556.2,73.6707148,6.150000000000002,4.163999999999999,10.136,31.172000000000004,16.278,1.3588,29.961864000000002
2026-09-27T20:50:00.000Z,MCT2408023,15.499722,74.020833,65.06666666666666,206.64866666666666,531.6666666666666,92.67808066666666,7.8453333333333335,20.920666666666666,17.574,57.66600000000001,37.02333333333333,4.633333333333334,24.82654266666667
2026-09-27T21:00:00.000Z,MCT2408023,15.499722,74.020833,64.0625,211.1925,526,92.706723125,8.159375,21.169375,16.951874999999998,55.8025,35.8875,4.2093750000000005,24.784938125
2026-09-27T21:10:00.000Z,MCT2408023,15.499722,74.020833,65.875,205.170625,523.3125,92.76298687500002,7.847499999999998,21.281875,18.6925,60.31500000000001,38.0625,4.125624999999999,24.841915625
2026-09-27T21:20:00.000Z,MCT2408023,15.499722,74.020833,68.9375,204.460625,525.625,92.70386125,7.883125000000001,21.188125,19.80375,64.82749999999999,41.59687500000001,4.016249999999999,24.920340625
2026-09-27T21:30:00.000Z,MCT2408023,15.499722,74.020833,66.9375,202.540625,526.9375,92.66189937499999,7.674375000000001,21.159374999999997,18.535,61.1075,39.24062500000001,4.404999999999999,24.95922125
2026-09-27T21:40:00.000Z,MCT2408023,15.499722,74.020833,65.5625,209.14874999999998,523.375,92.61945999999996,8.096874999999999,21.37,17.900625,58.73249999999999,37.60937499999999,4.2456249999999995,24.979999999999993
2026-09-27T20:50:00.000Z,MCT2408027,15.275556,74.1075,49.8,684.0646666666668,643.6,90.20564799999997,6.579999999999999,12.826666666666664,16.766000000000002,51.321999999999996,27.34,2.9500000000000006,25.716009999999997
2026-09-27T21:00:00.000Z,MCT2408027,15.275556,74.1075,48.875,680.1575,637.5,90.26674624999998,6.579999999999999,12.875624999999996,15.90375,49.59499999999999,26.865625000000005,2.9500000000000006,25.716009999999997
2026-09-27T21:10:00.000Z,MCT2408027,15.275556,74.1075,49.0625,685.0693749999999,639.125,90.23956812499999,6.579999999999999,12.787499999999996,16.211875,49.59375000000001,26.43375,2.9500000000000006,25.716009999999997
2026-09-27T21:20:00.000Z,MCT2408027,15.275556,74.1075,49.6875,682.3506250000002,660.3125,90.38071062499999,6.579999999999999,12.966249999999999,16.644375000000004,51.07249999999999,27.421875000000004,2.9500000000000006,25.708639999999995
2026-09-27T21:30:00.000Z,MCT2408027,15.275556,74.1075,48.8125,682.843125,650.9375,90.53711375,6.579999999999999,12.819374999999997,15.903125,49.163124999999994,26.371875000000003,2.9500000000000006,25.704619374999996
2026-09-27T21:40:00.000Z,MCT2408027,15.275556,74.1075,48.25,682.36375,659.25,90.39882999999998,6.579999999999999,12.816874999999994,15.6575,48.177499999999995,25.815,2.9500000000000006,25.705289374999996
2026-09-27T20:50:00.000Z,MCT2408040,15.528056,74.020833,18.6875,100,575.3125,88.69890625000001,7.773750000000001,4.714375,3.3049999999999993,9.868125,4.8075,3.5,25.720033750000006
2026-09-27T21:00:00.000Z,MCT2408040,15.528056,74.020833,18.625,100,562.3125,88.73705125000002,7.79125,4.69625,3.3100000000000005,9.89,4.840624999999999,3.5,25.750198124999997
2026-09-27T21:10:00.000Z,MCT2408040,15.528056,74.020833,18.4375,100,556.75,88.805240625,7.5550000000000015,4.6375,3.27125,9.669375,4.661875,3.5,25.8460525
2026-09-27T21:20:00.000Z,MCT2408040,15.528056,74.020833,18.8125,100,557.6875,88.77472124999998,7.853125,4.690625000000001,3.14875,9.3825,4.5725,3.5,25.974082499999998
2026-09-27T21:30:00.000Z,MCT2408040,15.528056,74.020833,18.6875,100,541.3125,88.59256874999998,7.751250000000002,4.644375,3.105,9.054375,4.30375,3.5,26.082003125000007
2026-09-27T21:40:00.000Z,MCT2408040,15.528056,74.020833,18.8125,100,550.3125,88.57063625,7.832500000000001,4.717499999999999,3.0875,9.032500000000002,4.258125,3.5,26.047818125
2026-09-27T20:50:00.000Z,MCT2408044,15.313669,74.140042,25.866666666666667,214.29,585,93.36116466666667,10.914666666666667,3.5333333333333328,9.617333333333335,25.666666666666668,14.848666666666668,3.0749572666666665,24.495492666666664
2026-09-27T21:00:00.000Z,MCT2408044,15.313669,74.140042,25.9375,214.29,589.875,93.597454375,10.9325,3.6050000000000004,9.232499999999998,24.75,14.254375000000001,3.291266125,24.367329375000004
2026-09-27T21:10:00.000Z,MCT2408044,15.313669,74.140042,25.75,214.29,587.5625,93.97415437499997,10.838125,3.5787500000000008,9.16125,24.5,14.051875,3.28365375,24.324429999999996
2026-09-27T21:20:00.000Z,MCT2408044,15.313669,74.140042,25.75,214.29,595.3125,93.699973125,10.811875,3.5906249999999997,8.875,24.3125,14.219375000000001,3.375160125,24.221870000000003
2026-09-27T21:30:00.000Z,MCT2408044,15.313669,74.140042,25.875,214.29,586.3125,94.07810437499998,10.945625000000001,3.449375,8.4425,22.78125,13.105625000000002,3.3335736875000004,24.178300625000006
2026-09-27T21:40:00.000Z,MCT2408044,15.313669,74.140042,26,214.29,584.4666666666667,94.34332266666667,10.946,4.141333333333334,8.008666666666667,21.7,12.538000000000004,3.521965733333333,24.114399333333335
2026-09-27T20:50:00.000Z,MCT2408049,15.475278,74.055833,56.8,150.59728,503.93333333333334,86.70883933333333,24.243333333333332,15.553333333333335,9.865333333333332,28.497333333333334,14.32066666666667,2.61,26.72631666666666
2026-09-27T21:00:00.000Z,MCT2408049,15.475278,74.055833,57.0625,150.64301875,506.9375,86.81396937500003,24.494374999999998,16.11375,10.49375,30.21,15.055,2.61,26.765730624999993
2026-09-27T21:10:00.000Z,MCT2408049,15.475278,74.055833,56.6875,154.00491875,501.9375,86.976571875,24.140624999999996,16.038125,10.875625,31.55125,15.870625000000004,2.61,26.802599374999996
2026-09-27T21:20:00.000Z,MCT2408049,15.475278,74.055833,56.8125,152.706575,504.125,86.92125687500001,24.307499999999997,15.479374999999997,11.355625,33.46875,16.926875,2.61,26.857564999999997
2026-09-27T21:30:00.000Z,MCT2408049,15.475278,74.055833,56.6875,152.6314125,501.8125,86.7705775,24.208125,15.960625,11.548125,34.425,17.55125,2.61,26.879015000000003
2026-09-27T21:40:00.000Z,MCT2408049,15.475278,74.055833,56.8125,150.46721250000002,497.6875,86.93747000000002,24.409374999999994,15.966250000000002,11.6925,34.759375000000006,17.7425,2.61,26.864266875000002
2026-09-27T20:50:00.000Z,MCT2408029,15.333611,74.206944,19.25,158.5563875,896.125,91.18942625000003,3.398125,8.855000000000002,5.953749999999999,17.66625,9.483749999999999,4.06875,24.904254374999997
2026-09-27T21:00:00.000Z,MCT2408029,15.333611,74.206944,19.533333333333335,161.26814666666667,900.8666666666667,91.276306,4.945333333333334,9.092666666666668,5.487333333333336,17.108666666666668,9.606666666666666,3.8866666666666663,24.886602
2026-09-27T21:10:00.000Z,MCT2408029,15.333611,74.206944,19.125,163.27755625,892.625,91.23520187500003,4.610624999999999,8.0425,5.291250000000001,16.293125000000003,9.008125,3.7712499999999993,24.91564875
2026-09-27T21:20:00.000Z,MCT2408029,15.333611,74.206944,19.4375,168.42823125,880.3125,91.29242250000001,5.105,8.78625,5.32875,16.11125,8.823125,3.7031249999999996,24.894199999999994
2026-09-27T21:30:00.000Z,MCT2408029,15.333611,74.206944,18.75,170.76556875,881.875,91.31436062500002,4.646875,9.304374999999999,5.291250000000001,16.111874999999998,8.824375,3.7887500000000003,24.878113750000004
2026-09-27T21:40:00.000Z,MCT2408029,15.333611,74.206944,19,170.49089375000003,879.1875,91.32675437500002,4.656874999999999,8.55125,5.218124999999999,15.894375,8.711875,3.6312499999999996,24.842585624999998
2026-09-27T20:50:00.000Z,MCT2408046,15.529167,74.07,36.833333333333336,95.52,700.25,85.26631333333334,13.49875,0.5329166666666666,15.066250000000002,44.57875000000001,21.650833333333335,3.6175,26.715232500000003
2026-09-27T21:00:00.000Z,MCT2408046,15.529167,74.07,36.6,95.52,706.48,85.44744959999997,13.5524,0.6076,14.766800000000003,43.50760000000001,21.1728,3.5684000000000005,26.673116
2026-09-27T21:10:00.000Z,MCT2408046,15.529167,74.07,34.76,95.52,699.56,85.57073919999995,13.5328,0.5452,13.351599999999996,39.418,19.018400000000003,3.572000000000001,26.698428800000002
2026-09-27T21:20:00.000Z,MCT2408046,15.529167,74.07,31.52,95.52,699.96,85.4901728,13.4968,0.5495999999999999,10.9768,32.44200000000001,15.872400000000003,3.6031999999999997,26.7104424
2026-09-27T21:30:00.000Z,MCT2408046,15.529167,74.07,31.2,95.52,702.44,85.46820040000003,13.504000000000003,0.6075999999999998,10.2688,30.5324,15.025600000000004,3.5864000000000003,26.6949968
2026-09-27T21:40:00.000Z,MCT2408046,15.529167,74.07,31.04,95.52,701.76,85.36779760000003,13.450800000000001,0.5688,10.117199999999999,30.043599999999998,14.735600000000002,3.656399999999999,26.665824400000005
2026-09-27T21:40:12.338Z,MCT2408046,15.529167,74.07,31,95.52,711,85.46881,13.37,0.62,10.12,30,14.52,3.76,26.60619
2026-09-27T20:50:00.000Z,MCT2408037,15.394444,74.118333,34.666666666666664,160,549.8,85.32385,10.276666666666667,12.166,10.356666666666666,36.25333333333334,18.040000000000003,3.8013333333333335,25.785367999999995
2026-09-27T21:00:00.000Z,MCT2408037,15.394444,74.118333,32.9375,160,545.375,85.37964437500001,10.39,12.201875,9.709375,33.11749999999999,16.208750000000002,3.7831250000000005,25.773659999999992
2026-09-27T21:10:00.000Z,MCT2408037,15.394444,74.118333,33.8125,160,547.4375,85.39728562500001,10.366249999999999,11.770624999999997,9.989374999999997,34.855624999999996,17.474375000000002,3.7268749999999997,25.790419375
2026-09-27T21:20:00.000Z,MCT2408037,15.394444,74.118333,33.25,160,547.3125,85.407776875,10.426250000000001,11.582499999999998,9.988124999999998,34.54937499999999,17.099375000000002,3.790625,25.84806374999999
2026-09-27T21:30:00.000Z,MCT2408037,15.394444,74.118333,32.5,160,550.25,85.39061062500001,10.361250000000002,11.688749999999999,9.337499999999999,32.913125,16.630625000000002,3.821875,25.856106875000002
2026-09-27T21:40:00.000Z,MCT2408037,15.394444,74.118333,30.1875,160,537.625,85.47167124999999,10.2575,11.560625000000002,8.409374999999999,28.41625,13.911875000000004,3.8256249999999996,25.810527500000003
2026-09-27T21:40:12.358Z,MCT2408037,15.394444,74.118333,30,160,528,85.45355,10.34,11.85,8.18,27.8,13.49,4.38,25.80181
2026-09-27T20:50:00.000Z,MCT2408042,15.213889,74.071667,61.06666666666667,245.36066666666665,486.6,88.80641999999999,26.112666666666666,14.09,11.951333333333334,35.75066666666667,18.401999999999997,3.736666666666667,25.929080666666675
2026-09-27T21:00:00.000Z,MCT2408042,15.213889,74.071667,61.25,255.60062499999998,487.1875,88.76661750000001,26.229999999999997,13.83125,11.545625000000001,34.371249999999996,17.708125,3.7650000000000006,25.909061875000003
2026-09-27T21:10:00.000Z,MCT2408042,15.213889,74.071667,61,254.51187499999997,482.0625,88.846725625,26.033125,14.214375,11.71625,35.225,18.390625,3.6606250000000005,25.852756874999994
2026-09-27T21:20:00.000Z,MCT2408042,15.213889,74.071667,61.3125,252.87749999999997,485.8125,88.93684875,26.27,13.972499999999998,12.398750000000003,36.764374999999994,18.845625,3.63,25.839350624999998
2026-09-27T21:30:00.000Z,MCT2408042,15.213889,74.071667,61,252.534375,484.1875,88.82097625,26.069999999999997,13.955625,12.569375,37.45,19.186874999999993,3.5606250000000004,25.878226874999996
2026-09-27T21:40:00.000Z,MCT2408042,15.213889,74.071667,60.875,240.97125000000005,490.6875,89.133781875,25.949999999999996,13.790625,13.138125000000004,39.443124999999995,20.326875,3.5418749999999997,25.79041687499999
2026-09-27T20:50:00.000Z,MCT2408041,15.224628,74.171389,32.2,408.1390666666666,597.4666666666667,89.42389000000003,13.487333333333334,9.7,9.323333333333332,27.810000000000006,14.452,8.000000000000002,25.293442000000006
2026-09-27T21:00:00.000Z,MCT2408041,15.224628,74.171389,32.125,417.40740624999995,603.875,89.43991062499997,13.421875,9.7,8.994375000000002,27.337500000000006,14.45875,7.9475,25.255501875000004
2026-09-27T21:10:00.000Z,MCT2408041,15.224628,74.171389,32.0625,422.6228125,593.6875,89.508575,13.480625000000002,9.7,9.043125,27.438750000000006,14.306250000000002,8.051874999999999,25.233380000000007
2026-09-27T21:20:00.000Z,MCT2408041,15.224628,74.171389,32.125,429.49733749999996,578.375,89.140456875,13.424375000000001,9.7,8.7425,26.983125000000005,14.509375,7.965000000000001,25.305774999999997
2026-09-27T21:30:00.000Z,MCT2408041,15.224628,74.171389,32.375,432.85049375000006,571.625,89.07131562499998,13.5425,9.7,8.64125,26.37562500000001,14.003125,7.921875,25.257512500000004
2026-09-27T21:40:00.000Z,MCT2408041,15.224628,74.171389,32.0625,434.93762499999997,568.5,89.195295,13.430625,9.7,8.842500000000001,26.325000000000006,13.64875,8.013749999999998,25.160988124999996
2026-09-27T21:40:12.363Z,MCT2408041,15.224628,74.171389,33,428.8133,570,89.41321,13.68,9.7,8.09,23.49,12.13,8,25.11541
2026-09-27T20:50:00.000Z,MCT2408033,15.346944,74.007778,23.625,110,595.5,89.43132750000001,7.581249999999999,4.058749999999999,9.470625,23.9425,14.193750000000003,4.39,25.913755000000002
2026-09-27T21:00:00.000Z,MCT2408033,15.346944,74.007778,23,110,610.1875,89.53432500000002,7.674999999999998,4.236875,9.0525,22.853125,13.492500000000001,4.39,25.850075
2026-09-27T21:10:00.000Z,MCT2408033,15.346944,74.007778,22.6875,110,596.5625,89.50380625000001,7.251249999999999,4.045,8.861250000000002,22.244374999999994,13.12375,4.39,25.819241875000003
2026-09-27T21:20:00.000Z,MCT2408033,15.346944,74.007778,22.8125,110,615.1875,89.50905187500004,7.6450000000000005,4.17625,9.165625,22.693124999999995,13.161249999999999,4.39,25.789075624999995
2026-09-27T21:30:00.000Z,MCT2408033,15.346944,74.007778,22.3125,110,624.25,89.60155812499998,7.491874999999999,4.02375,8.633750000000001,21.6025,12.644999999999998,4.39,25.768296249999995
2026-09-27T21:40:00.000Z,MCT2408033,15.346944,74.007778,22.5,110,593.8125,89.69692687500002,7.382499999999999,4.04,8.861875000000001,21.795625,12.60875,4.39,25.817900000000005
2026-09-27T20:50:00.000Z,MCT2408024,15.148056,74.131667,42.583333333333336,203.35691250000005,659.5833333333334,80.71379249999997,18.309033333333335,8.662817833333337,9.948333333333336,32.31333333333334,18.194583333333338,7.17125,26.107920833333324
2026-09-27T21:00:00.000Z,MCT2408024,15.148056,74.131667,42.166666666666664,203.20366249999998,797.4583333333334,80.67500833333338,17.958143333333336,9.10624041666667,9.65666666666667,30.896666666666675,17.237916666666674,6.8379166666666675,26.086025000000006
2026-09-27T21:10:00.000Z,MCT2408024,15.148056,74.131667,42.16,202.355544,801.44,80.56585560000002,18.002888799999997,8.200865120000003,9.550000000000004,30.300000000000008,16.709600000000005,6.805600000000001,26.093532799999995
2026-09-27T21:20:00.000Z,MCT2408024,15.148056,74.131667,42.44,204.56574,711.68,80.50482000000002,18.1803952,7.7030297600000015,9.390000000000002,30.90000000000001,17.628400000000006,6.508000000000001,26.004300000000004
2026-09-27T21:30:00.000Z,MCT2408024,15.148056,74.131667,42.12,204.040136,825.48,80.49810839999996,17.910106,7.854544880000003,9.670000000000003,31.620000000000008,17.865600000000004,6.6964,25.926650799999997
2026-09-27T21:40:00.000Z,MCT2408024,15.148056,74.131667,42.125,204.08670416666666,750,80.5523008333333,17.921733749999998,7.319624416666666,9.40666666666667,30.605000000000008,17.237083333333338,6.4745833333333325,25.807176249999994
2026-09-27T21:40:12.524Z,MCT2408024,15.148056,74.131667,42,199.7823,768,80.60126,17.63108,6.017316,10.99,35.98,19.98,6.02,25.76964
2026-09-27T20:50:00.000Z,MCT2408045,15.619444,73.878889,28,178.11999999999995,551.1333333333333,86.17630866666667,10.378666666666668,16.413333333333334,7.950666666666665,26.843333333333337,13.68533333333333,2.5300000000000002,25.75605133333334
2026-09-27T21:00:00.000Z,MCT2408045,15.619444,73.878889,28.1875,178.11999999999995,551.1875,86.165469375,10.605625,16.191875000000003,8.336875000000001,27.449374999999996,13.889999999999997,2.5300000000000002,25.760923124999998
2026-09-27T21:10:00.000Z,MCT2408045,15.619444,73.878889,27.75,178.11999999999995,554.5,86.09251312499998,10.764375000000001,16.539375,7.989374999999999,26.592499999999994,13.430625,2.5300000000000002,25.795779374999995
2026-09-27T21:20:00.000Z,MCT2408045,15.619444,73.878889,27.9375,178.11999999999995,555.0625,86.10872624999998,10.573125,16.371875,8.053125,27.056875,13.854374999999997,2.5300000000000002,25.76092312500001
2026-09-27T21:30:00.000Z,MCT2408045,15.619444,73.878889,27.9375,178.11999999999995,560.9375,86.197419375,10.29375,16.324375000000003,8.051874999999999,26.877499999999998,13.643125,2.5300000000000002,25.685176875000003
2026-09-27T21:40:00.000Z,MCT2408045,15.619444,73.878889,28,178.11999999999995,564.1875,86.36812624999997,10.571874999999999,16.26875,8.020624999999999,26.948749999999997,13.784374999999997,2.5300000000000002,25.600716249999998
2026-09-27T21:40:12.545Z,MCT2408045,15.619444,73.878889,28,178.12,560,86.3996,10.32,16.24,8.05,27.38,14.14,2.53,25.58731
2026-09-27T20:50:00.000Z,MCT2408032,15.525556,73.828611,83.24,178.92999999999995,493.32,77.0834964,14.538800000000002,18.145600000000005,28.136,88.5228,47.90520000000001,2.3176000000000005,30.0789804
2026-09-27T21:00:00.000Z,MCT2408032,15.525556,73.828611,78.08,178.98199999999994,503.12,73.8535152,14.546400000000004,18.330400000000004,25.116799999999994,78.1116,41.8456,2.5128000000000004,30.981602799999997
2026-09-27T21:10:00.000Z,MCT2408032,15.525556,73.828611,79.04,181.0544,542.76,78.6847536,15.296000000000003,17.885200000000005,25.687199999999994,79.932,42.978,3.0051999999999994,29.452205599999992
2026-09-27T21:20:00.000Z,MCT2408032,15.525556,73.828611,82.72,178.92999999999995,506.8,77.63800079999999,14.923599999999999,17.954400000000003,27.7364,87.38439999999999,47.3952,2.6988000000000003,29.772244000000004
2026-09-27T21:30:00.000Z,MCT2408032,15.525556,73.828611,80.56,178.92999999999995,489.76,74.0329588,14.2676,18.152800000000003,26.596399999999996,82.9472,44.67719999999999,2.7824,30.877355599999998
2026-09-27T21:40:00.000Z,MCT2408032,15.525556,73.828611,78.8,178.92999999999995,504.2,70.17462119999999,14.874000000000002,18.593999999999998,25.515599999999996,79.42080000000001,42.58039999999999,2.6752,32.009927200000014
2026-09-27T20:50:00.000Z,MCT2408022,15.475833,74.038889,45.2,150,460.53333333333336,90.42384866666666,3.6480000000000006,11.658029999999998,15.8,47.86666666666667,25.066666666666666,4.299783866666668,25.66810733333333
2026-09-27T21:00:00.000Z,MCT2408022,15.475833,74.038889,43.625,150,464.5,90.399783125,3.58875,11.643698125,14.75,44.6875,23.25,4.2686488125,25.702606875
2026-09-27T21:10:00.000Z,MCT2408022,15.475833,74.038889,45,150,465.1875,90.38071,3.6437500000000003,11.501380625,15.5,47.25,24.8125,4.2633113125,25.765614375
2026-09-27T21:20:00.000Z,MCT2408022,15.475833,74.038889,45.625,150,469.4375,90.46415625,3.76125,11.623681875,16,48.875,25.875,4.2718661875,25.82125187500001
2026-09-27T21:30:00.000Z,MCT2408022,15.475833,74.038889,46.375,150,475.25,90.4736925,3.7625,11.565197500000004,16.4375,50.25,26.8125,4.270842812500001,25.882248750000002
2026-09-27T21:40:00.000Z,MCT2408022,15.475833,74.038889,46.1875,150,475.625,90.39596937499999,3.7337500000000006,11.469878125000001,16.375,49.875,26.4375,4.2706859999999995,25.9104025
2026-09-27T20:50:00.000Z,MCT2408036,15.171567,74.067106,36.6,120,638.1333333333333,87.66963733333333,9.994,7.847333333333333,6.107333333333334,17.73,9.288666666666666,11.382666666666667,25.975557999999996
2026-09-27T21:00:00.000Z,MCT2408036,15.171567,74.067106,37.125,120,637.125,88.10095187500002,9.969375,7.376875000000001,6.514999999999999,19.058750000000003,10.07,11.646875,25.785725625000005
2026-09-27T21:10:00.000Z,MCT2408036,15.171567,74.067106,36.625,120,643.5,87.97315937500001,10.090625,7.706875,6.350624999999999,18.870624999999997,10.099999999999998,11.434375000000001,25.734111875
2026-09-27T21:20:00.000Z,MCT2408036,15.171567,74.067106,37.375,120,645.5,88.1715225,10.295,7.4525,6.318124999999999,18.299999999999997,9.594999999999999,11.718125,25.653671874999993
2026-09-27T21:30:00.000Z,MCT2408036,15.171567,74.067106,36.375,120,643.4375,87.98984875000004,9.8275,7.529375,6.152500000000002,18.110625,9.626249999999999,11.156249999999998,25.694565
2026-09-27T21:40:00.000Z,MCT2408036,15.171567,74.067106,36.4,120,638.6,88.12790933333332,9.99,7.333333333333335,6.247333333333334,18.472666666666665,9.83,11.208666666666668,25.685984
2026-09-27T21:40:12.698Z,MCT2408036,15.171567,74.067106,38,120,642,88.10858,9.78,8.46,6.32,17.73,9.12,12.19,25.66239
2026-09-27T20:50:00.000Z,MCT2408031,15.290833,74.149167,22.6,150.76315333333332,557.8,87.36293466666665,7.027026933333334,8.012169733333335,8.255333333333333,21.216666666666665,11.427333333333333,5.056666666666667,24.898042666666665
2026-09-27T21:00:00.000Z,MCT2408031,15.290833,74.149167,22.25,156.94458749999998,560.25,87.334671875,7.061206625,7.2356483125,7.978749999999998,20.624375000000004,11.219374999999998,5.023125,24.85331
2026-09-27T21:10:00.000Z,MCT2408031,15.290833,74.149167,22.5625,154.01683125,556.4375,87.36662249999999,6.9225083750000005,8.15632175,8.214999999999998,21.304375000000007,11.54625,5.210625,24.812422499999993
2026-09-27T21:20:00.000Z,MCT2408031,15.290833,74.149167,24.25,144.6389,551.625,87.431951875,7.0656935625,8.635440875,9.28375,24.427500000000002,13.361875000000003,4.8725000000000005,24.814430625000007
2026-09-27T21:30:00.000Z,MCT2408031,15.290833,74.149167,24,148.41583125000002,555.6875,87.44864,6.970808562500001,8.965377312500003,9.136874999999998,24.048125000000006,13.244375,4.916250000000001,24.849288125000005
2026-09-27T21:40:00.000Z,MCT2408031,15.290833,74.149167,25.125,140.68720000000002,558.875,87.47868000000003,6.8938711875,8.03530425,9.851249999999999,26.3325,14.703750000000003,4.810625,24.837221249999995
2026-09-27T21:40:12.713Z,MCT2408031,15.290833,74.149167,27,140,558,87.54401,6.693412,8.610792,10.95,29.13,16.19,5.19,24.83655
2026-09-27T20:50:00.000Z,MCT2408035,15.236111,74.125,47,190,802.6666666666666,88.19301199999998,19.053818,7.875333333333334,4.1546666666666665,12.906000000000002,6.942666666666668,3.8299999999999987,26.207936000000004
2026-09-27T21:00:00.000Z,MCT2408035,15.236111,74.125,46.6875,190,812.75,88.15531187499998,18.755811249999997,7.956875,3.9187499999999993,12.076875000000001,6.580625000000001,3.8299999999999987,26.209366250000006
2026-09-27T21:10:00.000Z,MCT2408035,15.236111,74.125,46.25,190,797.1875,88.00176812499998,18.337865625,7.78625,3.918749999999999,12.146875000000001,6.628750000000002,3.8299999999999987,26.242211250000008
2026-09-27T21:20:00.000Z,MCT2408035,15.236111,74.125,46.3125,190,794.1875,87.78337999999998,18.493650625,8.26,3.989999999999999,12.264374999999998,6.6068750000000005,3.8299999999999987,26.24087125
2026-09-27T21:30:00.000Z,MCT2408035,15.236111,74.125,46,190,817.375,87.81055874999998,18.290781250000002,8.315,3.8474999999999993,11.745625,6.369375000000002,3.8299999999999987,26.169816875000002
2026-09-27T21:40:00.000Z,MCT2408035,15.236111,74.125,47.6875,190,816.0625,88.12574749999997,19.5126475,8.319374999999997,3.847499999999999,11.580624999999998,6.228750000000001,3.8299999999999987,26.056531875
2026-09-27T21:40:12.735Z,MCT2408035,15.236111,74.125,48,190,815,88.20013,19.54985,9,3.8,12.08,6.79,3.83,26.02704
2026-09-27T20:50:00.000Z,MCT2408039,15.163611,74.110833,30.6875,291.610625,558.75,86.49401062499999,13.459374999999996,10.3,9.019999999999998,28.94,11.759999999999998,2.3,25.35136
2026-09-27T21:00:00.000Z,MCT2408039,15.163611,74.110833,30.8125,292.94124999999997,551.25,86.588425625,13.818125,10.3,9.019999999999998,28.94,11.759999999999998,2.3,25.353369999999998
2026-09-27T21:10:00.000Z,MCT2408039,15.163611,74.110833,31.5,306.28375,551.1875,86.55504500000004,14.600000000000001,10.3,9.019999999999998,28.94,11.759999999999998,2.3,25.35136
2026-09-27T21:20:00.000Z,MCT2408039,15.163611,74.110833,30.466666666666665,310.914,547.4666666666667,86.45961466666664,13.53,10.3,9.019999999999998,28.94,11.759999999999998,2.3,25.34849866666666
2026-09-27T21:30:00.000Z,MCT2408039,15.163611,74.110833,31.0625,305.08875,567.625,86.56553749999998,13.944999999999999,10.3,9.019999999999998,28.94,11.759999999999998,2.3,25.315158750000002
2026-09-27T21:40:00.000Z,MCT2408039,15.163611,74.110833,29.9375,317.099375,532.75,86.59748437500002,12.779374999999998,10.3,9.019999999999998,28.94,11.759999999999998,2.3,25.248128750000003
2026-09-27T21:40:12.742Z,MCT2408039,15.163611,74.110833,33,317.54,559,86.63611,15.87,10.3,9.02,28.94,11.76,2.3,25.22266
2026-09-27T20:50:00.000Z,MCT2408038,15.188889,74.055556,21.266666666666666,331.398,763.1333333333333,87.18847666666667,9.019999999999998,13.330000000000005,6.339333333333332,18.09133333333333,9.054666666666668,4.702,25.619484000000003
2026-09-27T21:00:00.000Z,MCT2408038,15.188889,74.055556,21.3125,341.536875,756.6875,87.25647375,9.027499999999998,13.330000000000005,6.308750000000001,18.015624999999996,8.861249999999998,4.699999999999999,25.555133750000003
2026-09-27T21:10:00.000Z,MCT2408038,15.188889,74.055556,21.125,355.56874999999997,750.3125,87.68419624999999,8.944374999999997,13.330000000000005,6.23125,17.891875,8.826875,4.7425,25.5129025
2026-09-27T21:20:00.000Z,MCT2408038,15.188889,74.055556,22.0625,291.72625,762.5625,87.78576312499999,8.797499999999998,13.330000000000005,7.36125,20.316249999999993,9.694374999999999,4.7281249999999995,25.474024375
2026-09-27T21:30:00.000Z,MCT2408038,15.188889,74.055556,21.1875,347.884375,763.8125,87.69039500000001,9.002499999999998,13.330000000000005,6.1775,17.58125,8.709999999999999,4.706250000000001,25.391576249999996
2026-09-27T21:40:00.000Z,MCT2408038,15.188889,74.055556,21.1875,344.91062500000004,769.75,88.09952187500001,9.082499999999996,13.330000000000005,6.078750000000001,17.271875,8.551875,4.7325,25.299073125
2026-09-27T20:50:00.000Z,MCT2408026,15.2467,74.198281,117,125,579.3333333333334,85.18906625000002,12.988532916666669,12.5,8.4675,27.280833333333334,15.02541666666667,50.39375000000001,26.250927083333327
2026-09-27T21:00:00.000Z,MCT2408026,15.2467,74.198281,117,125,575.9583333333334,85.65350624999998,12.942439583333337,12.5,8.782916666666665,28.248333333333335,15.46875,50.45624999999999,26.106134583333343
2026-09-27T21:10:00.000Z,MCT2408026,15.2467,74.198281,117,125,566.1666666666666,85.75936625000001,12.996272500000002,12.5,10.00375,32.03458333333333,17.35708333333333,50.40624999999999,26.09228166666667
2026-09-27T21:20:00.000Z,MCT2408026,15.2467,74.198281,117,125,558.48,85.8084708,13.219121600000003,12.5,8.582399999999998,27.3884,14.9648,50.474,26.0347588
2026-09-27T21:30:00.000Z,MCT2408026,15.2467,74.198281,117,125,560.25,86.01335791666664,13.005423750000004,12.5,8.547083333333331,27.12125,14.66375,50.418749999999996,25.949281250000002
2026-09-27T21:40:00.000Z,MCT2408026,15.2467,74.198281,117,125,565.7083333333334,85.83502208333333,13.04034791666667,12.5,7.955416666666668,25.54958333333333,14.102083333333335,50.40625000000001,25.920234166666663
2026-09-27T23:10:00.000Z,MCT2408020,15.543475,74.039433,42.07692307692308,180,668.4615384615385,87.87441692307691,9.022376076923075,18.892219230769232,13.556153846153846,41.50846153846153,21.663076923076922,3.659999999999999,25.780363846153843
2026-09-27T23:20:00.000Z,MCT2408020,15.543475,74.039433,50.125,180,667.1875,87.79529999999997,9.0255673125,18.867631875,18.84125,57.60625,30.318750000000005,3.6599999999999984,25.786395625
2026-09-27T23:30:00.000Z,MCT2408020,15.543475,74.039433,238.5625,351.052525,682.25,87.84584374999999,9.016724125000001,18.696380625000003,108.591875,397.25125,240.24125,3.6599999999999984,25.683838125
2026-09-27T23:40:00.000Z,MCT2408020,15.543475,74.039433,218.125,238.73470625,675.875,87.921181875,9.481507937499998,19.22528375,93.40125,343.72125,208.58437499999997,3.6599999999999984,25.632220625000006
2026-09-27T23:50:00.000Z,MCT2408020,15.543475,74.039433,308.6875,338.32219375000005,685.5625,87.83249500000002,9.0797963125,19.351085625,132.76874999999998,522.3675,330.21687499999996,3.6599999999999984,25.60205375
2026-09-28T00:00:00.000Z,MCT2408020,15.543475,74.039433,169.375,302.46636249999995,689.625,87.971726875,9.21868525,19.15518,65.22500000000001,240.73812499999997,146.4325,3.6599999999999984,25.504859374999995
2026-09-28T00:01:58.615Z,MCT2408020,15.543475,74.039433,299.3333333333333,274.9004,694.3333333333334,88.02466,9.189901666666666,19.172206666666668,120.58999999999999,425.9066666666667,251.54666666666665,3.66,25.46933
2026-09-27T23:10:00.000Z,MCT2408028,15.186944,74.096667,43.6,426.63050000000004,567.65,89.14694249999998,18.9775,12.092999999999998,7.790000000000001,24.908000000000012,14.167499999999999,2.3345,24.2616865
2026-09-27T23:20:00.000Z,MCT2408028,15.186944,74.096667,43.583333333333336,424.7558333333332,562.3333333333334,89.33945416666667,18.976249999999997,12.090416666666664,7.990000000000002,25.314583333333342,14.292500000000002,2.0920833333333335,24.233713333333338
2026-09-27T23:30:00.000Z,MCT2408028,15.186944,74.096667,43.44,421.63720000000006,561.68,89.39581199999996,18.848399999999998,12.2608,8.310000000000002,26.56840000000001,15.072000000000003,2.2203999999999997,24.2003404
2026-09-27T23:40:00.000Z,MCT2408028,15.186944,74.096667,43.54545454545455,418.14909090909094,565.5,89.42742590909094,18.946363636363632,11.898636363636363,8.171818181818184,27.20818181818182,15.907272727272728,2.397727272727273,24.178908636363634
2026-09-27T23:50:00.000Z,MCT2408028,15.186944,74.096667,43.64,416.58880000000005,570.16,89.40741039999999,19.041999999999998,12.266399999999997,8.510000000000002,28.27920000000001,16.544,2.1799999999999997,24.175030000000003
2026-09-28T00:00:00.000Z,MCT2408028,15.186944,74.096667,43.291666666666664,411.6833333333332,572.375,89.37887500000001,18.678749999999997,11.973333333333331,8.240000000000002,27.137500000000006,15.739166666666664,2.0945833333333335,24.160872083333334
2026-09-28T00:01:58.615Z,MCT2408028,15.186944,74.096667,44,409.642,575.6,89.373534,19.369999999999997,12.23,7.99,27.442,16.304,1.8779999999999997,24.16087
2026-09-27T23:10:00.000Z,MCT2408056,15.579167,73.920833,60.30769230769231,180,535.3076923076923,90.22603230769231,6.543076923076924,9.555615384615386,22.809230769230773,67.39692307692309,36.9123076923077,1.76,25.772112307692307
2026-09-27T23:20:00.000Z,MCT2408056,15.579167,73.920833,60.125,180,530.375,90.33398125000001,6.655624999999999,9.197769749999999,22.755,67.051875,36.667500000000004,1.7006249999999998,25.833989999999993
2026-09-27T23:30:00.000Z,MCT2408056,15.579167,73.920833,60.875,180,529,90.57240000000002,6.568749999999999,9.59815125,23.107499999999998,68.4775,37.37125,1.7512499999999998,25.838010000000008
2026-09-27T23:40:00.000Z,MCT2408056,15.579167,73.920833,61.3125,180,533.6875,90.69542312499999,6.49625,9,23.342499999999998,69.78687500000001,38.48375,1.7774999999999996,25.842700000000008
2026-09-27T23:50:00.000Z,MCT2408056,15.579167,73.920833,62.3125,180,540.625,90.37355875000002,6.4925,9,24.106249999999996,71.7225,39.421875,1.8181249999999993,25.901017500000002
2026-09-28T00:00:00.000Z,MCT2408056,15.579167,73.920833,61.5625,180,540.5,90.31967499999999,7.640000000000001,15.454518312500001,23.636249999999997,70.186875,38.36875,1.6493749999999998,25.855435625000005
2026-09-28T00:01:58.647Z,MCT2408056,15.579167,73.920833,62,180,537.3333333333334,90.32874,6.586666666666666,9,23.459999999999997,70.43333333333334,38.74,1.67,25.844710000000003
2026-09-27T23:10:00.000Z,MCT2408057,15.272222,74.104722,33.15,317.51149999999996,516.75,84.1779175,12.409500000000001,9.2235,13.348500000000005,39.0125,20.339000000000006,2.3495,27.07863450000001
2026-09-27T23:20:00.000Z,MCT2408057,15.272222,74.104722,32.2,313.5519999999999,525.24,84.39337079999997,12.307599999999997,9.124400000000001,12.8948,37.452000000000005,19.412800000000004,2.4728,26.954973999999996
2026-09-27T23:30:00.000Z,MCT2408057,15.272222,74.104722,33.4,318.3599999999999,526.76,84.48889159999997,12.383200000000002,9.0944,13.516400000000003,39.7148,20.855999999999998,2.4928000000000003,26.90649680000001
2026-09-27T23:40:00.000Z,MCT2408057,15.272222,74.104722,34.27272727272727,322.8590909090908,508.59090909090907,84.36324181818182,12.322272727272729,9.150454545454545,14.032272727272728,41.04454545454546,21.561363636363634,2.4072727272727272,26.889434999999995
2026-09-27T23:50:00.000Z,MCT2408057,15.272222,74.104722,34.24,326.2304000000001,508.56,80.52496400000003,12.4832,9.022799999999997,13.684000000000005,40.3248,21.187199999999997,2.3656,28.056225999999995
2026-09-28T00:00:00.000Z,MCT2408057,15.272222,74.104722,33.28,324.94360000000006,500.8,80.25640840000001,12.321200000000001,9.178799999999997,13.158400000000006,38.44760000000001,19.968000000000004,2.3836,28.0579432
2026-09-28T00:01:58.648Z,MCT2408057,15.272222,74.104722,32.25,323.99,500,80.6031675,12.4375,8.985,12.5125,36.754999999999995,19.2325,2.4850000000000003,27.920019999999997
2026-09-27T23:10:00.000Z,MCT2408055,15.585833,73.885556,73.41666666666667,78.80833333333332,837.5,88.83337416666667,9.425833333333332,5.756666666666665,14.338333333333333,40.845000000000006,22.209999999999997,22.859166666666667,25.35671916666666
2026-09-27T23:20:00.000Z,MCT2408055,15.585833,73.885556,73.4375,79.92125,836.5,88.906331875,9.489999999999998,5.584999999999999,14.077499999999999,40.21375,21.895625000000003,22.928124999999994,25.32521625000001
2026-09-27T23:30:00.000Z,MCT2408055,15.585833,73.885556,73.5,79.56875,842.9375,88.97308875000002,9.423124999999999,5.66,14.251249999999999,40.255,21.641875,22.928124999999998,25.321862500000005
2026-09-27T23:40:00.000Z,MCT2408055,15.585833,73.885556,73.42857142857143,79.45285714285716,798.7857142857143,88.9450892857143,9.517142857142858,5.869999999999999,15.133571428571429,42.85714285714285,23.07857142857143,22.85642857142857,25.402684285714287
2026-09-27T23:50:00.000Z,MCT2408055,15.585833,73.885556,73,79.12874999999998,799.375,89.0484275,9.476875,5.59,14.990624999999998,42.682500000000005,23.133750000000003,22.5575,25.35873124999999
2026-09-28T00:00:00.000Z,MCT2408055,15.585833,73.885556,72.8125,79.316875,788.5,89.174311875,9.4725,5.779999999999999,15.294374999999999,43.504375,23.476250000000004,22.449375,25.315831875000004
2026-09-28T00:01:58.711Z,MCT2408055,15.585833,73.885556,72,77.19,779.3333333333334,89.33183000000001,9.166666666666666,5.083333333333333,15.846666666666666,44.51666666666667,23.86,22.003333333333334,25.29773
2026-09-27T23:10:00.000Z,MCT2408053,15.263333,74.110833,104.76923076923077,227.06253076923076,714.4615384615385,91.72374076923076,15.533846153846149,28.6176923076923,8.403076923076922,28.570000000000007,18.482307692307693,36.696923076923085,25.227606923076927
2026-09-27T23:20:00.000Z,MCT2408053,15.263333,74.110833,104.75,231.1113375,738.0625,91.68152249999999,16.42625,28.46999999999999,7.289999999999999,24.852499999999996,16.21375,36.7475,25.165010624999997
2026-09-27T23:30:00.000Z,MCT2408053,15.263333,74.110833,104.6875,233.07855624999996,699.75,91.89037687500002,15.196875000000002,28.319374999999994,7.119999999999999,23.698749999999997,15.366874999999995,36.740625,25.098649375000008
2026-09-27T23:40:00.000Z,MCT2408053,15.263333,74.110833,104.875,229.5087125,718.5625,92.01006312499999,15.539375,28.813125,8.035,26.920625,17.343125000000004,36.786875,25.057754374999995
2026-09-27T23:50:00.000Z,MCT2408053,15.263333,74.110833,104.5,220.00211875,681.375,92.11067437499999,17.388125000000002,26.263124999999995,9.180625,30.93125,19.739375000000006,36.378750000000004,25.037646874999997
2026-09-28T00:00:00.000Z,MCT2408053,15.263333,74.110833,104.5625,213.88090624999998,725.1875,92.15835812499999,15.55375,27.737499999999994,9.180625000000001,30.2025,19.035625000000007,36.47312500000001,25.04032750000001
2026-09-28T00:01:58.854Z,MCT2408053,15.263333,74.110833,104.66666666666667,205.97223333333332,749.6666666666666,92.15724666666667,12.063333333333333,23.123333333333335,8.57,28.19666666666667,18.05,36.81333333333333,25.001003333333333
2026-09-27T23:10:00.000Z,MCT2408052,15.444425,74.063856,25.692307692307693,160,733.2307692307693,87.41841461538465,3.6273684615384623,8,9.262307692307692,26.41846153846154,12.693846153846152,2,26.71592307692308
2026-09-27T23:20:00.000Z,MCT2408052,15.444425,74.063856,25.1875,160,737.9375,87.58596812500001,3.6297370000000004,8,8.98875,25.431874999999994,12.103125,2,26.691991874999992
2026-09-27T23:30:00.000Z,MCT2408052,15.444425,74.063856,28.0625,160,715.625,87.60408625000002,3.5646052500000005,8,10.975624999999999,30.990625,14.8,2,26.688640624999998
2026-09-27T23:40:00.000Z,MCT2408052,15.444425,74.063856,26.25,160,695.4375,87.67180062500002,3.6187282500000006,8,9.720625,27.0475,12.684999999999999,2,26.613565625
2026-09-27T23:50:00.000Z,MCT2408052,15.444425,74.063856,27.1875,160,731.75,87.66846125000002,3.6392545000000003,8,10.66125,29.461875,13.721250000000001,2,26.549215625000002
2026-09-28T00:00:00.000Z,MCT2408052,15.444425,74.063856,29.625,160,706.8125,87.54353000000002,3.6217106875000002,8,12.438750000000002,34.1175,15.726875000000003,2,26.582731875000004
2026-09-28T00:01:58.854Z,MCT2408052,15.444425,74.063856,29.666666666666668,160,727,87.65082,3.6439766666666666,8,11.93,33.79333333333334,16.223333333333333,2,26.56329
2026-09-27T23:10:00.000Z,MCT2408021,15.500556,74.053333,49.53846153846154,375,521.4615384615385,87.32333999999999,21.398461538461543,14.80199153846154,5.345384615384616,17.023846153846158,11.063076923076924,4.350769230769231,25.82243615384616
2026-09-27T23:20:00.000Z,MCT2408021,15.500556,74.053333,49.625,375,519.125,87.34325749999999,21.339375000000004,14.806431874999998,5.383749999999998,16.605000000000004,10.56625,4.376874999999999,25.832646875000002
2026-09-27T23:30:00.000Z,MCT2408021,15.500556,74.053333,49.75,375,523.8125,87.44148624999998,21.355625000000003,14.797572499999998,5.295000000000001,17.200625,11.340624999999998,4.295,25.800471874999996
2026-09-27T23:40:00.000Z,MCT2408021,15.500556,74.053333,49.875,375,518,87.42241250000001,21.493750000000002,14.8389825,4.879374999999999,15.708125,10.32875,4.369375,25.782372499999994
2026-09-27T23:50:00.000Z,MCT2408021,15.500556,74.053333,49.75,375,516.8125,87.58787625000001,21.38375,14.75387875,4.8793750000000005,15.435,10.031875,4.403124999999999,25.739473125
2026-09-28T00:00:00.000Z,MCT2408021,15.500556,74.053333,49.75,375,513.75,87.66178375000001,21.409375000000004,14.825560625000001,6.039999999999998,18.913124999999997,12.054375000000002,4.333125,25.720034375
2026-09-28T00:01:58.885Z,MCT2408021,15.500556,74.053333,49.666666666666664,375,516.3333333333334,87.57961,21.41,14.616983333333332,5.3933333333333335,16.666666666666668,10.636666666666667,4.493333333333333,25.716013333333336
2026-09-27T23:10:00.000Z,MCT2408043,15.221111,74.087222,44.23076923076923,194.49846153846153,695.3846153846154,86.88846384615384,14.21,10.364615384615385,13.637692307692307,41.69384615384615,21.680769230769233,5.29,25.546058461538458
2026-09-27T23:20:00.000Z,MCT2408043,15.221111,74.087222,48.5,182.504375,709.25,86.94366687499999,14.253124999999997,10.347499999999998,16.700625,50.05125,25.460625,5.290000000000001,25.542396249999996
2026-09-27T23:30:00.000Z,MCT2408043,15.221111,74.087222,44.625,195.010625,697.625,86.98610625,14.252499999999996,10.294374999999999,13.771875000000001,42.084375,21.86,5.290000000000001,25.512903125
2026-09-27T23:40:00.000Z,MCT2408043,15.221111,74.087222,44.3125,192.99874999999997,709.5,87.28508187499997,14.236249999999998,10.329375,13.613125000000002,41.843125,21.779375,5.290000000000001,25.438499375
2026-09-27T23:50:00.000Z,MCT2408043,15.221111,74.087222,45.3125,190.06,723.75,87.31035499999999,14.218749999999996,10.366249999999999,14.00875,43.29250000000001,22.74,5.290000000000001,25.382193125000004
2026-09-28T00:00:00.000Z,MCT2408043,15.221111,74.087222,45,189.57437500000003,743.3125,87.36852937500002,14.256250000000001,10.311874999999999,14.325625,43.29,22.339999999999996,5.290000000000001,25.301083750000004
2026-09-28T00:01:58.886Z,MCT2408043,15.221111,74.087222,45.333333333333336,186.51999999999998,734,87.61013000000001,14.256666666666666,10.066666666666666,14.353333333333333,44.20000000000001,23.06,5.29,25.27271
2026-09-27T23:10:00.000Z,MCT2408051,15.486528,74.033889,51.76923076923077,297.97999999999996,501.61538461538464,93.47146000000001,21.976153846153846,5.1899999999999995,9.90230769230769,31.55384615384615,17.32769230769231,4.39,25.964336923076928
2026-09-27T23:20:00.000Z,MCT2408051,15.486528,74.033889,51.5,296.79625,502.875,93.653245,21.806250000000002,5.1899999999999995,8.863125,28.978124999999995,16.218750000000004,4.39,25.810527500000003
2026-09-27T23:30:00.000Z,MCT2408051,15.486528,74.033889,51.9375,294.14624999999995,507.1875,94.05188000000001,22.113750000000003,5.1899999999999995,8.551250000000001,27.65625,15.323750000000002,4.5625,25.648311875
2026-09-27T23:40:00.000Z,MCT2408051,15.486528,74.033889,51.6875,296.655625,505.9375,93.94793000000001,21.916874999999997,5.1899999999999995,8.862499999999999,28.433749999999996,15.672500000000003,4.39,25.685849999999995
2026-09-27T23:50:00.000Z,MCT2408051,15.486528,74.033889,51.875,293.0175,504.8125,94.10623875,22.043125,5.1899999999999995,9.096250000000001,29.36625,16.255625000000002,4.39375,25.673781250000005
2026-09-28T00:00:00.000Z,MCT2408051,15.486528,74.033889,51.75,291.71875,505.0625,94.52967125,21.956875,5.1899999999999995,8.356249999999998,26.801250000000003,14.777500000000002,4.39,25.608756250000006
2026-09-28T00:01:58.947Z,MCT2408051,15.486528,74.033889,52.333333333333336,288.62999999999994,503,94.53761666666666,22.3,5.19,7.046666666666667,23.823333333333334,13.893333333333333,4.39,25.58373333333333
2026-09-27T23:10:00.000Z,MCT2408034,15.356389,74.123611,29.842105263157894,180,575.3684210526316,73.47660789473683,6.150000000000002,4.671578947368421,7.625263157894737,23.841578947368415,12.781052631578946,1.2784210526315787,29.935488421052636
2026-09-27T23:20:00.000Z,MCT2408034,15.356389,74.123611,30.28,180,578.24,73.4723512,6.150000000000002,4.5228,7.617599999999999,24.533599999999996,13.4264,1.3923999999999999,29.865336000000006
2026-09-27T23:30:00.000Z,MCT2408034,15.356389,74.123611,30.916666666666668,180,568.6666666666666,73.65946250000003,6.150000000000002,4.482500000000001,8.199999999999998,25.633750000000006,13.555833333333332,1.4741666666666668,29.80271958333333
2026-09-27T23:40:00.000Z,MCT2408034,15.356389,74.123611,31.571428571428573,180,579.3809523809524,73.66250476190477,6.150000000000001,4.754761904761903,8.894285714285715,27.240476190476187,14.331904761904761,1.3309523809523809,29.786950476190473
2026-09-27T23:50:00.000Z,MCT2408034,15.356389,74.123611,31.28,180,576.56,73.76897999999997,6.150000000000002,5.0847999999999995,8.381999999999998,26.296800000000005,13.988,1.35,29.722908800000006
2026-09-28T00:00:00.000Z,MCT2408034,15.356389,74.123611,30.68,180,579.36,73.69513119999996,6.150000000000002,4.3708,8.017999999999997,25.1348,13.4264,1.3916,29.72505399999999
2026-09-28T00:01:59.089Z,MCT2408034,15.356389,74.123611,30,180,575.75,73.65088,6.15,5.359999999999999,7.745,23.68,12.425,1.4100000000000001,29.71647
2026-09-27T23:10:00.000Z,MCT2408050,15.553611,73.958333,51.61538461538461,86.02999999999999,623.9230769230769,93.40103307692306,11.019230769230766,4.400769230769231,19.444615384615386,59.449999999999996,30.946923076923078,2.982307692307693,25.12035769230769
2026-09-27T23:20:00.000Z,MCT2408050,15.553611,73.958333,51.1875,86.02999999999999,649.8125,93.45249562499997,10.878125000000002,4.364375000000001,18.819375000000004,58.12624999999999,30.195,3.035625,25.124121875
2026-09-27T23:30:00.000Z,MCT2408050,15.553611,73.958333,50,86.02999999999999,639.4375,93.67899375,11.246875000000001,4.34625,18.288125,56.194375,29.132500000000004,3.1268749999999996,25.109375
2026-09-27T23:40:00.000Z,MCT2408050,15.553611,73.958333,50.5,86.02999999999999,612.875,93.53403624999996,11.111875000000001,4.358125,18.76625,57.21374999999999,29.504375,3.1368750000000003,25.144900625000002
2026-09-27T23:50:00.000Z,MCT2408050,15.553611,73.958333,51.75,86.02999999999999,645.125,93.3518825,11.112500000000002,4.268125,19.244374999999998,59.626875000000005,31.2575,3.0206250000000003,25.142220000000005
2026-09-28T00:00:00.000Z,MCT2408050,15.553611,73.958333,51.875,86.02999999999999,647.75,93.30753812500001,11.056875000000002,4.32375,19.509999999999998,59.84250000000001,31.204375000000006,3.175625,25.104011875
2026-09-28T00:01:59.088Z,MCT2408050,15.553611,73.958333,52.333333333333336,86.03000000000002,642,93.27876666666667,10.910000000000002,4.24,19.793333333333337,60.39666666666667,31.47,3.19,25.09396
2026-09-27T23:10:00.000Z,MCT2408029,15.333611,74.206944,18.846153846153847,156.7635,925.7692307692307,91.51129076923077,4.922307692307692,7.512307692307692,5.607692307692308,17.162307692307692,9.456153846153844,3.5553846153846154,24.46282230769231
2026-09-27T23:20:00.000Z,MCT2408029,15.333611,74.206944,19.375,153.36399375000002,922.125,91.56136187499997,4.804375000000001,7.547500000000001,6.10125,18.244374999999998,9.8525,3.5912499999999996,24.408888125
2026-09-27T23:30:00.000Z,MCT2408029,15.333611,74.206944,19.375,146.70804375,904.25,91.64623687500001,3.6693749999999996,8.075000000000001,6.4331249999999995,19.943125,11.06625,3.940625,24.372021249999996
2026-09-27T23:40:00.000Z,MCT2408029,15.333611,74.206944,20.4375,145.31854375000003,911,91.71203812499998,3.3387500000000006,7.963125000000002,7.241249999999999,21.93,11.801875,3.9256249999999993,24.357944375000006
2026-09-27T23:50:00.000Z,MCT2408029,15.333611,74.206944,20.8125,141.6745125,912,91.74684624999999,4.22875,7.9125000000000005,7.463750000000001,22.508750000000003,12.206250000000002,3.6931249999999993,24.339174375
2026-09-28T00:00:00.000Z,MCT2408029,15.333611,74.206944,18.125,152.746,906.1875,91.75209187499999,3.5918750000000004,8.0875,5.474375,17.051250000000003,9.521874999999998,3.6712499999999997,24.311021875000005
2026-09-28T00:01:59.123Z,MCT2408029,15.333611,74.206944,18,163.19833333333335,909,91.83427,3.3633333333333333,9.216666666666667,5.486666666666667,17.146666666666665,9.606666666666667,4.3999999999999995,24.278849999999995
2026-09-27T23:10:00.000Z,MCT2408030,15.142519,74.075003,29.384615384615383,163,701.5384615384615,81.5302823076923,8.953076923076923,6.200000000000002,9.370000000000001,25.129999999999995,12.81769230769231,4.673846153846155,25.34475615384615
2026-09-27T23:20:00.000Z,MCT2408030,15.142519,74.075003,29.125,163,712.6875,81.55111500000001,8.813125,6.200000000000002,9.370000000000001,25.038124999999994,12.7225,4.75,25.31449
2026-09-27T23:30:00.000Z,MCT2408030,15.142519,74.075003,34.9375,163,719.0625,81.55826812500001,8.916875,6.200000000000002,12.886250000000002,35.869375,18.6375,4.852500000000001,25.287008125
2026-09-27T23:40:00.000Z,MCT2408030,15.142519,74.075003,29.875,163,719.375,81.53967000000003,8.860625,6.200000000000002,9.370000000000001,25.7775,13.490625,4.715,25.259523749999993
2026-09-27T23:50:00.000Z,MCT2408030,15.142519,74.075003,29.5,163,725.4375,81.54110062500001,9.0625,6.200000000000002,9.370000000000001,25.20875,12.899375000000001,4.765000000000001,25.230030000000006
2026-09-28T00:00:00.000Z,MCT2408030,15.142519,74.075003,29.533333333333335,163,723.2666666666667,81.526448,9.008000000000001,6.200000000000002,9.370000000000001,25.428666666666665,13.126666666666667,4.752666666666667,25.193342666666663
2026-09-28T00:01:59.123Z,MCT2408030,15.142519,74.075003,29,163,718,81.5053425,9.015,6.2,9.37,24.64,12.31,4.4825,25.174394999999997
2026-09-27T23:10:00.000Z,MCT2408023,15.499722,74.020833,67.92307692307692,216.85923076923078,513.7692307692307,92.60112230769231,8.272307692307692,20.59461538461538,19.303846153846152,63.42153846153846,40.599999999999994,4.233076923076924,24.773028461538463
2026-09-27T23:20:00.000Z,MCT2408023,15.499722,74.020833,65.875,225.10312499999998,500.4375,92.53172249999997,8.46875,21.095625,18.296874999999996,59.76062499999999,38.06249999999999,4.8925,24.7078525
2026-09-27T23:30:00.000Z,MCT2408023,15.499722,74.020833,66,225.90437500000002,496.4375,92.53362999999997,8.631874999999999,20.858124999999998,19.406875000000003,61.4225,38.243750000000006,5.00375,24.672995625
2026-09-27T23:40:00.000Z,MCT2408023,15.499722,74.020833,65,221.16125,499.625,92.50930937499997,7.86625,21.55,18.455,58.968124999999986,36.974999999999994,5.056875,24.666962499999997
2026-09-27T23:50:00.000Z,MCT2408023,15.499722,74.020833,66.9375,210.05874999999997,502.6875,92.52790749999998,8.359374999999998,21.0325,18.615,61.501875,39.421875,4.646249999999999,24.645511875000004
2026-09-28T00:00:00.000Z,MCT2408023,15.499722,74.020833,66.8125,223.76124999999996,504.5625,92.58179437499999,8.4325,20.553750000000004,18.455000000000002,60.86937499999999,39.240625,4.7437499999999995,24.661601249999993
2026-09-28T00:01:59.178Z,MCT2408023,15.499722,74.020833,64,220.71333333333337,506.3333333333333,92.58704,7.226666666666667,21.606666666666666,17.319999999999997,56.14333333333334,35.766666666666666,4.326666666666667,24.66137666666667
2026-09-27T23:10:00.000Z,MCT2408040,15.528056,74.020833,18.384615384615383,100,544.0769230769231,88.88912769230768,7.531538461538461,4.747692307692308,3.07,8.554615384615385,3.9376923076923083,3.5,25.581533076923076
2026-09-27T23:20:00.000Z,MCT2408040,15.528056,74.020833,18.5,100,528.5,88.82765312499998,7.6106250000000015,4.746875,3.07,8.485625,3.8649999999999998,3.5,25.594011249999994
2026-09-27T23:30:00.000Z,MCT2408040,15.528056,74.020833,18.6875,100,523.25,88.955440625,7.7212499999999995,4.733750000000001,3.07,8.42,3.7637499999999995,3.5,25.506870000000006
2026-09-27T23:40:00.000Z,MCT2408040,15.528056,74.020833,18.8125,100,554.5,88.94638499999998,7.931875000000002,4.804375,3.07,8.42,3.7474999999999987,3.5,25.436488124999997
2026-09-27T23:50:00.000Z,MCT2408040,15.528056,74.020833,18.9375,100,543.125,88.99502062499998,7.91375,4.771875,3.07,8.42,3.7849999999999993,3.5,25.392246875000005
2026-09-28T00:00:00.000Z,MCT2408040,15.528056,74.020833,18.875,100,527.25,89.056535,7.880625000000001,4.783125000000001,3.07,8.42,3.776249999999999,3.5,25.35068625
2026-09-28T00:01:59.324Z,MCT2408040,15.528056,74.020833,19,100,529,89.04700000000001,8.11,4.703333333333333,3.07,8.42,3.736666666666667,3.5,25.31918
2026-09-27T23:10:00.000Z,MCT2408027,15.275556,74.1075,53.69230769230769,682.743846153846,637.0769230769231,90.6221746153846,6.579999999999999,13.001538461538463,19.19153846153846,59.143076923076926,31.620000000000005,2.95,25.606283846153847
2026-09-27T23:20:00.000Z,MCT2408027,15.275556,74.1075,52.9375,683.0818750000001,658.9375,90.62532749999997,6.579999999999999,12.944374999999999,18.552500000000002,57.54125,31.001249999999995,2.9500000000000006,25.553791874999998
2026-09-27T23:30:00.000Z,MCT2408027,15.275556,74.1075,52.875,678.620625,634.25,90.53902,6.579999999999999,12.946874999999997,18.491875000000004,57.35687499999998,31.00125,2.9500000000000006,25.55245
2026-09-27T23:40:00.000Z,MCT2408027,15.275556,74.1075,53.3125,678.876875,660.375,90.57478374999997,6.579999999999999,12.998124999999998,18.86125,58.404374999999995,31.495625,2.9500000000000006,25.472683124999993
2026-09-27T23:50:00.000Z,MCT2408027,15.275556,74.1075,53.375,680.54,625.4375,90.72260124999998,6.579999999999999,13.000624999999996,18.737500000000004,58.528125,31.743125000000003,2.9500000000000006,25.396937499999996
2026-09-28T00:00:00.000Z,MCT2408027,15.275556,74.1075,54.25,680.1999999999999,656.8125,90.520424375,6.579999999999999,12.971249999999998,19.351875,60.065625000000004,32.23875,2.9500000000000006,25.391576875000002
2026-09-28T00:01:59.323Z,MCT2408027,15.275556,74.1075,55.333333333333336,682.5666666666666,657,90.58813666666667,6.580000000000001,12.983333333333334,20.05,62.096666666666664,33.266666666666666,2.9500000000000006,25.340633333333333
2026-09-27T23:10:00.000Z,MCT2408044,15.313669,74.140042,25.916666666666668,214.29,553,95.17658,10.993333333333334,3.3708333333333336,5.843333333333334,15.625,9.055,3.2517095000000005,23.909723333333332
2026-09-27T23:20:00.000Z,MCT2408044,15.313669,74.140042,25.9375,214.29,552.25,95.11141250000001,10.990625,3.3525,5.891250000000001,15.71875,9.088750000000001,3.335256375,23.906818750000003
2026-09-27T23:30:00.000Z,MCT2408044,15.313669,74.140042,26,214.29,551.6,95.20391666666663,10.974,3.348,5.824,15.6,9.046000000000001,3.2757264666666672,23.922058
2026-09-27T23:40:00.000Z,MCT2408044,15.313669,74.140042,26,214.29,549.625,95.37414937499997,11.033125,3.32,5.244375,14.375,8.54875,3.3616185625000004,23.940334375
2026-09-27T23:50:00.000Z,MCT2408044,15.313669,74.140042,26,214.29,549,95.48518799999997,11.039333333333333,3.32,5.248666666666667,14.4,8.542,3.4870084666666665,23.948513333333334
2026-09-28T00:00:00.000Z,MCT2408044,15.313669,74.140042,26,214.29,558.125,95.45187499999996,11.06375,3.32,5.49625,14.84375,8.717500000000001,3.26770825,23.976530000000004
2026-09-28T00:01:59.354Z,MCT2408044,15.313669,74.140042,26,214.29,554.6666666666666,95.48620666666666,11.046666666666667,3.32,5.363333333333333,14.833333333333334,8.83,3.4935899999999998,23.982116666666666
2026-09-27T23:10:00.000Z,MCT2408049,15.475278,74.055833,56.92307692307692,152.37963846153846,498.3076923076923,85.97704538461538,24.320769230769233,14.670000000000003,9.31846153846154,27.341538461538462,14.105384615384615,2.61,26.711794615384616
2026-09-27T23:20:00.000Z,MCT2408049,15.475278,74.055833,56.625,153.6234125,488.9375,85.96185875,24.115,13.876874999999998,9.248125,26.907500000000002,13.809375000000001,2.61,26.752994374999997
2026-09-27T23:30:00.000Z,MCT2408049,15.475278,74.055833,56.6875,150.27645625,495.25,85.91227000000002,24.241875,14.909375000000002,9.248125,26.95625,13.809375,2.61,26.770423124999997
2026-09-27T23:40:00.000Z,MCT2408049,15.475278,74.055833,56.625,150.34941874999998,497.4375,85.89700875000001,24.14875,14.646875000000001,9.488749999999998,28.056874999999998,14.434375000000005,2.61,26.785171250000012
2026-09-27T23:50:00.000Z,MCT2408049,15.475278,74.055833,56.6875,151.762925,494.1875,85.81928687500002,24.275625,14.699999999999998,9.44,28.249374999999993,14.817500000000004,2.61,26.797908750000005
2026-09-28T00:00:00.000Z,MCT2408049,15.475278,74.055833,56.4375,150.997275,480.125,85.85886437499997,24.030624999999997,14.651875000000002,9.536875000000002,28.393124999999994,14.722500000000004,2.61,26.728191875000004
2026-09-28T00:01:59.354Z,MCT2408049,15.475278,74.055833,57,150,472,85.90877333333333,24.61,13.15,9.966666666666667,29.366666666666664,15.086666666666666,2.61,26.59904
2026-09-27T23:10:00.000Z,MCT2408046,15.529167,74.07,31.05,95.52,692.95,85.73126199999999,13.4525,0.5199999999999999,7.4925000000000015,22.497499999999995,11.13,3.839500000000001,26.305357499999996
2026-09-27T23:20:00.000Z,MCT2408046,15.529167,74.07,31.04,95.52,674.24,85.74957279999997,13.5272,0.5735999999999998,7.664800000000001,22.841600000000003,11.1052,3.7360000000000007,26.26942679999999
2026-09-27T23:30:00.000Z,MCT2408046,15.529167,74.07,31.04,95.52,666.16,85.77856479999998,13.483999999999998,0.52,7.5624,22.353200000000005,10.8396,3.7943999999999996,26.243258399999995
2026-09-27T23:40:00.000Z,MCT2408046,15.529167,74.07,31,95.52,687.16,85.718138,13.5752,0.5444,7.485999999999999,22.3976,11.033199999999995,3.8487999999999993,26.22953079999999
2026-09-27T23:50:00.000Z,MCT2408046,15.529167,74.07,31.12,95.52,656.96,85.7800912,13.515600000000001,0.524,7.2564,21.4208,10.282,3.7936,26.189633999999998
2026-09-28T00:00:00.000Z,MCT2408046,15.529167,74.07,31.041666666666668,95.52,638.375,85.81276958333335,13.575416666666664,0.5558333333333333,7.692916666666666,22.913750000000004,11.012500000000001,3.833333333333334,26.1830025
2026-09-28T00:01:59.411Z,MCT2408046,15.529167,74.07,31,95.52,647,85.79077199999999,13.52,0.546,7.715999999999999,22.663999999999998,10.766,3.97,26.181482
2026-09-27T23:10:00.000Z,MCT2408042,15.213889,74.071667,60.84615384615385,254.00153846153847,505.15384615384613,89.50182461538462,25.97153846153846,13.746153846153845,12.04,35.707692307692305,18.29,3.7438461538461536,25.612885384615385
2026-09-27T23:20:00.000Z,MCT2408042,15.213889,74.071667,61.1875,255.5925,504.8125,89.37696875,26.189999999999998,13.517499999999998,11.261249999999997,33.4025,17.139375,3.7399999999999993,25.61143999999999
2026-09-27T23:30:00.000Z,MCT2408042,15.213889,74.071667,61.1875,258.53687499999995,493.5,89.45421312499997,26.189999999999998,13.389999999999999,10.464999999999998,30.666250000000005,15.546875000000004,3.704999999999999,25.566529999999993
2026-09-27T23:40:00.000Z,MCT2408042,15.213889,74.071667,61.25,260.19062499999995,492.5625,89.484254375,26.193125,13.728750000000002,9.327499999999999,27.987499999999997,14.579999999999998,3.68625,25.510221875000003
2026-09-27T23:50:00.000Z,MCT2408042,15.213889,74.071667,61.4375,259.28249999999997,495.1875,89.53003437500001,26.349999999999998,14.071250000000001,9.441249999999998,27.588124999999998,14.011249999999999,3.79375,25.402301249999997
2026-09-28T00:00:00.000Z,MCT2408042,15.213889,74.071667,61.375,252.85750000000002,507.8125,89.599173125,26.309999999999995,13.559999999999999,8.815624999999999,25.594375,13.041875000000003,3.833125,25.317841875000003
2026-09-28T00:01:59.558Z,MCT2408042,15.213889,74.071667,61.333333333333336,259.92,510.3333333333333,89.63445999999999,26.28333333333333,13.626666666666667,9.403333333333334,26.143333333333334,12.756666666666668,3.596666666666667,25.279856666666664
2026-09-27T23:10:00.000Z,MCT2408037,15.394444,74.118333,29.923076923076923,160,544.5384615384615,85.51928153846153,10.161538461538461,12.94692307692308,8.233846153846155,28.307692307692307,14.124615384615385,3.8400000000000003,25.44540846153846
2026-09-27T23:20:00.000Z,MCT2408037,15.394444,74.118333,29.625,160,544.6875,85.56513312500002,10.463750000000001,12.796250000000002,8.408750000000001,28.313750000000002,13.865000000000002,3.8943749999999997,25.386213125
2026-09-27T23:30:00.000Z,MCT2408037,15.394444,74.118333,31.1875,160,545.375,85.67814375,10.254999999999999,12.93625,9.291875000000003,31.534375000000004,15.458750000000004,3.94625,25.307787499999996
2026-09-27T23:40:00.000Z,MCT2408037,15.394444,74.118333,28,160,539.5,85.86077187499997,10.091249999999999,12.555,7.293750000000001,25.196249999999996,12.552500000000002,3.9993750000000006,25.185120000000005
2026-09-27T23:50:00.000Z,MCT2408037,15.394444,74.118333,28.75,160,546,85.975689375,10.171875,12.46,7.666250000000002,26.525000000000002,13.255625000000002,3.9149999999999996,25.11741874999999
2026-09-28T00:00:00.000Z,MCT2408037,15.394444,74.118333,31.125,160,543,86.150689375,10.025625000000002,12.347500000000002,9.337499999999999,31.228125,15.130625000000004,3.89125,25.087923749999995
2026-09-28T00:01:59.557Z,MCT2408037,15.394444,74.118333,28,160,539.3333333333334,86.31567,10.100000000000001,12.11,7.926666666666667,25.076666666666664,11.74,3.8799999999999994,25.101106666666666
2026-09-27T23:10:00.000Z,MCT2408041,15.224628,74.171389,32.07692307692308,438.3243076923076,599.3846153846154,89.25240461538462,13.462307692307691,9.700000000000001,8.090000000000002,23.17846153846154,11.818461538461536,8.085384615384616,24.922352307692304
2026-09-27T23:20:00.000Z,MCT2408041,15.224628,74.171389,32.1875,435.61695625000004,598.75,89.235348125,13.50625,9.7,8.090000000000002,24.046875000000004,12.686874999999997,8.026250000000001,24.902245
2026-09-27T23:30:00.000Z,MCT2408041,15.224628,74.171389,32.125,445.68403750000004,583.625,89.10946062500001,13.453125,9.7,8.140000000000002,23.236875000000005,11.775624999999996,8.047499999999998,24.865376875000006
2026-09-27T23:40:00.000Z,MCT2408041,15.224628,74.171389,32.1875,445.28154375,574.8125,89.13568687499999,13.455624999999998,9.7,8.090000000000002,22.983750000000004,11.623749999999996,8.041875,24.8157725
2026-09-27T23:50:00.000Z,MCT2408041,15.224628,74.171389,32.25,449.41513750000007,569.0625,89.20625874999999,13.496874999999998,9.7,8.090000000000002,23.085000000000004,11.724999999999998,7.927499999999999,24.778904375
2026-09-28T00:00:00.000Z,MCT2408041,15.224628,74.171389,32.25,447.5699,567.4375,89.32690000000001,13.504999999999999,9.7,8.090000000000002,23.236875000000005,11.876874999999998,8.060625,24.734664999999996
2026-09-28T00:01:59.588Z,MCT2408041,15.224628,74.171389,32.666666666666664,447.876,572.6666666666666,89.42084,13.549999999999999,9.7,8.09,22.679999999999996,11.32,8.13,24.71858
2026-09-27T23:10:00.000Z,MCT2408033,15.346944,74.007778,21.923076923076923,110,612.2307692307693,89.80465307692307,7.5261538461538455,4.182307692307692,8.341538461538464,21.30230769230769,12.804615384615385,4.39,25.631034615384618
2026-09-27T23:20:00.000Z,MCT2408033,15.346944,74.007778,21.8125,110,610.375,89.75986749999998,7.509375,4.216875,8.405625,21.251250000000002,12.644999999999998,4.39,25.577253125000006
2026-09-27T23:30:00.000Z,MCT2408033,15.346944,74.007778,21.733333333333334,110,620.4,89.87503999999998,7.799333333333332,4.253333333333334,8.401333333333335,21.197333333333333,12.587333333333332,4.39,25.491499333333326
2026-09-27T23:40:00.000Z,MCT2408033,15.346944,74.007778,21.375,110,610.6875,89.88098437499997,7.654375,4.18125,8.141250000000001,20.513124999999995,12.166874999999997,4.39,25.476036250000007
2026-09-27T23:50:00.000Z,MCT2408033,15.346944,74.007778,21.9375,110,619.875,89.86810999999997,7.6000000000000005,4.188125,8.518750000000002,21.443749999999994,12.718749999999998,4.39,25.463970625
2026-09-28T00:00:00.000Z,MCT2408033,15.346944,74.007778,27.5,110,613.25,89.89385999999999,7.753749999999999,4.219374999999999,12.840000000000002,32.629375,19.5225,4.39,25.469330625000005
2026-09-28T00:01:59.590Z,MCT2408033,15.346944,74.007778,29,110,629.75,89.94727,7.6,4.1475,14.395,36.410000000000004,21.765,4.39,25.461289999999998
2026-09-27T23:10:00.000Z,MCT2408024,15.148056,74.131667,42.5,205.14613,725.4,80.761093,18.116071499999997,5.694805400000002,7.790000000000001,24.389000000000003,13.590000000000003,6.8905,25.770712499999995
2026-09-27T23:20:00.000Z,MCT2408024,15.148056,74.131667,42.041666666666664,205.43505833333327,832.875,80.73635999999999,17.82271125,5.589225750000001,8.365000000000002,26.525416666666672,14.781666666666672,6.695,25.766510416666666
2026-09-27T23:30:00.000Z,MCT2408024,15.148056,74.131667,42.32,206.18584399999997,803.36,80.82037359999995,18.077583999999998,6.282828320000002,8.230000000000002,26.064800000000005,14.510000000000005,7.112,25.668392799999992
2026-09-27T23:40:00.000Z,MCT2408024,15.148056,74.131667,42.52,205.98470799999998,770.56,80.88873280000004,18.212083200000002,6.450504960000001,8.030000000000003,26.182800000000007,14.950000000000005,6.762,25.5615668
2026-09-27T23:50:00.000Z,MCT2408024,15.148056,74.131667,42.291666666666664,206.21000833333332,862.625,80.93949333333337,18.01030708333333,6.370250083333334,8.156666666666668,26.607500000000012,15.115000000000004,6.770833333333333,25.52161833333334
2026-09-28T00:00:00.000Z,MCT2408024,15.148056,74.131667,42.44,206.33848399999997,791.04,80.98211920000003,18.194302399999998,6.305627680000002,8.670000000000002,28.060800000000008,15.710000000000004,6.5436000000000005,25.514805599999995
2026-09-28T00:01:59.647Z,MCT2408024,15.148056,74.131667,42.6,206.57156,656,80.94458,18.386020000000002,5.772006,8.39,27.78,15.989999999999998,6.572,25.559424
2026-09-27T23:10:00.000Z,MCT2408022,15.475833,74.038889,46.083333333333336,150,460.3333333333333,90.14499500000001,3.7891666666666666,11.431978333333333,15.916666666666666,49.666666666666664,26.833333333333332,4.295305083333333,25.638255833333336
2026-09-27T23:20:00.000Z,MCT2408022,15.475833,74.038889,45.75,150,457.25,90.15087625000002,3.9831250000000007,11.368158750000001,15.875,49,26.125,4.33175725,25.621495000000003
2026-09-27T23:30:00.000Z,MCT2408022,15.475833,74.038889,44.1875,150,459.5,90.16327500000001,4.103749999999999,11.356676249999998,14.6875,45.875,24.625,4.3128136875,25.600043125000003
2026-09-27T23:40:00.000Z,MCT2408022,15.475833,74.038889,44,150,458.8125,90.30107875000002,3.923749999999999,11.450928125,14.5625,45.5625,24.4375,4.338781625,25.575909999999997
2026-09-27T23:50:00.000Z,MCT2408022,15.475833,74.038889,43.5,150,458.6875,90.30966187500002,3.861249999999999,11.429843125000001,14.5,44.4375,23.5,4.335564375,25.554460625
2026-09-28T00:00:00.000Z,MCT2408022,15.475833,74.038889,44.875,150,456.4375,90.43125562500002,3.95125,11.399660625,15.8125,47.3125,24.4375,4.3063425625,25.46263
2026-09-27T23:10:00.000Z,MCT2408045,15.619444,73.878889,28.076923076923077,178.11999999999995,535.3846153846154,86.97003923076923,10.57076923076923,16.11923076923077,8.481538461538463,28.12538461538461,14.397692307692305,2.5300000000000002,25.58731
2026-09-27T23:20:00.000Z,MCT2408045,15.619444,73.878889,27.375,178.11999999999995,533.8125,86.99087437499999,10.446875,16.349375,8.052499999999998,26.877499999999998,13.642499999999998,2.5300000000000002,25.58127625
2026-09-27T23:30:00.000Z,MCT2408045,15.619444,73.878889,27.0625,178.11999999999995,545.4375,87.04046624999998,10.756250000000001,16.471249999999998,7.800624999999998,26.018750000000004,13.077499999999995,2.5300000000000002,25.45592625
2026-09-27T23:40:00.000Z,MCT2408045,15.619444,73.878889,26.8125,178.11999999999995,537.875,87.06240125000002,10.728125,16.2525,7.674999999999999,25.66375,13.005624999999998,2.5300000000000002,25.362753124999998
2026-09-27T23:50:00.000Z,MCT2408045,15.619444,73.878889,27.0625,178.11999999999995,534.4375,87.25265875000001,10.729375,16.366249999999997,7.831874999999999,26.127499999999998,13.183124999999997,2.5300000000000002,25.294380625000002
2026-09-28T00:00:00.000Z,MCT2408045,15.619444,73.878889,29.4375,178.11999999999995,530.6875,87.36900687500001,10.606250000000001,16.394375,9.248749999999998,31.12,15.938125000000003,2.5300000000000002,25.287676875000006
2026-09-28T00:01:59.790Z,MCT2408045,15.619444,73.878889,32,178.12,526.3333333333334,87.39142,10.496666666666668,16.28,10.403333333333334,35.55,18.47,2.53,25.326333333333334
2026-09-27T23:10:00.000Z,MCT2408032,15.525556,73.828611,96.3,178.92999999999995,525.35,70.12495400000002,14.835500000000001,19.0815,36.88000000000001,115.48849999999997,62.42900000000001,3.0005,31.728500500000003
2026-09-27T23:20:00.000Z,MCT2408032,15.525556,73.828611,96.16,178.92999999999995,525.36,69.2584836,14.670400000000004,18.7524,36.509600000000006,115.14759999999998,62.5708,2.9748,31.979038799999994
2026-09-27T23:30:00.000Z,MCT2408032,15.525556,73.828611,97.64,178.92999999999995,494.4,71.28851320000003,15.110000000000007,19.0124,37.9348,118.27599999999998,63.53320000000001,3.0868,31.236860800000002
2026-09-27T23:40:00.000Z,MCT2408032,15.525556,73.828611,98,181.68708333333336,540.2083333333334,74.2113225,15.563750000000006,18.58333333333334,38.030833333333334,119.05708333333331,64.29249999999999,3.3058333333333327,30.36399999999999
2026-09-27T23:50:00.000Z,MCT2408032,15.525556,73.828611,100.32,210.30200000000005,553.92,75.84661840000001,14.8916,18.773200000000003,39.9268,124.9324,67.44,3.2220000000000004,29.8717716
2026-09-28T00:00:00.000Z,MCT2408032,15.525556,73.828611,100.96,234.52119999999996,557.6,73.6810924,14.795600000000002,18.8928,40.3256,126.41159999999998,68.23280000000001,2.8420000000000005,30.613947999999997
2026-09-28T00:01:59.824Z,MCT2408032,15.525556,73.828611,101.6,241.048,554.2,72.53241,14.966,18.936,40.156,128.292,70.498,2.8699999999999997,31.009915999999997
2026-09-27T23:10:00.000Z,MCT2408036,15.171567,74.067106,37.07692307692308,120,634.4615384615385,89.92848384615385,10.073076923076922,7.106923076923077,5.586153846153847,16.597692307692306,8.962307692307691,11.699230769230768,25.500683076923085
2026-09-27T23:20:00.000Z,MCT2408036,15.171567,74.067106,37,120,633.125,90.39263125000001,10.133125,7.284374999999998,6.282500000000002,18.11,9.404375000000002,11.600624999999999,25.330577499999993
2026-09-27T23:30:00.000Z,MCT2408036,15.171567,74.067106,37.06666666666667,120,625.5333333333333,90.27787333333332,10.012,7.356,5.122,15.16333333333333,8.174666666666665,11.644666666666668,25.316322666666668
2026-09-27T23:40:00.000Z,MCT2408036,15.171567,74.067106,37.125,120,634.125,89.06845500000001,10.035000000000002,7.4887500000000005,5.426875000000002,15.641249999999998,8.170625,11.671874999999998,25.604066874999997
2026-09-27T23:50:00.000Z,MCT2408036,15.171567,74.067106,36.9375,120,632.625,89.09801812500001,9.69625,7.589375,5.295,15.481874999999999,8.234375,11.60625,25.573903124999994
2026-09-28T00:00:00.000Z,MCT2408036,15.171567,74.067106,37,120,633.625,89.87812500000001,9.780000000000001,7.295,5.491875000000001,15.988749999999996,8.455625,11.616875,25.390906249999997
2026-09-28T00:01:59.824Z,MCT2408036,15.171567,74.067106,36.333333333333336,120,626.3333333333334,89.89894666666665,10.1,7.256666666666667,5.789999999999999,17.223333333333333,9.29,11.270000000000001,25.412133333333333
2026-09-27T23:10:00.000Z,MCT2408031,15.290833,74.149167,23,145.42732307692307,547.5384615384615,87.4782746153846,6.6934119999999995,9.386955923076924,8.717692307692307,22.942307692307697,12.600769230769231,5.229230769230769,24.67072769230769
2026-09-27T23:20:00.000Z,MCT2408031,15.290833,74.149167,23.5,146.06924375000003,555.1875,87.467710625,7.070180375,9.170709250000002,9.136874999999998,24.103125,13.303750000000003,5.090625,24.629425625000003
2026-09-27T23:30:00.000Z,MCT2408031,15.290833,74.149167,24.0625,144.236275,537.1875,87.49155375,6.8124470624999995,8.26044075,9.613125,25.190000000000005,13.749375000000004,5.034375,24.5798225
2026-09-27T23:40:00.000Z,MCT2408031,15.290833,74.149167,23.0625,150.71944375,563.5,87.52684249999999,6.977539,8.3681473125,8.988749999999998,23.423125000000006,12.796875000000002,5.1675,24.526193125000002
2026-09-27T23:50:00.000Z,MCT2408031,15.290833,74.149167,23.3125,155.30790624999997,585.3125,87.56927812500001,6.9466584375,8.09726625,9.194999999999999,23.694375,12.708125000000003,5.213125000000001,24.461843125000005
2026-09-28T00:00:00.000Z,MCT2408031,15.290833,74.149167,23.25,154.1054875,578.75,87.64795625000001,6.977539,9.559019500000002,9.076249999999998,23.286875000000002,12.438125000000001,4.883749999999999,24.427657499999995
2026-09-28T00:01:59.881Z,MCT2408031,15.290833,74.149167,23.333333333333332,153.1735,577.6666666666666,87.65082,6.540680999999999,6,9.206666666666667,23.913333333333338,13.016666666666667,5.180000000000001,24.414696666666668
2026-09-27T23:10:00.000Z,MCT2408039,15.163611,74.110833,30.307692307692307,326.56692307692305,580.6153846153846,86.95477999999997,13.30076923076923,10.299999999999999,9.019999999999998,28.94,11.76,2.3000000000000003,25.06590307692307
2026-09-27T23:20:00.000Z,MCT2408039,15.163611,74.110833,30.333333333333332,323.196,589.1333333333333,86.96569733333332,12.843333333333334,10.3,9.019999999999998,28.94,11.759999999999998,2.3,25.063924
2026-09-27T23:30:00.000Z,MCT2408039,15.163611,74.110833,30.6875,322.57375,588.4375,87.01710312499999,13.494375,10.3,9.019999999999998,28.94,11.759999999999998,2.3,25.071833125
2026-09-27T23:40:00.000Z,MCT2408039,15.163611,74.110833,29.857142857142858,321.48214285714283,599.2142857142857,86.90695285714287,12.825,10.299999999999999,9.019999999999998,28.94,11.76,2.3000000000000003,25.181290000000008
2026-09-27T23:50:00.000Z,MCT2408039,15.163611,74.110833,30.5625,322.24125,565.25,86.833040625,13.435,10.3,9.019999999999998,28.94,11.759999999999998,2.3,25.208580624999996
2026-09-28T00:00:00.000Z,MCT2408039,15.163611,74.110833,30.3125,325.50437500000004,589.75,86.85497624999998,12.95,10.3,9.019999999999998,28.94,11.759999999999998,2.3,25.178415625000007
2026-09-28T00:02:00.027Z,MCT2408039,15.163611,74.110833,30.666666666666668,323.32666666666665,585.6666666666666,86.82684,13.469999999999999,10.3,9.02,28.94,11.76,2.3,25.14758
2026-09-27T23:10:00.000Z,MCT2408035,15.236111,74.125,45.53846153846154,190,835.1538461538462,89.5581676923077,17.963739999999998,7.939230769230767,3.7999999999999994,11.291538461538462,6.010769230769231,3.8299999999999987,25.235856923076923
2026-09-27T23:20:00.000Z,MCT2408035,15.236111,74.125,45.5625,190,836.1875,89.29400062500002,17.853071874999998,7.886874999999999,3.799999999999999,11.319999999999999,6.039375000000001,3.8299999999999987,25.246788124999995
2026-09-27T23:30:00.000Z,MCT2408035,15.236111,74.125,44.8125,190,815.125,89.29257062500001,17.24213875,7.882499999999998,3.799999999999999,11.107499999999998,5.82625,3.8299999999999987,25.245446875000003
2026-09-27T23:40:00.000Z,MCT2408035,15.236111,74.125,46.625,190,834.0625,89.232486875,18.745929375,8.01625,3.799999999999999,10.991249999999997,5.708125,3.8299999999999987,25.230030000000006
2026-09-27T23:50:00.000Z,MCT2408035,15.236111,74.125,46.3125,190,841.125,89.23010375000001,18.513414374999996,8.126875,3.799999999999999,10.685624999999996,5.401250000000001,3.8299999999999987,25.209250624999996
2026-09-28T00:00:00.000Z,MCT2408035,15.236111,74.125,46.25,190,837.4375,89.2510825,18.493650625,8.215625,3.799999999999999,11.178749999999999,5.897500000000001,3.8299999999999987,25.22399937500001
2026-09-28T00:02:00.027Z,MCT2408035,15.236111,74.125,44.333333333333336,190,838,89.25299,17.016986666666668,8.486666666666666,3.7999999999999994,11.826666666666668,6.543333333333334,3.83,25.23338
2026-09-27T23:10:00.000Z,MCT2408026,15.2467,74.198281,117,125,579.5,86.46635500000002,13.0773575,12.5,7.279000000000002,23.453,12.9225,50.4575,25.6135855
2026-09-27T23:20:00.000Z,MCT2408026,15.2467,74.198281,117,125,579.7916666666666,86.1201691666667,13.008856250000003,12.5,7.72,24.258749999999992,13.099166666666667,50.556250000000006,25.623508749999996
2026-09-27T23:30:00.000Z,MCT2408026,15.2467,74.198281,117,125,588.2916666666666,86.19455791666665,13.039205000000003,12.5,7.286666666666668,23.210833333333326,12.657916666666665,50.412499999999994,25.459949166666664
2026-09-27T23:40:00.000Z,MCT2408026,15.2467,74.198281,117,125,596.7083333333334,86.07185083333333,13.166048333333336,12.5,7.326250000000001,23.090000000000003,12.49583333333333,50.47500000000002,25.446543333333338
2026-09-27T23:50:00.000Z,MCT2408026,15.2467,74.198281,116.91666666666667,125,599.8333333333334,86.25304916666666,13.018007916666669,12.5,7.050833333333334,22.927916666666665,12.697916666666666,50.267499999999984,25.379957500000003
2026-09-28T00:00:00.000Z,MCT2408026,15.2467,74.198281,117,125,600.5416666666666,86.44060541666666,13.203865833333333,12.5,6.775000000000001,21.962499999999995,12.053333333333333,50.425000000000004,25.347780833333328
2026-09-28T00:02:00.060Z,MCT2408026,15.2467,74.198281,117,125,608.4,86.254638,13.306524,12.5,6.806,22.438,12.536,50.57,25.38353
2026-09-27T23:10:00.000Z,MCT2408038,15.188889,74.055556,21.083333333333332,368.4866666666666,779.6666666666666,88.71766000000001,8.991666666666665,13.330000000000004,5.950000000000002,17.065833333333337,8.159999999999998,4.718333333333333,25.01709
2026-09-27T23:20:00.000Z,MCT2408038,15.188889,74.055556,21.1875,360.189375,768.0625,88.68269249999999,9.023124999999997,13.330000000000005,6.010000000000001,17.023750000000003,8.125625,4.7425,24.991396875
2026-09-27T23:30:00.000Z,MCT2408038,15.188889,74.055556,21.1875,363.4575,776.25,88.88534812499998,9.126874999999997,13.330000000000005,5.950000000000002,16.900000000000002,7.9606249999999985,4.7524999999999995,24.953186875000004
2026-09-27T23:40:00.000Z,MCT2408038,15.188889,74.055556,21.875,327.64,787.9375,88.69223000000002,8.995625,13.330000000000005,7.1587499999999995,19.943125,9.610625,4.7281249999999995,24.95921875
2026-09-27T23:50:00.000Z,MCT2408038,15.188889,74.055556,21.5,334.608125,776.3125,88.87915187499999,9.100624999999999,13.330000000000005,6.794999999999999,19.072499999999998,9.280625,4.745625,24.936428749999997
2026-09-28T00:00:00.000Z,MCT2408038,15.188889,74.055556,25.0625,300.43375,776.125,88.88868687499999,9.128124999999997,13.330000000000005,9.367500000000001,26.28,12.745000000000001,4.718749999999999,24.961900000000004
2026-09-28T00:02:00.060Z,MCT2408038,15.188889,74.055556,23,308.4633333333333,766.6666666666666,88.80031333333334,9.193333333333333,13.33,7.636666666666667,20.87666666666667,10.103333333333333,4.766666666666667,24.954529999999995
