time,device_id,latitude,longitude,aqi,co,co2,hum,no2,o3,pm1,pm10,pm25,so2,temp
2026-08-21T18:30:00.000Z,MCT2408028,15.186944,74.096667,42.12,583.0388,483.32,91.73284759999999,18.550799999999995,12.384399999999996,4.989999999999998,13.005200000000002,6.0416,1.9152,25.234240800000006
2026-08-21T18:40:00.000Z,MCT2408028,15.186944,74.096667,42.16,582.8780000000002,493.24,91.689818,18.586799999999997,12.285999999999994,4.989999999999998,12.608800000000006,5.644399999999999,2.008,25.310601599999988
2026-08-21T18:50:00.000Z,MCT2408028,15.186944,74.096667,42.16,578.4875999999999,488.52,91.65197640000002,18.592799999999997,12.151999999999996,4.989999999999998,12.727200000000003,5.763599999999999,1.9692000000000005,25.341061600000003
2026-08-21T19:00:00.000Z,MCT2408028,15.186944,74.096667,42.16,577.3476000000002,499.8,91.87109239999998,18.598799999999997,12.056399999999996,4.989999999999998,12.130000000000004,5.167999999999999,1.9819999999999995,25.341061199999995
2026-08-21T19:10:00.000Z,MCT2408028,15.186944,74.096667,41.84,571.3004,503.2,91.7218632,18.274799999999995,12.220399999999994,4.989999999999998,12.529200000000005,5.564399999999998,1.7892000000000001,25.359937199999994
2026-08-21T19:17:15.079Z,MCT2408028,15.186944,74.096667,42.111111111111114,566.5205555555555,502.3888888888889,91.66896666666668,18.553333333333327,12.31722222222222,4.989999999999999,12.430000000000003,5.464999999999999,1.7188888888888887,25.36565722222222
2026-08-21T18:30:00.000Z,MCT2408020,15.543475,74.039433,25,180,458.0625,86.77248499999999,9.344309812499999,19.2683575,5.5699999999999985,17.476875000000003,9.0575,3.6599999999999984,26.330695
2026-08-21T18:40:00.000Z,MCT2408020,15.543475,74.039433,25.375,180,461.125,86.83685874999999,9.2380624375,19.3005875,5.7425,18.116875,9.522499999999997,3.6599999999999984,26.35884625
2026-08-21T18:50:00.000Z,MCT2408020,15.543475,74.039433,29.125,180,466.0625,86.985630625,9.292291249999998,19.496494374999997,8.290624999999999,25.046875000000004,13.068125000000002,3.6599999999999984,26.348122500000006
2026-08-21T19:00:00.000Z,MCT2408020,15.543475,74.039433,27.8125,180,467.9375,87.26314937500001,9.292291375000001,19.33534375,7.594374999999999,22.485000000000007,11.73125,3.6599999999999984,26.258971250000002
2026-08-21T19:10:00.000Z,MCT2408020,15.543475,74.039433,29.75,180,459.6875,87.45436062500002,9.21426375,19.404853125,8.93125,26.096874999999994,13.358749999999999,3.6599999999999984,26.193950000000005
2026-08-21T19:17:15.079Z,MCT2408020,15.543475,74.039433,29.5,180,457.4166666666667,87.74618499999998,9.316827,19.355988333333332,8.8925,26.095000000000002,13.397499999999999,3.659999999999999,26.1619975
2026-08-21T18:30:00.000Z,MCT2408056,15.579167,73.920833,51.4375,180,519.6875,89.35264937499998,6.734374999999999,9.380135,22.461249999999996,68.53562500000001,38.485,1.5843749999999999,26.177190000000003
2026-08-21T18:40:00.000Z,MCT2408056,15.579167,73.920833,47.25,180,513.0625,89.46184750000002,6.654375,9.2345950625,19.939375,60.45000000000001,33.447500000000005,1.5868749999999996,26.183894375
2026-08-21T18:50:00.000Z,MCT2408056,15.579167,73.920833,42.25,180,506.375,89.29066062500002,6.944375,9.24706575,15.776875,50.03437499999999,28.820625000000003,1.6074999999999997,26.166465000000002
2026-08-21T19:00:00.000Z,MCT2408056,15.579167,73.920833,39.25,180,500.5625,89.29113937499999,6.70125,9.715081875,13.843750000000004,43.66125000000001,24.835000000000004,1.6487499999999995,26.104793749999995
2026-08-21T19:10:00.000Z,MCT2408056,15.579167,73.920833,39.375,180,509.1875,89.15237937500001,6.807500000000001,9.283890812500001,14.018125,43.83125000000001,24.951875000000005,1.6974999999999998,26.1128375
2026-08-21T19:17:15.111Z,MCT2408056,15.579167,73.920833,40.666666666666664,180,509.1666666666667,89.47487999999998,6.764166666666667,9.28032025,14.701666666666668,46.222500000000004,26.396666666666672,1.6433333333333333,26.002013333333338
2026-08-21T18:30:00.000Z,MCT2408057,15.272222,74.104722,29.96,325.4576000000001,461.68,81.38555919999996,12.503599999999999,9.040000000000001,7.462000000000002,21.600000000000005,11.1576,2.2595999999999994,28.114570800000003
2026-08-21T18:40:00.000Z,MCT2408057,15.272222,74.104722,29.92,319.8204,462.8,81.76977599999996,12.349999999999998,9.0548,8.1296,23.724399999999996,12.287599999999998,2.2168,28.068667599999994
2026-08-21T18:50:00.000Z,MCT2408057,15.272222,74.104722,29.88,329.3748000000001,464.64,80.82067919999999,12.347599999999998,9.022,6.438800000000001,18.907200000000003,9.941600000000003,2.0424,28.402434400000008
2026-08-21T19:00:00.000Z,MCT2408057,15.272222,74.104722,29.8,322.606,473.72,81.0626828,12.292399999999997,9.0348,6.842800000000002,20.06200000000001,10.538000000000004,2.1340000000000003,28.459492800000003
2026-08-21T19:10:00.000Z,MCT2408057,15.272222,74.104722,29.6,319.29719999999986,470,81.51098639999998,12.186000000000002,9.0196,6.652400000000001,19.337600000000005,10.074000000000003,2.281999999999999,28.396429999999995
2026-08-21T19:17:15.111Z,MCT2408057,15.272222,74.104722,29.38888888888889,321.3394444444444,462.8888888888889,81.69056444444443,12.11388888888889,9.103333333333333,6.557777777777778,18.908888888888892,9.778333333333334,2.227222222222222,28.42171666666667
2026-08-21T18:30:00.000Z,MCT2408055,15.585833,73.885556,31.625,280.44375,767,86.44537249999999,9.135,6.5600000000000005,14.423749999999998,41.44875,22.663749999999997,1.51125,26.749643749999997
2026-08-21T18:40:00.000Z,MCT2408055,15.585833,73.885556,31.428571428571427,73.24214285714288,765.7142857142857,87.18978500000001,8.977142857142857,6.178571428571429,14.239285714285717,41.07214285714286,22.54214285714286,1.5607142857142853,26.420803571428575
2026-08-21T18:50:00.000Z,MCT2408055,15.585833,73.885556,31.2,45.82999999999999,766.9,87.84079,8.829999999999998,6.542,14.059999999999999,40.658,22.288,1.5829999999999997,26.147159
2026-08-21T19:00:00.000Z,MCT2408055,15.585833,73.885556,30.153846153846153,45.83,768.3076923076923,87.68426923076923,8.833846153846155,6.383846153846152,13.182307692307692,37.90384615384615,20.76230769230769,1.5353846153846153,26.127689230769228
2026-08-21T19:10:00.000Z,MCT2408055,15.585833,73.885556,29.466666666666665,45.93,767.6,88.21284799999998,8.813333333333333,6.928666666666667,12.403333333333336,35.964666666666666,19.995333333333328,1.6159999999999999,25.88761333333333
2026-08-21T19:17:15.153Z,MCT2408055,15.585833,73.885556,28.90909090909091,48.28727272727272,767.4545454545455,88.45814363636363,8.828181818181818,6.884545454545455,12.017272727272728,34.86727272727273,19.395454545454548,1.4763636363636365,25.806687272727274
2026-08-21T18:30:00.000Z,MCT2408052,15.444425,74.063856,17,160,760.9375,89.19624749999998,3.7036405000000006,8,6.232499999999999,18.105000000000004,8.929374999999999,2,26.02904874999999
2026-08-21T18:40:00.000Z,MCT2408052,15.444425,74.063856,17.125,160,731.3125,89.38078312499998,3.6054826875000003,8,6.188749999999998,17.933125000000004,8.757499999999999,2,26.011619374999995
2026-08-21T18:50:00.000Z,MCT2408052,15.444425,74.063856,16.875,160,750.3125,89.45087999999998,3.6194739375000005,8,6.106249999999999,17.803125,8.799999999999999,2,26.023016249999998
2026-08-21T19:00:00.000Z,MCT2408052,15.444425,74.063856,17.5,160,744.625,89.532894375,3.7049561875000006,8,6.565624999999999,19.009375,9.319999999999999,2,26.039104375000004
2026-08-21T19:10:00.000Z,MCT2408052,15.444425,74.063856,17.8125,160,744.0625,89.71790749999998,3.6267544375000003,8,6.7106249999999985,19.419375000000002,9.473124999999998,2,26.065245
2026-08-21T19:17:15.304Z,MCT2408052,15.444425,74.063856,17.181818181818183,160,748.3636363636364,89.78011272727274,3.626985909090909,8,6.358181818181818,18.370909090909095,9.004545454545454,2,26.103088181818183
2026-08-21T18:30:00.000Z,MCT2408053,15.263333,74.110833,44.4375,185.07953749999996,890.25,90.80652687500002,17.910625000000003,27.41625,4.590000000000002,14.401250000000003,8.811875,5.107500000000001,25.805164375
2026-08-21T18:40:00.000Z,MCT2408053,15.263333,74.110833,43.125,179.85219375000003,868.8125,91.534656875,16.6775,27.956875000000004,4.590000000000002,13.855000000000002,8.1775,4.9331249999999995,25.709979999999998
2026-08-21T18:50:00.000Z,MCT2408053,15.263333,74.110833,43.625,194.74732500000002,841,91.82934125,17.238750000000003,27.191250000000004,4.590000000000002,14.279375000000002,8.670625000000001,4.8525,25.721375625000004
2026-08-21T19:00:00.000Z,MCT2408053,15.263333,74.110833,45,193.27139375000002,886.6875,92.22511625000001,18.46875,27.719375,4.647500000000001,13.794374999999997,7.967499999999999,4.741874999999999,25.791758125
2026-08-21T19:10:00.000Z,MCT2408053,15.263333,74.110833,43.5,190.29280624999998,880.625,92.383425625,17.225,28.8575,4.590000000000002,13.368125000000001,7.614374999999999,4.873125000000001,25.857448749999996
2026-08-21T19:17:15.305Z,MCT2408053,15.263333,74.110833,42.916666666666664,184.62085,891,92.43889833333333,16.500833333333333,26.820000000000004,4.590000000000001,13.529166666666663,7.803333333333334,5.114166666666667,25.830411666666667
2026-08-21T18:30:00.000Z,MCT2408021,15.500556,74.053333,49.75,375,512.5,88.974041875,21.3375,14.62165625,2.86,8.804375,5.354375,4.270625,25.449894999999998
2026-08-21T18:40:00.000Z,MCT2408021,15.500556,74.053333,49.75,375,513.4375,88.98596250000001,21.40625,14.621656249999997,2.86,9.07625,5.6518749999999995,4.255,25.463299375
2026-08-21T18:50:00.000Z,MCT2408021,15.500556,74.053333,49.625,375,513.25,89.103740625,21.362500000000004,14.566821875000002,2.86,8.37,4.880000000000001,4.25875,25.50888125
2026-08-21T19:00:00.000Z,MCT2408021,15.500556,74.053333,49.6,375,514.0666666666667,89.04140066666669,21.301333333333332,14.582258000000001,3.2399999999999998,9.710666666666667,5.872,4.296,25.584446
2026-08-21T19:10:00.000Z,MCT2408021,15.500556,74.053333,49.75,375,513.4375,89.169544375,21.373749999999998,14.712467500000002,3.0374999999999996,9.049375,5.415000000000001,4.3,25.53100125
2026-08-21T19:17:15.337Z,MCT2408021,15.500556,74.053333,50,375,510.25,89.20149333333332,21.471666666666664,14.746830833333334,2.86,8.405833333333332,4.919166666666666,4.2700000000000005,25.500614166666665
2026-08-21T18:30:00.000Z,MCT2408043,15.221111,74.087222,33.06666666666667,182.532,578.0666666666667,86.16206799999999,14.193999999999997,10.428666666666665,9.626000000000001,31.070666666666664,17.24866666666667,5.290000000000001,26.294452666666658
2026-08-21T18:40:00.000Z,MCT2408043,15.221111,74.087222,33.625,172.02375,543.1875,86.186925625,14.230624999999996,10.43,9.895624999999999,32.105624999999996,17.772500000000004,5.290000000000001,26.348791875
2026-08-21T18:50:00.000Z,MCT2408043,15.221111,74.087222,35.333333333333336,173.75,572.6,86.61372866666669,14.245999999999999,10.417333333333334,11.82,37.165333333333336,19.986,5.290000000000001,26.337352
2026-08-21T19:00:00.000Z,MCT2408043,15.221111,74.087222,36.785714285714285,179.6678571428572,563.5714285714286,86.42030642857144,14.250714285714286,10.383571428571427,12.121428571428572,39.26785714285715,21.59642857142857,5.29,26.393990000000002
2026-08-21T19:10:00.000Z,MCT2408043,15.221111,74.087222,33.8,178.04933333333332,554.4666666666667,86.209372,14.198666666666666,10.424000000000001,10.300666666666668,33.21733333333333,18.446666666666665,5.290000000000001,26.45818666666667
2026-08-21T19:17:15.338Z,MCT2408043,15.221111,74.087222,33.083333333333336,191.4825,580.0833333333334,86.2177625,14.235833333333332,10.521666666666668,8.444999999999999,28.109166666666667,15.583333333333336,5.29,26.41761083333333
2026-08-21T18:30:00.000Z,MCT2408051,15.486528,74.033889,54.375,301.200625,828.9375,97.57570625,23.086875,5.1899999999999995,7.113125,22.258124999999996,12.057500000000001,5.42875,24.733325
2026-08-21T18:40:00.000Z,MCT2408051,15.486528,74.033889,53.625,299.05249999999995,836.0625,97.55091000000002,22.485625,5.1899999999999995,6.453124999999999,20.16187499999999,11.006875,4.39,24.727290625
2026-08-21T18:50:00.000Z,MCT2408051,15.486528,74.033889,53.9375,299.56687500000004,831.8125,97.726865,22.725624999999997,5.1899999999999995,5.445,17.361875,9.645625000000003,4.39,24.73466562499999
2026-08-21T19:00:00.000Z,MCT2408051,15.486528,74.033889,53.666666666666664,296.9566666666667,832.8,97.69567933333336,22.496666666666666,5.1899999999999995,5.018666666666666,16.36533333333333,9.292666666666667,4.39,24.708566666666673
2026-08-21T19:10:00.000Z,MCT2408051,15.486528,74.033889,53.9375,297.8475,829.4375,97.73401750000002,22.669999999999998,5.1899999999999995,4.704375000000001,14.877499999999998,8.245000000000001,4.39,24.704501249999996
2026-08-21T19:17:15.377Z,MCT2408051,15.486528,74.033889,53.916666666666664,296.9341666666667,827.3333333333334,97.9282475,22.71416666666667,5.1899999999999995,5.2891666666666675,16.9875,9.542500000000002,4.39,24.749858333333336
2026-08-21T18:30:00.000Z,MCT2408050,15.553611,73.958333,39.25,86.02999999999999,546.9375,92.17314125000001,11.164375,4.235,16.010625000000005,50.451875,26.951874999999998,2.9187499999999997,25.591329374999994
2026-08-21T18:40:00.000Z,MCT2408050,15.553611,73.958333,38.5625,86.02999999999999,544.9375,92.17934000000001,11.2025,4.238125,15.216875000000003,48.25125,25.940000000000005,2.95,25.535693124999998
2026-08-21T18:50:00.000Z,MCT2408050,15.553611,73.958333,34.875,86.02999999999999,554.5625,92.02818187500003,11.135000000000002,4.330000000000001,12.989374999999997,41.1125,22.056874999999998,2.965625,25.4693325
2026-08-21T19:00:00.000Z,MCT2408050,15.553611,73.958333,31.4375,86.02999999999999,545.5,91.92184937500002,11.200625,4.197500000000001,10.817500000000003,34.08,18.125625000000003,2.871875,25.440509999999996
2026-08-21T19:10:00.000Z,MCT2408050,15.553611,73.958333,31.625,86.02999999999999,549.75,91.83744875,10.970625000000002,4.08,10.976875000000001,34.081250000000004,17.753750000000004,3.0393749999999997,25.421069375
2026-08-21T19:17:15.529Z,MCT2408050,15.553611,73.958333,27.90909090909091,86.02999999999999,541.2727272727273,91.92327999999999,11.353636363636364,4.084545454545455,8.480000000000002,26.15090909090909,13.841818181818182,3.041818181818182,25.29968090909091
2026-08-21T18:30:00.000Z,MCT2408034,15.356389,74.123611,22.12,180,473.4,76.35168599999999,7.103199999999999,3.9767999999999994,6.379999999999998,20.2172,10.837200000000001,1.33,29.446631200000002
2026-08-21T18:40:00.000Z,MCT2408034,15.356389,74.123611,21.875,181.17114166666667,467.5416666666667,76.50395458333334,7.215000000000001,3.839166666666666,6.379999999999998,20.08375,10.70375,1.4866666666666664,29.37952625000001
2026-08-21T18:50:00.000Z,MCT2408034,15.356389,74.123611,21.833333333333332,180.71974999999998,472.875,77.00050041666667,7.077916666666666,4.3187500000000005,6.379999999999998,19.770833333333332,10.390833333333333,1.5904166666666668,29.300425833333325
2026-08-21T19:00:00.000Z,MCT2408034,15.356389,74.123611,22.125,181.63825,474.0833333333333,77.26466916666666,7.173333333333335,4.096666666666667,6.379999999999998,20.3175,10.9375,1.5016666666666667,29.188707916666676
2026-08-21T19:10:00.000Z,MCT2408034,15.356389,74.123611,21.791666666666668,180.08279166666668,476.0833333333333,77.69573125000001,7.016666666666668,4.344999999999999,6.379999999999998,19.849166666666665,10.469166666666668,1.4949999999999999,29.126592916666667
2026-08-21T19:17:15.529Z,MCT2408034,15.356389,74.123611,22.055555555555557,180,484.3333333333333,77.82330888888889,6.704444444444444,4.157777777777778,6.379999999999999,20.264444444444443,10.884444444444446,1.4449999999999998,29.132550555555554
2026-08-21T18:30:00.000Z,MCT2408029,15.333611,74.206944,13.066666666666666,127.109,475.8,91.38159066666664,4.423333333333332,9.222666666666667,3.136666666666667,9.864666666666666,5.528666666666666,3.6626666666666665,25.923362666666666
2026-08-21T18:40:00.000Z,MCT2408029,15.333611,74.206944,13.6875,127.26060000000001,484.5625,91.30195999999998,4.573124999999999,8.08,3.1981249999999997,10.333125000000003,5.918124999999999,3.6918750000000005,25.891634375000002
2026-08-21T18:50:00.000Z,MCT2408029,15.333611,74.206944,12.9375,127.37223125,493.375,91.528458125,4.291874999999999,7.7406250000000005,3.1981249999999997,10.1525,5.733125,3.6325,25.799129999999995
2026-08-21T19:00:00.000Z,MCT2408029,15.333611,74.206944,13.066666666666666,129.82550666666666,493,91.57232800000001,4.35,8.142666666666667,3.3333333333333335,10.674666666666669,5.998000000000001,3.6993333333333336,25.830412666666668
2026-08-21T19:10:00.000Z,MCT2408029,15.333611,74.206944,12.866666666666667,130.72727333333336,489.93333333333334,91.39481600000002,4.163333333333333,8.237333333333334,3.058,9.556666666666667,5.370666666666666,3.566666666666667,25.964118000000003
2026-08-21T19:17:15.562Z,MCT2408029,15.333611,74.206944,14.416666666666666,128.65770833333332,496.5,91.55897499999999,5.449999999999999,8.273333333333332,3.235,10.355833333333335,5.831666666666667,3.5716666666666668,25.946600833333335
2026-08-21T18:30:00.000Z,MCT2408030,15.142519,74.075003,25.4375,163,506.0625,83.245795625,8.840625000000001,6.200000000000002,9.370000000000001,25.20875,12.899375000000001,3.9093749999999994,26.233498749999992
2026-08-21T18:40:00.000Z,MCT2408030,15.142519,74.075003,25.2,163,507.53333333333336,83.36513400000003,8.773333333333333,6.200000000000002,9.370000000000001,24.882666666666662,12.561333333333334,4.278666666666666,26.203649333333328
2026-08-21T18:50:00.000Z,MCT2408030,15.142519,74.075003,25,163.09383125,477.9375,83.35690062500001,9.063750000000002,6.200000000000002,9.370000000000001,24.639999999999993,12.31,4.331875,26.244895000000007
2026-08-21T19:00:00.000Z,MCT2408030,15.142519,74.075003,25,163.55561428571428,447.64285714285717,83.44538714285716,8.897142857142859,6.200000000000002,9.370000000000001,24.639999999999993,12.31,4.243571428571428,26.219327142857143
2026-08-21T19:10:00.000Z,MCT2408030,15.142519,74.075003,25,163.38484,453.8666666666667,83.45516000000002,9.034,6.200000000000002,9.370000000000001,24.639999999999993,12.31,4.010666666666667,26.29802666666666
2026-08-21T19:17:15.562Z,MCT2408030,15.142519,74.075003,25,163,465.1818181818182,83.50181636363637,8.77818181818182,6.200000000000002,9.370000000000001,24.639999999999997,12.31,3.897272727272728,26.246418181818175
2026-08-21T18:30:00.000Z,MCT2408023,15.499722,74.020833,41.2,180.1833333333333,454.4,91.67862933333336,6.070666666666667,19.816666666666666,12.503999999999998,41.454666666666675,27.26,4.844,24.694982
2026-08-21T18:40:00.000Z,MCT2408023,15.499722,74.020833,40.375,191.2125,447.625,91.49794124999998,6.65,19.430625,11.644999999999996,39.498125,26.371874999999996,5.2575,24.726621874999992
2026-08-21T18:50:00.000Z,MCT2408023,15.499722,74.020833,38.6875,172.41625,454.5,91.57995750000003,6.438124999999999,19.968125000000004,10.377499999999998,35.934375,24.378125000000004,4.836875,24.780916249999997
2026-08-21T19:00:00.000Z,MCT2408023,15.499722,74.020833,33.875,200.768125,455.9375,91.557066875,6.99125,19.380625,8.078124999999998,27.941875000000007,18.66875,5.0825000000000005,24.866046875
2026-08-21T19:10:00.000Z,MCT2408023,15.499722,74.020833,32.375,216.9225,447.75,91.52655125,7.393750000000001,19.569375,7.1293750000000005,24.856250000000003,16.765624999999996,5.0912500000000005,24.8084
2026-08-21T19:17:15.602Z,MCT2408023,15.499722,74.020833,32.916666666666664,193.6075,448.75,91.51701416666667,6.958333333333333,19.5175,7.2875000000000005,25.858333333333334,17.641666666666666,4.713333333333333,24.833871666666663
2026-08-21T18:30:00.000Z,MCT2408027,15.275556,74.1075,27.125,1168.406875,654.8125,90.50182562500004,6.579999999999999,13.003750000000005,9.245624999999999,28.46375,15.500625000000003,2.9500000000000006,26.016983749999998
2026-08-21T18:40:00.000Z,MCT2408027,15.275556,74.1075,27.0625,1170.0318750000001,638.125,90.56667562500002,6.579999999999999,12.913125000000004,9.061874999999999,28.339999999999996,15.501250000000002,2.9500000000000006,26.023014999999997
2026-08-21T18:50:00.000Z,MCT2408027,15.275556,74.1075,27.375,1167.753125,643.625,90.72784750000001,6.579999999999999,12.888750000000005,9.491249999999997,28.956249999999997,15.686250000000001,2.9500000000000006,26.07395875
2026-08-21T19:00:00.000Z,MCT2408027,15.275556,74.1075,28.5625,1169.22,652.75,90.93002687500001,6.579999999999999,12.947500000000005,10.108125000000001,31.296875000000004,16.983750000000004,2.9500000000000006,26.096080625000003
2026-08-21T19:10:00.000Z,MCT2408027,15.275556,74.1075,27.6875,1170.1543749999998,654.6875,91.20420687500001,6.579999999999999,13.180000000000005,9.431874999999998,29.386250000000004,15.995624999999999,2.9500000000000006,25.955983749999998
2026-08-21T19:17:15.757Z,MCT2408027,15.275556,74.1075,27.333333333333332,1168.4791666666667,662.75,91.27541416666666,6.579999999999999,13.26416666666667,9.041666666666666,27.845833333333328,15.068333333333333,2.9499999999999997,25.94302499999999
2026-08-21T18:30:00.000Z,MCT2408040,15.528056,74.020833,18.6875,100,464.1875,88.47526749999999,7.661875000000002,4.789375,3.07,8.42,3.7299999999999986,3.5,26.027038124999997
2026-08-21T18:40:00.000Z,MCT2408040,15.528056,74.020833,19.0625,100,474.375,88.51627749999997,7.989375000000001,4.786875,3.07,8.42,3.7299999999999986,3.5,26.043124375
2026-08-21T18:50:00.000Z,MCT2408040,15.528056,74.020833,18.75,100,467.0625,88.56062124999998,7.882500000000001,4.751875,3.07,8.42,3.7299999999999986,3.5,26.093397499999995
2026-08-21T19:00:00.000Z,MCT2408040,15.528056,74.020833,18.9375,100,466.0625,88.55204062499999,8.015,4.796249999999999,3.07,8.42,3.7299999999999986,3.5,26.082003749999988
2026-08-21T19:10:00.000Z,MCT2408040,15.528056,74.020833,18.9375,100,465.4375,88.61545937499997,7.981250000000002,4.8031250000000005,3.07,8.42,3.7299999999999986,3.5,26.069266874999997
2026-08-21T19:17:15.759Z,MCT2408040,15.528056,74.020833,18.75,100,462.3333333333333,88.54600166666667,7.881666666666668,4.771666666666667,3.07,8.42,3.729999999999999,3.5,26.09585583333333
2026-08-21T18:30:00.000Z,MCT2408044,15.313669,74.140042,25.9375,214.29,490.9375,93.32565562499997,10.993125,3.505,2.8699999999999997,7.5,4.32,3.5541666875000004,25.124121874999997
2026-08-21T18:40:00.000Z,MCT2408044,15.313669,74.140042,25.9375,214.29,486.3125,93.45106499999997,10.911875,3.4993749999999997,2.8699999999999997,7.5,4.32,3.5193911250000003,25.101330625000006
2026-08-21T18:50:00.000Z,MCT2408044,15.313669,74.140042,25.933333333333334,214.29,495.06666666666666,93.64396266666667,10.954666666666666,3.389333333333333,2.8699999999999997,7.5,4.320000000000001,3.2389744000000005,25.13471266666667
2026-08-21T19:00:00.000Z,MCT2408044,15.313669,74.140042,26,214.29,498.5625,93.455835,10.878749999999998,3.4612499999999997,2.8699999999999997,7.53125,4.35375,3.4512019374999996,25.199196874999995
2026-08-21T19:10:00.000Z,MCT2408044,15.313669,74.140042,25.866666666666667,214.29,505.26666666666665,93.89624066666671,10.825333333333331,3.705333333333334,2.8699999999999997,7.5,4.320000000000001,3.3884615333333334,25.086803333333325
2026-08-21T19:17:15.794Z,MCT2408044,15.313669,74.140042,25.916666666666668,214.29,495.8333333333333,94.00928166666665,10.972500000000002,3.355,2.8700000000000006,7.583333333333333,4.41,3.3958333333333335,25.042115833333337
2026-08-21T18:30:00.000Z,MCT2408049,15.475278,74.055833,56.625,150.35425625,537.0625,86.934131875,24.081874999999997,13.478124999999999,6.851875000000002,19.821250000000006,10.020625,2.61,26.267015000000004
2026-08-21T18:40:00.000Z,MCT2408049,15.475278,74.055833,56.75,150,538,86.84973250000002,24.215,13.961875,6.659375000000001,19.343749999999996,9.925625000000002,2.61,26.287793125000004
2026-08-21T18:50:00.000Z,MCT2408049,15.475278,74.055833,56.625,150.068125,537.0625,87.06812312500003,24.180625000000003,13.016874999999999,6.419375000000001,18.385625000000005,9.352500000000003,2.61,26.309914375
2026-08-21T19:00:00.000Z,MCT2408049,15.475278,74.055833,56.9375,150,542,87.02663812500002,24.35875,13.732499999999998,6.275,17.906250000000004,9.161875000000004,2.61,26.364209999999996
2026-08-21T19:10:00.000Z,MCT2408049,15.475278,74.055833,56.5,150,532.3125,86.885016875,24.115000000000002,12.898125,5.988124999999998,17.428125,9.113750000000003,2.61,26.350802499999997
2026-08-21T19:17:15.794Z,MCT2408049,15.475278,74.055833,56.416666666666664,150.83743333333334,521.5833333333334,87.11675916666667,23.98333333333333,13.934166666666668,5.369166666666666,16.405833333333334,8.760833333333332,2.61,26.229924166666667
2026-08-21T18:30:00.000Z,MCT2408046,15.529167,74.07,31,95.52,796,86.94342119999999,13.2744,0.7768,5.5388,16.70680000000001,8.4196,3.5028,26.444031199999998
2026-08-21T18:40:00.000Z,MCT2408046,15.529167,74.07,30.92,95.52,794.92,86.9867556,13.200000000000003,0.8179999999999998,5.337200000000001,16.083600000000004,8.007600000000004,3.6319999999999997,26.418290799999994
2026-08-21T18:50:00.000Z,MCT2408046,15.529167,74.07,31,95.52,793.12,87.16406320000002,13.2904,0.9247999999999998,5.3624,16.662400000000005,8.418800000000001,3.6036,26.414001199999998
2026-08-21T19:00:00.000Z,MCT2408046,15.529167,74.07,30.96,95.52,801.12,86.4633792,13.268000000000002,0.8355999999999999,5.186,15.638800000000009,7.789200000000003,3.4064000000000005,26.7439044
2026-08-21T19:10:00.000Z,MCT2408046,15.529167,74.07,30.92,95.52,801.44,86.3272716,13.153600000000004,0.9464,5.1608,15.195599999999999,7.5484,3.5504,26.759349599999993
2026-08-21T19:17:15.824Z,MCT2408046,15.529167,74.07,30.894736842105264,95.52,809.1052631578947,86.34900210526314,13.129473684210529,0.9557894736842105,5.0600000000000005,14.498421052631578,7.034736842105264,3.5542105263157895,26.74731578947368
2026-08-21T18:30:00.000Z,MCT2408042,15.213889,74.071667,61.0625,222.48499999999999,476.25,89.27015750000002,26.106875,13.266875,10.635624999999997,31.862500000000004,16.6275,3.4850000000000003,26.334044999999996
2026-08-21T18:40:00.000Z,MCT2408042,15.213889,74.071667,60.75,217.13625,472.8125,89.38841250000003,25.900625,13.3575,10.806249999999997,32.32000000000001,16.741250000000004,3.5562499999999995,26.356165625
2026-08-21T18:50:00.000Z,MCT2408042,15.213889,74.071667,61.3125,215.01374999999996,479.75,89.37506124999999,26.232500000000005,13.09375,9.7825,29.640625,15.603750000000003,3.3093749999999997,26.458053750000005
2026-08-21T19:00:00.000Z,MCT2408042,15.213889,74.071667,61,236.11937500000005,474.1875,89.2548975,26.0575,13.3175,10.066875,30.268124999999998,15.774375000000003,3.5181249999999995,26.49559187500001
2026-08-21T19:10:00.000Z,MCT2408042,15.213889,74.071667,60.8125,243.4275,476.6875,89.40128625000001,25.949999999999996,13.605,10.635624999999997,31.862500000000004,16.570625,3.39125,26.430570000000007
2026-08-21T19:17:15.979Z,MCT2408042,15.213889,74.071667,60.666666666666664,251.3183333333333,479.3333333333333,89.40875583333333,25.85666666666667,13.310000000000002,8.872499999999999,27.05666666666667,14.428333333333333,3.5408333333333335,26.368454999999997
2026-08-21T18:30:00.000Z,MCT2408037,15.394444,74.118333,25.3125,160,459,85.461656875,10.640625000000002,14.413125,3.9975,15.025625,7.964999999999999,3.6356250000000006,25.759581249999997
2026-08-21T18:40:00.000Z,MCT2408037,15.394444,74.118333,25.25,160,459.4375,85.40014687499999,10.631250000000001,14.430625000000001,4.32125,16.148750000000003,8.478125,3.786875,25.814549375000006
2026-08-21T18:50:00.000Z,MCT2408037,15.394444,74.118333,25.375,160,467.875,85.53938312499997,10.7625,14.068750000000001,3.9512499999999995,14.616250000000003,7.683124999999999,3.5937499999999996,25.797119999999996
2026-08-21T19:00:00.000Z,MCT2408037,15.394444,74.118333,25.5625,160,479.75,85.60327875,10.778750000000002,14.44625,3.905,14.512500000000001,7.684999999999999,3.6593750000000003,25.816560000000006
2026-08-21T19:10:00.000Z,MCT2408037,15.394444,74.118333,25.1875,160,472.8125,85.73679249999998,10.585625000000002,14.493749999999999,4.228750000000001,15.636875000000002,8.198124999999997,3.8424999999999994,25.827954375000004
2026-08-21T19:17:15.979Z,MCT2408037,15.394444,74.118333,25.272727272727273,160,477.72727272727275,85.74000090909088,10.57727272727273,14.492727272727272,4.1909090909090905,15.314545454545458,7.905454545454546,3.7927272727272725,25.809613636363636
2026-08-21T18:30:00.000Z,MCT2408033,15.346944,74.007778,20.0625,110,484.1875,89.62301812500002,8.14,4.64875,6.021875000000001,15.319375000000003,9.226249999999999,4.39,25.888281874999993
2026-08-21T18:40:00.000Z,MCT2408033,15.346944,74.007778,19.875,110,524.625,89.83854687500002,8.0675,4.54,6.515000000000001,16.793125,10.2575,4.39,25.89632625
2026-08-21T18:50:00.000Z,MCT2408033,15.346944,74.007778,19.75,110,495.4375,90.08507187500003,7.946250000000001,4.269375,6.551874999999999,16.827499999999997,10.256874999999999,4.39,25.990171249999996
2026-08-21T19:00:00.000Z,MCT2408033,15.346944,74.007778,19.9375,110,486.3125,90.07505812500003,8.1475,4.453125,5.9837500000000015,15.44875,9.448125,4.39,26.031059374999995
2026-08-21T19:10:00.000Z,MCT2408033,15.346944,74.007778,20,110,509.75,90.16184375000002,8.175000000000002,4.7325,5.527500000000001,14.166875000000001,8.601874999999998,4.39,26.015640624999993
2026-08-21T19:17:16.019Z,MCT2408033,15.346944,74.007778,21.416666666666668,110,482,90.068065,9.400833333333333,4.528333333333333,5.8066666666666675,14.998333333333335,9.166666666666664,4.39,26.048488333333342
2026-08-21T18:30:00.000Z,MCT2408041,15.224628,74.171389,32.875,383.8718687499999,471.25,90.00973125,13.800624999999997,9.7,8.090000000000002,20.35125,9.001250000000002,7.844374999999999,25.802483749999997
2026-08-21T18:40:00.000Z,MCT2408041,15.224628,74.171389,32.75,387.32991250000003,469.3125,90.24481187500002,13.722499999999998,9.7,8.090000000000002,20.55375,9.203125000000002,8.025,25.803153125
2026-08-21T18:50:00.000Z,MCT2408041,15.224628,74.171389,32.875,365.30895625000005,476.3125,90.25435,13.788124999999997,9.7,8.090000000000002,20.300625,8.950625000000002,7.87875,25.821250000000003
2026-08-21T19:00:00.000Z,MCT2408041,15.224628,74.171389,32.625,387.1693,484.1875,90.39740000000002,13.711874999999997,9.7,8.090000000000002,20.35125,9.001250000000002,7.831875000000001,25.858790000000003
2026-08-21T19:10:00.000Z,MCT2408041,15.224628,74.171389,32.875,404.81857499999995,480.6875,90.521379375,13.833124999999999,9.7,8.090000000000002,20.25,8.900000000000002,7.885,25.928501875
2026-08-21T19:17:16.019Z,MCT2408041,15.224628,74.171389,32.833333333333336,395.8553583333333,470.25,90.5220125,13.849166666666664,9.700000000000001,8.090000000000002,20.385,9.035000000000002,7.784166666666668,25.99218
2026-08-21T18:30:00.000Z,MCT2408024,15.148056,74.131667,41.16,213.724756,637.92,80.65680040000001,17.9132964,5.772006000000001,5.2,16.990000000000006,9.590000000000002,2.5056000000000007,26.854158400000003
2026-08-21T18:40:00.000Z,MCT2408024,15.148056,74.131667,40.92,213.82390800000002,546.68,80.6674792,17.837308800000002,5.710245520000002,5.12,16.590000000000003,9.350000000000003,2.5111999999999997,26.886334399999996
2026-08-21T18:50:00.000Z,MCT2408024,15.148056,74.131667,41,214.0230625,667.4583333333334,80.80216708333334,17.874871666666667,5.643338333333335,5.208333333333333,16.78166666666667,9.365000000000004,2.535416666666667,26.869852500000007
2026-08-21T19:00:00.000Z,MCT2408024,15.148056,74.131667,41.12,214.372788,678.92,80.988222,17.9666408,5.972006000000002,5.6,18.390000000000004,10.190000000000003,2.4856,26.871318000000006
2026-08-21T19:10:00.000Z,MCT2408024,15.148056,74.131667,40.76,213.418612,667.88,81.11334319999999,17.6824464,6.002886240000002,5.36,17.710000000000004,9.990000000000004,2.5000000000000004,26.870459600000014
2026-08-21T19:17:16.045Z,MCT2408024,15.148056,74.131667,40.55555555555556,213.4612111111111,652.1111111111111,81.13319555555555,17.60722555555556,5.772006000000001,5.222222222222222,17.101111111111113,9.656666666666668,2.5105555555555554,26.821888888888893
2026-08-21T18:30:00.000Z,MCT2408045,15.619444,73.878889,27.4375,178.11999999999995,552.75,85.99762437500002,11.113125000000002,16.290000000000003,10.381874999999997,35.680625000000006,18.518124999999994,2.5300000000000002,26.020334999999996
2026-08-21T18:40:00.000Z,MCT2408045,15.619444,73.878889,26.875,178.11999999999995,551.8125,85.73631625000003,10.800625,16.316875,9.5325,32.973124999999996,17.279375,2.5300000000000002,26.0364225
2026-08-21T18:50:00.000Z,MCT2408045,15.619444,73.878889,27.125,178.11999999999995,551.8125,85.681955,10.948125000000001,16.62,9.373125000000002,32.153749999999995,16.820000000000004,2.5300000000000002,26.027709374999997
2026-08-21T19:00:00.000Z,MCT2408045,15.619444,73.878889,27,178.11999999999995,557.9375,85.68291,10.911875,16.333125000000003,9.563125,32.51,16.820625000000007,2.5300000000000002,26.011620625
2026-08-21T19:10:00.000Z,MCT2408045,15.619444,73.878889,27.125,178.11999999999995,560.125,85.76683687500002,11.06625,16.67125,9.405625000000002,32.15375,16.785000000000004,2.5300000000000002,25.96671
2026-08-21T19:17:16.205Z,MCT2408045,15.619444,73.878889,27,178.11999999999998,564.7272727272727,85.82045636363635,10.916363636363634,16.428181818181816,9.425454545454548,32.14727272727273,16.704545454545457,2.5300000000000002,25.947087272727273
2026-08-21T18:30:00.000Z,MCT2408022,15.475833,74.038889,32.5625,150,442.9375,89.978260625,3.8937499999999994,11.387926250000001,9.5625,29.875,16.25,4.2153485625,25.413695624999992
2026-08-21T18:40:00.000Z,MCT2408022,15.475833,74.038889,32.9375,150,449.8125,90.00830000000002,3.8518749999999997,11.424761875000002,9.8125,30.4375,16.625,4.2410398125,25.453244374999997
2026-08-21T18:50:00.000Z,MCT2408022,15.475833,74.038889,32.3125,150,439.875,89.95966437500002,4.01875,11.33797625,9.5625,29.1875,15.5625,4.240219625,25.472013750000006
2026-08-21T19:00:00.000Z,MCT2408022,15.475833,74.038889,32.1875,150,442.8125,89.98016687500001,3.871875,11.369226249999999,9.375,29,15.6875,4.251751625,25.470001875
2026-08-21T19:10:00.000Z,MCT2408022,15.475833,74.038889,32.6875,150,450,90.21191125000001,4.04625,11.267758125,9.9375,30.0625,16,4.273479249999999,25.411015000000003
2026-08-21T19:17:16.205Z,MCT2408022,15.475833,74.038889,32.63636363636363,150,443.27272727272725,90.93006999999999,4.1118181818181805,11.412468181818182,9.636363636363637,29.727272727272727,16,4.228948818181818,25.23045818181818
2026-08-21T18:30:00.000Z,MCT2408032,15.525556,73.828611,34.44,178.92999999999995,688.24,88.399414,14.276800000000003,18.061200000000007,7.347200000000003,23.554000000000002,13.0808,2.3960000000000004,26.841289199999995
2026-08-21T18:40:00.000Z,MCT2408032,15.525556,73.828611,34.72,178.92999999999995,687.72,87.82721080000003,14.495600000000003,17.994400000000006,7.233600000000001,23.2704,13.023600000000004,2.6116,26.849440800000004
2026-08-21T18:50:00.000Z,MCT2408032,15.525556,73.828611,33.68,178.92999999999995,681.84,87.93463160000003,13.736400000000001,18.087600000000002,7.460800000000001,24.0088,13.306399999999998,2.6188,26.8404316
2026-08-21T19:00:00.000Z,MCT2408032,15.525556,73.828611,34.44,178.92999999999995,687.04,87.90563960000001,14.257600000000002,18.388800000000007,7.744799999999999,25.317200000000003,14.0436,2.5636,26.827560799999993
2026-08-21T19:10:00.000Z,MCT2408032,15.525556,73.828611,34,178.92999999999995,680.92,88.12139879999997,13.927200000000003,18.109200000000005,7.688,25.1472,13.987200000000003,2.5452,26.70271959999999
2026-08-21T19:17:16.240Z,MCT2408032,15.525556,73.828611,34.833333333333336,178.92999999999995,686.5,88.36798055555555,14.56722222222222,18.483888888888888,7.672222222222223,25.839444444444442,14.707222222222223,2.5500000000000003,26.637174444444444
2026-08-21T18:30:00.000Z,MCT2408036,15.171567,74.067106,34.666666666666664,120,462.2,89.22247133333332,10.117333333333335,7.848666666666668,4.034000000000001,12.189999999999998,6.722666666666667,11.162,26.087811333333335
2026-08-21T18:40:00.000Z,MCT2408036,15.171567,74.067106,34.9375,120,478.8125,89.74174937499998,9.873125,7.813750000000001,4.209375,12.724999999999998,7.029375,11.273750000000001,26.037093125
2026-08-21T18:50:00.000Z,MCT2408036,15.171567,74.067106,34.8,120,484.1333333333333,89.95184266666665,10.246000000000002,8.068,5.157333333333333,15.366666666666667,8.308,11.193333333333333,25.96912133333334
2026-08-21T19:00:00.000Z,MCT2408036,15.171567,74.067106,33.93333333333333,120,485.06666666666666,90.46708199999999,10.407333333333334,8.184666666666667,4.911333333333332,14.791333333333334,7.972666666666668,10.66,25.833273333333334
2026-08-21T19:10:00.000Z,MCT2408036,15.171567,74.067106,34.4,120,488,90.91975866666667,10.087333333333333,8.030666666666667,4.28,13.002,7.092,10.909333333333333,25.700998666666667
2026-08-21T19:17:16.246Z,MCT2408036,15.171567,74.067106,34.09090909090909,120,486.72727272727275,91.02717000000003,10.545454545454545,7.9818181818181815,4.783636363636364,14.183636363636367,7.554545454545454,10.775454545454545,25.653610909090904
2026-08-21T18:30:00.000Z,MCT2408031,15.290833,74.149167,19.375,157.66810625,474.125,87.46818750000001,7.008419625000001,7.6849525000000005,6.040624999999999,15.544375000000002,8.334375,4.864375000000001,25.50351624999999
2026-08-21T18:40:00.000Z,MCT2408031,15.290833,74.149167,19.25,155.87259375,476.75,87.53733250000002,7.0016891249999995,7.8147245625,6.039999999999999,15.2725,8.067499999999999,4.916875,25.490779999999994
2026-08-21T18:50:00.000Z,MCT2408031,15.290833,74.149167,19.625,156.97019375,474.9375,87.569753125,7.014621875,7.238267874999999,6.130624999999999,15.788750000000002,8.423124999999999,5.091875000000001,25.490779999999994
2026-08-21T19:00:00.000Z,MCT2408031,15.290833,74.149167,19.3125,157.42821249999997,475.25,87.57786125,7.021352187499998,8.01033275,5.979999999999999,15.298749999999998,8.156875,4.7825,25.508213124999997
2026-08-21T19:10:00.000Z,MCT2408031,15.290833,74.149167,19.125,156.67956250000003,473.6875,88.13576187499999,6.603013875,9.3565939375,5.831249999999999,15.026249999999997,8.0975,4.921874999999999,25.3862125
2026-08-21T19:17:16.264Z,MCT2408031,15.290833,74.149167,18.09090909090909,153.95097272727273,458,88.11967818181819,6.7701934545454545,8.427251454545456,5.195454545454546,13.39818181818182,7.185454545454546,5.089090909090909,25.371831818181818
2026-08-21T18:30:00.000Z,MCT2408039,15.163611,74.110833,29,300.08933333333334,474.6666666666667,85.96116199999999,11.995333333333333,10.3,9.019999999999998,28.94,11.759999999999998,2.3,25.70743466666666
2026-08-21T18:40:00.000Z,MCT2408039,15.163611,74.110833,29,301.51687499999997,482.125,85.88747249999999,11.234374999999998,10.3,9.019999999999998,28.94,11.759999999999998,2.3,25.779022500000004
2026-08-21T18:50:00.000Z,MCT2408039,15.163611,74.110833,29,304.32624999999996,475,85.98713437499998,11.833124999999999,10.3,9.019999999999998,28.94,11.759999999999998,2.3,25.772319999999993
2026-08-21T19:00:00.000Z,MCT2408039,15.163611,74.110833,29,325.66999999999996,479,86.32330374999998,11.071875,10.3,9.019999999999998,28.94,11.759999999999998,2.3,25.7461775
2026-08-21T19:10:00.000Z,MCT2408039,15.163611,74.110833,29.0625,317.30375,475.375,86.46778562499999,11.694374999999999,10.3,9.019999999999998,28.94,11.759999999999998,2.3,25.817230624999997
2026-08-21T19:17:16.427Z,MCT2408039,15.163611,74.110833,29,339.2583333333333,468.1666666666667,86.43838166666667,12.089166666666666,10.299999999999999,9.019999999999998,28.94,11.76,2.3000000000000003,25.937662500000005
2026-08-21T18:30:00.000Z,MCT2408035,15.236111,74.125,47.8125,190,550.5,89.21532187499999,18.802895624999994,9.635000000000002,3.799999999999999,10.19,4.909999999999998,3.8299999999999987,26.297848124999987
2026-08-21T18:40:00.000Z,MCT2408035,15.236111,74.125,49,190,550.375,89.17431125,19.675989375,9.283750000000001,3.799999999999999,10.19,4.909999999999998,3.8299999999999987,26.275726875
2026-08-21T18:50:00.000Z,MCT2408035,15.236111,74.125,48,190,559.375,89.51286812499998,18.842423125,9.239375,3.799999999999999,10.19,4.909999999999998,3.8299999999999987,26.187915
2026-08-21T19:00:00.000Z,MCT2408035,15.236111,74.125,48.1875,190,562.875,89.67928312499998,19.065056249999998,9.420625000000003,3.799999999999999,10.21375,4.933124999999999,3.8299999999999987,26.189255625000005
2026-08-21T19:10:00.000Z,MCT2408035,15.236111,74.125,47.9375,190,564.625,90.13418562499997,18.822659374999997,9.294374999999999,3.799999999999999,10.19,4.909999999999998,3.8299999999999987,26.175849999999997
2026-08-21T19:17:16.428Z,MCT2408035,15.236111,74.125,48.833333333333336,190,567.8333333333334,90.18695583333333,19.56302583333333,9.699166666666668,3.7999999999999994,10.19,4.909999999999999,3.8299999999999987,26.17719
2026-08-21T18:30:00.000Z,MCT2408026,15.2467,74.198281,30.958333333333332,125,501.6666666666667,84.8311220833333,13.289190416666665,12.5,5.8691666666666675,18.738333333333337,10.003750000000005,1.7079166666666667,27.474927500000003
2026-08-21T18:40:00.000Z,MCT2408026,15.2467,74.198281,31.125,125,507.75,84.96972041666666,13.32270125,12.5,4.730000000000003,14.951249999999996,8.153333333333334,1.7966666666666669,27.465990416666667
2026-08-21T18:50:00.000Z,MCT2408026,15.2467,74.198281,31,125,508.6666666666667,85.04951166666666,13.276874583333333,12.5,4.808333333333336,15.032499999999997,8.072916666666668,1.8095833333333333,27.448560000000004
2026-08-21T19:00:00.000Z,MCT2408026,15.2467,74.198281,31.041666666666668,125,510.4166666666667,85.21322625,13.345310000000003,12.5,4.730000000000003,15.272916666666665,8.47541666666667,1.8970833333333335,27.387786249999994
2026-08-21T19:10:00.000Z,MCT2408026,15.2467,74.198281,30.88,125,509.56,85.40503000000001,13.28372,12.5,4.7676000000000025,15.1644,8.291200000000002,1.9036000000000004,27.3316416
2026-08-21T19:17:16.463Z,MCT2408026,15.2467,74.198281,31,125,503.88235294117646,85.34449705882355,13.348247647058825,12.5,4.951176470588237,16.04235294117647,8.791176470588237,1.9676470588235295,27.37587764705883
2026-08-21T18:30:00.000Z,MCT2408038,15.188889,74.055556,22.9375,279.183125,591,88.65885062500001,9.568125,13.330000000000005,5.950000000000002,16.900000000000002,7.939999999999999,4.70125,26.295836874999996
2026-08-21T18:40:00.000Z,MCT2408038,15.188889,74.055556,22.875,281.760625,581.3125,88.86246125,9.5125,13.330000000000005,5.950000000000002,16.900000000000002,7.939999999999999,4.71375,26.371584374999994
2026-08-21T18:50:00.000Z,MCT2408038,15.188889,74.055556,22.8125,281.740625,588.1875,89.02172499999999,9.538125,13.330000000000005,5.950000000000002,16.900000000000002,7.939999999999999,4.703125,26.36354
2026-08-21T19:00:00.000Z,MCT2408038,15.188889,74.055556,22.928571428571427,274.46999999999997,596.7142857142857,89.11566142857143,9.60142857142857,13.330000000000004,6.011428571428573,17.04214285714286,8.042142857142856,4.720714285714285,26.320447857142856
2026-08-21T19:10:00.000Z,MCT2408038,15.188889,74.055556,22.6875,310.23437499999994,590.3125,89.14475000000002,9.426875,13.330000000000005,6.003750000000002,17.024375000000003,8.091249999999999,4.753124999999998,26.279080625000002
2026-08-21T19:17:16.461Z,MCT2408038,15.188889,74.055556,23.083333333333332,310.2666666666667,586.9166666666666,89.19004916666667,9.660833333333334,13.330000000000004,5.950000000000002,16.900000000000002,7.994999999999998,4.7299999999999995,26.16288916666667
2026-08-21T19:20:00.000Z,MCT2408028,15.186944,74.096667,42.04,566.2979999999999,501.28,91.6544188,18.482799999999994,12.321599999999997,4.989999999999998,12.728000000000003,5.763599999999998,1.7835999999999999,25.367659199999995
2026-08-21T19:30:00.000Z,MCT2408028,15.186944,74.096667,42.08,566.6172,497.6,91.68951320000001,18.509999999999998,12.285999999999994,4.989999999999998,12.210000000000004,5.247199999999999,1.696,25.31274760000001
2026-08-21T19:40:00.000Z,MCT2408028,15.186944,74.096667,42.08,566.974,493.72,91.81402560000001,18.522,12.354799999999996,4.989999999999998,12.408400000000004,5.446000000000001,1.8911999999999998,25.292156000000006
2026-08-21T19:50:00.000Z,MCT2408028,15.186944,74.096667,42.24,563.3232,497.92,91.83416839999998,18.6696,12.220399999999994,4.989999999999998,12.290000000000004,5.3264,1.8823999999999996,25.29816120000001
2026-08-21T20:00:00.000Z,MCT2408028,15.186944,74.096667,42.2,562.9276,500.04,91.9492172,18.630799999999994,12.056399999999996,4.989999999999998,12.089200000000005,5.1288,1.8848000000000005,25.31446400000001
2026-08-21T20:09:57.325Z,MCT2408028,15.186944,74.096667,42.24,563.3364,508.48,92.01452759999997,18.6692,12.029199999999996,4.989999999999998,11.970000000000004,5.009599999999999,2.0328,25.387393199999998
2026-08-21T19:20:00.000Z,MCT2408020,15.543475,74.039433,29.5,180,460,87.75858374999997,9.290080812500001,19.39980375,8.873124999999998,26.036875000000006,13.358749999999997,3.6599999999999984,26.157750625000002
2026-08-21T19:30:00.000Z,MCT2408020,15.543475,74.039433,30.5625,180,466.5625,87.84536812500001,9.296712812500001,19.652596250000002,9.798124999999999,28.308750000000003,14.230625,3.6599999999999984,26.07865125
2026-08-21T19:40:00.000Z,MCT2408020,15.543475,74.039433,31.0625,180,467.5,88.0337175,9.2491159375,19.72210625,10.144375,29.23999999999999,14.579374999999999,3.6599999999999984,25.976094375000002
2026-08-21T19:50:00.000Z,MCT2408020,15.543475,74.039433,32.1875,180,473.625,88.247340625,9.3531526875,19.3801975,10.724374999999998,31.395625000000006,15.91625,3.6599999999999984,25.978775625000004
2026-08-21T20:00:00.000Z,MCT2408020,15.543475,74.039433,31.75,180,475.4375,87.96743875000001,9.322721999999999,19.632991249999996,10.491874999999999,30.753124999999997,15.625625000000003,3.6599999999999984,26.136970625
2026-08-21T20:09:57.326Z,MCT2408020,15.543475,74.039433,31.5625,180,473.5,88.18582812500001,9.259650125,19.464265,10.260624999999997,30.404374999999998,15.5675,3.6599999999999984,26.11551875
2026-08-21T19:20:00.000Z,MCT2408055,15.585833,73.885556,28.533333333333335,50.001999999999995,765.4,88.45190199999999,8.832666666666666,6.731333333333334,11.843333333333332,34.20933333333333,18.948666666666664,1.5053333333333334,25.80896266666667
2026-08-21T19:30:00.000Z,MCT2408055,15.585833,73.885556,27.5,60.37499999999999,757.8125,88.686508125,8.953750000000001,6.615,10.883750000000001,32.03124999999999,17.806875,1.5487499999999998,25.688528750000003
2026-08-21T19:40:00.000Z,MCT2408055,15.585833,73.885556,27.625,61.435,762.25,89.257284375,8.848125000000001,6.444999999999999,10.927499999999998,32.070625,17.849375,1.63,25.4579375
2026-08-21T19:50:00.000Z,MCT2408055,15.585833,73.885556,28.6875,60.90312500000001,764.4375,89.56818125,8.7875,6.244999999999999,11.321250000000001,33.550625000000004,18.959999999999997,1.5643749999999996,25.38152125
2026-08-21T20:00:00.000Z,MCT2408055,15.585833,73.885556,28.9375,54.07375000000001,763.6875,89.656873125,8.973125000000001,6.24,11.671249999999999,34.129375,19.129999999999995,1.4237500000000003,25.358060624999993
2026-08-21T20:09:57.336Z,MCT2408055,15.585833,73.885556,29.0625,55.23125,763.375,89.81327437499999,8.993125,6.165,11.846249999999998,34.456875,19.214999999999993,1.4393749999999998,25.317841875000006
2026-08-21T19:20:00.000Z,MCT2408057,15.272222,74.104722,29.48,321.48479999999995,466.2,81.88360559999998,12.122800000000002,9.0908,6.4380000000000015,18.658,9.7192,2.2328,28.3762652
2026-08-21T19:30:00.000Z,MCT2408057,15.272222,74.104722,29.56,323.9544000000001,474.8,82.56170559999998,12.176799999999998,9.05,5.8408000000000015,17.1204,9.034400000000003,2.2032000000000003,28.1866428
2026-08-21T19:40:00.000Z,MCT2408057,15.272222,74.104722,29.68,324.7796000000001,472.2,82.72161840000001,12.232399999999998,9.082,5.434799999999999,15.719199999999995,8.2592,2.3164,28.089260400000004
2026-08-21T19:50:00.000Z,MCT2408057,15.272222,74.104722,29.375,316.8312499999999,476.9166666666667,82.65801416666666,12.09125,9.05625,6.481666666666668,18.37625,9.409583333333336,2.2816666666666667,28.100110416666663
2026-08-21T20:00:00.000Z,MCT2408057,15.272222,74.104722,29.68,322.1548,477.76,82.65295559999997,12.195599999999999,9.0264,5.673199999999998,16.260799999999996,8.4148,2.1452,28.179779199999995
2026-08-21T20:09:57.336Z,MCT2408057,15.272222,74.104722,29.72,329.25840000000005,471.52,82.25683600000002,12.250399999999999,8.985600000000002,3.838400000000001,11.692000000000002,6.2868,2.1084,28.253995600000003
2026-08-21T19:20:00.000Z,MCT2408056,15.579167,73.920833,40.3125,180,508.625,89.48187312499999,6.784375,9.2102401875,14.545625000000001,45.539375,25.889375000000005,1.6224999999999996,25.992182500000006
2026-08-21T19:30:00.000Z,MCT2408056,15.579167,73.920833,37.6875,180,513.75,89.43895624999998,6.8812500000000005,9.848151187500001,12.963749999999997,40.413125,22.903750000000002,1.6337499999999996,25.97341250000001
2026-08-21T19:40:00.000Z,MCT2408056,15.579167,73.920833,37.5625,180,520.1875,89.35789437499999,7.286875000000001,12.6361498125,12.669999999999998,39.04624999999999,21.966875,1.5837499999999998,25.961348125
2026-08-21T19:50:00.000Z,MCT2408056,15.579167,73.920833,36.75,180,526.4375,89.27063499999998,6.849375000000001,10.5495885625,12.023749999999996,37.34,21.088125,1.6831249999999998,25.925821875
2026-08-21T20:00:00.000Z,MCT2408056,15.579167,73.920833,35.6875,180,531.4375,89.22247499999997,6.9331249999999995,10.305457124999998,11.6125,35.576875,19.974375000000002,1.6824999999999999,25.90236
2026-08-21T20:09:57.343Z,MCT2408056,15.579167,73.920833,36.4375,180,528.6875,89.26777500000003,6.8100000000000005,9.7014374375,11.906249999999996,36.941875,20.854375,1.5824999999999998,25.920458125000007
2026-08-21T19:20:00.000Z,MCT2408052,15.444425,74.063856,16.875,160,745.4375,89.77322,3.5914914374999998,8,6.169999999999999,17.84625,8.779374999999998,2,26.099431875
2026-08-21T19:30:00.000Z,MCT2408052,15.444425,74.063856,16.3125,160,724.3125,89.55911937500002,3.6332895625000003,8,5.8131249999999985,16.531250000000004,7.981249999999999,2,26.128926250000003
2026-08-21T19:40:00.000Z,MCT2408052,15.444425,74.063856,17.3125,160,721.375,89.39747062499998,3.688157875000001,8,6.58625,18.490000000000002,8.800625,2,26.090716250000007
2026-08-21T19:50:00.000Z,MCT2408052,15.444425,74.063856,29,160,726.4375,89.314503125,3.663333562500001,8,15.615625,41.012499999999996,17.926875,2,26.095409375
2026-08-21T20:00:00.000Z,MCT2408052,15.444425,74.063856,16.0625,160,731.1875,89.45850749999997,3.6976754375000005,8,5.415624999999999,15.365625,7.3343750000000005,2,26.05050000000001
2026-08-21T20:09:57.516Z,MCT2408052,15.444425,74.063856,18.25,160,746.25,89.543860625,3.6816229375000007,8,7.024375,19.6125,9.210625,2,26.04714875000001
2026-08-21T19:20:00.000Z,MCT2408053,15.263333,74.110833,42.4375,185.52855624999998,891.5625,92.39963875000001,16.166874999999997,27.329375000000002,4.590000000000002,13.185624999999996,7.4037500000000005,5.059375,25.821921250000003
2026-08-21T19:30:00.000Z,MCT2408053,15.263333,74.110833,42.4375,191.73775625000002,897.1875,92.54126000000001,16.265624999999996,27.831875000000004,4.590000000000002,13.308125,7.5443750000000005,5.083125,25.777681249999993
2026-08-21T19:40:00.000Z,MCT2408053,15.263333,74.110833,43,193.41779999999997,900.8125,92.778724375,16.765,27.8975,4.590000000000002,13.671250000000002,7.968125,4.984375,25.75958250000001
2026-08-21T19:50:00.000Z,MCT2408053,15.263333,74.110833,44.1875,202.75336875,892.6875,92.55413437500002,17.739375000000003,28.390625,4.590000000000002,12.761249999999997,6.911249999999999,4.999999999999999,25.803153125
2026-08-21T20:00:00.000Z,MCT2408053,15.263333,74.110833,43.625,205.55954375000002,900.9375,92.575115625,17.18125,29.035,4.590000000000002,12.882499999999997,7.051874999999998,4.7924999999999995,25.766286875000013
2026-08-21T20:09:57.516Z,MCT2408053,15.263333,74.110833,44.125,217.12908124999998,911.9375,92.80590375,17.768125,28.515625,4.590000000000002,12.276249999999997,6.345625,5.071250000000001,25.734780624999996
2026-08-21T19:20:00.000Z,MCT2408043,15.221111,74.087222,33.0625,192.685,581.1875,86.217445,14.224999999999996,10.521875,8.154374999999998,27.358750000000004,15.210000000000003,5.290000000000001,26.4144825
2026-08-21T19:30:00.000Z,MCT2408043,15.221111,74.087222,33.5,186.49562500000002,573.375,86.34952937500003,14.226249999999997,10.478125,9.895,31.220624999999995,16.891875000000002,5.290000000000001,26.327341874999995
2026-08-21T19:40:00.000Z,MCT2408043,15.221111,74.087222,33,192.945625,583.625,86.34047062500001,14.203124999999996,10.458750000000002,8.313125,27.598750000000003,15.290000000000003,5.290000000000001,26.3166175
2026-08-21T19:50:00.000Z,MCT2408043,15.221111,74.087222,33,193.43600000000004,562,86.500306,14.210666666666665,10.427333333333332,8.530666666666667,28.32266666666667,15.711333333333336,5.290000000000001,26.265852666666667
2026-08-21T20:00:00.000Z,MCT2408043,15.221111,74.087222,33,192.15812500000004,587.3125,86.54408062499999,14.196875,10.573125000000001,7.6793749999999985,26.392500000000005,14.970000000000002,5.290000000000001,26.259641875000003
2026-08-21T20:09:57.527Z,MCT2408043,15.221111,74.087222,33,192.47124999999997,572.125,86.448711875,14.241249999999997,10.475624999999997,7.282499999999999,25.02625,14.010000000000002,5.290000000000001,26.283771875000006
2026-08-21T19:20:00.000Z,MCT2408051,15.486528,74.033889,53.9375,296.15375,826.5,97.87659000000001,22.713124999999998,5.1899999999999995,5.328125,17.090625000000003,9.568125000000004,4.39,24.7514225
2026-08-21T19:30:00.000Z,MCT2408051,15.486528,74.033889,53.5,289.62249999999995,827.8125,97.551864375,22.389999999999997,5.1899999999999995,6.10375,19.228749999999998,10.618125000000003,4.39,24.71455625
2026-08-21T19:40:00.000Z,MCT2408051,15.486528,74.033889,53.875,292.61875,823.6875,97.63388000000003,22.685625,5.1899999999999995,5.793124999999999,17.985,9.762500000000001,4.39,24.679029375
2026-08-21T19:50:00.000Z,MCT2408051,15.486528,74.033889,54.75,294.05062499999997,827.25,97.77645374999997,23.385,5.1899999999999995,5.328749999999999,17.013125,9.528125000000001,4.564375,24.65824999999999
2026-08-21T20:00:00.000Z,MCT2408051,15.486528,74.033889,54.125,292.13749999999993,840.6875,97.86943624999998,22.833749999999995,5.1899999999999995,5.3675000000000015,17.09125,9.528750000000002,4.755625,24.670315
2026-08-21T20:09:57.528Z,MCT2408051,15.486528,74.033889,53.9375,289.270625,845.375,97.84654875000001,22.669999999999998,5.1899999999999995,4.548125,14.177499999999995,7.779999999999999,4.39,24.666291875
2026-08-21T19:20:00.000Z,MCT2408021,15.500556,74.053333,49.875,375,510.9375,89.189571875,21.411250000000003,14.713607500000002,2.86,8.396875,4.909375,4.2943750000000005,25.5001675
2026-08-21T19:30:00.000Z,MCT2408021,15.500556,74.053333,50.125,375,508.9375,89.36218562500001,21.689375000000002,14.619374374999996,2.86,8.3975,4.910000000000001,4.3237499999999995,25.42375125
2026-08-21T19:40:00.000Z,MCT2408021,15.500556,74.053333,49.5625,375,516.25,89.49426875000003,21.320000000000004,14.459164375,2.86,8.26125,4.76125,4.255625,25.368786875000005
2026-08-21T19:50:00.000Z,MCT2408021,15.500556,74.053333,49.4375,375,529.5625,89.30496687499998,21.189375000000002,14.348354375000001,2.86,8.208125,4.703125,4.293749999999999,25.384873749999997
2026-08-21T20:00:00.000Z,MCT2408021,15.500556,74.053333,49.375,375,531.375,89.404625,21.16625,14.394329375000002,2.86,8.234375000000002,4.731875,4.315625,25.321863750000002
2026-08-21T20:09:57.527Z,MCT2408021,15.500556,74.053333,49.4375,375,533.625,89.55339874999999,21.137500000000003,14.360637500000001,2.86,8.016875,4.494375,4.294999999999999,25.290360000000003
2026-08-21T19:20:00.000Z,MCT2408050,15.553611,73.958333,28.125,86.02999999999999,543.3125,91.91135812500002,11.376875000000002,4.123125,8.745625000000002,26.781249999999996,13.981875000000002,2.9450000000000003,25.295050625000002
2026-08-21T19:30:00.000Z,MCT2408050,15.553611,73.958333,29.8125,86.02999999999999,547.5,91.79500750000001,11.291250000000002,4.15125,9.701875000000001,30.64625,16.47875,2.7850000000000006,25.304436874999997
2026-08-21T19:40:00.000Z,MCT2408050,15.553611,73.958333,28.3125,86.02999999999999,544.1875,91.680091875,11.4,4.148125,8.533750000000001,26.621249999999993,14.194375,2.944374999999999,25.330576249999993
2026-08-21T19:50:00.000Z,MCT2408050,15.553611,73.958333,28.25,86.02999999999999,538.4375,91.72681999999998,11.370625000000002,3.9368750000000006,8.58625,26.45875,13.92875,2.838125,25.338620625
2026-08-21T20:00:00.000Z,MCT2408050,15.553611,73.958333,27.875,86.02999999999999,571.6875,91.922325,11.435625000000003,4.154375,8.161875,25.385624999999997,13.556875000000002,3.0843749999999996,25.266228125
2026-08-21T20:09:57.707Z,MCT2408050,15.553611,73.958333,27.75,86.02999999999999,514.6875,92.21653437500001,11.2825,4.180000000000001,7.791250000000001,24.526249999999994,13.184999999999999,2.9575,25.190482499999998
2026-08-21T19:20:00.000Z,MCT2408034,15.356389,74.123611,21.958333333333332,180,483.0833333333333,77.81239458333332,6.6479166666666645,4.058333333333333,6.379999999999998,20.082916666666666,10.702916666666667,1.4970833333333333,29.137317500000005
2026-08-21T19:30:00.000Z,MCT2408034,15.356389,74.123611,22.28,180,477.52,77.69537199999998,6.959199999999999,4.2348,6.489199999999998,20.668799999999997,11.176000000000002,1.2404,29.213250000000002
2026-08-21T19:40:00.000Z,MCT2408034,15.356389,74.123611,22,180,486.32,77.41705239999999,6.735600000000001,4.236800000000001,6.452799999999997,20.105599999999995,10.6504,1.3211999999999997,29.335945200000005
2026-08-21T19:50:00.000Z,MCT2408034,15.356389,74.123611,22.08,180.05943599999998,478.44,77.0395504,7.569599999999999,4.379999999999999,6.416399999999998,20.294399999999996,10.876799999999998,1.4347999999999999,29.389573999999996
2026-08-21T20:00:00.000Z,MCT2408034,15.356389,74.123611,33.666666666666664,180.08369166666668,479.25,77.05104458333335,7.109166666666667,3.62625,14.051250000000001,43.217083333333335,22.50208333333333,1.3216666666666665,29.36120333333334
2026-08-21T20:09:57.707Z,MCT2408034,15.356389,74.123611,22.44,180.60070800000003,479.08,77.12072760000001,7.247999999999999,4.1352,6.7811999999999975,20.969199999999997,10.988399999999999,1.3915999999999997,29.415314000000002
2026-08-21T19:20:00.000Z,MCT2408029,15.333611,74.206944,14,128.05699374999998,499,91.63097687499999,5.301249999999999,8.363124999999998,3.235,10.259374999999999,5.73375,3.55375,25.933194375000003
2026-08-21T19:30:00.000Z,MCT2408029,15.333611,74.206944,13.0625,121.78384374999999,496.375,92.14500874999996,3.7481249999999995,8.600625,3.0137499999999995,9.393749999999997,5.294375,3.71875,25.714001250000003
2026-08-21T19:40:00.000Z,MCT2408029,15.333611,74.206944,13.4,121.57288666666668,481.6666666666667,91.94566066666667,4.588666666666666,8.224666666666668,2.9399999999999995,8.67,4.709999999999999,3.5673333333333335,25.730314000000003
2026-08-21T19:50:00.000Z,MCT2408029,15.333611,74.206944,15.333333333333334,125.93264666666666,485.93333333333334,91.88309800000002,6.294000000000001,8.112666666666666,2.9399999999999995,8.67,4.709999999999999,3.5340000000000003,25.856152
2026-08-21T20:00:00.000Z,MCT2408029,15.333611,74.206944,13.6,126.81603333333331,491.46666666666664,91.827148,4.711333333333333,8.412666666666667,2.9399999999999995,8.67,4.709999999999999,3.6153333333333335,25.928367333333334
2026-08-21T20:09:57.721Z,MCT2408029,15.333611,74.206944,14.0625,125.8884875,486.8125,91.959996875,5.3306249999999995,8.786875,2.9399999999999995,8.67,4.709999999999999,3.55125,25.94458875
2026-08-21T19:20:00.000Z,MCT2408030,15.142519,74.075003,25,163,468.06666666666666,83.524334,8.703333333333335,6.200000000000002,9.370000000000001,24.639999999999993,12.31,3.872,26.231533333333335
2026-08-21T19:30:00.000Z,MCT2408030,15.142519,74.075003,25,165.03043125,481.3125,83.59961,8.866249999999999,6.200000000000002,9.370000000000001,24.639999999999993,12.31,4.13375,26.167136874999997
2026-08-21T19:40:00.000Z,MCT2408030,15.142519,74.075003,25,163,480.8,83.60774733333334,8.916,6.200000000000002,9.370000000000001,24.639999999999993,12.31,3.9726666666666666,26.12141666666666
2026-08-21T19:50:00.000Z,MCT2408030,15.142519,74.075003,25,163,489.46666666666664,83.62809066666665,8.832666666666666,6.200000000000002,9.370000000000001,24.639999999999993,12.31,4.234,26.104971999999997
2026-08-21T20:00:00.000Z,MCT2408030,15.142519,74.075003,25,163.27128666666667,483,83.61893733333332,8.888000000000002,6.200000000000002,9.370000000000001,24.639999999999993,12.31,4.291333333333333,26.085667999999995
2026-08-21T20:09:57.721Z,MCT2408030,15.142519,74.075003,25,163.10351875,487.8125,83.68257812499999,8.983125,6.200000000000002,9.370000000000001,24.639999999999993,12.31,3.9318750000000002,26.090716874999995
2026-08-21T19:20:00.000Z,MCT2408023,15.499722,74.020833,33.9375,188.88812500000003,450.25,91.527505,6.7718750000000005,19.621249999999996,8.000625,27.863125,18.85,4.866249999999999,24.827838749999998
2026-08-21T19:30:00.000Z,MCT2408023,15.499722,74.020833,33.625,206.69312500000004,446.875,91.47791375,7.4125,19.746874999999996,8.315625,28.100625,18.396875,5.234375000000001,24.733995000000004
2026-08-21T19:40:00.000Z,MCT2408023,15.499722,74.020833,36.76923076923077,204.1130769230769,452.61538461538464,91.55413538461539,7.0407692307692304,20.276153846153843,10.333846153846155,33.90230769230769,22.196153846153848,5.083076923076924,24.70372769230769
2026-08-21T19:50:00.000Z,MCT2408023,15.499722,74.020833,34.5,211.138125,455.5625,91.530365,7.358125,18.858125,8.23625,28.891875000000002,19.484375,5.124999999999999,24.717909374999994
2026-08-21T20:00:00.000Z,MCT2408023,15.499722,74.020833,36.6875,209.30062499999997,447.5,91.55754687500001,7.342499999999999,19.563125000000003,9.66375,32.929375,22.203125,5.156250000000001,24.709193750000004
2026-08-21T20:09:57.722Z,MCT2408023,15.499722,74.020833,36.8125,210.59812499999998,447.3125,91.58186375000002,7.283125000000001,19.034999999999997,10.139999999999999,33.71937500000001,22.29375,5.305625,24.668303124999994
2026-08-21T19:20:00.000Z,MCT2408040,15.528056,74.020833,18.8125,100,462.875,88.53773625,7.963125000000002,4.762500000000001,3.07,8.42,3.7299999999999986,3.5,26.0920575
2026-08-21T19:30:00.000Z,MCT2408040,15.528056,74.020833,18.875,100,463.125,88.55585437500001,7.9775,4.810625,3.07,8.42,3.7299999999999986,3.5,26.040443749999998
2026-08-21T19:40:00.000Z,MCT2408040,15.528056,74.020833,18.9375,100,472.25,88.60449000000001,8.103750000000002,4.780625,3.07,8.42,3.7299999999999986,3.5,26.015643124999997
2026-08-21T19:50:00.000Z,MCT2408040,15.528056,74.020833,18.9375,100,471.1875,88.70796562500001,7.970000000000001,4.796250000000001,3.07,8.42,3.7299999999999986,3.5,25.947270000000003
2026-08-21T20:00:00.000Z,MCT2408040,15.528056,74.020833,18.625,100,472.4375,88.79188812499999,7.8149999999999995,4.833125,3.07,8.42,3.7299999999999986,3.5,25.923138124999998
2026-08-21T20:09:57.897Z,MCT2408040,15.528056,74.020833,18.9375,100,468.1875,88.859598125,8.055000000000001,4.8412500000000005,3.07,8.42,3.7299999999999986,3.5,25.900347500000006
2026-08-21T19:20:00.000Z,MCT2408027,15.275556,74.1075,27.1875,1169.4406250000002,656.5625,91.26571812500002,6.579999999999999,13.155000000000005,9.000624999999998,27.599999999999994,14.883124999999998,2.9500000000000006,25.94525874999999
2026-08-21T19:30:00.000Z,MCT2408027,15.275556,74.1075,27.1875,1167.815625,650.3125,91.28288625000002,6.579999999999999,12.981250000000005,9,27.66125,15.00625,2.9500000000000006,25.98748875
2026-08-21T19:40:00.000Z,MCT2408027,15.275556,74.1075,26.6875,1166.1068750000002,667.1875,91.11408312500001,6.579999999999999,12.920625000000005,8.63125,26.429375000000004,14.202500000000002,2.9500000000000006,26.010949999999994
2026-08-21T19:50:00.000Z,MCT2408027,15.275556,74.1075,27,1165.3325000000002,636.9375,91.00059750000001,6.579999999999999,12.920625000000005,8.939999999999998,27.29125,14.573749999999999,2.9500000000000006,26.068596875
2026-08-21T20:00:00.000Z,MCT2408027,15.275556,74.1075,27.25,1167.9837499999999,676.6875,91.013473125,6.579999999999999,12.918125000000005,9.001875,27.722500000000004,14.8825,2.9500000000000006,26.084013749999993
2026-08-21T20:09:57.897Z,MCT2408027,15.275556,74.1075,26.4375,1168.84375,668.8125,91.00965750000002,6.579999999999999,12.974375000000006,8.38375,25.813125000000003,13.956874999999998,2.9500000000000006,26.090717499999997
2026-08-21T19:20:00.000Z,MCT2408044,15.313669,74.140042,25.9375,214.29,494,94.0618925,10.97625,3.34625,2.8699999999999997,7.5625,4.387499999999999,3.5313300625,25.043009374999997
2026-08-21T19:30:00.000Z,MCT2408044,15.313669,74.140042,25.9375,214.29,477.5,94.2345075,10.943750000000001,3.34625,2.8699999999999997,7.5,4.32,3.5286058125,25.082559374999995
2026-08-21T19:40:00.000Z,MCT2408044,15.313669,74.140042,25.933333333333334,214.29,474.4,94.26702866666668,11.029333333333335,3.4106666666666667,2.8699999999999997,7.5,4.320000000000001,3.564871933333334,25.125416000000005
2026-08-21T19:50:00.000Z,MCT2408044,15.313669,74.140042,25.9375,214.29,494.375,94.14676937499998,10.959375,3.405,2.90625,7.59375,4.35375,3.2616185624999994,25.18042875
2026-08-21T20:00:00.000Z,MCT2408044,15.313669,74.140042,25.875,214.29,498.5,94.11482124999998,10.910624999999998,3.5700000000000003,2.8699999999999997,7.5,4.32,3.4259616250000002,25.151604375
2026-08-21T20:09:57.915Z,MCT2408044,15.313669,74.140042,26,214.29,492.8666666666667,94.01780133333332,11.046666666666669,3.3826666666666667,2.8699999999999997,7.5,4.320000000000001,3.4558119333333335,25.199777999999995
2026-08-21T19:20:00.000Z,MCT2408049,15.475278,74.055833,56.4375,150.71861875,519.375,87.20783500000002,23.988749999999996,14.243125,5.32125,16.278125,8.680625000000001,2.61,26.204004375000004
2026-08-21T19:30:00.000Z,MCT2408049,15.475278,74.055833,56.53846153846154,150.08384615384614,516.6153846153846,87.81338153846156,24.09538461538462,13.90076923076923,4.718461538461539,14.73076923076923,7.732307692307692,2.61,26.05426230769231
2026-08-21T19:40:00.000Z,MCT2408049,15.475278,74.055833,56.625,150.81135625,521.3125,87.50871937500001,24.183125,13.939999999999998,5.1762500000000005,15.655624999999999,8.2,2.61,26.118870000000005
2026-08-21T19:50:00.000Z,MCT2408049,15.475278,74.055833,56.625,151.07770625,519.6875,87.26934750000001,24.16625,12.926250000000001,5.128749999999999,15.559375000000001,8.151875,2.61,26.099431874999997
2026-08-21T20:00:00.000Z,MCT2408049,15.475278,74.055833,56.625,150.663675,525.5625,87.25408750000001,24.16625,12.509999999999998,4.7924999999999995,14.603124999999997,7.530624999999998,2.61,26.080660625000004
2026-08-21T20:09:57.912Z,MCT2408049,15.475278,74.055833,56.625,151.65743750000001,537.5,87.42670312500002,24.149375,13.572500000000002,4.840625,14.649375,7.529999999999999,2.61,26.102113125000002
2026-08-21T19:20:00.000Z,MCT2408037,15.394444,74.118333,25.3125,160,476.875,85.75538999999998,10.619375000000002,14.485,4.1825,15.230000000000004,7.8706249999999995,3.753125,25.795780625
2026-08-21T19:30:00.000Z,MCT2408037,15.394444,74.118333,25.125,160,473.1875,85.80021312499998,10.568125000000002,13.90625,4.04375,15.588125,8.384999999999998,3.724375,25.781031875000004
2026-08-21T19:40:00.000Z,MCT2408037,15.394444,74.118333,25.25,160,471.625,85.75729874999999,10.56625,14.060625,3.9974999999999996,15.433750000000002,8.337499999999999,3.7993749999999995,25.82996625
2026-08-21T19:50:00.000Z,MCT2408037,15.394444,74.118333,25.375,160,462.4375,85.74633125,10.795,14.451250000000002,3.9049999999999994,14.206875,7.4487499999999995,3.701875,25.884930624999996
2026-08-21T20:00:00.000Z,MCT2408037,15.394444,74.118333,25.4375,160,458.5625,85.83931374999999,10.691250000000002,14.489999999999998,3.7662499999999994,13.798750000000002,7.31,3.785,25.858788125
2026-08-21T20:09:58.089Z,MCT2408037,15.394444,74.118333,25.4375,160,463.4375,85.88986062499998,10.711875,14.50375,3.8124999999999996,14.054375000000004,7.45,3.7325,25.868843125
2026-08-21T19:20:00.000Z,MCT2408042,15.213889,74.071667,60.875,251.15249999999997,478.625,89.38125937500001,25.980625000000003,13.205625000000003,8.929374999999999,27.018750000000004,14.352500000000001,3.554375,26.36622124999999
2026-08-21T19:30:00.000Z,MCT2408042,15.213889,74.071667,61,258.11812499999996,479.875,89.29447812500001,26.066874999999996,13.106250000000001,8.076249999999998,24.509999999999998,12.984374999999998,3.736875,26.312595
2026-08-21T19:40:00.000Z,MCT2408042,15.213889,74.071667,61.375,256.980625,482.4375,89.34168437500001,26.269999999999996,12.982500000000002,8.076249999999998,24.510625000000005,13.042499999999999,3.807499999999999,26.23819000000001
2026-08-21T19:50:00.000Z,MCT2408042,15.213889,74.071667,61.125,260.33624999999995,483.9375,89.52764875000003,26.149999999999995,13.318125,8.417499999999999,25.65125,13.613124999999997,3.70125,26.220762500000003
2026-08-21T20:00:00.000Z,MCT2408042,15.213889,74.071667,60.9375,220.33812499999996,480.875,89.69358875,26.020624999999995,13.057500000000001,7.791874999999999,23.939999999999994,12.928125000000001,3.7612499999999995,26.209369999999993
2026-08-21T20:09:58.089Z,MCT2408042,15.213889,74.071667,61.4375,242.51874999999995,482.75,89.78609500000002,26.325,13.065625000000002,7.450625,22.97125,12.415,3.775,26.219421250000003
2026-08-21T19:20:00.000Z,MCT2408033,15.346944,74.007778,21.0625,110,484.8125,90.08745625000002,9.118749999999999,4.533125,5.793750000000001,14.966875000000002,9.154374999999998,4.39,26.04781812500001
2026-08-21T19:30:00.000Z,MCT2408033,15.346944,74.007778,19.8125,110,486.1875,90.13752312500002,8.053749999999999,4.4799999999999995,5.338750000000001,13.7175,8.383125000000001,4.39,26.054520000000004
2026-08-21T19:40:00.000Z,MCT2408033,15.346944,74.007778,20.125,110,497.3125,90.21334250000002,8.328125,4.5024999999999995,5.149375,13.173124999999999,8.016875,4.39,26.037089999999996
2026-08-21T19:50:00.000Z,MCT2408033,15.346944,74.007778,19.8125,110,512.25,90.27437437500001,7.992500000000002,4.473125,4.924375,12.756875,7.98125,4.39,26.021674374999996
2026-08-21T20:00:00.000Z,MCT2408033,15.346944,74.007778,19.9375,110.20455625,508,90.28582250000001,7.970624999999999,4.815625,4.848125,12.531875,7.7962500000000015,4.39,25.977434375000005
2026-08-21T20:09:58.100Z,MCT2408033,15.346944,74.007778,20.1875,110.07430625,504,90.37689562500003,8.333750000000002,4.845,4.5443750000000005,11.761875,7.281250000000001,4.39,25.90235875
2026-08-21T19:20:00.000Z,MCT2408041,15.224628,74.171389,32.75,398.441975,471.3125,90.517085625,13.800624999999998,9.7,8.090000000000002,20.35125,9.001250000000002,7.775,25.990839375000004
2026-08-21T19:30:00.000Z,MCT2408041,15.224628,74.171389,33,408.95595000000003,485.5625,90.42553375000003,13.883124999999998,9.7,8.090000000000002,20.300625,8.950625000000002,7.8481250000000005,25.998214375000003
2026-08-21T19:40:00.000Z,MCT2408041,15.224628,74.171389,32.6875,398.05270624999997,481.0625,90.48227812500002,13.699999999999998,9.7,8.090000000000002,20.300625,8.950625000000002,7.94625,25.947270624999994
2026-08-21T19:50:00.000Z,MCT2408041,15.224628,74.171389,32.875,397.24394374999997,490.25,90.55857250000003,13.754999999999997,9.7,8.090000000000002,20.300625,8.950625000000002,7.814375000000001,25.921129374999996
2026-08-21T20:00:00.000Z,MCT2408041,15.224628,74.171389,32.875,398.31348750000006,496.0625,90.66395187499998,13.912499999999998,9.7,8.090000000000002,20.25,8.900000000000002,7.954375,25.91442625000001
2026-08-21T20:09:58.100Z,MCT2408041,15.224628,74.171389,32.875,401.33690624999997,498.9375,90.70925187499998,13.878749999999998,9.7,8.090000000000002,20.25,8.900000000000002,7.954375,25.907720625000003
2026-08-21T19:20:00.000Z,MCT2408046,15.529167,74.07,30.84,95.52,807.44,86.35259999999998,13.102,0.9516000000000001,5.060000000000001,14.484399999999999,7.003600000000001,3.5920000000000005,26.744764000000004
2026-08-21T19:30:00.000Z,MCT2408046,15.529167,74.07,30.96,95.52,805.36,86.84118639999998,13.189200000000003,0.9875999999999999,5.060000000000001,15.106000000000003,7.500000000000001,3.6275999999999997,26.6683992
2026-08-21T19:40:00.000Z,MCT2408046,15.529167,74.07,30.88,95.52,804,86.7590952,13.201199999999998,0.94,5.060000000000001,15.372400000000003,7.644000000000001,3.5648,26.69971679999999
2026-08-21T19:50:00.000Z,MCT2408046,15.529167,74.07,30.84,95.52,802,86.46368480000001,13.096000000000004,0.9380000000000002,5.060000000000001,14.44,7.0043999999999995,3.6804000000000014,26.747337600000005
2026-08-21T20:00:00.000Z,MCT2408046,15.529167,74.07,30.8,95.52,803.68,86.6126104,13.082400000000002,1.0011999999999999,5.060000000000001,14.306799999999999,6.822000000000003,3.5232000000000006,26.6709732
2026-08-21T20:09:58.251Z,MCT2408046,15.529167,74.07,30.96,95.52,804.6,86.30011000000002,13.184000000000003,0.9672000000000002,5.060000000000001,14.3956,6.8092000000000015,3.5524000000000004,26.73875839999999
2026-08-21T19:20:00.000Z,MCT2408024,15.148056,74.131667,40.72,213.662752,658.56,81.10754439999997,17.705394000000002,5.772006000000001,5.2,17.190000000000005,9.790000000000003,2.51,26.829276800000013
2026-08-21T19:30:00.000Z,MCT2408024,15.148056,74.131667,40.68,214.06270799999996,671.88,81.07275440000004,17.621656000000005,5.710245520000002,5.36,17.670000000000005,9.950000000000003,2.5092000000000003,26.7983896
2026-08-21T19:40:00.000Z,MCT2408024,15.148056,74.131667,40.708333333333336,214.80432499999998,676.4166666666666,81.19221749999997,17.655300416666666,5.611171416666668,5,15.573333333333338,8.573333333333336,2.52875,26.699589999999997
2026-08-21T19:50:00.000Z,MCT2408024,15.148056,74.131667,40.64,214.84914399999997,671.6,81.3788452,17.5948332,5.710245520000002,5.04,16.390000000000004,9.310000000000004,2.4944,26.66882720000001
2026-08-21T20:00:00.000Z,MCT2408024,15.148056,74.131667,40.8,215.71108799999993,659.08,81.55188040000003,17.7319144,5.772006000000001,5,15.510000000000005,8.510000000000002,2.5159999999999996,26.6872732
2026-08-21T20:09:58.278Z,MCT2408024,15.148056,74.131667,41.08,215.700428,657.44,81.49908479999999,17.914589199999998,5.679365280000001,5,15.510000000000005,8.510000000000002,2.516,26.749481999999993
2026-08-21T19:20:00.000Z,MCT2408045,15.619444,73.878889,27.0625,178.11999999999995,564.3125,85.832160625,10.943125,16.360625,9.185000000000002,31.58375,16.502500000000005,2.5300000000000002,25.937215624999997
2026-08-21T19:30:00.000Z,MCT2408045,15.619444,73.878889,26.9375,178.11999999999995,560.375,85.93849687500001,10.924375000000003,16.61625,8.4,28.626875,14.949375,2.5300000000000002,25.902357500000004
2026-08-21T19:40:00.000Z,MCT2408045,15.619444,73.878889,26.9375,178.11999999999995,565.125,86.08631562499998,10.911250000000003,16.575000000000003,7.926249999999999,27.2,14.102499999999996,2.5300000000000002,25.817898749999998
2026-08-21T19:50:00.000Z,MCT2408045,15.619444,73.878889,27.4375,178.11999999999995,567.25,86.22459687499999,11.175,16.68,7.424999999999998,24.949375,12.724375,2.5300000000000002,25.740814375
2026-08-21T20:00:00.000Z,MCT2408045,15.619444,73.878889,27,178.11999999999995,573.1875,86.21696812499998,10.878125,16.861875,6.890625,22.738750000000003,11.413750000000004,2.5300000000000002,25.748856874999998
2026-08-21T20:09:58.278Z,MCT2408045,15.619444,73.878889,27.25,178.11999999999995,566.1875,86.15164249999998,11.111250000000002,16.831875,6.57375,22.16875,11.308125000000002,2.5300000000000002,25.752209375000003
2026-08-21T19:20:00.000Z,MCT2408022,15.475833,74.038889,33,150,442.8125,90.91190687500001,4.058749999999999,11.458144375,9.9375,30.625,16.4375,4.22692675,25.24813
2026-08-21T19:30:00.000Z,MCT2408022,15.475833,74.038889,32.733333333333334,150,439.8666666666667,90.59728933333335,3.9806666666666666,11.470346666666666,9.8,29.8,15.933333333333334,4.267620600000001,25.367801999999998
2026-08-21T19:40:00.000Z,MCT2408022,15.475833,74.038889,32,150,441.625,90.49467437500003,3.8112500000000002,11.436495,9.3125,28.5625,15.3125,4.263873687499999,25.386214375000005
2026-08-21T19:50:00.000Z,MCT2408022,15.475833,74.038889,31.125,150,438.875,90.4612975,3.9362499999999994,11.390060625,8.6875,26.8125,14.4375,4.2250369999999995,25.366775000000004
2026-08-21T20:00:00.000Z,MCT2408022,15.475833,74.038889,30.4375,150,443.25,90.44269937500002,4.0737499999999995,11.41114375,8.25,25.25,13.5,4.26128325,25.36342375
2026-08-21T20:09:58.286Z,MCT2408022,15.475833,74.038889,29.625,150,439.625,90.446038125,4.05125,11.285390624999998,7.625,23.625,12.8125,4.2469674374999995,25.370126250000006
2026-08-21T19:20:00.000Z,MCT2408032,15.525556,73.828611,35.08,178.92999999999995,685.96,88.44396959999999,14.773599999999998,18.572,7.5176000000000025,25.033599999999993,14.213600000000007,2.5592,26.61734520000001
2026-08-21T19:30:00.000Z,MCT2408032,15.525556,73.828611,35.2,178.92999999999995,691.92,88.6829236,14.949200000000001,18.6976,7.745200000000002,25.147199999999994,13.987200000000003,2.57,26.543129599999993
2026-08-21T19:40:00.000Z,MCT2408032,15.525556,73.828611,34.88,178.92999999999995,684.08,88.67285119999998,14.650000000000002,18.4816,8.143999999999998,27.4788,15.628800000000002,2.5124,26.5662956
2026-08-21T19:50:00.000Z,MCT2408032,15.525556,73.828611,35.68,178.92999999999995,678.2,88.59930439999997,15.395200000000003,18.447600000000005,8.143199999999998,27.707199999999997,15.797999999999996,2.572,26.6280712
2026-08-21T20:00:00.000Z,MCT2408032,15.525556,73.828611,34.72,178.92999999999995,668.96,88.06524680000003,14.597600000000007,18.618000000000006,8.428799999999999,28.7872,16.590799999999998,2.5476000000000005,26.719021199999997
2026-08-21T20:09:58.286Z,MCT2408032,15.525556,73.828611,34.48,178.92999999999995,676.4,87.71795639999999,14.3716,18.601600000000005,7.6312,26.39839999999999,15.346000000000004,2.6464,26.748625200000003
2026-08-21T19:20:00.000Z,MCT2408036,15.171567,74.067106,34,120,488.06666666666666,90.99961200000003,10.402,8.053333333333333,4.560666666666667,13.407333333333334,7.093999999999999,10.755333333333335,25.653090666666664
2026-08-21T19:30:00.000Z,MCT2408036,15.171567,74.067106,34.125,120,496.8125,90.80462,10.181875,8.218124999999999,6.348750000000002,18.427500000000002,9.624999999999998,10.78625,25.651659999999996
2026-08-21T19:40:00.000Z,MCT2408036,15.171567,74.067106,34.266666666666666,120,497.8,90.94875066666668,10.492666666666668,8.074666666666666,5.578666666666667,16.27866666666667,8.544666666666666,10.81466666666667,25.587308000000004
2026-08-21T19:50:00.000Z,MCT2408036,15.171567,74.067106,33.86666666666667,120,502.1333333333333,91.25290933333333,10.41,8.08,4.560666666666665,13.744000000000002,7.431333333333333,10.717999999999998,25.51151799999999
2026-08-21T20:00:00.000Z,MCT2408036,15.171567,74.067106,33.8,120,493.26666666666665,91.30021133333335,10.134666666666668,8.193999999999999,5.683333333333333,16.582,8.679333333333334,10.607333333333335,25.59303
2026-08-21T20:09:58.436Z,MCT2408036,15.171567,74.067106,33.875,120,502.375,91.16224687500001,10.549374999999998,8.218124999999999,7.860624999999999,22.1,11.2725,10.634374999999999,25.651659999999996
2026-08-21T19:20:00.000Z,MCT2408035,15.236111,74.125,48.5,190,567.75,90.18377749999998,19.307453124999995,9.598125000000001,3.799999999999999,10.19,4.909999999999998,3.8299999999999987,26.17719
2026-08-21T19:30:00.000Z,MCT2408035,15.236111,74.125,48.875,190,560.125,90.06170562499997,19.666107500000003,9.590625000000001,3.799999999999999,10.19,4.909999999999998,3.8299999999999987,26.193277500000008
2026-08-21T19:40:00.000Z,MCT2408035,15.236111,74.125,49.3125,190,560.8125,89.94249749999999,20.084053124999997,9.45,3.799999999999999,10.19,4.909999999999998,3.8299999999999987,26.210706874999996
2026-08-21T19:50:00.000Z,MCT2408035,15.236111,74.125,49,190,552.875,89.78800375000003,19.685871249999998,9.8125,3.799999999999999,10.19,4.909999999999998,3.8299999999999987,26.26701375
2026-08-21T20:00:00.000Z,MCT2408035,15.236111,74.125,48.875,190,560.0625,89.77846625000002,19.675989374999997,9.631250000000001,3.799999999999999,10.19,4.909999999999998,3.8299999999999987,26.27774000000001
2026-08-21T20:09:58.467Z,MCT2408035,15.236111,74.125,49.1875,190,570.25,89.91198062500001,19.93815,9.753125,3.799999999999999,10.19,4.909999999999998,3.8299999999999987,26.244223749999996
2026-08-21T19:20:00.000Z,MCT2408039,15.163611,74.110833,29,339.244375,465.5625,86.400075625,12.158124999999998,10.3,9.019999999999998,28.94,11.759999999999998,2.3,25.952632500000007
2026-08-21T19:30:00.000Z,MCT2408039,15.163611,74.110833,29.0625,341.950625,466.125,86.35763562499999,12.086875,10.3,9.019999999999998,28.94,11.759999999999998,2.3,26.008938749999995
2026-08-21T19:40:00.000Z,MCT2408039,15.163611,74.110833,29,351.76687499999986,465.6875,86.36669437499998,10.331249999999999,10.3,9.019999999999998,28.94,11.759999999999998,2.3,26.021674374999996
2026-08-21T19:50:00.000Z,MCT2408039,15.163611,74.110833,29,358.20187500000003,464.5625,86.553138125,11.046875,10.3,9.019999999999998,28.94,11.759999999999998,2.3,25.952633125000006
2026-08-21T20:00:00.000Z,MCT2408039,15.163611,74.110833,29,359.526875,456.0625,86.53740375,11.336874999999997,10.3,9.019999999999998,28.94,11.759999999999998,2.3,25.957995000000004
2026-08-21T20:09:58.473Z,MCT2408039,15.163611,74.110833,29,359.239375,458.5,86.36717187500001,10.794999999999996,10.3,9.019999999999998,28.94,11.759999999999998,2.3,26.062563125
2026-08-21T19:20:00.000Z,MCT2408038,15.188889,74.055556,23.0625,308.02562500000005,588.8125,89.21055312500002,9.659375,13.330000000000005,5.950000000000002,16.900000000000002,7.981249999999998,4.736875,26.153727500000002
2026-08-21T19:30:00.000Z,MCT2408038,15.188889,74.055556,23.0625,314.98375,591,89.2715875,9.680625,13.330000000000005,5.950000000000002,16.900000000000002,7.939999999999999,4.764374999999999,26.12088
2026-08-21T19:40:00.000Z,MCT2408038,15.188889,74.055556,23,338.51249999999993,589.6875,89.45946187499999,9.68875,13.330000000000005,5.950000000000002,16.900000000000002,7.939999999999999,4.756875000000001,26.109486875
2026-08-21T19:50:00.000Z,MCT2408038,15.188889,74.055556,23.0625,332.47812500000003,595.8125,89.64733562500001,9.684375,13.330000000000005,5.950000000000002,16.900000000000002,7.939999999999999,4.716875,26.061893750000003
2026-08-21T20:00:00.000Z,MCT2408038,15.188889,74.055556,22.9375,338.31374999999997,613.1875,89.580576875,9.54875,13.330000000000005,5.950000000000002,16.900000000000002,7.939999999999999,4.743124999999999,26.075969999999998
2026-08-21T20:09:58.473Z,MCT2408038,15.188889,74.055556,23,359.05937500000005,600,89.69788125000002,9.723125000000001,13.330000000000005,5.950000000000002,16.900000000000002,7.939999999999999,4.756875,26.122891875
2026-08-21T19:20:00.000Z,MCT2408031,15.290833,74.149167,18.133333333333333,155.11657333333332,457.06666666666666,88.05670133333335,6.773085466666666,8.6073474,5.238,13.448666666666666,7.205333333333334,5.029999999999999,25.38782266666667
2026-08-21T19:30:00.000Z,MCT2408031,15.290833,74.149167,18,158.62064375,462.8125,87.782426875,7.0522328750000005,7.865025562499999,4.880624999999999,12.471874999999997,6.726875,4.834375,25.46463874999999
2026-08-21T19:40:00.000Z,MCT2408031,15.290833,74.149167,18,159.62532499999998,444.875,87.66846437500003,6.915778000000001,8.980625375,4.791875,12.361875000000001,6.728125,4.766250000000001,25.490779999999994
2026-08-21T19:50:00.000Z,MCT2408031,15.290833,74.149167,17.875,158.2271125,469.5,87.71614624999998,7.0786264375000005,7.4874064375,4.851875000000001,12.361875000000003,6.6075,4.879375,25.472013750000006
2026-08-21T20:00:00.000Z,MCT2408031,15.290833,74.149167,17.625,165.4277625,468.625,87.8286775,6.8826540624999994,7.15912025,4.584999999999999,11.953125,6.548125000000001,4.855625000000001,25.4706725
2026-08-21T20:09:58.467Z,MCT2408031,15.290833,74.149167,17.9375,168.666075,459.375,87.8777925,7.041015562500001,7.682046312500001,4.702500000000001,12.25375,6.756875,4.899374999999999,25.49882625
2026-08-21T19:20:00.000Z,MCT2408026,15.2467,74.198281,31,125,504.5,85.3155875,13.342148333333334,12.5,4.886666666666669,15.71541666666667,8.597083333333336,1.9641666666666664,27.39448875000001
2026-08-21T19:30:00.000Z,MCT2408026,15.2467,74.198281,30.958333333333332,125,512.5,85.23579624999998,13.285757500000003,12.5,4.76916666666667,15.313333333333334,8.435833333333335,1.8979166666666665,27.490120833333336
2026-08-21T19:40:00.000Z,MCT2408026,15.2467,74.198281,31.083333333333332,125,510.125,84.99419958333333,13.339591666666669,12.5,4.76916666666667,14.910833333333331,8.033333333333335,1.843333333333333,27.56251458333334
2026-08-21T19:50:00.000Z,MCT2408026,15.2467,74.198281,31.083333333333332,125,512.75,85.3073225,13.383396666666668,12.5,4.730000000000003,14.789999999999997,7.992916666666667,1.9216666666666666,27.473587499999994
2026-08-21T20:00:00.000Z,MCT2408026,15.2467,74.198281,30.958333333333332,125,516.0833333333334,85.38266208333333,13.2857575,12.5,4.730000000000003,14.709999999999999,7.912083333333335,1.912916666666667,27.460180000000012
2026-08-21T20:09:58.621Z,MCT2408026,15.2467,74.198281,31,125,519.0416666666666,85.42653083333333,13.354192083333336,12.5,4.730000000000003,14.549999999999995,7.750416666666667,1.9499999999999995,27.479842916666666
2026-08-21T20:20:00.000Z,MCT2408028,15.186944,74.096667,41.91304347826087,558.8282608695652,506.5217391304348,92.00090043478258,18.354782608695654,11.879565217391303,4.989999999999998,11.97347826086957,5.013043478260869,1.7617391304347827,25.407314347826087
2026-08-21T20:30:00.000Z,MCT2408028,15.186944,74.096667,42.04,556.3132,505.24,91.99224919999995,18.477199999999996,11.922399999999998,4.989999999999998,11.970000000000004,5.009599999999999,1.7996000000000003,25.444022
2026-08-21T20:40:00.000Z,MCT2408028,15.186944,74.096667,42,551.7499999999999,509.16,91.84271279999999,18.471199999999996,11.990799999999995,4.989999999999998,11.930000000000005,4.97,1.8044000000000002,25.5002208
2026-08-21T20:50:00.000Z,MCT2408028,15.186944,74.096667,42.24,548.3656000000001,503.8,91.88452199999998,18.670399999999997,12.121999999999996,4.989999999999998,11.930000000000005,4.97,1.5668000000000004,25.473194000000003
2026-08-21T21:00:00.000Z,MCT2408028,15.186944,74.096667,42.04,550.2040000000001,503.04,91.85034199999998,18.4744,12.059599999999996,4.989999999999998,11.930000000000005,4.97,1.7351999999999999,25.486063599999998
2026-08-21T21:10:00.000Z,MCT2408028,15.186944,74.096667,41.96,547.0368000000001,500.84,91.79937800000002,18.394,12.059599999999996,4.989999999999998,11.930000000000005,4.97,1.5656,25.487350799999998
2026-08-21T21:11:00.220Z,MCT2408028,15.186944,74.096667,41.5,550.3499999999999,503,91.68677,17.955,12.45,4.99,11.93,4.97,1.7650000000000001,25.48542
2026-08-21T20:20:00.000Z,MCT2408020,15.543475,74.039433,32.785714285714285,180,471.2857142857143,88.52928928571427,9.451727857142856,19.376697857142855,10.666428571428572,31.82,16.33142857142857,3.659999999999999,26.11360357142857
2026-08-21T20:30:00.000Z,MCT2408020,15.543475,74.039433,28.5,180,471.0625,88.62213437499999,9.285658812500001,19.521150624999994,8.001249999999999,23.823125,12.370625,3.6599999999999984,26.095409375
2026-08-21T20:40:00.000Z,MCT2408020,15.543475,74.039433,26.5625,180,471.625,88.61021249999999,9.3465204375,19.496494375,6.839999999999999,20.03625,10.278125,3.6599999999999984,26.112168125000004
2026-08-21T20:50:00.000Z,MCT2408020,15.543475,74.039433,25.6875,180,472.75,88.72322499999999,9.3509419375,19.617841249999998,6.144999999999999,18.698125,9.696874999999999,3.6599999999999984,26.101441874999995
2026-08-21T21:00:00.000Z,MCT2408020,15.543475,74.039433,25.3125,180,467.75,88.78902875000001,9.0731640625,19.459215,5.742499999999998,17.884375,9.29,3.6599999999999984,26.096078749999997
2026-08-21T21:10:00.000Z,MCT2408020,15.543475,74.039433,25,180,462.9375,88.83957187500002,9.214263749999999,19.300588125000004,5.5699999999999985,17.186875,8.766874999999999,3.6599999999999984,26.108145625
2026-08-21T21:11:00.219Z,MCT2408020,15.543475,74.039433,25,180,456.5,88.818115,9.079276499999999,19.52115,5.57,17.71,9.29,3.66,26.11284
2026-08-21T20:20:00.000Z,MCT2408056,15.579167,73.920833,35.285714285714285,180,531.5,89.2148457142857,6.949285714285715,9.773138642857143,11.058571428571428,34.60928571428572,19.747857142857146,1.69,25.991033571428577
2026-08-21T20:30:00.000Z,MCT2408056,15.579167,73.920833,33.375,180,521.125,89.41273125,6.8225,10.056631125,10.026249999999997,30.966875,17.51375,1.7137499999999997,25.950622499999998
2026-08-21T20:40:00.000Z,MCT2408056,15.579167,73.920833,33.4375,180,515.1875,89.51191375,6.820625000000001,9.6533156875,9.909374999999997,30.793125,17.515,1.603125,25.946600625000002
2026-08-21T20:50:00.000Z,MCT2408056,15.579167,73.920833,36.625,180,501.25,89.61014125000001,6.835624999999999,9.5036676875,11.612499999999997,36.486875,20.795625,1.5712499999999998,25.96469875
2026-08-21T21:00:00.000Z,MCT2408056,15.579167,73.920833,38.625,180,500.125,89.68405125000001,6.848125000000001,9.136003312500002,12.728750000000002,40.299375,23.13875,1.7106249999999998,25.977434375000005
2026-08-21T21:10:00.000Z,MCT2408056,15.579167,73.920833,37.5,180,506.75,89.8223325,6.84875,9.061766437500001,11.729999999999997,37.90875,22.141875000000002,1.73,25.977435000000007
2026-08-21T21:11:00.246Z,MCT2408056,15.579167,73.920833,37,180,506.5,89.85571,6.895,9,12.2,37.34,20.62,1.6600000000000001,25.978775
2026-08-21T20:20:00.000Z,MCT2408057,15.272222,74.104722,29.954545454545453,331.31136363636375,468.09090909090907,81.94507318181819,12.400454545454545,8.992727272727274,3.6327272727272715,11.075909090909091,5.860454545454547,2.1886363636363635,28.253956818181816
2026-08-21T20:30:00.000Z,MCT2408057,15.272222,74.104722,29.92,333.7511999999999,469.88,82.78234920000003,12.410400000000003,8.915600000000001,3.4359999999999995,10.607200000000002,5.666000000000001,2.2024,27.9918776
2026-08-21T20:40:00.000Z,MCT2408057,15.272222,74.104722,29.84,333.7404,469.08,82.69567840000002,12.411599999999998,8.872800000000003,3.34,10.448400000000003,5.687600000000001,2.2111999999999994,28.015471999999995
2026-08-21T20:50:00.000Z,MCT2408057,15.272222,74.104722,29.92,335.07559999999995,474.64,83.7686768,12.386399999999998,8.841600000000003,3.4108,10.538800000000002,5.710400000000001,2.3316,27.734902800000004
2026-08-21T21:00:00.000Z,MCT2408057,15.272222,74.104722,29.84,335.1444,475.96,84.2053832,12.331599999999998,8.874000000000002,3.3155999999999994,10.584000000000003,5.888000000000001,2.2028000000000003,27.712164400000002
2026-08-21T21:10:00.000Z,MCT2408057,15.272222,74.104722,29.791666666666668,328.37083333333334,473.4583333333333,84.19819791666667,12.34291666666667,8.908333333333335,3.8754166666666663,11.755416666666667,6.272083333333332,2.17625,27.76361
2026-08-21T21:11:00.247Z,MCT2408057,15.272222,74.104722,30,310.7666666666667,472.3333333333333,84.18452666666667,12.28,9.133333333333333,4.966666666666666,15.079999999999998,8.303333333333333,2.31,27.76807666666667
2026-08-21T20:20:00.000Z,MCT2408055,15.585833,73.885556,28.714285714285715,61.22785714285714,762.6428571428571,89.92056428571428,9.002857142857142,6.5442857142857145,11.540000000000001,33.45928571428571,18.551428571428573,1.4271428571428575,25.290072142857145
2026-08-21T20:30:00.000Z,MCT2408055,15.585833,73.885556,27.875,68.22625,776.5625,89.95632624999999,8.975624999999999,6.934999999999999,10.7525,31.168125,17.168750000000003,1.3868749999999999,25.285668125
2026-08-21T20:40:00.000Z,MCT2408055,15.585833,73.885556,26.875,74.13375,777.4375,90.057893125,8.949375,6.485000000000001,9.964999999999998,28.701249999999995,15.720625000000002,1.4081249999999998,25.273601249999995
2026-08-21T20:50:00.000Z,MCT2408055,15.585833,73.885556,26.5,79.75125,765.75,90.04740187499999,8.866875,6.0249999999999995,9.877499999999998,28.001250000000002,15.167500000000002,1.4806249999999999,25.321865000000003
2026-08-21T21:00:00.000Z,MCT2408055,15.585833,73.885556,26.6875,81.83749999999998,767.6875,90.0760125,8.975000000000001,6.034999999999999,9.83375,28.330625,15.423125000000002,1.4825,25.329236875000003
2026-08-21T21:10:00.000Z,MCT2408055,15.585833,73.885556,29.875,83.11999999999998,764.125,90.18854625,8.811875,6.29,11.715,34.91,19.810624999999998,1.150625,25.256172499999998
2026-08-21T21:11:00.267Z,MCT2408055,15.585833,73.885556,30,84.535,759,90.16089,8.605,6.07,12.24,35.195,19.424999999999997,1.355,25.27092
2026-08-21T20:20:00.000Z,MCT2408053,15.263333,74.110833,45.5,221.95945714285713,889.7857142857143,92.61210428571428,18.787857142857145,28.59142857142857,4.590000000000002,12.155000000000001,6.204285714285713,5.216428571428572,25.689198571428573
2026-08-21T20:30:00.000Z,MCT2408053,15.263333,74.110833,43.5625,217.17130625,864.0625,92.99616125,17.211250000000003,28.515625,4.590000000000002,12.033749999999996,6.06375,4.91375,25.663728124999995
2026-08-21T20:40:00.000Z,MCT2408053,15.263333,74.110833,45.3125,203.48958750000003,905.75,92.93035937499998,18.770625000000003,29.111250000000002,4.820000000000001,13.854375000000001,7.75625,5.135625,25.700593749999996
2026-08-21T20:50:00.000Z,MCT2408053,15.263333,74.110833,46.125,193.39666874999998,885.375,93.16496125,19.345625,28.756250000000005,6.140000000000001,17.684375,9.870625,4.958749999999999,25.742155000000007
2026-08-21T21:00:00.000Z,MCT2408053,15.263333,74.110833,44.0625,210.74606874999998,915.5,92.96135187500002,17.68375,26.633125000000003,4.876875000000002,13.613749999999996,7.331875,5.080625,25.864820624999993
2026-08-21T21:10:00.000Z,MCT2408053,15.263333,74.110833,47.9375,211.33728125000002,882.25,92.732948125,20.602499999999996,28.139374999999998,7.173125000000002,20.723125000000007,11.563124999999996,5.338125,25.872193124999992
2026-08-21T21:11:00.434Z,MCT2408053,15.263333,74.110833,42,231.2838,872.5,92.526,15.91,30.225,4.59,11.67,5.64,4.915,25.85544
2026-08-21T20:20:00.000Z,MCT2408052,15.444425,74.063856,16.733333333333334,160,763.4,89.4681413333333,3.642198866666667,8,5.755333333333332,16.414,7.982666666666666,2,26.044197333333333
2026-08-21T20:30:00.000Z,MCT2408052,15.444425,74.063856,18.1875,160,765.125,89.56531874999999,3.678640375,8,6.8374999999999995,19.418125000000003,9.340625,2,26.041113125
2026-08-21T20:40:00.000Z,MCT2408052,15.444425,74.063856,18.375,160,718.875,89.66736250000002,3.6625876875000007,8,6.918749999999998,19.761874999999996,9.51375,2,26.108815625000002
2026-08-21T20:50:00.000Z,MCT2408052,15.444425,74.063856,17.4375,160,755.375,89.70408062499999,3.6851755000000006,8,6.313749999999999,17.931875,8.6725,2,26.154399375
2026-08-21T21:00:00.000Z,MCT2408052,15.444425,74.063856,18.6875,160,745.5625,89.81088937499999,3.6610965625000005,8,7.296249999999999,20.431250000000002,9.641875,2,26.172501250000003
2026-08-21T21:10:00.000Z,MCT2408052,15.444425,74.063856,17,160,748.375,89.80516749999998,3.718201875,8,6.001249999999999,17.111875,8.281875,2,26.165126249999997
2026-08-21T21:11:00.435Z,MCT2408052,15.444425,74.063856,19,160,749,89.75653,3.768421,8,7.69,21.72,10.36,2,26.15574
2026-08-21T20:20:00.000Z,MCT2408021,15.500556,74.053333,49.4,375,532.2666666666667,89.52561466666667,21.218666666666667,14.363544666666666,2.86,8.290000000000001,4.7926666666666655,4.268666666666666,25.318467999999996
2026-08-21T20:30:00.000Z,MCT2408021,15.500556,74.053333,49.666666666666664,375,536.9333333333333,89.35522533333331,21.269333333333336,14.489044666666668,2.8913333333333333,8.870000000000003,5.394,4.306666666666667,25.396403333333332
2026-08-21T20:40:00.000Z,MCT2408021,15.500556,74.053333,49.625,375,537.1875,89.415115,21.324375,14.435740624999998,2.889375,8.398125000000002,4.880625,4.321874999999999,25.441849375
2026-08-21T20:50:00.000Z,MCT2408021,15.500556,74.053333,49.5,375,523.375,89.410345,21.291874999999994,14.438021875,2.86,8.50625,5.028750000000001,4.290625,25.506869374999997
2026-08-21T21:00:00.000Z,MCT2408021,15.500556,74.053333,49.625,375,526.25,89.52574062499998,21.308749999999996,14.536551249999999,2.86,8.34375,4.8512499999999985,4.303125,25.524968750000003
2026-08-21T21:10:00.000Z,MCT2408021,15.500556,74.053333,49.25,375,531.4375,89.58153124999998,21.016250000000003,14.493998749999998,2.86,8.424999999999999,4.9399999999999995,4.285,25.498155625000003
2026-08-21T21:11:00.463Z,MCT2408021,15.500556,74.053333,49.5,375,535,89.4628,21.215,14.49742,2.86,8.695,5.234999999999999,4.3100000000000005,25.48542
2026-08-21T20:20:00.000Z,MCT2408043,15.221111,74.087222,33,195.5546666666667,581,86.55981666666666,14.223333333333331,10.482,7.430666666666665,25.148666666666664,13.919333333333334,5.290000000000001,26.227958666666662
2026-08-21T20:30:00.000Z,MCT2408043,15.221111,74.087222,33,193.89199999999997,586.8,86.62288533333331,14.181999999999999,10.431999999999999,8.023333333333333,27.466,15.455333333333336,5.290000000000001,26.21437333333334
2026-08-21T20:40:00.000Z,MCT2408043,15.221111,74.087222,33,191.98187499999997,591.6875,86.68999062500001,14.180624999999997,10.51625,8.9475,29.288749999999997,16.250625000000003,5.290000000000001,26.169816874999995
2026-08-21T20:50:00.000Z,MCT2408043,15.221111,74.087222,33,192.78624999999997,603.3125,86.78631375,14.214374999999997,10.478124999999999,8.551250000000001,28.080624999999998,15.530000000000003,5.290000000000001,26.156410000000005
2026-08-21T21:00:00.000Z,MCT2408043,15.221111,74.087222,33,194.41,603.2,86.8532913333333,14.250666666666664,10.535999999999998,8.276,27.808,15.711333333333336,5.290000000000001,26.151448666666674
2026-08-21T21:10:00.000Z,MCT2408043,15.221111,74.087222,33,193.42187499999994,598.0625,86.92888562499996,14.213749999999996,10.50125,7.917499999999998,25.991249999999997,14.170000000000002,5.290000000000001,26.126244375000002
2026-08-21T21:11:00.463Z,MCT2408043,15.221111,74.087222,33,190.83999999999997,600,86.94891,14.3,10.57,8.235,27.035,14.73,5.29,26.1182
2026-08-21T20:20:00.000Z,MCT2408051,15.486528,74.033889,53.92857142857143,289.2464285714285,838.0714285714286,97.80227214285715,22.664285714285715,5.1899999999999995,4.04,12.872857142857146,6.979999999999999,4.39,24.65652642857142
2026-08-21T20:30:00.000Z,MCT2408051,15.486528,74.033889,53.9375,289.353125,840.75,98.01677999999998,22.682499999999997,5.1899999999999995,4.506875,14.836875,8.3625,4.39,24.687742500000006
2026-08-21T20:40:00.000Z,MCT2408051,15.486528,74.033889,54.125,288.83874999999995,847.3125,98.14791125,22.821249999999996,5.1899999999999995,4.665625,15.189374999999997,8.632500000000002,4.716875,24.756784375000002
2026-08-21T20:50:00.000Z,MCT2408051,15.486528,74.033889,54.5,286.52812499999993,836.6875,98.16412312499999,23.185625,5.1899999999999995,4.783125000000001,15.111249999999995,8.478125000000002,5.753125,24.787619375000006
2026-08-21T21:00:00.000Z,MCT2408051,15.486528,74.033889,53.9375,281.17499999999995,849.9375,98.15077125,22.71625,5.1899999999999995,4.821875,15.382499999999995,8.632500000000004,4.39,24.768181249999994
2026-08-21T21:10:00.000Z,MCT2408051,15.486528,74.033889,54,272.675,859.125,98.13408249999999,22.709999999999997,5.1899999999999995,6.801875,20.4725,10.811875,4.39,24.725281249999995
2026-08-21T21:11:00.476Z,MCT2408051,15.486528,74.033889,54,279.42,863,98.09546,22.71,5.19,4.35,13.05,6.85,4.39,24.71858
2026-08-21T20:20:00.000Z,MCT2408034,15.356389,74.123611,37.27272727272727,180.00098181818183,476.8181818181818,77.12641499999997,7.2368181818181805,4.329545454545454,16.28090909090909,50.51409090909092,26.51,1.2786363636363631,29.459071363636358
2026-08-21T20:30:00.000Z,MCT2408034,15.356389,74.123611,28.84,180.0728,482.8,77.0572516,6.9264,4.614000000000001,10.535999999999996,32.748400000000004,17.177599999999998,1.3719999999999999,29.5028308
2026-08-21T20:40:00.000Z,MCT2408034,15.356389,74.123611,21.84,180.59229599999998,488.76,77.02703919999999,7.6648000000000005,4.6956000000000016,6.379999999999998,18.683199999999996,9.303199999999999,1.296,29.448347200000004
2026-08-21T20:50:00.000Z,MCT2408034,15.356389,74.123611,30.75,191.93937083333333,489.125,77.05962958333335,7.740833333333332,4.756249999999999,12.189999999999996,36.574583333333344,18.635833333333334,1.2750000000000001,29.394721250000003
2026-08-21T21:00:00.000Z,MCT2408034,15.356389,74.123611,21.48,183.575316,490.28,77.21411239999999,7.335999999999999,5.103199999999998,6.379999999999998,18.345599999999994,8.965599999999998,1.6516,29.4170312
2026-08-21T21:10:00.000Z,MCT2408034,15.356389,74.123611,21.56,183.554564,480.24,77.22357279999999,7.309999999999999,4.636,6.379999999999998,18.457199999999997,9.0772,1.6068,29.441054399999995
2026-08-21T21:11:00.650Z,MCT2408034,15.356389,74.123611,21.666666666666668,182.4607,481.3333333333333,77.29773,6.48,3.7733333333333334,6.38,18.756666666666668,9.376666666666667,1.42,29.476946666666663
2026-08-21T20:20:00.000Z,MCT2408050,15.553611,73.958333,27.8,86.02999999999999,538.2666666666667,92.28643800000003,11.426666666666668,4.073333333333333,7.800666666666666,24.44333333333333,12.986666666666668,3.024666666666667,25.186906666666665
2026-08-21T20:30:00.000Z,MCT2408050,15.553611,73.958333,28.0625,86.02999999999999,517,92.254203125,11.285000000000002,4.07375,8.321250000000001,25.706874999999997,13.716249999999999,2.8474999999999997,25.20589875
2026-08-21T20:40:00.000Z,MCT2408050,15.553611,73.958333,27.9375,86.02999999999999,550.8125,92.35148000000001,11.193750000000001,4.120625,8.426875,26.512499999999996,14.353750000000005,2.80375,25.238744374999996
2026-08-21T20:50:00.000Z,MCT2408050,15.553611,73.958333,27.75,86.02999999999999,558.875,92.39296374999999,11.196250000000001,4.068125000000001,8.533125,26.458750000000002,14.035000000000002,2.803125,25.287678125
2026-08-21T21:00:00.000Z,MCT2408050,15.553611,73.958333,28,86.02999999999999,555.9375,92.41013000000001,11.456875000000002,4.188750000000001,8.426874999999999,26.350624999999997,14.035000000000004,2.7693749999999997,25.341301875
2026-08-21T21:10:00.000Z,MCT2408050,15.553611,73.958333,27.6875,86.02999999999999,563.3125,92.49977625000002,11.289375000000001,4.0600000000000005,7.949375000000001,24.73875,13.131874999999997,2.74125,25.367445625000006
2026-08-21T21:11:00.650Z,MCT2408050,15.553611,73.958333,30,86.03,580,92.80066,11.52,3.46,9.33,30.06,16.16,3.4,25.30846
2026-08-21T20:20:00.000Z,MCT2408030,15.142519,74.075003,25,163.28979285714286,481.2857142857143,83.68244000000001,8.879285714285716,6.200000000000002,9.370000000000001,24.639999999999993,12.31,4.025,26.14807785714285
2026-08-21T20:30:00.000Z,MCT2408030,15.142519,74.075003,25,163.32764375,483.625,83.67017750000002,8.858125000000001,6.200000000000002,9.370000000000001,24.639999999999993,12.31,4.0325,26.165798749999997
2026-08-21T20:40:00.000Z,MCT2408030,15.142519,74.075003,25,163,492.4,83.68912533333332,8.472666666666667,6.200000000000002,9.370000000000001,24.639999999999993,12.31,3.8920000000000003,26.155024666666666
2026-08-21T20:50:00.000Z,MCT2408030,15.142519,74.075003,25,163,501.0625,83.68925250000001,8.744375,6.200000000000002,9.370000000000001,24.639999999999993,12.31,4.05,26.158422499999997
2026-08-21T21:00:00.000Z,MCT2408030,15.142519,74.075003,25,163,493.8666666666667,83.67081333333334,8.846666666666668,6.200000000000002,9.370000000000001,24.639999999999993,12.31,4.042666666666666,26.141438666666673
2026-08-21T21:10:00.000Z,MCT2408030,15.142519,74.075003,25,163,501.4,83.68454733333333,8.993333333333334,6.200000000000002,9.370000000000001,24.639999999999993,12.31,3.8766666666666665,26.100683333333333
2026-08-21T21:11:00.674Z,MCT2408030,15.142519,74.075003,25,163,501.5,83.69116,8.934999999999999,6.2,9.37,24.64,12.31,3.8049999999999997,26.086025
2026-08-21T20:20:00.000Z,MCT2408029,15.333611,74.206944,13.416666666666666,124.14691666666664,487.3333333333333,92.1216425,4.609166666666666,9.1625,2.94,8.67,4.71,3.5,25.935875833333338
2026-08-21T20:30:00.000Z,MCT2408029,15.333611,74.206944,13.4,126.47637999999999,488.6666666666667,91.92277133333332,4.722,8.732,2.9399999999999995,8.708666666666666,4.748666666666667,3.5573333333333332,26.053493333333336
2026-08-21T20:40:00.000Z,MCT2408029,15.333611,74.206944,13.133333333333333,121.90607333333334,488.73333333333335,91.83019933333335,3.9573333333333327,8.081999999999999,2.9399999999999995,8.708666666666666,4.748666666666666,3.5893333333333337,26.088527333333328
2026-08-21T20:50:00.000Z,MCT2408029,15.333611,74.206944,13.4,120.61382,491.8,91.77628666666665,4.546666666666667,8.274,2.9399999999999995,8.67,4.709999999999999,3.591333333333333,26.067078000000002
2026-08-21T21:00:00.000Z,MCT2408029,15.333611,74.206944,12.9375,121.947025,492.1875,91.88084187499997,4.03875,7.869375000000001,2.9399999999999995,8.706249999999999,4.74625,3.569375,26.008269375
2026-08-21T21:10:00.000Z,MCT2408029,15.333611,74.206944,18.866666666666667,122.41017333333333,499.06666666666666,91.97261999999998,8.798666666666666,9.345333333333333,2.9399999999999995,8.67,4.709999999999999,3.7680000000000002,25.968407333333335
2026-08-21T21:11:00.674Z,MCT2408029,15.333611,74.206944,13,124.19215,508.5,91.96906,5.279999999999999,7.85,2.94,8.67,4.71,3.5,25.98414
2026-08-21T20:20:00.000Z,MCT2408023,15.499722,74.020833,35.357142857142854,213.93428571428566,448.7857142857143,91.62137071428572,6.971428571428572,18.887142857142855,9.142142857142858,31.03,20.610714285714288,5.174285714285715,24.667249999999996
2026-08-21T20:30:00.000Z,MCT2408023,15.499722,74.020833,36.9375,196.38749999999996,459.875,91.66769249999999,7.0756250000000005,18.853749999999998,10.613124999999997,34.8275,22.293750000000003,4.868124999999999,24.647523125000003
2026-08-21T20:40:00.000Z,MCT2408023,15.499722,74.020833,31.375,219.41187499999995,453.375,91.69535062500002,7.261249999999999,18.116875,6.7337500000000015,23.2725,15.587499999999997,4.795624999999999,24.646853125000003
2026-08-21T20:50:00.000Z,MCT2408023,15.499722,74.020833,33.3125,214.311875,454.8125,91.70727124999999,6.743124999999999,18.798125,7.603125,26.755000000000006,18.034375000000004,4.88375,24.65087624999999
2026-08-21T21:00:00.000Z,MCT2408023,15.499722,74.020833,34.75,206.9525,457.9375,91.83792437499999,6.565,19.085000000000004,8.6325,29.683125000000004,19.846875,4.8125,24.644170625000005
2026-08-21T21:10:00.000Z,MCT2408023,15.499722,74.020833,35.25,209.03437499999998,456.25,91.88894499999998,6.380625000000001,18.695,8.790625000000002,30.555,20.571875000000002,4.766250000000001,24.62540375
2026-08-21T21:11:00.684Z,MCT2408023,15.499722,74.020833,34,202.82,458,91.86224,6.77,18.61,6.34,25.33,18.85,4.41,24.62205
2026-08-21T20:20:00.000Z,MCT2408027,15.275556,74.1075,24.733333333333334,1165.8986666666667,667.0666666666667,91.03267333333335,6.579999999999999,12.869333333333339,7.230666666666668,22.738,12.518,2.9500000000000006,26.064217333333335
2026-08-21T20:30:00.000Z,MCT2408027,15.275556,74.1075,25.25,1167.088125,664.25,91.19943937500001,6.579999999999999,12.928125000000003,7.76625,23.781250000000004,12.970000000000002,2.9500000000000006,26.016982499999994
2026-08-21T20:40:00.000Z,MCT2408027,15.275556,74.1075,25.3125,1166.4831250000002,648.0625,91.34630500000002,6.579999999999999,12.893750000000004,7.58125,23.594999999999995,13.092500000000005,2.9500000000000006,26.031728750000003
2026-08-21T20:50:00.000Z,MCT2408027,15.275556,74.1075,24.6875,1167.3062499999999,687.875,91.35393437500002,6.579999999999999,12.861250000000005,7.335000000000002,22.548750000000002,12.23,2.9500000000000006,26.076641875
2026-08-21T21:00:00.000Z,MCT2408027,15.275556,74.1075,23.375,1169.2375,653.0625,91.21851437500003,6.579999999999999,12.856875000000006,6.101250000000001,20.022499999999997,11.303125000000001,2.9500000000000006,26.134288125000005
2026-08-21T21:10:00.000Z,MCT2408027,15.275556,74.1075,23.8125,1169.1075,677.5,91.27525687500003,6.579999999999999,12.795625000000005,6.593750000000002,20.762499999999996,11.3025,2.9500000000000006,26.143001875000007
2026-08-21T21:11:00.862Z,MCT2408027,15.275556,74.1075,24,1168.96,681,91.31293,6.58,12.71,6.9,21.69,11.86,2.95,26.12356
2026-08-21T20:20:00.000Z,MCT2408040,15.528056,74.020833,18.785714285714285,100,473.57142857142856,88.81756857142857,7.885714285714287,4.798571428571429,3.07,8.42,3.729999999999999,3.5,25.932045714285714
2026-08-21T20:30:00.000Z,MCT2408040,15.528056,74.020833,18.75,100,469.5625,88.866274375,7.923750000000001,4.82375,3.07,8.42,3.7299999999999986,3.5,25.913755000000002
2026-08-21T20:40:00.000Z,MCT2408040,15.528056,74.020833,18.875,100,470.375,88.898225,8.012500000000001,4.831250000000001,3.07,8.42,3.7299999999999986,3.5,25.936545624999997
2026-08-21T20:50:00.000Z,MCT2408040,15.528056,74.020833,19.0625,100,470.875,88.85816750000001,8.023125,4.838125,3.07,8.42,3.7299999999999986,3.5,25.960676250000002
2026-08-21T21:00:00.000Z,MCT2408040,15.528056,74.020833,19,100,472.375,88.86198250000001,8.034375,4.858125000000001,3.07,8.42,3.7299999999999986,3.5,25.957994374999995
2026-08-21T21:10:00.000Z,MCT2408040,15.528056,74.020833,19.0625,100,472.625,88.9001325,8.14625,4.851249999999999,3.07,8.42,3.7299999999999986,3.5,25.93319375
2026-08-21T21:11:00.862Z,MCT2408040,15.528056,74.020833,19,100,469.5,88.921115,8.02,4.925,3.07,8.42,3.73,3.5,25.91979
2026-08-21T20:20:00.000Z,MCT2408049,15.475278,74.055833,56.642857142857146,150,536.2857142857143,87.44536928571429,24.20928571428572,13.116428571428571,4.765,14.881428571428573,7.836428571428571,2.61,26.151909285714286
2026-08-21T20:30:00.000Z,MCT2408049,15.475278,74.055833,56.75,150.53269375000002,540.0625,87.49155437500002,24.266875,13.180625,4.648124999999999,14.362499999999999,7.434374999999999,2.61,26.19126875
2026-08-21T20:40:00.000Z,MCT2408049,15.475278,74.055833,56.8125,150,536.75,87.53017812500002,24.308124999999997,12.704374999999999,4.791875,14.553749999999999,7.481874999999999,2.61,26.26299375000001
2026-08-21T20:50:00.000Z,MCT2408049,15.475278,74.055833,56.875,150,539.125,87.50633687500002,24.368749999999995,13.1075,4.839999999999999,14.745624999999999,7.625624999999999,2.61,26.306563125
2026-08-21T21:00:00.000Z,MCT2408049,15.475278,74.055833,56.9375,150.53533125,540.75,87.48535562500003,24.214375,12.628124999999997,4.888750000000001,14.888125,7.720625,2.61,26.35616625
2026-08-21T21:10:00.000Z,MCT2408049,15.475278,74.055833,56.75,151.16077499999997,542.9375,87.39428125,24.173125,13.089375,4.840000000000001,14.457500000000003,7.33875,2.61,26.356836874999996
2026-08-21T21:11:00.884Z,MCT2408049,15.475278,74.055833,57.5,150,540,87.39142,24.61,11.375,5.37,15.32,7.67,2.61,26.289805
2026-08-21T20:20:00.000Z,MCT2408044,15.313669,74.140042,25.857142857142858,214.29,502.7142857142857,93.8262671428571,11.004999999999999,3.35,2.87,7.5,4.32,3.531501785714286,25.24564
2026-08-21T20:30:00.000Z,MCT2408044,15.313669,74.140042,25.866666666666667,214.29,493.93333333333334,94.197856,10.934666666666665,3.532666666666666,2.8699999999999997,7.5,4.320000000000001,3.611794866666666,25.171178
2026-08-21T20:40:00.000Z,MCT2408044,15.313669,74.140042,26,214.29,493.9375,94.179671875,10.986875000000001,3.455,2.8699999999999997,7.5,4.32,3.5541666875,25.183780000000002
2026-08-21T20:50:00.000Z,MCT2408044,15.313669,74.140042,26,214.29,498.06666666666666,94.21718466666667,10.944,3.438666666666667,2.8699999999999997,7.5,4.320000000000001,3.5179486666666673,25.227664
2026-08-21T21:00:00.000Z,MCT2408044,15.313669,74.140042,25.8125,214.29,497.9375,94.09622625,10.8625,3.34625,2.8699999999999997,7.5,4.32,3.503365375,25.272931875000005
2026-08-21T21:10:00.000Z,MCT2408044,15.313669,74.140042,26,214.29,498.46666666666664,94.289408,10.943333333333332,3.6013333333333337,2.908666666666667,7.7,4.465333333333333,3.521965799999999,25.216222666666667
2026-08-21T21:11:00.886Z,MCT2408044,15.313669,74.140042,25.5,214.29,490,94.74234,10.7,3.32,2.87,8,4.865,3.851923,25.008155000000002
2026-08-21T20:20:00.000Z,MCT2408046,15.529167,74.07,30.954545454545453,95.52,807.6363636363636,86.57507363636363,13.105909090909096,0.8945454545454544,5.546818181818181,16.814545454545463,8.467727272727272,3.6568181818181813,26.711983181818184
2026-08-21T20:30:00.000Z,MCT2408046,15.529167,74.07,30.84,95.52,805.64,88.83489959999999,13.134000000000004,0.9500000000000002,5.815999999999998,17.775199999999995,8.952,3.6944,26.132572400000004
2026-08-21T20:40:00.000Z,MCT2408046,15.529167,74.07,31,95.52,809.72,87.53851279999999,13.2928,0.9568000000000001,6.496799999999997,19.555999999999997,9.872000000000003,3.5144,26.56715519999999
2026-08-21T20:50:00.000Z,MCT2408046,15.529167,74.07,30.64,95.52,810.56,87.86840679999999,12.9904,1.0432000000000001,6.042799999999999,18.531999999999996,9.4112,3.6344,26.388259999999995
2026-08-21T21:00:00.000Z,MCT2408046,15.529167,74.07,30.52,95.52,816.84,90.4520264,12.863600000000002,1.0523999999999998,5.110400000000001,14.929200000000003,7.269999999999999,3.6092,25.687696400000004
2026-08-21T21:10:00.000Z,MCT2408046,15.529167,74.07,30.96,95.52,818.52,91.39166279999998,13.2564,0.8628,5.060000000000001,14.617599999999998,7.234400000000002,3.4139999999999997,25.467616800000002
2026-08-21T21:11:00.888Z,MCT2408046,15.529167,74.07,31,95.52,824.3333333333334,91.73254333333334,13.383333333333333,0.79,5.06,14.07,6.45,3.3633333333333333,25.401406666666663
2026-08-21T20:20:00.000Z,MCT2408042,15.213889,74.071667,61.4,264.966,476.8666666666667,89.80536133333335,26.31266666666666,13.325333333333331,6.976666666666668,21.28133333333333,11.477333333333338,3.680666666666667,26.220807999999995
2026-08-21T20:30:00.000Z,MCT2408042,15.213889,74.071667,61.125,267.29749999999996,484.0625,89.89576625000001,26.140625,13.016874999999999,6.5975,20.065,10.703125000000002,3.580625,26.236850000000004
2026-08-21T20:40:00.000Z,MCT2408042,15.213889,74.071667,61.46666666666667,265.8366666666666,487.06666666666666,89.95336800000001,26.31866666666667,13.294666666666666,5.884666666666665,19.028000000000002,10.444666666666668,3.585999999999999,26.288733333333326
2026-08-21T20:50:00.000Z,MCT2408042,15.213889,74.071667,62,266.7018749999999,487.375,89.97396812500001,26.663125000000008,12.999375,6.597500000000001,20.234999999999992,10.816875,3.6812500000000004,26.339406874999998
2026-08-21T21:00:00.000Z,MCT2408042,15.213889,74.071667,61.625,266.1525,486.3125,89.90196625000002,26.426250000000003,13.229375,6.426875,20.005625000000006,10.816875000000003,3.6443749999999997,26.397724375000003
2026-08-21T21:10:00.000Z,MCT2408042,15.213889,74.071667,61.5,263.69249999999994,489.375,89.94583500000002,26.343125,13.264375000000001,6.654375,20.40625,10.930625000000001,3.6225,26.385659999999998
2026-08-21T21:11:01.074Z,MCT2408042,15.213889,74.071667,61.5,263.44000000000005,484.5,89.95107999999999,26.34,13.95,6.825,20.064999999999998,10.475,3.95,26.38097
2026-08-21T20:20:00.000Z,MCT2408037,15.394444,74.118333,25.357142857142858,160,471.42857142857144,85.7151307142857,10.655000000000003,14.50357142857143,3.825714285714285,14.602142857142855,7.924999999999999,3.803571428571428,25.968049285714294
2026-08-21T20:30:00.000Z,MCT2408037,15.394444,74.118333,25.375,160,466.375,85.64381062499999,10.756250000000001,14.434375,3.7199999999999993,13.337500000000002,6.98375,3.7824999999999998,25.953974374999998
2026-08-21T20:40:00.000Z,MCT2408037,15.394444,74.118333,25.125,160,471.6875,85.73297874999997,10.589375,14.451874999999998,3.7199999999999993,12.980625000000003,6.655625,3.7043749999999998,25.907050000000005
2026-08-21T20:50:00.000Z,MCT2408037,15.394444,74.118333,25.5,160,470.5625,85.77160312499997,10.73375,14.444374999999999,3.812499999999999,13.543125000000005,6.981875,3.7337499999999997,25.909062499999997
2026-08-21T21:00:00.000Z,MCT2408037,15.394444,74.118333,25.25,160,472.8125,85.72630249999999,10.631875000000003,14.328124999999998,4.275625,16.149375,8.618125,3.8262499999999995,25.933864375
2026-08-21T21:10:00.000Z,MCT2408037,15.394444,74.118333,25.375,160,463.8125,85.72439499999999,10.673125000000002,14.289375000000001,4.090625,15.280000000000003,8.150625,3.733125,25.949281249999995
2026-08-21T21:11:01.074Z,MCT2408037,15.394444,74.118333,25,160,468,85.69769,10.29,14.35,3.72,13.9,7.5,3.54,25.96269
2026-08-21T20:20:00.000Z,MCT2408041,15.224628,74.171389,32.642857142857146,410.65867142857144,493.07142857142856,90.68731857142855,13.690714285714284,9.700000000000001,8.090000000000002,20.25,8.900000000000002,8.068571428571428,25.908295000000006
2026-08-21T20:30:00.000Z,MCT2408041,15.224628,74.171389,32.875,416.43800000000005,478.375,90.805096875,13.784374999999999,9.7,8.090000000000002,20.25,8.900000000000002,7.8931249999999995,25.902360000000005
2026-08-21T20:40:00.000Z,MCT2408041,15.224628,74.171389,32.625,423.62716250000005,478.5625,90.84610437500002,13.698124999999996,9.7,8.090000000000002,20.25,8.900000000000002,7.885624999999999,25.907051250000002
2026-08-21T20:50:00.000Z,MCT2408041,15.224628,74.171389,32.8125,415.90323749999993,486.1875,90.83990500000002,13.774999999999999,9.7,8.090000000000002,20.25,8.900000000000002,7.972500000000001,25.941236874999994
2026-08-21T21:00:00.000Z,MCT2408041,15.224628,74.171389,32.75,425.9911062499999,478.0625,90.78649999999999,13.739374999999997,9.7,8.090000000000002,20.25,8.900000000000002,7.829375000000001,25.969391250000005
2026-08-21T21:10:00.000Z,MCT2408041,15.224628,74.171389,32.8125,431.7242750000001,475.375,90.77886999999998,13.725624999999999,9.7,8.090000000000002,20.25,8.900000000000002,7.963125,26.006928124999995
2026-08-21T21:11:01.093Z,MCT2408041,15.224628,74.171389,33,429.0703,476,90.73309,14.25,9.7,8.09,20.25,8.9,8.06,26.02704
2026-08-21T20:20:00.000Z,MCT2408024,15.148056,74.131667,40.95454545454545,215.84023181818176,658.9090909090909,81.45783045454546,17.816212272727274,5.73691481818182,5,14.990000000000004,7.990000000000001,2.511818181818182,26.83580909090909
2026-08-21T20:30:00.000Z,MCT2408024,15.148056,74.131667,40.84,215.34505200000004,659.04,81.42187360000004,17.7713516,6.1948054,5,15.790000000000004,8.790000000000003,2.5159999999999996,26.897058800000003
2026-08-21T20:40:00.000Z,MCT2408024,15.148056,74.131667,40.76,215.13184000000004,661.6,81.38037360000003,17.677581600000003,5.9134201200000005,5.28,17.470000000000006,9.910000000000004,2.5136,26.897915999999995
2026-08-21T20:50:00.000Z,MCT2408024,15.148056,74.131667,40.96,215.418432,664.64,81.46154839999998,17.921048,6.04848504,5,15.910000000000004,8.910000000000002,2.504,26.888050000000003
2026-08-21T21:00:00.000Z,MCT2408024,15.148056,74.131667,40.68,215.907604,663.72,81.28942999999998,17.663677200000002,5.746031920000002,5,15.350000000000005,8.350000000000001,2.518,26.991009199999986
2026-08-21T21:10:00.000Z,MCT2408024,15.148056,74.131667,40.958333333333336,216.7151583333333,611.0833333333334,81.23767791666664,17.901467916666665,5.7127827500000015,5,14.990000000000004,7.990000000000002,2.5083333333333333,27.018663750000005
2026-08-21T21:11:01.095Z,MCT2408024,15.148056,74.131667,40.666666666666664,217.1641666666667,605,81.13531333333333,17.684903333333335,5.514670666666667,5,14.99,7.989999999999999,2.513333333333333,27.063796666666665
2026-08-21T20:20:00.000Z,MCT2408033,15.346944,74.007778,20,110,517,90.24426785714287,8.207142857142859,4.718571428571429,4.501428571428573,11.830714285714288,7.439285714285714,4.39,25.925150714285717
2026-08-21T20:30:00.000Z,MCT2408033,15.346944,74.007778,20.0625,110.89455000000001,506.6875,90.41408875000002,8.260000000000002,4.8425,4.393125,11.601875,7.281250000000001,4.39,25.865491875
2026-08-21T20:40:00.000Z,MCT2408033,15.346944,74.007778,20.25,110.001825,511.0625,90.61865312500002,8.334375,4.743125,4.65875,12.018749999999997,7.428124999999999,4.39,25.821251249999996
2026-08-21T20:50:00.000Z,MCT2408033,15.346944,74.007778,20.3125,110.4378375,510.8125,90.48275437500001,8.378125,4.604375,4.658125,12.24375,7.685625,4.39,25.908391875
2026-08-21T21:00:00.000Z,MCT2408033,15.346944,74.007778,20,110,505.125,90.47464500000002,8.166875000000001,4.781249999999999,4.885,12.755624999999997,7.943750000000001,4.39,25.935873750000003
2026-08-21T21:10:00.000Z,MCT2408033,15.346944,74.007778,20.3125,110,522.5,90.610544375,8.322500000000002,4.716875,4.584375,11.795,7.281250000000002,4.39,25.90034875
2026-08-21T21:11:01.095Z,MCT2408033,15.346944,74.007778,19,110,519,90.74835,7.45,4.415,4.24,11.535,7.355,4.39,25.892975
2026-08-21T20:20:00.000Z,MCT2408022,15.475833,74.038889,29.571428571428573,150,444.42857142857144,90.50094071428573,3.968571428571427,11.216079285714285,7.642857142857143,23.714285714285715,13,4.241867071428572,25.392725714285714
2026-08-21T20:30:00.000Z,MCT2408022,15.475833,74.038889,29.8125,150,450.75,90.49753625000001,4.070625,11.3198425,7.9375,24.0625,13.0625,4.2428468125,25.443861875
2026-08-21T20:40:00.000Z,MCT2408022,15.475833,74.038889,30.8125,150,448.0625,90.36402125000002,4.131875000000001,11.323042500000001,8.6875,26.125,13.875,4.248884875000001,25.517595000000004
2026-08-21T20:50:00.000Z,MCT2408022,15.475833,74.038889,29.6875,150,453.5,90.31872125000001,4.089375,11.236257499999999,7.8125,24,13.0625,4.2371959375,25.555802500000002
2026-08-21T21:00:00.000Z,MCT2408022,15.475833,74.038889,29.6875,150,451.0625,90.28725062500001,4.248125,11.256024374999999,7.625,23.8125,13.1875,4.2470041875,25.526310000000002
2026-08-21T21:10:00.000Z,MCT2408022,15.475833,74.038889,30.2,150,450.8,90.28855333333334,4.197333333333333,11.090428666666666,8.2,24.933333333333334,13.466666666666667,4.2310916,25.497932666666664
2026-08-21T21:11:01.286Z,MCT2408022,15.475833,74.038889,30.5,150,456,90.328735,3.6,11.360445,8.5,25,13,4.2632005,25.480055
2026-08-21T20:20:00.000Z,MCT2408045,15.619444,73.878889,27.333333333333332,178.11999999999995,571.6,86.34670066666665,11.133333333333335,16.756666666666668,6.3080000000000025,21.404000000000003,11.006,2.5300000000000002,25.71172066666667
2026-08-21T20:30:00.000Z,MCT2408045,15.619444,73.878889,27.3125,178.11999999999995,574.3125,86.430594375,11.06125,16.685624999999998,6.196250000000002,20.6725,10.425625,2.5300000000000002,25.706627500000003
2026-08-21T20:40:00.000Z,MCT2408045,15.619444,73.878889,27.2,178.11999999999995,566.4666666666667,86.50335799999999,10.992666666666668,16.62066666666667,6.173333333333335,20.606,10.48,2.5300000000000002,25.68955666666666
2026-08-21T20:50:00.000Z,MCT2408045,15.619444,73.878889,27.1875,178.11999999999995,568.3125,86.59414687499998,11.0925,16.46375,6.133750000000002,20.565625000000004,10.531250000000002,2.5300000000000002,25.648309375000004
2026-08-21T21:00:00.000Z,MCT2408045,15.619444,73.878889,27.25,178.11999999999995,571.4375,86.66281499999998,11.046875,16.75625,6.291250000000001,21.1,10.778125,2.5300000000000002,25.608760000000004
2026-08-21T21:10:00.000Z,MCT2408045,15.619444,73.878889,27.25,178.11999999999995,565.5,86.66901062499998,11.01875,16.69125,6.668750000000001,22.596249999999998,11.590625000000001,2.5300000000000002,25.615463124999998
2026-08-21T21:11:01.287Z,MCT2408045,15.619444,73.878889,28,178.12,562.5,86.61322,11.47,16.505000000000003,6.795,21.955,10.74,2.53,25.662385
2026-08-21T20:20:00.000Z,MCT2408032,15.525556,73.828611,34.36363636363637,178.92999999999995,681.7727272727273,88.00177090909088,14.259090909090908,18.473636363636366,7.507272727272727,26.31227272727273,15.508181818181821,2.693181818181819,26.60424181818183
2026-08-21T20:30:00.000Z,MCT2408032,15.525556,73.828611,34.84,178.92999999999995,680,88.35119479999999,14.596400000000003,18.806400000000004,7.574400000000001,25.7156,14.7788,2.7012,26.5083812
2026-08-21T20:40:00.000Z,MCT2408032,15.525556,73.828611,35.16,178.92999999999995,677.12,88.67102040000002,14.939200000000001,18.778800000000004,7.8588,27.9336,16.4784,2.742,26.440598800000004
2026-08-21T20:50:00.000Z,MCT2408032,15.525556,73.828611,34.88,179.70919999999995,689.88,88.721068,14.695599999999999,18.615600000000004,8.998399999999998,31.1188,18.006,2.7132000000000005,26.4663408
2026-08-21T21:00:00.000Z,MCT2408032,15.525556,73.828611,35.36,217.52640000000002,694.28,88.6835328,14.983600000000006,19.0764,8.9416,30.94960000000001,17.892,2.929199999999999,26.397268399999998
2026-08-21T21:10:00.000Z,MCT2408032,15.525556,73.828611,34.84,182.44719999999998,690.56,88.66552760000002,14.451600000000006,19.0504,10.023999999999997,34.8164,20.213999999999995,2.8895999999999997,26.338496400000007
2026-08-21T21:11:01.304Z,MCT2408032,15.525556,73.828611,34.666666666666664,178.92999999999998,695.6666666666666,88.97324333333334,14.496666666666668,19.296666666666667,8.543333333333333,27.97,15.573333333333332,3.016666666666667,26.313043333333336
2026-08-21T20:20:00.000Z,MCT2408036,15.171567,74.067106,33.714285714285715,120,507.5,91.31183714285714,10.165000000000001,8.040714285714285,6.352142857142858,18.670714285714286,9.80642857142857,10.597142857142856,25.651659999999996
2026-08-21T20:30:00.000Z,MCT2408036,15.171567,74.067106,33.53333333333333,120,504.1333333333333,90.99046066666668,9.945333333333334,8.151333333333332,5.298666666666667,15.872666666666667,8.545333333333332,10.479333333333333,25.651659999999996
2026-08-21T20:40:00.000Z,MCT2408036,15.171567,74.067106,33.5,120,506.8125,90.90284812500002,10.5925,8.080625000000001,6.677499999999999,18.933125,9.7525,10.486874999999998,25.651659999999996
2026-08-21T20:50:00.000Z,MCT2408036,15.171567,74.067106,34.333333333333336,120,504.73333333333335,90.96197466666668,10.439333333333334,8.234,5.086666666666665,15.061333333333332,8.139999999999999,10.960666666666668,25.671681333333332
2026-08-21T21:00:00.000Z,MCT2408036,15.171567,74.067106,33.6,120,510.1333333333333,90.77886933333335,9.826000000000002,8.234666666666666,7.228,20.80333333333333,10.772666666666668,10.447333333333335,25.69170466666667
2026-08-21T21:10:00.000Z,MCT2408036,15.171567,74.067106,33.8125,120,517.75,90.953391875,10.267499999999998,8.24125,5.55875,16.36875,8.580625000000001,10.589375000000002,25.666408750000002
2026-08-21T21:11:01.304Z,MCT2408036,15.171567,74.067106,35,120,505,90.58051,10.17,8.34,2.63,8.11,4.56,11.16,25.74819
2026-08-21T20:20:00.000Z,MCT2408031,15.290833,74.149167,18.5,161.16024285714283,461.64285714285717,87.84155000000001,7.095801,7.035878071428572,5.644285714285713,14.628571428571428,7.925714285714284,4.581428571428572,25.533682857142857
2026-08-21T20:30:00.000Z,MCT2408031,15.290833,74.149167,18.4375,159.34266249999996,465.0625,87.86205562499998,7.2790855625,6.563827375,5.623749999999999,14.86375,8.186250000000001,4.656875,25.555131874999997
2026-08-21T20:40:00.000Z,MCT2408031,15.290833,74.149167,19,140.0707375,480.8125,87.91927999999999,7.0696525,6.595292687500001,6.220624999999999,16.305,8.869374999999998,4.705,25.576582499999997
2026-08-21T20:50:00.000Z,MCT2408031,15.290833,74.149167,19.4375,140.1252625,470.25,87.85156437499998,7.162293937499999,7.011193749999999,6.517499999999999,16.82125,8.988124999999997,4.84875,25.622836249999995
2026-08-21T21:00:00.000Z,MCT2408031,15.290833,74.149167,18.5625,147.31119375000003,466.875,87.84917999999998,6.909047687499999,6.564796125,6.1,15.653125000000003,8.394999999999998,4.88625,25.637586874999997
2026-08-21T21:10:00.000Z,MCT2408031,15.290833,74.149167,18.4375,152.26492499999998,480.25,87.93692374999998,7.1600505625,6.207950625,5.890624999999998,15.163749999999999,8.155625,4.547499999999999,25.643618124999996
2026-08-21T21:11:01.306Z,MCT2408031,15.290833,74.149167,17.5,160.8557,479.5,87.955995,7.1516045,6,5,13.04,7.145,4.855,25.65166
2026-08-21T20:20:00.000Z,MCT2408039,15.163611,74.110833,29,344.9278571428571,473.57142857142856,86.24101500000002,11.428571428571427,10.299999999999999,9.019999999999998,28.94,11.76,2.3000000000000003,26.156506428571426
2026-08-21T20:30:00.000Z,MCT2408039,15.163611,74.110833,29,344.983125,481.8125,86.31662750000001,10.216875,10.3,9.019999999999998,28.94,11.759999999999998,2.3,26.19193875
2026-08-21T20:40:00.000Z,MCT2408039,15.163611,74.110833,29,341.33687499999996,461.1875,86.26846625000002,10.426249999999998,10.3,9.019999999999998,28.94,11.759999999999998,2.3,26.216741249999995
2026-08-21T20:50:00.000Z,MCT2408039,15.163611,74.110833,29.1875,319.135625,491.1875,86.27371500000001,10.793750000000001,10.3,9.019999999999998,28.94,11.759999999999998,2.3,26.197973125000008
2026-08-21T21:00:00.000Z,MCT2408039,15.163611,74.110833,29,321.4856249999999,507.4375,86.31233750000001,10.848749999999997,10.3,9.019999999999998,28.94,11.759999999999998,2.3,26.145683750000007
2026-08-21T21:10:00.000Z,MCT2408039,15.163611,74.110833,29,329.090625,508.5,86.389108125,10.516249999999998,10.3,9.019999999999998,28.94,11.759999999999998,2.3,26.113508124999996
2026-08-21T21:11:01.500Z,MCT2408039,15.163611,74.110833,29,339.325,518,86.43774,10.145,10.3,9.02,28.94,11.76,2.3,26.08066
2026-08-21T20:20:00.000Z,MCT2408035,15.236111,74.125,49,190,578.1428571428571,90.02137928571427,19.716596428571425,9.637142857142859,3.7999999999999994,10.19,4.909999999999998,3.8299999999999987,26.220091428571433
2026-08-21T20:30:00.000Z,MCT2408035,15.236111,74.125,48.75,190,578.8125,90.783159375,19.492883749999997,9.638750000000002,3.799999999999999,10.19,4.909999999999998,3.8299999999999987,26.089376250000008
2026-08-21T20:40:00.000Z,MCT2408035,15.236111,74.125,48.375,190,577.125,90.61817562500002,19.210959374999998,9.63875,3.799999999999999,10.19,4.909999999999998,3.8299999999999987,26.149706249999998
2026-08-21T20:50:00.000Z,MCT2408035,15.236111,74.125,47.9375,190,576.5,90.556188125,18.802895624999998,9.623750000000001,3.799999999999999,10.19,4.909999999999998,3.8299999999999987,26.17719
2026-08-21T21:00:00.000Z,MCT2408035,15.236111,74.125,49,190,564,90.59671625000001,19.695753125,9.635000000000002,3.799999999999999,10.19,4.909999999999998,3.8299999999999987,26.21070625
2026-08-21T21:10:00.000Z,MCT2408035,15.236111,74.125,47.625,190,569.625,90.47178687499999,18.550616874999992,9.635,3.799999999999999,10.19,4.909999999999998,3.8299999999999987,26.279078750000004
2026-08-21T21:11:01.500Z,MCT2408035,15.236111,74.125,49,190,568,90.35162,19.70796,9.65,3.8,10.19,4.91,3.83,26.28444
2026-08-21T20:20:00.000Z,MCT2408026,15.2467,74.198281,31,127.21365454545456,503.90909090909093,84.66217590909092,13.401896363636364,12.5,4.730000000000003,14.68454545454545,7.886363636363637,1.926363636363636,27.747441818181816
2026-08-21T20:30:00.000Z,MCT2408026,15.2467,74.198281,30.875,125,500.125,84.72462708333335,13.259715416666666,12.5,4.730000000000003,14.549999999999995,7.750416666666667,1.9004166666666666,27.708642499999993
2026-08-21T20:40:00.000Z,MCT2408026,15.2467,74.198281,30.958333333333332,125,493.9166666666667,84.41086833333334,13.311529999999998,12.5,4.730000000000003,14.549999999999995,7.750416666666667,1.8799999999999997,27.79087208333334
2026-08-21T20:50:00.000Z,MCT2408026,15.2467,74.198281,31.416666666666668,125,497.125,84.59810666666667,13.717027083333333,12.5,4.730000000000003,14.549999999999995,7.750416666666667,2.029583333333333,27.697917916666654
2026-08-21T21:00:00.000Z,MCT2408026,15.2467,74.198281,30.916666666666668,125,497.5,84.45410208333334,13.299215833333333,12.5,4.730000000000003,14.509999999999996,7.710000000000001,1.9175000000000002,27.799809166666662
2026-08-21T21:10:00.000Z,MCT2408026,15.2467,74.198281,31.041666666666668,125,496.2916666666667,84.84669708333331,13.365362916666667,12.5,4.730000000000003,14.509999999999996,7.710000000000001,1.9504166666666667,27.682723749999997
2026-08-21T21:11:01.526Z,MCT2408026,15.2467,74.198281,30.666666666666668,125,490,85.04156,13.257966666666666,12.5,4.73,14.51,7.71,2.0666666666666664,27.65367666666667
2026-08-21T20:20:00.000Z,MCT2408038,15.188889,74.055556,23,334.5235714285714,619,89.62410571428573,9.614285714285714,13.330000000000004,5.950000000000002,16.900000000000002,7.939999999999999,4.755000000000001,26.181788571428577
2026-08-21T20:30:00.000Z,MCT2408038,15.188889,74.055556,23,349.06249999999994,615.3125,89.67928374999998,9.625,13.330000000000005,5.950000000000002,16.900000000000002,7.939999999999999,4.7325,26.19596
2026-08-21T20:40:00.000Z,MCT2408038,15.188889,74.055556,23,353.5875,608.125,89.63827500000001,9.583125000000003,13.330000000000005,5.950000000000002,16.900000000000002,7.939999999999999,4.78125,26.216070624999993
2026-08-21T20:50:00.000Z,MCT2408038,15.188889,74.055556,23,359.52000000000004,614.375,89.74317750000002,9.69625,13.330000000000005,5.950000000000002,16.900000000000002,7.939999999999999,4.7318750000000005,26.274388124999994
2026-08-21T21:00:00.000Z,MCT2408038,15.188889,74.055556,23,361.824375,605.5,89.62349437499999,9.773125000000002,13.330000000000005,5.950000000000002,16.900000000000002,7.939999999999999,4.726875,26.374936249999994
2026-08-21T21:10:00.000Z,MCT2408038,15.188889,74.055556,22.875,384.763125,587.9375,89.54147749999998,9.65,13.330000000000005,5.950000000000002,16.900000000000002,7.939999999999999,4.7456249999999995,26.380969999999994
2026-08-21T21:11:01.531Z,MCT2408038,15.188889,74.055556,23,369.41999999999996,590,89.55054,9.635,13.33,5.95,16.9,7.94,4.73,26.38097
2026-08-21T21:20:00.000Z,MCT2408020,15.543475,74.039433,25.6875,180,461.3125,88.84911062499998,9.235851437500001,19.456689375,6.0325,18.758125000000003,9.813125,3.6599999999999984,26.118871249999998
2026-08-21T21:30:00.000Z,MCT2408020,15.543475,74.039433,25.1875,180,466.9375,88.77853874999998,9.214264,19.583084999999997,5.5699999999999985,17.768125,9.348124999999998,3.6599999999999984,26.124903125000003
2026-08-21T21:40:00.000Z,MCT2408020,15.543475,74.039433,25.0625,180,473.4375,88.83862062500002,9.376951125,19.682299375,5.627499999999999,17.593750000000004,9.115624999999998,3.6599999999999984,26.124903125000003
2026-08-21T21:50:00.000Z,MCT2408020,15.543475,74.039433,25.25,180,471.8125,88.61259812500002,9.057688750000002,19.491444375,5.5699999999999985,17.768125,9.348125,3.6599999999999984,26.24958562500001
2026-08-21T22:00:00.000Z,MCT2408020,15.543475,74.039433,24.9375,180,478.5,88.785213125,9.3398879375,19.426985,5.6274999999999995,17.361250000000002,8.883124999999998,3.6599999999999984,26.249586875
2026-08-21T22:09:39.472Z,MCT2408020,15.543475,74.039433,24.0625,180,479,88.72227000000001,9.480987875,19.446589375,5.5699999999999985,16.779375,8.36,3.6599999999999984,26.334716874999998
2026-08-21T21:20:00.000Z,MCT2408028,15.186944,74.096667,41.88,544.9968,497.48,91.6977556,18.3172,12.089199999999996,4.989999999999998,11.930000000000005,4.97,1.4912,25.44058879999999
2026-08-21T21:30:00.000Z,MCT2408028,15.186944,74.096667,41.95238095238095,541.8066666666667,470.0952380952381,91.77250619047621,18.385238095238094,12.254761904761901,4.989999999999999,11.977619047619052,5.017142857142856,1.543333333333334,25.359018095238092
2026-08-21T21:40:00.000Z,MCT2408028,15.186944,74.096667,41.84,540.5000000000001,503.32,91.84668039999998,18.314,12.289199999999996,4.989999999999998,11.930000000000005,4.97,1.4248000000000003,25.29086960000001
2026-08-21T21:50:00.000Z,MCT2408028,15.186944,74.096667,42,539.846,507.44,91.9214476,18.4364,12.184799999999994,4.989999999999998,11.930000000000005,4.97,1.4279999999999995,25.2286636
2026-08-21T22:00:00.000Z,MCT2408028,15.186944,74.096667,41.8,537.0984,510.36,91.94830319999997,18.2424,12.187599999999996,4.989999999999998,11.930000000000005,4.97,1.4040000000000001,25.178469999999994
2026-08-21T22:09:39.472Z,MCT2408028,15.186944,74.096667,41.958333333333336,539.35625,508.6666666666667,92.10002708333333,18.394166666666667,12.142499999999997,4.989999999999998,11.971666666666671,5.0112499999999995,1.5491666666666664,25.160095000000002
2026-08-21T21:20:00.000Z,MCT2408056,15.579167,73.920833,35.5625,180,504.375,89.73793312500001,6.894375,9.2345950625,10.966249999999997,34.324999999999996,19.505000000000003,1.6231249999999997,26.002236249999992
2026-08-21T21:30:00.000Z,MCT2408056,15.579167,73.920833,32.5,180,505.375,89.69692562499999,6.914375000000001,9.468016375,9.03125,28.005625,15.932500000000003,1.5724999999999998,26.057202499999995
2026-08-21T21:40:00.000Z,MCT2408056,15.579167,73.920833,31.8125,180,496.125,89.645904375,6.82,10.020979875,8.5625,26.52375,15.171875000000002,1.6337499999999998,26.084014999999997
2026-08-21T21:50:00.000Z,MCT2408056,15.579167,73.920833,31.9375,180,511.4375,89.56293374999998,6.9799999999999995,9.900381187499999,8.504999999999999,26.810000000000002,15.406250000000002,1.6600000000000001,26.098761875
2026-08-21T22:00:00.000Z,MCT2408056,15.579167,73.920833,33.0625,180,502.9375,89.665455625,7.028125000000001,9.9467426875,9.208749999999998,29.030625,16.692500000000003,1.6437499999999998,26.009608750000005
2026-08-21T22:09:39.539Z,MCT2408056,15.579167,73.920833,28.1875,180,493.25,89.68834312499999,6.900625,9.123532875,5.512499999999999,19.070625,11.423125,1.79875,25.978104375000004
2026-08-21T21:20:00.000Z,MCT2408057,15.272222,74.104722,29.88,325.124,477.76,84.19897399999999,12.313999999999997,8.976000000000003,3.8156,11.896000000000004,6.530399999999999,2.2576,27.798395600000003
2026-08-21T21:30:00.000Z,MCT2408057,15.272222,74.104722,29.88,335.8912,470.92,83.2926016,12.376399999999999,8.902000000000003,3.1239999999999997,9.770400000000004,5.4228000000000005,2.0715999999999997,28.105991599999996
2026-08-21T21:40:00.000Z,MCT2408057,15.272222,74.104722,29.88,338.34199999999987,468.56,82.70636119999996,12.4252,8.890400000000003,3.0279999999999996,9.2512,5.090800000000001,2.1356,28.3020476
2026-08-21T21:50:00.000Z,MCT2408057,15.272222,74.104722,29.76,329.0296,476.76,82.67584279999997,12.3168,8.902400000000002,3.3396,10.2676,5.533200000000001,2.2536,28.250564
2026-08-21T22:00:00.000Z,MCT2408057,15.272222,74.104722,29.96,339.33159999999987,472.04,82.4011852,12.456799999999998,8.867200000000002,2.9799999999999995,8.481999999999996,4.427200000000002,2.2876,28.2784512
2026-08-21T22:09:39.539Z,MCT2408057,15.272222,74.104722,30,340.50541666666663,481.7083333333333,82.75656250000002,12.514166666666668,8.872916666666667,2.979999999999999,8.930416666666664,4.864583333333336,2.4745833333333334,28.069722916666667
2026-08-21T21:20:00.000Z,MCT2408055,15.585833,73.885556,31.125,74.291875,764.25,90.1284625,8.869375,6.49,12.59,36.80125,20.619374999999998,1.2937500000000004,25.299743750000005
2026-08-21T21:30:00.000Z,MCT2408055,15.585833,73.885556,31.0625,67.134375,772.9375,90.213816875,8.939375,6.21,12.239999999999998,36.185,20.449374999999996,1.3424999999999998,25.309798750000002
2026-08-21T21:40:00.000Z,MCT2408055,15.585833,73.885556,30.25,65.09875,767.5,90.221445625,8.976874999999998,6.47,11.671249999999997,34.744375000000005,19.683749999999996,1.3918750000000002,25.360071875
2026-08-21T21:50:00.000Z,MCT2408055,15.585833,73.885556,25.733333333333334,60.00933333333333,769.3333333333334,90.32466533333333,8.856666666666667,5.867333333333333,8.669999999999998,25.394000000000002,14.268,1.5786666666666667,25.337773333333338
2026-08-21T22:00:00.000Z,MCT2408055,15.585833,73.885556,20.9375,79.92875000000001,745.625,90.25339500000001,8.851875,5.590000000000001,5.071250000000001,14.801249999999998,8.350000000000001,1.5762500000000002,25.24879875
2026-08-21T22:09:39.591Z,MCT2408055,15.585833,73.885556,21.0625,77.86874999999999,742.8125,90.31252500000001,8.881875,6.648125,5.02875,14.884374999999997,8.4775,1.43375,25.219305625
2026-08-21T21:20:00.000Z,MCT2408052,15.444425,74.063856,17.3125,160,749.0625,89.68309874999997,3.6793860625000003,8,6.209374999999998,17.780624999999997,8.605,2,26.149035625000007
2026-08-21T21:30:00.000Z,MCT2408052,15.444425,74.063856,18.125,160,720.5625,89.644474375,3.6911403750000003,8,6.771874999999998,19.31125,9.298125,2,26.09205875
2026-08-21T21:40:00.000Z,MCT2408052,15.444425,74.063856,16.625,160,747.6875,89.56054937499998,3.7342544375000006,8,5.667499999999999,16.293125000000003,7.979375,2,26.108817499999997
2026-08-21T21:50:00.000Z,MCT2408052,15.444425,74.063856,16.875,160,771.25,89.62635437499999,3.6706141250000006,8,5.668124999999999,16.380000000000003,8.109375,2,26.110826875000004
2026-08-21T22:00:00.000Z,MCT2408052,15.444425,74.063856,16.9375,160,718.375,89.85094437499998,3.761315875000001,8,5.792499999999999,16.745625,8.23875,2,26.075970000000005
2026-08-21T22:09:39.720Z,MCT2408052,15.444425,74.063856,17.066666666666666,160,742.9333333333333,90.00779266666665,3.6836025333333344,8,5.888666666666666,17.057333333333336,8.395999999999999,2,26.097107333333334
2026-08-21T21:20:00.000Z,MCT2408053,15.263333,74.110833,45.625,225.7129875,898.125,92.59466624999999,19.056250000000002,30.310625,4.590000000000002,11.791249999999998,5.78125,5.284375,25.8004725
2026-08-21T21:30:00.000Z,MCT2408053,15.263333,74.110833,44.625,176.6188,873.6875,92.67668187500001,18.125000000000004,29.5275,4.991875,15.556250000000002,9.306875000000002,5.407499999999999,25.735450625000002
2026-08-21T21:40:00.000Z,MCT2408053,15.263333,74.110833,46.125,198.41004999999998,889.875,92.71005875,19.427500000000002,29.48875,4.590000000000002,13.794999999999998,8.108125,5.16,25.718023125
2026-08-21T21:50:00.000Z,MCT2408053,15.263333,74.110833,45.125,229.03153124999994,903.9375,92.66714437500002,18.498749999999998,29.350625,4.590000000000002,11.669999999999996,5.64,5.324375,25.68383625
2026-08-21T22:00:00.000Z,MCT2408053,15.263333,74.110833,46.375,234.81771250000003,893.5,92.73485500000001,19.585625,29.324375,4.590000000000002,11.669999999999996,5.64,5.125624999999999,25.641608124999994
2026-08-21T22:09:39.719Z,MCT2408053,15.263333,74.110833,47.06666666666667,227.84458666666666,918.2,92.712668,20.16,30.848666666666666,4.590000000000002,11.669999999999996,5.64,5.094666666666667,25.62305666666667
2026-08-21T21:20:00.000Z,MCT2408043,15.221111,74.087222,33,193.07500000000002,600.8125,86.87929500000001,14.208124999999999,10.479999999999999,8.314375,27.1975,14.970000000000002,5.290000000000001,26.140992499999996
2026-08-21T21:30:00.000Z,MCT2408043,15.221111,74.087222,33,195.04800000000003,602.8666666666667,86.98146533333332,14.211333333333332,10.437333333333333,7.091999999999999,24.11933333333333,13.492666666666668,5.290000000000001,26.087097999999994
2026-08-21T21:40:00.000Z,MCT2408043,15.221111,74.087222,33,194.7175,608.625,87.04761999999998,14.230624999999998,10.48125,7.361874999999998,24.944374999999994,13.850000000000001,5.290000000000001,26.024356249999997
2026-08-21T21:50:00.000Z,MCT2408043,15.221111,74.087222,33,195.52187499999997,605.875,87.17731812499999,14.235624999999997,10.55,6.409374999999999,20.760625000000005,11.530000000000001,5.290000000000001,25.96536875
2026-08-21T22:00:00.000Z,MCT2408043,15.221111,74.087222,33,196.01999999999998,612.2666666666667,87.19814066666666,14.193333333333332,10.445999999999998,6.499333333333332,21.458666666666662,12.042,5.290000000000001,25.943382666666672
2026-08-21T22:09:39.785Z,MCT2408043,15.221111,74.087222,33,197.32999999999996,610.5625,87.139648125,14.18625,10.5325,6.329999999999999,20.599375,11.530000000000001,5.290000000000001,25.968721250000005
2026-08-21T21:20:00.000Z,MCT2408021,15.500556,74.053333,49.3125,375,528.3125,89.57724,21.058125000000004,14.450305,2.86,8.613750000000001,5.146250000000001,4.305624999999999,25.4277725
2026-08-21T21:30:00.000Z,MCT2408021,15.500556,74.053333,49.5,375,532.125,89.653534375,21.23,14.379765,2.86,8.506250000000001,5.028749999999999,4.274374999999999,25.368785625000005
2026-08-21T21:40:00.000Z,MCT2408021,15.500556,74.053333,49.375,375,528.6875,89.55768812500001,21.074374999999996,14.377483125000001,2.86,8.153125,4.6431249999999995,4.3100000000000005,25.380181875
2026-08-21T21:50:00.000Z,MCT2408021,15.500556,74.053333,49.3125,375,525.9375,89.72649187500002,21.01,14.449165,2.86,8.315624999999999,4.820625,4.262499999999999,25.33929125
2026-08-21T22:00:00.000Z,MCT2408021,15.500556,74.053333,49.53333333333333,375,525.5333333333333,89.71533333333333,21.17866666666667,14.485393999999996,2.86,8.174000000000001,4.6659999999999995,4.267333333333332,25.411418
2026-08-21T22:09:39.785Z,MCT2408021,15.500556,74.053333,49.3125,375,535.0625,89.83377812500001,21.08625,14.536550625000002,2.86,8.3975,4.910000000000001,4.338125000000001,25.474025000000005
2026-08-21T21:20:00.000Z,MCT2408051,15.486528,74.033889,53.9375,278.825625,865.625,98.05778749999999,22.669999999999998,5.1899999999999995,4.195625,13.904374999999998,7.856874999999999,4.39,24.691764999999997
2026-08-21T21:30:00.000Z,MCT2408051,15.486528,74.033889,53.9375,278.15749999999997,858.6875,98.03203749999997,22.669999999999998,5.1899999999999995,4.312500000000001,13.943749999999998,7.740625,4.39,24.626074375
2026-08-21T21:40:00.000Z,MCT2408051,15.486528,74.033889,53.9375,277.97312500000004,849.25,98.09975125000001,22.709999999999997,5.1899999999999995,3.846249999999999,12.9725,7.276249999999999,4.39,24.568428124999997
2026-08-21T21:50:00.000Z,MCT2408051,15.486528,74.033889,53.9375,280.06062499999996,849.9375,98.19130250000003,22.713124999999998,5.1899999999999995,4.3925,13.983125,7.740624999999999,4.39,24.596579999999996
2026-08-21T22:00:00.000Z,MCT2408051,15.486528,74.033889,53.875,279.835625,849,98.26616625000003,22.749999999999996,5.1899999999999995,4.586875,15.187499999999996,8.710625000000002,4.39,24.614678750000007
2026-08-21T22:09:39.836Z,MCT2408051,15.486528,74.033889,53.8,277.2786666666667,856.5333333333333,98.2795826666667,22.581999999999997,5.1899999999999995,5.765333333333333,18.397333333333332,10.247333333333335,4.39,24.649223333333328
2026-08-21T21:20:00.000Z,MCT2408050,15.553611,73.958333,28.125,86.02999999999999,576.8125,92.642349375,11.259375000000002,4.006875,8.693125,26.674999999999994,13.981875000000002,2.85,25.313819375
2026-08-21T21:30:00.000Z,MCT2408050,15.553611,73.958333,27.75,86.02999999999999,571.6875,92.52409374999999,11.520000000000001,4.0675,7.685625000000002,23.883125000000003,12.706875,2.84375,25.36141125
2026-08-21T21:40:00.000Z,MCT2408050,15.553611,73.958333,27.375,86.02999999999999,573.0625,92.43111125000001,11.194375,3.996875,6.999375000000001,21.9525,11.909999999999998,2.7249999999999996,25.442520000000005
2026-08-21T21:50:00.000Z,MCT2408050,15.553611,73.958333,27.5,86.02999999999999,568.75,92.51837125000002,11.283125000000002,4.074375,7.7906249999999995,23.9375,12.600625,2.87125,25.45994625
2026-08-21T22:00:00.000Z,MCT2408050,15.553611,73.958333,29.625,86.02999999999999,561.125,92.87027750000001,11.280625,4.25,9.489374999999999,29.464999999999996,15.522499999999999,2.6987499999999995,25.451233750000004
2026-08-21T22:09:39.969Z,MCT2408050,15.553611,73.958333,30.733333333333334,86.02999999999999,550.9333333333333,92.88763533333335,11.240000000000002,4.199333333333334,10.631999999999998,33.37733333333333,17.74666666666667,3.1713333333333336,25.50293733333333
2026-08-21T21:20:00.000Z,MCT2408034,15.356389,74.123611,21.88,180.506132,491.28,77.3248912,6.925999999999999,4.5472,6.379999999999998,18.869999999999994,9.489999999999998,1.2792000000000001,29.482238
2026-08-21T21:30:00.000Z,MCT2408034,15.356389,74.123611,22.08,180,480.52,77.14239639999997,7.4184,4.233199999999999,6.379999999999998,19.170399999999994,9.790399999999998,1.4092000000000002,29.5448732
2026-08-21T21:40:00.000Z,MCT2408034,15.356389,74.123611,21.6,183.72005599999997,480.36,77.16711359999998,6.9884,4.5276,6.379999999999998,18.607199999999995,9.2272,1.6431999999999995,29.562460800000007
2026-08-21T21:50:00.000Z,MCT2408034,15.356389,74.123611,22.208333333333332,183.38779583333334,486.625,77.18456041666666,6.985416666666667,4.004166666666667,6.379999999999998,19.45958333333333,10.079583333333334,1.497083333333333,29.56989791666668
2026-08-21T22:00:00.000Z,MCT2408034,15.356389,74.123611,21.52,180.440884,480.92,76.77892960000001,7.3624,5.053999999999999,6.379999999999998,18.494799999999994,9.114799999999999,1.4920000000000002,29.5667508
2026-08-21T22:09:39.969Z,MCT2408034,15.356389,74.123611,21.875,183.10625416666667,489.1666666666667,76.80054750000001,7.463333333333332,4.66375,6.379999999999998,18.757916666666663,9.377916666666666,1.71875,29.557832500000014
2026-08-21T21:20:00.000Z,MCT2408030,15.142519,74.075003,25,163,499.73333333333335,83.69472199999998,8.885333333333334,6.200000000000002,9.370000000000001,24.639999999999993,12.31,3.7713333333333328,26.079946000000003
2026-08-21T21:30:00.000Z,MCT2408030,15.142519,74.075003,25,163,508.3333333333333,83.65962666666668,8.905333333333335,6.200000000000002,9.370000000000001,24.639999999999993,12.31,4.023333333333333,26.080662
2026-08-21T21:40:00.000Z,MCT2408030,15.142519,74.075003,25,163,511.8666666666667,83.47753933333333,8.886666666666667,6.200000000000002,9.370000000000001,24.639999999999993,12.31,3.711333333333333,26.144300000000005
2026-08-21T21:50:00.000Z,MCT2408030,15.142519,74.075003,25,163,519.4666666666667,83.51975466666664,8.720666666666666,6.200000000000002,9.370000000000001,24.639999999999993,12.31,3.9853333333333336,26.046341999999996
2026-08-21T22:00:00.000Z,MCT2408030,15.142519,74.075003,25,163.25726874999998,515.9375,83.61153187499997,8.663124999999999,6.200000000000002,9.370000000000001,24.639999999999993,12.31,3.9181250000000007,25.955313750000002
2026-08-21T22:09:40.034Z,MCT2408030,15.142519,74.075003,25,163.75268000000003,523.3333333333334,83.61944799999999,8.904,6.200000000000002,9.370000000000001,24.639999999999993,12.31,4.1033333333333335,25.89547666666667
2026-08-21T21:20:00.000Z,MCT2408029,15.333611,74.206944,12.5,121.2310125,503.125,91.96047499999999,3.817499999999999,8.0675,2.9399999999999995,8.67,4.709999999999999,3.5,25.984808125000004
2026-08-21T21:30:00.000Z,MCT2408029,15.333611,74.206944,13.533333333333333,120.46718000000001,499.06666666666666,92.09570133333332,4.349333333333334,7.964666666666667,2.9399999999999995,8.708666666666666,4.748666666666666,3.5300000000000002,25.946242666666663
2026-08-21T21:40:00.000Z,MCT2408029,15.333611,74.206944,18,121.18538125,497.8125,91.94282999999997,7.99625,7.618750000000001,2.9399999999999995,8.67,4.709999999999999,4.108125,25.996873750000006
2026-08-21T21:50:00.000Z,MCT2408029,15.333611,74.206944,13.066666666666666,123.48557333333333,497.3333333333333,92.16487666666667,4.671333333333333,7.664,2.9399999999999995,8.708666666666666,4.748666666666666,3.5,25.931942
2026-08-21T22:00:00.000Z,MCT2408029,15.333611,74.206944,13.6875,122.58859375,498.1875,92.18887562500001,4.8931249999999995,7.924375,2.9399999999999995,8.706249999999999,4.74625,3.64,25.913085
2026-08-21T22:09:40.034Z,MCT2408029,15.333611,74.206944,13.066666666666666,120.87032,498.93333333333334,92.10129666666666,3.6873333333333336,7.716666666666668,2.9399999999999995,8.708666666666666,4.748666666666667,3.6173333333333337,25.90477333333333
2026-08-21T21:20:00.000Z,MCT2408023,15.499722,74.020833,34.5,208.70437499999997,460.8125,91.830771875,6.8237499999999995,18.35875,8.314999999999998,29.050624999999997,19.484375,4.808125,24.593899999999998
2026-08-21T21:30:00.000Z,MCT2408023,15.499722,74.020833,35.8125,198.505625,462.625,91.85032312499999,6.739374999999999,18.48125,9.188125,31.345625000000002,20.934375000000003,4.7543750000000005,24.555688124999996
2026-08-21T21:40:00.000Z,MCT2408023,15.499722,74.020833,31.5625,220.03375,461.8125,91.79644124999997,7.35125,18.511874999999996,6.891875,23.7475,15.859374999999998,4.689375,24.579153124999994
2026-08-21T21:50:00.000Z,MCT2408023,15.499722,74.020833,31.75,222.5325,459.125,91.83363687499997,7.22625,18.343125000000004,7.128124999999998,24.38,16.040625,4.636249999999999,24.540939374999997
2026-08-21T22:00:00.000Z,MCT2408023,15.499722,74.020833,32.93333333333333,217.52733333333333,460.53333333333336,91.87190466666667,6.561999999999999,18.820666666666668,7.349333333333333,25.922666666666668,17.4,4.426666666666666,24.545543999999996
2026-08-21T22:09:40.083Z,MCT2408023,15.499722,74.020833,33.0625,219.32375000000002,462.875,91.869395,7.2250000000000005,18.373124999999998,7.52375,26.4375,17.762500000000003,4.702500000000001,24.631436875
2026-08-21T21:20:00.000Z,MCT2408027,15.275556,74.1075,23.375,1169.1674999999998,680.1875,91.35346000000001,6.579999999999999,12.831875000000005,6.2250000000000005,19.899375000000003,10.931874999999998,2.9500000000000006,26.11082625
2026-08-21T21:30:00.000Z,MCT2408027,15.275556,74.1075,23.3125,1166.366875,673.375,91.34296937500002,6.579999999999999,12.922500000000005,6.225625000000002,19.590625,10.560625000000002,2.9500000000000006,26.128254375000004
2026-08-21T21:40:00.000Z,MCT2408027,15.275556,74.1075,22.125,1167.755,655.75,91.33867625000002,6.579999999999999,12.830000000000005,5.548125000000002,17.49625,9.44875,2.9500000000000006,26.151716875
2026-08-21T21:50:00.000Z,MCT2408027,15.275556,74.1075,21.9375,1167.76125,649.5,91.23186500000003,6.579999999999999,12.710000000000004,5.115625000000001,16.08,8.830624999999998,2.9500000000000006,26.14501375000001
2026-08-21T22:00:00.000Z,MCT2408027,15.275556,74.1075,22,1166.73875,659.25,91.19276500000002,6.579999999999999,12.830000000000005,5.176875000000001,16.574375,9.264375,2.9500000000000006,26.109484999999996
2026-08-21T22:09:40.216Z,MCT2408027,15.275556,74.1075,21.466666666666665,1169.0980000000002,675.5333333333333,91.16135733333334,6.579999999999999,12.804000000000004,4.9300000000000015,15.312666666666663,8.432666666666666,2.9500000000000006,26.084237333333338
2026-08-21T21:20:00.000Z,MCT2408049,15.475278,74.055833,56.875,150.9946375,539.375,87.29843625000001,24.325625000000002,12.129375,4.840625,14.553125,7.4331249999999995,2.61,26.267685000000004
2026-08-21T21:30:00.000Z,MCT2408049,15.475278,74.055833,56.6875,151.06759375000001,537.375,87.18065687500003,24.174374999999998,11.919375000000002,4.7924999999999995,14.410624999999998,7.338124999999999,2.61,26.162444375
2026-08-21T21:40:00.000Z,MCT2408049,15.475278,74.055833,56.8125,150.2092125,534.875,87.31321875000002,24.274999999999995,12.46125,4.69625,14.218749999999998,7.2425,2.61,26.070608750000005
2026-08-21T21:50:00.000Z,MCT2408049,15.475278,74.055833,56.8125,150,534.5625,87.64604874999998,24.241874999999997,11.696249999999996,4.455625,13.548749999999998,6.955624999999999,2.61,26.047147500000005
2026-08-21T22:00:00.000Z,MCT2408049,15.475278,74.055833,56.5,151.0702375,534.8125,87.7709825,24.030624999999997,12.0825,4.648124999999999,14.075624999999999,7.147499999999999,2.61,26.098090625
2026-08-21T22:09:40.285Z,MCT2408049,15.475278,74.055833,56.625,150.83860625,536.9375,88.03133562500001,24.15875,12.63375,4.648124999999999,14.362499999999999,7.481875,2.61,26.059883125000002
2026-08-21T21:20:00.000Z,MCT2408044,15.313669,74.140042,25.875,214.29,490,94.80099187500001,10.885,3.32,2.8699999999999997,7.75,4.591875,3.647275625,25.034295625
2026-08-21T21:30:00.000Z,MCT2408044,15.313669,74.140042,25.75,214.29,498.8125,94.51632000000002,10.821875,3.48125,2.8699999999999997,7.5,4.32,3.4832531875,25.164341874999998
2026-08-21T21:40:00.000Z,MCT2408044,15.313669,74.140042,25.866666666666667,214.29,508.73333333333335,94.28483000000003,10.804666666666664,3.5413333333333337,2.8699999999999997,7.5,4.320000000000001,3.4811966,25.152588666666663
2026-08-21T21:50:00.000Z,MCT2408044,15.313669,74.140042,26,214.29,509.2,94.23549466666667,10.986666666666668,3.4886666666666666,2.8699999999999997,7.5,4.320000000000001,3.4205126666666668,25.194773333333334
2026-08-21T22:00:00.000Z,MCT2408044,15.313669,74.140042,26,214.29,504.6875,94.316046875,10.961250000000001,3.455,2.8699999999999997,7.5,4.32,3.600561,25.174395625000002
2026-08-21T22:09:40.285Z,MCT2408044,15.313669,74.140042,25.933333333333334,214.29,507.53333333333336,94.17344066666666,10.867333333333331,3.3826666666666667,2.8699999999999997,7.5,4.320000000000001,3.678376066666667,25.181902666666662
2026-08-21T21:20:00.000Z,MCT2408046,15.529167,74.07,30.96,95.52,819.04,91.5625604,13.271600000000003,0.7267999999999998,5.060000000000001,14.617600000000003,7.038800000000002,3.438799999999999,25.3946864
2026-08-21T21:30:00.000Z,MCT2408046,15.529167,74.07,30.96,95.52,816.32,91.4526976,13.3272,0.7936,5.085200000000001,14.8396,7.184800000000003,3.5476,25.425574
2026-08-21T21:40:00.000Z,MCT2408046,15.529167,74.07,31,95.52,824.48,91.85186759999996,13.3452,0.7236,5.060000000000001,14.5732,7.0772,3.539600000000001,25.330765200000005
2026-08-21T21:50:00.000Z,MCT2408046,15.529167,74.07,31,95.52,822.36,91.62329119999998,13.379599999999998,0.8059999999999996,5.060000000000001,13.996000000000002,6.471200000000001,3.5164000000000004,25.400692400000004
2026-08-21T22:00:00.000Z,MCT2408046,15.529167,74.07,31.08,95.52,815.28,90.95220920000001,13.5128,0.7135999999999999,5.060000000000001,13.8628,6.290000000000001,3.4872,25.6477988
2026-08-21T22:09:40.331Z,MCT2408046,15.529167,74.07,31,95.52,817.1666666666666,91.59902875,13.294166666666664,0.80875,5.060000000000001,14.070000000000002,6.540416666666668,3.5691666666666673,25.470673333333327
2026-08-21T21:20:00.000Z,MCT2408037,15.394444,74.118333,25.5,160,465.6875,85.72534749999997,10.777500000000003,14.3475,3.95125,14.972500000000004,8.010625,3.746875,25.929171875000005
2026-08-21T21:30:00.000Z,MCT2408037,15.394444,74.118333,25.375,160,467.25,85.7859075,10.71,14.366875,4.3675,16.35375,8.6175,3.8431249999999992,25.915096249999994
2026-08-21T21:40:00.000Z,MCT2408037,15.394444,74.118333,25.4375,160,465.5625,85.78876812499999,10.750000000000002,14.479999999999997,5.25125,19.471249999999998,10.304375000000002,3.69125,25.977433749999996
2026-08-21T21:50:00.000Z,MCT2408037,15.394444,74.118333,25.5,160,471.8125,85.796875625,10.728125000000002,14.061875,4.1825,15.637500000000001,8.243125,3.695,26.063235000000002
2026-08-21T22:00:00.000Z,MCT2408037,15.394444,74.118333,25.1875,160,480.0625,85.71152124999998,10.476875,14.261249999999999,4.460625,16.558125,8.664374999999998,3.70625,26.106804999999998
2026-08-21T22:09:40.462Z,MCT2408037,15.394444,74.118333,25.533333333333335,160,475.6,85.79534933333333,10.779333333333335,13.782,4.905333333333333,18.372,9.74,3.511333333333334,26.094961333333334
2026-08-21T21:20:00.000Z,MCT2408042,15.213889,74.071667,61.6875,262.88562500000006,489.5,89.997809375,26.463125000000005,13.136875,7.166250000000001,21.376250000000002,11.329375,3.7937499999999997,26.359517500000003
2026-08-21T21:30:00.000Z,MCT2408042,15.213889,74.071667,61.8125,259.85375,496.375,90.08650312500001,26.540000000000003,13.18875,6.426875000000001,19.777500000000003,10.588750000000003,3.6425,26.299860000000006
2026-08-21T21:40:00.000Z,MCT2408042,15.213889,74.071667,61.6875,263.680625,494.875,89.99351812500001,26.469375000000007,12.760000000000002,5.8581249999999985,17.897499999999997,9.451250000000002,3.743749999999999,26.303880624999998
2026-08-21T21:50:00.000Z,MCT2408042,15.213889,74.071667,61.625,269.57875,483.5625,89.92533187500003,26.454374999999995,12.386875000000002,5.403124999999999,16.985625000000002,9.11,3.7862499999999994,26.234169375
2026-08-21T22:00:00.000Z,MCT2408042,15.213889,74.071667,61.06666666666667,268.97600000000006,491.2,89.94167400000002,26.112666666666662,13.040666666666668,5.399333333333333,17.084666666666667,9.170666666666667,3.952,26.186486666666664
2026-08-21T22:09:40.533Z,MCT2408042,15.213889,74.071667,61.5,269.21125,492.25,89.97683125,26.383749999999996,13.096875000000002,5.232499999999999,16.5875,8.8825,3.7893749999999997,26.161771875000003
2026-08-21T21:20:00.000Z,MCT2408041,15.224628,74.171389,32.75,431.00056250000006,472.0625,90.6525075,13.759374999999997,9.7,8.090000000000002,20.25,8.900000000000002,8.028125000000001,26.029719999999998
2026-08-21T21:30:00.000Z,MCT2408041,15.224628,74.171389,32.6875,436.8140375,467,90.56953812499998,13.679374999999999,9.7,8.090000000000002,20.25,8.900000000000002,8.040625,26.040443124999996
2026-08-21T21:40:00.000Z,MCT2408041,15.224628,74.171389,32.6875,434.89981875,464.9375,90.60339249999998,13.709374999999998,9.7,8.090000000000002,20.25,8.900000000000002,8.036249999999999,26.01296125
2026-08-21T21:50:00.000Z,MCT2408041,15.224628,74.171389,32.6875,440.07085000000006,468.6875,90.65536812499997,13.693749999999998,9.7,8.090000000000002,20.25,8.900000000000002,8.114999999999998,25.9626875
2026-08-21T22:00:00.000Z,MCT2408041,15.224628,74.171389,32.8125,433.6498250000001,487.1875,90.54331187500003,13.761249999999999,9.7,8.090000000000002,20.25,8.900000000000002,7.943125,25.95263062499999
2026-08-21T22:09:40.533Z,MCT2408041,15.224628,74.171389,32.6,429.4996133333333,498.73333333333335,90.45284200000005,13.653333333333332,9.7,8.090000000000002,20.25,8.900000000000002,7.955333333333333,25.941237333333333
2026-08-21T21:20:00.000Z,MCT2408033,15.346944,74.007778,19.5625,110,503.0625,90.73309250000001,7.834375000000001,4.5625,4.658125,12.211874999999997,7.65,4.39,25.927831874999995
2026-08-21T21:30:00.000Z,MCT2408033,15.346944,74.007778,20.0625,110.0614125,531.75,90.72355687500001,8.185,4.8218749999999995,4.848125,12.34,7.575625000000001,4.39,25.962019375000004
2026-08-21T21:40:00.000Z,MCT2408033,15.346944,74.007778,19.875,110.15102499999999,524.9375,90.71640312500001,8.085,4.767499999999999,4.545625,11.795625000000001,7.355000000000001,4.39,25.903029374999996
2026-08-21T21:50:00.000Z,MCT2408033,15.346944,74.007778,20.3125,110.001825,514.8125,90.696854375,8.319375,4.893749999999999,4.9993750000000015,13.141249999999996,8.275624999999998,4.39,25.871524375
2026-08-21T22:00:00.000Z,MCT2408033,15.346944,74.007778,20.0625,110,505.8125,90.70400562500001,8.228750000000002,4.844374999999999,5.07375,12.981250000000001,7.906250000000002,4.39,25.884931249999998
2026-08-21T22:09:40.575Z,MCT2408033,15.346944,74.007778,19.9375,110.04480625,522.0625,90.64153875000001,8.061875,4.733124999999999,5.451875000000001,13.974375000000002,8.492499999999998,4.39,25.946600625
2026-08-21T21:20:00.000Z,MCT2408040,15.528056,74.020833,19.125,100,469.1875,88.92874437499998,8.156875000000001,4.863125000000001,3.07,8.42,3.7299999999999986,3.5,25.896996249999997
2026-08-21T21:30:00.000Z,MCT2408040,15.528056,74.020833,19.125,100,473.25,88.99120562499999,8.100625,4.84375,3.07,8.42,3.7299999999999986,3.5,25.85476874999999
2026-08-21T21:40:00.000Z,MCT2408040,15.528056,74.020833,19.0625,100,476.75,89.012665,8.12875,4.873125000000001,3.07,8.42,3.7299999999999986,3.5,25.90571
2026-08-21T21:50:00.000Z,MCT2408040,15.528056,74.020833,18.8125,100,478.6875,88.93684999999999,7.930625000000001,4.836875000000001,3.07,8.42,3.7299999999999986,3.5,25.988829374999998
2026-08-21T22:00:00.000Z,MCT2408040,15.528056,74.020833,18.75,100,475.9375,88.91396124999999,7.968125000000001,4.7837499999999995,3.07,8.42,3.7299999999999986,3.5,26.029718749999997
2026-08-21T22:09:40.672Z,MCT2408040,15.528056,74.020833,18.9375,100,472.8125,88.86818437499998,8.01125,4.78375,3.07,8.42,3.7299999999999986,3.5,26.072618749999997
2026-08-21T21:20:00.000Z,MCT2408024,15.148056,74.131667,40.88,216.50638800000007,624,81.12676720000005,17.8437688,5.453391200000001,5,14.990000000000004,7.990000000000002,2.5080000000000005,27.05664600000001
2026-08-21T21:30:00.000Z,MCT2408024,15.148056,74.131667,40.88,216.00212400000004,566.16,81.14965640000001,17.797871599999997,5.9948054000000015,5.12,16.310000000000006,9.070000000000004,2.5252,26.99916159999999
2026-08-21T21:40:00.000Z,MCT2408024,15.148056,74.131667,40.8,215.305788,561.64,81.03796479999998,17.787842,5.710245520000002,5,15.270000000000005,8.270000000000003,2.5272,26.943390800000003
2026-08-21T21:50:00.000Z,MCT2408024,15.148056,74.131667,40.916666666666664,217.772925,531.6666666666666,81.18140833333331,17.87083666666667,5.611171416666668,5,15.073333333333338,8.073333333333336,2.533749999999999,26.847955833333334
2026-08-21T22:00:00.000Z,MCT2408024,15.148056,74.131667,41.32,217.80242,557.48,81.01660279999999,18.120212,5.710245520000002,5,15.110000000000005,8.110000000000003,2.5468,26.864454000000006
2026-08-21T22:09:40.706Z,MCT2408024,15.148056,74.131667,41.166666666666664,219.0935125,616,81.10161708333332,17.967166666666667,5.772006000000001,5,14.990000000000004,7.990000000000002,2.530416666666667,26.816675
2026-08-21T21:20:00.000Z,MCT2408022,15.475833,74.038889,29.6875,150,453.8125,90.46034124999998,3.9274999999999993,11.308358125,7.875,23.625,12.6875,4.260656375,25.429115
2026-08-21T21:30:00.000Z,MCT2408022,15.475833,74.038889,29.5,150,448.375,90.59385687500001,4.101875,11.201807500000001,7.5,23.75,13.25,4.2625370625,25.320523125
2026-08-21T21:40:00.000Z,MCT2408022,15.475833,74.038889,29.125,150,447.9375,90.61149875000002,4.113124999999999,11.222388749999999,7.4375,22.75,12.25,4.2496314375,25.265558124999995
2026-08-21T21:50:00.000Z,MCT2408022,15.475833,74.038889,29.6875,150,450.25,90.61817375000001,4.256875,11.178590624999998,7.75,23.9375,12.9375,4.2648509375,25.300414999999997
2026-08-21T22:00:00.000Z,MCT2408022,15.475833,74.038889,33.4375,150,455.625,90.65060062500001,3.945624999999999,11.264307499999997,10.125,31.5,17.0625,4.252691875,25.352028125
2026-08-21T22:09:40.783Z,MCT2408022,15.475833,74.038889,35.333333333333336,150,459.53333333333336,90.98486266666669,3.9079999999999995,11.223426666666665,11.4,35.46666666666667,19.066666666666666,4.238830066666666,25.31346266666667
2026-08-21T21:20:00.000Z,MCT2408045,15.619444,73.878889,27.0625,178.11999999999995,560.375,86.68569874999999,10.905625,16.701875000000005,6.953124999999999,22.988125,11.518750000000002,2.5300000000000002,25.621496250000003
2026-08-21T21:30:00.000Z,MCT2408045,15.619444,73.878889,27.1875,178.11999999999995,565.3125,86.81349374999996,11.063749999999999,16.420625,6.731875,23.059375,11.944375,2.5300000000000002,25.608760000000004
2026-08-21T21:40:00.000Z,MCT2408045,15.619444,73.878889,27.3125,178.11999999999995,563.6875,87.0156725,11.055,16.5,6.826874999999999,23.059375,11.801875,2.5300000000000002,25.588650625
2026-08-21T21:50:00.000Z,MCT2408045,15.619444,73.878889,27.0625,178.11999999999995,559.0625,87.11723687499999,10.953125,16.65,6.573125000000002,22.3825,11.485000000000001,2.5300000000000002,25.595353750000005
2026-08-21T22:00:00.000Z,MCT2408045,15.619444,73.878889,27.3125,178.11999999999995,564.375,87.03665249999999,11.202499999999999,16.544375,5.977500000000002,20.102500000000003,10.248750000000001,2.5300000000000002,25.667749375
2026-08-21T22:09:40.781Z,MCT2408045,15.619444,73.878889,27.375,178.11999999999995,563.8125,87.00756562500001,11.096875,16.733125,5.790000000000002,19.318749999999998,9.823125000000001,2.5300000000000002,25.764274999999998
2026-08-21T21:20:00.000Z,MCT2408032,15.525556,73.828611,34.8,178.92999999999995,699.16,89.051268,14.552400000000004,19.0176,9.169199999999998,32.7112,19.308799999999994,2.7000000000000006,26.287875599999992
2026-08-21T21:30:00.000Z,MCT2408032,15.525556,73.828611,34.68,178.92999999999995,698.96,89.34545840000001,14.508800000000003,19.009199999999996,8.998799999999997,30.891199999999994,17.836400000000005,2.6504000000000003,26.26685440000001
2026-08-21T21:40:00.000Z,MCT2408032,15.525556,73.828611,34.2,178.92999999999995,690.72,88.97131320000003,14.028000000000002,17.890400000000003,7.120000000000002,18.718799999999998,8.720400000000005,2.944000000000001,26.2844416
2026-08-21T21:50:00.000Z,MCT2408032,15.525556,73.828611,35.12,178.92999999999995,678.08,89.01251480000005,14.880800000000006,17.625200000000007,7.120000000000002,17.069999999999997,7.080000000000002,2.9152,26.1360044
2026-08-21T22:00:00.000Z,MCT2408032,15.525556,73.828611,34.96,178.92999999999995,683,89.29083400000003,14.683200000000005,17.618400000000005,7.120000000000002,17.069999999999997,7.080000000000002,2.9019999999999997,26.0682204
2026-08-21T22:09:40.823Z,MCT2408032,15.525556,73.828611,34.75,178.92999999999995,685.3333333333334,89.32165625,14.47583333333334,18.249583333333337,7.120000000000002,17.36583333333333,7.373750000000002,2.767083333333334,26.097643333333334
2026-08-21T21:20:00.000Z,MCT2408036,15.171567,74.067106,34.06666666666667,120,503.53333333333336,90.90297533333334,10.313333333333336,8.086,5.227999999999999,14.961999999999998,7.700000000000001,10.822000000000001,25.665960666666667
2026-08-21T21:30:00.000Z,MCT2408036,15.171567,74.067106,35.2,120,475,92.09468533333335,10.109333333333334,7.660666666666667,5.0873333333333335,14.657333333333334,7.701333333333334,11.432666666666666,25.367803333333335
2026-08-21T21:40:00.000Z,MCT2408036,15.171567,74.067106,34.13333333333333,120,467.2,92.220316,10.043333333333331,7.812000000000001,5.368666666666667,15.67133333333333,8.206666666666667,10.780666666666665,25.345638000000005
2026-08-21T21:50:00.000Z,MCT2408036,15.171567,74.067106,34.666666666666664,120,469.46666666666664,91.63438066666667,10.297333333333333,8.004666666666667,3.823333333333335,11.011999999999997,5.774666666666666,11.154666666666666,25.531538666666666
2026-08-21T22:00:00.000Z,MCT2408036,15.171567,74.067106,35.53846153846154,120,463.7692307692308,91.3927430769231,10.133846153846154,7.650769230769229,2.6299999999999994,7.873846153846154,4.3246153846153845,11.690000000000001,25.634333846153844
2026-08-21T22:09:40.916Z,MCT2408036,15.171567,74.067106,35.06666666666667,120,467,91.56418866666668,10.04,7.733333333333333,3.6133333333333337,10.471333333333332,5.572666666666666,11.37,25.6202
2026-08-21T21:20:00.000Z,MCT2408031,15.290833,74.149167,17.6875,160.72675,484.375,87.93596687500003,7.219568125,6.385404625,5.060000000000001,13.233124999999998,7.232499999999999,4.909374999999999,25.659707500000003
2026-08-21T21:30:00.000Z,MCT2408031,15.290833,74.149167,17.125,168.0203125,484.0625,87.86253500000001,7.2504486250000015,6.936890125,4.940625000000001,12.797499999999998,6.965000000000001,4.858125,25.670431874999995
2026-08-21T21:40:00.000Z,MCT2408031,15.290833,74.149167,17,166.0611875,493.625,87.85967125,7.250448687500001,6.698442812500001,4.791875,12.445,6.8149999999999995,4.834375,25.639596874999995
2026-08-21T21:50:00.000Z,MCT2408031,15.290833,74.149167,17,165.08069375,492.25,87.88542249999999,7.33411625,6,4.555000000000001,11.845,6.48875,4.735,25.628198125000004
2026-08-21T22:00:00.000Z,MCT2408031,15.290833,74.149167,17.125,171.36338750000002,482.3125,87.83678375000002,7.413296937500001,6.3730625,4.404999999999999,11.249374999999999,6.131875,4.7281249999999995,25.618814375
2026-08-21T22:09:40.950Z,MCT2408031,15.290833,74.149167,17.6875,172.46291250000002,476.4375,87.73474000000002,7.2549354374999995,7.2794560625,4.079375,10.624374999999999,5.8618749999999995,4.858124999999999,25.6322225
2026-08-21T21:20:00.000Z,MCT2408039,15.163611,74.110833,29,333.55812499999996,518.8125,86.40531999999999,10.979999999999997,10.3,9.019999999999998,28.94,11.759999999999998,2.3,26.050498124999997
2026-08-21T21:30:00.000Z,MCT2408039,15.163611,74.110833,29,333.46000000000004,500.25,86.48828874999998,10.493125,10.3,9.019999999999998,28.94,11.759999999999998,2.3,25.96872
2026-08-21T21:40:00.000Z,MCT2408039,15.163611,74.110833,29,337.4175,500.9375,86.46301500000001,10.723749999999997,10.3,9.019999999999998,28.94,11.759999999999998,2.3,25.889623125
2026-08-21T21:50:00.000Z,MCT2408039,15.163611,74.110833,29,342.85875,505.0625,86.56076812499998,9.58,10.3,9.019999999999998,28.94,11.759999999999998,2.3,25.799801249999994
2026-08-21T22:00:00.000Z,MCT2408039,15.163611,74.110833,29,345.78499999999997,504.5625,86.572210625,9.268124999999998,10.3,9.019999999999998,28.94,11.759999999999998,2.3,25.74081375
2026-08-21T22:09:41.030Z,MCT2408039,15.163611,74.110833,29,345.251875,489.375,86.57507437500001,11.023749999999996,10.3,9.019999999999998,28.94,11.759999999999998,2.3,25.6737825
2026-08-21T21:20:00.000Z,MCT2408035,15.236111,74.125,48.1875,190,570.3125,90.40884437499999,19.065056249999998,9.598125000000001,3.799999999999999,10.19,4.909999999999998,3.8299999999999987,26.240200625
2026-08-21T21:30:00.000Z,MCT2408035,15.236111,74.125,48.625,190,567.0625,90.49133812499998,19.433592499999996,9.586875000000001,3.799999999999999,10.19,4.909999999999998,3.8299999999999987,26.17719
2026-08-21T21:40:00.000Z,MCT2408035,15.236111,74.125,49.125,190,568.25,90.34018124999997,19.802128749999998,9.9825,3.799999999999999,10.19,4.909999999999998,3.8299999999999987,26.190596250000006
2026-08-21T21:50:00.000Z,MCT2408035,15.236111,74.125,49.25,190,567.625,90.44985312499998,19.967795625,9.82375,3.799999999999999,10.19,4.909999999999998,3.8299999999999987,26.138979375
2026-08-21T22:00:00.000Z,MCT2408035,15.236111,74.125,49.1875,190,578.875,90.47560250000001,19.957913749999996,9.860625,3.799999999999999,10.19,4.909999999999998,3.8299999999999987,26.05720125
2026-08-21T22:09:41.030Z,MCT2408035,15.236111,74.125,48.93333333333333,190,574.0666666666667,90.56880799999999,19.69493933333333,9.823333333333334,3.799999999999999,10.19,4.909999999999998,3.8299999999999987,26.01845866666667
2026-08-21T21:20:00.000Z,MCT2408038,15.188889,74.055556,23.125,378.061875,606.5,89.54386124999999,9.782499999999999,13.330000000000005,5.950000000000002,16.900000000000002,7.939999999999999,4.758125,26.328683750000003
2026-08-21T21:30:00.000Z,MCT2408038,15.188889,74.055556,23.125,353.51187500000003,628.3125,89.53909312500001,9.804375000000002,13.330000000000005,5.950000000000002,16.900000000000002,7.939999999999999,4.7475,26.195960625000005
2026-08-21T21:40:00.000Z,MCT2408038,15.188889,74.055556,23.375,345.90812500000004,638.25,89.61347750000002,9.946875000000002,13.330000000000005,5.950000000000002,16.900000000000002,7.939999999999999,4.7768749999999995,26.090045625000005
2026-08-21T21:50:00.000Z,MCT2408038,15.188889,74.055556,23.375,347.22375,652.375,89.74270249999998,9.929375000000002,13.330000000000005,5.950000000000002,16.900000000000002,7.939999999999999,4.772499999999999,25.982126249999997
2026-08-21T22:00:00.000Z,MCT2408038,15.188889,74.055556,23.125,343.289375,651.375,89.90959562500002,9.78875,13.330000000000005,5.950000000000002,16.900000000000002,7.939999999999999,4.751875,25.931851875000007
2026-08-21T22:09:41.067Z,MCT2408038,15.188889,74.055556,23.266666666666666,359.22400000000005,630.8666666666667,89.93200733333333,9.843333333333334,13.330000000000005,5.950000000000002,16.900000000000002,7.939999999999999,4.739999999999999,25.954107333333337
2026-08-21T21:20:00.000Z,MCT2408026,15.2467,74.198281,30.958333333333332,125,495.7083333333333,85.06922125,13.150907083333335,12.5,4.730000000000003,14.549999999999995,7.750416666666667,1.9766666666666666,27.63401499999999
2026-08-21T21:30:00.000Z,MCT2408026,15.2467,74.198281,31,125,487.32,85.28478959999998,13.350257599999997,12.5,4.730000000000003,14.509999999999996,7.710000000000001,2.0755999999999997,27.545712
2026-08-21T21:40:00.000Z,MCT2408026,15.2467,74.198281,31,125,492.5416666666667,85.18270666666665,13.268867916666665,12.5,4.730000000000003,14.509999999999996,7.710000000000001,2.175833333333333,27.547767916666675
2026-08-21T21:50:00.000Z,MCT2408026,15.2467,74.198281,31,125,498.875,85.24978125,13.324113333333337,12.5,4.730000000000003,14.509999999999996,7.710000000000001,2.164583333333334,27.484758333333343
2026-08-21T22:00:00.000Z,MCT2408026,15.2467,74.198281,30.875,125,500.0833333333333,85.29905583333333,13.217322500000003,12.5,4.730000000000003,14.509999999999996,7.710000000000001,2.16375,27.437389999999997
2026-08-21T22:09:41.164Z,MCT2408026,15.2467,74.198281,31.083333333333332,129.18642916666667,501.7916666666667,85.36136375000002,13.357625416666666,12.5,4.730000000000003,14.509999999999996,7.710000000000001,2.03875,27.384658749999996
2026-08-21T22:20:00.000Z,MCT2408028,15.186944,74.096667,42.04347826086956,540.0034782608694,514,92.0642552173913,18.476956521739126,12.164782608695647,4.989999999999998,11.930000000000005,4.97,1.7195652173913043,25.25250086956521
2026-08-21T22:30:00.000Z,MCT2408028,15.186944,74.096667,41.84,539.4132,504.56,91.8286744,18.2744,12.256399999999996,4.989999999999998,11.930000000000005,4.97,1.6932000000000003,25.33291
2026-08-21T22:40:00.000Z,MCT2408028,15.186944,74.096667,41.96,536.0220000000002,504.48,91.78778039999999,18.4032,12.223199999999995,4.989999999999998,11.930000000000005,4.97,1.7168,25.340632799999995
2026-08-21T22:50:00.000Z,MCT2408028,15.186944,74.096667,42.12,535.9860000000001,516.32,91.99621559999997,18.557599999999994,11.990799999999997,4.989999999999998,11.930000000000005,4.97,1.7047999999999999,25.362511599999998
2026-08-21T23:00:00.000Z,MCT2408028,15.186944,74.096667,42.08,530.4368,514.04,92.13934360000002,18.515599999999996,11.963999999999997,4.989999999999998,11.930000000000005,4.97,1.7763999999999998,25.3547888
2026-08-21T23:10:00.000Z,MCT2408028,15.186944,74.096667,41.8,532.9024000000002,509.52,92.13110319999998,18.245600000000003,11.895199999999997,4.989999999999998,11.930000000000005,4.97,1.7439999999999998,25.4543168
2026-08-21T23:10:53.548Z,MCT2408028,15.186944,74.096667,42,532.46,503.5,92.323825,18.435,11.63,4.99,11.93,4.97,1.89,25.426434999999998
2026-08-21T22:20:00.000Z,MCT2408020,15.543475,74.039433,24.285714285714285,180,473.7857142857143,88.68569,9.238600785714285,19.376697857142855,5.635714285714286,16.977857142857143,8.492857142857142,3.659999999999999,26.364880000000003
2026-08-21T22:30:00.000Z,MCT2408020,15.543475,74.039433,24.0625,180,473.875,89.08418999999998,9.127393187500001,19.585610624999997,5.5699999999999985,16.661875000000002,8.243749999999999,3.6599999999999984,26.224114374999996
2026-08-21T22:40:00.000Z,MCT2408020,15.543475,74.039433,26.625,180,479.5,89.41273125,9.311668,19.315143125,6.726249999999999,20.911875000000006,11.091875,3.6599999999999984,26.202664375000005
2026-08-21T22:50:00.000Z,MCT2408020,15.543475,74.039433,29.5,180,469.75,89.42369812499999,8.951441312500002,19.52115,8.175624999999998,25.456875000000007,13.59125,3.6599999999999984,26.211378749999994
2026-08-21T23:00:00.000Z,MCT2408020,15.543475,74.039433,30.3125,180,472.75,89.47805687500001,9.031679625,19.290487499999994,8.98875,27.900000000000002,15.044375000000002,3.6599999999999984,26.237519999999993
2026-08-21T23:10:00.000Z,MCT2408020,15.543475,74.039433,29.5625,180,477.4375,89.51429750000001,9.235851437500001,19.580559375,8.465624999999998,26.03625000000001,13.765624999999998,3.6599999999999984,26.242213124999992
2026-08-21T23:10:53.549Z,MCT2408020,15.543475,74.039433,27,180,476,89.54672500000001,9.322722,19.52115,7.42,21.44,11.15,3.66,26.24154
2026-08-21T22:20:00.000Z,MCT2408057,15.272222,74.104722,29.956521739130434,341.6404347826086,479.82608695652175,82.97963695652176,12.43608695652174,8.823913043478262,2.979999999999999,8.678695652173914,4.620434782608697,2.4517391304347824,27.939836956521745
2026-08-21T22:30:00.000Z,MCT2408057,15.272222,74.104722,29.96,343.47079999999994,466.72,83.1497796,12.4504,8.858400000000003,2.9799999999999995,8.844000000000001,4.781200000000001,2.4564000000000004,27.8627476
2026-08-21T22:40:00.000Z,MCT2408057,15.272222,74.104722,30,343.3495999999999,467.6,83.64294399999999,12.446,8.880000000000003,2.9799999999999995,8.617999999999999,4.559200000000001,2.424,27.775660000000002
2026-08-21T22:50:00.000Z,MCT2408057,15.272222,74.104722,30,342.17959999999994,466.56,83.9954228,12.475199999999997,8.947600000000001,2.9799999999999995,8.686,4.626800000000002,2.3903999999999996,27.757211199999997
2026-08-21T23:00:00.000Z,MCT2408057,15.272222,74.104722,29.92,341.70839999999987,463.2,84.1208496,12.340399999999997,8.902800000000003,3.0751999999999993,9.318400000000004,5.112800000000001,2.3392,27.852022399999996
2026-08-21T23:10:00.000Z,MCT2408057,15.272222,74.104722,29.88,339.0447999999999,467.6,83.86602840000002,12.399199999999999,8.861200000000004,2.9799999999999995,9.0708,5.001200000000002,2.3744,27.9223776
2026-08-21T23:10:53.561Z,MCT2408057,15.272222,74.104722,30,341.82,476.5,84.47699,12.43,8.855,2.98,8.485,4.425000000000001,2.255,27.77523
2026-08-21T22:20:00.000Z,MCT2408056,15.579167,73.920833,27.642857142857142,180,490.35714285714283,89.76252571428573,6.893571428571429,9.056338,5.159999999999999,18.148571428571433,11.247142857142858,1.731428571428571,25.968817142857148
2026-08-21T22:30:00.000Z,MCT2408056,15.579167,73.920833,27.6875,180,493.75,89.85809499999996,6.641875,9.222124375,5.16,18.042499999999997,11.130000000000003,1.7687499999999996,25.978106250000003
2026-08-21T22:40:00.000Z,MCT2408056,15.579167,73.920833,28,180,498.9375,89.84474562499999,6.79125,9.381308562500001,5.68875,18.785,10.953750000000001,1.745625,26.027708124999997
2026-08-21T22:50:00.000Z,MCT2408056,15.579167,73.920833,26.4375,180,496.625,89.67260687500003,6.901249999999999,9.1852993125,4.748749999999999,15.82125,9.605,1.8149999999999997,26.028378124999996
2026-08-21T23:00:00.000Z,MCT2408056,15.579167,73.920833,26.1875,180,497.8125,89.83806937499999,6.976875000000001,9.738262749999999,4.6899999999999995,15.650624999999998,9.54625,1.758125,25.946600625
2026-08-21T23:10:00.000Z,MCT2408056,15.579167,73.920833,27.6875,180,504.375,90.122265,6.968750000000001,9.381308625,5.6875,18.042499999999997,10.543750000000001,1.8249999999999997,25.871523749999998
2026-08-21T23:10:53.563Z,MCT2408056,15.579167,73.920833,26.5,180,510,90.09985,7.1850000000000005,9,4.69,15.48,9.370000000000001,1.6600000000000001,25.876885
2026-08-21T22:20:00.000Z,MCT2408055,15.585833,73.885556,21.071428571428573,80.31357142857141,746.5714285714286,90.25898000000002,8.81857142857143,5.652857142857143,5.2942857142857145,15.365714285714285,8.714285714285714,1.6285714285714286,25.24793642857143
2026-08-21T22:30:00.000Z,MCT2408055,15.585833,73.885556,21.0625,80.9075,747.3125,90.24528750000002,8.816875000000001,6.085,5.200000000000001,15.091249999999995,8.519999999999998,1.526875,25.25013937499999
2026-08-21T22:40:00.000Z,MCT2408055,15.585833,73.885556,21,82.97124999999998,744.1875,90.27723687500001,8.6125,5.5600000000000005,4.984375000000001,14.595624999999998,8.265,1.7268750000000002,25.22869
2026-08-21T22:50:00.000Z,MCT2408055,15.585833,73.885556,21.0625,85.23125,743.75,90.28581999999999,8.833125,5.52,5.114375000000002,14.720624999999998,8.18,1.5612499999999998,25.305106875000007
2026-08-21T23:00:00.000Z,MCT2408055,15.585833,73.885556,21.0625,88.53625000000001,748.8125,90.4045525,8.83125,5.675000000000001,4.593125000000001,13.979999999999999,7.967500000000001,1.654375,25.280303749999995
2026-08-21T23:10:00.000Z,MCT2408055,15.585833,73.885556,20.9375,88.800625,751.8125,90.41122750000001,8.667499999999999,6.215000000000001,4.375,13.528749999999999,7.839375,1.4974999999999998,25.237405625
2026-08-21T23:10:53.562Z,MCT2408055,15.585833,73.885556,21,86.73,757.5,90.40121500000001,8.92,7.03,3.85,11.844999999999999,6.8149999999999995,1.46,25.260195
2026-08-21T22:20:00.000Z,MCT2408053,15.263333,74.110833,46.4,230.72295333333338,884.2666666666667,92.967996,19.58,28.990666666666662,4.590000000000002,11.669999999999996,5.64,5.228,25.592313333333333
2026-08-21T22:30:00.000Z,MCT2408053,15.263333,74.110833,45.9375,215.58840000000004,920.3125,92.890304375,19.2425,29.653125,4.590000000000002,11.669999999999996,5.64,5.258125,25.612109375000006
2026-08-21T22:40:00.000Z,MCT2408053,15.263333,74.110833,44.6875,214.020275,898.8125,92.97184437499998,18.11125,29.146875,4.590000000000002,11.669999999999996,5.64,5.137500000000001,25.596692500000003
2026-08-21T22:50:00.000Z,MCT2408053,15.263333,74.110833,44.625,201.53998750000002,889.75,93.04146062499997,18.126875,28.541875,4.590000000000002,11.669999999999996,5.64,5.404374999999999,25.631551875000007
2026-08-21T23:00:00.000Z,MCT2408053,15.263333,74.110833,45.3125,221.43861874999996,863.625,93.062441875,18.626875,27.365000000000002,4.590000000000002,11.669999999999996,5.64,5.269375,25.720705000000006
2026-08-21T23:10:00.000Z,MCT2408053,15.263333,74.110833,43.9375,230.15412499999996,903.5625,93.35426625000002,17.566875,27.503125000000004,4.590000000000002,11.669999999999996,5.64,5.214375,25.752210625000004
2026-08-21T23:10:53.746Z,MCT2408053,15.263333,74.110833,33,211.9482,918,93.41864,8.46,27.49,4.59,11.67,5.64,5.81,25.76964
2026-08-21T22:20:00.000Z,MCT2408052,15.444425,74.063856,16.866666666666667,160,764.6,90.09273333333333,3.702315800000001,8,5.776666666666666,16.806000000000004,8.306666666666667,2,26.11212333333334
2026-08-21T22:30:00.000Z,MCT2408052,15.444425,74.063856,14.9375,160,725.25,89.896720625,3.6573685625000008,8,4.640000000000001,12.994375,6.12625,2,26.110828124999994
2026-08-21T22:40:00.000Z,MCT2408052,15.444425,74.063856,15.9375,160,708.75,89.63541437499998,3.645044000000001,8,5.246874999999999,14.6975,6.903124999999999,2,26.011620625000006
2026-08-21T22:50:00.000Z,MCT2408052,15.444425,74.063856,14.533333333333333,160,718,89.83943733333331,3.6571230000000003,8,4.213333333333333,11.905333333333333,5.661333333333334,2,25.966261999999997
2026-08-21T23:00:00.000Z,MCT2408052,15.444425,74.063856,14.6875,160,722.375,89.9010125,3.667631687500001,8,4.285000000000001,12.176249999999996,5.801249999999998,2,25.915765000000004
2026-08-21T23:10:00.000Z,MCT2408052,15.444425,74.063856,14.75,160,713,89.97444562499999,3.7167106249999997,8,4.43125,12.453749999999998,5.867499999999998,2,25.90705125
2026-08-21T23:10:53.746Z,MCT2408052,15.444425,74.063856,14,160,707.5,89.83663999999999,3.7042105000000003,8,4.01,11.03,5.18,2,25.91979
2026-08-21T22:20:00.000Z,MCT2408043,15.221111,74.087222,33,196.3471428571429,619.5714285714286,87.10041142857142,14.201428571428568,10.520714285714286,6.329999999999999,20.69142857142857,11.62142857142857,5.29,26.001756428571433
2026-08-21T22:30:00.000Z,MCT2408043,15.221111,74.087222,33,196.83999999999997,616.4375,87.24169124999999,14.219999999999997,10.494375,6.329999999999999,20.841874999999998,11.770000000000001,5.290000000000001,25.988158750000007
2026-08-21T22:40:00.000Z,MCT2408043,15.221111,74.087222,36.4,193.9206666666667,602.6,87.31512400000001,14.235333333333331,10.515999999999998,10.383999999999999,31.5,16.484,5.290000000000001,25.998437999999997
2026-08-21T22:50:00.000Z,MCT2408043,15.221111,74.087222,40,186.29937499999997,606.3125,87.38808062499999,14.219374999999998,10.42625,13.376250000000004,41.120000000000005,21.538124999999994,5.290000000000001,26.018994375000002
2026-08-21T23:00:00.000Z,MCT2408043,15.221111,74.087222,33,197.746875,611.9375,87.47868,14.236249999999997,10.512500000000003,6.329999999999999,19.955000000000002,10.89,5.290000000000001,26.0042475
2026-08-21T23:10:00.000Z,MCT2408043,15.221111,74.087222,33,199.28066666666666,612.2666666666667,87.50789400000001,14.233999999999996,10.537333333333333,6.329999999999999,19.912,10.847333333333333,5.290000000000001,26.009876666666667
2026-08-21T23:10:53.760Z,MCT2408043,15.221111,74.087222,33,199.72,612.5,87.696595,14.215,10.43,6.33,19.955,10.89,5.29,25.9466
2026-08-21T22:20:00.000Z,MCT2408051,15.486528,74.033889,53.92857142857143,277.9464285714286,861.2142857142857,98.44150499999999,22.71,5.1899999999999995,4.174999999999999,13.849285714285715,7.779999999999999,4.39,24.656525714285713
2026-08-21T22:30:00.000Z,MCT2408051,15.486528,74.033889,53.875,275.48,834.8125,98.49648125,22.629999999999995,5.1899999999999995,4.313749999999999,13.673749999999998,7.35,4.39,24.700479374999997
2026-08-21T22:40:00.000Z,MCT2408051,15.486528,74.033889,54.46666666666667,277.514,813.8666666666667,98.38181400000002,23.191333333333333,5.1899999999999995,3.7299999999999986,10.73533333333333,5.145333333333336,5.666,24.768627999999996
2026-08-21T22:50:00.000Z,MCT2408051,15.486528,74.033889,54,272.13937500000003,840.5,98.3376925,22.749999999999996,5.1899999999999995,3.7299999999999986,10.686249999999996,5.096250000000001,4.39,24.825827499999995
2026-08-21T23:00:00.000Z,MCT2408051,15.486528,74.033889,62.9375,273.445,848.5625,98.37345562500002,24.117499999999996,5.549374999999999,3.7299999999999986,10.879999999999997,5.290000000000001,21.46249999999999,24.856662500000006
2026-08-21T23:10:00.000Z,MCT2408051,15.486528,74.033889,53.875,265.84125,861.8125,98.35486000000003,22.666875,5.1899999999999995,3.7299999999999986,10.996249999999998,5.40625,4.39,24.85330875
2026-08-21T23:10:53.760Z,MCT2408051,15.486528,74.033889,54,258.17,861,98.37775,22.71,5.19,3.73,10.57,4.98,4.39,24.83655
2026-08-21T22:20:00.000Z,MCT2408021,15.500556,74.053333,49.142857142857146,375,537.8571428571429,90.13909,21.11285714285714,14.430841428571428,2.86,8.292142857142858,4.794999999999999,4.323571428571428,25.43256142857143
2026-08-21T22:30:00.000Z,MCT2408021,15.500556,74.053333,49.25,375,539.625,90.426963125,21.082500000000007,14.452587499999998,2.86,8.1525,4.6425,4.324999999999999,25.366773749999997
2026-08-21T22:40:00.000Z,MCT2408021,15.500556,74.053333,49.375,375,532.8125,90.48036812499998,21.090000000000003,14.350635624999999,2.86,7.636875,4.079375000000001,4.350625,25.393587500000002
2026-08-21T22:50:00.000Z,MCT2408021,15.500556,74.053333,49.1875,375,535.625,90.38213999999999,21.057499999999994,14.33949375,2.86,7.555,3.9900000000000007,4.258125,25.45726625
2026-08-21T23:00:00.000Z,MCT2408021,15.500556,74.053333,49.1875,375,533.5625,90.29154437499999,20.973125,14.410034375000002,2.86,7.855624999999999,4.318125,4.28,25.49882625
2026-08-21T23:10:00.000Z,MCT2408021,15.500556,74.053333,49.3125,375,538.5,90.214296875,21.016249999999996,14.33607125,2.86,7.66375,4.10875,4.2475000000000005,25.541726249999993
2026-08-21T23:10:53.760Z,MCT2408021,15.500556,74.053333,49,375,538,90.12274,21.05,14.157,2.86,7.39,3.81,4.23,25.56586
2026-08-21T22:20:00.000Z,MCT2408050,15.553611,73.958333,27.466666666666665,86.02999999999999,537.0666666666667,92.56618333333334,11.332666666666666,4.1946666666666665,7.012666666666667,22.154666666666667,12.023333333333335,3.046,25.518666666666665
2026-08-21T22:30:00.000Z,MCT2408050,15.553611,73.958333,27.4375,86.02999999999999,524.9375,92.27995250000001,11.147500000000003,4.216875,6.256249999999999,19.75,10.528125,3.225,25.515586250000005
2026-08-21T22:40:00.000Z,MCT2408050,15.553611,73.958333,27.375,86.02999999999999,525.25,92.78826187500002,11.292500000000002,4.279999999999999,7.36875,22.704374999999995,12.069374999999999,3.16,25.29102875
2026-08-21T22:50:00.000Z,MCT2408050,15.553611,73.958333,27.4375,86.02999999999999,530.125,92.44160187500002,11.170625000000003,4.161875,7.5787499999999985,23.935625,12.866249999999999,3.088125,25.484749374999996
2026-08-21T23:00:00.000Z,MCT2408050,15.553611,73.958333,27.3125,86.02999999999999,549.6875,92.48928500000002,11.145000000000001,4.18875,7.367500000000001,23.185625,12.44125,2.918125,25.579264375
2026-08-21T23:10:00.000Z,MCT2408050,15.553611,73.958333,27.4,86.02999999999999,556.0666666666667,92.55550133333334,11.183333333333335,4.137333333333334,7.0133333333333345,22.04133333333333,11.966666666666667,3.095333333333333,25.602320666666664
2026-08-21T23:10:53.946Z,MCT2408050,15.553611,73.958333,27.5,86.03,560,92.71674,11.285,4.0600000000000005,7.21,22.325,11.91,3.04,25.539045
2026-08-21T22:20:00.000Z,MCT2408034,15.356389,74.123611,21.869565217391305,183.61045217391305,488.30434782608694,77.21911434782606,7.049130434782609,4.495652173913043,6.379999999999998,18.757826086956516,9.37782608695652,1.4326086956521737,29.442751739130426
2026-08-21T22:30:00.000Z,MCT2408034,15.356389,74.123611,21.48,180,487.08,77.21899400000001,7.4116,4.8844,6.379999999999998,18.195199999999996,8.815199999999999,1.4504000000000001,29.399440400000003
2026-08-21T22:40:00.000Z,MCT2408034,15.356389,74.123611,21.28,180.90024000000003,488.76,77.43414159999999,6.9388,4.4315999999999995,6.379999999999998,18.083199999999994,8.703199999999999,1.4804,29.3857132
2026-08-21T22:50:00.000Z,MCT2408034,15.356389,74.123611,21.375,180.00876250000002,499.4583333333333,77.39214249999998,7.182916666666665,4.527083333333333,6.379999999999998,18.249999999999996,8.87,1.29375,29.390701250000003
2026-08-21T23:00:00.000Z,MCT2408034,15.356389,74.123611,21.16,180.992216,485.36,77.42590239999998,7.785200000000001,5.081599999999999,6.379999999999998,17.819999999999997,8.44,1.5583999999999998,29.385714400000005
2026-08-21T23:10:00.000Z,MCT2408034,15.356389,74.123611,21.16,181.60298800000004,477.32,77.4341432,8.007599999999998,4.9096,6.379999999999998,17.819999999999997,8.44,1.8095999999999994,29.378419600000008
2026-08-21T23:10:53.949Z,MCT2408034,15.356389,74.123611,21,189.76515,472,77.30917,7.505,4.215,6.38,17.82,8.44,2.74,29.35182
2026-08-21T22:20:00.000Z,MCT2408029,15.333611,74.206944,14.857142857142858,121.12912857142858,502,91.8360857142857,5.5335714285714275,8.432857142857141,2.94,8.794285714285715,4.834285714285714,3.906428571428571,25.91519142857143
2026-08-21T22:30:00.000Z,MCT2408029,15.333611,74.206944,13.6,120.19669000000002,502.1,92.05832000000001,4.256,7.185999999999998,2.9400000000000004,8.96,5.0009999999999994,3.5519999999999996,25.859727
2026-08-21T22:50:00.000Z,MCT2408029,15.333611,74.206944,13.615384615384615,125.40003846153846,519.0769230769231,93.68390923076922,4.386153846153845,7.2092307692307696,2.94,8.67,4.71,3.5053846153846155,25.34805692307693
2026-08-21T23:00:00.000Z,MCT2408029,15.333611,74.206944,13.875,121.04494375000002,517.125,92.99902249999998,5.0874999999999995,8.780625,2.9399999999999995,8.67,4.709999999999999,3.630625,25.647638749999995
2026-08-21T23:10:00.000Z,MCT2408029,15.333611,74.206944,13.533333333333333,121.19718666666664,512.4,92.62111399999999,3.749333333333333,7.786666666666665,2.9399999999999995,8.786,4.826666666666666,3.9106666666666663,25.759628000000003
2026-08-21T23:10:53.957Z,MCT2408029,15.333611,74.206944,14.5,120.20575,516.5,92.68240499999999,4.12,7.91,2.94,8.67,4.71,3.89,25.721375000000002
2026-08-21T22:20:00.000Z,MCT2408030,15.142519,74.075003,25,163,522.7857142857143,83.58653,8.857857142857144,6.200000000000002,9.370000000000001,24.639999999999993,12.31,3.874285714285714,25.905232142857148
2026-08-21T22:30:00.000Z,MCT2408030,15.142519,74.075003,25,163.99184666666667,523.6666666666666,83.69828533333335,8.718666666666667,6.200000000000002,9.370000000000001,24.639999999999993,12.31,4.005333333333333,25.86902133333333
2026-08-21T22:40:00.000Z,MCT2408030,15.142519,74.075003,25,163,528.9375,83.77317875000001,8.890625,6.200000000000002,9.370000000000001,24.639999999999993,12.31,3.6668749999999997,25.9104025
2026-08-21T22:50:00.000Z,MCT2408030,15.142519,74.075003,25,163,533.4666666666667,83.87732200000002,8.894666666666666,6.200000000000002,9.370000000000001,24.639999999999993,12.31,3.8640000000000003,25.948388666666666
2026-08-21T23:00:00.000Z,MCT2408030,15.142519,74.075003,25,163,517.8666666666667,83.90122799999999,8.989333333333336,6.200000000000002,9.370000000000001,24.639999999999993,12.31,3.7880000000000007,25.988426666666665
2026-08-21T23:10:00.000Z,MCT2408030,15.142519,74.075003,25,163.2215625,510.75,83.902880625,8.839374999999999,6.200000000000002,9.370000000000001,24.639999999999993,12.31,3.8275,26.049158124999995
2026-08-21T23:10:53.957Z,MCT2408030,15.142519,74.075003,25,163,513,83.94293,9.11,6.2,9.37,24.64,12.31,2.48,26.08066
2026-08-21T22:20:00.000Z,MCT2408023,15.499722,74.020833,33.785714285714285,214.39785714285716,464.7857142857143,91.82028500000001,7.3342857142857145,18.328571428571426,7.875,27.59142857142857,18.435714285714287,4.972857142857143,24.707854285714287
2026-08-21T22:30:00.000Z,MCT2408023,15.499722,74.020833,31,201.285625,463.1875,91.826005625,7.060625000000001,18.185625,6.971874999999999,23.35,15.315625,4.696875,24.802366875
2026-08-21T22:40:00.000Z,MCT2408023,15.499722,74.020833,29.6875,177.98687500000003,462.1875,91.74160500000002,7.1381250000000005,18.573125000000005,6.734375000000001,21.608124999999998,13.775,4.8475,24.890176874999995
2026-08-21T22:50:00.000Z,MCT2408023,15.499722,74.020833,28.3125,182.523125,460.4375,91.65815750000003,7.158125,18.18125,6.340000000000002,19.3925,12.053125,4.875,24.912967499999997
2026-08-21T23:00:00.000Z,MCT2408023,15.499722,74.020833,27.9375,192.823125,461.375,91.66721812500003,6.85625,18.324375,6.340000000000002,18.918125000000003,11.509374999999999,4.9775,24.932408124999995
2026-08-21T23:10:00.000Z,MCT2408023,15.499722,74.020833,27.5625,195.9775,460.0625,91.69249250000001,6.74625,18.591250000000002,6.340000000000002,18.442500000000003,10.965625000000001,5.233125,24.9826825
2026-08-21T23:10:53.957Z,MCT2408023,15.499722,74.020833,28,198.68,462,91.65625,5.86,17.66,6.34,19,11.6,5.53,24.99743
2026-08-21T22:20:00.000Z,MCT2408027,15.275556,74.1075,21.466666666666665,1171.2720000000004,664.6666666666666,91.17712400000002,6.579999999999999,12.898000000000005,4.9300000000000015,15.44533333333333,8.565999999999999,2.9500000000000006,26.055638000000002
2026-08-21T22:30:00.000Z,MCT2408027,15.275556,74.1075,21.4375,1170.00875,683.125,91.27001125000001,6.579999999999999,12.798125000000006,4.9300000000000015,14.971250000000001,8.091249999999999,2.9500000000000006,26.055860625000005
2026-08-21T22:40:00.000Z,MCT2408027,15.275556,74.1075,21.3125,1167.8912500000001,680.25,91.41735500000001,6.579999999999999,12.768750000000004,4.9300000000000015,14.910625000000001,8.030624999999999,2.9500000000000006,26.068595625000004
2026-08-21T22:50:00.000Z,MCT2408027,15.275556,74.1075,21.0625,1166.66625,682.1875,91.44596562500001,6.579999999999999,12.739375000000003,4.9300000000000015,14.355000000000002,7.475000000000001,2.9500000000000006,26.087366249999995
2026-08-21T23:00:00.000Z,MCT2408027,15.275556,74.1075,21.6875,1167.4006249999998,665.8125,91.50747687500002,6.579999999999999,12.768750000000002,5.176250000000001,16.081874999999997,8.83375,2.9500000000000006,26.099431874999997
2026-08-21T23:10:00.000Z,MCT2408027,15.275556,74.1075,26.75,1162.739375,655.625,91.57804875,6.579999999999999,12.768750000000004,8.320625,25.813749999999995,13.9575,2.9500000000000006,26.123563125000004
2026-08-21T23:10:54.143Z,MCT2408027,15.275556,74.1075,22,1170.4,679,91.61047,6.58,12.71,4.93,16.76,9.88,2.95,26.11284
2026-08-21T22:20:00.000Z,MCT2408040,15.528056,74.020833,18.928571428571427,100,471.35714285714283,88.8796964285714,8.029285714285715,4.74,4.968571428571429,15.164285714285713,7.595000000000001,3.5,26.066107142857145
2026-08-21T22:30:00.000Z,MCT2408040,15.528056,74.020833,18.5625,100,472.5625,89.01600312499997,7.6693750000000005,4.711875,6.094999999999999,18.83875,9.52375,3.5,26.037091875
2026-08-21T22:40:00.000Z,MCT2408040,15.528056,74.020833,18.6875,100,478.3125,89.11947624999999,7.783750000000001,4.7856250000000005,5.12,15.700000000000001,7.826874999999999,3.5,26.023015624999996
2026-08-21T22:50:00.000Z,MCT2408040,15.528056,74.020833,18.8125,100,479.6875,89.160009375,7.886250000000001,4.815,3.6000000000000005,11.076250000000002,5.5625,3.5,25.986818125000006
2026-08-21T23:00:00.000Z,MCT2408040,15.528056,74.020833,18.875,100,478.75,89.16906874999998,7.985,4.788124999999999,3.1212500000000003,9.296249999999999,4.4612500000000015,3.5,26.027036875000004
2026-08-21T23:10:00.000Z,MCT2408040,15.528056,74.020833,18.8125,100,475.25,89.14236374999999,7.832500000000002,4.825,3.07,8.463750000000001,3.831249999999999,3.5,26.06122375
2026-08-21T23:10:54.144Z,MCT2408040,15.528056,74.020833,19,100,472,89.11566,8.2,4.755,3.07,8.42,3.74,3.5,26.06994
2026-08-21T22:20:00.000Z,MCT2408044,15.313669,74.140042,25.846153846153847,214.29,513.3076923076923,94.15751769230768,10.87076923076923,3.543846153846154,2.87,7.5,4.32,3.5005916153846153,25.253183076923076
2026-08-21T22:30:00.000Z,MCT2408044,15.313669,74.140042,25.875,214.29,513.9375,94.587368125,10.935625000000002,3.595625,2.9424999999999994,7.90625,4.625624999999999,3.4672275,25.128812500000002
2026-08-21T22:40:00.000Z,MCT2408044,15.313669,74.140042,25.875,214.29,515.5625,94.394248125,10.876875,3.340625,2.8699999999999997,7.5,4.32,3.4887016875000008,25.214614374999996
2026-08-21T22:50:00.000Z,MCT2408044,15.313669,74.140042,25.933333333333334,214.29,513.6666666666666,94.19989000000002,10.859333333333332,3.5613333333333332,2.8699999999999997,7.5,4.320000000000001,3.5477778666666677,25.204782000000005
2026-08-21T23:00:00.000Z,MCT2408044,15.313669,74.140042,25.875,214.29,522.125,94.55780374999998,10.922500000000003,3.3725,2.8699999999999997,7.5,4.32,3.6087339375,25.10199875
2026-08-21T23:10:00.000Z,MCT2408044,15.313669,74.140042,26,214.29,511.8666666666667,94.739036,10.961333333333332,3.4106666666666667,2.8699999999999997,7.5,4.320000000000001,3.5245298000000003,25.075366
2026-08-21T23:10:54.154Z,MCT2408044,15.313669,74.140042,26,214.29,506.5,94.83771,10.905000000000001,3.32,2.87,7.5,4.32,3.6717950000000004,25.09396
2026-08-21T22:20:00.000Z,MCT2408046,15.529167,74.07,31.043478260869566,95.52,810.9130434782609,89.41287695652173,13.519999999999996,0.6243478260869565,5.060000000000001,14.826086956521742,7.416521739130436,3.4195652173913045,26.19910739130435
2026-08-21T22:30:00.000Z,MCT2408046,15.529167,74.07,31,95.52,804.36,88.71740759999999,13.436399999999999,0.7312000000000001,5.060000000000001,14.306799999999996,6.858800000000005,3.748400000000001,26.444889200000002
2026-08-21T22:40:00.000Z,MCT2408046,15.529167,74.07,31,95.52,808.08,88.24774239999999,13.3324,0.8932000000000001,5.060000000000001,13.330000000000002,5.797999999999999,3.6452000000000004,26.650810400000005
2026-08-21T22:50:00.000Z,MCT2408046,15.529167,74.07,30.96,95.52,809.88,88.14459199999999,13.3116,0.9648000000000002,5.060000000000001,13.330000000000002,5.81,3.6936,26.6666856
2026-08-21T23:00:00.000Z,MCT2408046,15.529167,74.07,30.56,95.52,812.56,90.56402639999996,12.9428,0.9956000000000002,5.060000000000001,13.418800000000001,5.8584000000000005,3.8708000000000005,25.888471199999998
2026-08-21T23:10:00.000Z,MCT2408046,15.529167,74.07,30.88,95.52,820.04,91.759704,13.206399999999999,0.8603999999999999,5.2364,15.196800000000005,7.2475999999999985,3.6943999999999995,25.632782799999994
2026-08-21T23:10:54.154Z,MCT2408046,15.529167,74.07,31,95.52,827.5,92.07968,13.395,0.75,6.005000000000001,17.22,8.47,3.735,25.52832
2026-08-21T22:20:00.000Z,MCT2408049,15.475278,74.055833,56.714285714285715,150.40486428571427,533.5,88.30694642857144,24.217857142857145,13.31928571428571,5.859285714285714,17.017142857142858,8.77,2.61,25.963454285714285
2026-08-21T22:30:00.000Z,MCT2408049,15.475278,74.055833,56.5625,151.456575,526.9375,88.692706875,24.225,13.443750000000001,3.9262499999999987,11.203125000000002,5.658749999999999,2.61,25.855437499999997
2026-08-21T22:40:00.000Z,MCT2408049,15.475278,74.055833,56.75,150.0756,516.1875,88.495773125,24.208749999999995,14.745624999999997,3.878124999999999,10.961875,5.514375000000001,2.61,25.949280625
2026-08-21T22:50:00.000Z,MCT2408049,15.475278,74.055833,57.125,150.14372500000002,511.75,88.36798125000003,24.416874999999997,14.463749999999997,3.8299999999999987,10.388125000000004,5.033124999999999,2.61,26.05720125
2026-08-21T23:00:00.000Z,MCT2408049,15.475278,74.055833,56.75,151.4183375,530.25,88.432355,24.233124999999998,13.191874999999998,3.8299999999999987,10.150000000000004,4.7924999999999995,2.61,26.196631250000003
2026-08-21T23:10:00.000Z,MCT2408049,15.475278,74.055833,56.6875,150.62808124999998,534.5,88.37656437500002,24.165625000000002,13.69625,3.8299999999999987,9.959375000000003,4.600625,2.61,26.27304875
2026-08-21T23:10:54.153Z,MCT2408049,15.475278,74.055833,56,150,528,88.25354,23.605,13.415,3.83,9.96,4.6,2.61,26.327345
2026-08-21T22:20:00.000Z,MCT2408042,15.213889,74.071667,61.357142857142854,268.77500000000003,498.7857142857143,90.1053057142857,26.273571428571433,13.01785714285714,5.004999999999998,15.894999999999998,8.59,3.9328571428571424,26.197876428571426
2026-08-21T22:30:00.000Z,MCT2408042,15.213889,74.071667,61.5625,261.035625,500.0625,90.17471937500002,26.380000000000003,13.433125,5.801249999999998,17.89875,9.451249999999998,3.784375,26.297177499999997
2026-08-21T22:40:00.000Z,MCT2408042,15.213889,74.071667,61.75,257.64750000000004,515.6875,90.19951312500001,26.509375,13.231249999999998,6.2562500000000005,19.265,10.304375000000002,3.701249999999999,26.315946874999998
2026-08-21T22:50:00.000Z,MCT2408042,15.213889,74.071667,61.5625,268.4275,503.5625,90.85087312500004,26.401875,13.008125,5.516874999999998,17.556250000000002,9.565000000000001,3.83125,26.17853125
2026-08-21T23:00:00.000Z,MCT2408042,15.213889,74.071667,61.4,264.59999999999997,500.8666666666667,90.47420266666668,26.275999999999996,13.114,5.6419999999999995,17.69266666666667,9.41333333333333,3.7839999999999994,26.312327333333325
2026-08-21T23:10:00.000Z,MCT2408042,15.213889,74.071667,61.375,263.658125,505.625,90.29487937500001,26.275625,13.435625,5.8581249999999985,18.183124999999997,9.735624999999997,3.871875,26.413813125
2026-08-21T23:10:54.343Z,MCT2408042,15.213889,74.071667,61.5,269.04999999999995,503.5,90.15707499999999,26.365000000000002,14.275,5.005,15.504999999999999,8.2,4.445,26.418505
2026-08-21T22:20:00.000Z,MCT2408041,15.224628,74.171389,32.733333333333334,433.21340000000004,498.8,90.52506533333334,13.680666666666667,9.7,8.090000000000002,20.25,8.900000000000002,7.914666666666667,25.854722
2026-08-21T22:30:00.000Z,MCT2408041,15.224628,74.171389,32.75,426.0071625,499.625,90.50993250000002,13.73125,9.7,8.090000000000002,20.25,8.900000000000002,7.844375,25.789075624999988
2026-08-21T22:40:00.000Z,MCT2408041,15.224628,74.171389,32.8125,435.89756874999995,502.9375,90.688271875,13.72,9.7,8.090000000000002,20.25,8.900000000000002,8.110625,25.716681874999992
2026-08-21T22:50:00.000Z,MCT2408041,15.224628,74.171389,32.625,440.37601875,487.6875,91.49841750000002,13.684999999999999,9.7,8.090000000000002,20.25,8.900000000000002,8.021875,25.551784375
2026-08-21T23:00:00.000Z,MCT2408041,15.224628,74.171389,32.75,447.1872625,487.5,91.52559749999999,13.664375,9.7,8.090000000000002,20.25,8.900000000000002,7.95,25.584628125000002
2026-08-21T23:10:00.000Z,MCT2408041,15.224628,74.171389,32.8125,442.4026687500001,482.875,91.433090625,13.803749999999996,9.7,8.090000000000002,20.25,8.900000000000002,7.876874999999999,25.716011875
2026-08-21T23:10:54.343Z,MCT2408041,15.224628,74.171389,33,451.4588,480,91.93854,13.85,9.7,8.09,20.25,8.9,7.75,25.70529
2026-08-21T22:20:00.000Z,MCT2408037,15.394444,74.118333,25.466666666666665,160,481.8,85.727194,10.778666666666668,14.054,5.004666666666667,18.535333333333334,9.69,3.6926666666666663,26.133574
2026-08-21T22:30:00.000Z,MCT2408037,15.394444,74.118333,25.6875,160,494.375,85.81308750000001,10.916875,13.623125,4.461250000000001,16.5075,8.711875,3.6343749999999995,26.1047925
2026-08-21T22:40:00.000Z,MCT2408037,15.394444,74.118333,25.5,160.00269375,491.125,85.82644,10.838125000000002,13.656875000000001,3.905,15.127499999999998,8.243125,3.875,26.111496875
2026-08-21T22:50:00.000Z,MCT2408037,15.394444,74.118333,25.125,160.71355625,442.8125,85.27855374999999,10.440625,14.406250000000004,4.136875,13.849375,6.794999999999999,4.329375000000001,26.00893875
2026-08-21T23:00:00.000Z,MCT2408037,15.394444,74.118333,25.1875,160.9197375,436.25,85.48311500000001,10.60875,13.250625,3.7199999999999993,10.885625000000001,4.734375,4.094374999999999,25.801814375
2026-08-21T23:10:00.000Z,MCT2408037,15.394444,74.118333,25.5625,161.31836875,427,85.54987312500002,10.795,10.740625,3.7199999999999993,11.603125000000004,5.390625,3.9643750000000004,25.734111250000005
2026-08-21T23:10:54.343Z,MCT2408037,15.394444,74.118333,26,160,423,85.5451,10.98,12.4,3.72,9.81,3.75,4.33,25.74819
2026-08-21T22:20:00.000Z,MCT2408033,15.346944,74.007778,19.785714285714285,110.13404285714286,520.4285714285714,90.8317292857143,7.969285714285713,4.768571428571429,5.236428571428571,13.297142857142859,8.069285714285716,4.39,25.935875000000003
2026-08-21T22:30:00.000Z,MCT2408033,15.346944,74.007778,19.6875,112.76935625,511.9375,91.02014812499999,7.921250000000001,3.8775,6.135625000000001,16.09,9.92625,4.39,26.165124374999998
2026-08-21T22:40:00.000Z,MCT2408033,15.346944,74.007778,20,113.28571875,502.1875,91.40066687500001,8.156875,4.121874999999999,4.205000000000001,11.186249999999998,6.9487499999999995,4.39,25.98815875
2026-08-21T22:50:00.000Z,MCT2408033,15.346944,74.007778,20.0625,110.0896125,499.4375,91.40018750000002,8.300625000000002,4.380625,3.0300000000000007,6.3762500000000015,3.1981249999999997,4.39,25.919118125
2026-08-21T23:00:00.000Z,MCT2408033,15.346944,74.007778,20,110.23829375,497.4375,91.48268187500003,8.118125000000001,4.378750000000001,3.0300000000000007,6.215000000000002,3.0137499999999995,4.39,25.846723125
2026-08-21T23:10:00.000Z,MCT2408033,15.346944,74.007778,19.75,110.19765625000001,489.3125,91.48029687500002,7.844375000000001,4.07125,3.0300000000000007,6.150000000000001,2.9399999999999995,4.39,25.823933125000007
2026-08-21T23:10:54.347Z,MCT2408033,15.346944,74.007778,20.5,111.35615,506,91.43118,8.26,4.255,3.03,6.41,3.235,4.39,25.823265
2026-08-21T22:20:00.000Z,MCT2408024,15.148056,74.131667,40.78260869565217,217.54908260869567,652.2173913043479,81.21824217391301,17.60539173913043,5.772006000000001,5,14.990000000000004,7.990000000000002,2.525652173913043,26.75261608695652
2026-08-21T22:30:00.000Z,MCT2408024,15.148056,74.131667,40.75,217.90434166666668,648.5,81.26882749999997,17.7135575,5.892256125000002,5,14.990000000000004,7.990000000000002,2.5204166666666663,26.74651416666666
2026-08-21T22:40:00.000Z,MCT2408024,15.148056,74.131667,40.8,217.40991200000008,651.24,81.33551119999998,17.731913600000002,6.580086840000002,5,14.990000000000004,7.990000000000002,2.5288,26.77779880000001
2026-08-21T22:50:00.000Z,MCT2408024,15.148056,74.131667,40.8,216.71285600000007,656.68,81.37182880000002,17.688905199999997,6.60288624,5,15.030000000000005,8.030000000000003,2.5252,26.81726599999999
2026-08-21T23:00:00.000Z,MCT2408024,15.148056,74.131667,40.84,217.17624800000002,651.8,81.30835040000004,17.791716000000005,6.60288624,5,14.990000000000004,7.990000000000002,2.5224,26.88333000000001
2026-08-21T23:10:00.000Z,MCT2408024,15.148056,74.131667,41.166666666666664,217.07497916666668,657.2083333333334,81.18617625000002,18.06547541666666,6.400312875000001,5,14.990000000000004,7.990000000000002,2.5229166666666667,26.966377916666662
2026-08-21T23:10:54.357Z,MCT2408024,15.148056,74.131667,40.666666666666664,215.88486666666665,659.6666666666666,81.19889333333333,17.558256666666665,6.734007000000001,5,14.99,7.989999999999999,2.5333333333333337,26.995873333333332
2026-08-21T22:20:00.000Z,MCT2408045,15.619444,73.878889,27.5,178.11999999999995,564.7142857142857,86.90695428571428,11.185,16.610714285714288,5.322857142857143,18.209285714285713,9.409999999999998,2.5300000000000002,25.841646428571433
2026-08-21T22:30:00.000Z,MCT2408045,15.619444,73.878889,27.5,178.11999999999995,553.4375,86.87452750000001,11.288749999999999,16.719375,5.4437500000000005,18.428125,9.4725,2.5300000000000002,25.85811749999999
2026-08-21T22:40:00.000Z,MCT2408045,15.619444,73.878889,27.625,178.11999999999995,512.0625,86.86594375,11.368125000000001,16.611250000000002,5.033125,17.109999999999996,8.870625,2.5300000000000002,25.910402500000004
2026-08-21T22:50:00.000Z,MCT2408045,15.619444,73.878889,27.5625,178.11999999999995,474.4375,86.89598687500002,11.287499999999998,16.63,5.000000000000001,16.825,8.765625,2.5300000000000002,25.970732500000008
2026-08-21T23:00:00.000Z,MCT2408045,15.619444,73.878889,27.375,178.11999999999995,482.8125,86.92268812500001,11.125625,16.919375000000006,4.844375000000001,16.076875,8.199375,2.5300000000000002,25.994191875000006
2026-08-21T23:10:00.000Z,MCT2408045,15.619444,73.878889,27.4375,178.11999999999995,479.625,86.92936375000001,11.245624999999999,16.8125,4.624375000000001,15.8275,8.341875,2.5300000000000002,26.006258750000008
2026-08-21T23:10:54.537Z,MCT2408045,15.619444,73.878889,28,178.12,490,87.03284,11.495000000000001,16.795,4.28,14.83,7.92,2.53,25.98414
2026-08-21T22:20:00.000Z,MCT2408022,15.475833,74.038889,30.8,150,462.53333333333336,91.04132000000001,4.084666666666666,11.186680666666666,8.2,25.133333333333333,13.533333333333333,4.254356066666666,25.325616666666672
2026-08-21T22:30:00.000Z,MCT2408022,15.475833,74.038889,27.8125,150,442.5625,90.80795750000003,4.039375,11.26964125,6.0625,19.125,10.25,4.255125625,25.38554312500001
2026-08-21T22:40:00.000Z,MCT2408022,15.475833,74.038889,26.4375,150,441.1875,90.85802500000001,3.92,11.198859375,5.25,16.4375,8.9375,4.277839437500001,25.388894375
2026-08-21T22:50:00.000Z,MCT2408022,15.475833,74.038889,26.3125,150,442.125,90.956730625,3.9687499999999996,11.250941249999999,5.1875,16,8.625,4.293999187499999,25.39559875
2026-08-21T23:00:00.000Z,MCT2408022,15.475833,74.038889,25.8125,150,446.5625,91.02348687500002,4.13875,11.315825625,5.125,15.4375,8.1875,4.259126375,25.479387499999998
2026-08-21T23:10:00.000Z,MCT2408022,15.475833,74.038889,25.933333333333334,150,453.4,91.01538000000001,4.068666666666667,11.202343333333333,5.066666666666666,15.6,8.466666666666667,4.244277466666667,25.56085133333333
2026-08-21T23:10:54.540Z,MCT2408022,15.475833,74.038889,26,150,450.5,90.95435,3.865,11.268574999999998,5,15.5,8.5,4.250959,25.57658
2026-08-21T22:20:00.000Z,MCT2408036,15.171567,74.067106,35,120,469.7142857142857,92.68785285714286,9.83,7.515,4.697857142857143,13.787142857142856,7.237857142857144,11.307142857142859,25.32224714285714
2026-08-21T22:30:00.000Z,MCT2408036,15.171567,74.067106,34.8,120,473.4,92.918152,9.786666666666665,7.478666666666666,4.105333333333334,12.158,6.518666666666667,11.220666666666666,25.30559733333333
2026-08-21T22:40:00.000Z,MCT2408036,15.171567,74.067106,34.6,120,477.3333333333333,92.47819066666666,10.060666666666666,7.717999999999999,6.805999999999999,19.048666666666673,9.658666666666667,11.101333333333333,25.535114666666672
2026-08-21T22:50:00.000Z,MCT2408036,15.171567,74.067106,33.93333333333333,120,488.06666666666666,92.09265133333334,9.943999999999999,8.043333333333333,5.578666666666668,15.736666666666668,8.071333333333333,10.716,25.660244
2026-08-21T23:00:00.000Z,MCT2408036,15.171567,74.067106,34.5625,120,485.125,92.29950312499999,10.028749999999999,7.886250000000001,5.196875,15.165624999999999,7.980624999999999,11.01,25.653001249999996
2026-08-21T23:10:00.000Z,MCT2408036,15.171567,74.067106,34.8,120,479.53333333333336,91.68575066666664,10.140666666666668,8.042666666666667,3.2966666666666673,9.660666666666664,5.131333333333332,11.22133333333333,25.84614266666667
2026-08-21T23:10:54.540Z,MCT2408036,15.171567,74.067106,34,120,491,91.02301,10.53,8.08,2.63,7.6,4.05,10.5,26.03776
2026-08-21T22:20:00.000Z,MCT2408031,15.290833,74.149167,17.714285714285715,170.81247142857143,472.92857142857144,87.75599357142856,7.138785,6.270296785714285,3.9128571428571424,10.37142857142857,5.814999999999999,4.795000000000001,25.548238571428573
2026-08-21T22:30:00.000Z,MCT2408031,15.290833,74.149167,17.875,154.68999999999997,481.8125,87.87922312499998,7.219567937499999,6.3996841875,4.226249999999999,10.78875,5.861875,4.87375,25.494133124999998
2026-08-21T22:40:00.000Z,MCT2408031,15.290833,74.149167,17.9375,144.31345000000002,486.9375,87.9388275,7.276842125,6.8606486250000005,4.525625,11.737499999999999,6.397499999999999,4.64625,25.490779999999994
2026-08-21T22:50:00.000Z,MCT2408031,15.290833,74.149167,17.375,141.36615625000002,494.4375,87.96695999999997,6.7900125625,9.0289899375,5.149374999999999,13.069374999999999,6.905,4.74125,25.5095525
2026-08-21T23:00:00.000Z,MCT2408031,15.290833,74.149167,17.25,145.77320625,485.4375,87.91308,6.6777078125000005,7.295386062499999,4.705000000000001,12.336250000000001,6.726249999999999,4.843125,25.570549999999997
2026-08-21T23:10:00.000Z,MCT2408031,15.290833,74.149167,17.75,163.36385625,466.625,87.84203,7.098289625,6.415901187499999,4.434375,11.195625,6.040624999999999,4.864375000000001,25.614121875
2026-08-21T23:10:54.545Z,MCT2408031,15.290833,74.149167,18,171.97695,480,87.94454999999999,7.3448055,6,5.234999999999999,12.39,6.19,5.555,25.55513
2026-08-21T22:20:00.000Z,MCT2408026,15.2467,74.198281,31,125,501.6190476190476,85.7191271428571,13.315567619047622,12.5,4.730000000000002,14.509999999999996,7.71,2.2423809523809526,27.210374761904763
2026-08-21T22:30:00.000Z,MCT2408026,15.2467,74.198281,30.92,125,504.32,85.73003999999997,13.336756400000004,12.5,4.730000000000003,14.509999999999996,7.710000000000001,2.5088000000000004,27.184490799999995
2026-08-21T22:40:00.000Z,MCT2408026,15.2467,74.198281,30.958333333333332,125,506.25,86.04864500000001,13.372226249999999,12.5,4.730000000000003,14.509999999999996,7.710000000000001,2.306250000000001,27.083012916666664
2026-08-21T22:50:00.000Z,MCT2408026,15.2467,74.198281,31,125.63555416666667,502.8333333333333,86.36939708333331,13.33299583333333,12.5,4.730000000000003,14.509999999999996,7.710000000000001,2.2583333333333337,27.081672916666673
2026-08-21T23:00:00.000Z,MCT2408026,15.2467,74.198281,31,125,511,86.31217791666666,13.338447500000001,12.5,4.730000000000003,14.509999999999996,7.710000000000001,2.16625,27.142000416666665
2026-08-21T23:10:00.000Z,MCT2408026,15.2467,74.198281,31,125,497.9583333333333,86.72861458333331,13.263148333333334,12.5,4.730000000000003,14.509999999999996,7.710000000000001,2.2325,27.081672500000007
2026-08-21T23:10:54.736Z,MCT2408026,15.2467,74.198281,31,125,491,86.31567,13.176680000000001,12.5,4.73,14.51,7.71,1.875,27.2068
2026-08-21T22:20:00.000Z,MCT2408035,15.236111,74.125,49.666666666666664,190,572.2666666666667,90.57796266666666,20.233134,9.976666666666668,3.799999999999999,10.19,4.909999999999998,3.8299999999999987,25.99486333333334
2026-08-21T22:30:00.000Z,MCT2408035,15.236111,74.125,48.875,190,563.9375,90.71926499999996,19.569613749999995,9.727500000000001,3.799999999999999,10.19,4.909999999999998,3.8299999999999987,25.998213124999992
2026-08-21T22:40:00.000Z,MCT2408035,15.236111,74.125,49.1875,190,567.25,90.74835187499998,19.93815,9.723125000000001,3.799999999999999,10.19,4.909999999999998,3.8299999999999987,26.108145625000002
2026-08-21T22:50:00.000Z,MCT2408035,15.236111,74.125,48.6875,190,562.3125,90.78840812499999,19.453356249999995,9.450000000000001,3.799999999999999,10.19,4.909999999999998,3.8299999999999987,26.17719
2026-08-21T23:00:00.000Z,MCT2408035,15.236111,74.125,48.1875,190,570.9375,90.88615749999998,19.065056249999998,9.391874999999999,3.799999999999999,10.19,4.909999999999998,3.8299999999999987,26.183893125000004
2026-08-21T23:10:00.000Z,MCT2408035,15.236111,74.125,48.1875,190,567.875,90.78697625000001,19.045292499999995,9.486875000000001,3.799999999999999,10.19,4.909999999999998,3.8299999999999987,26.269695000000006
2026-08-21T23:10:54.735Z,MCT2408035,15.236111,74.125,51,190,564,90.75598,21.56808,8.94,3.8,10.19,4.91,3.83,26.29517
2026-08-21T22:20:00.000Z,MCT2408039,15.163611,74.110833,29.214285714285715,342.9421428571428,505.07142857142856,86.83283642857144,10.266428571428568,10.299999999999999,9.019999999999998,28.94,11.76,2.3000000000000003,25.65932428571428
2026-08-21T22:30:00.000Z,MCT2408039,15.163611,74.110833,29,337.97,517,86.90265874999999,10.078749999999998,10.3,9.019999999999998,28.94,11.759999999999998,2.3,25.703277499999995
2026-08-21T22:40:00.000Z,MCT2408039,15.163611,74.110833,29,338.33187499999997,513.5,86.90027562499998,10.274999999999997,10.3,9.019999999999998,28.94,11.759999999999998,2.3,25.755560000000003
2026-08-21T22:50:00.000Z,MCT2408039,15.163611,74.110833,29,348.59625000000005,503.875,86.89503124999999,9.615624999999998,10.3,9.019999999999998,28.94,11.759999999999998,2.3,25.779022500000004
2026-08-21T23:00:00.000Z,MCT2408039,15.163611,74.110833,29,352.583125,501.375,86.90027624999999,9.639374999999998,10.3,9.019999999999998,28.94,11.759999999999998,2.3,25.797120625
2026-08-21T23:10:00.000Z,MCT2408039,15.163611,74.110833,29,355.3,496,87.01948687499998,10.193125,10.3,9.019999999999998,28.94,11.759999999999998,2.3,25.813877499999997
2026-08-21T23:10:54.735Z,MCT2408039,15.163611,74.110833,29,355.08000000000004,500.5,87.01758,9.96,10.3,9.02,28.94,11.76,2.3,25.83399
2026-08-21T22:20:00.000Z,MCT2408038,15.188889,74.055556,22.933333333333334,358.82466666666664,635.8,89.82926533333332,9.67,13.330000000000005,5.950000000000002,16.900000000000002,7.939999999999999,4.779333333333333,26.032757333333336
2026-08-21T22:30:00.000Z,MCT2408038,15.188889,74.055556,23.0625,361.74437500000005,619.25,90.03452625000001,9.681875,13.330000000000005,5.950000000000002,16.900000000000002,7.939999999999999,4.735625,26.073959375
2026-08-21T22:40:00.000Z,MCT2408038,15.188889,74.055556,23.0625,365.344375,620.625,90.32158500000001,9.756250000000001,13.330000000000005,5.950000000000002,16.900000000000002,7.939999999999999,4.7356250000000015,26.081333125
2026-08-21T22:50:00.000Z,MCT2408038,15.188889,74.055556,23.0625,358.6156250000001,640.5625,90.07267437499999,9.804375,13.330000000000005,5.950000000000002,16.900000000000002,7.939999999999999,4.7625,26.15641
2026-08-21T23:00:00.000Z,MCT2408038,15.188889,74.055556,23.25,370.824375,624.625,90.18425437500001,9.888125000000002,13.330000000000005,5.950000000000002,16.900000000000002,7.939999999999999,4.7575,26.161104375
2026-08-21T23:10:00.000Z,MCT2408038,15.188889,74.055556,22.9375,382.98249999999996,616.1875,90.39835437499998,9.510625000000001,13.330000000000005,5.950000000000002,16.900000000000002,7.939999999999999,4.76625,26.234838749999998
2026-08-21T23:10:54.735Z,MCT2408038,15.188889,74.055556,23,358.55,613,90.40503,9.44,13.33,5.95,16.9,8.27,4.6,26.28444
2026-08-21T22:20:00.000Z,MCT2408032,15.525556,73.828611,34.52173913043478,178.92999999999992,678.304347826087,89.24702086956525,14.302173913043482,17.86173913043479,7.120000000000002,17.255217391304345,7.263913043478263,2.71304347826087,26.129158260869566
2026-08-21T22:30:00.000Z,MCT2408032,15.525556,73.828611,34.4,178.92999999999995,681.84,89.11688440000003,14.227600000000002,18.379200000000008,7.120000000000002,17.069999999999997,7.080000000000002,2.8256,26.148876000000005
2026-08-21T22:40:00.000Z,MCT2408032,15.525556,73.828611,34.52,178.92999999999995,684.52,89.05463000000003,14.320800000000006,18.108400000000007,7.120000000000002,17.581599999999998,7.588400000000003,2.8895999999999993,26.1630332
2026-08-21T22:50:00.000Z,MCT2408032,15.525556,73.828611,35.44,178.92999999999995,677.72,88.96307480000002,15.138400000000004,17.974400000000003,7.176800000000002,18.9468,8.834000000000001,2.8271999999999995,26.23081759999999
2026-08-21T23:00:00.000Z,MCT2408032,15.525556,73.828611,34.76,178.92999999999995,682.32,88.73144480000002,14.539200000000005,18.465600000000002,7.233600000000003,20.083600000000004,9.852800000000006,2.8352,26.285300800000005
2026-08-21T23:10:00.000Z,MCT2408032,15.525556,73.828611,35.84,178.92999999999995,685.04,88.84741080000003,15.511600000000001,18.301200000000005,7.120000000000002,17.183599999999995,7.192800000000003,2.8971999999999998,26.2209508
2026-08-21T23:10:54.894Z,MCT2408032,15.525556,73.828611,32,178.93,675.5,88.75708,12.125,17.695,7.12,17.07,7.08,3.12,26.20937
2026-08-21T23:30:00.000Z,MCT2408028,15.186944,74.096667,41.92307692307692,529.0646153846153,502.0769230769231,92.02598153846154,18.35230769230769,12.103846153846153,4.990000000000001,12.160769230769233,5.1984615384615385,1.7423076923076921,25.63516076923077
2026-08-21T23:40:00.000Z,MCT2408028,15.186944,74.096667,41.84,528.0456,506.4,92.01605280000001,18.3428,12.1924,4.989999999999998,11.930000000000005,4.97,1.5872000000000002,25.668822399999996
2026-08-21T23:50:00.000Z,MCT2408028,15.186944,74.096667,41.96,523.9523999999999,502.88,91.81951839999998,18.397199999999998,12.306399999999995,4.989999999999998,11.930000000000005,4.97,1.3263999999999996,25.715153999999995
2026-08-22T00:00:00.000Z,MCT2408028,15.186944,74.096667,41.68,521.4444,500.44,91.89856000000002,18.1292,12.150799999999997,4.989999999999998,11.930000000000005,4.97,1.1436000000000002,25.657667999999994
2026-08-22T00:10:00.000Z,MCT2408028,15.186944,74.096667,41.68,519.0228,498.4,91.762452,18.1496,12.218799999999998,4.989999999999998,11.930000000000005,4.97,1.1227999999999998,25.652090799999993
2026-08-22T00:20:00.000Z,MCT2408028,15.186944,74.096667,41.8,521.4876,495.16,91.74597160000002,18.2784,12.283199999999997,4.989999999999998,11.930000000000005,4.97,1.1032,25.598462799999997
2026-08-22T00:24:47.450Z,MCT2408028,15.186944,74.096667,42,517.4358333333333,492.0833333333333,91.84634916666666,18.439166666666665,12.0575,4.990000000000001,11.930000000000001,4.97,1.5058333333333334,25.554239166666665
2026-08-21T23:30:00.000Z,MCT2408020,15.543475,74.039433,25.625,180,481.125,89.54100125,9.092541,19.585611249999996,6.610000000000001,19.455000000000002,9.87125,3.66,26.204003750000002
2026-08-21T23:40:00.000Z,MCT2408020,15.543475,74.039433,26.1875,180,477.5,89.22009000000001,9.2142638125,19.655119999999997,6.781249999999999,20.32875,10.685,3.6599999999999984,26.283773124999996
2026-08-21T23:50:00.000Z,MCT2408020,15.543475,74.039433,26.5,180,483.375,89.263004375,9.255228375000002,19.62794125,7.1875,20.67875,10.510625000000001,3.6599999999999984,26.273716875
2026-08-22T00:00:00.000Z,MCT2408020,15.543475,74.039433,29.375,180,481.375,89.39222749999999,9.261860625,19.741711249999998,8.814375,26.268125,13.591250000000002,3.6599999999999984,26.27103812500001
2026-08-22T00:10:00.000Z,MCT2408020,15.543475,74.039433,31.875,180,481.375,89.40176499999998,9.290080312499999,19.61279,10.608124999999998,31.802499999999995,16.439375000000002,3.6599999999999984,26.29181624999999
2026-08-22T00:20:00.000Z,MCT2408020,15.543475,74.039433,32.1875,180,480.9375,89.39031999999999,9.250806749999999,19.486394999999998,10.897499999999997,32.386875,16.73,3.6599999999999984,26.301870000000005
2026-08-22T00:24:47.451Z,MCT2408020,15.543475,74.039433,32,180,482.625,89.42942374999998,9.253017999999999,19.6993825,10.665000000000001,32.035,16.4975,3.66,26.29248625
2026-08-21T23:30:00.000Z,MCT2408056,15.579167,73.920833,26.11111111111111,180,518.4444444444445,89.8455388888889,6.86,9.439228,4.794444444444445,15.277777777777779,8.953333333333331,1.7600000000000002,26.01750555555556
2026-08-21T23:40:00.000Z,MCT2408056,15.579167,73.920833,26.625,180,519.1875,90.036911875,6.7787500000000005,9.94674275,4.807499999999999,16.22,9.898125000000002,1.7325,25.976764375
2026-08-21T23:50:00.000Z,MCT2408056,15.579167,73.920833,27.5625,180,518.375,90.06647437499998,6.931875000000001,10.119571312499998,5.33625,17.872500000000002,10.544375,1.6806249999999998,25.986148749999998
2026-08-22T00:00:00.000Z,MCT2408056,15.579167,73.920833,28.4375,180,519.75,89.86572624999998,6.959999999999998,9.751907187499999,5.806249999999999,19.354374999999997,11.363125000000002,1.6568749999999997,26.089377499999998
2026-08-22T00:10:00.000Z,MCT2408056,15.579167,73.920833,28,180,521,90.234799375,6.803125,9.5048414375,5.629999999999999,18.899374999999996,11.188125000000001,1.6812500000000001,26.032399375
2026-08-22T00:20:00.000Z,MCT2408056,15.579167,73.920833,31.5625,180,522.0625,90.31252500000002,6.786875,9.8493249375,8.679374999999999,25.955000000000002,14.469375000000001,1.6574999999999995,26.023686249999997
2026-08-22T00:24:47.465Z,MCT2408056,15.579167,73.920833,32.142857142857146,180,517,90.40611714285714,6.864285714285714,10.376592714285716,8.981428571428571,27.321428571428573,15.265714285714285,1.6642857142857146,26.02244
2026-08-21T23:30:00.000Z,MCT2408057,15.272222,74.104722,30,336.79999999999995,463.6923076923077,83.9740376923077,12.376923076923077,8.976153846153847,2.9799999999999995,7.7869230769230775,3.744615384615384,2.3892307692307693,27.95425846153846
2026-08-21T23:40:00.000Z,MCT2408057,15.272222,74.104722,29.92,339.32039999999995,465.88,83.6057136,12.351199999999999,8.913600000000004,2.9799999999999995,7.735999999999998,3.695599999999999,2.3727999999999994,28.016330000000004
2026-08-21T23:50:00.000Z,MCT2408057,15.272222,74.104722,29.88,339.2668,460.8,83.42901680000001,12.327999999999998,8.999200000000002,2.9799999999999995,7.488799999999998,3.452799999999999,2.3508,28.063090800000005
2026-08-22T00:00:00.000Z,MCT2408057,15.272222,74.104722,30,336.59839999999997,467.32,83.29962080000001,12.4768,8.949600000000002,2.9799999999999995,7.940399999999998,3.894399999999999,2.2976,28.10470399999999
2026-08-22T00:10:00.000Z,MCT2408057,15.272222,74.104722,29.84,332.63079999999985,477.08,83.67437759999997,12.3268,8.938000000000002,3.027999999999999,8.391600000000004,4.249600000000001,2.4615999999999993,27.9991708
2026-08-22T00:20:00.000Z,MCT2408057,15.272222,74.104722,29.32,305.434,473.24,84.07659919999998,11.95,9.078400000000002,4.267599999999999,12.5744,6.6424,2.6108000000000002,27.89320719999999
2026-08-22T00:24:47.465Z,MCT2408057,15.272222,74.104722,29.916666666666668,335.8775,469.4166666666667,84.20487333333334,12.5,8.8925,3.03,8.293333333333335,4.150833333333334,2.4791666666666665,27.82796416666666
2026-08-21T23:30:00.000Z,MCT2408055,15.585833,73.885556,21.125,88.93249999999999,747.25,90.27437624999999,8.9325,6.020000000000001,4.6375,13.651250000000001,7.585,1.5912499999999998,25.30175375
2026-08-21T23:40:00.000Z,MCT2408055,15.585833,73.885556,21.0625,88.34249999999997,752.6875,90.25720875,8.814375,6.199374999999999,4.680000000000001,13.980624999999998,7.8824999999999985,1.64,25.306445625
2026-08-21T23:50:00.000Z,MCT2408055,15.585833,73.885556,20.9375,88.82187500000002,756.875,90.13466,8.79625,6.205,4.549375000000001,13.651874999999999,7.712499999999999,1.6387499999999997,25.388224375000004
2026-08-22T00:00:00.000Z,MCT2408055,15.585833,73.885556,20.9375,86.23125,752.6875,90.092699375,8.77875,6.454375,4.76625,14.144374999999998,8.0525,1.5725000000000002,25.422411250000003
2026-08-22T00:10:00.000Z,MCT2408055,15.585833,73.885556,21.1875,78.02749999999999,761.8125,90.1117725,8.763750000000002,6.529374999999999,5.418750000000001,15.499999999999996,8.647499999999999,1.471875,25.4633
2026-08-22T00:20:00.000Z,MCT2408055,15.585833,73.885556,21,73.10937500000001,764.5625,90.22049312499999,8.801250000000001,6.285,4.898125000000001,14.308749999999998,8.009375,1.4824999999999997,25.405653125
2026-08-22T00:24:47.465Z,MCT2408055,15.585833,73.885556,21.285714285714285,74.23142857142857,774.7142857142857,90.24045285714284,8.784285714285714,7.178571428571429,5.591428571428572,16.165714285714287,9.054285714285713,1.5871428571428574,25.427965714285715
2026-08-21T23:30:00.000Z,MCT2408052,15.444425,74.063856,14.555555555555555,160,714.6666666666666,89.49543555555556,3.6685380000000003,8,4.198888888888888,11.876666666666665,5.636666666666667,2,25.907870000000003
2026-08-21T23:40:00.000Z,MCT2408052,15.444425,74.063856,14.6875,160,708.4375,89.530509375,3.6618423750000004,8,4.285,12.089999999999996,5.715624999999999,2,25.834658125000004
2026-08-21T23:50:00.000Z,MCT2408052,15.444425,74.063856,14.9375,160,709.25,89.64685749999998,3.688903750000001,8,4.536875,12.628124999999997,5.844999999999999,2,25.796450625
2026-08-22T00:00:00.000Z,MCT2408052,15.444425,74.063856,15.6875,160,715.8125,89.911026875,3.5967106250000005,8,4.934999999999999,13.901249999999997,6.49375,2,25.750198125000008
2026-08-22T00:10:00.000Z,MCT2408052,15.444425,74.063856,15.75,160,710.0625,90.00210187499998,3.6192983750000005,8,5.080624999999999,14.460624999999999,6.859375000000001,2,25.754220625
2026-08-22T00:20:00.000Z,MCT2408052,15.444425,74.063856,15.375,160,696.5625,90.034526875,3.6047370625000013,8,4.913124999999997,13.833124999999997,6.490624999999999,2,25.774329999999992
2026-08-22T00:24:47.655Z,MCT2408052,15.444425,74.063856,15.571428571428571,160,738.5714285714286,90.03227857142858,3.6715788571428574,8,4.922857142857142,14.137142857142857,6.7542857142857144,2,25.78955714285714
2026-08-21T23:30:00.000Z,MCT2408053,15.263333,74.110833,43.333333333333336,239.94868888888888,898.7777777777778,93.54071333333333,17.066666666666666,25.713333333333335,4.59,11.777777777777779,5.765555555555555,5.751111111111111,25.851861111111113
2026-08-21T23:40:00.000Z,MCT2408053,15.263333,74.110833,43.875,235.13511875,876.3125,93.25174750000001,17.538125,25.379375000000003,4.590000000000002,11.669999999999996,5.64,5.5024999999999995,25.885600625000002
2026-08-21T23:50:00.000Z,MCT2408053,15.263333,74.110833,44.3125,230.3969625,891.625,92.85263375,17.769375,27.21375,4.590000000000002,11.730624999999996,5.710625,5.44625,25.901020000000006
2026-08-22T00:00:00.000Z,MCT2408053,15.263333,74.110833,42.625,205.46944375,867.0625,93.135398125,16.46625,27.390625,4.647500000000002,13.248125000000003,7.3325,5.609375000000001,25.917106874999995
2026-08-22T00:10:00.000Z,MCT2408053,15.263333,74.110833,46.0625,205.03518124999997,883.1875,92.89364249999998,19.39875,26.076250000000005,4.590000000000002,13.792499999999999,8.106875,5.5181249999999995,25.9090625
2026-08-22T00:20:00.000Z,MCT2408053,15.263333,74.110833,42.25,183.6838375,894.6875,92.78730750000001,16.093750000000004,25.859375000000004,5.795625000000002,18.593750000000004,11.490000000000002,5.50125,25.91442500000001
2026-08-22T00:24:47.654Z,MCT2408053,15.263333,74.110833,42.285714285714285,174.28894285714287,903,92.66114857142858,16.122857142857146,26.362857142857145,5.51,17.77857142857143,10.95857142857143,5.881428571428572,25.893741428571428
2026-08-21T23:30:00.000Z,MCT2408021,15.500556,74.053333,49.44444444444444,375,541.8888888888889,90.12359111111112,21.11111111111111,14.272266666666667,2.86,7.731111111111111,4.182222222222221,4.27,25.580156666666667
2026-08-21T23:40:00.000Z,MCT2408021,15.500556,74.053333,49.375,375,540.875,90.17090250000001,20.996875,14.250966250000001,2.86,7.881875,4.346875,4.3031250000000005,25.546418124999995
2026-08-21T23:50:00.000Z,MCT2408021,15.500556,74.053333,49.13333333333333,375,541.3333333333334,90.03424066666663,20.969333333333335,14.336124666666668,2.86,8.725333333333333,5.268,4.266666666666667,25.540116666666666
2026-08-22T00:00:00.000Z,MCT2408021,15.500556,74.053333,49.375,375,535.25,90.02117500000003,21.105,14.249825000000003,2.86,8.39875,4.911249999999999,4.2625,25.514913749999995
2026-08-22T00:10:00.000Z,MCT2408021,15.500556,74.053333,49.25,375,535.375,90.00448562499999,21.019375,14.232978749999997,8.54125,25.789375,15.951875000000001,4.2718750000000005,25.502178125
2026-08-22T00:20:00.000Z,MCT2408021,15.500556,74.053333,49.125,375,533.9375,90.01879062500001,20.970625,14.292378125,12.291250000000002,36.52250000000001,22.380625000000002,4.158125,25.48877125
2026-08-22T00:24:47.663Z,MCT2408021,15.500556,74.053333,49.125,375,528.5,89.92819375,20.92875,14.322647499999999,5.177499999999999,15.271250000000002,9.346250000000001,4.24625,25.524297499999996
2026-08-21T23:30:00.000Z,MCT2408051,15.486528,74.033889,53.75,262.30375,837.625,98.312895,22.575000000000003,5.19,3.73,10.6475,5.057500000000001,4.39,24.7708625
2026-08-21T23:40:00.000Z,MCT2408051,15.486528,74.033889,53.9375,263.73437499999994,852.8125,98.338644375,22.746875,5.1899999999999995,3.7299999999999986,10.879999999999997,5.290625000000001,4.39,24.734665624999998
2026-08-21T23:50:00.000Z,MCT2408051,15.486528,74.033889,54.0625,269.483125,859.3125,98.54607187499998,22.799374999999998,5.1899999999999995,3.7299999999999986,11.112499999999999,5.5225,4.39,24.754775
2026-08-22T00:00:00.000Z,MCT2408051,15.486528,74.033889,53.9375,266.744375,845.3125,98.652405,22.71,5.1899999999999995,3.7299999999999986,11.073749999999999,5.483750000000001,4.39,24.772873125000007
2026-08-22T00:10:00.000Z,MCT2408051,15.486528,74.033889,53.9375,260.62687500000004,836.25,98.71343999999999,22.666874999999997,5.1899999999999995,4.974375000000001,14.995,7.701249999999998,4.39,24.789630000000006
2026-08-22T00:20:00.000Z,MCT2408051,15.486528,74.033889,53.875,261.22937499999995,835.25,98.686258125,22.673125,5.1899999999999995,4.896250000000001,14.994375000000002,7.856249999999998,4.39,24.778905625
2026-08-22T00:24:47.665Z,MCT2408051,15.486528,74.033889,53.75,263.135,830.125,98.63046874999999,22.550000000000004,5.19,3.73,12.0425,6.45875,4.39,24.764158750000004
2026-08-21T23:30:00.000Z,MCT2408043,15.221111,74.087222,33,201.28750000000002,590.75,87.66321625,14.248750000000001,10.37125,6.329999999999999,19.31,10.25,5.29,25.96402875
2026-08-21T23:40:00.000Z,MCT2408043,15.221111,74.087222,33,197.804,590.3333333333334,87.39701266666667,14.274666666666663,10.344666666666667,6.329999999999999,19.396,10.335333333333333,5.290000000000001,26.139294666666665
2026-08-21T23:50:00.000Z,MCT2408043,15.221111,74.087222,33,198.60687500000006,595.75,87.43910250000002,14.252499999999996,10.405625,6.329999999999999,19.551875,10.49,5.290000000000001,26.135629374999997
2026-08-22T00:00:00.000Z,MCT2408043,15.221111,74.087222,33,198.91937499999997,577.9375,87.73283375000003,14.278125,10.385625000000003,6.806249999999999,21.805625000000003,11.850000000000001,5.290000000000001,25.95062062500001
2026-08-22T00:10:00.000Z,MCT2408043,15.221111,74.087222,33,206.39000000000004,559.4,87.50840266666665,14.227999999999998,10.401333333333334,6.329999999999999,19.826,10.762,5.290000000000001,25.93837733333334
2026-08-22T00:20:00.000Z,MCT2408043,15.221111,74.087222,33,191.96499999999997,569.25,87.42432000000001,14.268124999999998,10.4025,6.329999999999999,19.551875000000003,10.49,5.290000000000001,25.989500625
2026-08-22T00:24:47.665Z,MCT2408043,15.221111,74.087222,37.142857142857146,167.79857142857145,579.7142857142857,87.51349000000002,14.355714285714285,10.350000000000003,13.387142857142859,41.01571428571429,21.41142857142857,5.29,25.99332857142857
2026-08-21T23:30:00.000Z,MCT2408050,15.553611,73.958333,27.625,86.02999999999999,527.25,92.79589124999998,11.467499999999998,4.0475,7,21.362499999999997,11.37875,3.03,25.493463750000004
2026-08-21T23:40:00.000Z,MCT2408050,15.553611,73.958333,27.5,86.02999999999999,556.9375,92.77681625,11.289375000000001,4.003749999999999,6.736250000000001,20.932500000000005,11.37875,3.0162500000000003,25.48206875
2026-08-21T23:50:00.000Z,MCT2408050,15.553611,73.958333,27.5,86.02999999999999,563.0625,92.96564312500001,11.338125000000002,4.15125,6.99875,21.683125,11.591249999999999,3.0512499999999996,25.425763749999994
2026-08-22T00:00:00.000Z,MCT2408050,15.553611,73.958333,27.5625,86.02999999999999,574.25,92.99186937500001,11.352500000000001,3.9368750000000006,6.7356250000000015,20.395000000000003,10.793750000000001,2.850625,25.456596875
2026-08-22T00:10:00.000Z,MCT2408050,15.553611,73.958333,27.5625,86.02999999999999,560.25,92.81496625000003,11.32,3.9499999999999997,7.1575,22.00625,11.697500000000002,2.7612499999999995,25.536363125000005
2026-08-22T00:20:00.000Z,MCT2408050,15.553611,73.958333,27.625,86.02999999999999,545.25,92.89650312500002,11.431250000000002,4.029999999999999,6.628125000000001,20.770625000000003,11.166250000000002,2.9562500000000003,25.545748125000003
2026-08-22T00:24:47.853Z,MCT2408050,15.553611,73.958333,27.25,86.02999999999999,562.25,92.92463500000001,11.1625,3.9037500000000005,6.99875,21.896249999999995,11.803749999999999,2.9700000000000006,25.584625
2026-08-21T23:30:00.000Z,MCT2408034,15.356389,74.123611,21,190.61790000000002,444.38461538461536,76.63455923076923,7.0223076923076935,2.532307692307692,6.38,17.819999999999997,8.44,2.386923076923077,29.243742307692308
2026-08-21T23:40:00.000Z,MCT2408034,15.356389,74.123611,21.083333333333332,189.57711249999997,446.25,76.83074666666666,7.608333333333334,3.319166666666666,6.379999999999998,17.819999999999997,8.44,1.9454166666666666,29.258421249999998
2026-08-21T23:50:00.000Z,MCT2408034,15.356389,74.123611,21,186.48412,452.16,76.9870608,6.838000000000001,3.1567999999999987,6.379999999999998,17.819999999999997,8.44,2.05,29.263444000000007
2026-08-22T00:00:00.000Z,MCT2408034,15.356389,74.123611,21.08,188.87673600000002,451.04,77.1738284,7.090400000000001,3.2659999999999996,6.379999999999998,17.895199999999996,8.515199999999998,1.8507999999999998,29.19823519999999
2026-08-22T00:10:00.000Z,MCT2408034,15.356389,74.123611,32.36,185.823972,454.92,77.35693440000001,7.647199999999998,3.9547999999999983,13.087600000000002,40.02760000000001,20.7792,1.4399999999999997,29.1999512
2026-08-22T00:20:00.000Z,MCT2408034,15.356389,74.123611,22.16,180.40833600000002,459.16,77.47015360000002,7.014400000000002,4.474,6.4163999999999985,19.432799999999997,10.015199999999998,1.5583999999999998,29.2119636
2026-08-22T00:24:47.853Z,MCT2408034,15.356389,74.123611,21.083333333333332,184.21416666666667,460.5,77.4719325,8.0175,3.620833333333333,6.38,17.89833333333333,8.518333333333333,1.8100000000000003,29.239205000000002
2026-08-21T23:30:00.000Z,MCT2408030,15.142519,74.075003,25,168.897575,447,83.85233249999999,9.020000000000001,6.200000000000001,9.37,24.64,12.31,4.46375,26.045805
2026-08-21T23:40:00.000Z,MCT2408030,15.142519,74.075003,25,168.7632866666667,436.8,83.78678266666667,9.002,6.200000000000002,9.370000000000001,24.639999999999993,12.31,4.262,25.955537333333332
2026-08-21T23:50:00.000Z,MCT2408030,15.142519,74.075003,25,166.80446874999996,435.375,83.82276750000001,9.266874999999999,6.200000000000002,9.370000000000001,24.639999999999993,12.31,4.476875,25.865491250000005
2026-08-22T00:00:00.000Z,MCT2408030,15.142519,74.075003,25,165.04136666666668,442.8666666666667,83.94293133333332,9.140000000000002,6.200000000000002,9.370000000000001,24.639999999999993,12.31,4.3133333333333335,25.817544000000005
2026-08-22T00:10:00.000Z,MCT2408030,15.142519,74.075003,25.0625,163.02715625,440.625,83.99252499999999,9.193124999999998,6.200000000000002,9.370000000000001,24.69687499999999,12.368750000000002,4.319375,25.856778124999998
2026-08-22T00:20:00.000Z,MCT2408030,15.142519,74.075003,25,164.6643,450,83.98616666666666,8.996666666666668,6.200000000000002,9.370000000000001,24.639999999999993,12.31,4.288666666666667,25.911921999999997
2026-08-22T00:24:47.858Z,MCT2408030,15.142519,74.075003,25,163.4892875,462.625,84.04020374999999,9.105,6.200000000000001,9.37,24.64,12.31,3.92,25.93721625
2026-08-21T23:30:00.000Z,MCT2408023,15.499722,74.020833,27,208.77875,468.5,91.6085625,7.3975,17.68125,6.34,17.73,10.15,5.081250000000001,25.002789999999997
2026-08-21T23:40:00.000Z,MCT2408023,15.499722,74.020833,27.8125,211.48999999999995,465.75,91.61190312500001,6.954375000000001,18.374374999999997,6.340000000000002,18.760624999999997,11.328125,4.828125000000001,24.955199375000007
2026-08-21T23:50:00.000Z,MCT2408023,15.499722,74.020833,35.75,170.453125,474.875,91.73302,7.0249999999999995,17.982499999999998,11.4075,34.352500000000006,20.753124999999997,4.6575,24.923021249999998
2026-08-22T00:00:00.000Z,MCT2408023,15.499722,74.020833,27.875,204.46499999999997,470.3125,91.76639812499997,6.556875,17.65875,6.340000000000002,18.838749999999997,11.418750000000003,4.635625,24.89017687500001
2026-08-22T00:10:00.000Z,MCT2408023,15.499722,74.020833,27.9375,196.993125,477.0625,91.79596250000002,7.0687500000000005,17.545000000000005,6.340000000000002,18.91875,11.509375,4.779375,24.900231874999996
2026-08-22T00:20:00.000Z,MCT2408023,15.499722,74.020833,30.625,197.119375,465.75,91.80025624999999,6.7775,18.0925,7.051875,23.034374999999997,14.953124999999998,4.7524999999999995,24.882133125000003
2026-08-22T00:24:47.863Z,MCT2408023,15.499722,74.020833,29.428571428571427,205.28,460.7142857142857,91.81211,7.214285714285714,18.10142857142857,6.339999999999999,20.805714285714288,13.671428571428573,5.017142857142857,24.86106571428572
2026-08-21T23:30:00.000Z,MCT2408029,15.333611,74.206944,12.75,120,487.625,92.6833575,3.73,8.06625,2.9400000000000004,8.67,4.71,3.5,25.81253625
2026-08-21T23:40:00.000Z,MCT2408029,15.333611,74.206944,24.533333333333335,120,491.53333333333336,92.3556093333333,15.177333333333337,10.483999999999998,2.9399999999999995,8.67,4.709999999999999,3.683333333333333,25.947672
2026-08-21T23:50:00.000Z,MCT2408029,15.333611,74.206944,12.875,120,499.75,92.22463875,4.000625,7.7612499999999995,2.9399999999999995,8.67,4.709999999999999,3.535,25.96872
2026-08-22T00:00:00.000Z,MCT2408029,15.333611,74.206944,12.933333333333334,120,491.2,92.24066066666667,3.8233333333333324,7.518666666666666,2.9399999999999995,8.67,4.709999999999999,3.5626666666666664,25.968408000000007
2026-08-22T00:10:00.000Z,MCT2408029,15.333611,74.206944,12.8,120,491.3333333333333,91.95837466666669,3.9779999999999998,7.766000000000001,2.9399999999999995,8.67,4.709999999999999,3.6819999999999995,26.06064266666667
2026-08-22T00:20:00.000Z,MCT2408029,15.333611,74.206944,12.5625,120,495.375,92.26087874999999,3.176875,7.836875000000001,2.9399999999999995,8.67,4.709999999999999,3.64875,25.982126875000002
2026-08-22T00:24:47.859Z,MCT2408029,15.333611,74.206944,12,120,491.57142857142856,92.59793571428573,2.067142857142857,7.408571428571428,2.9400000000000004,8.67,4.71,3.5,25.800278571428574
2026-08-21T23:30:00.000Z,MCT2408040,15.528056,74.020833,18.875,100,485.25,89.14617999999999,8.19375,4.851249999999999,3.07,8.42,3.7325,3.5,26.056530000000002
2026-08-21T23:40:00.000Z,MCT2408040,15.528056,74.020833,18.9375,100,487,89.13425812499999,7.9437500000000005,4.803125,3.07,8.42,3.756249999999999,3.5,26.05921125
2026-08-21T23:50:00.000Z,MCT2408040,15.528056,74.020833,18.75,100,488.3125,89.11899875,7.908125000000001,4.811875000000001,3.07,8.42,3.7299999999999986,3.5,26.098091250000003
2026-08-22T00:00:00.000Z,MCT2408040,15.528056,74.020833,18.9375,100,487.1875,89.0608275,7.886875000000001,4.860625,3.07,8.42,3.7299999999999986,3.5,26.157081249999994
2026-08-22T00:10:00.000Z,MCT2408040,15.528056,74.020833,19,100,490.25,89.10278437499998,8.076875000000001,4.8125,3.07,8.42,3.7299999999999986,3.5,26.164458125000003
2026-08-22T00:20:00.000Z,MCT2408040,15.528056,74.020833,18.625,100,500.25,89.12662812500001,7.801875000000002,4.829999999999999,3.07,8.42,3.742499999999999,3.5,26.14836625000001
2026-08-22T00:24:48.050Z,MCT2408040,15.528056,74.020833,18.75,100,494.5,89.16811375,7.82375,4.819999999999999,3.07,8.42,3.73,3.5,26.12088125
2026-08-21T23:30:00.000Z,MCT2408027,15.275556,74.1075,20,1174.7688888888888,648.1111111111111,91.42737000000001,6.579999999999999,12.766666666666671,4.93,13.144444444444442,6.259999999999999,2.9499999999999997,26.19387333333334
2026-08-21T23:40:00.000Z,MCT2408027,15.275556,74.1075,19.5,1167.884375,650.1875,91.03159375000001,6.579999999999999,12.803125000000005,4.9300000000000015,12.444375000000003,5.558749999999999,2.9500000000000006,26.195960625
2026-08-21T23:50:00.000Z,MCT2408027,15.275556,74.1075,19.8125,1167.7649999999999,657.125,91.08929062500002,6.579999999999999,12.771250000000006,4.9300000000000015,12.997500000000004,6.1156250000000005,2.9500000000000006,26.19462
2026-08-22T00:00:00.000Z,MCT2408027,15.275556,74.1075,19.75,1163.49375,647.3125,91.21326812500001,6.579999999999999,12.917500000000006,4.9300000000000015,12.875000000000002,5.991875,2.9500000000000006,26.153728124999997
2026-08-22T00:10:00.000Z,MCT2408027,15.275556,74.1075,19.8125,1170.19125,654.9375,91.22709750000003,6.579999999999999,12.736875000000005,4.9300000000000015,12.998125000000002,6.114999999999999,2.9500000000000006,26.147693125000007
2026-08-22T00:20:00.000Z,MCT2408027,15.275556,74.1075,21.666666666666668,1164.2413333333332,678.4666666666667,91.37345333333336,6.579999999999999,12.838000000000005,5.2600000000000025,16.560666666666666,9.024666666666667,2.9500000000000006,26.12642266666667
2026-08-22T00:24:48.050Z,MCT2408027,15.275556,74.1075,20.625,1169.9937499999999,638.25,91.25284375000001,6.579999999999999,12.773750000000003,4.93,14.4175,7.5375000000000005,2.9499999999999997,26.167808750000003
2026-08-21T23:30:00.000Z,MCT2408046,15.529167,74.07,31,95.52,813.3846153846154,89.11566076923077,13.413076923076924,0.743076923076923,7.392307692307693,21.87846153846154,10.561538461538463,3.623846153846153,26.54844230769231
2026-08-21T23:40:00.000Z,MCT2408046,15.529167,74.07,31,95.52,814.64,88.5849608,13.394399999999997,0.8156,8.194799999999999,23.951600000000003,11.372,3.588400000000001,26.67740679999999
2026-08-21T23:50:00.000Z,MCT2408046,15.529167,74.07,30.88,95.52,820.88,87.90411359999996,13.308800000000002,0.9495999999999998,8.674399999999999,25.373200000000008,12.121199999999996,3.5344000000000007,26.846437200000004
2026-08-22T00:00:00.000Z,MCT2408046,15.529167,74.07,30.84,95.52,820.56,87.6135868,13.1864,0.9647999999999999,6.195999999999999,18.1752,8.9036,3.7044000000000006,26.867457999999996
2026-08-22T00:10:00.000Z,MCT2408046,15.529167,74.07,30.88,95.52,824.36,87.58642440000001,13.137600000000004,1.0292000000000001,5.211200000000002,15.150400000000001,7.451600000000001,3.7108,26.821554799999998
2026-08-22T00:20:00.000Z,MCT2408046,15.529167,74.07,30.8,95.52,819.72,87.47320559999999,13.1072,1.0512000000000001,5.060000000000001,14.218000000000002,6.688800000000001,3.7199999999999993,26.849439200000006
2026-08-22T00:24:48.056Z,MCT2408046,15.529167,74.07,30.833333333333332,95.52,828.6666666666666,87.31830416666668,13.066666666666668,1.075,5.0600000000000005,14.07,6.653333333333332,3.625,26.9136475
2026-08-21T23:30:00.000Z,MCT2408044,15.313669,74.140042,26,214.29,489,94.38471125000001,10.87375,3.385,2.8700000000000006,7.5,4.32,3.580448875,25.206570000000003
2026-08-21T23:40:00.000Z,MCT2408044,15.313669,74.140042,25.933333333333334,214.29,482.6,94.60984266666668,10.907333333333332,3.348,2.8699999999999997,7.5,4.320000000000001,3.709658066666667,25.091096
2026-08-21T23:50:00.000Z,MCT2408044,15.313669,74.140042,25.9375,214.29,489.5625,94.88443874999999,10.910625,3.34625,2.8699999999999997,7.5,4.32,3.801362125,25.010834999999997
2026-08-22T00:00:00.000Z,MCT2408044,15.313669,74.140042,25.75,214.29,487.75,94.553035,10.749374999999999,3.6550000000000007,2.8699999999999997,7.5,4.32,3.8651440625,25.112723125
2026-08-22T00:10:00.000Z,MCT2408044,15.313669,74.140042,25.333333333333332,214.29,482.6666666666667,94.479126,10.644000000000002,3.533333333333333,2.8699999999999997,7.5,4.320000000000001,3.734359,25.122558
2026-08-22T00:20:00.000Z,MCT2408044,15.313669,74.140042,25.5625,214.29,484.25,94.772858125,10.729375000000001,3.4400000000000004,2.8699999999999997,7.5,4.32,3.7696313124999996,25.01217625
2026-08-22T00:24:48.055Z,MCT2408044,15.313669,74.140042,25.5,214.29,486.5,94.634575,10.6825,3.3612499999999996,2.8700000000000006,7.5,4.32,3.735256375,25.095295
2026-08-21T23:30:00.000Z,MCT2408049,15.475278,74.055833,56.75,150.9142,537.125,87.98841750000001,24.361250000000002,12.735,3.829999999999999,10.055,4.69625,2.61,26.331363749999994
2026-08-21T23:40:00.000Z,MCT2408049,15.475278,74.055833,56.6875,150.08306875,536.25,87.91164812500001,24.3,12.140625,3.8299999999999987,10.055000000000003,4.69625,2.61,26.311254374999997
2026-08-21T23:50:00.000Z,MCT2408049,15.475278,74.055833,57,150.678625,541.4375,87.83154000000003,24.400624999999994,12.396875,4.31125,12.591249999999999,6.283124999999999,2.61,26.343429999999998
2026-08-22T00:00:00.000Z,MCT2408049,15.475278,74.055833,56.8125,150,537.625,87.82772562500003,24.341874999999995,12.423749999999998,4.50375,13.405624999999999,6.716874999999999,2.61,26.33270437499999
2026-08-22T00:10:00.000Z,MCT2408049,15.475278,74.055833,56.75,150.81135625000002,545.375,87.93167312500003,24.225,12.01125,4.0225,11.680625000000001,5.9475,2.61,26.260313125000007
2026-08-22T00:20:00.000Z,MCT2408049,15.475278,74.055833,56.6875,150.170975,541.6875,87.93835062500003,24.090624999999996,11.91875,5.031875000000001,14.410625,7.193125,2.61,26.272376875000003
2026-08-22T00:24:48.056Z,MCT2408049,15.475278,74.055833,56.875,150,542.625,87.84822875,24.258750000000003,12.603750000000002,5.845,16.661250000000003,8.44125,2.61,26.283099999999997
2026-08-21T23:30:00.000Z,MCT2408024,15.148056,74.131667,41,216.84162307692307,657.5384615384615,81.37828076923077,17.858603846153844,7.529137846153846,5,15.066923076923079,8.066923076923075,2.5430769230769235,27.02364692307693
2026-08-21T23:40:00.000Z,MCT2408024,15.148056,74.131667,40.76,217.284468,655.76,81.5299076,17.706989600000007,5.268109760000001,5,14.990000000000004,7.990000000000002,2.546,26.950683599999998
2026-08-21T23:50:00.000Z,MCT2408024,15.148056,74.131667,40.76,218.67945600000007,632.48,81.66509959999999,17.728342399999995,5.06176048,5,14.990000000000004,7.990000000000002,2.5460000000000003,26.888907999999986
2026-08-22T00:00:00.000Z,MCT2408024,15.148056,74.131667,40.833333333333336,218.5675041666667,573.0416666666666,81.65157124999999,17.688622916666667,5.153619666666667,5,15.073333333333338,8.073333333333336,2.5475,26.93867208333334
2026-08-22T00:10:00.000Z,MCT2408024,15.148056,74.131667,41.04,218.29992399999995,501.88,81.76001159999998,17.8754556,5.14747488,5,16.070000000000004,9.070000000000002,2.5328000000000004,26.946822800000003
2026-08-22T00:20:00.000Z,MCT2408024,15.148056,74.131667,41.16,218.65155600000006,507.28,81.87200960000001,17.980547200000004,5.18961056,5,16.190000000000005,9.190000000000003,2.5340000000000007,26.922798800000006
2026-08-22T00:24:48.253Z,MCT2408024,15.148056,74.131667,40.916666666666664,217.59729166666668,572.4166666666666,81.71832916666668,17.803475,5.351130666666667,5,16.490000000000002,9.489999999999998,2.5633333333333335,27.00302333333333
2026-08-21T23:30:00.000Z,MCT2408041,15.224628,74.171389,32.888888888888886,445.7310777777778,478,91.53926666666668,13.794444444444443,9.700000000000001,8.090000000000002,20.25,8.9,8.077777777777776,25.751763333333333
2026-08-21T23:40:00.000Z,MCT2408041,15.224628,74.171389,32.5625,456.38604999999995,470.9375,91.796918125,13.667499999999997,9.7,8.090000000000002,20.25,8.900000000000002,8.080000000000002,25.659034999999996
2026-08-21T23:50:00.000Z,MCT2408041,15.224628,74.171389,32.9375,452.87980625,465.1875,91.42021562500001,13.74375,9.7,8.090000000000002,20.25,8.900000000000002,7.991250000000002,25.789746875
2026-08-22T00:00:00.000Z,MCT2408041,15.224628,74.171389,32.86666666666667,438.5527733333332,472.2,91.37142000000001,13.775333333333332,9.7,8.090000000000002,20.628,9.276000000000002,8.020000000000001,25.916928
2026-08-22T00:10:00.000Z,MCT2408041,15.224628,74.171389,32.6875,429.56534375,465.125,91.58901624999997,13.717499999999998,9.7,8.140000000000002,22.781250000000004,11.3225,7.828749999999999,25.92448
2026-08-22T00:20:00.000Z,MCT2408041,15.224628,74.171389,32.9375,427.4102375,468.75,91.56708187500001,13.789375000000001,9.7,8.090000000000002,21.76875,10.411875,7.926874999999999,25.99486187499999
2026-08-22T00:24:48.253Z,MCT2408041,15.224628,74.171389,32.875,447.363925,467.625,91.59807625,13.7575,9.700000000000001,8.090000000000002,20.25,8.9,8.132499999999999,25.984136250000002
2026-08-21T23:30:00.000Z,MCT2408037,15.394444,74.118333,25,160,444.875,85.64619375,10.42125,12.61125,3.7199999999999998,11.756250000000001,5.53125,4.107500000000001,25.720035
2026-08-21T23:40:00.000Z,MCT2408037,15.394444,74.118333,25.0625,160,454.8125,85.66193000000001,10.274375000000003,12.685,3.9049999999999994,14.718124999999999,7.869999999999999,4.0375,25.7240575
2026-08-21T23:50:00.000Z,MCT2408037,15.394444,74.118333,25.125,160,453,85.66383625,10.318125,12.61875,3.7662499999999994,13.696250000000003,7.216875,3.875,25.753548749999997
2026-08-22T00:00:00.000Z,MCT2408037,15.394444,74.118333,25.125,160.02556875,451.8125,85.669559375,10.416875000000001,13.661875,3.7199999999999993,13.033125000000002,6.701875,4.023124999999999,25.770979374999996
2026-08-22T00:10:00.000Z,MCT2408037,15.394444,74.118333,25.0625,160,450.3125,85.58897312500001,10.428125,13.195625,3.7199999999999993,13.491250000000003,7.12375,3.978125,25.77634125
2026-08-22T00:20:00.000Z,MCT2408037,15.394444,74.118333,25.1875,160.10497500000002,449.3125,85.64190312500001,10.629375000000003,13.241874999999999,3.7199999999999993,12.574375000000002,6.28125,3.8343749999999996,25.762934375000004
2026-08-22T00:24:48.251Z,MCT2408037,15.394444,74.118333,25.375,160.102275,445.125,85.69483000000001,10.6725,13.08125,3.7199999999999998,12.7775,6.4675,3.7762499999999997,25.72271375
2026-08-21T23:30:00.000Z,MCT2408042,15.213889,74.071667,61.25,254.68374999999997,484.5,90.17805625000001,26.18,13.848750000000003,4.891249999999999,14.706249999999999,7.745,4.00125,26.379626249999998
2026-08-21T23:40:00.000Z,MCT2408042,15.213889,74.071667,61,253.666875,487.75,90.16994875,26.0325,13.803125,5.80125,17.213750000000005,8.884375,3.7762499999999997,26.439283750000005
2026-08-21T23:50:00.000Z,MCT2408042,15.213889,74.071667,61.1875,269.070625,474,90.26817875000002,26.152499999999996,14.113750000000003,5.118749999999999,15.96,8.598125,4.068124999999999,26.326001875000003
2026-08-22T00:00:00.000Z,MCT2408042,15.213889,74.071667,60.25,256.63687500000003,448.875,90.11463625000002,25.51,14.178750000000003,5.459999999999999,17.385624999999994,9.280625,4.093125000000001,26.224113750000004
2026-08-22T00:10:00.000Z,MCT2408042,15.213889,74.071667,60.25,268.89875,457,90.13895375000001,25.586875,13.663125,5.573749999999999,17.271250000000002,9.11,3.86625,26.19462
2026-08-22T00:20:00.000Z,MCT2408042,15.213889,74.071667,61.0625,270.84437499999996,461.375,90.146105625,26.072499999999998,13.685,5.175624999999999,16.815624999999997,9.166875,3.8693749999999993,26.193278750000005
2026-08-22T00:24:48.251Z,MCT2408042,15.213889,74.071667,60.5,272.96,459.5,90.18282375,25.75,13.7825,5.11875,16.18625,8.8825,4.125,26.14635375
2026-08-21T23:30:00.000Z,MCT2408033,15.346944,74.007778,20,111.85866250000001,481.875,91.33104625000001,8.26625,4.598750000000001,3.0300000000000002,6.733750000000001,3.6037500000000002,4.39,25.750868749999995
2026-08-21T23:40:00.000Z,MCT2408033,15.346944,74.007778,20.25,110.68538125,499.5,91.23472687500002,8.250625,4.3968750000000005,3.0300000000000007,7.14875,4.0825000000000005,4.39,25.815218125
2026-08-21T23:50:00.000Z,MCT2408033,15.346944,74.007778,19.5625,110.6308,499,91.194669375,7.836250000000002,4.448124999999999,3.0300000000000007,7.27625,4.2299999999999995,4.39,25.859459375
2026-08-22T00:00:00.000Z,MCT2408033,15.346944,74.007778,20.1875,110.55408125,493.3125,91.12314750000002,8.266875,4.5581249999999995,3.636250000000001,9.295625000000003,5.660000000000001,4.39,25.864821874999997
2026-08-22T00:10:00.000Z,MCT2408033,15.346944,74.007778,20.5,110.3550625,506.3125,91.262381875,8.571874999999999,4.546250000000001,3.6375000000000006,9.423125000000002,5.659999999999999,4.39,25.808515
2026-08-22T00:20:00.000Z,MCT2408033,15.346944,74.007778,20,110.6990375,489.4375,91.14031125000002,8.273125000000002,4.37,3.7137500000000006,9.583125,5.77,4.39,25.823263125
2026-08-22T00:24:48.257Z,MCT2408033,15.346944,74.007778,20.75,110.0368625,503,91.141265,8.7675,4.7212499999999995,6.286249999999999,15.25625,8.825000000000001,4.39,25.801812499999997
2026-08-21T23:30:00.000Z,MCT2408022,15.475833,74.038889,25.875,150,442.625,90.6091125,4.08125,11.019705,5,15.125,8.125,4.257006250000001,25.55245125
2026-08-21T23:40:00.000Z,MCT2408022,15.475833,74.038889,26.0625,150,446.6875,90.64297062500003,4.077500000000001,11.294741875,5.1875,15.625,8.25,4.2725389375,25.481398125000002
2026-08-21T23:50:00.000Z,MCT2408022,15.475833,74.038889,26.625,150,447.625,90.62771125000003,3.83,11.277107500000001,5.5,16.8125,8.8125,4.2927821875,25.511560624999998
2026-08-22T00:00:00.000Z,MCT2408022,15.475833,74.038889,26.1875,150,453.0625,90.55571,3.9875000000000003,11.224773124999999,5.1875,15.9375,8.5625,4.244883937500001,25.575909999999997
2026-08-22T00:10:00.000Z,MCT2408022,15.475833,74.038889,26.5,150,452.8125,90.65107812500001,3.998124999999999,11.325174999999998,5.6875,17.8125,9.5625,4.251198625000001,25.572558749999995
2026-08-22T00:20:00.000Z,MCT2408022,15.475833,74.038889,56.875,150,456.9375,90.64249375000001,3.9693749999999994,11.153739374999999,24.3125,76.125,41.25,4.23535225,25.529659375
2026-08-22T00:24:48.455Z,MCT2408022,15.475833,74.038889,72.625,150,453.25,90.72546375000002,3.9774999999999996,11.14733875,32.875,101.375,54.125,4.216206124999999,25.47201375
2026-08-21T23:30:00.000Z,MCT2408036,15.171567,74.067106,34.75,120,479.875,90.9276425,10.41375,7.572500000000001,4.013750000000001,13.171249999999999,7.66375,11.22625,25.955982499999998
2026-08-21T23:40:00.000Z,MCT2408036,15.171567,74.067106,34.875,120,467.4375,90.816063125,10.4525,7.701250000000001,5.230000000000001,16.526875,9.34125,11.27875,25.825944374999995
2026-08-21T23:50:00.000Z,MCT2408036,15.171567,74.067106,35.2,120,467.6,91.40498933333332,10.357333333333333,7.867333333333334,9.053333333333335,26.51133333333333,14.015333333333336,11.421333333333331,25.716014000000005
2026-08-22T00:00:00.000Z,MCT2408036,15.171567,74.067106,34.785714285714285,120,470.14285714285717,91.74398857142856,10.264285714285716,7.972142857142857,8.307857142857145,25.221428571428568,13.67785714285714,11.147142857142857,25.671581428571432
2026-08-22T00:10:00.000Z,MCT2408036,15.171567,74.067106,34.46666666666667,120,471.8666666666667,91.66133666666666,10.144000000000002,8.014,8.140666666666666,24.28133333333333,12.967333333333332,11.05266666666667,25.731027999999995
2026-08-22T00:20:00.000Z,MCT2408036,15.171567,74.067106,34.42857142857143,120,459.2142857142857,91.80938357142857,9.982142857142858,7.954285714285715,7.857857142857143,23.73785714285714,12.880714285714282,10.982857142857144,25.68536928571428
2026-08-22T00:24:48.456Z,MCT2408036,15.171567,74.067106,34.625,120,479.25,91.51987625,9.72375,8.03875,10,28.74875,14.88,11.07125,25.718694999999997
2026-08-21T23:30:00.000Z,MCT2408032,15.525556,73.828611,35.15384615384615,178.93,686.1538461538462,89.13033153846155,14.936923076923078,18.845384615384617,7.120000000000001,18.81846153846154,8.818461538461536,2.8807692307692303,26.229167692307694
2026-08-21T23:40:00.000Z,MCT2408032,15.525556,73.828611,34.56,178.92999999999995,681.6,88.92828400000002,14.348400000000003,18.043200000000002,7.120000000000002,17.637999999999995,7.645600000000003,2.7908,26.312327600000007
2026-08-21T23:50:00.000Z,MCT2408032,15.525556,73.828611,35.32,178.92999999999995,690.84,89.04730080000002,14.9916,18.718400000000003,7.120000000000002,17.1836,7.192800000000002,2.8099999999999987,26.311897999999996
2026-08-22T00:00:00.000Z,MCT2408032,15.525556,73.828611,35.16,178.92999999999995,688.2,89.086972,14.888400000000006,18.5136,7.120000000000002,17.353999999999996,7.362000000000003,2.7508,26.325196800000004
2026-08-22T00:10:00.000Z,MCT2408032,15.525556,73.828611,35.04,178.92999999999995,687.76,89.12603680000001,14.840400000000004,18.8652,7.120000000000002,17.7516,7.758000000000002,2.6076000000000006,26.4015596
2026-08-22T00:20:00.000Z,MCT2408032,15.525556,73.828611,35.16,178.92999999999995,686.12,89.20568800000002,14.911200000000001,18.698,7.631600000000001,23.326,12.344800000000003,2.6384000000000003,26.392980400000006
2026-08-22T00:24:48.456Z,MCT2408032,15.525556,73.828611,35.333333333333336,178.93000000000004,689.9166666666666,89.14617999999997,15.036666666666669,18.98333333333333,7.238333333333334,20.623333333333335,10.379999999999999,2.5649999999999995,26.46677
2026-08-21T23:30:00.000Z,MCT2408045,15.619444,73.878889,27.375,178.12,474.25,87.20258875000002,11.087499999999999,16.71125,3.9650000000000003,13.33375,6.998749999999999,2.53,25.909060000000004
2026-08-21T23:40:00.000Z,MCT2408045,15.619444,73.878889,27.375,178.11999999999995,465.125,87.2536125,11.206874999999998,16.967499999999998,4.060625000000001,13.832500000000001,7.388750000000001,2.5300000000000002,25.9037
2026-08-21T23:50:00.000Z,MCT2408045,15.619444,73.878889,27.5625,178.11999999999995,481.5,87.15776875,11.288124999999999,16.990000000000002,3.966250000000001,13.440625,7.139999999999999,2.5300000000000002,25.949281874999997
2026-08-22T00:00:00.000Z,MCT2408045,15.619444,73.878889,27.25,178.11999999999995,516.625,87.18685625,11.0575,16.945,4.058750000000001,13.654375,7.105625000000001,2.5300000000000002,25.917777500000003
2026-08-22T00:10:00.000Z,MCT2408045,15.619444,73.878889,27.5625,178.11999999999995,542.375,87.31178875,11.3625,17.031875000000003,4.155,13.690000000000003,7.069999999999999,2.5300000000000002,25.894986250000006
2026-08-22T00:20:00.000Z,MCT2408045,15.619444,73.878889,27.5,178.11999999999995,542.3125,87.318463125,11.278125000000001,16.925000000000004,3.9337500000000007,13.298125000000002,7.0356250000000005,2.5300000000000002,25.931854374999997
2026-08-22T00:24:48.454Z,MCT2408045,15.619444,73.878889,27.25,178.12,535.5,87.27316375000001,11.008750000000001,16.849999999999998,4.03,13.120000000000001,6.7875,2.53,25.939898749999998
2026-08-21T23:30:00.000Z,MCT2408031,15.290833,74.149167,18,172.84457500000002,473.5,88.06471,7.4155405000000005,6.387342125,3.69,9.512500000000001,5.17625,4.91875,25.563176249999998
2026-08-21T23:40:00.000Z,MCT2408031,15.290833,74.149167,17.6875,169.40049375,480.3125,87.97124999999997,7.069652625,6.5933551875,3.72,9.45875,5.148124999999999,4.85875,25.591999375
2026-08-21T23:50:00.000Z,MCT2408031,15.290833,74.149167,17.88235294117647,170.94877647058823,470.29411764705884,87.96496882352938,7.269475235294118,6.881778764705882,3.472941176470588,8.774117647058823,4.7064705882352955,4.794117647058823,25.580998235294114
2026-08-22T00:00:00.000Z,MCT2408031,15.290833,74.149167,17.9375,168.0041875,463.8125,87.96123999999999,7.233028937500001,7.130560937499999,3.5706249999999997,9.050624999999998,4.881250000000001,5.074374999999999,25.582616249999997
2026-08-22T00:10:00.000Z,MCT2408031,15.290833,74.149167,17.6875,173.36898125,464.3125,87.82915375,7.113993874999999,7.460498124999999,3.480625,8.861875000000001,4.791874999999999,4.96,25.575911249999997
2026-08-22T00:20:00.000Z,MCT2408031,15.290833,74.149167,17.75,172.91901875000002,461.5,87.838213125,7.1050200625,7.323263562500001,3.9587499999999998,10.081875,5.477499999999999,5.029375,25.51156187499999
2026-08-22T00:24:48.458Z,MCT2408031,15.290833,74.149167,17.857142857142858,168.64010000000002,461.14285714285717,87.95490285714287,7.196549000000002,6.507954714285715,3.8785714285714277,9.87857142857143,5.372857142857143,5.21,25.49078
2026-08-21T23:30:00.000Z,MCT2408035,15.236111,74.125,47.111111111111114,190,566,90.80345555555556,18.204363333333333,8.907777777777776,3.8000000000000003,10.19,4.91,3.829999999999999,26.31185
2026-08-21T23:40:00.000Z,MCT2408035,15.236111,74.125,48.0625,190,557.875,90.95100812499999,18.919153124999998,9.139375,3.799999999999999,10.19,4.909999999999998,3.8299999999999987,26.231486249999996
2026-08-21T23:50:00.000Z,MCT2408035,15.236111,74.125,48,190,560.6875,90.97103499999999,18.929034999999995,9.531250000000002,3.799999999999999,10.19,4.909999999999998,3.8299999999999987,26.288463750000002
2026-08-22T00:00:00.000Z,MCT2408035,15.236111,74.125,48.0625,190,570.875,90.91,18.929035,9.270000000000001,3.799999999999999,10.19,4.909999999999998,3.8299999999999987,26.333375624999995
2026-08-22T00:10:00.000Z,MCT2408035,15.236111,74.125,47.6875,190,576.75,90.88711062500002,18.69652,9.379375000000001,3.799999999999999,10.19,4.909999999999998,3.8299999999999987,26.366890000000005
2026-08-22T00:20:00.000Z,MCT2408035,15.236111,74.125,47.5,190,584.5,90.957684375,18.570380625,9.598125000000001,3.799999999999999,10.19,4.909999999999998,3.8299999999999987,26.376944999999992
2026-08-22T00:24:48.658Z,MCT2408035,15.236111,74.125,47.714285714285715,190,567,90.92600999999998,18.684894285714282,9.598571428571429,3.8000000000000003,10.19,4.910000000000001,3.829999999999999,26.39782142857143
2026-08-21T23:30:00.000Z,MCT2408038,15.188889,74.055556,23.11111111111111,319.3977777777778,599.1111111111111,90.08289888888889,9.623333333333331,13.33,6.321111111111112,18.114444444444448,8.882222222222222,4.697777777777778,26.380969999999998
2026-08-21T23:40:00.000Z,MCT2408038,15.188889,74.055556,25.9375,366.56875,587.375,90.1203575,9.594375,13.330000000000005,9.09,26.093749999999996,13.034374999999999,4.758124999999999,26.380969999999994
2026-08-21T23:50:00.000Z,MCT2408038,15.188889,74.055556,23.125,358.89250000000004,576.0625,90.22240125,9.77125,13.330000000000005,6.541250000000001,18.763125,9.39125,4.7700000000000005,26.380969999999994
2026-08-22T00:00:00.000Z,MCT2408038,15.188889,74.055556,23,353.978125,570.75,90.29821749999999,9.636875000000002,13.330000000000005,5.980000000000001,16.961875000000003,8.125625,4.791874999999999,26.39102375
2026-08-22T00:10:00.000Z,MCT2408038,15.188889,74.055556,23.133333333333333,348.8226666666667,572.2,90.141052,9.747333333333334,13.330000000000005,5.982000000000001,17.032000000000004,8.159999999999998,4.746666666666667,26.405991333333336
2026-08-22T00:20:00.000Z,MCT2408038,15.188889,74.055556,24.375,300.084375,575.3125,90.138954375,9.605,13.330000000000005,8.035,22.614375,10.96875,4.749375,26.423866875000005
2026-08-22T00:24:48.662Z,MCT2408038,15.188889,74.055556,23,334.4175,586.875,90.12751,9.695,13.33,6.177499999999999,17.396250000000002,8.4625,4.74875,26.387672499999997
2026-08-21T23:30:00.000Z,MCT2408039,15.163611,74.110833,29,358.41625,498.75,86.90885750000001,10.63125,10.299999999999999,9.019999999999998,28.94,11.760000000000002,2.3000000000000003,25.9747525
2026-08-21T23:40:00.000Z,MCT2408039,15.163611,74.110833,29,377.33625,471.1875,86.88263187499999,10.516874999999999,10.3,9.019999999999998,28.94,11.759999999999998,2.3,25.993521874999995
2026-08-21T23:50:00.000Z,MCT2408039,15.163611,74.110833,29,359.7456249999999,444.5625,87.13774000000001,9.825624999999995,10.3,9.019999999999998,28.94,11.759999999999998,2.3,25.9767625
2026-08-22T00:00:00.000Z,MCT2408039,15.163611,74.110833,29,350.80937500000005,466.5625,87.12868187500001,9.200624999999999,10.3,9.019999999999998,28.94,11.759999999999998,2.3,26.033740625
2026-08-22T00:10:00.000Z,MCT2408039,15.163611,74.110833,29,338.10249999999996,465.4375,86.99516749999998,10.551874999999999,10.3,9.019999999999998,28.94,11.759999999999998,2.3,26.09473875
2026-08-22T00:20:00.000Z,MCT2408039,15.163611,74.110833,29,329.28749999999997,465.875,87.11532937500002,10.205625,10.3,9.019999999999998,28.94,11.759999999999998,2.3,26.08334187499999
2026-08-22T00:24:48.663Z,MCT2408039,15.163611,74.110833,29,332.18375,470.25,87.08623999999999,10.03125,10.299999999999999,9.019999999999998,28.94,11.760000000000002,2.3000000000000003,26.10077
2026-08-21T23:30:00.000Z,MCT2408026,15.2467,74.198281,30.916666666666668,125,504.5833333333333,86.35191249999998,13.2173225,12.5,4.730000000000001,14.509999999999998,7.709999999999998,1.9183333333333332,27.270259166666662
2026-08-21T23:40:00.000Z,MCT2408026,15.2467,74.198281,31.04,125,501.04,86.48138399999996,13.281266400000002,12.5,4.730000000000003,14.509999999999996,7.710000000000001,2.0896,27.2239604
2026-08-21T23:50:00.000Z,MCT2408026,15.2467,74.198281,30.875,125.85767916666667,495.25,86.61004125000004,13.182130833333334,12.5,4.730000000000003,14.509999999999996,7.710000000000001,2.0029166666666667,27.24746624999999
2026-08-22T00:00:00.000Z,MCT2408026,15.2467,74.198281,31,125,499.1666666666667,86.53120458333335,13.237107083333335,12.5,4.730000000000003,14.509999999999996,7.710000000000001,1.97875,27.378403333333335
2026-08-22T00:10:00.000Z,MCT2408026,15.2467,74.198281,30.833333333333332,125.0998,498.25,86.75086833333334,13.212478333333335,12.5,4.730000000000003,14.589999999999996,7.790833333333334,2.0470833333333336,27.34622666666667
2026-08-22T00:20:00.000Z,MCT2408026,15.2467,74.198281,31.291666666666668,125,496.875,85.99396791666665,13.613936666666673,12.5,4.730000000000003,14.590416666666663,7.790416666666666,2.0391666666666666,27.60630833333333
2026-08-22T00:24:48.663Z,MCT2408026,15.2467,74.198281,31,125,496.4166666666667,85.50314333333331,13.504249999999999,12.5,4.730000000000001,14.509999999999998,7.709999999999998,1.998333333333333,27.8029375
