time,device_id,latitude,longitude,aqi,co,co2,hum,no2,o3,pm1,pm10,pm25,so2,temp
2026-09-19T18:30:00.000Z,MCT2408028,15.186944,74.096667,59.2,518.2736,558,89.46722399999997,19.3972,11.097199999999997,21.65360000000001,68.4884,37.58039999999999,2.9655999999999993,26.447461600000008
2026-09-19T18:40:00.000Z,MCT2408028,15.186944,74.096667,53.36,511.61440000000016,562.72,89.5715956,19.442,11.310799999999999,18.179600000000004,57.71160000000002,31.692799999999988,3.2412000000000005,26.439742400000004
2026-09-19T18:50:00.000Z,MCT2408028,15.186944,74.096667,61.64,505.7688,557.56,89.40130519999998,19.223999999999993,11.203999999999999,23.890800000000013,75.21199999999997,41.1572,3.2016000000000004,26.4629072
2026-09-19T19:00:00.000Z,MCT2408028,15.186944,74.096667,57.791666666666664,498.65124999999995,564.5416666666666,89.28255458333331,19.30833333333333,11.260416666666664,21.349166666666676,67.7395833333333,37.15583333333333,3.130416666666667,26.422973333333335
2026-09-19T19:00:44.209Z,MCT2408028,15.186944,74.096667,58,504.01,572,89.3598,20.36,11.115,20.475,67.61500000000001,38.275000000000006,3.84,26.418505
2026-09-19T18:30:00.000Z,MCT2408020,15.543475,74.039433,70.75,180,695.25,84.80982124999998,8.9995580625,18.907436875,18.148125,56.26625,29.9725,3.6599999999999984,27.766516249999995
2026-09-19T18:40:00.000Z,MCT2408020,15.543475,74.039433,76.9375,181.9750875,706.3125,84.95764249999999,9.069262562499999,18.97189875,23.1925,71.004375,37.5225,3.6599999999999984,27.720931875
2026-09-19T18:50:00.000Z,MCT2408020,15.543475,74.039433,70.1875,180,700,85.15266875,9.168877624999999,19.066062499999997,19.596875,60.054375,31.657500000000002,3.6599999999999984,27.669318125000004
2026-09-19T19:00:00.000Z,MCT2408020,15.543475,74.039433,65.375,180,712.4375,85.239928125,9.00176875,18.78104125,17.161250000000003,52.65562499999999,27.764374999999998,3.6599999999999984,27.613681874999997
2026-09-19T19:00:44.208Z,MCT2408020,15.543475,74.039433,60,180,708,85.33148,8.888889,19.3441,13.91,42.87,22.3,3.66,27.5929
2026-09-19T18:30:00.000Z,MCT2408056,15.579167,73.920833,88.1875,180,588.4375,87.931674375,6.764374999999999,9.272006625,19.882499999999993,58.745000000000005,31.806875000000005,1.5687499999999999,27.165908124999994
2026-09-19T18:40:00.000Z,MCT2408056,15.579167,73.920833,86.5625,180,580.75,88.46001125000002,6.6587499999999995,9.061766437500001,19.940624999999997,59.88125000000001,32.978125000000006,1.5599999999999998,27.120996875000003
2026-09-19T18:50:00.000Z,MCT2408056,15.579167,73.920833,78.625,180,574.125,88.570635625,6.656874999999999,9.3462435,16.4225,49.122499999999995,27.062500000000004,1.5599999999999998,27.155852499999998
2026-09-19T19:00:00.000Z,MCT2408056,15.579167,73.920833,72.625,180,587.875,88.56110000000002,6.679375,9.061766437500001,13.664374999999996,40.7575,22.374375000000004,1.5599999999999998,27.188029375
2026-09-19T19:00:44.250Z,MCT2408056,15.579167,73.920833,77,180,591,88.56635,6.89,9,16.89,51,28.12,1.56,27.19607
2026-09-19T18:30:00.000Z,MCT2408057,15.272222,74.104722,35.16,312.4792,484.88,83.9172964,12.3056,9.138399999999997,11.179199999999994,32.251999999999995,16.7132,1.4047999999999998,28.926679600000007
2026-09-19T18:40:00.000Z,MCT2408057,15.272222,74.104722,33.16,321.0332,491.48,84.11444039999998,12.439200000000003,9.171199999999997,9.799199999999997,28.519199999999998,14.810399999999992,1.5139999999999998,28.848599999999998
2026-09-19T18:50:00.000Z,MCT2408057,15.272222,74.104722,30.28,325.58,489.64,83.8889156,12.3588,8.997599999999998,8.152800000000001,23.476,12.022,1.5728,28.8262896
2026-09-19T19:00:00.000Z,MCT2408057,15.272222,74.104722,28.96,332.62479999999994,498.24,83.37713640000004,12.382399999999997,9.085199999999997,7.390000000000002,21.758800000000004,11.444399999999998,1.4040000000000004,28.97429760000001
2026-09-19T19:00:44.257Z,MCT2408057,15.272222,74.104722,29,329.45,493,83.26010500000001,12.295,9.12,7.75,22.335,11.344999999999999,1.63,29.04079
2026-09-19T18:30:00.000Z,MCT2408055,15.585833,73.885556,72.1875,94.15125,690,86.217446875,9.608125,6.320000000000001,10.44625,29.769999999999996,16.018125000000005,20.978125000000002,27.373708749999995
2026-09-19T18:40:00.000Z,MCT2408055,15.585833,73.885556,74.125,99.3075,668.5,86.32378187499998,9.60375,6.635,12.808749999999996,36.42999999999999,19.896874999999998,20.999999999999996,27.325448750000003
2026-09-19T18:50:00.000Z,MCT2408055,15.585833,73.885556,70.375,101.10374999999999,618.1875,86.48208999999999,9.62875,6.385000000000001,11.058749999999998,31.58,17.297499999999996,21.065624999999997,27.300648125
2026-09-19T19:00:00.000Z,MCT2408055,15.585833,73.885556,70.25,98.38687499999997,664.25,86.34762437499997,9.5375,6.085000000000001,11.540000000000001,33.3875,18.361874999999998,21.05375,27.29394375
2026-09-19T19:00:44.263Z,MCT2408055,15.585833,73.885556,68,102.7,715,86.3996,9.35,5.11,11.19,30.92,16.36,21.43,27.23898
2026-09-19T18:30:00.000Z,MCT2408053,15.263333,74.110833,65,136.03179999999998,644.3125,90.22621499999998,12.381874999999997,26.990624999999994,16.069374999999997,52.99,33.135000000000005,20.614375,27.577485625
2026-09-19T18:40:00.000Z,MCT2408053,15.263333,74.110833,63.875,147.505625,632.3125,90.58718187499998,10.92,27.76187499999999,13.944375000000003,47.217500000000015,29.962499999999995,20.033749999999998,27.458169374999997
2026-09-19T18:50:00.000Z,MCT2408053,15.263333,74.110833,61.75,115.9325625,680.625,91.05734374999999,14.183125,27.964999999999993,15.438124999999996,51.106249999999996,32.07812500000001,18.739375000000003,27.431358124999996
2026-09-19T19:00:00.000Z,MCT2408053,15.263333,74.110833,60,110.16610625,709,91.25952125,11.134375,28.749374999999993,16.242500000000003,53.72,33.840624999999996,17.56875,27.40454375000001
2026-09-19T19:00:44.456Z,MCT2408053,15.263333,74.110833,60,110,623,91.34344,11.91,27.9,16.53,54.45,33.84,17.84,27.39985
2026-09-19T18:30:00.000Z,MCT2408052,15.444425,74.063856,35.9375,160,845.375,87.70803937500001,3.554342437500001,8,6.7124999999999995,19.074375000000003,9.16875,2,27.429346874999993
2026-09-19T18:40:00.000Z,MCT2408052,15.444425,74.063856,38.25,160,843.0625,87.898295625,3.5858772500000002,8,8.844375000000001,24.46125,11.435000000000002,2,27.378401874999998
2026-09-19T18:50:00.000Z,MCT2408052,15.444425,74.063856,38.5,160,839.8125,88.0828325,3.5939036875000006,8,9.262500000000001,25.581249999999997,11.930625000000003,2,27.327459999999995
2026-09-19T19:00:00.000Z,MCT2408052,15.444425,74.063856,38.266666666666666,160,826.4,88.05568399999997,3.5627603333333338,8,9.433333333333334,25.72533333333333,11.829333333333333,2,27.30118333333333
2026-09-19T19:00:44.462Z,MCT2408052,15.444425,74.063856,39,160,824.5,88.13147000000001,3.4115789999999997,8,10.704999999999998,28.105,12.43,2,27.26043
2026-09-19T18:30:00.000Z,MCT2408021,15.500556,74.053333,49.75,375,587.4375,83.98584625000002,21.432500000000005,14.715621249999998,9.137499999999998,27.689999999999987,17.23125,4.168749999999999,27.763834375
2026-09-19T18:40:00.000Z,MCT2408021,15.500556,74.053333,50.875,375,582.9375,84.11125687500002,21.5675,14.642798749999997,16.22125,47.908125000000005,29.164999999999996,4.226875,27.6780325
2026-09-19T18:50:00.000Z,MCT2408021,15.500556,74.053333,49.8,375,578.0666666666667,84.44697999999998,21.41533333333334,14.694372666666663,10.16,30.550666666666665,18.824666666666666,4.214,27.594334
2026-09-19T19:00:00.000Z,MCT2408021,15.500556,74.053333,50,375,575.0625,84.49367999999998,21.528125000000003,14.743610000000002,10.268125,30.81375,19.018125,4.183125,27.568771875
2026-09-19T19:00:44.496Z,MCT2408021,15.500556,74.053333,50,375,566.5,84.65628000000001,21.56,14.58655,6.665,21.085,13.33,4.37,27.5071
2026-09-19T18:30:00.000Z,MCT2408051,15.486528,74.033889,52,376.78875,628.9375,97.48653937500002,22.110625,5.1899999999999995,9.988749999999998,31.892499999999995,17.540000000000006,4.39,26.277068125000003
2026-09-19T18:40:00.000Z,MCT2408051,15.486528,74.033889,52.25,370.91562500000003,638.875,97.46889625000001,22.26125,5.1899999999999995,8.745625,28.278750000000002,15.594375000000003,4.39,26.23483875000001
2026-09-19T18:50:00.000Z,MCT2408051,15.486528,74.033889,52.1875,367.75500000000005,645.1875,97.50275000000002,22.23375,5.1899999999999995,9.13375,29.210624999999997,16.063125000000003,4.410625,26.20065312500001
2026-09-19T19:00:00.000Z,MCT2408051,15.486528,74.033889,51.9375,366.0868750000001,650.6875,97.82366312499998,22.076875,5.1899999999999995,9.98875,31.504374999999992,17.191250000000004,4.39,26.17920375
2026-09-19T19:00:44.511Z,MCT2408051,15.486528,74.033889,52,366.68,656,97.7674,22.12,5.19,9.33,29.21,15.56,4.39,26.15574
2026-09-19T18:30:00.000Z,MCT2408043,15.221111,74.087222,53.5625,124.99437500000002,661.8125,85.290475,14.176250000000001,10.264374999999998,17.809375,55.280625000000015,28.983125,5.290000000000001,28.239088749999997
2026-09-19T18:40:00.000Z,MCT2408043,15.221111,74.087222,60.625,122.97375,677.3125,84.69633375000001,14.086875,10.301875,22.874374999999997,69.281875,35.630625,5.290000000000001,28.232385000000004
2026-09-19T18:50:00.000Z,MCT2408043,15.221111,74.087222,54.13333333333333,160.888,679.6,84.36966933333335,14.139333333333331,10.365999999999998,17.981999999999996,56.21933333333333,29.719999999999995,5.290000000000001,28.184927333333334
2026-09-19T19:00:00.000Z,MCT2408043,15.221111,74.087222,56.3125,165.631875,631.4375,84.47794375,14.146875000000001,10.323125000000001,19.471874999999997,60.67124999999999,31.94875,5.290000000000001,28.094300625000006
2026-09-19T19:00:44.509Z,MCT2408043,15.221111,74.087222,50,169.83,654,84.70587,14.08,10.21,15.2,47.64,25.62,5.29,28.06481
2026-09-19T18:30:00.000Z,MCT2408034,15.356389,74.123611,44.96,180,531.36,76.60009840000004,6.169600000000003,4.364,12.941999999999998,40.925999999999995,21.6408,1.1203999999999996,30.497687200000005
2026-09-19T18:40:00.000Z,MCT2408034,15.356389,74.123611,44.333333333333336,180,533.8333333333334,76.53319916666669,6.1975000000000025,4.640416666666667,12.342916666666666,39.46583333333334,21.096249999999998,1.1416666666666664,30.46946125
2026-09-19T18:50:00.000Z,MCT2408034,15.356389,74.123611,44.32,180,517.68,76.6544196,6.169600000000002,4.0036,12.3232,39.650400000000005,21.3412,1.1263999999999998,30.47623679999999
2026-09-19T19:00:00.000Z,MCT2408034,15.356389,74.123611,43.84,180,510.64,76.74719320000003,6.176000000000003,4.11,12.141200000000001,39.312400000000004,21.2284,1.1363999999999996,30.438055999999996
2026-09-19T19:00:44.704Z,MCT2408034,15.356389,74.123611,41,180,512,76.79419,6.15,4.86,10.94,34.230000000000004,18.285,1.11,30.4994
2026-09-19T18:30:00.000Z,MCT2408050,15.553611,73.958333,54.8125,86.02999999999999,601.9375,91.17512124999999,11.213750000000001,4.284375000000001,11.61375,35.90687500000001,18.763124999999995,2.1418749999999993,26.358177499999996
2026-09-19T18:40:00.000Z,MCT2408050,15.553611,73.958333,56.1875,86.02999999999999,639.1875,91.35250312500001,11.062500000000002,4.246249999999999,12.881249999999998,39.823750000000004,20.72875,2.3575,26.258970625
2026-09-19T18:50:00.000Z,MCT2408050,15.553611,73.958333,56.125,86.02999999999999,592.125,91.47886562500001,11.104375000000003,4.275625000000001,13.038749999999999,40.84312500000001,21.419375000000002,2.306875,26.222102500000005
2026-09-19T19:00:00.000Z,MCT2408050,15.553611,73.958333,56.625,86.02999999999999,618.25,91.47696,11.204375,4.288125000000001,13.835624999999997,42.50875,22.269375,2.3068750000000002,26.251597499999995
2026-09-19T19:00:44.705Z,MCT2408050,15.553611,73.958333,56,86.03,589,91.41974,11.08,4.15,13.57,42.08,22.11,2.24,26.22009
2026-09-19T18:30:00.000Z,MCT2408030,15.142519,74.075003,54.5,163,516,81.15629625,8.786249999999999,6.200000000000002,13.882500000000002,41.91250000000001,23.370624999999993,4.476249999999999,28.139212499999996
2026-09-19T18:40:00.000Z,MCT2408030,15.142519,74.075003,55.4,163,535.4666666666667,81.14803000000002,8.894666666666668,6.200000000000002,14.308666666666669,43.85733333333334,24.550000000000008,4.584,28.058373333333332
2026-09-19T18:50:00.000Z,MCT2408030,15.142519,74.075003,54.125,163,531.375,81.181566875,8.864375000000003,6.200000000000002,13.648750000000003,41.288125,22.896874999999998,4.566875,27.9837
2026-09-19T19:00:00.000Z,MCT2408030,15.142519,74.075003,51.13333333333333,163,533.5333333333333,81.21873133333332,8.718666666666667,6.200000000000002,12.30666666666667,36.374,19.689333333333334,4.64,27.925380666666673
2026-09-19T19:00:44.750Z,MCT2408030,15.142519,74.075003,50,163,531,81.22687,8.73,6.2,10.31,33.76,19.88,5.39,27.91466
2026-09-19T18:30:00.000Z,MCT2408029,15.333611,74.206944,18.5,120,882.6875,90.93622562499999,4.949374999999999,7.5393750000000015,4.853749999999999,14.956249999999999,8.38375,3.5,26.875663125
2026-09-19T18:40:00.000Z,MCT2408029,15.333611,74.206944,18.8125,120,876.5625,91.01204312499999,4.425624999999999,7.894375000000001,5,15.533749999999998,8.750625,3.511875,26.84349
2026-09-19T18:50:00.000Z,MCT2408029,15.333611,74.206944,18.5,120,885.25,90.928119375,3.7200000000000006,7.8725000000000005,4.962500000000001,15.966875000000002,9.190624999999999,3.5,26.80930375
2026-09-19T19:00:00.000Z,MCT2408029,15.333611,74.206944,17.9375,120,888.0625,90.93241124999999,4.319375,7.803750000000001,4.963749999999999,15.06625,8.3475,3.5,26.740258750000002
2026-09-19T19:00:44.752Z,MCT2408029,15.333611,74.206944,17,120,887,90.97723,2.18,8.56,4.12,13.29,7.65,3.5,26.69199
2026-09-19T18:30:00.000Z,MCT2408023,15.499722,74.020833,69.3125,193.24812500000004,514,90.82559875000001,9.132499999999997,18.665000000000003,16.318125000000002,52.638124999999995,33.259375,4.916250000000001,26.791875000000005
2026-09-19T18:40:00.000Z,MCT2408023,15.499722,74.020833,65.25,207.1075,510.0625,90.43697812500002,9.370624999999999,18.397499999999997,14.2575,45.355625,28.546875000000004,5.0043750000000005,26.828069999999993
2026-09-19T18:50:00.000Z,MCT2408023,15.499722,74.020833,64.6875,212.17624999999998,511.875,90.239566875,9.58375,18.105625000000003,14.019375,45.03812500000001,28.637500000000003,5.18875,26.819357499999995
2026-09-19T19:00:00.000Z,MCT2408023,15.499722,74.020833,65.625,210.34812499999998,526.0625,90.3964475,9.618124999999997,17.937499999999996,14.971875,47.65125,29.906249999999996,5.061875000000001,26.7845
2026-09-19T19:00:44.763Z,MCT2408023,15.499722,74.020833,65,206.59,531,90.40503,10.26,17.66,15.21,46.86,29,4.95,26.76707
2026-09-19T18:30:00.000Z,MCT2408027,15.275556,74.1075,55.75,1197.45,565.1875,88.31600375,6.579999999999999,12.779374999999998,10.354374999999997,31.789375,17.106250000000003,2.9500000000000006,27.723612499999998
2026-09-19T18:40:00.000Z,MCT2408027,15.275556,74.1075,59.4375,1199.839375,579.1875,88.53773500000001,6.579999999999999,12.600624999999997,12.882499999999999,39.244375,20.811875,2.9500000000000006,27.65457062500001
2026-09-19T18:50:00.000Z,MCT2408027,15.275556,74.1075,59.3125,1200.271875,565.875,88.77090687500002,6.579999999999999,12.691249999999998,13.12875,40.41375000000001,21.491874999999997,2.9500000000000006,27.62977
2026-09-19T19:00:00.000Z,MCT2408027,15.275556,74.1075,56.125,1194.7606250000003,565.4375,88.90585500000002,6.579999999999999,12.514999999999999,11.092500000000001,34.13125,18.403750000000002,2.9500000000000006,27.631781250000007
2026-09-19T19:00:44.949Z,MCT2408027,15.275556,74.1075,57,1195.08,604,88.88678,6.58,12.63,11.83,35.49,18.77,2.95,27.6358
2026-09-19T18:30:00.000Z,MCT2408040,15.528056,74.020833,18.625,100,527.6875,87.56212437500002,7.751875000000001,4.679375,3.2925000000000004,9.80125,4.7525,3.5,27.312041875
2026-09-19T18:40:00.000Z,MCT2408040,15.528056,74.020833,18.6875,100,532.5,87.75953562499998,7.719374999999999,4.67625,3.3049999999999997,9.867500000000001,4.8525,3.5,27.251043125
2026-09-19T18:50:00.000Z,MCT2408040,15.528056,74.020833,18.75,100,527.25,87.79958999999998,7.746875000000002,4.67375,3.3850000000000002,9.957500000000001,4.751250000000001,3.5,27.228250624999998
2026-09-19T19:00:00.000Z,MCT2408040,15.528056,74.020833,18.625,100,528.5625,87.82343062499999,7.693750000000002,4.649375000000001,3.2962499999999997,9.911875,4.840000000000002,3.5,27.200094999999997
2026-09-19T19:00:44.959Z,MCT2408040,15.528056,74.020833,19,100,531,87.79578,7.84,4.58,3.21,9.47,4.46,3.5,27.18535
2026-09-19T18:30:00.000Z,MCT2408044,15.313669,74.140042,24.625,214.29,544.75,94.71373250000002,10.970625,3.551875000000001,5.316250000000001,14.375,8.447500000000002,3.2415865,25.96268625
2026-09-19T18:40:00.000Z,MCT2408044,15.313669,74.140042,24.6875,214.29,547.875,94.79765187499999,10.932500000000003,3.6462499999999998,4.850625,13.21875,7.907499999999999,3.0207533124999997,25.850745624999995
2026-09-19T18:50:00.000Z,MCT2408044,15.313669,74.140042,24.4375,214.29,560.375,94.82674187499998,10.874375000000002,3.924375,4.561875000000001,12.71875,7.637499999999999,3.03742,25.726067499999996
2026-09-19T19:00:00.000Z,MCT2408044,15.313669,74.140042,24.466666666666665,214.29,570.3333333333334,94.68868,10.892,3.9340000000000006,6.322666666666667,17.533333333333335,10.45,3.3608546666666665,25.643795333333333
2026-09-19T19:00:44.999Z,MCT2408044,15.313669,74.140042,24.5,214.29,564.5,94.60119499999999,10.785,3.58,6.035,16.75,10,2.8179485,25.58731
2026-09-19T18:30:00.000Z,MCT2408049,15.475278,74.055833,56.6875,150.17844374999999,536.25,85.161251875,24.032500000000002,13.881250000000001,9.440624999999999,27.625625,14.145625,2.61,27.473587500000004
2026-09-19T18:40:00.000Z,MCT2408049,15.475278,74.055833,56.6875,151.95850625,535.9375,85.22991562500002,24.173750000000002,14.753750000000002,10.398124999999999,30.595625000000002,15.581875,2.61,27.458170000000006
2026-09-19T18:50:00.000Z,MCT2408049,15.475278,74.055833,56.4375,150,537.125,85.24994312499999,24.0075,15.293750000000003,10.588750000000001,30.978125000000006,15.726250000000002,2.61,27.43537937499999
2026-09-19T19:00:00.000Z,MCT2408049,15.475278,74.055833,56.375,150.74323125,538.9375,85.18556937500001,24.058125,13.983125,10.063124999999998,29.685000000000002,15.200625,2.61,27.43739
2026-09-19T19:00:44.999Z,MCT2408049,15.475278,74.055833,57,150,525,85.05682,24.34,18.18,9.97,29.88,15.34,2.61,27.45348
2026-09-19T18:30:00.000Z,MCT2408046,15.529167,74.07,36.6,95.52,738.8,83.8312392,13.680399999999999,0.5976,12.391599999999999,37.196000000000005,18.292799999999996,3.1504000000000003,28.232974399999993
2026-09-19T18:40:00.000Z,MCT2408046,15.529167,74.07,36.88,95.52,710.88,83.85778839999999,13.6292,0.5699999999999998,12.641199999999992,37.77039999999999,18.342,3.1264000000000003,28.21924640000001
2026-09-19T18:50:00.000Z,MCT2408046,15.529167,74.07,36.68,95.52,737.88,83.9844352,13.658000000000001,0.6092,12.615599999999995,37.59239999999999,18.100799999999996,3.1456000000000004,28.166481200000003
2026-09-19T19:00:00.000Z,MCT2408046,15.529167,74.07,36.28,95.52,734.28,83.84893640000001,13.5888,0.6111999999999999,12.693199999999996,37.77119999999999,18.461599999999997,3.108400000000001,28.145888799999998
2026-09-19T19:00:45.009Z,MCT2408046,15.529167,74.07,35.5,95.52,737.5,83.87045499999999,13.565000000000001,0.69,12.325,36.66,17.845,3.315,28.123795
2026-09-19T18:30:00.000Z,MCT2408037,15.394444,74.118333,45.125,160,478.1875,85.32194500000001,10.37875,14.306250000000002,4.876875000000001,18.449375,9.834375000000001,3.5024999999999995,26.975539374999993
2026-09-19T18:40:00.000Z,MCT2408037,15.394444,74.118333,45.3125,160,493.6875,85.246126875,10.186250000000001,14.301250000000001,5.0637500000000015,18.90875,10.068125,3.4575000000000005,26.982913749999998
2026-09-19T18:50:00.000Z,MCT2408037,15.394444,74.118333,45.625,160,510.0625,85.008185625,10.205625000000001,14.338125000000002,5.715625000000001,20.29,10.443125,3.484375,27.014418749999994
2026-09-19T19:00:00.000Z,MCT2408037,15.394444,74.118333,46.5625,160,496.6875,84.94524375000002,10.4,14.263750000000002,6.039375,22.130624999999995,11.661875,3.78375,26.96749625
2026-09-19T19:00:45.206Z,MCT2408037,15.394444,74.118333,46,160,488,85.03394,10.34,14.21,5.95,20.44,10.49,3.54,26.9065
2026-09-19T18:30:00.000Z,MCT2408042,15.213889,74.071667,60.875,227.32687499999997,508.9375,87.2407375,25.811875,13.815,18.541249999999998,56.088125,29.2675,2.89875,27.942810625000007
2026-09-19T18:40:00.000Z,MCT2408042,15.213889,74.071667,61.0625,174.16500000000002,510.5,87.40476937499999,26.04875,13.799375000000001,18.711875,56.429375000000014,29.2675,2.8618750000000004,27.889854999999997
2026-09-19T18:50:00.000Z,MCT2408042,15.213889,74.071667,60.875,228.026875,514.125,87.47009437499999,25.855,13.54625,18.4275,55.688125,29.096874999999997,2.8043750000000003,27.867065625000002
2026-09-19T19:00:00.000Z,MCT2408042,15.213889,74.071667,61,228.52125,515,87.57261812499999,26.051875,13.826249999999998,18.427500000000002,55.688125,29.094999999999995,2.990625,27.84025375000001
2026-09-19T19:00:45.206Z,MCT2408042,15.213889,74.071667,61,236.86,515,87.61267,26.07,13.19,17.29,52.9,28.24,2.63,27.82886
2026-09-19T18:30:00.000Z,MCT2408041,15.224628,74.171389,32.5625,378.08388749999995,593.875,88.48146812499999,13.673124999999999,9.7,9.497499999999999,29.261250000000004,15.571875000000002,7.595625000000001,27.812097500000007
2026-09-19T18:40:00.000Z,MCT2408041,15.224628,74.171389,32.5625,378.13585625,611.125,87.96791625000002,13.661875,9.7,8.693125000000002,26.527500000000007,14.154375,7.690625,27.801373125
2026-09-19T18:50:00.000Z,MCT2408041,15.224628,74.171389,32.6875,358.14906875,617.125,88.07711000000002,13.724375,9.7,8.49125,26.071875000000006,14.003125,7.6625,27.6042975
2026-09-19T19:00:00.000Z,MCT2408041,15.224628,74.171389,32.625,385.4176,600.375,88.435214375,13.671249999999999,9.7,8.69125,26.527500000000007,14.053125,7.733750000000001,27.510454375000005
2026-09-19T19:00:45.244Z,MCT2408041,15.224628,74.171389,33,392.0182,608,88.64264,13.8,9.7,8.89,26.73,13.75,8.14,27.48565
2026-09-19T18:30:00.000Z,MCT2408033,15.346944,74.007778,49.9375,110,673.375,87.54543500000001,7.873125,4.12125,9.24125,23.365625,13.86,4.39,27.409907500000006
2026-09-19T18:40:00.000Z,MCT2408033,15.346944,74.007778,48.8125,110,659.4375,87.656540625,8.594375,4.013749999999999,8.3325,21.314375,12.718749999999998,4.39,27.353600625000002
2026-09-19T18:50:00.000Z,MCT2408033,15.346944,74.007778,48.625,110,663.75,87.77241187500002,7.348749999999999,3.9387500000000006,9.090000000000002,22.884375,13.382499999999999,4.39,27.320755625000004
2026-09-19T19:00:00.000Z,MCT2408033,15.346944,74.007778,48.1875,110,672.5,87.91069500000002,7.857499999999998,4.093125000000001,8.748125,22.340625000000003,13.346875000000002,4.39,27.284559374999994
2026-09-19T19:00:45.250Z,MCT2408033,15.346944,74.007778,49.5,110,663,88.03229,7.63,3.71,10,25.64,15.585,4.39,27.276515
2026-09-19T18:30:00.000Z,MCT2408024,15.148056,74.131667,41.125,200.18785833333334,759.4166666666666,80.1724204166667,17.913976249999997,8.302067583333335,9.198333333333336,29.314166666666676,16.240000000000006,2.653333333333333,27.980796250000015
2026-09-19T18:40:00.000Z,MCT2408024,15.148056,74.131667,41.2,199.77629999999996,687.32,80.18713360000004,17.969909600000005,8.210677520000003,8.710000000000003,27.70200000000001,15.349600000000004,2.6508,27.91937679999999
2026-09-19T18:50:00.000Z,MCT2408024,15.148056,74.131667,41.2,200.91098000000005,808.52,80.16699400000005,17.968618399999997,7.5180370399999985,8.430000000000001,26.304000000000006,14.390000000000004,2.6708,27.865323600000007
2026-09-19T19:00:00.000Z,MCT2408024,15.148056,74.131667,41.2,199.27559200000005,699.04,80.11755439999999,18.0727204,7.748917199999999,9.190000000000003,28.580800000000007,15.550000000000004,2.6644000000000005,27.852881599999993
2026-09-19T19:00:45.254Z,MCT2408024,15.148056,74.131667,41,203.5625,782,80.18927,17.63108,8.903318,8.99,29.98,16.99,2.77,27.83958
2026-09-19T18:30:00.000Z,MCT2408022,15.475833,74.038889,58,150,473.25,89.30782812500001,4.052499999999999,11.372426249999997,16.5,50.25,26.5625,4.2521298125,27.089491875000004
2026-09-19T18:40:00.000Z,MCT2408022,15.475833,74.038889,61.8125,150,483,89.450401875,4.2437499999999995,11.308357499999998,19.25,58.1875,30.5625,4.2351864375,26.91588125
2026-09-19T18:50:00.000Z,MCT2408022,15.475833,74.038889,63.75,150,493.0625,89.53623187500001,4.150624999999999,11.404743749999998,20.5,62.625,33.0625,4.257623875,26.808630625000003
2026-09-19T19:00:00.000Z,MCT2408022,15.475833,74.038889,63.75,150,491,89.642089375,3.9406250000000003,11.4172925,20.9375,62.8125,32.625,4.2288718125,26.78114875
2026-09-19T19:00:45.453Z,MCT2408022,15.475833,74.038889,63,150,488,89.79468,4.55,11.36044,20,62,33,4.222714,26.74562
2026-09-19T18:30:00.000Z,MCT2408045,15.619444,73.878889,39,178.11999999999995,685.75,85.03488875000002,10.420625000000001,16.00625,9.72,32.652499999999996,16.715000000000003,2.5300000000000002,27.299976875000002
2026-09-19T18:40:00.000Z,MCT2408045,15.619444,73.878889,37.3125,178.11999999999995,682.9375,85.11499749999999,10.26625,16.11625,8.871875000000001,29.766875000000002,15.267499999999998,2.5300000000000002,27.32209625000001
2026-09-19T18:50:00.000Z,MCT2408045,15.619444,73.878889,36.0625,178.11999999999995,676.75,85.00151125000001,10.378750000000002,16.065,8.179375,27.520625,14.138124999999999,2.5300000000000002,27.316733750000008
2026-09-19T19:00:00.000Z,MCT2408045,15.619444,73.878889,35.25,178.11999999999995,683.3125,85.01963187500002,10.536875,16.111875,7.925624999999998,26.806250000000002,13.711874999999997,2.5300000000000002,27.291261874999993
2026-09-19T19:00:45.453Z,MCT2408045,15.619444,73.878889,34,178.12,683,85.08734,10.32,16.19,7.05,24.52,13.01,2.53,27.27115
2026-09-19T18:30:00.000Z,MCT2408032,15.525556,73.828611,68.12,179.23959999999997,450.76,76.04162640000001,14.402800000000004,18.5892,17.598799999999997,55.29879999999999,29.7844,2.2516,30.84732480000001
2026-09-19T18:40:00.000Z,MCT2408032,15.525556,73.828611,65.16,183.52919999999997,457.84,75.37908920000001,15.080400000000004,18.408800000000006,16.516400000000004,50.12079999999999,26.331199999999995,2.8760000000000003,30.96873200000001
2026-09-19T18:50:00.000Z,MCT2408032,15.525556,73.828611,65.76,179.31399999999996,466.48,73.9752804,14.914800000000003,18.576800000000002,16.688000000000002,51.77079999999999,27.746399999999994,2.9432,31.360414799999997
2026-09-19T19:00:00.000Z,MCT2408032,15.525556,73.828611,69.96,178.95559999999998,447.08,72.40209999999999,15.165200000000006,18.8072,19.478399999999997,60.75800000000002,32.390800000000006,3.092,31.778265600000005
2026-09-19T19:00:45.483Z,MCT2408032,15.525556,73.828611,68.5,178.93,464,71.545165,17.155,18.65,18.51,58.315,31.145000000000003,2.825,32.059905
2026-09-19T18:30:00.000Z,MCT2408036,15.171567,74.067106,35.25,120,785.1875,86.6480275,10.04625,7.915625,6.611875000000002,20.009999999999998,10.826875000000001,10.465,27.6042975
2026-09-19T18:40:00.000Z,MCT2408036,15.171567,74.067106,35.266666666666666,120,786.8,86.22666400000003,10.232,8.026666666666667,5.719333333333334,16.851999999999997,8.984666666666667,10.530000000000001,27.66440266666666
2026-09-19T18:50:00.000Z,MCT2408036,15.171567,74.067106,35.8125,120,791.625,86.09966625000001,10.549375,7.886874999999999,5.6243750000000015,16.463749999999997,8.7075,10.873750000000001,27.641834375
2026-09-19T19:00:00.000Z,MCT2408036,15.171567,74.067106,35.5625,120,799.75,86.33665500000002,10.355,7.8812500000000005,6.1525,18.046875,9.594375,10.716875000000002,27.484310000000004
2026-09-19T19:00:45.493Z,MCT2408036,15.171567,74.067106,35,120,773,86.55219,11.71,7.79,6.32,19.25,10.64,10.55,27.44275
2026-09-19T18:30:00.000Z,MCT2408031,15.290833,74.149167,29.875,140,643.125,86.78536000000001,6.955632250000001,8.377870375,9.761249999999999,25.814999999999998,14.197499999999996,4.505625,26.86896
2026-09-19T18:40:00.000Z,MCT2408031,15.290833,74.149167,28.5625,140,628.9375,86.79632500000002,6.898358125,8.7061568125,9.255625,24.37375000000001,13.421875000000004,4.493125,26.836784375000004
2026-09-19T18:50:00.000Z,MCT2408031,15.290833,74.149167,28.5625,140,642.8125,86.79728000000003,7.1824851875,7.590556562500001,9.403125,24.946250000000006,13.78125,4.6025,26.81935625000001
2026-09-19T19:00:00.000Z,MCT2408031,15.290833,74.149167,29,140,654.6875,86.86451374999999,7.1229675,7.694675875000001,9.85125,26.11625,14.435625,4.530625,26.718138124999996
2026-09-19T19:00:45.499Z,MCT2408031,15.290833,74.149167,29,140,655,86.88025,7.151605,6,9.52,25.65,14.29,4.01,26.67054
2026-09-19T18:30:00.000Z,MCT2408035,15.236111,74.125,44.75,190,921.5,86.94986812499998,17.252020625,7.698124999999999,6.19875,19.363125,10.495,3.8299999999999987,27.919349999999998
2026-09-19T18:40:00.000Z,MCT2408035,15.236111,74.125,45.75,190,930.9375,87.19448437499999,18.028620625,7.590000000000001,5.913750000000001,18.515000000000004,9.976875,3.8299999999999987,27.887175624999998
2026-09-19T18:50:00.000Z,MCT2408035,15.236111,74.125,45.25,190,929.5,87.4119225,17.660084375,7.8237499999999995,5.296250000000001,16.793125,9.198125000000003,3.8299999999999987,27.936777499999998
2026-09-19T19:00:00.000Z,MCT2408035,15.236111,74.125,45.375,190,917.0625,87.342305625,17.736814374999998,7.657499999999999,5.48625,17.335000000000004,9.458750000000002,3.8299999999999987,28.03933750000001
2026-09-19T19:00:45.705Z,MCT2408035,15.236111,74.125,48,190,899,87.33038,19.54985,7.52,5.32,18.11,10.57,3.83,28.06481
2026-09-19T18:30:00.000Z,MCT2408039,15.163611,74.110833,32.125,246.905625,671.1875,85.30334687499999,13.621249999999998,10.3,9.019999999999998,29.45562500000001,12.360000000000001,2.3,27.475598124999998
2026-09-19T18:40:00.000Z,MCT2408039,15.163611,74.110833,31.4375,248.72875000000002,668,85.34626374999999,13.988125,10.3,9.019999999999998,29.068749999999998,11.947499999999998,2.3,27.433368124999998
2026-09-19T18:50:00.000Z,MCT2408039,15.163611,74.110833,31.125,284.506875,612.5625,85.51363250000001,13.493125,10.3,9.019999999999998,28.94,11.759999999999998,2.3,27.316063124999996
2026-09-19T19:00:00.000Z,MCT2408039,15.163611,74.110833,31.5625,258.849375,672.6875,85.65906687500002,13.573749999999999,10.3,9.019999999999998,28.94,11.759999999999998,2.3,27.240986874999997
2026-09-19T19:00:45.705Z,MCT2408039,15.163611,74.110833,31,259.13,687,85.57562,11.07,10.3,9.02,28.94,11.76,2.3,27.21752
2026-09-19T18:30:00.000Z,MCT2408026,15.2467,74.198281,117,125,595.9166666666666,84.66581750000002,13.092767499999999,12.5,12.483749999999995,39.1275,20.693750000000005,50.42500000000001,28.621170833333334
2026-09-19T18:40:00.000Z,MCT2408026,15.2467,74.198281,117,125,579.4,84.46295119999996,13.004715599999999,12.5,9.567199999999998,30.6376,16.507599999999996,50.37799999999999,28.613503200000004
2026-09-19T18:50:00.000Z,MCT2408026,15.2467,74.198281,117,125,583.5833333333334,84.5418395833333,13.032340416666669,12.5,9.37458333333333,30.261666666666667,16.472083333333327,50.349999999999994,28.551011250000002
2026-09-19T19:00:00.000Z,MCT2408026,15.2467,74.198281,117,125,593.84,84.60394279999997,13.0058156,12.5,10.9268,35.048,18.9776,50.40800000000001,28.493811600000004
2026-09-19T19:00:45.737Z,MCT2408026,15.2467,74.198281,117,125,588,84.47699,13.176680000000001,12.5,9.455,30.945,16.875,50.675,28.53671
2026-09-19T18:30:00.000Z,MCT2408038,15.188889,74.055556,34.625,233.32999999999996,744.6875,82.31882312500001,8.763124999999999,13.330000000000005,8.282499999999999,23.606875000000006,11.746875000000001,4.5975,28.99186
2026-09-19T18:40:00.000Z,MCT2408038,15.188889,74.055556,34,239.87749999999997,749.6875,82.431835,8.987499999999999,13.330000000000005,7.856249999999999,23.608124999999998,12.297499999999998,4.618125,28.999903125000003
2026-09-19T18:50:00.000Z,MCT2408038,15.188889,74.055556,37.75,233.32999999999996,766.0625,82.55724312499999,8.896249999999998,13.330000000000005,10.568750000000001,30.815625,15.430000000000001,4.602500000000001,28.931531249999992
2026-09-19T19:00:00.000Z,MCT2408038,15.188889,74.055556,40.375,243.57312499999995,777,82.89484250000002,8.873124999999998,13.330000000000005,12.466875000000002,35.91125,17.946875,4.6274999999999995,28.771322500000004
2026-09-19T19:00:45.729Z,MCT2408038,15.188889,74.055556,36,233.33,790,82.93585,8.64,13.33,9.91,27.83,13.23,4.63,28.70831
2026-09-19T20:50:00.000Z,MCT2408057,15.272222,74.104722,29.75,322.16999999999996,497.5,84.36064250000001,12.35,9.057500000000001,9.6875,29.685,16.1875,1.9849999999999999,28.79143
2026-09-19T21:00:00.000Z,MCT2408057,15.272222,74.104722,28.84,319.28599999999994,525.8,84.1974496,12.282,8.9972,9.035999999999998,26.778,14.058399999999997,2.0263999999999998,28.770515999999997
2026-09-19T21:10:00.000Z,MCT2408057,15.272222,74.104722,28.76,327.37880000000007,523.32,84.0924688,12.296799999999998,9.0336,8.4632,24.312799999999996,12.4416,2.0383999999999998,28.8528864
2026-09-19T21:20:00.000Z,MCT2408057,15.272222,74.104722,28.88,333.6099999999999,501.92,82.8974,12.380799999999999,9.053199999999999,6.890800000000001,19.994,10.383200000000002,2.1572000000000005,29.215396400000003
2026-09-19T21:30:00.000Z,MCT2408057,15.272222,74.104722,28.92,338.34079999999994,500.4,82.67736839999999,12.437999999999997,9.075999999999999,6.151600000000002,17.640399999999993,9.144400000000003,2.1795999999999998,29.2441384
2026-09-19T21:40:00.000Z,MCT2408057,15.272222,74.104722,28.84,324.06200000000007,514.24,82.09478759999998,12.3312,9.040399999999998,7.4148000000000005,21.508000000000006,11.0912,2.1328,29.466363200000004
2026-09-19T21:48:30.160Z,MCT2408057,15.272222,74.104722,28.857142857142858,331.1452380952381,526.047619047619,81.44376,12.345714285714289,9.045238095238094,7.03809523809524,20.195238095238103,10.43809523809524,2.2223809523809526,29.661314285714287
2026-09-19T20:50:00.000Z,MCT2408028,15.186944,74.096667,44.5,446.985,572.25,89.87097,19.347499999999997,11.3375,13.73,42.5075,22.62,2.16,26.2120475
2026-09-19T21:00:00.000Z,MCT2408028,15.186944,74.096667,45.6,443.41240000000005,580.44,89.8007824,19.350399999999993,11.305199999999997,14.660000000000002,45.26080000000001,24.01920000000001,2.5187999999999993,26.208939199999996
2026-09-19T21:10:00.000Z,MCT2408028,15.186944,74.096667,45.75,440.3070833333333,583.0416666666666,90.0680641666667,18.957083333333333,11.26333333333333,14.771666666666668,45.86208333333334,24.44083333333334,2.3345833333333332,26.124903749999998
2026-09-19T21:20:00.000Z,MCT2408028,15.186944,74.096667,45.52,438.6912,585.36,90.2728888,19.285199999999996,11.488800000000001,14.620000000000003,45.0232,23.78000000000001,2.358,26.1411524
2026-09-19T21:30:00.000Z,MCT2408028,15.186944,74.096667,44.36,436.43840000000006,575.04,90.03668279999998,19.270799999999994,11.5272,13.4624,41.522,22.072,2.5439999999999996,26.244116000000005
2026-09-19T21:40:00.000Z,MCT2408028,15.186944,74.096667,45.56,432.836,573,89.8847056,19.347599999999996,11.5272,14.5408,44.982400000000005,23.940400000000007,2.5408,26.314901200000005
2026-09-19T21:48:30.164Z,MCT2408028,15.186944,74.096667,46.04761904761905,430.93380952380954,565.5714285714286,89.85752999999998,19.432380952380946,11.51761904761905,15.02857142857143,46.87476190476191,25.23285714285715,2.555238095238095,26.370243809523807
2026-09-19T20:50:00.000Z,MCT2408056,15.579167,73.920833,59,180,561.6666666666666,88.98087666666667,6.703333333333333,9.329421,14.076666666666666,41.589999999999996,22.49333333333333,1.6199999999999999,27.22825
2026-09-19T21:00:00.000Z,MCT2408056,15.579167,73.920833,59.875,180,560.0625,89.03412250000001,6.6587499999999995,9.24706575,14.953125,44.2875,24.073750000000004,1.5912499999999996,27.182665625
2026-09-19T21:10:00.000Z,MCT2408056,15.579167,73.920833,58.4375,180,559.25,88.86961312499999,6.7175,9.701437437500001,14.603125,43.603125,23.781250000000004,1.5856249999999996,27.125688750000005
2026-09-19T21:20:00.000Z,MCT2408056,15.579167,73.920833,56.9375,180,565.0625,88.83098874999997,6.791249999999999,9.641431,14.195000000000004,42.57875,23.195625000000003,1.6424999999999996,27.096195625000004
2026-09-19T21:30:00.000Z,MCT2408056,15.579167,73.920833,56.1875,180,567.75,88.88773250000001,6.859999999999999,9.703197437500002,14.486250000000002,42.80625,23.136250000000004,1.6224999999999998,27.052625000000006
2026-09-19T21:40:00.000Z,MCT2408056,15.579167,73.920833,55,180,565.8125,88.841479375,6.733125,9.505427687500001,14.078125000000004,42.236875000000005,23.021250000000002,1.6681249999999999,26.972186250000004
2026-09-19T21:48:30.164Z,MCT2408056,15.579167,73.920833,54.30769230769231,180,564.8461538461538,88.86623846153846,6.682307692307693,9.972190692307693,14.005384615384616,42.24461538461538,23.143076923076926,1.6969230769230768,26.90979692307692
2026-09-19T20:50:00.000Z,MCT2408020,15.543475,74.039433,56,180,707,86.64374,9.0969625,18.292540000000002,16.235,50.79,27.415,3.66,27.1639
2026-09-19T21:00:00.000Z,MCT2408020,15.543475,74.039433,54.3125,180,701.8125,86.67187125000001,8.990715000000002,19.063538125,15.65375,48.695625,26.194374999999994,3.6599999999999984,27.199426250000002
2026-09-19T21:10:00.000Z,MCT2408020,15.543475,74.039433,52.6875,180,688.625,86.40532000000002,9.10580575,18.877731875,14.783125000000002,45.549375000000005,24.16125,3.6599999999999984,27.3448875
2026-09-19T21:20:00.000Z,MCT2408020,15.543475,74.039433,52.375,180,691.0625,86.644215,9.155613124999999,19.055965,14.610000000000001,45.723749999999995,24.510625,3.6599999999999984,27.297964999999994
2026-09-19T21:30:00.000Z,MCT2408020,15.543475,74.039433,50.25,180,676.3125,86.780113125,8.877835375000002,19.0016025,13.508125,41.93749999999999,22.246875,3.6599999999999984,27.253053750000007
2026-09-19T21:40:00.000Z,MCT2408020,15.543475,74.039433,50.9375,180,680.5,86.841625625,9.157823875,18.964323750000002,14.030000000000001,43.9775,23.638749999999998,3.6599999999999984,27.220873124999997
2026-09-19T21:48:30.163Z,MCT2408020,15.543475,74.039433,62.785714285714285,180,696.9285714285714,86.87589142857144,9.077344000000002,18.944017857142853,22.132857142857144,67.76857142857143,35.71428571428571,3.659999999999999,27.219053571428564
2026-09-19T20:50:00.000Z,MCT2408055,15.585833,73.885556,68.33333333333333,102.94333333333333,730.6666666666666,87.71185000000001,9.65,6.523333333333333,10.49,29.603333333333335,15.906666666666666,21.53,27.028046666666665
2026-09-19T21:00:00.000Z,MCT2408055,15.585833,73.885556,68.0625,107.2875,723.25,87.7685975,9.785,6.425000000000001,10.4025,29.605625,15.977499999999996,21.562500000000004,26.980232500000003
2026-09-19T21:10:00.000Z,MCT2408055,15.585833,73.885556,68.25,106.67750000000001,718.25,87.88208437499998,9.725000000000001,6.05,10.533750000000001,29.52375,15.72125,21.58875,26.90783812499999
2026-09-19T21:20:00.000Z,MCT2408055,15.585833,73.885556,68.1875,106.18999999999998,681.5,87.97172874999998,9.840625000000001,5.98,11.102499999999996,31.784999999999997,17.338749999999997,21.61125,26.860916874999997
2026-09-19T21:30:00.000Z,MCT2408055,15.585833,73.885556,68.2,105.15533333333335,724.2,87.92547800000001,9.590666666666666,6.3740000000000006,11.283333333333331,32.14866666666667,17.540000000000003,21.67666666666667,26.802107333333336
2026-09-19T21:40:00.000Z,MCT2408055,15.585833,73.885556,68.25,107.26625000000003,735.125,87.96505375,9.903750000000002,6.1000000000000005,10.49,29.895,16.189375000000002,21.620625,26.711435
2026-09-19T21:48:30.212Z,MCT2408055,15.585833,73.885556,68.42857142857143,110.45714285714287,736.7142857142857,88.02520499999999,9.680714285714288,6.630000000000001,10.74,30.592142857142857,16.555000000000003,21.749999999999996,26.616918571428567
2026-09-19T20:50:00.000Z,MCT2408052,15.444425,74.063856,28.5,160,881.5,88.54346,3.7922805,8,5.685,16.38,7.935,2,26.960124999999998
2026-09-19T21:00:00.000Z,MCT2408052,15.444425,74.063856,28.5,160,869.1875,88.696044375,3.5741229375000003,8,5.896249999999999,16.896875,8.17625,2,26.900465
2026-09-19T21:10:00.000Z,MCT2408052,15.444425,74.063856,28,160,844.25,88.96927375000001,3.5843861250000004,8.058807999999999,5.77,16.615625000000005,8.0875,2,26.868960000000005
2026-09-19T21:20:00.000Z,MCT2408052,15.444425,74.063856,29.625,160,831.5625,89.1771725,3.5806579375000007,8,7.232499999999998,20.453125,9.751249999999997,2,26.89376125
2026-09-19T21:30:00.000Z,MCT2408052,15.444425,74.063856,29.875,160,813.875,89.03221562499999,3.6187282500000006,8,7.8599999999999985,22.067500000000003,10.463750000000001,2,26.982914374999996
2026-09-19T21:40:00.000Z,MCT2408052,15.444425,74.063856,29.6875,160,820.4375,89.156669375,3.5646053125000003,8,8.006874999999999,22.391875,10.594375,2,26.95677187500001
2026-09-19T21:48:30.407Z,MCT2408052,15.444425,74.063856,29.53846153846154,160,818.6923076923077,89.33574076923077,3.545371153846154,8,8.311538461538461,22.970769230769232,10.701538461538462,2,26.960120769230766
2026-09-19T20:50:00.000Z,MCT2408053,15.263333,74.110833,63.5,158.2545,642,90.97723,11.68,27.7,11.94,39.375,24.255000000000003,19.745,27.26579
2026-09-19T21:00:00.000Z,MCT2408053,15.263333,74.110833,62.5,166.50266875,617.9375,91.1055025,11.45,27.39624999999999,10.79,36.76499999999999,23.618125,19.15,27.24165875
2026-09-19T21:10:00.000Z,MCT2408053,15.263333,74.110833,62.5,177.45565625,636.9375,90.761226875,13.31125,26.270624999999995,10.501875000000002,35.609375,22.911875000000002,19.210625000000004,27.212160000000008
2026-09-19T21:20:00.000Z,MCT2408053,15.263333,74.110833,63.8125,190.22029375,645.25,90.79699000000001,12.909375000000002,28.394999999999992,10.328125,34.39500000000001,21.785000000000004,19.904999999999998,27.17931375
2026-09-19T21:30:00.000Z,MCT2408053,15.263333,74.110833,68.0625,211.00577500000003,628.0625,90.479891875,16.185624999999998,28.039999999999996,7.9193750000000005,26.37375,16.849375000000002,22.56875,27.14982062499999
2026-09-19T21:40:00.000Z,MCT2408053,15.263333,74.110833,68.1875,207.68721875000003,615.0625,90.26770124999999,14.52375,27.219374999999992,14.46125,49.03937500000001,31.51312499999999,22.668125,27.100217499999996
2026-09-19T21:48:30.404Z,MCT2408053,15.263333,74.110833,68.3076923076923,177.02963846153847,626.2307692307693,90.39974846153846,13.579999999999997,27.88538461538461,18.648461538461536,62.00307692307693,38.96076923076924,22.696153846153848,27.064071538461537
2026-09-19T20:50:00.000Z,MCT2408043,15.221111,74.087222,49,186.505,636.5,85.537475,14.3,10.19,15.2,47.64,25.62,5.29,27.75378
2026-09-19T21:00:00.000Z,MCT2408043,15.221111,74.087222,48.3125,191.04062500000003,652.9375,85.41588312500002,14.204374999999997,10.32875,14.801250000000003,45.706250000000004,23.939999999999998,5.290000000000001,27.744394375
2026-09-19T21:10:00.000Z,MCT2408043,15.221111,74.087222,48,193.200625,662.6875,85.59135812500001,14.174999999999997,10.445624999999998,14.563125,45.86687500000001,24.499999999999996,5.290000000000001,27.607649999999996
2026-09-19T21:20:00.000Z,MCT2408043,15.221111,74.087222,51.4375,188.8975,669.875,85.83263999999998,14.186874999999999,10.413749999999999,17.4125,53.108125,27.380625,5.290000000000001,27.608320000000006
2026-09-19T21:30:00.000Z,MCT2408043,15.221111,74.087222,53.8,183.80800000000002,658.9333333333333,85.916912,14.21133333333333,10.335999999999997,18.32133333333333,57.50666666666667,30.40333333333333,5.290000000000001,27.636518666666664
2026-09-19T21:40:00.000Z,MCT2408043,15.221111,74.087222,53.4375,183.62312499999996,657.75,85.869831875,14.198749999999997,10.431875,18.36375,56.89062500000001,29.78312499999999,5.290000000000001,27.712889375000003
2026-09-19T21:48:30.415Z,MCT2408043,15.221111,74.087222,52.07142857142857,186.71285714285713,674.4285714285714,85.88787999999998,14.189285714285713,10.432857142857143,17.36785714285714,54.07357142857142,28.547142857142855,5.29,27.729263571428564
2026-09-19T20:50:00.000Z,MCT2408021,15.500556,74.053333,49.5,375,544,86.1402,21.2,14.721325,5.234999999999999,14.785,8.81,4.265000000000001,26.986935000000003
2026-09-19T21:00:00.000Z,MCT2408021,15.500556,74.053333,49.625,375,547.8125,86.33331812500002,21.363125,14.709043125,6.129374999999999,18.36875,11.368749999999999,4.28,26.99095625
2026-09-19T21:10:00.000Z,MCT2408021,15.500556,74.053333,49.8125,375,550.75,86.499734375,21.490625000000005,14.724749374999998,5.53375,16.82125,10.5075,4.2775,26.992966249999995
2026-09-19T21:20:00.000Z,MCT2408021,15.500556,74.053333,49.75,375,565.875,86.564583125,21.385625000000005,14.663068125,4.434374999999999,13.750624999999998,8.78,4.226875,26.964814375000007
2026-09-19T21:30:00.000Z,MCT2408021,15.500556,74.053333,49.8125,375,565.25,86.67520812499998,21.474375000000002,14.681054999999999,4.494999999999999,13.830624999999998,8.749999999999998,4.25125,26.913200624999995
2026-09-19T21:40:00.000Z,MCT2408021,15.500556,74.053333,49.9375,375,558.5,86.75579500000002,21.533125000000005,14.580245625000002,4.435625,13.804374999999997,8.81,4.290625,26.868959375000006
2026-09-19T21:48:30.415Z,MCT2408021,15.500556,74.053333,49.69230769230769,375,556.0769230769231,86.81510538461538,21.411538461538463,14.519395384615384,4.104615384615384,13.042307692307693,8.38846153846154,4.3246153846153845,26.85039692307692
2026-09-19T20:50:00.000Z,MCT2408051,15.486528,74.033889,51.5,342.13,574.5,95.63116500000001,21.825000000000003,5.19,7.15,21.75,11.51,4.39,26.45068
2026-09-19T21:00:00.000Z,MCT2408051,15.486528,74.033889,52,341.251875,564.0625,95.60875312500002,22.135625000000005,5.1899999999999995,7.344374999999998,22.489375000000003,12.055624999999997,4.39,26.427890000000005
2026-09-19T21:10:00.000Z,MCT2408051,15.486528,74.033889,52.25,339.945,572.125,95.08375687500002,22.283125000000002,5.1899999999999995,7.111249999999998,21.869374999999998,11.784374999999997,4.39,26.490228124999998
2026-09-19T21:20:00.000Z,MCT2408051,15.486528,74.033889,52.0625,334.595,584.8125,95.24302124999998,22.163125,5.1899999999999995,7.849999999999999,24.432500000000005,13.184999999999999,4.39,26.415823125
2026-09-19T21:30:00.000Z,MCT2408051,15.486528,74.033889,52.1875,335.345625,582.1875,95.17149375000002,22.249375,5.1899999999999995,7.614999999999998,23.734375000000004,12.835624999999997,4.39,26.445986875000003
2026-09-19T21:40:00.000Z,MCT2408051,15.486528,74.033889,52.125,332.719375,587.0625,95.00078437500001,22.209375,5.1899999999999995,7.888125,24.977500000000003,13.651874999999999,4.39,26.511008125000004
2026-09-19T21:48:30.456Z,MCT2408051,15.486528,74.033889,51.642857142857146,328.1607142857143,602.5,94.28403142857142,21.898571428571433,5.1899999999999995,7.7264285714285705,24.503571428571433,13.379285714285714,4.39,26.517327857142856
2026-09-19T20:50:00.000Z,MCT2408034,15.356389,74.123611,36.25,180,515.75,76.84568999999999,6.15,4.33,8.8825,28.367500000000003,15.469999999999999,1.1625,30.4565
2026-09-19T21:00:00.000Z,MCT2408034,15.356389,74.123611,36.84,180,526.64,76.9177852,6.150000000000002,4.4284,9.2588,29.5212,15.94,1.3676,30.41660519999999
2026-09-19T21:10:00.000Z,MCT2408034,15.356389,74.123611,37.25,180,532.3333333333334,76.96076583333333,6.150000000000002,4.205,9.722083333333332,30.635000000000005,16.369999999999997,1.209583333333333,30.42030541666666
2026-09-19T21:20:00.000Z,MCT2408034,15.356389,74.123611,38,180,541.6,76.80548160000004,6.150000000000002,4.381599999999999,10.3932,32.48640000000001,17.141199999999998,1.3211999999999997,30.426043599999993
2026-09-19T21:30:00.000Z,MCT2408034,15.356389,74.123611,37.16,180,534.72,77.0773924,6.150000000000002,3.9516000000000004,9.7348,31.022800000000004,16.691599999999998,1.4067999999999998,30.305494400000008
2026-09-19T21:40:00.000Z,MCT2408034,15.356389,74.123611,37.25,180,540.875,77.18201708333332,6.150000000000002,4.5183333333333335,9.913333333333334,31.41708333333334,16.800416666666663,1.2879166666666666,30.245130833333324
2026-09-19T21:48:30.654Z,MCT2408034,15.356389,74.123611,37.285714285714285,180,550,76.9228004761905,6.150000000000001,4.501904761904761,10.115714285714285,31.84238095238095,16.834285714285713,1.3338095238095233,30.342613809523804
2026-09-19T20:50:00.000Z,MCT2408050,15.553611,73.958333,51,86.03000000000002,656,91.94362666666666,11.216666666666669,4.16,13.003333333333332,40.36,20.97666666666667,2.92,26.31662
2026-09-19T21:00:00.000Z,MCT2408050,15.553611,73.958333,49.25,86.02999999999999,643.3125,91.97048625,11.238125000000002,4.2275,12.089999999999998,37.249374999999986,19.45375,2.95875,26.265673749999998
2026-09-19T21:10:00.000Z,MCT2408050,15.553611,73.958333,48.1875,86.02999999999999,629.8125,91.94283000000001,11.325625000000002,4.266875,11.613124999999998,35.799375000000005,18.656875,2.9993750000000006,26.179203749999996
2026-09-19T21:20:00.000Z,MCT2408050,15.553611,73.958333,46.5,86.02999999999999,620.125,91.97048500000002,11.233750000000002,4.1762500000000005,10.976875000000001,33.86625,17.700625,3.07125,26.103453125
2026-09-19T21:30:00.000Z,MCT2408050,15.553611,73.958333,45.5,86.02999999999999,605.25,91.87845375000002,11.185000000000004,4.2975,10.8175,32.900625,16.850625,3.2143750000000004,26.047816874999995
2026-09-19T21:40:00.000Z,MCT2408050,15.553611,73.958333,44.375,86.02999999999999,617.125,91.88465437500001,11.06625,4.368124999999999,10.28625,31.611875,16.478749999999998,3.0724999999999993,25.970730624999998
2026-09-19T21:48:30.654Z,MCT2408050,15.553611,73.958333,43.84615384615385,86.02999999999999,638,91.86517538461541,11.239999999999998,4.323846153846154,10.310769230769232,31.903846153846153,16.748461538461534,3.30923076923077,25.935461538461535
2026-09-19T20:50:00.000Z,MCT2408030,15.142519,74.075003,45,163,559.3333333333334,81.56256,8.843333333333334,6.2,9.37,26.763333333333332,14.516666666666666,4.8999999999999995,27.617926666666666
2026-09-19T21:00:00.000Z,MCT2408030,15.142519,74.075003,45,163,564.9333333333333,81.65869066666666,8.731333333333335,6.200000000000002,9.558000000000002,27.79666666666667,15.210666666666668,4.749333333333334,27.575743333333325
2026-09-19T21:10:00.000Z,MCT2408030,15.142519,74.075003,44.5625,163,561.875,81.69464437500001,8.779375,6.200000000000002,9.4875,27.599999999999998,15.146874999999998,4.644375,27.54196
2026-09-19T21:20:00.000Z,MCT2408030,15.142519,74.075003,43.93333333333333,163,558.2,81.78889666666666,8.907333333333334,6.200000000000002,9.432666666666668,26.826000000000004,14.452,4.659999999999999,27.516396666666665
2026-09-19T21:30:00.000Z,MCT2408030,15.142519,74.075003,42.25,163,555.4375,81.765214375,8.72875,6.200000000000002,9.370000000000001,25.7775,13.489374999999999,4.610624999999999,27.535255625
2026-09-19T21:40:00.000Z,MCT2408030,15.142519,74.075003,41.5,163,553.125,81.818145,8.780625,6.200000000000002,9.42875,26.631875,14.258749999999997,4.6468750000000005,27.560729999999992
2026-09-19T21:48:30.661Z,MCT2408030,15.142519,74.075003,40.23076923076923,163,554.3076923076923,81.7855746153846,8.866923076923078,6.200000000000002,9.370000000000001,25.969999999999995,13.689999999999998,4.592307692307692,27.578053846153846
2026-09-19T20:50:00.000Z,MCT2408029,15.333611,74.206944,17.666666666666668,120,877.6666666666666,91.36633,5.536666666666666,9.023333333333333,4.903333333333333,15.413333333333334,8.823333333333332,3.5,26.33449333333333
2026-09-19T21:00:00.000Z,MCT2408029,15.333611,74.206944,18.133333333333333,120,902.8666666666667,91.45890266666669,3.8833333333333333,8.174000000000001,5.292000000000001,16.259999999999998,9.018666666666666,3.5,26.301602666666657
2026-09-19T21:10:00.000Z,MCT2408029,15.333611,74.206944,17.6875,120,898.875,91.46742062500003,4.010625,7.317500000000002,4.999999999999999,15.353750000000002,8.568125,3.5,26.26232125
2026-09-19T21:20:00.000Z,MCT2408029,15.333611,74.206944,18,120,898.875,91.60713625000002,4.058749999999999,7.287500000000001,5.1468750000000005,16.003124999999997,9.04375,3.5,26.204676250000006
2026-09-19T21:30:00.000Z,MCT2408029,15.333611,74.206944,17.8125,120,906,91.72539312500004,4.678125,7.561250000000002,5.4018749999999995,16.4,9.006874999999999,3.5,26.15708062500001
2026-09-19T21:40:00.000Z,MCT2408029,15.333611,74.206944,17.4375,120,894.9375,91.76973875000002,5.58,7.9681250000000015,5.255624999999999,15.785625000000003,8.602500000000001,3.5,26.145682500000003
2026-09-19T21:48:30.665Z,MCT2408029,15.333611,74.206944,27.928571428571427,120,901.6428571428571,91.73690500000001,13.562857142857142,10.071428571428571,5.6278571428571444,17.050714285714285,9.368571428571427,3.5714285714285716,26.125095714285717
2026-09-19T20:50:00.000Z,MCT2408023,15.499722,74.020833,63,194.11333333333334,529,92.54126000000001,8.803333333333333,18.873333333333335,17.323333333333334,53.61333333333334,32.38333333333333,3.2533333333333334,25.923363333333338
2026-09-19T21:00:00.000Z,MCT2408023,15.499722,74.020833,63.75,200.52125,529.8125,92.56557812499999,8.689374999999998,19.220625,16.635625,53.35124999999999,33.53125,3.84875,25.864150625
2026-09-19T21:10:00.000Z,MCT2408023,15.499722,74.020833,64.625,197.08000000000004,532.0625,92.67859,8.0725,19.325000000000003,17.426875,55.566250000000004,34.8,3.6625,25.839350625
2026-09-19T21:20:00.000Z,MCT2408023,15.499722,74.020833,63.375,198.69,528.25,92.53696749999997,8.696875,20.410625,16.951249999999998,54.21875000000001,34.075,3.6012500000000003,25.829964999999994
2026-09-19T21:30:00.000Z,MCT2408023,15.499722,74.020833,60.6,198.06466666666668,522.4666666666667,92.43648333333333,8.570666666666666,19.172666666666665,16.30933333333333,51.081999999999994,31.416666666666668,3.762666666666667,25.819687333333334
2026-09-19T21:40:00.000Z,MCT2408023,15.499722,74.020833,60.6875,195.003125,532.625,92.30331750000002,8.453125,18.718750000000004,15.922500000000001,51.05499999999999,32.443749999999994,3.746875,25.917776875000005
2026-09-19T21:48:30.703Z,MCT2408023,15.499722,74.020833,59,201.2164285714286,518.5714285714286,92.21864357142856,8.877142857142859,19.066428571428567,15.48214285714286,49.48357142857143,31.175,3.9699999999999993,25.89144285714286
2026-09-19T20:50:00.000Z,MCT2408040,15.528056,74.020833,19,100,544,88.26117,7.855,4.715,3.1399999999999997,9.469999999999999,4.550000000000001,3.5,26.84751
2026-09-19T21:00:00.000Z,MCT2408040,15.528056,74.020833,18.6875,100,535.25,88.39706875000002,7.756875000000001,4.664999999999999,3.3087500000000007,9.823749999999999,4.7631250000000005,3.5,26.826060000000005
2026-09-19T21:10:00.000Z,MCT2408040,15.528056,74.020833,18.8125,100,544.25,88.505310625,7.819375000000001,4.734375000000001,3.11375,9.229375000000001,4.438125,3.5,26.809301249999994
2026-09-19T21:20:00.000Z,MCT2408040,15.528056,74.020833,18.5,100,545.5,88.39611437500001,7.69125,4.695625000000001,3.07,8.835625,4.100625,3.5,26.800586874999997
2026-09-19T21:30:00.000Z,MCT2408040,15.528056,74.020833,18.9375,100,537.625,88.25544750000002,7.979375000000002,4.72625,3.07,8.857500000000002,4.1468750000000005,3.5,26.820696875000003
2026-09-19T21:40:00.000Z,MCT2408040,15.528056,74.020833,18.6875,100,546.75,88.27309249999999,7.681875,4.6762500000000005,3.07,8.835625,4.114375000000001,3.5,26.795894999999998
2026-09-19T21:48:30.906Z,MCT2408040,15.528056,74.020833,18.642857142857142,100,550.2857142857143,88.33528428571428,7.688571428571429,4.756428571428572,3.07,8.520000000000001,3.8978571428571422,3.5,26.727234285714296
2026-09-19T20:50:00.000Z,MCT2408027,15.275556,74.1075,57,1194.27,573,89.6192,6.58,12.67,13.315000000000001,41.4,22.235,2.95,27.53928
2026-09-19T21:00:00.000Z,MCT2408027,15.275556,74.1075,57.125,1185.546875,608.3125,89.61490812500001,6.579999999999999,12.444374999999999,13.560625,42.13999999999999,22.604999999999997,2.9500000000000006,27.554694999999995
2026-09-19T21:10:00.000Z,MCT2408027,15.275556,74.1075,56.125,1188.0625,596,89.58725437500001,6.579999999999999,12.630624999999997,13.559999999999999,42.016875,22.419375,2.9500000000000006,27.562738125000003
2026-09-19T21:20:00.000Z,MCT2408027,15.275556,74.1075,53.5625,1188.1868749999999,580.75,89.65353437500002,6.579999999999999,12.478749999999998,12.511249999999999,38.75062499999999,20.75,2.9500000000000006,27.571453125
2026-09-19T21:30:00.000Z,MCT2408027,15.275556,74.1075,50.5,1184.5087500000004,568.4375,89.62635624999999,6.579999999999999,12.569374999999997,11.217500000000001,34.80875,18.834374999999998,2.9500000000000006,27.590222499999996
2026-09-19T21:40:00.000Z,MCT2408027,15.275556,74.1075,49.1875,1184.4418749999998,578.875,89.55244562500002,6.579999999999999,12.451874999999996,11.216875,34.5,18.465625,2.9500000000000006,27.592231875
2026-09-19T21:48:30.906Z,MCT2408027,15.275556,74.1075,47.5,1189.0614285714287,592.2142857142857,89.70748285714285,6.579999999999999,12.694999999999997,11.129285714285714,33.65428571428572,17.787142857142857,2.95,27.53928
2026-09-19T20:50:00.000Z,MCT2408044,15.313669,74.140042,25,214.29,530.3333333333334,95.34379333333334,10.983333333333334,3.4600000000000004,5.553333333333334,15.166666666666666,8.83,3.3444446666666665,25.576579999999996
2026-09-19T21:00:00.000Z,MCT2408044,15.313669,74.140042,24.875,214.29,525.1875,95.36604687499998,11.059375000000001,3.443125,5.280625000000001,14.53125,8.68375,3.2687499375000004,25.538375000000002
2026-09-19T21:10:00.000Z,MCT2408044,15.313669,74.140042,24.5625,214.29,528.5,95.35460249999997,10.904374999999998,3.4937500000000004,5.02875,13.875,8.3125,3.7649038125,25.482739375000005
2026-09-19T21:20:00.000Z,MCT2408044,15.313669,74.140042,24.8125,214.29,527.8125,95.328374375,11.005625000000002,3.53125,5.316875000000001,14.4375,8.54875,3.7325320625000002,25.405652499999995
2026-09-19T21:30:00.000Z,MCT2408044,15.313669,74.140042,24.625,214.29,533.8125,95.39178999999997,10.961875,3.4374999999999996,5.64,15.1875,8.886249999999999,3.4507210625,25.356050624999998
2026-09-19T21:40:00.000Z,MCT2408044,15.313669,74.140042,24.4375,214.29,536.125,95.44806,10.89,3.410625,5.027500000000001,13.9375,8.3125,3.6591345625,25.331920625
2026-09-19T21:48:30.910Z,MCT2408044,15.313669,74.140042,24.692307692307693,214.29,533.2307692307693,95.45334230769231,11.006153846153847,3.424615384615384,4.906923076923078,13.538461538461538,8.11,3.5136094615384623,25.35136
2026-09-19T20:50:00.000Z,MCT2408049,15.475278,74.055833,56.666666666666664,150,519,86.43774,24.296666666666667,14.876666666666667,9.456666666666667,27.323333333333334,13.81,2.61,27.557153333333332
2026-09-19T21:00:00.000Z,MCT2408049,15.475278,74.055833,57.0625,151.215275,503.6875,86.48590437500003,24.3675,15.914375,9.535625000000001,27.721249999999998,14.097500000000002,2.61,27.583519374999998
2026-09-19T21:10:00.000Z,MCT2408049,15.475278,74.055833,56.625,150.08306875,499.8125,86.46921437500004,24.07625,15.360624999999995,9.391874999999999,26.956249999999997,13.619375000000005,2.61,27.613680000000002
2026-09-19T21:20:00.000Z,MCT2408049,15.475278,74.055833,56.6875,152.36726875,497.5,86.44489562500002,24.276874999999997,14.630000000000003,9.344375000000001,27.09875,13.81,2.61,27.6036275
2026-09-19T21:30:00.000Z,MCT2408049,15.475278,74.055833,56.6875,150,504.375,86.47350562500003,24.104374999999997,15.13375,9.295625,27.146874999999998,13.954375000000002,2.61,27.60027625
2026-09-19T21:40:00.000Z,MCT2408049,15.475278,74.055833,56.6875,150,503.4375,86.49591875000002,24.210625,15.111250000000002,9.248125,26.668125000000003,13.473749999999999,2.61,27.607650000000003
2026-09-19T21:48:30.912Z,MCT2408049,15.475278,74.055833,56.46153846153846,150,504.7692307692308,86.45476076923076,24.00230769230769,14.056153846153846,8.963076923076924,25.51615384615385,12.748461538461537,2.61,27.62425230769231
2026-09-19T20:50:00.000Z,MCT2408046,15.529167,74.07,31.75,95.52,742,85.163635,13.864999999999998,0.6225,8.22,25.2725,12.7025,3.25,27.7510975
2026-09-19T21:00:00.000Z,MCT2408046,15.529167,74.07,31.16,95.52,743.76,85.20025519999999,13.5892,0.5316000000000001,8.371199999999998,25.416799999999995,12.5084,3.4388,27.73318519999999
2026-09-19T21:10:00.000Z,MCT2408046,15.529167,74.07,31.2,95.52,739.08,85.3473504,13.655600000000003,0.6124,7.714800000000001,23.552000000000003,11.734000000000002,3.4828,27.726322
2026-09-19T21:20:00.000Z,MCT2408046,15.529167,74.07,30.96,95.52,727.12,85.39038320000002,13.4576,0.6004,7.763999999999999,23.774,11.976799999999999,3.5436000000000005,27.7580684
2026-09-19T21:30:00.000Z,MCT2408046,15.529167,74.07,31,95.52,719.84,85.198426,13.531600000000001,0.5572,8.068,24.306800000000003,11.952400000000003,3.4556000000000004,27.818990000000003
2026-09-19T21:40:00.000Z,MCT2408046,15.529167,74.07,30.92,95.52,721.2,85.07025039999999,13.4076,0.5579999999999998,7.764399999999999,23.196800000000003,11.274399999999998,3.502800000000001,27.80397480000001
2026-09-19T21:48:30.948Z,MCT2408046,15.529167,74.07,31.047619047619047,95.52,726.8571428571429,85.02267238095239,13.496190476190478,0.6157142857142855,6.952380952380953,21.162857142857142,10.657142857142858,3.756666666666667,27.76910047619047
2026-09-19T20:50:00.000Z,MCT2408037,15.394444,74.118333,49,160,525,85.50314499999999,10.98,14.35,8.18,29.03,14.615,3.735,26.461405
2026-09-19T21:00:00.000Z,MCT2408037,15.394444,74.118333,47.4375,160,519.9375,85.532706875,10.403750000000002,14.353125,7.293125,26.066875000000003,13.443125000000002,3.689375,26.4748125
2026-09-19T21:10:00.000Z,MCT2408037,15.394444,74.118333,48.4375,160,517.875,85.68291124999999,10.199374999999998,14.40375,8.130625000000002,28.825,14.708750000000004,3.6699999999999995,26.50162375
2026-09-19T21:20:00.000Z,MCT2408037,15.394444,74.118333,47.875,160,523.8125,85.61377124999999,10.36125,14.40125,8.131875000000003,28.875625,14.615000000000002,3.72125,26.611554375000004
2026-09-19T21:30:00.000Z,MCT2408037,15.394444,74.118333,45.75,160,500.9375,85.56226874999999,10.338125000000002,14.370624999999999,7.525625000000002,25.758749999999996,12.786875000000002,3.700625,26.68662749999999
2026-09-19T21:40:00.000Z,MCT2408037,15.394444,74.118333,45.375,160,502.8125,85.55273374999997,10.493125000000001,14.404375000000002,7.152500000000002,24.939375000000002,12.693125000000002,3.795625,26.676575
2026-09-19T21:48:31.154Z,MCT2408037,15.394444,74.118333,44.857142857142854,160,499,85.60069000000001,10.458571428571428,14.347857142857142,6.583571428571429,23.714285714285715,12.365,3.874285714285714,26.723406428571426
2026-09-19T20:50:00.000Z,MCT2408042,15.213889,74.071667,60.666666666666664,239.50666666666666,522.6666666666666,88.73673333333333,25.856666666666666,13.89,15.166666666666666,45.90333333333333,23.993333333333336,3.1166666666666667,27.617926666666666
2026-09-19T21:00:00.000Z,MCT2408042,15.213889,74.071667,60.9375,242.21187500000005,530,88.71940750000003,25.95,13.798125,15.071875,45.48625,23.803750000000004,3.2350000000000003,27.637143749999993
2026-09-19T21:10:00.000Z,MCT2408042,15.213889,74.071667,60.5,231.305625,532.875,88.78664437499998,25.75,13.612499999999999,16.721249999999994,50.33000000000001,26.1925,3.27625,27.662614374999997
2026-09-19T21:20:00.000Z,MCT2408042,15.213889,74.071667,60.8125,221.71499999999997,554.6875,88.89297875,25.95,13.683125,18.143124999999998,54.14875000000001,28.070625,3.3806249999999998,27.65658125
2026-09-19T21:30:00.000Z,MCT2408042,15.213889,74.071667,60.8125,202.49812500000002,555.8125,88.95544312499999,25.75,13.770624999999999,20.929999999999996,61.90125,31.601249999999993,3.2824999999999998,27.703504375
2026-09-19T21:40:00.000Z,MCT2408042,15.213889,74.071667,60.8125,226.176875,552.4375,88.99692937500001,25.913125,13.649999999999999,17.858749999999997,53.407500000000006,27.728124999999995,3.1481250000000003,27.68942875000001
2026-09-19T21:48:31.159Z,MCT2408042,15.213889,74.071667,60.76923076923077,228.62,556.9230769230769,88.94370615384615,25.92230769230769,13.544615384615383,16.939999999999994,50.93153846153845,26.629999999999995,3.37076923076923,27.704277692307702
2026-09-19T20:50:00.000Z,MCT2408033,15.346944,74.007778,26.5,110,685.5,89.09277,7.27,3.73,8.785,22.055,12.94,4.39,27.13172
2026-09-19T21:00:00.000Z,MCT2408033,15.346944,74.007778,25.8125,110,693.75,89.1004025,7.271249999999999,4.095,8.709375000000001,21.924374999999998,12.939999999999998,4.39,27.168589374999996
2026-09-19T21:10:00.000Z,MCT2408033,15.346944,74.007778,26.875,110,673,89.16334750000001,7.095624999999999,3.895,9.8475,25.223749999999992,15.256874999999999,4.39,27.196743124999994
2026-09-19T21:20:00.000Z,MCT2408033,15.346944,74.007778,27.375,110,674.625,89.22247249999997,7.730625,3.7937500000000006,10.795625,27.756249999999998,16.83875,4.39,27.214841249999996
2026-09-19T21:30:00.000Z,MCT2408033,15.346944,74.007778,27.1875,110,673.25,89.13473500000002,7.484375,3.8881250000000005,10.833749999999998,27.949999999999996,16.98625,4.39,27.28858124999999
2026-09-19T21:40:00.000Z,MCT2408033,15.346944,74.007778,26.8125,110,674.4375,89.02172374999999,7.405624999999999,4.00125,10.948125,28.206875,17.13375,4.39,27.283889374999994
2026-09-19T21:48:31.162Z,MCT2408033,15.346944,74.007778,26,110,653.4285714285714,89.02846999999998,7.262857142857142,4.069285714285715,10.475714285714286,26.702142857142857,16.13285714285714,4.39,27.26579
2026-09-19T20:50:00.000Z,MCT2408041,15.224628,74.171389,33,405.72180000000003,634,88.56635,13.79,9.7,8.09,25.515,14.155000000000001,7.715,27.32478
2026-09-19T21:00:00.000Z,MCT2408041,15.224628,74.171389,32.6875,405.0453375,645.4375,88.66028062499998,13.701875,9.7,8.340625000000001,25.515000000000004,13.699375,7.84375,27.27986625
2026-09-19T21:10:00.000Z,MCT2408041,15.224628,74.171389,32.5625,411.64682500000004,645.1875,88.74897437499999,13.674999999999999,9.7,8.290625000000002,24.65437500000001,12.939999999999998,7.905625,27.183336874999995
2026-09-19T21:20:00.000Z,MCT2408041,15.224628,74.171389,32.5625,419.7240937499999,627.4375,88.99263687499996,13.570625,9.7,8.090000000000002,24.401250000000005,13.04125,7.892500000000001,27.124348124999997
2026-09-19T21:30:00.000Z,MCT2408041,15.224628,74.171389,32.6875,420.25509374999996,614.625,89.27111187500002,13.666875,9.7,8.240000000000002,24.755625000000006,13.091875,7.8999999999999995,27.112281875000008
2026-09-19T21:40:00.000Z,MCT2408041,15.224628,74.171389,32.5625,422.22031874999993,601.8125,89.541000625,13.651875,9.7,8.090000000000002,23.793750000000006,12.433749999999998,7.76625,27.125690625
2026-09-19T21:48:31.161Z,MCT2408041,15.224628,74.171389,32.714285714285715,425.3082642857143,599.6428571428571,89.53745857142859,13.718571428571426,9.700000000000001,8.090000000000002,23.490000000000006,12.129999999999997,7.774285714285715,27.184581428571423
2026-09-19T20:50:00.000Z,MCT2408024,15.148056,74.131667,40.666666666666664,204.12963333333335,743.6666666666666,80.73858666666666,17.52596,8.821548,7.656666666666666,25.650000000000002,14.99,2.686666666666667,27.7645
2026-09-19T21:00:00.000Z,MCT2408024,15.148056,74.131667,41.28,204.21215199999997,664.92,80.73492479999996,18.022263999999996,7.486291280000002,8.270000000000003,25.78520000000001,14.230000000000004,2.7224,27.75549280000001
2026-09-19T21:10:00.000Z,MCT2408024,15.148056,74.131667,40.92,204.302764,790.72,80.7184456,17.820516800000004,6.889465960000001,8.190000000000003,25.664800000000003,14.190000000000005,2.7311999999999994,27.700580000000013
2026-09-19T21:20:00.000Z,MCT2408024,15.148056,74.131667,40.76,204.598432,811.52,80.69769320000003,17.7112472,7.525540720000002,7.710000000000003,24.668400000000005,13.910000000000004,2.7256000000000005,27.629795600000016
2026-09-19T21:30:00.000Z,MCT2408024,15.148056,74.131667,41,205.35194583333336,826.1666666666666,80.72174041666669,17.833474999999996,7.566437750000002,8.073333333333336,25.31916666666667,14.156666666666672,2.733333333333333,27.614797083333343
2026-09-19T21:40:00.000Z,MCT2408024,15.148056,74.131667,41.24,204.62489599999998,717.52,80.80206399999999,18.044908000000003,7.014718440000001,7.750000000000001,23.948000000000008,13.110000000000005,2.7235999999999994,27.640521599999992
2026-09-19T21:48:31.192Z,MCT2408024,15.148056,74.131667,41.23809523809524,205.22323809523806,752.9047619047619,80.77673333333331,18.110254285714287,6.070226190476192,7.79952380952381,24.13238095238096,13.27571428571429,2.741428571428571,27.696579047619036
2026-09-19T20:50:00.000Z,MCT2408022,15.475833,74.038889,51,150,486,90.18378,4.3,11.368974999999999,14.5,45,24,4.2719765,26.397055
2026-09-19T21:00:00.000Z,MCT2408022,15.475833,74.038889,49.0625,150,488.3125,90.19141,3.9550000000000005,11.140940625000002,14.0625,42.4375,22.0625,4.257706687500001,26.396384374999997
2026-09-19T21:10:00.000Z,MCT2408022,15.475833,74.038889,47.9375,150,497.875,90.20857375000001,3.7825000000000006,11.3796425,13.8125,41.5,21.5625,4.275627,26.384989999999995
2026-09-19T21:20:00.000Z,MCT2408022,15.475833,74.038889,46.375,150,465.4375,90.243380625,4.00125,11.475776875000003,13.125,39.4375,20.4375,4.288846,26.397725
2026-09-19T21:30:00.000Z,MCT2408022,15.475833,74.038889,44.875,150,478.9375,90.31061562500001,3.9406249999999994,11.285391875000002,12.5,37.6875,19.6875,4.2785308125,26.336726874999997
2026-09-19T21:40:00.000Z,MCT2408022,15.475833,74.038889,43.5625,150,476.8125,90.45271312500003,3.9962499999999994,11.304343125000003,12,36,18.6875,4.281241125000001,26.2509275
2026-09-19T21:48:31.404Z,MCT2408022,15.475833,74.038889,43.30769230769231,150,475.0769230769231,90.56935461538463,3.9992307692307687,11.350556153846155,12.307692307692308,36.61538461538461,18.846153846153847,4.2861020000000005,26.19451769230769
2026-09-19T20:50:00.000Z,MCT2408045,15.619444,73.878889,28,178.12,665.5,85.945645,10.94,16.505,6.54,21.955,11.025,2.53,27.0781
2026-09-19T21:00:00.000Z,MCT2408045,15.619444,73.878889,27.125,178.11999999999995,667.3125,85.96471937499999,10.605,16.533125000000002,6.228750000000002,20.957500000000003,10.673125000000004,2.5300000000000002,27.035868125000004
2026-09-19T21:10:00.000Z,MCT2408045,15.619444,73.878889,26.4375,178.11999999999995,670.625,85.94230749999997,10.752500000000001,16.57875,5.9143750000000015,19.710625,10.001249999999999,2.5300000000000002,26.99699125
2026-09-19T21:20:00.000Z,MCT2408045,15.619444,73.878889,26.375,178.11999999999995,670.5,85.92323874999998,10.710625,16.831250000000004,6.165625000000002,20.423125000000002,10.248750000000001,2.5300000000000002,26.958783750000002
2026-09-19T21:30:00.000Z,MCT2408045,15.619444,73.878889,26.0625,178.11999999999995,675.1875,85.920378125,10.645000000000001,16.543125,5.946250000000002,19.88875,10.106875000000002,2.5300000000000002,26.913871874999998
2026-09-19T21:40:00.000Z,MCT2408045,15.619444,73.878889,25.6875,178.11999999999995,650.0625,85.85361812499998,10.871875,16.58625,5.663750000000001,18.998124999999995,9.71875,2.5300000000000002,26.884376250000006
2026-09-19T21:48:31.403Z,MCT2408045,15.619444,73.878889,25.785714285714285,178.11999999999995,651.5714285714286,85.83338571428571,10.68857142857143,16.25357142857143,5.429285714285716,18.16857142857143,9.290000000000001,2.5300000000000002,26.837551428571427
2026-09-19T20:50:00.000Z,MCT2408032,15.525556,73.828611,52.666666666666664,191.72333333333336,584.6666666666666,80.42323666666665,14.416666666666666,17.22,9.97,33.18666666666667,18.873333333333335,2.81,29.105140000000002
2026-09-19T21:00:00.000Z,MCT2408032,15.525556,73.828611,55.12,184.4448,566.48,81.99621520000001,14.130400000000002,17.808399999999995,12.188799999999997,39.1408,21.855999999999995,2.6204,28.7070272
2026-09-19T21:10:00.000Z,MCT2408032,15.525556,73.828611,56.08,179.7764,592.56,82.92578159999998,14.827599999999997,18.015200000000004,13.612400000000001,42.27160000000001,22.932399999999998,2.2419999999999995,28.433323599999998
2026-09-19T21:20:00.000Z,MCT2408032,15.525556,73.828611,51.28,182.68160000000003,599.08,82.53057879999999,14.920800000000003,17.936000000000003,10.080399999999997,32.8264,18.1772,2.354,28.611786800000004
2026-09-19T21:30:00.000Z,MCT2408032,15.525556,73.828611,49,178.98199999999997,590.4,82.02093519999997,14.516400000000006,17.996000000000006,8.883999999999997,29.128400000000003,16.082800000000002,2.2068,28.75421479999999
2026-09-19T21:40:00.000Z,MCT2408032,15.525556,73.828611,48.88,180.05719999999997,612.32,82.4539804,14.942000000000005,17.782000000000004,8.826799999999997,29.754399999999997,16.818399999999997,2.2603999999999997,28.6233696
2026-09-19T21:48:31.408Z,MCT2408032,15.525556,73.828611,51.63636363636363,179.68727272727267,604.1818181818181,82.52317045454544,14.266363636363637,18.075454545454548,10.939090909090908,35.23409090909091,19.625000000000004,2.124545454545455,28.66931181818182
2026-09-19T20:50:00.000Z,MCT2408036,15.171567,74.067106,36,120,770,87.765255,9.11,7.885,4.475,13.42,7.345,11.16,27.469565
2026-09-19T21:00:00.000Z,MCT2408036,15.171567,74.067106,34.25,120,757,87.69468687499999,9.879999999999999,7.91875,4.5737499999999995,13.1075,6.8725000000000005,10.614375,27.47492625
2026-09-19T21:10:00.000Z,MCT2408036,15.171567,74.067106,33.8,120,739.3333333333334,87.74898266666666,9.905333333333333,7.730000000000001,4.3853333333333335,12.898666666666665,6.958,10.606666666666666,27.499950666666674
2026-09-19T21:20:00.000Z,MCT2408036,15.171567,74.067106,33.875,120,749.875,88.06948062499998,9.971874999999999,7.91,4.375625000000001,12.75875,6.8075,10.699375,27.467553125000006
2026-09-19T21:30:00.000Z,MCT2408036,15.171567,74.067106,33.625,120,768.75,87.84679875,10.4575,7.996874999999999,4.309375,12.601249999999999,6.746875000000001,10.506250000000003,27.592231875
2026-09-19T21:40:00.000Z,MCT2408036,15.171567,74.067106,33.8,120,757.8666666666667,87.54705800000002,10.255999999999998,7.966000000000002,4.598000000000001,13.542,7.228666666666666,10.614666666666666,27.748057999999997
2026-09-19T21:48:31.409Z,MCT2408036,15.171567,74.067106,34.38461538461539,120,757.5384615384615,87.66725,9.726923076923077,7.88,4.6169230769230785,13.715384615384616,7.403846153846154,10.93,27.789256153846146
2026-09-19T20:50:00.000Z,MCT2408031,15.290833,74.149167,23.5,160.4688,628.5,87.37616,7.380701,8.9845,7.859999999999999,20.22,10.955,4.09,26.41314
2026-09-19T21:00:00.000Z,MCT2408031,15.290833,74.149167,23.3125,153.84140625,625.5625,87.380451875,7.0325696875,7.5198408125,7.350625,19.4025,10.595624999999998,4.87125,26.41314
2026-09-19T21:10:00.000Z,MCT2408031,15.290833,74.149167,23,155.31831875,599.3125,87.42193875000001,6.887140875000001,7.99411575,7.230625000000001,18.942499999999995,10.20875,4.918125000000001,26.404428125
2026-09-19T21:20:00.000Z,MCT2408031,15.290833,74.149167,22.125,161.7560875,608.6875,87.43338250000002,7.1999049375,7.8137555,7.11125,18.398749999999993,9.761875000000002,4.7612499999999995,26.39236125
2026-09-19T21:30:00.000Z,MCT2408031,15.290833,74.149167,22.25,163.09598749999998,595.625,87.484400625,6.999445687500001,8.2299439375,7.14125,18.506249999999998,9.85125,4.6975,26.409121250000005
2026-09-19T21:40:00.000Z,MCT2408031,15.290833,74.149167,22.5,163.70522499999998,602.25,87.54257562500001,7.0348129375,7.754700062500001,7.173125000000001,19.024374999999996,10.47625,4.791874999999999,26.420516250000006
2026-09-19T21:48:31.432Z,MCT2408031,15.290833,74.149167,22.857142857142858,162.98467857142856,593,87.60722000000001,7.081020857142858,8.27788235714286,7.415,19.535,10.680714285714286,4.8707142857142856,26.421569285714288
2026-09-19T20:50:00.000Z,MCT2408035,15.236111,74.125,46,190,945.3333333333334,88.16453333333334,18.30977,8.23,4.6866666666666665,14.590000000000002,7.923333333333333,3.83,27.760926666666666
2026-09-19T21:00:00.000Z,MCT2408035,15.236111,74.125,46.9375,190,944.625,88.32125062500002,19.02785375,8.296875000000002,4.10875,13.1825,7.359375,3.8299999999999987,27.72562375
2026-09-19T21:10:00.000Z,MCT2408035,15.236111,74.125,46.125,190,917.4375,88.64883750000003,18.407038749999998,8.015625000000002,3.847499999999999,11.793124999999998,6.415625,3.8299999999999987,27.659263125
2026-09-19T21:20:00.000Z,MCT2408035,15.236111,74.125,44.9375,190,900,88.882489375,17.407805625,8.026875,3.799999999999999,11.109375,5.8256250000000005,3.8299999999999987,27.593573125000002
2026-09-19T21:30:00.000Z,MCT2408035,15.236111,74.125,45.5,190,895.9375,88.845295625,17.882717500000002,8.02375,3.799999999999999,11.274375,5.990625000000001,3.8299999999999987,27.627759374999997
2026-09-19T21:40:00.000Z,MCT2408035,15.236111,74.125,45.125,190,917.1875,88.81573062500001,17.524063124999998,8.019375000000002,3.847499999999999,11.651249999999997,6.275625000000001,3.8299999999999987,27.683394999999997
2026-09-19T21:48:31.654Z,MCT2408035,15.236111,74.125,46.30769230769231,190,931.3076923076923,88.54873923076921,18.35651153846154,8.298461538461538,3.887692307692307,12.016923076923076,6.5623076923076935,3.8299999999999987,27.75625230769231
2026-09-19T20:50:00.000Z,MCT2408038,15.188889,74.055556,27,257.28000000000003,813,84.1413,9.27,13.33,7.74,22.86,11.575,4.6899999999999995,27.96828
2026-09-19T21:00:00.000Z,MCT2408038,15.188889,74.055556,25.375,293.17125,809.8125,84.19374937500002,9.034999999999998,13.330000000000005,6.92625,20.003125,10.023125,4.701874999999999,27.906613749999998
2026-09-19T21:10:00.000Z,MCT2408038,15.188889,74.055556,24.5625,313.130625,785.8125,86.391966875,9.236249999999998,13.330000000000005,6.47,18.575624999999995,9.335625,4.676875000000001,27.38510625
2026-09-19T21:20:00.000Z,MCT2408038,15.188889,74.055556,24.1875,321.18437500000005,824.8125,87.98698874999998,9.158749999999998,13.330000000000005,6.291249999999999,17.953749999999996,8.97125,4.678125,27.162556875
2026-09-19T21:30:00.000Z,MCT2408038,15.188889,74.055556,24.75,320.890625,811.125,87.79672937500001,9.076249999999998,13.330000000000005,6.58625,19.009375,9.541875,4.70125,27.224896875000006
2026-09-19T21:40:00.000Z,MCT2408038,15.188889,74.055556,25.125,319.38875,822.75,87.66941374999999,9.023749999999998,13.330000000000005,6.926250000000001,19.630625,9.71375,4.71125,27.265119374999994
2026-09-19T21:48:31.657Z,MCT2408038,15.188889,74.055556,25.153846153846153,321.24384615384616,805.4615384615385,87.7852123076923,9.186923076923078,13.330000000000004,6.905384615384616,19.727692307692305,9.962307692307691,4.691538461538462,27.267028461538455
2026-09-19T20:50:00.000Z,MCT2408039,15.163611,74.110833,30,290.24666666666667,694,86.72003,11.133333333333333,10.3,9.02,28.94,11.76,2.3,26.974423333333334
2026-09-19T21:00:00.000Z,MCT2408039,15.163611,74.110833,30.5625,289.770625,692,86.72432249999999,13.584999999999999,10.3,9.019999999999998,28.94,11.759999999999998,2.3,26.964144374999997
2026-09-19T21:10:00.000Z,MCT2408039,15.163611,74.110833,31.133333333333333,290.46333333333337,685.8666666666667,86.71189466666665,14.418000000000001,10.3,9.019999999999998,28.94,11.759999999999998,2.3,26.959405333333336
2026-09-19T21:20:00.000Z,MCT2408039,15.163611,74.110833,30.5,301.54875,659.875,86.75627249999998,13.135,10.3,9.019999999999998,28.94,11.759999999999998,2.3,26.934651875000004
2026-09-19T21:30:00.000Z,MCT2408039,15.163611,74.110833,30.875,300.86125000000004,677.6875,86.84353249999998,13.65625,10.3,9.019999999999998,28.94,11.759999999999998,2.3,26.938673125000008
2026-09-19T21:40:00.000Z,MCT2408039,15.163611,74.110833,30.1875,301.88499999999993,674.9375,86.86308187499999,13.469999999999999,10.3,9.019999999999998,28.94,11.759999999999998,2.3,27.002351874999995
2026-09-19T21:48:31.664Z,MCT2408039,15.163611,74.110833,30.357142857142858,303.15642857142853,660.2857142857143,86.71021999999998,13.167857142857143,10.299999999999999,9.019999999999998,28.94,11.76,2.3000000000000003,27.095717857142862
2026-09-19T20:50:00.000Z,MCT2408026,15.2467,74.198281,117,125,607.3333333333334,86.07916333333333,13.141153333333333,12.5,6.62,23.209999999999997,13.5,50.35,27.853883333333332
2026-09-19T21:00:00.000Z,MCT2408026,15.2467,74.198281,117,125,589.6,86.10906880000005,13.463048400000002,12.5,8.357199999999999,27.429599999999997,15.196800000000001,50.486,27.8846276
2026-09-19T21:10:00.000Z,MCT2408026,15.2467,74.198281,117,125,576.9583333333334,85.91354,13.04236625,12.5,8.192916666666667,26.435416666666658,14.504583333333336,50.425000000000004,27.901251666666667
2026-09-19T21:20:00.000Z,MCT2408026,15.2467,74.198281,117,125,581.7083333333334,86.21585583333331,13.181525,12.5,8.035,25.871666666666666,14.221666666666664,50.443749999999994,27.781039583333335
2026-09-19T21:30:00.000Z,MCT2408026,15.2467,74.198281,117,125,572.5833333333334,85.72026416666667,13.178092083333334,12.5,7.877083333333334,25.629583333333333,14.262500000000003,50.49375,27.974539583333335
2026-09-19T21:40:00.000Z,MCT2408026,15.2467,74.198281,117,125,581.2083333333334,87.05032,13.002866916666669,12.5,7.562500000000001,24.218333333333337,13.299583333333336,50.5,27.664849583333325
2026-09-19T21:48:31.666Z,MCT2408026,15.2467,74.198281,117,125,589.952380952381,87.3659866666667,13.033177619047619,12.5,7.202380952380953,23.67095238095238,13.224761904761904,50.507142857142874,27.592901904761902
2026-09-19T22:50:00.000Z,MCT2408028,15.186944,74.096667,44.04,409.6511999999999,579.48,89.8755508,19.429999999999996,11.488800000000001,11.948000000000002,36.155199999999994,19.127599999999994,1.6876000000000004,26.238969599999997
2026-09-19T23:00:00.000Z,MCT2408028,15.186944,74.096667,44.083333333333336,404.83250000000004,584.9583333333334,90.00575958333333,19.47458333333333,11.594166666666666,12.44416666666667,38.11749999999999,20.337499999999995,2.00625,26.21338958333334
2026-09-19T23:10:00.000Z,MCT2408028,15.186944,74.096667,43.72,401.48479999999995,587.84,90.07879640000003,19.108799999999995,11.56,12.1472,37.10919999999998,19.763199999999994,1.7811999999999995,26.181911200000005
2026-09-19T23:20:00.000Z,MCT2408028,15.186944,74.096667,43.84,400.8272,589.88,90.1587532,19.2352,11.56,11.908800000000003,35.99639999999999,19.047199999999993,1.9363999999999997,26.174188799999996
2026-09-19T23:30:00.000Z,MCT2408028,15.186944,74.096667,43.64,397.25039999999996,595.92,90.2356544,19.045199999999998,11.488800000000001,11.868400000000003,36.313199999999995,19.484799999999996,1.5691999999999995,26.177191999999994
2026-09-19T23:40:00.000Z,MCT2408028,15.186944,74.096667,43.68,391.87000000000006,593.84,90.28723240000001,19.078799999999994,11.56,12.148000000000003,37.06919999999998,19.843999999999994,1.946,26.169900000000002
2026-09-19T22:50:00.000Z,MCT2408020,15.543475,74.039433,46.5625,180,697.875,86.89693874999999,9.303345062500002,18.999079375,11.76875,36.345625000000005,19.229375,3.6599999999999984,26.976880625
2026-09-19T23:00:00.000Z,MCT2408020,15.543475,74.039433,43.5,180,702.125,86.79727999999999,9.281757375,19.192459999999997,10.086875,31.161875,16.555625000000003,3.6599999999999984,26.974870000000006
2026-09-19T23:10:00.000Z,MCT2408020,15.543475,74.039433,44.25,180,703.875,86.93460812500001,9.077585625000001,19.152655625,10.89875,32.559999999999995,16.846249999999998,3.6599999999999984,26.86829
2026-09-19T23:20:00.000Z,MCT2408020,15.543475,74.039433,45,180,706.8125,86.99421312499999,9.242483749999998,19.093245,11.24625,34.715,18.415625,3.6599999999999984,26.781818749999992
2026-09-19T23:30:00.000Z,MCT2408020,15.543475,74.039433,48.8125,180,706.8125,87.194961875,9.131814687499999,19.155179374999996,13.508125,42.405,22.711249999999996,3.6599999999999984,26.73556750000001
2026-09-19T23:40:00.000Z,MCT2408020,15.543475,74.039433,53.5625,180,713.5,86.91839687499998,9.075374875,18.820846250000002,17.1025,53.179375,28.344999999999995,3.6599999999999984,26.87767375
2026-09-19T22:50:00.000Z,MCT2408057,15.272222,74.104722,28.833333333333332,337.2104166666667,525,82.43612749999998,12.283749999999998,8.992916666666664,7.375833333333335,21.345833333333342,11.023333333333335,2.4533333333333336,29.275850416666675
2026-09-19T23:00:00.000Z,MCT2408057,15.272222,74.104722,28.96,335.36199999999997,532.68,83.25109919999998,12.413999999999998,8.919199999999998,6.342800000000002,18.3648,9.5204,2.4400000000000004,28.983736399999998
2026-09-19T23:10:00.000Z,MCT2408057,15.272222,74.104722,28.923076923076923,334.8207692307693,537.2307692307693,83.73957846153846,12.497307692307695,8.893846153846152,5.868461538461539,17.179615384615378,9.069615384615387,2.3223076923076924,28.74420038461538
2026-09-19T23:20:00.000Z,MCT2408057,15.272222,74.104722,29.04,334.37159999999994,526.4,84.3753648,12.553999999999997,8.877999999999997,5.768400000000001,16.667999999999996,8.724000000000004,2.4492,28.421310000000002
2026-09-19T23:30:00.000Z,MCT2408057,15.272222,74.104722,29,332.63480000000004,516.36,84.6103516,12.514399999999998,8.886799999999997,5.696000000000001,16.577999999999996,8.724400000000005,2.188,28.3372252
2026-09-19T23:40:00.000Z,MCT2408057,15.272222,74.104722,28.92,328.79760000000005,524.92,83.64233240000002,12.425600000000001,8.967999999999996,5.9364,17.256800000000002,9.0332,2.119999999999999,28.6195088
2026-09-19T22:50:00.000Z,MCT2408056,15.579167,73.920833,47.25,180,556.375,89.08085187499998,6.573125,9.415785625,12.258749999999997,36.543749999999996,19.855625000000003,2.009375,26.728193124999997
2026-09-19T23:00:00.000Z,MCT2408056,15.579167,73.920833,46.1875,180,562.3125,89.03984500000001,6.796250000000001,9.4822468125,12.2,35.80437499999999,19.21,1.6437499999999998,26.719479375000002
2026-09-19T23:10:00.000Z,MCT2408056,15.579167,73.920833,44.1875,180,573,89.25680562499998,6.909999999999999,9.800615375000001,11.142499999999998,33.18625,18.156875000000003,1.7043749999999995,26.656466249999998
2026-09-19T23:20:00.000Z,MCT2408056,15.579167,73.920833,44,180,566.75,89.472810625,6.583125,9.42649625,11.553749999999997,34.097500000000004,18.625625000000003,2.0275,26.653784375
2026-09-19T23:30:00.000Z,MCT2408056,15.579167,73.920833,42.5625,180,560.0625,89.33166625,6.49,10.3198351875,11.259999999999998,32.504375,17.3975,1.848125,26.717468750000005
2026-09-19T23:40:00.000Z,MCT2408056,15.579167,73.920833,41.625,180,569.0625,89.48378,6.721875,9.284477062500002,10.554999999999998,31.820625,17.747500000000002,1.6124999999999998,26.752995000000002
2026-09-19T22:50:00.000Z,MCT2408055,15.585833,73.885556,68.13333333333334,75.81466666666667,652.6666666666666,87.98701999999999,9.618000000000002,6.219333333333334,10.956666666666665,31.491333333333326,17.314666666666664,21.617999999999995,26.59046266666667
2026-09-19T23:00:00.000Z,MCT2408055,15.585833,73.885556,68.3125,45.830000000000005,648.375,88.13337624999998,9.769375000000002,6.025,11.015,31.538125,17.210625,21.683125000000004,26.532460000000007
2026-09-19T23:10:00.000Z,MCT2408055,15.585833,73.885556,67.75,87.68374999999999,712.125,88.32840562499999,9.782500000000002,6.025,11.93375,33.676249999999996,18.233750000000004,21.366875,26.509670000000007
2026-09-19T23:20:00.000Z,MCT2408055,15.585833,73.885556,68.125,100.84687500000001,767.5625,88.45762812499999,9.7475,6.285000000000001,10.489999999999998,29.892500000000002,16.189375000000002,21.55875,26.509670000000007
2026-09-19T23:30:00.000Z,MCT2408055,15.585833,73.885556,68.0625,102.16250000000001,762.3125,88.54775062499999,9.698750000000002,6.145000000000001,10.49,29.935625,16.105,21.618125,26.509670000000007
2026-09-19T23:40:00.000Z,MCT2408055,15.585833,73.885556,68.25,103.37249999999997,755.125,88.548226875,9.88875,6.585000000000001,10.402499999999998,29.235000000000007,15.593750000000004,21.636249999999997,26.508328750000004
2026-09-19T22:50:00.000Z,MCT2408052,15.444425,74.063856,26.266666666666666,160,772.2,89.25299066666665,3.6009825333333327,8,7.939333333333333,21.471333333333334,9.71,2,27.058077333333333
2026-09-19T23:00:00.000Z,MCT2408052,15.444425,74.063856,23.9375,160,772.4375,89.020770625,3.6685528125000006,8,6.3981249999999985,17.629374999999996,8.155,2,27.075414374999994
2026-09-19T23:10:00.000Z,MCT2408052,15.444425,74.063856,23.9375,160,780.0625,89.07179249999999,3.5924125000000005,8,6.690624999999998,18.384374999999995,8.4575,2,27.074745625
2026-09-19T23:20:00.000Z,MCT2408052,15.444425,74.063856,25.866666666666667,160,786.5333333333333,88.85982266666664,3.6282574666666676,8,8.630666666666665,23.24266666666667,10.493333333333332,2,27.131007333333336
2026-09-19T23:30:00.000Z,MCT2408052,15.444425,74.063856,23.5,160,795.75,89.33309874999999,3.629736812500001,8,6.837499999999999,18.815,8.736875000000001,2,27.026483125000002
2026-09-19T23:40:00.000Z,MCT2408052,15.444425,74.063856,21.5625,160,806.6875,89.58629875,3.6107018125,8,5.645624999999998,16.099375,7.658750000000001,2,26.99833
2026-09-19T22:50:00.000Z,MCT2408053,15.263333,74.110833,68.06666666666666,160.9617133333333,658.4666666666667,91.25138466666667,13.556666666666665,30.11133333333333,11.081333333333331,37.79,24.139333333333337,22.595333333333333,27.031622000000006
2026-09-19T23:00:00.000Z,MCT2408053,15.263333,74.110833,67.75,171.05503125,668.3125,91.61142812499997,12.86625,29.645624999999995,10.674999999999999,36.52125,23.47625,22.425624999999997,26.970848125000007
2026-09-19T23:10:00.000Z,MCT2408053,15.263333,74.110833,67.875,170.2794125,653.5625,91.802638125,15.686875,29.204374999999988,9.87,33.54437500000001,21.641875000000002,22.340625000000003,26.900465624999992
2026-09-19T23:20:00.000Z,MCT2408053,15.263333,74.110833,68.1875,181.07334374999996,681.75,92.11019812499997,15.113125,29.393749999999994,9.754999999999997,32.693125,20.795625000000005,22.591874999999998,26.867618750000002
2026-09-19T23:30:00.000Z,MCT2408053,15.263333,74.110833,68.125,155.79531874999998,694.875,92.08826374999998,15.357500000000002,28.44562499999999,12.454374999999999,40.410624999999996,24.745625,22.611874999999994,26.833433125
2026-09-19T23:40:00.000Z,MCT2408053,15.263333,74.110833,68.0625,175.13723125,706.75,92.16265124999998,15.543124999999998,29.696249999999992,11.364375,38.16125,24.253125,22.58,26.791203125
2026-09-19T22:50:00.000Z,MCT2408043,15.221111,74.087222,49.86666666666667,184.77,667.4666666666667,87.21289200000001,14.20133333333333,10.389333333333335,16.29266666666667,50.64066666666667,26.473333333333336,5.290000000000001,27.477787999999997
2026-09-19T23:00:00.000Z,MCT2408043,15.221111,74.087222,48.0625,178.323125,707.4375,86.881204375,14.193124999999997,10.471249999999998,15.276250000000001,47.072500000000005,24.58,5.290000000000001,27.5278825
2026-09-19T23:10:00.000Z,MCT2408043,15.221111,74.087222,50.6875,181.771875,707.0625,87.074323125,14.221874999999999,10.448125,17.016875000000002,52.221875,26.980624999999996,5.290000000000001,27.464203124999997
2026-09-19T23:20:00.000Z,MCT2408043,15.221111,74.087222,47.5625,190.68062500000002,687.5,87.35279562500001,14.215625,10.376874999999998,14.723125000000001,46.106249999999996,24.5,5.290000000000001,27.408566875
2026-09-19T23:30:00.000Z,MCT2408043,15.221111,74.087222,47.06666666666667,188.476,683.3333333333334,87.49161933333332,14.201999999999996,10.295999999999998,14.522666666666664,45.148,23.99866666666666,5.290000000000001,27.364103333333336
2026-09-19T23:40:00.000Z,MCT2408043,15.221111,74.087222,45.1875,187.99374999999998,686.75,87.42288812500001,14.195625,10.328749999999998,13.454375,42.162499999999994,22.499999999999996,5.290000000000001,27.373040625000005
2026-09-19T22:50:00.000Z,MCT2408021,15.500556,74.053333,49.375,375,548.8125,86.71955499999999,21.159375,14.530846249999996,3.569999999999999,11.195625000000003,7.141875000000001,4.308125,26.67255312499999
2026-09-19T23:00:00.000Z,MCT2408021,15.500556,74.053333,49.5625,375,551.1875,86.78964937499998,21.303125000000005,14.535410624999997,4.079375,12.2825,7.589375000000001,4.2837499999999995,26.6624975
2026-09-19T23:10:00.000Z,MCT2408021,15.500556,74.053333,49.5625,375,549.4375,86.95845,21.249375,14.561115624999998,3.569999999999999,11.575000000000003,7.558750000000002,4.334375000000001,26.621609375
2026-09-19T23:20:00.000Z,MCT2408021,15.500556,74.053333,49.5,375,545.125,87.06097000000003,21.197500000000005,14.602528750000001,3.571249999999999,11.08625,6.993125,4.345624999999999,26.603511875
2026-09-19T23:30:00.000Z,MCT2408021,15.500556,74.053333,49.4375,375,547.8125,87.155383125,21.245,14.504000625,3.689999999999999,11.6025,7.409375000000001,4.310625,26.58407125
2026-09-19T23:40:00.000Z,MCT2408021,15.500556,74.053333,49.666666666666664,375,549.5333333333333,87.211874,21.31066666666667,14.560638666666668,3.457999999999999,11.303333333333335,7.427333333333333,4.296,26.570440666666666
2026-09-19T23:40:04.786Z,MCT2408021,15.500556,74.053333,50,375,559,87.40668,21.41,14.37178,3.33,10,6.19,4.29,26.53112
2026-09-19T22:50:00.000Z,MCT2408051,15.486528,74.033889,52.0625,319.8112499999999,571,94.44240812500001,22.172500000000003,5.1899999999999995,7.2275,22.995625,12.64,4.39,26.516370000000006
2026-09-19T23:00:00.000Z,MCT2408051,15.486528,74.033889,51.8125,316.263125,580.6875,94.05998562499998,22.006250000000005,5.1899999999999995,6.918124999999999,21.713749999999997,11.861875,4.39,26.506986875000006
2026-09-19T23:10:00.000Z,MCT2408051,15.486528,74.033889,51.75,318.82624999999996,581.3125,94.218293125,21.963125,5.1899999999999995,6.7625,21.325625,11.6675,4.39,26.433921250000004
2026-09-19T23:20:00.000Z,MCT2408051,15.486528,74.033889,51.8125,316.05000000000007,578.0625,94.45766875,22.00625,5.1899999999999995,6.607500000000001,21.1325,11.706874999999997,4.39,26.354155624999997
2026-09-19T23:30:00.000Z,MCT2408051,15.486528,74.033889,52,317.59562500000004,584.0625,94.785255625,22.129375000000003,5.1899999999999995,6.9175,22.18,12.252499999999998,4.39,26.353486249999996
2026-09-19T23:40:00.000Z,MCT2408051,15.486528,74.033889,52.3125,316.638125,583.3125,94.44717875,22.32625,5.1899999999999995,7.11125,22.529375,12.329999999999998,4.39,26.459394375
2026-09-19T22:50:00.000Z,MCT2408050,15.553611,73.958333,40.25,86.02999999999999,670.625,92.21176375,11.170625000000003,4.359375000000001,10.605000000000002,31.986875000000005,16.3725,3.118125,25.720706874999994
2026-09-19T23:00:00.000Z,MCT2408050,15.553611,73.958333,40.25,86.02999999999999,655.625,92.33765,11.055000000000001,4.409999999999999,10.870000000000001,33.167500000000004,17.116249999999997,3.0324999999999993,25.705289999999994
2026-09-19T23:10:00.000Z,MCT2408050,15.553611,73.958333,40.25,86.02999999999999,607.3125,92.42824937500001,11.146250000000002,4.31875,11.082500000000001,34.241249999999994,17.913125,3.1356249999999997,25.758243125
2026-09-19T23:20:00.000Z,MCT2408050,15.553611,73.958333,39.5,86.02999999999999,579.4375,92.66571437500002,11.113125000000004,4.2943750000000005,10.923750000000002,33.920625,17.75375,2.9625,25.762266250000003
2026-09-19T23:30:00.000Z,MCT2408050,15.553611,73.958333,38.25,86.02999999999999,646.625,92.349094375,11.138125000000002,4.335,10.71125,32.63125,16.850624999999997,3.0725000000000002,25.843371875000003
2026-09-19T23:40:00.000Z,MCT2408050,15.553611,73.958333,38.875,86.02999999999999,634.5,92.46353625000002,11.357500000000002,4.29625,11.295625,34.61875,18.019375,2.9,25.877556249999998
2026-09-19T22:50:00.000Z,MCT2408034,15.356389,74.123611,34.6,180,527.12,76.90008559999997,6.189200000000002,4.7459999999999996,8.710000000000003,27.946800000000003,15.264,1.4243999999999999,30.143331599999996
2026-09-19T23:00:00.000Z,MCT2408034,15.356389,74.123611,34.68,180,530.2,77.0825796,6.169600000000003,4.5371999999999995,9.076,29.0344,15.714399999999998,1.3636000000000001,30.0300772
2026-09-19T23:10:00.000Z,MCT2408034,15.356389,74.123611,33.916666666666664,180,541.8333333333334,77.09237291666666,6.177083333333336,4.664583333333333,8.579166666666666,27.47041666666667,14.922083333333333,1.415,30.00694541666667
2026-09-19T23:20:00.000Z,MCT2408034,15.356389,74.123611,33.72,180,543.08,77.296814,6.176000000000003,4.9536,8.381999999999998,27.157999999999998,14.888399999999999,1.3763999999999998,29.927971600000006
2026-09-19T23:30:00.000Z,MCT2408034,15.356389,74.123611,33.52,180,533.2,77.4378056,6.176000000000003,4.832,8.454799999999999,26.746800000000004,14.3628,1.3327999999999998,29.880779200000006
2026-09-19T23:40:00.000Z,MCT2408034,15.356389,74.123611,33.166666666666664,180,544.25,77.34382375,6.204166666666669,4.9520833333333325,8.048333333333334,25.9475,14.219166666666666,1.39625,29.84383083333333
2026-09-19T22:50:00.000Z,MCT2408030,15.142519,74.075003,33.8125,163,576.4375,81.9879025,8.823125000000001,6.200000000000002,9.370000000000001,24.924374999999994,12.604375000000001,4.67375,27.560729999999992
2026-09-19T23:00:00.000Z,MCT2408030,15.142519,74.075003,33.93333333333333,163,576.0666666666667,81.99744000000001,8.965333333333335,6.200000000000002,9.370000000000001,26.278,14.010666666666664,4.617333333333333,27.560729999999992
2026-09-19T23:10:00.000Z,MCT2408030,15.142519,74.075003,32.6875,163,577.3125,81.99744000000001,8.786875,6.200000000000002,9.370000000000001,25.322499999999994,13.0175,4.583125,27.56743000000001
2026-09-19T23:20:00.000Z,MCT2408030,15.142519,74.075003,32,163,574.1333333333333,82.04677333333332,8.856666666666667,6.200000000000002,9.370000000000001,25.368,13.065333333333337,4.602666666666666,27.560729999999992
2026-09-19T23:30:00.000Z,MCT2408030,15.142519,74.075003,31.0625,163,576.3125,82.07182249999998,8.7425,6.200000000000002,9.370000000000001,24.753749999999997,12.4275,4.579375,27.560729999999992
2026-09-19T23:40:00.000Z,MCT2408030,15.142519,74.075003,30.6,163,583.3333333333334,82.131718,8.712,6.200000000000002,9.370000000000001,24.761333333333326,12.435333333333336,4.673333333333333,27.550002666666664
2026-09-19T23:40:04.998Z,MCT2408030,15.142519,74.075003,30,163,586,82.13477,8.28,6.2,9.37,24.64,12.31,4.27,27.56073
2026-09-19T22:50:00.000Z,MCT2408029,15.333611,74.206944,16.666666666666668,120,900.4,91.88156933333335,4.71,7.832,4.824666666666666,15.028666666666668,8.511333333333333,3.5126666666666666,26.175048666666665
2026-09-19T23:00:00.000Z,MCT2408029,15.333611,74.206944,16.75,120,901.75,91.83792437500003,4.29125,7.317500000000001,4.853125000000001,14.991874999999999,8.38375,3.5,26.157081875000003
2026-09-19T23:10:00.000Z,MCT2408029,15.333611,74.206944,16.5,120,915.5625,91.88226875000002,3.756875,7.198750000000001,4.818125,15.028749999999999,8.568124999999998,3.5,26.097420000000003
2026-09-19T23:20:00.000Z,MCT2408029,15.333611,74.206944,17.0625,120,926.3125,91.90659124999998,4.551875,7.445000000000001,4.9624999999999995,14.990625000000001,8.199375,3.5,26.037763749999993
2026-09-19T23:30:00.000Z,MCT2408029,15.333611,74.206944,17.125,120,925.5625,92.00052874999999,4.154375,7.7525,5.548125,16.509375000000002,8.86,3.5,25.987490000000005
2026-09-19T23:40:00.000Z,MCT2408029,15.333611,74.206944,17.3125,120,924.6875,92.04725749999999,3.5256250000000002,7.583125,6.027499999999999,17.955,9.741875,3.5,25.952633125
2026-09-19T22:50:00.000Z,MCT2408023,15.499722,74.020833,52.375,204.94187499999998,513.9375,92.43158875,8.763124999999997,19.665000000000003,14.653749999999999,46.14812499999999,28.728125,3.4637499999999997,25.693892500000004
2026-09-19T23:00:00.000Z,MCT2408023,15.499722,74.020833,51.8125,209.20125,511.625,92.4649675,8.846874999999999,19.406875,13.306249999999997,44.09,28.728124999999995,4.10125,25.616132499999996
2026-09-19T23:10:00.000Z,MCT2408023,15.499722,74.020833,51.625,207.51875,511.375,92.56939500000003,8.388125,19.240000000000002,14.098749999999999,45.514375,29.000000000000004,4.28875,25.56920812499999
2026-09-19T23:20:00.000Z,MCT2408023,15.499722,74.020833,50.1875,208.289375,515.9375,92.57463937500003,8.73375,18.91,13.781875,44.326875,28.003125000000004,4.1206249999999995,25.508210625000004
2026-09-19T23:30:00.000Z,MCT2408023,15.499722,74.020833,47.5,217.19249999999997,509.8125,92.61087687499999,8.528125,18.696875000000002,12.276874999999997,39.418749999999996,25.193749999999998,3.868125,25.383531875
2026-09-19T23:40:00.000Z,MCT2408023,15.499722,74.020833,48.266666666666666,212.0933333333333,514.2,92.67757266666669,8.308666666666666,18.724666666666668,13.179999999999998,42.300666666666665,26.87333333333333,4.126,25.364227333333336
2026-09-19T23:40:05.018Z,MCT2408023,15.499722,74.020833,49,200.84,513,92.66333,6.8,23.66,13.94,44.33,27.55,3.57,25.38353
2026-09-19T22:50:00.000Z,MCT2408040,15.528056,74.020833,18.9375,100,555.9375,88.50912437500001,7.880000000000001,4.7837499999999995,3.07,8.573125,3.944375,3.5,26.562622499999996
2026-09-19T23:00:00.000Z,MCT2408040,15.528056,74.020833,18.8125,100,552.125,88.59543062499999,7.811875000000001,4.76875,3.07,8.42,3.7562499999999988,3.5,26.512350000000005
2026-09-19T23:10:00.000Z,MCT2408040,15.528056,74.020833,18.875,100,546.1875,88.59638312500002,7.876250000000001,4.7612499999999995,3.07,8.42,3.733749999999999,3.5,26.521732500000006
2026-09-19T23:20:00.000Z,MCT2408040,15.528056,74.020833,18.625,100,533.25,88.64454749999999,7.680625000000001,4.746875,3.07,8.42,3.731249999999999,3.5,26.50296375
2026-09-19T23:30:00.000Z,MCT2408040,15.528056,74.020833,18.5,100,539.4375,88.706055,7.717499999999999,4.75625,3.07,8.42,3.7299999999999986,3.5,26.496260000000003
2026-09-19T23:40:00.000Z,MCT2408040,15.528056,74.020833,18.75,100,538.1875,88.79141124999998,7.823125,4.730625,3.07,8.42,3.7299999999999986,3.5,26.488887499999997
2026-09-19T22:50:00.000Z,MCT2408027,15.275556,74.1075,46.25,1181.11625,605.25,89.87145,6.579999999999999,12.726249999999999,13.498125,40.90624999999999,21.43,2.9500000000000006,27.473585625000002
2026-09-19T23:00:00.000Z,MCT2408027,15.275556,74.1075,42.5,1182.4656250000003,600.5,89.79610999999998,6.579999999999999,12.728749999999996,11.525625,34.93,18.466875,2.9500000000000006,27.472246250000005
2026-09-19T23:10:00.000Z,MCT2408027,15.275556,74.1075,42.0625,1179.6200000000001,608.3125,89.74413124999998,6.579999999999999,12.726249999999999,11.339375,34.80875,18.65,2.9500000000000006,27.425323125
2026-09-19T23:20:00.000Z,MCT2408027,15.275556,74.1075,40.5,1176.00875,623.9375,89.77560187499998,6.579999999999999,12.787499999999996,10.661875,32.715,17.601250000000004,2.9500000000000006,27.373709999999996
2026-09-19T23:30:00.000Z,MCT2408027,15.275556,74.1075,39.6875,1178.0062500000001,629.0625,89.82900937499998,6.579999999999999,12.638124999999997,10.478749999999996,32.15875,17.16875,2.9500000000000006,27.340194999999998
2026-09-19T23:40:00.000Z,MCT2408027,15.275556,74.1075,39.25,1182.2506250000001,635.25,89.789434375,6.579999999999999,12.731249999999998,10.416875,32.096875,17.2325,2.9500000000000006,27.303327499999998
2026-09-19T22:50:00.000Z,MCT2408049,15.475278,74.055833,56.9375,150.17844374999999,503.75,86.35286687499999,24.351874999999996,14.190000000000005,7.762500000000003,22.36125,11.269375,2.61,27.431356249999997
2026-09-19T23:00:00.000Z,MCT2408049,15.475278,74.055833,56.625,150,501.875,86.34380624999999,24.241874999999997,14.366250000000003,7.6675,22.360624999999995,11.461875,2.61,27.28791125
2026-09-19T23:10:00.000Z,MCT2408049,15.475278,74.055833,56.8125,152.26925,497.25,86.62037187499999,24.259999999999994,13.871875000000003,7.86,22.64875,11.558125,2.61,27.147811249999997
2026-09-19T23:20:00.000Z,MCT2408049,15.475278,74.055833,56.9375,152.310125,497.3125,86.79489500000001,24.366875,14.737499999999999,7.7631250000000005,22.504375000000003,11.461249999999998,2.61,27.086139999999997
2026-09-19T23:30:00.000Z,MCT2408049,15.475278,74.055833,56.6875,151.49876875,499.625,86.99659750000002,24.082499999999996,14.478125,7.667500000000001,22.360625,11.461875000000001,2.61,26.963474375000004
2026-09-19T23:40:00.000Z,MCT2408049,15.475278,74.055833,56.6875,150.4448,499.4375,87.22023374999999,24.090624999999996,14.857500000000002,7.381250000000002,21.546875,11.124999999999998,2.61,26.8749925
2026-09-19T22:50:00.000Z,MCT2408044,15.313669,74.140042,24.5,214.29,526.875,95.50909,10.884374999999999,3.423125,5.999375000000001,16.0625,9.29125,3.312259625,25.284326249999996
2026-09-19T23:00:00.000Z,MCT2408044,15.313669,74.140042,24.3125,214.29,537.1875,95.43852250000002,10.840624999999998,3.410625,5.172500000000001,14.125,8.38,3.5732370625,25.249469375000004
2026-09-19T23:10:00.000Z,MCT2408044,15.313669,74.140042,24.4375,214.29,541.375,95.37748875,10.873750000000001,3.86,4.6693750000000005,12.78125,7.637500000000001,3.8030447499999998,25.189142500000006
2026-09-19T23:20:00.000Z,MCT2408044,15.313669,74.140042,24.625,214.29,549.75,95.45282875,10.947500000000002,3.440625,4.848750000000001,13.15625,7.772500000000001,3.3782050625,25.144900625
2026-09-19T23:30:00.000Z,MCT2408044,15.313669,74.140042,24.1875,214.29,547.75,95.50337187500001,10.802499999999998,3.5693750000000004,4.525625000000001,12.875,7.94125,3.5729165625,25.106692499999998
2026-09-19T23:40:00.000Z,MCT2408044,15.313669,74.140042,24.4375,214.29,555.5625,95.47285625,10.839374999999999,3.6931250000000007,4.418125,12.375,7.536249999999999,3.6155447499999998,25.055746249999995
2026-09-19T22:50:00.000Z,MCT2408046,15.529167,74.07,31.08,95.52,739.4,85.20239120000001,13.4564,0.6179999999999999,6.952000000000001,20.799200000000006,10.282800000000002,3.7059999999999995,27.397708
2026-09-19T23:00:00.000Z,MCT2408046,15.529167,74.07,31,95.52,734.56,85.25274720000003,13.3408,0.6179999999999999,6.977599999999999,20.9324,10.355200000000002,3.752800000000001,27.331641600000008
2026-09-19T23:10:00.000Z,MCT2408046,15.529167,74.07,31,95.52,733.8,85.22222880000002,13.4484,0.6268,6.623599999999999,19.8664,9.871200000000002,3.8320000000000003,27.319199999999995
2026-09-19T23:20:00.000Z,MCT2408046,15.529167,74.07,31,95.52,735.72,85.32873559999999,13.482000000000001,0.6132,6.598399999999997,20.177599999999998,10.1608,3.6711999999999994,27.2793048
2026-09-19T23:30:00.000Z,MCT2408046,15.529167,74.07,31,95.52,722.12,85.4135748,13.401600000000004,0.6208,6.219199999999998,18.887600000000003,9.4596,3.622400000000001,27.256137999999986
2026-09-19T23:40:00.000Z,MCT2408046,15.529167,74.07,31,95.52,731.4,85.43646160000002,13.5208,0.5711999999999999,6.244399999999997,18.845199999999995,9.3864,3.774800000000001,27.229966000000008
2026-09-19T22:50:00.000Z,MCT2408037,15.394444,74.118333,40.0625,160,522.25,85.70055374999998,10.527500000000003,14.345625000000002,7.384375000000002,26.372500000000006,13.677500000000002,3.878124999999999,26.547204999999998
2026-09-19T23:00:00.000Z,MCT2408037,15.394444,74.118333,41.25,160,530.6875,85.75348249999998,10.359375000000002,14.346875000000002,8.084375000000001,29.183125,15.083750000000002,3.9718749999999994,26.541172500000002
2026-09-19T23:10:00.000Z,MCT2408037,15.394444,74.118333,38.75,160,522.5,85.73202562499999,10.463749999999997,14.398750000000001,7.526875000000001,26.014374999999998,12.974375000000002,3.8574999999999995,26.555919375
2026-09-19T23:20:00.000Z,MCT2408037,15.394444,74.118333,34.875,160,487.625,85.75825124999999,10.505,14.377500000000001,5.760000000000001,19.7275,9.834375000000001,3.841874999999999,26.543854374999995
2026-09-19T23:30:00.000Z,MCT2408037,15.394444,74.118333,36.0625,160,503.375,85.895104375,10.504375000000001,14.414375000000001,6.876250000000001,23.816250000000004,12.036875000000002,3.8562499999999997,26.514360625000002
2026-09-19T23:40:00.000Z,MCT2408037,15.394444,74.118333,32.625,160,504.5,85.84789562499999,10.50375,14.41375,5.249999999999999,19.16625,9.974375,3.771875,26.529106875000007
2026-09-19T22:50:00.000Z,MCT2408042,15.213889,74.071667,61,247.879375,559.1875,89.10039999999998,26.07,13.60875,15.015000000000002,45.030625,23.51875,3.5206249999999986,27.58820874999999
2026-09-19T23:00:00.000Z,MCT2408042,15.213889,74.071667,60.6875,247.54500000000002,555.5625,89.08561999999999,25.869999999999997,13.71625,14.161875000000002,42.63625,22.15,3.63375,27.584187499999995
2026-09-19T23:10:00.000Z,MCT2408042,15.213889,74.071667,61.25,252.77874999999997,551.9375,89.08895749999999,26.233124999999998,13.673750000000002,14.105000000000002,42.18,21.809375000000003,3.6593750000000003,27.5399475
2026-09-19T23:20:00.000Z,MCT2408042,15.213889,74.071667,60.875,257.418125,548.375,88.96021312499998,25.956249999999997,13.670625000000001,12.285000000000002,36.59375,18.845625,3.8412499999999996,27.547990625
2026-09-19T23:30:00.000Z,MCT2408042,15.213889,74.071667,61.0625,261.59124999999995,557.625,89.159053125,26.11,13.560625,11.033749999999998,32.604375,16.684375000000003,3.595625,27.471575625
2026-09-19T23:40:00.000Z,MCT2408042,15.213889,74.071667,61.125,264.441875,545.9375,89.2548975,26.116249999999997,13.63375,9.839375,29.640625000000004,15.433125000000002,3.7062500000000003,27.407225000000007
2026-09-19T22:50:00.000Z,MCT2408041,15.224628,74.171389,32.6875,429.05138124999996,599.8125,89.05462687499997,13.676874999999999,9.7,8.090000000000002,23.338125000000005,11.978124999999997,7.845625,27.476939374999986
2026-09-19T23:00:00.000Z,MCT2408041,15.224628,74.171389,32.5625,429.22052499999995,618.4375,88.82002125000001,13.692499999999999,9.7,8.090000000000002,22.882500000000004,11.523124999999997,7.851249999999999,27.465544375
2026-09-19T23:10:00.000Z,MCT2408041,15.224628,74.171389,32.75,427.6152562500001,625.625,88.750881875,13.765624999999998,9.7,8.090000000000002,23.034375000000004,11.674374999999996,7.913749999999999,27.365667499999997
2026-09-19T23:20:00.000Z,MCT2408041,15.224628,74.171389,32.75,425.67740624999993,629.625,89.145224375,13.65,9.7,8.090000000000002,23.895000000000007,12.534999999999998,8.057500000000001,27.258415625000005
2026-09-19T23:30:00.000Z,MCT2408041,15.224628,74.171389,32.875,419.24508125000006,642.75,89.435143125,13.785625,9.7,8.090000000000002,23.287500000000005,11.927499999999997,7.869999999999999,27.18936875
2026-09-19T23:40:00.000Z,MCT2408041,15.224628,74.171389,32.75,420.7662374999999,646.5,89.49045750000002,13.753749999999998,9.7,8.090000000000002,22.983750000000004,11.623749999999996,7.893125000000001,27.17931437499999
2026-09-19T22:50:00.000Z,MCT2408033,15.346944,74.007778,22.25,110,700.5625,89.22151625,7.745624999999999,4.438125,8.36875,21.379375000000003,12.792499999999997,4.39,27.023800625000007
2026-09-19T23:00:00.000Z,MCT2408033,15.346944,74.007778,22.75,110,697.25,89.2806475,8.084374999999998,4.182499999999999,8.560000000000002,22.083125,13.235000000000001,4.39,26.979560625000005
2026-09-19T23:10:00.000Z,MCT2408033,15.346944,74.007778,22.625,110,691.5625,89.3273775,7.9868749999999995,4.238125,8.52125,21.890624999999996,13.087499999999999,4.39,26.924595625
2026-09-19T23:20:00.000Z,MCT2408033,15.346944,74.007778,22.3125,110,693.0625,89.14760999999999,7.9499999999999975,4.320625,8.368125000000001,21.314375000000005,12.755624999999998,4.39,26.982911874999996
2026-09-19T23:30:00.000Z,MCT2408033,15.346944,74.007778,22.5,110,701.5625,89.22581062500001,7.9506250000000005,4.383125,8.557500000000001,21.634375,12.829374999999997,4.39,26.930627499999996
2026-09-19T23:40:00.000Z,MCT2408033,15.346944,74.007778,21.9375,110,705.6875,89.42703687499998,8.25,4.33875,7.9525,20.255625000000002,12.128749999999998,4.39,26.91990375
2026-09-19T22:50:00.000Z,MCT2408024,15.148056,74.131667,41.208333333333336,204.17832083333334,817.2083333333334,81.17218833333335,18.012283749999998,7.816258124999998,9.531666666666668,30.771666666666675,17.196250000000003,2.72625,27.916446666666676
2026-09-19T23:00:00.000Z,MCT2408024,15.148056,74.131667,41.36,204.27256400000002,668,80.94183319999996,18.074315200000004,6.6955269600000005,9.470000000000004,30.26000000000001,16.829200000000004,2.7444000000000006,27.97900880000001
2026-09-19T23:10:00.000Z,MCT2408024,15.148056,74.131667,41.44,203.691176,701.52,81.0367428,18.272188,7.04184732,9.510000000000003,29.86000000000001,16.350000000000005,2.7491999999999996,27.99273760000001
2026-09-19T23:20:00.000Z,MCT2408024,15.148056,74.131667,40.84,203.509592,791.64,81.01995840000001,17.7419448,7.8499281599999975,9.350000000000003,29.66000000000001,16.270000000000003,2.7347999999999995,28.0459324
2026-09-19T23:30:00.000Z,MCT2408024,15.148056,74.131667,41.125,203.83257083333334,842.6666666666666,81.07682125000001,17.934159583333333,7.215007499999999,9.406666666666668,29.771666666666675,16.40666666666667,2.727916666666667,27.99464875000001
2026-09-19T23:40:00.000Z,MCT2408024,15.148056,74.131667,41.16,205.32266000000004,840.28,81.109682,17.9918688,6.118326360000002,9.710000000000003,30.620000000000008,16.949200000000005,2.7392000000000003,27.976436000000007
2026-09-19T22:50:00.000Z,MCT2408045,15.619444,73.878889,25.875,178.11999999999995,656.125,86.02003750000003,10.99125,16.57,5.317500000000001,17.786875000000002,9.048124999999999,2.5300000000000002,26.653784375000004
2026-09-19T23:00:00.000Z,MCT2408045,15.619444,73.878889,25.6875,178.11999999999995,654.3125,86.051505625,10.870624999999999,16.528125000000003,5.000625000000001,16.789375,8.658125,2.5300000000000002,26.63300312499999
2026-09-19T23:10:00.000Z,MCT2408045,15.619444,73.878889,25.5625,178.11999999999995,651.125,86.11015687500002,10.795000000000003,16.5825,5.095000000000001,17.430625000000003,9.153125,2.5300000000000002,26.622279999999993
2026-09-19T23:20:00.000Z,MCT2408045,15.619444,73.878889,25.6875,178.11999999999995,645,86.19837,10.758750000000001,16.567499999999995,5.3168750000000005,17.573125,8.871875,2.5300000000000002,26.620940624999996
2026-09-19T23:30:00.000Z,MCT2408045,15.619444,73.878889,25.625,178.11999999999995,637.8125,86.24176437500002,10.707500000000003,16.5725,5.285000000000001,17.644375,9.013125,2.5300000000000002,26.668531249999994
2026-09-19T23:40:00.000Z,MCT2408045,15.619444,73.878889,25.625,178.11999999999995,650.875,86.15354812500001,10.863750000000001,16.499375,5.5062500000000005,18.82,9.754375,2.5300000000000002,26.738248749999997
2026-09-19T22:50:00.000Z,MCT2408022,15.475833,74.038889,40.5625,150,466.1875,90.50659687499999,3.859375,11.303275,12.4375,36.6875,18.875,4.2946905625000005,26.114847499999996
2026-09-19T23:00:00.000Z,MCT2408022,15.475833,74.038889,43.875,150,468.375,90.80318812500002,3.6193749999999993,11.307543749999999,15.25,43.9375,21.9375,4.2996775625,26.065916249999997
2026-09-19T23:10:00.000Z,MCT2408022,15.475833,74.038889,40.8125,150,472.0625,90.74549125000001,3.77875,11.382842499999999,12.9375,38.25,19.6875,4.278374125,26.104124375
2026-09-19T23:20:00.000Z,MCT2408022,15.475833,74.038889,38.8125,150,476.125,90.65346187500002,3.78625,11.29900875,11.6875,35,18.25,4.2647216875,26.116188125
2026-09-19T23:30:00.000Z,MCT2408022,15.475833,74.038889,39.266666666666666,150,471.93333333333334,90.69545600000001,3.6606666666666667,11.369811333333333,12,36.06666666666667,18.866666666666667,4.2978174000000005,26.116411333333335
2026-09-19T23:40:00.000Z,MCT2408022,15.475833,74.038889,39.5625,150,475.5625,90.80748062500001,3.5599999999999996,11.23519,12.3125,37.3125,19.5625,4.2780606875,26.07932125
2026-09-19T23:40:05.641Z,MCT2408022,15.475833,74.038889,40,150,478,90.77887,3.63,11.37751,13,38,19,4.259735,26.10211
2026-09-19T22:50:00.000Z,MCT2408032,15.525556,73.828611,55.16,179.69,595.16,82.15368639999997,14.757200000000005,18.422000000000004,14.468399999999999,45.2288,24.5752,2.2712,28.7340524
2026-09-19T23:00:00.000Z,MCT2408032,15.525556,73.828611,54.24,180.83360000000002,588.2,82.15917919999998,14.979200000000002,18.6024,13.956,44.2616,24.236,2.2503999999999995,28.682571600000003
2026-09-19T23:10:00.000Z,MCT2408032,15.525556,73.828611,54.8,180.3716,563.16,80.7822264,14.658000000000005,18.770000000000003,14.411600000000004,45.684000000000005,24.91480000000001,2.322,29.09355919999999
2026-09-19T23:20:00.000Z,MCT2408032,15.525556,73.828611,57.32,181.014,551.36,79.13153080000001,14.778800000000004,18.750400000000003,16.517200000000003,51.59959999999998,27.7456,2.1775999999999995,29.612654399999993
2026-09-19T23:30:00.000Z,MCT2408032,15.525556,73.828611,53.36,183.06399999999994,552.68,78.10125640000001,15.483600000000006,18.788,13.898800000000001,44.0904,24.122,2.6172000000000004,29.8069924
2026-09-19T23:40:00.000Z,MCT2408032,15.525556,73.828611,48.08,203.2572,585.2,79.3680424,15.6024,18.956800000000005,10.650799999999997,34.5336,19.081199999999995,2.9603999999999995,29.317070000000008
2026-09-19T22:50:00.000Z,MCT2408031,15.290833,74.149167,23.0625,161.786425,611.125,87.48201687500003,7.0567198750000015,7.070536625000001,8.0375,20.786250000000003,11.27875,4.884375,26.474811250000002
2026-09-19T23:00:00.000Z,MCT2408031,15.290833,74.149167,23.375,143.6835125,609.125,87.51825812500002,6.968565249999999,7.606773875,8.454374999999999,21.819375000000004,11.844375,4.814375,26.43392250000001
2026-09-19T23:10:00.000Z,MCT2408031,15.290833,74.149167,24.625,143.141975,607.375,87.55926500000001,6.9466585,6.8625863125,9.13625,24.293125000000003,13.394374999999998,4.943125,26.37962687499999
2026-09-19T23:20:00.000Z,MCT2408031,15.290833,74.149167,24.0625,141.78035625,613.5,87.50776562499999,7.144874249999999,7.784227750000001,8.9,23.206875000000004,12.648750000000001,4.85875,26.344770000000004
2026-09-19T23:30:00.000Z,MCT2408031,15.290833,74.149167,23.5,143.03831875,625.6875,87.49822999999999,7.122967625000001,8.6802169375,8.83875,22.90687500000001,12.379375000000003,4.86,26.28042125
2026-09-19T23:40:00.000Z,MCT2408031,15.290833,74.149167,22.75,143.0402125,623.5625,87.56689562499997,7.215609187500002,7.559091437500001,8.454999999999998,21.792500000000004,11.843750000000002,4.980625,26.212718125000006
2026-09-19T22:50:00.000Z,MCT2408036,15.171567,74.067106,34.46666666666667,120,764.6666666666666,87.53892,10.408,8.174000000000001,3.8926666666666665,11.346,6.0793333333333335,11.036666666666667,27.691572
2026-09-19T23:00:00.000Z,MCT2408036,15.171567,74.067106,34.375,120,771.375,87.80674437500001,10.560625,8.021875,3.7800000000000007,11.016875,5.858749999999999,10.974375000000002,27.61636375
2026-09-19T23:10:00.000Z,MCT2408036,15.171567,74.067106,34.1875,120,754.375,88.04468687499997,10.278749999999999,8.015,3.3874999999999993,10.132499999999997,5.384374999999999,10.85125,27.513805000000005
2026-09-19T23:20:00.000Z,MCT2408036,15.171567,74.067106,34.4,120,744.8666666666667,88.20928866666667,10.274666666666667,8.078,4.28,12.460666666666667,6.586666666666665,10.924666666666667,27.509961333333326
2026-09-19T23:30:00.000Z,MCT2408036,15.171567,74.067106,34.3125,120,725.1875,89.00646499999999,10.3175,7.703124999999999,4.704375,14.310624999999998,7.88375,10.92,27.450795000000003
2026-09-19T23:40:00.000Z,MCT2408036,15.171567,74.067106,34.266666666666666,120,720.3333333333334,89.18788733333332,9.998666666666669,7.865999999999999,4.982666666666666,15.027999999999999,8.207333333333333,10.858666666666668,27.46134266666667
2026-09-19T22:50:00.000Z,MCT2408035,15.236111,74.125,46,190,925.1875,88.43235375000003,18.2710175,8.075000000000001,3.799999999999999,11.013124999999999,5.7318750000000005,3.8299999999999987,27.665966250000007
2026-09-19T23:00:00.000Z,MCT2408035,15.236111,74.125,46.1875,190,930.75,88.72942250000001,18.3477475,8.1675,3.799999999999999,10.896249999999997,5.613125,3.8299999999999987,27.631110000000007
2026-09-19T23:10:00.000Z,MCT2408035,15.236111,74.125,47.1875,190,939.1875,88.71368750000002,19.104583749999996,8.112499999999999,3.799999999999999,10.968124999999997,5.684375000000001,3.8299999999999987,27.630438125
2026-09-19T23:20:00.000Z,MCT2408035,15.236111,74.125,46.25,190,946.8125,88.62308625000001,18.416920625,8.429999999999998,3.799999999999999,11.486249999999997,6.205625000000001,3.8299999999999987,27.57011125
2026-09-19T23:30:00.000Z,MCT2408035,15.236111,74.125,47.75,190,951.75,88.64216125000002,19.628905,8.729999999999999,3.799999999999999,11.013749999999998,5.7318750000000005,3.8299999999999987,27.51045625
2026-09-19T23:40:00.000Z,MCT2408035,15.236111,74.125,47.125,190,956.25,88.70367000000003,19.104583749999996,8.478124999999999,3.799999999999999,10.943124999999997,5.660625,3.8299999999999987,27.4749275
2026-09-19T22:50:00.000Z,MCT2408026,15.2467,74.198281,117.95833333333333,125,609.125,86.9600391666667,13.185830416666668,12.5,7.522916666666667,24.01791666666666,13.139166666666666,50.525000000000006,27.925828750000004
2026-09-19T23:00:00.000Z,MCT2408026,15.2467,74.198281,118,125,593.625,86.77248291666668,12.991696249999999,12.5,7.523333333333334,24.09708333333333,13.178749999999999,50.525000000000006,27.966495
2026-09-19T23:10:00.000Z,MCT2408026,15.2467,74.198281,118,125,601.2,87.7127684,13.060529600000004,12.5,7.410400000000001,23.13359999999999,12.498399999999998,50.468,27.660684400000005
2026-09-19T23:20:00.000Z,MCT2408026,15.2467,74.198281,117.95833333333333,125,622.625,87.33801291666664,13.062418750000006,12.5,6.854166666666668,22.244583333333328,12.295,50.387499999999996,27.755118749999998
2026-09-19T23:30:00.000Z,MCT2408026,15.2467,74.198281,117.95833333333333,125,606.0833333333334,87.26426124999999,12.988264166666667,12.5,6.775000000000001,21.96208333333334,12.135,50.443750000000016,27.7524375
2026-09-19T23:40:00.000Z,MCT2408026,15.2467,74.198281,118,125,631.5416666666666,86.70445583333337,13.091623333333331,12.5,6.932916666666667,22.163750000000004,12.134999999999998,50.512499999999996,27.839134583333337
2026-09-19T23:40:05.866Z,MCT2408026,15.2467,74.198281,118,125,621,86.57507,13.36563,12.5,7.56,23.21,12.54,50.3,27.83958
2026-09-19T22:50:00.000Z,MCT2408039,15.163611,74.110833,30.3125,310.875,687.5,86.65947375000003,12.546249999999999,10.3,9.019999999999998,28.94,11.759999999999998,2.3,27.265119999999992
2026-09-19T23:00:00.000Z,MCT2408039,15.163611,74.110833,31.0625,311.48625,681.4375,86.68474312500003,14.1625,10.3,9.019999999999998,28.94,11.759999999999998,2.3,27.279865625
2026-09-19T23:10:00.000Z,MCT2408039,15.163611,74.110833,30.6875,311.12375000000003,667.375,86.76866937500003,13.608125000000001,10.3,9.019999999999998,28.94,11.759999999999998,2.3,27.28858
2026-09-19T23:20:00.000Z,MCT2408039,15.163611,74.110833,30.5625,314.719375,687,86.828748125,12.709375,10.3,9.019999999999998,28.94,11.759999999999998,2.3,27.28120875
2026-09-19T23:30:00.000Z,MCT2408039,15.163611,74.110833,30.0625,320.585,683.5,86.82541000000002,13.296874999999998,10.3,9.019999999999998,28.94,11.759999999999998,2.3,27.281209375
2026-09-19T23:40:00.000Z,MCT2408039,15.163611,74.110833,29.3125,326.19125,665.9375,86.8335175,12.479374999999997,10.3,9.019999999999998,28.94,11.759999999999998,2.3,27.281208749999998
2026-09-19T22:50:00.000Z,MCT2408038,15.188889,74.055556,23.333333333333332,343.9773333333333,794.7333333333333,88.76521866666664,9.075333333333331,13.330000000000005,6.151333333333333,17.23,8.424,4.701333333333333,27.253278666666663
2026-09-19T23:00:00.000Z,MCT2408038,15.188889,74.055556,23.3125,342.62625,794.75,88.67125124999998,9.059374999999998,13.330000000000005,6.186250000000001,17.396875,8.428125,4.74125,27.281876249999996
2026-09-19T23:10:00.000Z,MCT2408038,15.188889,74.055556,23.4375,344.889375,807.6875,88.78282937499999,9.224375,13.330000000000005,6.147500000000001,17.519999999999996,8.682500000000001,4.712499999999999,27.221546874999994
2026-09-19T23:20:00.000Z,MCT2408038,15.188889,74.055556,23.1875,337.8506249999999,825.4375,88.71225749999999,9.255,13.330000000000005,6.168749999999999,17.5825,8.648124999999999,4.732500000000001,27.201436249999997
2026-09-19T23:30:00.000Z,MCT2408038,15.188889,74.055556,23.125,337.261875,841.125,88.83194375,9.058124999999999,13.330000000000005,6.1625000000000005,17.334375,8.455625,4.708749999999999,27.155183125
2026-09-19T23:40:00.000Z,MCT2408038,15.188889,74.055556,23,348.15749999999997,841.9375,88.61736625,9.186250000000001,13.330000000000005,6.04,17.1475,8.20125,4.675625,27.179985000000002
