time,device_id,latitude,longitude,aqi,co,co2,hum,no2,o3,pm1,pm10,pm25,so2,temp
2026-10-08T21:00:00.000Z,MCT2408028,15.186944,74.096667,109.92,293.0788,592.84,88.60327240000001,20.552000000000007,11.5572,37.95280000000002,116.77519999999998,62.78880000000001,3.6584,26.0283256
2026-10-08T21:10:00.000Z,MCT2408028,15.186944,74.096667,110.44,285.5328,587.24,88.70428519999997,20.5492,11.592800000000002,38.35120000000002,118.24599999999998,63.6624,3.4516000000000004,26.041194
2026-10-08T21:20:00.000Z,MCT2408028,15.186944,74.096667,110.28,280.3324,587.68,88.58038360000002,20.540000000000006,11.56,38.35120000000002,117.6504,63.10760000000001,3.310400000000001,26.078518399999993
2026-10-08T21:30:00.000Z,MCT2408028,15.186944,74.096667,110.84,276.32319999999993,581.48,88.63348400000001,20.5492,11.56,38.630800000000015,119.04239999999999,64.1808,3.4835999999999996,26.0737976
2026-10-08T21:40:00.000Z,MCT2408028,15.186944,74.096667,109.86363636363636,270.14954545454543,579.4090909090909,88.45398545454549,20.823636363636368,11.597272727272728,38.08818181818183,116.9690909090909,62.81000000000001,3.4068181818181813,26.084075909090906
2026-10-08T21:49:43.429Z,MCT2408028,15.186944,74.096667,109.70833333333333,267.87333333333333,590.7916666666666,88.4976804166667,20.664583333333336,11.594166666666666,37.99375000000001,116.58624999999999,62.506250000000016,3.2304166666666667,26.05519
2026-10-08T20:50:00.000Z,MCT2408020,15.543475,74.039433,100,180,682,86.81921,9.340408,18.82842,35.25,106.24,55.76,3.66,27.52855
2026-10-08T21:00:00.000Z,MCT2408020,15.543475,74.039433,101.375,180,687.1875,86.672824375,8.639331375000001,18.600285,36.236875000000005,109.038125,56.80625,3.6599999999999984,27.52386125
2026-10-08T21:10:00.000Z,MCT2408020,15.543475,74.039433,101.625,180,690.9375,87.04809562499999,8.7566325,18.205946875000002,36.701875,110.146875,57.213125000000005,3.6599999999999984,27.372369374999998
2026-10-08T21:20:00.000Z,MCT2408020,15.543475,74.039433,100.9375,180,682.125,87.40858187500002,8.7262016875,18.2704075,35.715625,107.11750000000002,55.5275,3.6599999999999984,27.281876249999993
2026-10-08T21:30:00.000Z,MCT2408020,15.543475,74.039433,99.0625,180,689.125,87.3356275,8.7782200625,18.50359375,34.20625,102.458125,53.145625,3.6599999999999984,27.273161874999992
2026-10-08T21:40:00.000Z,MCT2408020,15.543475,74.039433,97.375,180,691.25,87.13678812500001,9.027778,18.82589625,32.990625,98.84624999999998,51.231874999999995,3.6599999999999984,27.248361875
2026-10-08T21:49:43.429Z,MCT2408020,15.543475,74.039433,97.73333333333333,180,690.8666666666667,87.21492466666669,9.002219666666667,18.645754,33.212,99.72066666666665,51.674,3.6599999999999984,27.158891999999994
2026-10-08T20:50:00.000Z,MCT2408056,15.579167,73.920833,127,180,608,88.1391,7.09,10.18779,45.98,135.7,74.04,1.56,26.71345
2026-10-08T21:00:00.000Z,MCT2408056,15.579167,73.920833,130.0625,180,634.5,88.04373062500002,6.864374999999999,9.5071876875,46.625625,138.94625000000002,76.02999999999999,1.5599999999999998,26.687302500000005
2026-10-08T21:10:00.000Z,MCT2408056,15.579167,73.920833,133.125,180,631.3125,88.256878125,6.7906249999999995,9.296947500000002,47.73875,142.24874999999997,77.78937499999999,1.5599999999999998,26.637027500000002
2026-10-08T21:20:00.000Z,MCT2408056,15.579167,73.920833,132.375,180,619.1875,88.464779375,6.8374999999999995,9.14847375,47.38937500000001,141.22437499999998,77.438125,1.5599999999999998,26.635687500000003
2026-10-08T21:30:00.000Z,MCT2408056,15.579167,73.920833,136.125,180,604.3125,88.515324375,6.609374999999999,9.23518125,48.385000000000005,144.69625,79.60374999999999,1.5599999999999998,26.635015624999994
2026-10-08T21:40:00.000Z,MCT2408056,15.579167,73.920833,132.5,180,598,88.55013250000002,6.629375000000001,9,47.33062500000001,141.16812499999997,77.495625,1.5599999999999998,26.610885625
2026-10-08T21:49:43.430Z,MCT2408056,15.579167,73.920833,134.73333333333332,180,587.4,89.03834933333334,6.615333333333333,9,47.23066666666667,141.34866666666667,77.852,1.5599999999999998,26.561863333333335
2026-10-08T21:00:00.000Z,MCT2408057,15.272222,74.104722,65.12,314.6872,556.04,85.72912679999997,12.1328,9.579600000000001,22.623199999999994,64.59280000000001,33.2068,2.104,28.609213600000004
2026-10-08T21:10:00.000Z,MCT2408057,15.272222,74.104722,64.6,312.99800000000005,564.6,85.83227480000001,12.212399999999997,9.592800000000002,22.5984,64.27640000000001,32.873999999999995,2.008,28.539715999999995
2026-10-08T21:20:00.000Z,MCT2408057,15.272222,74.104722,64.72,318.3748,568.6,85.67510999999996,11.963200000000002,9.678800000000003,22.576399999999992,64.50280000000002,33.2292,2.0043999999999995,28.546150799999996
2026-10-08T21:30:00.000Z,MCT2408057,15.272222,74.104722,65.36,314.056,561.12,85.35284319999997,12.090399999999997,9.553200000000002,22.957199999999997,65.85919999999999,34.0248,2.003199999999999,28.581328399999993
2026-10-08T21:40:00.000Z,MCT2408057,15.272222,74.104722,67.24,313.5856,559,85.08459439999999,12.102799999999995,9.655600000000002,24.170399999999994,69.16159999999999,35.4888,2.0628,28.672274800000004
2026-10-08T21:49:43.432Z,MCT2408057,15.272222,74.104722,66.52,305.3124,575.44,85.020508,11.9424,9.717600000000001,23.694799999999997,67.85000000000001,34.9128,2.1224000000000003,28.641387199999993
2026-10-08T20:50:00.000Z,MCT2408055,15.585833,73.885556,95,120.67,799,87.16254,10.03,5.03,37.76,109.21,60.67,22.95,27.17462
2026-10-08T21:00:00.000Z,MCT2408055,15.585833,73.885556,93.625,97.61250000000001,753.4375,86.95988125000001,9.622499999999999,4.255000000000001,37.105000000000004,106.74375,58.706875,22.939375000000002,27.136414375000005
2026-10-08T21:10:00.000Z,MCT2408055,15.585833,73.885556,93.75,112.81500000000003,780.375,87.04285312500002,9.462499999999999,4.52,36.754375,106.62062499999999,59.04874999999999,22.947499999999998,27.0874825
2026-10-08T21:20:00.000Z,MCT2408055,15.585833,73.885556,92.6875,100.744375,800.625,87.08052,9.686875,4.34125,36.272499999999994,104.60562500000002,57.72749999999999,22.911875000000002,27.057316875
2026-10-08T21:30:00.000Z,MCT2408055,15.585833,73.885556,91.5,63.40500000000001,820.1875,86.88645000000001,9.561875,4.38,35.401875000000004,101.97375000000001,56.109375,23.0425,27.069384375000002
2026-10-08T21:40:00.000Z,MCT2408055,15.585833,73.885556,92.1875,45.830000000000005,769.5,86.96655687500002,9.62875,4.385,35.750625,103.33124999999998,57.00437499999999,22.968750000000004,27.070723749999996
2026-10-08T21:49:43.481Z,MCT2408055,15.585833,73.885556,94.13333333333334,45.830000000000005,798.8,87.15388933333335,9.684666666666667,4.236,37.06066666666666,107.58733333333335,59.66799999999999,23.25466666666666,27.039487333333337
2026-10-08T20:50:00.000Z,MCT2408052,15.444425,74.063856,57,160,674,86.72766,24.45403,8,15.72,45.52,22.44,2,27.5071
2026-10-08T21:00:00.000Z,MCT2408052,15.444425,74.063856,56.8125,160,684.1875,86.86546750000002,24.180259375000002,8,15.866875000000002,45.92812500000001,22.501874999999995,2,27.47962
2026-10-08T21:10:00.000Z,MCT2408052,15.444425,74.063856,56.8125,160,689.875,87.08719812500001,24.179513749999995,8,15.073125000000003,44.15937499999999,21.856250000000003,2,27.42331374999999
2026-10-08T21:20:00.000Z,MCT2408052,15.444425,74.063856,56.6875,160,707.1875,87.03188562500003,24.1209175,8,14.4875,41.76625000000001,20.388749999999998,2,27.377063125000003
2026-10-08T21:30:00.000Z,MCT2408052,15.444425,74.063856,56.9375,160,673.375,87.08910500000002,24.2160925,8,14.193125,41.399375000000006,20.389375,2,27.382423750000008
2026-10-08T21:40:00.000Z,MCT2408052,15.444425,74.063856,56.9375,160,694.25,87.28842187500001,24.320786874999996,8,15.323125000000001,44.568749999999994,21.89875,2,27.442751875
2026-10-08T21:49:43.692Z,MCT2408052,15.444425,74.063856,56.93333333333333,160,683.3333333333334,87.61114666666667,24.271295333333335,8,15.742666666666667,45.51733333333334,22.253999999999998,2,27.498521999999994
2026-10-08T21:00:00.000Z,MCT2408043,15.221111,74.087222,121.625,170.65750000000003,630.9375,85.39204,14.166249999999998,10.148125,43.456875000000004,130.759375,67.019375,5.290000000000001,27.75377875
2026-10-08T21:10:00.000Z,MCT2408043,15.221111,74.087222,122.5,171.40312500000002,647.625,85.5846825,14.118124999999997,9.843749999999998,43.774375,131.725625,67.579375,5.290000000000001,27.628429375000003
2026-10-08T21:20:00.000Z,MCT2408043,15.221111,74.087222,121.625,170.64500000000004,631.75,85.62092249999999,14.139374999999998,9.828125,43.3775,130.59875,67.0175,5.290000000000001,27.5929025
2026-10-08T21:30:00.000Z,MCT2408043,15.221111,74.087222,124.9375,164.82375,638.0625,85.89987249999999,14.170624999999998,9.89375,44.56375000000001,134.46187500000002,69.01937500000001,5.290000000000001,27.508443125
2026-10-08T21:40:00.000Z,MCT2408043,15.221111,74.087222,120.33333333333333,171.13799999999998,638.7333333333333,85.75974599999999,14.20533333333333,10.126,42.975333333333325,129.0933333333333,66.01866666666668,5.290000000000001,27.438461999999994
2026-10-08T21:49:43.692Z,MCT2408043,15.221111,74.087222,117.0625,174.10500000000002,663.5625,85.48550062500001,14.175625,10.064375,40.84374999999999,121.98812500000003,62.21000000000001,5.290000000000001,27.35091875
2026-10-08T21:00:00.000Z,MCT2408021,15.500556,74.053333,53.625,375,559.125,85.21704062500001,21.301875,14.928654374999997,19.524375000000003,56.63125,34.138124999999995,4.354374999999999,27.668648125
2026-10-08T21:10:00.000Z,MCT2408021,15.500556,74.053333,53.5625,375,555.1875,85.248035625,21.221875,14.870396249999999,19.346875000000004,56.224375000000016,33.989375,4.296250000000001,27.595584999999996
2026-10-08T21:20:00.000Z,MCT2408021,15.500556,74.053333,54,375,546.0625,85.33338999999998,21.463750000000005,15.102288124999996,19.525000000000002,56.90375,34.464375000000004,4.376875,27.562738750000005
2026-10-08T21:30:00.000Z,MCT2408021,15.500556,74.053333,53.8125,375,546.125,85.14980625000003,21.420625000000005,15.162827499999997,19.614375000000006,56.821875,34.22875,4.39875,27.484981875
2026-10-08T21:40:00.000Z,MCT2408021,15.500556,74.053333,53.125,375,553.0625,85.231346875,21.009375000000002,14.770724999999999,19.406250000000004,55.87062500000001,33.51125,4.386875,27.341535625000002
2026-10-08T21:49:43.692Z,MCT2408021,15.500556,74.053333,53.4,375,547.0666666666667,85.26230866666667,21.182000000000002,14.904854666666665,19.398000000000007,56.174666666666674,33.84266666666667,4.342666666666667,27.283306666666665
2026-10-08T21:00:00.000Z,MCT2408053,15.263333,74.110833,105.9375,142.46198125,799.3125,91.56517374999997,10.450000000000001,23.210624999999993,29.096250000000005,94.313125,58.30687499999999,37.54625,27.311370625000002
2026-10-08T21:10:00.000Z,MCT2408053,15.263333,74.110833,105.9375,137.03195000000002,804,91.43928937499999,10.83625,22.564375,28.581875000000007,93.28,58.094999999999985,37.693749999999994,27.265120624999994
2026-10-08T21:20:00.000Z,MCT2408053,15.263333,74.110833,105.9375,153.60783125,801.3125,91.40638687499998,13.955625000000003,23.703749999999996,28.352500000000006,92.61125,57.67187499999998,37.645,27.222216875
2026-10-08T21:30:00.000Z,MCT2408053,15.263333,74.110833,105.875,154.213125,823.75,91.17607562500002,10.965,23.703124999999996,28.696875000000006,93.28,57.953124999999986,37.732499999999995,27.184675625
2026-10-08T21:40:00.000Z,MCT2408053,15.263333,74.110833,105.9375,148.03279374999997,772.0625,91.24283374999997,11.150625,22.388124999999995,28.924374999999998,94.008125,58.235624999999985,37.7475,27.09887625
2026-10-08T21:49:43.691Z,MCT2408053,15.263333,74.110833,106.06666666666666,150.12086666666667,802.2,91.48280800000002,12.091333333333335,22.695333333333334,29.38266666666667,95.93266666666668,59.56133333333332,38.07933333333333,27.02876400000001
2026-10-08T20:50:00.000Z,MCT2408051,15.486528,74.033889,74,344.18,588,93.1745,22.12,5.19,27.99,87.01,46.67,4.89,27.52855
2026-10-08T21:00:00.000Z,MCT2408051,15.486528,74.033889,69.5,345.61375,587.1875,93.188325625,21.932499999999997,5.1899999999999995,24.760624999999997,79.00749999999998,43.67499999999999,4.435625,27.479620624999995
2026-10-08T21:10:00.000Z,MCT2408051,15.486528,74.033889,68.3125,342.48875000000004,588.9375,93.57313750000002,21.84625,5.1899999999999995,24.138125,76.63875000000002,42.236875,4.574375,27.356281874999997
2026-10-08T21:20:00.000Z,MCT2408051,15.486528,74.033889,68.5625,336.50000000000006,565.9375,93.11394062500001,21.963125,5.1899999999999995,24.059375,76.91062499999998,42.6625,4.469375,27.495706875000003
2026-10-08T21:30:00.000Z,MCT2408051,15.486528,74.033889,67.375,332.54499999999996,593.375,92.84405062500001,22.163125,5.1899999999999995,23.435624999999995,74.541875,41.1075,4.396875,27.458840625000004
2026-10-08T21:40:00.000Z,MCT2408051,15.486528,74.033889,66.8125,330.36749999999995,586.8125,92.934649375,22.0925,5.1899999999999995,23.164999999999996,73.646875,40.486875000000005,4.453125,27.3562825
2026-10-08T21:49:43.723Z,MCT2408051,15.486528,74.033889,66.13333333333334,323.8253333333333,579.0666666666667,93.05344666666664,22.205333333333332,5.1899999999999995,22.761333333333326,71.92800000000001,39.285999999999994,4.481333333333334,27.236114666666662
2026-10-08T20:50:00.000Z,MCT2408050,15.553611,73.958333,109,86.03,696,92.14453,11.05,4.41,43.26,131.39,68.04,2.26,26.20937
2026-10-08T21:00:00.000Z,MCT2408050,15.553611,73.958333,109.875,86.02999999999999,635.3125,92.623753125,10.76375,4.5687500000000005,42.356875,132.40625,70.218125,2.4287499999999995,26.216070625000008
2026-10-08T21:10:00.000Z,MCT2408050,15.553611,73.958333,110,86.02999999999999,659.9375,93.04384562500002,10.931875000000003,4.644375,41.879999999999995,131.54812500000003,70.16500000000002,2.408125,26.167137500000003
2026-10-08T21:20:00.000Z,MCT2408050,15.553611,73.958333,108.625,86.02999999999999,685.6875,92.760605,11.02875,4.560625000000001,40.769999999999996,127.41624999999999,67.615,2.4612499999999997,26.179874375000008
2026-10-08T21:30:00.000Z,MCT2408050,15.553611,73.958333,108.25,86.02999999999999,634.875,92.73008687500001,10.930625000000003,4.563124999999999,40.718125,126.93125000000002,67.243125,2.7187500000000004,26.155070000000002
2026-10-08T21:40:00.000Z,MCT2408050,15.553611,73.958333,107.25,86.02999999999999,649.625,92.685264375,11.055625,4.68125,39.39125,123.496875,65.64874999999999,2.7275,26.14434375
2026-10-08T21:49:43.938Z,MCT2408050,15.553611,73.958333,106.13333333333334,86.02999999999999,661.5333333333333,92.26100866666667,10.924000000000001,4.568,38.34,120.22466666666668,63.90200000000001,2.7239999999999993,26.126424666666665
2026-10-08T21:00:00.000Z,MCT2408030,15.142519,74.075003,87.0625,163,606.4375,81.47196312500002,9.320625000000001,6.200000000000002,29.755000000000006,88.27687500000002,48.690625,4.7181250000000015,26.931969999999996
2026-10-08T21:10:00.000Z,MCT2408030,15.142519,74.075003,87.4,163,606.5333333333333,81.538656,9.152666666666669,6.200000000000002,30.11533333333334,88.68666666666668,48.465333333333334,4.621333333333333,26.87932733333334
2026-10-08T21:20:00.000Z,MCT2408030,15.142519,74.075003,86.875,163,609.5625,81.55111500000001,9.15875,6.200000000000002,29.520000000000007,87.64999999999999,48.335625,4.6937500000000005,26.855554374999997
2026-10-08T21:30:00.000Z,MCT2408030,15.142519,74.075003,86.8125,163,614.75,81.5606525,9.111875000000001,6.200000000000002,29.696250000000006,87.87687499999998,48.45499999999999,4.688750000000001,26.803938750000004
2026-10-08T21:40:00.000Z,MCT2408030,15.142519,74.075003,86.6,163,613.8666666666667,81.55238666666668,9.42,6.200000000000002,29.489333333333338,87.47000000000001,48.21399999999999,4.804,26.777084666666674
2026-10-08T21:49:43.947Z,MCT2408030,15.142519,74.075003,86.46666666666667,163,603,81.53610933333336,9.228000000000002,6.200000000000002,29.42733333333334,87.04466666666667,47.89933333333333,4.770666666666666,26.778514666666677
2026-10-08T21:00:00.000Z,MCT2408023,15.499722,74.020833,211.8125,150.51,511.5,92.05917812500002,7.977500000000001,20.835624999999997,47.52687499999999,152.76749999999998,97.06937499999998,4.976875,26.655125625000004
2026-10-08T21:10:00.000Z,MCT2408023,15.499722,74.020833,208.375,150.51,518.75,92.214626875,8.063125,20.76125,46.10125,149.1275,94.98499999999999,4.730625,26.55055812500001
2026-10-08T21:20:00.000Z,MCT2408023,15.499722,74.020833,203.1875,150.64937500000002,513.8125,92.41775875,7.6775,21.346874999999997,44.75625000000001,143.6625,90.9975,4.5475,26.4097925
2026-10-08T21:30:00.000Z,MCT2408023,15.499722,74.020833,204.375,150.849375,518.75,92.49882125000002,7.66375,21.154374999999998,44.993750000000006,144.45625,91.54124999999999,4.40625,26.328011249999996
2026-10-08T21:40:00.000Z,MCT2408023,15.499722,74.020833,203.0625,151.89624999999998,523.375,92.52886125,7.795,20.913125,44.676875,143.42749999999998,90.81625000000001,4.436249999999999,26.269695625
2026-10-08T21:49:43.947Z,MCT2408023,15.499722,74.020833,202.69230769230768,152.05461538461537,519,92.53832538461538,7.8538461538461535,21.849230769230772,44.653076923076924,143.01230769230773,90.57923076923076,4.586153846153847,26.206069230769227
2026-10-08T20:50:00.000Z,MCT2408027,15.275556,74.1075,109,665.96,665,89.80994,6.58,12.16,38.46,113.36,58.3,2.95,27.61435
2026-10-08T21:00:00.000Z,MCT2408027,15.275556,74.1075,107.1875,674.7093750000001,635.625,89.79658624999999,6.579999999999999,12.485624999999999,35.87375,109.10500000000002,57.868750000000006,2.9500000000000006,27.593572500000004
2026-10-08T21:10:00.000Z,MCT2408027,15.275556,74.1075,107,673.0875,669.1875,90.00734687499998,6.579999999999999,12.483124999999998,35.8725,108.61125000000001,57.24937499999999,2.9500000000000006,27.537268750000003
2026-10-08T21:20:00.000Z,MCT2408027,15.275556,74.1075,106.9375,669.241875,639.875,89.95012562499998,6.579999999999999,12.549374999999998,35.811875,107.93437500000002,56.75500000000001,2.9500000000000006,27.521180624999992
2026-10-08T21:30:00.000Z,MCT2408027,15.275556,74.1075,107.9375,674.0562500000001,632.5,89.90959437499998,6.579999999999999,12.605624999999996,36.736875000000005,111.44625,59.041875000000005,2.9500000000000006,27.482300625
2026-10-08T21:40:00.000Z,MCT2408027,15.275556,74.1075,107.4375,672.9781250000001,660.375,89.96252499999997,6.579999999999999,12.642499999999998,36.058749999999996,109.6575,58.176874999999995,2.9500000000000006,27.410575625000007
2026-10-08T21:49:43.969Z,MCT2408027,15.275556,74.1075,106.6,671.0726666666667,650.0666666666667,89.97117199999998,6.579999999999999,12.643333333333333,35.176,106.58733333333336,56.390000000000015,2.9500000000000006,27.396276
2026-10-08T20:50:00.000Z,MCT2408040,15.528056,74.020833,22,100,573,88.14673,7.84,4.84,7.63,22.46,10.88,3.5,27.121
2026-10-08T21:00:00.000Z,MCT2408040,15.528056,74.020833,21.8125,100,571,88.1672325,7.6781250000000005,4.687500000000001,7.58,22.370625,10.814375,3.5,27.093515
2026-10-08T21:10:00.000Z,MCT2408040,15.528056,74.020833,21.5625,100,570.8125,88.172479375,7.6937500000000005,4.713750000000001,7.504999999999998,22.258750000000003,10.815625,3.5,27.054637499999995
2026-10-08T21:20:00.000Z,MCT2408040,15.528056,74.020833,21.1875,100,573.375,88.18153749999999,7.799375000000001,4.733125,7.205000000000001,21.248750000000005,10.25875,3.5,26.958783125
2026-10-08T21:30:00.000Z,MCT2408040,15.528056,74.020833,21,100,588.8125,88.15865187500002,7.764375,4.735000000000001,7.155,20.940625,10.068124999999998,3.5,26.886388124999996
2026-10-08T21:40:00.000Z,MCT2408040,15.528056,74.020833,21.3125,100,590.5,88.03800875,7.6949999999999985,4.696875,7.342500000000001,21.687500000000004,10.502500000000001,3.5,26.897783125000004
2026-10-08T21:49:44.184Z,MCT2408040,15.528056,74.020833,21,100,590.4666666666667,88.212342,7.768666666666666,4.682666666666666,7.150000000000001,20.980666666666668,10.073333333333332,3.5,26.734897333333343
2026-10-08T20:50:00.000Z,MCT2408044,15.313669,74.140042,52,214.29,598,92.62518,10.97,3.32,20.11,54.5,31.89,3.39359,26.58474
2026-10-08T21:00:00.000Z,MCT2408044,15.313669,74.140042,52.6,214.29,592.1333333333333,92.72182266666665,11.177333333333333,3.504666666666667,20.41933333333333,54.96666666666667,31.817999999999998,3.5018804,26.611197999999998
2026-10-08T21:10:00.000Z,MCT2408044,15.313669,74.140042,49.6875,214.29,579.8125,93.06721000000002,11.134375000000002,3.5456250000000002,18.2125,48.84375,28.346249999999994,3.8466345625,26.491569375
2026-10-08T21:20:00.000Z,MCT2408044,15.313669,74.140042,51.4,214.29,608.0666666666667,93.52443466666666,11.169333333333332,3.49,19.654666666666664,52.5,30.269999999999996,4.014016866666667,26.302318
2026-10-08T21:30:00.000Z,MCT2408044,15.313669,74.140042,51.8125,214.29,604.8125,93.21836812500001,11.147499999999999,3.6025,19.71875,53.40625,31.181250000000002,3.8558492499999995,26.3581775
2026-10-08T21:40:00.000Z,MCT2408044,15.313669,74.140042,50.53333333333333,214.29,619.8666666666667,92.78133133333334,10.989333333333336,3.5460000000000003,19.004,50.666666666666664,29.190000000000005,3.7124785999999994,26.340926666666665
2026-10-08T21:49:44.193Z,MCT2408044,15.313669,74.140042,49.333333333333336,214.29,628,92.59008666666668,11.044,3.9140000000000006,18.045333333333335,48.333333333333336,27.856,3.7564957333333333,26.358088000000006
2026-10-08T21:00:00.000Z,MCT2408049,15.475278,74.055833,82.4375,152.48900625,573.8125,85.7630225,23.992500000000003,16.289375,30.810625,88.86125000000003,44.834999999999994,2.61,27.42063062499999
2026-10-08T21:10:00.000Z,MCT2408049,15.475278,74.055833,82.125,150.73839375,575.25,85.83931375,24.194375000000004,16.149375000000003,30.571875000000006,88.288125,44.64374999999999,2.61,27.384434374999998
2026-10-08T21:20:00.000Z,MCT2408049,15.475278,74.055833,82.0625,152.5109875,561.8125,86.04816874999997,24.118125,15.744375000000002,30.474375000000002,88.09562499999998,44.594375,2.61,27.366335624999998
2026-10-08T21:30:00.000Z,MCT2408049,15.475278,74.055833,80.9375,154.24401875,553.3125,86.14115249999999,24.108749999999997,17.064375,29.659999999999993,85.94187499999998,43.58625000000001,2.61,27.362313750000002
2026-10-08T21:40:00.000Z,MCT2408049,15.475278,74.055833,80.625,151.64776250000003,572.375,85.96090562500001,24.268124999999998,15.540625,29.660624999999996,85.22437499999998,42.96249999999999,2.61,27.261096249999998
2026-10-08T21:49:44.193Z,MCT2408049,15.475278,74.055833,80.25,154.1359,553.375,85.98808687499998,24.191875000000003,15.62875,29.036874999999995,83.73875,42.389375,2.61,27.17127125
2026-10-08T20:50:00.000Z,MCT2408046,15.529167,74.07,74,95.52,718,83.63013,13.39,0.51,25.29,77.77,38.71,4.12,28.25786
2026-10-08T21:00:00.000Z,MCT2408046,15.529167,74.07,73.92,95.52,717.04,83.76440440000002,13.5128,0.4268,25.768399999999996,78.1252,38.8828,3.8624,28.184069199999985
2026-10-08T21:10:00.000Z,MCT2408046,15.529167,74.07,73.4,95.52,729.52,83.90600560000001,13.399599999999998,0.458,25.5168,77.01520000000001,38.0596,3.9444,28.0806808
2026-10-08T21:20:00.000Z,MCT2408046,15.529167,74.07,72.96,95.52,724.76,84.06439160000002,13.526799999999998,0.4296,25.035999999999998,75.77159999999999,37.599599999999995,3.918,27.988874
2026-10-08T21:30:00.000Z,MCT2408046,15.529167,74.07,72.72,95.52,728.16,84.05004679999996,13.4804,0.4208,24.886,75.2392,37.2856,3.8580000000000005,27.915085199999993
2026-10-08T21:40:00.000Z,MCT2408046,15.529167,74.07,72.76,95.52,723.4,84.24566760000002,13.614000000000003,0.47360000000000013,24.959599999999995,75.50439999999999,37.358,3.972,27.800971999999998
2026-10-08T21:49:44.212Z,MCT2408046,15.529167,74.07,72.25,95.52,723.5416666666666,84.26209583333329,13.550833333333332,0.4375,24.52625,74.53166666666667,36.998749999999994,3.9187499999999997,27.757352916666672
2026-10-08T20:50:00.000Z,MCT2408034,15.356389,74.123611,94,180,658,73.66614,6.15,6.84,31.9,96.6,49.7,1.54,31.33596
2026-10-08T21:00:00.000Z,MCT2408034,15.356389,74.123611,95.58333333333333,180,654.5416666666666,73.67726583333335,6.150000000000002,3.56,31.899999999999995,99.175,52.15791666666667,1.1437499999999998,31.352049583333343
2026-10-08T21:10:00.000Z,MCT2408034,15.356389,74.123611,94.96,180,666.84,73.5751948,6.176000000000003,4.269199999999999,31.4996,97.9092,51.34680000000002,1.1319999999999997,31.3316724
2026-10-08T21:20:00.000Z,MCT2408034,15.356389,74.123611,95.95833333333333,180,666.2916666666666,73.62894333333332,6.150000000000002,3.883333333333334,32.05166666666667,99.79833333333333,52.39166666666668,1.2912499999999998,31.234522083333328
2026-10-08T21:30:00.000Z,MCT2408034,15.356389,74.123611,95.36,180,668.4,73.83551040000002,6.150000000000002,4.9124,31.717999999999993,98.84599999999996,52.13320000000001,1.2735999999999996,31.103869600000003
2026-10-08T21:40:00.000Z,MCT2408034,15.356389,74.123611,95.76,180,668.84,74.06775000000005,6.150000000000002,3.4752000000000005,32.0092,99.44679999999998,52.245200000000004,1.2135999999999998,31.0107752
2026-10-08T21:49:44.384Z,MCT2408034,15.356389,74.123611,101.16666666666667,180,667.5416666666666,74.07781000000003,6.177083333333336,4.6258333333333335,35.811666666666675,112.14791666666663,59.38458333333336,1.2845833333333332,31.00526916666666
2026-10-08T20:50:00.000Z,MCT2408037,15.394444,74.118333,83,160,575,85.11023,10.34,14.28,26.02,87.5,42.72,3.79,27.1639
2026-10-08T21:00:00.000Z,MCT2408037,15.394444,74.118333,82.1875,160,573.0625,85.17174312499999,10.31125,14.305625,25.226249999999993,85.65687500000001,42.06375000000001,3.783125,27.149820624999997
2026-10-08T21:10:00.000Z,MCT2408037,15.394444,74.118333,81.0625,160,587.8125,85.1741275,10.036875,14.361250000000004,24.715000000000003,83.153125,40.47000000000001,3.8068750000000007,27.091505625
2026-10-08T21:20:00.000Z,MCT2408037,15.394444,74.118333,80.9375,160,588.125,85.291905,10.10375,14.329374999999999,24.947499999999998,83,40.09500000000001,4.01625,26.964143749999998
2026-10-08T21:30:00.000Z,MCT2408037,15.394444,74.118333,82.1875,160,570,85.59374062499998,9.962499999999999,14.338750000000001,25.178124999999998,85.50375000000001,41.82937500000001,3.779375,26.831423124999993
2026-10-08T21:40:00.000Z,MCT2408037,15.394444,74.118333,81.4375,160,581.75,85.60280187500003,10.16625,14.339375000000004,24.993749999999995,84.07249999999998,40.89187500000001,3.956875,26.731546250000008
2026-10-08T21:49:44.428Z,MCT2408037,15.394444,74.118333,81.33333333333333,160,584.6,85.55934533333334,9.898666666666667,14.357333333333335,24.975333333333325,83.68200000000002,40.62133333333335,3.9059999999999993,26.736326666666667
2026-10-08T21:00:00.000Z,MCT2408042,15.213889,74.071667,105.1875,235.71249999999998,520.1875,87.74475437500001,25.888749999999998,15.115,37.5375,111.54999999999998,57.51375,3.427500000000001,27.588210000000004
2026-10-08T21:10:00.000Z,MCT2408042,15.213889,74.071667,105.1875,231.94000000000003,517.4375,87.83487562500001,26.189999999999994,15.015625,37.87875,112.12000000000002,57.74125,3.483125,27.5587175
2026-10-08T21:20:00.000Z,MCT2408042,15.213889,74.071667,105.4375,231.506875,522.625,87.95265624999999,25.965625,15.06125,37.935625,112.29,57.740625,3.2718750000000005,27.529893124999997
2026-10-08T21:30:00.000Z,MCT2408042,15.213889,74.071667,105.125,231.198125,526.6875,87.99748,26.029999999999998,14.788750000000002,37.42375,111.3775,57.456875,3.380625,27.537266874999993
2026-10-08T21:40:00.000Z,MCT2408042,15.213889,74.071667,105.5625,232.25374999999997,528.75,87.97840562499998,25.891875000000002,14.955000000000002,37.935625,112.63124999999998,58.139375,3.3987499999999997,27.5084425
2026-10-08T21:49:44.439Z,MCT2408042,15.213889,74.071667,105.375,234.42625,521.5,88.11334874999997,26.153124999999992,14.884375,38.16312500000001,112.40312499999999,57.45687500000001,3.595625,27.431355625000002
2026-10-08T20:50:00.000Z,MCT2408041,15.224628,74.171389,86,302.9932,613,88.40613,13.53,9.7,27.49,81.81,42.06,7.69,27.18535
2026-10-08T21:00:00.000Z,MCT2408041,15.224628,74.171389,86.4375,312.789125,608.8125,88.49768062500002,13.770624999999999,9.7,27.945625000000007,82.771875,42.56625,7.880625000000001,27.155181874999993
2026-10-08T21:10:00.000Z,MCT2408041,15.224628,74.171389,86.6875,316.24715625000005,608.875,88.35415375,13.825624999999999,9.7,28.097500000000007,83.22749999999999,42.768125,7.864999999999999,27.172612500000003
2026-10-08T21:20:00.000Z,MCT2408041,15.224628,74.171389,86.375,319.8497625,610.125,88.15817437499997,13.798124999999997,9.7,27.895000000000007,82.56937499999998,42.463750000000005,7.9556249999999995,27.157864375000003
2026-10-08T21:30:00.000Z,MCT2408041,15.224628,74.171389,85.8125,320.33918125,622.1875,88.10762812500002,13.811874999999997,9.7,27.388750000000005,81.20249999999999,41.705625,7.9399999999999995,27.011066250000002
2026-10-08T21:40:00.000Z,MCT2408041,15.224628,74.171389,85.875,325.433675,621.3125,88.35081312499997,13.698124999999996,9.7,27.591875000000005,81.455625,41.705625000000005,7.904999999999999,26.911859999999997
2026-10-08T21:49:44.440Z,MCT2408041,15.224628,74.171389,86.06666666666666,332.26908000000003,594.4,88.40104133333332,13.772,9.7,27.490000000000006,81.64799999999998,42.005333333333326,7.939333333333334,26.857162666666667
2026-10-08T20:50:00.000Z,MCT2408033,15.346944,74.007778,63,110,576,88.23065,6.58,3.89,26.06,66.67,40,4.39,27.57145
2026-10-08T21:00:00.000Z,MCT2408033,15.346944,74.007778,61.6875,110,578.0625,88.29264187499999,7.464999999999999,3.7624999999999997,25.073124999999997,63.943125,38.53062499999999,4.39,27.549331875000007
2026-10-08T21:10:00.000Z,MCT2408033,15.346944,74.007778,62.5,110,566.25,88.41709562500002,7.2681249999999995,3.754375,25.680625,65.83375000000001,39.77999999999999,4.39,27.509784375
2026-10-08T21:20:00.000Z,MCT2408033,15.346944,74.007778,62.6875,110,552.1875,88.48337375000003,7.150624999999999,3.720624999999999,26.059374999999996,66.218125,39.596875000000004,4.39,27.454820000000005
2026-10-08T21:30:00.000Z,MCT2408033,15.346944,74.007778,62.375,110,572.4375,88.46239125000001,7.340624999999999,3.7562499999999996,25.642500000000002,65.449375,39.301874999999995,4.39,27.415940000000003
2026-10-08T21:40:00.000Z,MCT2408033,15.346944,74.007778,62.733333333333334,110,542.1333333333333,88.51650066666666,7.434666666666668,3.842,25.857333333333333,66.01599999999999,39.724666666666664,4.39,27.391988666666673
2026-10-08T21:49:44.456Z,MCT2408033,15.346944,74.007778,61.9375,110,564.1875,88.64502500000002,7.686874999999999,3.78625,25.265000000000004,64.584375,38.860625,4.39,27.375050625
2026-10-08T21:00:00.000Z,MCT2408024,15.148056,74.131667,97.2,203.51100400000004,912.92,80.21765360000003,18.3009872,7.51803704,32.77000000000002,98.86000000000004,51.88000000000002,2.7488000000000006,27.543137200000004
2026-10-08T21:10:00.000Z,MCT2408024,15.148056,74.131667,98.2,204.24607999999998,792.76,80.31866519999997,18.323632,7.402596960000002,33.45000000000002,100.86000000000004,52.920000000000016,2.7256,27.527266399999988
2026-10-08T21:20:00.000Z,MCT2408024,15.148056,74.131667,98.08333333333333,203.87828749999997,825.0416666666666,80.33677166666664,18.344732083333334,7.941317333333335,33.30333333333335,100.56500000000004,52.75166666666669,2.7512500000000006,27.54151166666667
2026-10-08T21:30:00.000Z,MCT2408024,15.148056,74.131667,97.44,204.456796,891.2,80.2475588,18.115730399999997,7.979797360000003,32.93000000000002,99.38000000000004,52.280000000000015,2.7632,27.492087199999997
2026-10-08T21:40:00.000Z,MCT2408024,15.148056,74.131667,96.36,206.034104,837.28,80.14074879999998,18.5444532,7.51803704,32.13000000000002,97.06000000000003,50.920000000000016,2.7555999999999994,27.420445200000003
2026-10-08T21:49:44.634Z,MCT2408024,15.148056,74.131667,95.5,207.10584166666663,922.4583333333334,80.2134316666667,18.369666666666667,6.738816499999998,31.72291666666668,95.3566666666667,49.91833333333335,2.7808333333333337,27.315839166666674
2026-10-08T20:50:00.000Z,MCT2408045,15.619444,73.878889,71,178.12,789,86.16309,10.99,15.66,22.65,77.56,40.15,2.53,26.71345
2026-10-08T21:00:00.000Z,MCT2408045,15.619444,73.878889,71.3125,178.11999999999995,799,86.26751625000001,10.006874999999997,16.131874999999997,22.837499999999995,77.70249999999999,40.07749999999999,2.5300000000000002,26.667191250000002
2026-10-08T21:10:00.000Z,MCT2408045,15.619444,73.878889,72.0625,178.11999999999995,798.1875,86.380048125,10.051874999999999,15.8525,23.185000000000006,79.2725,41.243749999999984,2.5300000000000002,26.626303749999995
2026-10-08T21:20:00.000Z,MCT2408045,15.619444,73.878889,72.73333333333333,178.11999999999995,793.1333333333333,86.40773733333334,9.941333333333334,16.082,23.55733333333334,80.22600000000001,41.692,2.5300000000000002,26.609768666666664
2026-10-08T21:30:00.000Z,MCT2408045,15.619444,73.878889,72.4375,178.11999999999995,793.625,86.41485687500001,9.929374999999999,15.924999999999999,23.499999999999996,79.70124999999999,41.241875,2.5300000000000002,26.599488750000003
2026-10-08T21:40:00.000Z,MCT2408045,15.619444,73.878889,73.25,178.11999999999995,798.1875,86.41962500000001,9.893749999999999,15.906249999999998,23.625000000000004,80.55687499999999,41.87812499999999,2.5300000000000002,26.58340250000001
2026-10-08T21:49:44.670Z,MCT2408045,15.619444,73.878889,73.125,178.11999999999995,792.5,86.49305749999998,9.890624999999998,15.807500000000001,23.562500000000004,80.41624999999999,41.80812499999999,2.5300000000000002,26.550556249999993
2026-10-08T21:00:00.000Z,MCT2408022,15.475833,74.038889,109.25,150,479.25,89.12805875,3.87,11.969190625000003,41.0625,125.8125,66.875,4.3522771250000005,27.276514999999996
2026-10-08T21:10:00.000Z,MCT2408022,15.475833,74.038889,107.75,150,489.125,88.93827750000001,3.9399999999999995,11.622613750000003,39.375,120.75,64.4375,4.339528250000001,27.181996875000003
2026-10-08T21:20:00.000Z,MCT2408022,15.475833,74.038889,109.125,150,485.75,88.89250000000001,3.833125,11.853287500000002,40.625,124.3125,66,4.3503138125,27.112283125
2026-10-08T21:30:00.000Z,MCT2408022,15.475833,74.038889,108.8125,150,476.8125,89.05700999999999,3.8999999999999995,11.7873375,40.375,123.6875,65.875,4.4042129375,26.999000000000002
2026-10-08T21:40:00.000Z,MCT2408022,15.475833,74.038889,107.25,150,480.0625,88.732285,4.188125,11.620480624999999,38.75,118.625,63.125,4.3794249375,26.937333125000002
2026-10-08T21:49:44.686Z,MCT2408022,15.475833,74.038889,107.06666666666666,150,478.4,88.54345666666669,4.109999999999999,11.768540666666668,38.4,118,63.06666666666667,4.3984466,26.821411333333337
2026-10-08T20:50:00.000Z,MCT2408032,15.525556,73.828611,246,178.93,554,64.86182,15.02,17.47,68.35,216.19,117.5,1.7,34.54277
2026-10-08T21:00:00.000Z,MCT2408032,15.525556,73.828611,232.04,178.92999999999995,552.56,64.50933880000001,14.320400000000001,17.663600000000002,66.696,205.26319999999998,109.22920000000002,1.7583999999999997,34.6723236
2026-10-08T21:10:00.000Z,MCT2408032,15.525556,73.828611,235.76,178.92999999999995,584.2,64.71075560000003,14.398400000000004,17.5904,67.4928,208.56240000000003,111.49359999999999,1.8683999999999998,34.60025280000001
2026-10-08T21:20:00.000Z,MCT2408032,15.525556,73.828611,239.08,178.92999999999995,586.2,65.1969,14.411999999999999,17.169600000000003,67.6636,210.83880000000002,113.47599999999998,2.1319999999999997,34.3707356
2026-10-08T21:30:00.000Z,MCT2408032,15.525556,73.828611,238.88,178.92999999999995,558.24,65.3677988,14.219200000000006,17.4396,67.37800000000001,210.32600000000002,113.41959999999999,2.1976,34.2390312
2026-10-08T21:40:00.000Z,MCT2408032,15.525556,73.828611,243.6,178.92999999999995,549.12,67.0706796,13.958399999999997,17.141199999999998,68.3464,214.59240000000003,116.13959999999999,2.194,33.761121200000005
2026-10-08T21:49:44.685Z,MCT2408032,15.525556,73.828611,234.875,178.92999999999995,566,66.59432499999998,14.552083333333337,17.562083333333334,66.44833333333334,206.52583333333334,110.94875000000002,2.035416666666667,33.854124166666665
2026-10-08T21:00:00.000Z,MCT2408036,15.171567,74.067106,58.8125,120,597.5625,91.1236225,9.410625,6.039375,21.81125,64.81187500000001,34.731875,11.410625,26.82203875
2026-10-08T21:10:00.000Z,MCT2408036,15.171567,74.067106,58.375,120,595.25,91.37920624999998,8.479375,5.781875,21.645625000000003,63.9575,34.099375,11.993125,26.833433750000005
2026-10-08T21:20:00.000Z,MCT2408036,15.171567,74.067106,58.06666666666667,120,586,91.22798733333333,8.948666666666666,6.046,21.369333333333334,63.32266666666667,33.906,11.953333333333331,26.867888666666666
2026-10-08T21:30:00.000Z,MCT2408036,15.171567,74.067106,57.9375,120,591.3125,90.90332437499998,9.239374999999999,6.09875,21.15125,62.88125000000001,33.71875000000001,11.909999999999997,26.864938125000002
2026-10-08T21:40:00.000Z,MCT2408036,15.171567,74.067106,57.4375,120,588.1875,90.60482437499999,9.606249999999998,6.4243749999999995,20.886875000000003,62.11999999999999,33.40125,12.224999999999998,26.865609375000002
2026-10-08T21:49:44.707Z,MCT2408036,15.171567,74.067106,57.46666666666667,120,581.4666666666667,89.873006,9.274,6.888666666666666,20.913333333333338,61.93866666666666,33.09533333333334,11.838666666666665,27.015176666666665
2026-10-08T21:00:00.000Z,MCT2408031,15.290833,74.149167,53.0625,140,682.5,87.1301125,6.889384375000001,8.799584125,19.641250000000003,51.00375,27.680000000000007,5.2124999999999995,26.713445000000004
2026-10-08T21:10:00.000Z,MCT2408031,15.290833,74.149167,53.5,140,690,87.09959250000001,7.0437868749999994,9.1239953125,19.821250000000003,51.956250000000004,28.483750000000008,5.069375,26.617588124999994
2026-10-08T21:20:00.000Z,MCT2408031,15.290833,74.149167,53.25,140,686.125,87.15538562500001,6.8938714375,8.473234562500002,19.7025,51.41250000000001,28.036250000000003,5.2625,26.542513750000005
2026-10-08T21:30:00.000Z,MCT2408031,15.290833,74.149167,53.25,140,690.5625,87.16492312500002,6.841084125,10.0362011875,19.582500000000003,51.24749999999999,28.066875000000003,5.180625000000001,26.49559125
2026-10-08T21:40:00.000Z,MCT2408031,15.290833,74.149167,52.75,140,695.1875,87.17017000000003,6.982025875000001,9.242393687500002,19.283125,50.325624999999995,27.410625000000003,5.164374999999999,26.451350625000003
2026-10-08T21:49:44.878Z,MCT2408031,15.290833,74.149167,52.5,140,692.125,87.16301687500003,6.9489019999999995,10.425480875000002,19.284374999999997,50.16437499999999,27.291875,4.965624999999998,26.396384999999995
2026-10-08T20:50:00.000Z,MCT2408035,15.236111,74.125,42,190,606,88.64264,15.51339,6.87,12.17,36.98,19.62,3.83,27.47493
2026-10-08T21:00:00.000Z,MCT2408035,15.236111,74.125,44.9375,190,599.5,88.58398875000002,18.300663125,7.313125,12.312499999999998,36.95812500000001,19.50375,3.844999999999999,27.491686875
2026-10-08T21:10:00.000Z,MCT2408035,15.236111,74.125,44.1875,190,596.1875,88.36797875000002,17.776341875,7.435624999999999,12.264999999999999,36.93312500000001,19.503750000000004,3.8299999999999987,27.544640000000012
2026-10-08T21:20:00.000Z,MCT2408035,15.236111,74.125,44.875,190,601,88.33221687500001,18.280899375,7.31625,12.431249999999999,37.50062500000001,19.88125,3.876874999999999,27.505091874999998
2026-10-08T21:30:00.000Z,MCT2408035,15.236111,74.125,44.9375,190,608.25,88.37608624999999,18.290781250000002,7.489374999999999,12.1225,36.604375000000005,19.434375000000003,3.8299999999999987,27.3884575
2026-10-08T21:40:00.000Z,MCT2408035,15.236111,74.125,44.0625,190,590.3125,88.89059499999999,17.563590625,7.438749999999999,12.359999999999998,37.21750000000001,19.670625,3.8299999999999987,27.270480624999994
2026-10-08T21:49:44.915Z,MCT2408035,15.236111,74.125,45.2,190,598.5333333333333,88.87762399999998,18.568326666666668,7.429333333333332,12.296666666666669,36.88066666666668,19.422000000000004,3.8299999999999987,27.254707999999997
2026-10-08T20:50:00.000Z,MCT2408039,15.163611,74.110833,62,180.61,541,85.99524,13.28,10.3,19.16,63.05,26.63,2.3,26.9065
2026-10-08T21:00:00.000Z,MCT2408039,15.163611,74.110833,62.1875,169.79000000000002,550.875,86.075824375,13.32,10.3,19.091250000000002,62.98624999999999,26.3425,2.3,26.86091625
2026-10-08T21:10:00.000Z,MCT2408039,15.163611,74.110833,62.53333333333333,168.48533333333336,553.6666666666666,86.23938066666669,14.701333333333334,10.3,19.350666666666665,63.66933333333334,26.728,2.3,26.820697333333335
2026-10-08T21:20:00.000Z,MCT2408039,15.163611,74.110833,62.3125,179.9625,543.6875,86.31710437500003,13.182500000000001,10.3,19.268125,63.372499999999995,26.627499999999998,2.3,26.799247500000003
2026-10-08T21:30:00.000Z,MCT2408039,15.163611,74.110833,62.4375,182.96562500000002,557.1875,86.370035,13.1825,10.3,19.33875,63.631874999999994,26.689375,2.3,26.758359374999994
2026-10-08T21:40:00.000Z,MCT2408039,15.163611,74.110833,62.4375,176.8875,551.25,86.44728000000002,13.1225,10.3,19.375,63.56625,26.754375,2.3,26.75969875
2026-10-08T21:49:44.928Z,MCT2408039,15.163611,74.110833,62.375,173.451875,570.375,86.43202125000002,13.770625,10.3,19.268125,63.56624999999999,26.752499999999998,2.3,26.755677499999994
2026-10-08T20:50:00.000Z,MCT2408038,15.188889,74.055556,60,233.33,776,86.75818,8.64,13.33,21.06,59.64,29.76,4.63,27.52855
2026-10-08T21:00:00.000Z,MCT2408038,15.188889,74.055556,59.5625,233.32999999999996,800.4375,86.77248312500001,8.901874999999999,13.330000000000005,21.137500000000003,59.26937499999999,28.935000000000002,4.696875,27.519839374999993
2026-10-08T21:10:00.000Z,MCT2408038,15.188889,74.055556,59.3125,233.48187499999997,820.1875,86.85354687499999,9.098749999999997,13.330000000000005,21.02125,58.77187499999999,28.522500000000004,4.678124999999999,27.425994999999997
2026-10-08T21:20:00.000Z,MCT2408038,15.188889,74.055556,58.8125,233.50312499999995,844.75,86.951775,8.895624999999999,13.330000000000005,20.71125,57.90187499999998,28.281875000000003,4.676875000000001,27.299306249999997
2026-10-08T21:30:00.000Z,MCT2408038,15.188889,74.055556,58.625,233.34499999999997,841.375,87.00279500000002,9.113124999999997,13.330000000000005,20.55625,57.530624999999986,27.903750000000002,4.71,27.196071875
2026-10-08T21:40:00.000Z,MCT2408038,15.188889,74.055556,58.8125,233.33749999999995,819,87.12248187499999,9.031874999999998,13.330000000000005,20.633750000000003,57.71499999999998,28.075625000000006,4.6975,27.149150624999997
2026-10-08T21:49:44.934Z,MCT2408038,15.188889,74.055556,59.4,235.802,827.1333333333333,87.07149333333334,9.084666666666665,13.330000000000005,20.977333333333334,58.91266666666665,28.843333333333337,4.6979999999999995,27.06236733333334
2026-10-08T21:00:00.000Z,MCT2408026,15.2467,74.198281,117.84,125,585.36,82.85772679999997,13.0052972,12.5,30.4368,93.654,48.95000000000001,50.2384,28.653399199999996
2026-10-08T21:10:00.000Z,MCT2408026,15.2467,74.198281,117.95833333333333,125,603.25,82.96096625,13.094181666666666,12.5,30.207916666666677,93.00416666666665,48.69874999999999,50.418749999999996,28.565758749999997
2026-10-08T21:20:00.000Z,MCT2408026,15.2467,74.198281,117.84,125.092392,594.64,82.85131959999998,13.018992800000001,12.5,30.0204,92.4552,48.4484,50.256,28.521268400000004
2026-10-08T21:30:00.000Z,MCT2408026,15.2467,74.198281,118,125,589.6666666666666,83.2709095833333,13.063833750000006,12.5,29.77499999999999,91.95541666666668,48.297083333333326,50.55000000000001,28.350365
2026-10-08T21:40:00.000Z,MCT2408026,15.2467,74.198281,118,125,589.5714285714286,83.76927238095234,13.105465714285716,12.5,29.888095238095243,92.1047619047619,48.21761904761905,50.471428571428575,28.098004285714286
2026-10-08T21:49:44.949Z,MCT2408026,15.2467,74.198281,117.95833333333333,125,593.875,84.12635541666666,13.099901250000002,12.5,29.262916666666666,90.86750000000002,48.01625000000001,50.506250000000016,27.923147916666675
2026-10-09T00:40:00.000Z,MCT2408028,15.186944,74.096667,107.81818181818181,218.3163636363637,614.3636363636364,88.94989545454548,19.96318181818182,11.746363636363638,36.59545454545456,112.8563636363636,60.642727272727285,2.7813636363636367,25.403519999999993
2026-10-09T00:50:00.000Z,MCT2408028,15.186944,74.096667,108.56,216.5716,608.96,88.9398804,19.782799999999998,11.8552,37.435600000000015,115.14279999999997,61.756000000000014,3.1764000000000006,25.371519999999997
2026-10-09T01:00:00.000Z,MCT2408028,15.186944,74.096667,113.16,214.99519999999995,613,88.88708479999997,19.766399999999994,11.8224,40.630800000000015,124.72839999999997,66.72639999999997,2.6908,25.3479252
2026-10-09T01:10:00.000Z,MCT2408028,15.186944,74.096667,123.8,213.59560000000002,610.52,88.80957000000001,19.815999999999995,11.8224,45.703200000000024,139.52439999999996,74.24319999999996,2.9447999999999994,25.347066400000003
2026-10-09T01:20:00.000Z,MCT2408028,15.186944,74.096667,123.4,213.04919999999998,608.56,88.8449696,19.889999999999997,11.724,45.464400000000026,139.00879999999998,74.04279999999999,2.7708,25.354359999999993
2026-10-09T01:30:00.000Z,MCT2408028,15.186944,74.096667,122.48,214.04280000000003,611.52,88.61242759999999,19.8788,11.664000000000001,45.104800000000026,137.8932,73.44719999999995,2.6200000000000006,25.46847520000001
2026-10-09T01:30:26.868Z,MCT2408028,15.186944,74.096667,114,208.44,611,88.30695,19.33,11.56,42.95,130.26,68.6,3.05,25.57658
2026-10-09T00:40:00.000Z,MCT2408020,15.543475,74.039433,97.4375,180,720.0625,87.63937437499999,8.893310687500001,18.696975000000002,32.818124999999995,98.204375,50.594375,3.6599999999999984,26.265673749999994
2026-10-09T00:50:00.000Z,MCT2408020,15.543475,74.039433,98.125,180,711.8125,87.76096624999998,8.928162875,18.694451249999997,32.9325,98.43875,50.825625,3.6599999999999984,26.1986425
2026-10-09T01:00:00.000Z,MCT2408020,15.543475,74.039433,97.875,180,704.1875,87.57213875000002,9.034410250000002,18.267883125,32.46937499999999,97.68125000000002,50.59374999999999,3.6599999999999984,26.183895625000005
2026-10-09T01:10:00.000Z,MCT2408020,15.543475,74.039433,101.625,180,708.1875,87.57213812500001,8.806440125,18.530773749999998,35.71500000000001,106.9425,55.46937500000001,3.6599999999999984,26.17049
2026-10-09T01:20:00.000Z,MCT2408020,15.543475,74.039433,99.75,180,700.3125,87.72710999999997,8.851826062499999,18.356998124999997,34.03375,101.99187500000001,52.74,3.6599999999999984,26.222103125
2026-10-09T01:30:00.000Z,MCT2408020,15.543475,74.039433,99.1875,180,675.875,87.65034062500003,8.689138937500001,18.233126875000004,33.455625,100.82625000000002,52.389375,3.6599999999999984,26.399066875
2026-10-09T00:40:00.000Z,MCT2408057,15.272222,74.104722,69.75,304.27666666666676,575.8333333333334,85.49901041666669,11.975416666666668,9.639583333333334,25.70041666666666,73.62250000000002,37.91250000000001,2.6145833333333335,27.731434583333325
2026-10-09T00:50:00.000Z,MCT2408057,15.272222,74.104722,68.44,302.64920000000006,587.8,85.53106680000002,12.0348,9.702000000000002,24.76839999999999,70.768,36.41760000000001,2.5811999999999995,27.7074444
2026-10-09T01:00:00.000Z,MCT2408057,15.272222,74.104722,67.68,305.13680000000005,591.68,85.42517040000003,12.095999999999998,9.717600000000003,24.267999999999997,69.29759999999999,35.55319999999999,2.8036000000000003,27.641810000000007
2026-10-09T01:10:00.000Z,MCT2408057,15.272222,74.104722,78.8,275.5708000000001,574,85.56433120000001,12.0648,9.616800000000001,32.37200000000001,91.89200000000001,46.8896,2.85,27.503242799999995
2026-10-09T01:20:00.000Z,MCT2408057,15.272222,74.104722,86.12,259.44200000000006,566.16,85.4447028,11.9424,9.747600000000004,37.5204,106.72879999999999,54.5268,2.5588,27.528982000000006
2026-10-09T01:30:00.000Z,MCT2408057,15.272222,74.104722,82.76,245.81199999999998,559.2,85.37908879999999,11.9364,9.786800000000001,35.495200000000004,100.64479999999999,51.2284,2.5912,27.583035999999993
2026-10-09T01:30:26.906Z,MCT2408057,15.272222,74.104722,71,283.6,555,85.39252,11.69,9.9,26.22,75.77,39.3,2.6,27.61435
2026-10-09T00:40:00.000Z,MCT2408056,15.579167,73.920833,125.0625,180,549.3125,88.871044375,6.755624999999999,9,42.519375,128.3025,70.99249999999998,1.6706249999999996,26.372252500000005
2026-10-09T00:50:00.000Z,MCT2408056,15.579167,73.920833,125.875,180,545.0625,88.69986062499999,6.763125000000001,9.2102401875,42.871874999999996,129.2125,71.46187499999999,1.6306249999999998,26.295167500000005
2026-10-09T01:00:00.000Z,MCT2408056,15.579167,73.920833,126.25,180,555.625,88.66123812499998,6.703124999999999,9.1360033125,42.57749999999999,128.58625,71.28499999999998,1.6074999999999997,26.20534500000001
2026-10-09T01:10:00.000Z,MCT2408056,15.579167,73.920833,125.125,180,557.5625,88.81477687499998,6.823125,9,42.345625000000005,127.27625,70.173125,1.7393749999999997,26.145683750000003
2026-10-09T01:20:00.000Z,MCT2408056,15.579167,73.920833,127.5,180,552.375,88.94161499999998,6.621875,9,43.105624999999996,129.554375,71.519375,1.6412499999999999,26.137642499999995
2026-10-09T01:30:00.000Z,MCT2408056,15.579167,73.920833,132.125,180,552.3125,89.01552562500002,6.578749999999999,9,44.92375,134.678125,74.273125,1.6106249999999998,26.262321250000003
2026-10-09T00:40:00.000Z,MCT2408055,15.585833,73.885556,86.1875,49.810625,889.5625,87.98508187499996,9.631249999999998,4.785625000000001,30.945000000000007,88.526875,48.31312499999999,23.405,26.079323125
2026-10-09T00:50:00.000Z,MCT2408055,15.585833,73.885556,86.26666666666667,54.66133333333333,826.2,87.75915466666666,9.646666666666667,4.640666666666666,30.910000000000004,88.68399999999998,48.57933333333333,23.401333333333337,26.10425666666667
2026-10-09T01:00:00.000Z,MCT2408055,15.585833,73.885556,84.8125,63.2525,849.4375,87.76716437499998,9.549374999999998,4.465,30.026249999999997,85.89625,46.990625,23.366875,26.042455625
2026-10-09T01:10:00.000Z,MCT2408055,15.585833,73.885556,84.8125,65.01750000000001,858.1875,87.777178125,9.710625000000002,4.52,29.982499999999998,85.93750000000001,47.07687500000001,23.49125,26.014971874999997
2026-10-09T01:20:00.000Z,MCT2408055,15.585833,73.885556,90.5625,47.98125000000001,863.0625,88.03038,9.52125,4.630000000000001,34.093125,97.12062499999999,52.999375,23.407500000000002,25.994191250000004
2026-10-09T01:30:00.000Z,MCT2408055,15.585833,73.885556,91,47.491249999999994,840.1875,88.09379999999999,9.571874999999999,4.795,34.2675,98.026875,53.63875,23.34,26.047146249999997
2026-10-09T01:30:26.939Z,MCT2408055,15.585833,73.885556,90,49.84,851,88.03229,9.7,3.99,33.57,96.05,52.49,23.3,26.06994
2026-10-09T00:40:00.000Z,MCT2408052,15.444425,74.063856,56.785714285714285,160,684.9285714285714,88.08078928571426,24.227314285714282,8,14.14357142857143,40.64,19.774285714285714,2,27.122530000000005
2026-10-09T00:50:00.000Z,MCT2408052,15.444425,74.063856,56.8125,160,675.75,88.30980749999999,24.17951375,8,14.8,41.961875,20.108125,2,27.021790625
2026-10-09T01:00:00.000Z,MCT2408052,15.444425,74.063856,56.6875,160,678.8125,88.6502675,24.1239,8,14.696875000000004,42.048750000000005,20.346875,2,26.927948125
2026-10-09T01:10:00.000Z,MCT2408052,15.444425,74.063856,56.8125,160,669.3125,88.94113937500002,24.199294374999997,8,14.821250000000001,42.305,20.41125,2,26.935991875000006
2026-10-09T01:20:00.000Z,MCT2408052,15.444425,74.063856,56.9375,160,667.1875,89.04413812499999,24.275435624999997,8,16.2025,46.164375,22.222499999999997,2,27.0144175
2026-10-09T01:30:00.000Z,MCT2408052,15.444425,74.063856,56.75,160,657.3125,89.09468125,24.217584375,8,15.533749999999998,44.54625,21.595624999999995,2,27.10625
2026-10-09T01:30:27.107Z,MCT2408052,15.444425,74.063856,57,160,671,89.16907,24.30175,8,15.39,43.79,21.06,2,27.15317
2026-10-09T00:40:00.000Z,MCT2408053,15.263333,74.110833,110.13333333333334,116.84459333333331,839.7333333333333,91.74729599999999,12.932,24.488666666666663,31.03666666666667,102.60933333333334,64.37399999999998,37.66733333333334,26.252268
2026-10-09T00:50:00.000Z,MCT2408053,15.263333,74.110833,105.9375,129.74801875,825.3125,91.710133125,10.807500000000001,25.473749999999995,29.153750000000002,94.736875,58.658749999999976,37.71625,26.167136250000002
2026-10-09T01:00:00.000Z,MCT2408053,15.263333,74.110833,115.8125,110.08234999999999,850.25,91.98240687500001,10.063125,24.083124999999995,33.2875,110.65875000000001,69.86687500000001,37.614375,26.094739999999994
2026-10-09T01:10:00.000Z,MCT2408053,15.263333,74.110833,107,110,813.0625,91.93710875000001,6.327500000000001,23.375624999999996,30.41625,99.90250000000002,62.46499999999999,37.765625,26.091389999999993
2026-10-09T01:20:00.000Z,MCT2408053,15.263333,74.110833,112,110,856.375,92.11067687499998,6.229375000000001,21.050624999999997,31.909375,107.013125,67.96375000000002,37.683125000000004,26.123564375
2026-10-09T01:30:00.000Z,MCT2408053,15.263333,74.110833,109.375,118.6606125,859.5625,91.70631875000001,6.887499999999999,21.958750000000002,31.449999999999996,104.70375,66.060625,37.529375,26.386329375
2026-10-09T01:30:27.106Z,MCT2408053,15.263333,74.110833,113,110,779,91.12219,8.7,19.81,33.06,109.87,68.81,38.19,26.59547
2026-10-09T00:40:00.000Z,MCT2408021,15.500556,74.053333,54.8,375,568.7333333333333,85.36861133333333,20.739999999999995,14.348009999999999,19.175333333333338,56.05933333333335,34.001333333333335,4.252666666666667,26.229388000000004
2026-10-09T00:50:00.000Z,MCT2408021,15.500556,74.053333,55.0625,375,579.6875,85.786385,20.808750000000003,14.417753750000001,19.733125000000005,56.84937500000001,34.076874999999994,4.27125,26.122893124999997
2026-10-09T01:00:00.000Z,MCT2408021,15.500556,74.053333,62.75,375,577.3125,86.18454312499998,21.091875,14.689915624999998,22.293750000000003,68.53375,43.094375,4.335625,26.031059374999998
2026-10-09T01:10:00.000Z,MCT2408021,15.500556,74.053333,57.875,375,561.875,86.47636750000001,20.919999999999998,14.80643,20.80375,61.25,37.2625,4.37125,26.017653125
2026-10-09T01:20:00.000Z,MCT2408021,15.500556,74.053333,72.9375,375,556.5625,86.1363825,21.099375000000002,14.650785000000004,28.065625,87.445,55.475625,4.225625000000001,26.17786
2026-10-09T01:30:00.000Z,MCT2408021,15.500556,74.053333,56.8125,375,571.4375,85.408729375,21.245,15.22222625,20.358125,59.51250000000001,36.010625,4.3256250000000005,26.615578749999997
2026-10-09T01:30:27.143Z,MCT2408021,15.500556,74.053333,55,375,565,84.36255,21.44,15.5552,19.05,56.09,34.29,4.42,26.96012
2026-10-09T00:40:00.000Z,MCT2408043,15.221111,74.087222,126.33333333333333,159.38466666666667,737.0666666666667,86.68544599999998,14.187999999999995,9.967333333333334,45.67733333333333,136.64666666666665,69.69066666666667,5.290000000000001,26.360232000000003
2026-10-09T00:50:00.000Z,MCT2408043,15.221111,74.087222,119.625,163.778125,715.4375,86.76056250000002,14.231249999999998,10.139999999999999,42.2675,127.139375,65.17375,5.290000000000001,26.370912499999996
2026-10-09T01:00:00.000Z,MCT2408043,15.221111,74.087222,116.125,161.92562500000003,754.4375,86.62990937499998,14.203749999999996,10.18,39.97187499999999,119.415,61.24999999999999,5.290000000000001,26.301200625000007
2026-10-09T01:10:00.000Z,MCT2408043,15.221111,74.087222,118.73333333333333,158.618,734.0666666666667,86.63203933333332,14.252666666666665,10.100666666666665,42.46866666666666,126.3453333333333,64.22266666666665,5.290000000000001,26.27300333333333
2026-10-09T01:20:00.000Z,MCT2408043,15.221111,74.087222,119.875,148.93624999999997,752.5,86.76580812499999,14.246874999999996,10.131874999999999,42.74249999999999,128.10500000000002,65.654375,5.290000000000001,26.279749999999996
2026-10-09T01:30:00.000Z,MCT2408043,15.221111,74.087222,118.2,145.51000000000002,745.8,86.67883200000003,14.24533333333333,10.204,41.961999999999996,124.8013333333333,63.454,5.290000000000001,26.390976666666667
2026-10-09T01:30:27.144Z,MCT2408043,15.221111,74.087222,118,142.34,768,86.60559,14.26,9.9,41.79,123.6,62.77,5.29,26.41314
2026-10-09T00:40:00.000Z,MCT2408051,15.486528,74.033889,63.6875,258.9925,564.4375,93.43819125000002,22.16,5.1899999999999995,21.454375,66.38374999999999,35.70375,4.39,26.056531249999995
2026-10-09T00:50:00.000Z,MCT2408051,15.486528,74.033889,64.3125,256.438125,569.625,93.06768875,22.26125,5.1899999999999995,21.688124999999996,67.74437499999999,36.714375000000004,4.4243749999999995,25.88292
2026-10-09T01:00:00.000Z,MCT2408051,15.486528,74.033889,78.4375,246.43624999999994,554.5,93.21932187499999,21.750625000000003,5.1899999999999995,30.549999999999994,96.528125,52.73687500000001,4.39,25.678476249999996
2026-10-09T01:10:00.000Z,MCT2408051,15.486528,74.033889,63,257.066875,558.875,92.95467687499998,22.0275,5.1899999999999995,20.676874999999995,63.82062499999999,34.26562500000001,4.39,25.655015625
2026-10-09T01:20:00.000Z,MCT2408051,15.486528,74.033889,63.3125,256.09,555,92.92129750000001,22.15375,5.1899999999999995,20.909374999999997,64.48124999999999,34.53687500000001,4.39,25.709310000000006
2026-10-09T01:30:00.000Z,MCT2408051,15.486528,74.033889,62,246.37062500000005,596.6875,93.5864875,22.344375,5.1899999999999995,20.17125,62.188749999999985,33.410000000000004,4.396875,25.627527500000006
2026-10-09T00:40:00.000Z,MCT2408050,15.553611,73.958333,100.13333333333334,86.02999999999999,628.2,91.80426000000001,11.156,4.582666666666666,32.00866666666666,100.47133333333335,53.57999999999999,3.336,25.386392666666666
2026-10-09T00:50:00.000Z,MCT2408050,15.553611,73.958333,100.3125,86.02999999999999,652.0625,91.91374249999998,11.037500000000001,4.715625000000001,32.019999999999996,100.68624999999999,53.845625000000005,3.2649999999999997,25.28164375
2026-10-09T01:00:00.000Z,MCT2408050,15.553611,73.958333,100.375,86.02999999999999,662.5625,92.309994375,11.193124999999998,4.546875,32.1275,100.740625,53.739375,3.4831250000000002,25.110713124999997
2026-10-09T01:10:00.000Z,MCT2408050,15.553611,73.958333,100.9375,86.02999999999999,633.0625,92.53363062499999,11.091875000000003,4.569375,32.60375,102.45625000000001,54.801874999999995,3.26,25.067811875
2026-10-09T01:20:00.000Z,MCT2408050,15.553611,73.958333,100.25,86.02999999999999,656.25,92.19459875000001,11.054375,4.576874999999999,32.126875,100.15,53.155,3.458125,25.165010625
2026-10-09T01:30:00.000Z,MCT2408050,15.553611,73.958333,100.8125,86.02999999999999,656.1875,91.94187812499997,11.223125,4.5218750000000005,32.55,101.6525,54.058125,3.1199999999999997,25.258183750000004
2026-10-09T01:30:27.335Z,MCT2408050,15.553611,73.958333,100,86.03,667,91.99194,10.13,3.97,31.39,99.61,53.58,3.56,25.31918
2026-10-09T00:40:00.000Z,MCT2408034,15.356389,74.123611,100.34782608695652,180,607.695652173913,75.1150591304348,6.150000000000002,4.425652173913044,34.67391304347826,109.60260869565214,58.50043478260869,1.1886956521739127,30.54510217391305
2026-10-09T00:50:00.000Z,MCT2408034,15.356389,74.123611,93.92,180,610.08,75.0513304,6.150000000000002,3.9512000000000005,30.771600000000007,95.05799999999998,49.6972,1.2335999999999998,30.544449599999993
2026-10-09T01:00:00.000Z,MCT2408034,15.356389,74.123611,94.54166666666667,180,604.3333333333334,75.10396208333331,6.150000000000002,3.962499999999999,31.065416666666664,96.20541666666668,50.475833333333355,1.2783333333333329,30.43818
2026-10-09T01:10:00.000Z,MCT2408034,15.356389,74.123611,93.92,180,603.44,75.19232159999997,6.150000000000002,4.713599999999999,30.771200000000004,94.98280000000003,49.62080000000001,1.2443999999999995,30.332950399999994
2026-10-09T01:20:00.000Z,MCT2408034,15.356389,74.123611,93.45833333333333,180,599.0416666666666,75.24637624999998,6.150000000000002,4.449166666666667,30.42125,94.09541666666668,49.22750000000001,1.1620833333333331,30.31260875
2026-10-09T01:30:00.000Z,MCT2408034,15.356389,74.123611,93.4,180,600.24,75.09832839999997,6.150000000000002,4.127999999999999,30.771600000000003,94.23399999999998,48.834800000000016,1.2167999999999999,30.3818568
2026-10-09T01:30:27.335Z,MCT2408034,15.356389,74.123611,100,180,605,75.11572,6.15,2.89,34.63,106.91,56.26,1.11,30.4565
2026-10-09T00:40:00.000Z,MCT2408023,15.499722,74.020833,182.06666666666666,184.89199999999997,524.2,92.03415866666666,8.904666666666666,19.942,40.98266666666665,125.38000000000001,76.66666666666667,4.947333333333333,25.40641133333333
2026-10-09T00:50:00.000Z,MCT2408023,15.499722,74.020833,182.6875,178.99937500000001,517.1875,91.89228374999999,8.646874999999998,21.322499999999998,41.194374999999994,125.77625000000003,76.58812499999999,5.39625,25.26757
2026-10-09T01:00:00.000Z,MCT2408023,15.499722,74.020833,185.375,177.58562499999996,516.5625,91.8698725,8.694375,21.475,41.510625,127.51687500000001,78.12875,5.75875,25.226679374999996
2026-10-09T01:10:00.000Z,MCT2408023,15.499722,74.020833,182.5,193.30812500000002,507.3125,91.540855,8.806249999999999,21.498125,40.639375,124.74687499999999,76.49749999999999,5.971250000000001,25.235394375000006
2026-10-09T01:20:00.000Z,MCT2408023,15.499722,74.020833,182.5,192.35000000000002,511.8125,91.659585625,8.928125,20.907500000000002,40.63937500000001,124.74687499999997,76.49750000000002,5.750000000000001,25.225338125
2026-10-09T01:30:00.000Z,MCT2408023,15.499722,74.020833,181.3125,182.45562500000005,514.5625,91.77975062499998,8.65875,20.741875,40.55999999999999,124.19187499999998,75.7725,5.179375,25.335940624999996
2026-10-09T01:30:27.381Z,MCT2408023,15.499722,74.020833,188,187.51,511,91.55707,8.51,19.64,41.83,129.18,79.76,5.13,25.51223
2026-10-09T00:40:00.000Z,MCT2408030,15.142519,74.075003,90.13333333333334,163,655.9333333333333,81.777706,9.286,6.200000000000002,31.805333333333337,93.37266666666663,50.80066666666667,4.515333333333333,26.05420733333334
2026-10-09T00:50:00.000Z,MCT2408030,15.142519,74.075003,92.625,163,659.1875,81.76664562500002,9.303125000000001,6.200000000000002,33.096875000000004,98.026875,53.78000000000001,4.48375,26.050497500000002
2026-10-09T01:00:00.000Z,MCT2408030,15.142519,74.075003,90.86666666666666,163,635.4666666666667,81.82145133333337,9.360000000000001,6.200000000000002,31.741333333333337,94.89066666666668,52.56933333333334,4.563333333333333,26.033471999999996
2026-10-09T01:10:00.000Z,MCT2408030,15.142519,74.075003,95.78571428571429,163,647.2857142857143,81.74076071428571,9.322142857142856,6.200000000000002,35.145,104.405,57.404999999999994,4.529999999999999,26.11207357142857
2026-10-09T01:20:00.000Z,MCT2408030,15.142519,74.075003,101.3125,163,656.9375,81.62550124999999,9.143749999999999,6.200000000000002,39.539375,116.61687500000001,63.54187499999999,4.604374999999999,26.149035625
2026-10-09T01:30:00.000Z,MCT2408030,15.142519,74.075003,98.73333333333333,163,645.8,81.63529266666667,9.088,6.200000000000002,37.48733333333334,111.67999999999998,61.46600000000001,4.496666666666665,26.225812666666666
2026-10-09T01:30:27.381Z,MCT2408030,15.142519,74.075003,98,163,636,81.68463,9.11,6.2,36.55,108.58,59.64,4.56,26.27372
2026-10-09T00:40:00.000Z,MCT2408027,15.275556,74.1075,109.93333333333334,664.704,681.8666666666667,90.2422673333333,6.579999999999999,12.985999999999997,38.198666666666675,116.83933333333333,62.31800000000001,2.9500000000000006,26.606192000000004
2026-10-09T00:50:00.000Z,MCT2408027,15.275556,74.1075,108.25,661.9606249999999,673,90.21810937499998,6.579999999999999,12.993124999999996,37.106249999999996,112.061875,59.10187499999999,2.9500000000000006,26.545195000000007
2026-10-09T01:00:00.000Z,MCT2408027,15.275556,74.1075,108,658.31125,667.75,90.37641749999999,6.579999999999999,12.934375000000001,36.735,111.75312500000001,59.16374999999999,2.9500000000000006,26.50899937500001
2026-10-09T01:10:00.000Z,MCT2408027,15.275556,74.1075,108.375,662.1456250000001,667.75,90.38881624999999,6.579999999999999,12.848749999999999,36.674375,112.24687499999999,59.84312500000001,2.9500000000000006,26.509670000000007
2026-10-09T01:20:00.000Z,MCT2408027,15.275556,74.1075,108.375,658.140625,644.9375,90.3368375,6.579999999999999,12.91,37.292500000000004,112.49312500000002,59.41062500000001,2.9500000000000006,26.515031250000003
2026-10-09T01:30:00.000Z,MCT2408027,15.275556,74.1075,108.3125,650.8043749999999,663.0625,90.18759124999998,6.579999999999999,12.464374999999997,36.921875,111.44687499999996,58.794999999999995,2.9500000000000006,26.661829374999996
2026-10-09T01:30:27.404Z,MCT2408027,15.275556,74.1075,106,652.3,694,90.41266,6.58,12.2,34.52,105.47,56.32,2.95,26.71345
2026-10-09T00:40:00.000Z,MCT2408049,15.475278,74.055833,79.46666666666667,153.54711333333336,516.8666666666667,86.11934466666668,24.100666666666665,15.459999999999999,27.701333333333327,80.18,40.56133333333333,2.61,26.061358000000002
2026-10-09T00:50:00.000Z,MCT2408049,15.475278,74.055833,79.4375,151.74886249999997,517.9375,85.97664187500001,24.099375,16.053125,27.696250000000006,79.91000000000001,40.18437499999999,2.61,26.064574375000007
2026-10-09T01:00:00.000Z,MCT2408049,15.475278,74.055833,81.125,151.77610625,517.625,85.89414999999998,24.24125,15.453750000000001,28.99,83.451875,42.101250000000014,2.61,26.038433124999997
2026-10-09T01:10:00.000Z,MCT2408049,15.475278,74.055833,80.5625,154.33763749999997,518.1875,86.00525437499998,23.99875,16.899375000000003,28.366875000000004,82.49437500000002,41.909375,2.61,26.021673749999998
2026-10-09T01:20:00.000Z,MCT2408049,15.475278,74.055833,79.875,155.7458625,520.125,86.05150687500002,23.981875,16.013125,27.886874999999996,80.77,40.950624999999995,2.61,26.05519125
2026-10-09T01:30:00.000Z,MCT2408049,15.475278,74.055833,81.75,151.59283125000002,515.3125,86.132568125,24.535624999999992,16.47375,29.228125000000002,84.025625,42.485,2.61,26.168476875
2026-10-09T00:40:00.000Z,MCT2408040,15.528056,74.020833,20.466666666666665,100,600,88.61568133333334,7.638000000000001,4.724,6.789999999999998,19.813333333333333,9.445333333333334,3.5,25.903342000000002
2026-10-09T00:50:00.000Z,MCT2408040,15.528056,74.020833,20.375,100,621.25,88.82002187500002,7.511249999999999,4.7524999999999995,6.766875,19.671875000000004,9.345,3.5,25.7689675
2026-10-09T01:00:00.000Z,MCT2408040,15.528056,74.020833,20.875,100,594,88.94781437500001,7.68,4.73375,6.9425,20.48125,9.86875,3.5,25.748860000000008
2026-10-09T01:10:00.000Z,MCT2408040,15.528056,74.020833,20.75,100,599.375,88.87915062500002,7.672499999999999,4.668749999999999,6.905,20.043750000000003,9.556875,3.5,25.79511
2026-10-09T01:20:00.000Z,MCT2408040,15.528056,74.020833,20.9375,100,588.5625,88.875335,7.524375000000001,4.679375,7.0175,20.612499999999997,9.923125,3.5,25.85409812499999
2026-10-09T01:30:00.000Z,MCT2408040,15.528056,74.020833,21,100,580.1875,88.91491562499999,7.575624999999999,4.664375,7.067500000000001,20.83125,10.091249999999999,3.5,25.92716
2026-10-09T00:40:00.000Z,MCT2408046,15.529167,74.07,72.26086956521739,95.52,725.8260869565217,83.93430782608696,13.450869565217394,0.49565217391304356,23.91347826086956,72.40782608695652,35.81913043478261,3.965652173913044,27.0850904347826
2026-10-09T00:50:00.000Z,MCT2408046,15.529167,74.07,73.03846153846153,95.52,733.3076923076923,83.90859923076927,13.456923076923077,0.5823076923076924,24.53461538461538,73.92461538461538,36.33884615384615,3.898461538461539,27.024884615384607
2026-10-09T01:00:00.000Z,MCT2408046,15.529167,74.07,73.56,95.52,740.84,83.93011439999997,13.465600000000002,0.5563999999999999,24.807999999999996,75.01519999999998,37.212399999999995,3.9824000000000006,26.983716799999982
2026-10-09T01:10:00.000Z,MCT2408046,15.529167,74.07,73.84,95.52,723.64,84.01281679999997,13.480400000000005,0.4512,25.035999999999994,75.7268,37.623200000000004,3.9432000000000005,26.9691308
2026-10-09T01:20:00.000Z,MCT2408046,15.529167,74.07,73.76,95.52,714.88,83.80529680000004,13.497600000000002,0.4572000000000001,24.9104,75.5488,37.42959999999999,3.890400000000001,27.0506412
2026-10-09T01:30:00.000Z,MCT2408046,15.529167,74.07,77.875,95.52,719.5833333333334,83.70006291666668,13.452916666666665,0.4079166666666667,27.659166666666668,83.60249999999999,41.40958333333333,3.782916666666667,27.141106249999996
2026-10-09T01:30:27.607Z,MCT2408046,15.529167,74.07,84.5,95.52,721.5,83.51568499999999,13.41,0.325,32.56,97.21000000000001,47.79,3.5250000000000004,27.24434
2026-10-09T00:40:00.000Z,MCT2408044,15.313669,74.140042,48.4,214.29,553.2,95.20696999999998,11.264666666666669,3.329333333333333,17.357333333333333,46.56666666666667,26.993333333333332,4.5290596,24.797227333333336
2026-10-09T00:50:00.000Z,MCT2408044,15.313669,74.140042,48.625,214.29,565.125,95.48859062499997,11.334999999999999,3.3581250000000002,17.35125,46.84375,27.299999999999997,4.240865375,24.69444625
2026-10-09T01:00:00.000Z,MCT2408044,15.313669,74.140042,48.5625,214.29,574.125,95.52721500000003,11.296250000000002,3.32,17.530625,46.9375,27.232500000000005,4.155929499999999,24.679700625
2026-10-09T01:10:00.000Z,MCT2408044,15.313669,74.140042,50.6875,214.29,576.4375,95.28450437499998,11.200625000000002,3.32875,19.218124999999997,50.96875,29.257500000000004,4.1852563125,24.759466249999996
2026-10-09T01:20:00.000Z,MCT2408044,15.313669,74.140042,50.6,214.29,574.6666666666666,94.92976866666667,11.144000000000002,3.32,19.041999999999998,50.9,29.334,4.128205066666667,24.882313333333336
2026-10-09T01:30:00.000Z,MCT2408044,15.313669,74.140042,53,214.29,579.3125,94.45099312499998,11.1525,3.364375,20.5425,55.90625,32.73375,3.7661857499999996,25.18713
2026-10-09T01:30:27.608Z,MCT2408044,15.313669,74.140042,53,214.29,588,93.97559,11.2,3.32,20.69,56.5,32.97,3.841026,25.45861
2026-10-09T00:40:00.000Z,MCT2408037,15.394444,74.118333,81.6,160,540.7333333333333,86.08272466666666,10.388,14.351333333333333,24.92733333333333,83.41066666666667,40.47000000000001,3.6879999999999997,26.54899266666667
2026-10-09T00:50:00.000Z,MCT2408037,15.394444,74.118333,80.5625,160,540.75,86.03147874999999,10.168125,14.351875000000003,24.48375,81.26312500000002,39.16062500000001,3.9,26.57602875
2026-10-09T01:00:00.000Z,MCT2408037,15.394444,74.118333,80.125,160,546.3125,85.92991187499999,10.4425,14.333750000000002,24.159999999999997,80.29250000000002,38.74125000000001,3.8968749999999996,26.582732499999995
2026-10-09T01:10:00.000Z,MCT2408037,15.394444,74.118333,79.25,160,547.6875,85.97521125,10.319375,14.352500000000001,23.787500000000005,78.81,37.946250000000006,4.01375,26.515700000000002
2026-10-09T01:20:00.000Z,MCT2408037,15.394444,74.118333,79.125,160,549.6875,86.02051437499999,10.151875,14.351875000000001,23.648125,78.4,37.760625000000005,3.971875,26.529778124999993
2026-10-09T01:30:00.000Z,MCT2408037,15.394444,74.118333,79.6875,160,554.6875,86.06056624999998,10.174375,14.402500000000002,24.065624999999997,79.67875000000002,38.368125000000006,3.9968749999999997,26.5398325
2026-10-09T01:30:27.630Z,MCT2408037,15.394444,74.118333,82,160,551,86.07153,10.67,14.36,25.27,83.41,39.72,3.96,26.57402
2026-10-09T00:40:00.000Z,MCT2408041,15.224628,74.171389,85.4375,337.80894374999997,617.0625,89.083235625,13.806249999999999,9.7,26.984375000000004,80.13937499999997,41.35124999999999,7.946875,25.785053125
2026-10-09T00:50:00.000Z,MCT2408041,15.224628,74.171389,87.3125,304.51056875,605.0625,89.22151750000003,13.759999999999998,9.7,28.300000000000004,83.68374999999999,42.969375,7.865625,25.716009999999997
2026-10-09T01:00:00.000Z,MCT2408041,15.224628,74.171389,88.6875,213.6511625,631.5,89.07465375000004,13.796874999999998,9.7,29.310625,86.2675,44.131249999999994,7.774374999999999,25.70327625
2026-10-09T01:10:00.000Z,MCT2408041,15.224628,74.171389,90.9375,178.64256874999998,608,89.21007500000002,13.848125,9.7,30.879375000000007,91.08000000000001,46.709375,7.778124999999999,25.697916249999995
2026-10-09T01:20:00.000Z,MCT2408041,15.224628,74.171389,86.8125,227.60618125,621.6875,89.22962375,13.875624999999996,9.7,27.945625000000007,82.569375,42.311875,7.898125,25.742154375000005
2026-10-09T01:30:00.000Z,MCT2408041,15.224628,74.171389,85.6875,219.96731875,617.375,88.75231124999999,13.998125000000002,9.7,27.138125000000002,80.3925,41.35124999999999,7.7749999999999995,26.132278750000005
2026-10-09T00:40:00.000Z,MCT2408042,15.213889,74.071667,104,225.66214285714287,569.9285714285714,88.77724357142857,25.97857142857143,14.381428571428572,35.620000000000005,105.46714285714286,54.33785714285714,3.6842857142857137,26.940972142857152
2026-10-09T00:50:00.000Z,MCT2408042,15.213889,74.071667,104.625,219.383125,571.4375,88.7213175,26.069999999999997,14.701875000000003,36.400000000000006,107.84374999999999,55.631874999999994,3.5106249999999997,26.893761250000004
2026-10-09T01:00:00.000Z,MCT2408042,15.213889,74.071667,107.5625,190.99375000000003,581.3125,88.95878249999998,25.749999999999996,14.181875,39.69875,116.56562500000003,59.390625,3.671875,26.797236249999997
2026-10-09T01:10:00.000Z,MCT2408042,15.213889,74.071667,106.625,193.84250000000003,569.5625,89.07989937499997,25.756249999999998,14.473125000000001,38.675000000000004,114.056875,58.366875,3.5456249999999994,26.766403125
2026-10-09T01:20:00.000Z,MCT2408042,15.213889,74.071667,108.1875,135.489375,593.1875,89.11470749999998,25.51,14.513125000000002,40.096875000000004,118.16125000000002,60.415625000000006,3.470625,26.8408075
2026-10-09T01:30:00.000Z,MCT2408042,15.213889,74.071667,109.875,116.98812499999998,601.5625,88.977378125,25.150000000000006,14.66625,41.86,123.74562499999999,63.49062500000001,3.220625,27.090163125
2026-10-09T00:40:00.000Z,MCT2408033,15.346944,74.007778,69.73333333333333,110,562.2666666666667,88.79014133333332,7.747333333333333,3.9746666666666663,30.140666666666668,78.084,47.57000000000001,4.39,27.84244266666667
2026-10-09T00:50:00.000Z,MCT2408033,15.346944,74.007778,68.625,110,572.8125,88.93446374999998,8.0725,3.7999999999999994,29.20375,75.831875,46.3975,4.39,27.784614375
2026-10-09T01:00:00.000Z,MCT2408033,15.346944,74.007778,66.6875,110,582.9375,89.11375312499999,7.758749999999999,3.689375,27.8025,72.11437499999998,44.045,4.39,27.761150000000004
2026-10-09T01:10:00.000Z,MCT2408033,15.346944,74.007778,67,110,577.5625,89.15905249999997,8.18625,3.8293749999999998,27.838749999999997,72.435,44.33749999999999,4.39,27.767853750000004
2026-10-09T01:20:00.000Z,MCT2408033,15.346944,74.007778,66.375,110,553.9375,89.13854937499998,7.715624999999999,3.76625,27.423124999999995,71.34500000000001,43.565625,4.39,27.741713125
2026-10-09T01:30:00.000Z,MCT2408033,15.346944,74.007778,65.875,110,575.375,89.25442062499998,7.471874999999999,3.72875,26.931875,70.25625,43.014375,4.39,27.76718625
2026-10-09T01:30:27.842Z,MCT2408033,15.346944,74.007778,65,110,555,89.3064,6.88,3.57,27.27,70.26,42.35,4.39,27.81813
2026-10-09T00:40:00.000Z,MCT2408024,15.148056,74.131667,94.41666666666667,213.3432458333333,915.8333333333334,80.43118458333335,18.592959166666667,6.643818916666667,30.68750000000001,93.35750000000003,49.585000000000015,2.7945833333333336,26.447998749999993
2026-10-09T00:50:00.000Z,MCT2408024,15.148056,74.131667,94.72,213.350568,882.92,80.4361568,18.581003999999997,6.41212104,30.936000000000014,93.98240000000001,49.640000000000015,2.796,26.398556800000005
2026-10-09T01:00:00.000Z,MCT2408024,15.148056,74.131667,95.125,212.6996916666667,926.2083333333334,80.43817833333334,18.368319999999997,5.950877749999999,31.184583333333347,94.60750000000003,50.04333333333335,2.795833333333334,26.344770833333346
2026-10-09T01:10:00.000Z,MCT2408024,15.148056,74.131667,96.5,211.69709166666667,877.2083333333334,80.55865916666669,18.090805416666665,6.835016500000001,32.13791666666668,97.3566666666667,51.335000000000015,2.8104166666666663,26.35504916666667
2026-10-09T01:20:00.000Z,MCT2408024,15.148056,74.131667,96.68,210.32675600000002,894.28,80.51336519999995,18.2094984,5.845310400000002,32.37040000000002,97.82000000000004,51.40000000000002,2.7924,26.467196799999996
2026-10-09T01:30:00.000Z,MCT2408024,15.148056,74.131667,96.28,210.75621999999998,884.44,80.23596359999996,18.179407200000004,5.887446120000002,32.130400000000016,97.38000000000004,51.280000000000015,2.7859999999999996,26.648664799999995
2026-10-09T01:30:27.841Z,MCT2408024,15.148056,74.131667,95,208.6087,718,80.17401,18.07561,5.772006,31.97,95.94,49.96,2.73,26.79925
2026-10-09T00:40:00.000Z,MCT2408045,15.619444,73.878889,83.46666666666667,178.11999999999995,769.2,86.51963466666666,10.103333333333333,15.533333333333333,29.19266666666667,97.86600000000001,50.06066666666667,2.5300000000000002,25.744612
2026-10-09T00:50:00.000Z,MCT2408045,15.619444,73.878889,73.8125,178.11999999999995,770.75,86.51260937499998,10.239374999999997,15.91625,23.24625,78.34875000000002,40.216874999999995,2.5300000000000002,25.673781875000003
2026-10-09T01:00:00.000Z,MCT2408045,15.619444,73.878889,72.25,178.11999999999995,776.4375,86.54932249999999,10.281249999999998,15.721249999999998,22.525000000000002,75.5675,38.69812499999999,2.5300000000000002,25.594013125
2026-10-09T01:10:00.000Z,MCT2408045,15.619444,73.878889,75.5,178.11999999999995,773.9375,86.51880499999999,10.278125,15.765624999999998,23.971249999999998,81.199375,41.91437499999999,2.5300000000000002,25.58731
2026-10-09T01:20:00.000Z,MCT2408045,15.619444,73.878889,98.625,178.11999999999995,768.5,86.43202125,10.353124999999999,15.506875,38.285,131.52937500000002,68.80875,2.5300000000000002,25.58731
2026-10-09T01:30:00.000Z,MCT2408045,15.619444,73.878889,70.0625,178.11999999999995,746.0625,86.20218812499999,10.242499999999998,15.259375,20.636874999999996,70.04312499999999,36.224999999999994,2.5300000000000002,25.58731
2026-10-09T00:40:00.000Z,MCT2408022,15.475833,74.038889,104.26666666666667,150,471.1333333333333,86.82684399999998,3.9053333333333335,11.747456666666666,35.13333333333333,108.06666666666666,57.666666666666664,4.397522333333333,26.009162000000003
2026-10-09T00:50:00.000Z,MCT2408022,15.475833,74.038889,104.5625,150,469.5625,87.08958,3.9518749999999994,11.688566250000001,35.4375,108.6875,57.8125,4.4295908125,25.885601874999995
2026-10-09T01:00:00.000Z,MCT2408022,15.475833,74.038889,103.9375,150,472.75,87.46580625000003,4.066249999999999,11.34092625,34.8125,106.8125,56.8125,4.39028425,25.736122499999993
2026-10-09T01:10:00.000Z,MCT2408022,15.475833,74.038889,104.1875,150,472.9375,87.39713937500002,4.32625,11.247992500000002,34.9375,107.3125,57.1875,4.37753525,25.670430625
2026-10-09T01:20:00.000Z,MCT2408022,15.475833,74.038889,104.2,150,469.8,87.40972933333335,4.254666666666666,11.445581333333331,34.93333333333333,106.86666666666666,56.93333333333333,4.361249000000001,25.729597333333338
2026-10-09T01:30:00.000Z,MCT2408022,15.475833,74.038889,104.125,150,475.125,87.52159624999997,4.100625,11.3230425,34.75,106.5625,56.8125,4.334587250000001,25.89096375
2026-10-09T00:40:00.000Z,MCT2408032,15.525556,73.828611,228,178.92999999999995,544.8636363636364,66.97585181818182,13.765454545454544,14.722727272727269,65.43545454545452,200.15318181818182,105.85136363636364,3.0990909090909087,32.720473636363636
2026-10-09T00:50:00.000Z,MCT2408032,15.525556,73.828611,235.875,178.92999999999995,639.125,71.71046958333335,14.434999999999997,13.392083333333327,67.75375000000001,208.06708333333336,110.53708333333333,3.255833333333333,31.07140708333334
2026-10-09T01:00:00.000Z,MCT2408032,15.525556,73.828611,236.17391304347825,178.92999999999992,665.5217391304348,72.1193604347826,13.279130434782612,14.725652173913046,66.67521739130436,206.60043478260872,110.66478260869567,3.15,31.020733913043486
2026-10-09T01:10:00.000Z,MCT2408032,15.525556,73.828611,232.36,178.92999999999995,669.96,72.7020876,13.399199999999999,14.901599999999997,66.01320000000001,203.55680000000004,108.38040000000001,3.1732000000000005,30.90052040000001
2026-10-09T01:20:00.000Z,MCT2408032,15.525556,73.828611,229.04,178.92999999999995,604.92,70.61499039999998,13.458400000000005,15.8632,65.4428,200.65400000000002,106.39880000000002,3.081599999999999,31.4440704
2026-10-09T01:30:00.000Z,MCT2408032,15.525556,73.828611,224.44,178.92999999999995,574.08,68.23187320000001,14.3796,16.617199999999997,63.33640000000001,194.50959999999995,103.0588,2.9044,32.26089439999999
2026-10-09T01:30:28.019Z,MCT2408032,15.525556,73.828611,218,178.93,547,66.4411,15.65,16.52,59.8,184.9,99.09,2.86,32.8482
2026-10-09T00:40:00.000Z,MCT2408031,15.290833,74.149167,54.266666666666666,140,699,87.59893666666666,6.989301600000001,9.813586133333331,20.127333333333333,52.40533333333334,28.478000000000005,5.061333333333334,25.670251333333333
2026-10-09T00:50:00.000Z,MCT2408031,15.290833,74.149167,52.9375,140,694.125,87.63651125,7.006176062500001,11.530388624999999,19.166875,49.83625,27.173125,5.273125,25.648310625
2026-10-09T01:00:00.000Z,MCT2408031,15.290833,74.149167,54.125,140,691,87.61076249999998,6.752929562499999,11.531357624999998,19.97,52.17375,28.454375000000006,5.15375,25.664400000000008
2026-10-09T01:10:00.000Z,MCT2408031,15.290833,74.149167,57,140,693.6875,87.61171624999999,6.9640781875,11.217350187500001,22.320624999999996,58.1525,31.695625,5.19625,25.6644
2026-10-09T01:20:00.000Z,MCT2408031,15.290833,74.149167,57.1875,140,691.125,87.71042249999999,6.8826540625,9.6342918125,22.410625000000003,58.31562499999999,31.753124999999994,4.978125,25.682496249999996
2026-10-09T01:30:00.000Z,MCT2408031,15.290833,74.149167,57.625,140,687,87.68991624999997,6.73722525,11.9501651875,22.7675,59.26562499999999,32.290625,4.744375,25.789076875000006
2026-10-09T01:30:28.075Z,MCT2408031,15.290833,74.149167,56,140,686,87.68896,7.151605,11.72503,22.38,56.52,30,5.4,25.88761
2026-10-09T00:40:00.000Z,MCT2408036,15.171567,74.067106,56.57142857142857,120,584.5,90.24481214285713,9.782857142857143,6.422142857142857,20.037142857142857,59.234285714285704,31.733571428571434,12.43642857142857,26.240775714285714
2026-10-09T00:50:00.000Z,MCT2408036,15.171567,74.067106,56.25,120,579.5625,88.4333075,9.968749999999998,6.9875,19.835624999999997,58.54125,31.216874999999998,12.178125000000003,26.692665625000004
2026-10-09T01:00:00.000Z,MCT2408036,15.171567,74.067106,56.3125,120,580,87.70946874999997,9.954374999999999,7.066249999999999,19.83625,58.73187499999999,31.376250000000006,11.759375,26.765061250000002
2026-10-09T01:10:00.000Z,MCT2408036,15.171567,74.067106,56.266666666666666,120,576.2,88.53124866666668,10.138666666666664,6.878666666666667,19.788666666666668,58.72933333333333,31.47466666666667,12.363333333333333,26.456756666666667
2026-10-09T01:20:00.000Z,MCT2408036,15.171567,74.067106,56.8125,120,570.1875,88.482420625,9.908124999999998,6.719374999999999,20.100000000000005,59.36437499999999,31.629375000000003,12.209999999999999,26.492240000000006
2026-10-09T01:30:00.000Z,MCT2408036,15.171567,74.067106,57,120,578.4,88.04856333333333,10.212,7.185999999999998,20.03533333333333,58.99999999999999,31.40866666666667,11.729999999999997,26.762782666666666
2026-10-09T01:30:28.074Z,MCT2408036,15.171567,74.067106,58,120,580,88.1391,9.84,6.57,20.53,60.28,31.91,10.81,26.87432
2026-10-09T00:40:00.000Z,MCT2408035,15.236111,74.125,44.93333333333333,190,624.5333333333333,88.87559066666664,18.30977,7.910666666666667,11.81533333333333,35.52000000000001,18.844666666666672,3.908666666666666,26.36452266666667
2026-10-09T00:50:00.000Z,MCT2408035,15.236111,74.125,44.3125,190,631.4375,88.81525562499998,17.786223749999998,8.068124999999997,11.599999999999998,35.1875,18.751250000000006,3.859999999999999,26.348120000000005
2026-10-09T01:00:00.000Z,MCT2408035,15.236111,74.125,44.5,190,633.8125,88.892501875,17.998974999999998,7.967499999999999,11.718749999999996,35.25812500000001,18.704375000000002,3.9118749999999993,26.34611
2026-10-09T01:10:00.000Z,MCT2408035,15.236111,74.125,44.25,190,637.25,88.907761875,17.756578125,7.827499999999999,11.694999999999997,35.235000000000014,18.703750000000003,3.859999999999999,26.363539375000006
2026-10-09T01:20:00.000Z,MCT2408035,15.236111,74.125,44.0625,190,633.875,88.90060875000002,17.610674999999997,7.468749999999999,12.09875,36.461875000000006,19.317500000000003,3.856249999999999,26.430570624999998
2026-10-09T01:30:00.000Z,MCT2408035,15.236111,74.125,43.25,190,641.625,88.64645312500002,16.853838749999998,7.431875000000001,12.5025,37.665000000000006,19.8825,3.9706249999999996,26.6015
2026-10-09T01:30:28.083Z,MCT2408035,15.236111,74.125,46,190,654,88.50531,19.54985,7.52,11.79,35.47,18.87,3.83,26.7349
2026-10-09T00:40:00.000Z,MCT2408038,15.188889,74.055556,58.2,233.60599999999994,809.1333333333333,88.83133799999999,9.129333333333333,13.330000000000005,19.86133333333333,55.599999999999994,27.23,4.664666666666665,26.328774
2026-10-09T00:50:00.000Z,MCT2408038,15.188889,74.055556,57.9375,233.32999999999996,824.0625,88.75517062500002,9.004375,13.330000000000005,19.664999999999996,55.04499999999998,26.90562499999999,4.688750000000001,26.247575625
2026-10-09T01:00:00.000Z,MCT2408038,15.188889,74.055556,58,233.32999999999996,826,88.72894499999998,9.073124999999997,13.330000000000005,19.7425,55.04437499999999,26.731875,4.677499999999999,26.160431875000004
2026-10-09T01:10:00.000Z,MCT2408038,15.188889,74.055556,58.4375,233.63874999999996,815.25,88.68889187500002,9.023124999999999,13.330000000000005,20.13,56.28749999999999,27.3875,4.7124999999999995,26.13964937500001
2026-10-09T01:20:00.000Z,MCT2408038,15.188889,74.055556,58.733333333333334,233.32999999999996,833.9333333333333,88.69146666666667,8.995333333333331,13.330000000000005,20.316,56.659333333333315,27.523333333333333,4.712666666666667,26.201502666666666
2026-10-09T01:30:00.000Z,MCT2408038,15.188889,74.055556,58.8125,233.32999999999996,836.125,88.42090937500001,8.8775,13.330000000000005,20.40125,56.78374999999999,27.56,4.696250000000001,26.376274374999998
2026-10-09T00:40:00.000Z,MCT2408039,15.163611,74.110833,61.53333333333333,179.0993333333333,610.9333333333333,86.70121200000001,12.855333333333332,10.3,18.712,61.74066666666667,25.95466666666667,2.3,26.11426666666666
2026-10-09T00:50:00.000Z,MCT2408039,15.163611,74.110833,61.6875,188.73312500000003,609.3125,86.84067062499997,14.311875,10.3,18.985000000000003,62.33937499999998,25.9975,2.3,26.065245625000006
2026-10-09T01:00:00.000Z,MCT2408039,15.163611,74.110833,74.8125,116.63687499999997,599.5625,86.901706875,12.317499999999997,10.3,26.525624999999998,88.824375,37.93124999999999,2.3,26.020335625
2026-10-09T01:10:00.000Z,MCT2408039,15.163611,74.110833,107.3125,211.06,608.5625,87.17779375000003,13.296875,10.3,46.956250000000004,160.72437499999998,70.115625,2.3,25.904369999999997
2026-10-09T01:20:00.000Z,MCT2408039,15.163611,74.110833,75.1875,189.35375,611.4375,87.17731937500001,12.178124999999998,10.3,26.70125000000001,88.43687500000001,37.429375,2.3,25.923810625
2026-10-09T01:30:00.000Z,MCT2408039,15.163611,74.110833,63.93333333333333,88.08333333333333,610.6666666666666,87.14676933333334,13.445333333333334,10.3,19.763333333333332,65.25533333333334,27.463999999999995,2.3,25.954108
2026-10-09T01:30:28.244Z,MCT2408039,15.163611,74.110833,67,46.27,558,87.20068,11.26,10.3,21.98,72.35,30.14,2.3,25.98414
2026-10-09T00:40:00.000Z,MCT2408026,15.2467,74.198281,117.95833333333333,125,637.75,85.64047166666666,12.957310416666665,12.5,29.10541666666667,89.78041666666667,47.05041666666667,50.693749999999994,26.527542499999996
2026-10-09T00:50:00.000Z,MCT2408026,15.2467,74.198281,118,125,608.625,85.10260000000001,12.998560833333334,12.5,28.672500000000003,88.6125,46.56958333333333,50.62541666666667,26.690207083333334
2026-10-09T01:00:00.000Z,MCT2408026,15.2467,74.198281,118,125,600.9130434782609,85.15501130434782,13.09403391304348,12.5,28.686521739130445,88.72086956521738,46.53826086956522,50.75739130434783,26.688265217391304
2026-10-09T01:10:00.000Z,MCT2408026,15.2467,74.198281,118,126.32209166666667,607.375,85.11913166666666,13.089605416666672,12.5,30.090833333333336,93.28458333333334,49.059583333333336,50.73791666666667,26.71433875
2026-10-09T01:20:00.000Z,MCT2408026,15.2467,74.198281,118,125,593.0416666666666,85.00914208333334,13.019757500000003,12.5,29.02666666666667,89.53833333333334,47.05083333333332,50.84499999999999,26.80014166666666
2026-10-09T01:30:00.000Z,MCT2408026,15.2467,74.198281,118,125,578.6,84.40618879999998,13.029198800000001,12.5,29.264399999999995,90.3668,47.5224,50.672399999999996,27.053216400000007
2026-10-09T01:30:28.314Z,MCT2408026,15.2467,74.198281,118,125,577,83.98871,13.31072,12.5,29.3,88.97,46.29,50.75,27.2068
2026-10-09T07:10:00.000Z,MCT2408020,15.543475,74.039433,81,180,539.2727272727273,46.531848181818184,10.92517,18.12716,20.74818181818182,62.866363636363644,32.78363636363636,3.784545454545454,41.54333090909091
2026-10-09T07:20:00.000Z,MCT2408020,15.543475,74.039433,79.5625,180,533.375,45.290511875,11.011496250000002,19.141366875000003,19.945,60.51999999999999,31.541875000000008,3.663124999999999,42.036929375
2026-10-09T07:30:00.000Z,MCT2408020,15.543475,74.039433,78.4375,180,509.0625,45.143646875,10.507438625,18.67246875,19.59625,59.236875000000005,30.844375000000007,3.6599999999999984,42.726014375
2026-10-09T07:40:00.000Z,MCT2408020,15.543475,74.039433,78.8125,180,494.875,43.513338749999996,11.384986249999999,18.868375000000004,19.886875,59.93625,31.13500000000001,3.664374999999999,43.08865687500001
2026-10-09T07:50:00.000Z,MCT2408020,15.543475,74.039433,80.5,180,479.5,43.590588125000004,10.997062562499998,17.840125,20.816875,62.965624999999996,32.646249999999995,3.6806249999999983,43.080613125
2026-10-09T08:00:00.000Z,MCT2408020,15.543475,74.039433,78.6875,180,483.8125,43.345493749999996,11.325168125,19.052845624999996,19.7125,59.238125,30.67000000000001,3.6599999999999984,42.95191375
2026-10-09T08:03:01.547Z,MCT2408020,15.543475,74.039433,78.6,180,486.2,43.697876,10.4665018,17.827468000000003,19.666000000000004,59.086,30.669999999999998,3.66,43.094956
2026-10-09T07:10:00.000Z,MCT2408056,15.579167,73.920833,98,180,426.1818181818182,46.37024545454546,8.336363636363636,9.306657272727273,25.930909090909093,74.92818181818183,40.044545454545464,5.9427272727272715,41.975257272727276
2026-10-09T07:20:00.000Z,MCT2408056,15.579167,73.920833,97.5,180,425.6875,45.613808125,8.32375,9,25.746249999999993,74.168125,39.42187500000001,5.547500000000001,41.849909999999994
2026-10-09T07:30:00.000Z,MCT2408056,15.579167,73.920833,96.1875,180,424.6875,44.683975624999995,8.219375,9.787558124999999,24.634374999999995,71.2675,38.075,5.8568750000000005,42.152223750000005
2026-10-09T07:40:00.000Z,MCT2408056,15.579167,73.920833,96.5,180,436.25,44.813198125,8.405625,9.508361249999998,24.928749999999994,72.06375,38.426874999999995,4.955,42.39755937499999
2026-10-09T07:50:00.000Z,MCT2408056,15.579167,73.920833,96.5625,180,438.8125,44.90046062500001,8.160625000000001,9.19835625,25.221874999999994,72.17750000000001,38.018750000000004,3.9850000000000003,42.408955000000006
2026-10-09T08:00:00.000Z,MCT2408056,15.579167,73.920833,98,180,436.8125,44.341605,8.229375000000001,12.551201249999998,25.922499999999992,75.1925,40.1825,4.6137500000000005,42.564469374999994
2026-10-09T08:03:01.556Z,MCT2408056,15.579167,73.920833,98,180,436.8,43.957277999999995,8.136,14.622064,26.083999999999996,74.862,39.736000000000004,5.094,42.49221
2026-10-09T07:10:00.000Z,MCT2408028,15.186944,74.096667,91.29411764705883,683.190588235294,444.52941176470586,55.33270294117648,13.747647058823532,20.22,22.55882352941177,69.48647058823528,37.134117647058815,10.737058823529413,39.61510647058823
2026-10-09T07:20:00.000Z,MCT2408028,15.186944,74.096667,91.76,674.9844,442.4,54.5902092,13.192000000000005,22.804799999999997,22.890000000000015,70.11919999999998,37.41919999999998,12.7752,39.56726080000001
2026-10-09T07:30:00.000Z,MCT2408028,15.186944,74.096667,92.64,679.7468000000001,444.32,55.387938799999986,13.0704,26.233599999999996,23.370000000000015,71.51199999999999,38.21439999999999,13.522400000000003,39.3776384
2026-10-09T07:40:00.000Z,MCT2408028,15.186944,74.096667,97.72,664.5588000000002,452.68,57.6071784,13.679599999999999,33.78720000000001,26.68920000000001,81.77359999999999,43.583200000000005,13.158,39.431693999999986
2026-10-09T07:50:00.000Z,MCT2408028,15.186944,74.096667,99.2,663.6560000000002,459.68,59.73150640000001,13.7096,32.9708,27.650000000000013,84.91639999999998,45.33240000000001,13.023599999999998,39.17042999999999
2026-10-09T08:00:00.000Z,MCT2408028,15.186944,74.096667,98.79166666666667,657.9766666666666,458.9166666666667,59.716425833333325,13.41625,30.20500000000001,27.46916666666668,84.10499999999999,44.89958333333334,13.12625,39.003066666666676
2026-10-09T08:03:01.540Z,MCT2408028,15.186944,74.096667,100.125,649.34,459.125,60.251755,13.82,30.652500000000003,28.5925,87.12875,46.22625,12.508750000000001,38.840852500000004
2026-10-09T07:10:00.000Z,MCT2408057,15.272222,74.104722,57.77777777777778,332.4372222222222,458,51.38788166666666,11.912222222222224,9.74,16.786666666666665,47.71555555555556,24.29166666666667,5.8500000000000005,39.496568333333336
2026-10-09T07:20:00.000Z,MCT2408057,15.272222,74.104722,57.833333333333336,348.06583333333333,461.25,51.64261875,11.685833333333333,9.950416666666666,16.837083333333336,47.61416666666667,24.168750000000003,5.210833333333334,39.83158041666666
2026-10-09T07:30:00.000Z,MCT2408057,15.272222,74.104722,56.84,402.1396,453.92,49.603942800000006,11.6688,9.9248,16.281999999999996,45.7304,23.090400000000002,5.9396,40.390945200000004
2026-10-09T07:40:00.000Z,MCT2408057,15.272222,74.104722,57,374.6571999999999,457.8,50.6571052,12.073200000000002,9.758399999999998,16.449999999999996,46.20400000000001,23.336,5.2824,40.2313572
2026-10-09T07:50:00.000Z,MCT2408057,15.272222,74.104722,56.458333333333336,386.58041666666674,453,50.495984166666666,11.879583333333336,9.763333333333334,15.840416666666664,44.87916666666667,22.855,5.125833333333333,40.35576708333333
2026-10-09T08:00:00.000Z,MCT2408057,15.272222,74.104722,55.96,404.46920000000006,455.76,48.2559816,11.987599999999997,9.6424,15.754800000000003,44.1928,22.2952,5.619600000000002,40.784774000000006
2026-10-09T08:03:01.540Z,MCT2408057,15.272222,74.104722,55.875,352.00875,455.75,48.44049875,11.8825,9.72875,15.79,44.03375000000001,22.07,5.161250000000001,40.75796125000001
2026-10-09T07:10:00.000Z,MCT2408055,15.585833,73.885556,81.81818181818181,153.3309090909091,696.4545454545455,42.11650909090909,8.385454545454545,1.2872727272727273,18.816363636363636,52.33181818181819,27.824545454545447,26.907272727272723,41.900181818181814
2026-10-09T07:20:00.000Z,MCT2408055,15.585833,73.885556,81.625,147.20374999999999,718.9375,42.13385,8.306249999999999,1.146875,18.355,51.315625000000004,27.52312499999999,26.82125,41.97190687500001
2026-10-09T07:30:00.000Z,MCT2408055,15.585833,73.885556,81,141.74,736.1875,41.24931749999999,8.388124999999999,1.2506249999999999,18.311250000000005,51.15125,27.395624999999992,26.497500000000002,42.364042500000004
2026-10-09T07:40:00.000Z,MCT2408055,15.585833,73.885556,80.375,132.29125,676.25,40.70715250000001,8.345625,0.9543750000000001,18.39875,51.48062499999999,27.60812499999999,26.084375,42.52089625
2026-10-09T07:50:00.000Z,MCT2408055,15.585833,73.885556,81.26666666666667,135.92066666666668,553.8,40.116638,8.52,2.198,18.553333333333335,51.754,27.631333333333327,26.60066666666667,42.703136666666666
2026-10-09T08:00:00.000Z,MCT2408055,15.585833,73.885556,79.125,128.028125,590.5625,40.544074375,8.67375,1.6518749999999998,18.398750000000003,50.904374999999995,27.01062499999999,25.2775,42.33387937500001
2026-10-09T08:03:01.546Z,MCT2408055,15.585833,73.885556,78,120.196,596.8,40.748352,8.654000000000002,1.32,17.759999999999998,49.868,26.855999999999995,24.672000000000004,42.406406000000004
2026-10-09T07:10:00.000Z,MCT2408053,15.263333,74.110833,106.72727272727273,221.50183636363636,534,48.50231363636363,21.673636363636362,10.342727272727274,21.789090909090913,70.44454545454545,43.27454545454546,39.264545454545456,40.656070909090914
2026-10-09T07:20:00.000Z,MCT2408053,15.263333,74.110833,106.4375,202.55913125,557.8125,48.879189375,20.040624999999995,12.2625,21.35,68.85000000000001,42.303125,38.76125,40.768015000000005
2026-10-09T07:30:00.000Z,MCT2408053,15.263333,74.110833,106.625,232.20086874999998,536.1875,47.445815624999994,23.665625,13.232500000000002,20.889999999999997,67.81687500000001,41.73875,39.42687500000001,41.096473125
2026-10-09T07:40:00.000Z,MCT2408053,15.263333,74.110833,106.6875,224.30039375,527.1875,47.070544375000004,25.293124999999996,11.321875000000002,20.6025,66.78375,41.032500000000006,39.39,41.464475625
2026-10-09T07:50:00.000Z,MCT2408053,15.263333,74.110833,106.4375,258.139775,540.0625,46.950858125,27.420625,14.396875000000001,20.545624999999998,66.178125,40.32812500000001,38.79750000000001,41.69372625
2026-10-09T08:00:00.000Z,MCT2408053,15.263333,74.110833,106.375,245.37654374999997,531.125,46.70481062500001,24.123125,14.6675,19.56875,63.381249999999994,38.915625000000006,38.5725,41.648816875
2026-10-09T08:03:01.782Z,MCT2408053,15.263333,74.110833,105.8,225.10812,538,47.971864000000004,22.264000000000003,12.276,22.406,72.338,44.446000000000005,37.64,41.636346
2026-10-09T07:10:00.000Z,MCT2408052,15.444425,74.063856,54.916666666666664,160,461.1666666666667,48.10893833333333,22.598015,8,10.926666666666668,30.861666666666668,14.72833333333333,2,41.08150166666666
2026-10-09T07:20:00.000Z,MCT2408052,15.444425,74.063856,54.6,160,454.4,46.22829133333333,22.459415999999997,8,8.562,24.666666666666668,12.013333333333334,2,41.86085733333333
2026-10-09T07:30:00.000Z,MCT2408052,15.444425,74.063856,54.4375,160,467,44.23956312499999,22.424516875,8,8.425,24.181249999999995,11.716874999999998,2,42.62680875
2026-10-09T07:40:00.000Z,MCT2408052,15.444425,74.063856,54.25,160,470.125,43.403190625,22.3578925,8,8.236875,23.53375,11.3275,2,43.047767500000006
2026-10-09T07:50:00.000Z,MCT2408052,15.444425,74.063856,54.42857142857143,164.02378571428568,447.14285714285717,42.54474785714285,22.075085,8,13.092142857142859,35.83857142857143,16.49642857142857,2.0000122142857144,43.08224142857143
2026-10-09T08:00:00.000Z,MCT2408052,15.444425,74.063856,55,161.01474375,442.6875,42.05707937500001,22.158023125,8,12.271875000000001,35.863125000000004,17.755,2,43.49017812500001
2026-10-09T08:03:01.806Z,MCT2408052,15.444425,74.063856,54,162.21790000000001,446.4,41.30072,22.20561,8,8.629999999999999,24.828,12.154,2,43.571152
2026-10-09T07:10:00.000Z,MCT2408021,15.500556,74.053333,45.166666666666664,375,493.8333333333333,40.71224,17.440833333333334,13.712057499999998,11.943333333333335,33.11333333333334,19.245833333333337,4.4624999999999995,43.67250333333334
2026-10-09T07:20:00.000Z,MCT2408021,15.500556,74.053333,45.266666666666666,375,483,40.63899733333333,17.480666666666664,13.623497333333335,11.966666666666667,33.216,19.27,4.425999999999999,43.79924133333334
2026-10-09T07:30:00.000Z,MCT2408021,15.500556,74.053333,45.0625,375,493.125,39.453071875,17.480625,14.355671249999997,12.021250000000002,32.88,18.809375,4.603750000000001,43.804560625
2026-10-09T07:40:00.000Z,MCT2408021,15.500556,74.053333,46.4375,375,472.875,39.693396875000005,18.447499999999998,14.740924375,11.665625,32.199375,18.6325,4.381250000000001,43.948006250000006
2026-10-09T07:50:00.000Z,MCT2408021,15.500556,74.053333,46.4375,375,481.375,38.97337375,18.384999999999998,14.582998124999998,11.309375000000001,31.520625000000006,18.393124999999998,4.429375,44.020402499999996
2026-10-09T08:00:00.000Z,MCT2408021,15.500556,74.053333,46.75,375,486,39.38249874999999,18.750624999999996,14.756631249999998,11.397500000000003,31.602500000000006,18.304375,4.258125,44.352205625
2026-10-09T08:03:01.878Z,MCT2408021,15.500556,74.053333,46.6,375,476.8,39.375062,18.422,14.50172,11.428,31.998,18.668,4.144,44.46347999999999
2026-10-09T07:10:00.000Z,MCT2408051,15.486528,74.033889,49.90909090909091,393.35636363636365,453.90909090909093,52.00004545454545,18.53363636363636,5.1899999999999995,12.27090909090909,37.96636363636364,20.31,11.728181818181817,40.45229454545455
2026-10-09T07:20:00.000Z,MCT2408051,15.486528,74.033889,50.3125,383.3075,455.75,52.50553562500001,18.42625,5.1899999999999995,12.594999999999999,38.49312499999999,20.340625000000003,12.064375,40.626579375
2026-10-09T07:30:00.000Z,MCT2408051,15.486528,74.033889,49.0625,385.98999999999995,483.4375,51.59286875000001,17.668124999999996,5.1899999999999995,11.739374999999997,36.319374999999994,19.523125000000004,13.340625,40.586360000000006
2026-10-09T07:40:00.000Z,MCT2408051,15.486528,74.033889,48.75,374.9825,486.8125,51.63483062499999,17.671249999999997,5.1899999999999995,11.544999999999998,35.853750000000005,19.3675,15.043125,40.65741250000001
2026-10-09T07:50:00.000Z,MCT2408051,15.486528,74.033889,49.1875,370.17250000000007,488.3125,51.78789625,17.240624999999998,5.1899999999999995,11.856249999999998,36.32,19.330000000000002,14.64375,40.663444375000005
2026-10-09T08:00:00.000Z,MCT2408051,15.486528,74.033889,49.25,364.2525,508.6875,52.34483999999999,17.42875,5.1899999999999995,11.934374999999998,36.7075,19.601250000000004,14.064374999999998,40.53340374999999
2026-10-09T08:03:01.907Z,MCT2408051,15.486528,74.033889,50,363.27,491.4,52.87909,17.415999999999997,5.19,12.563999999999998,38.284,20.162,13.874,40.357914
2026-10-09T07:10:00.000Z,MCT2408043,15.221111,74.087222,112.33333333333333,244.735,517.25,49.26860583333334,13.918333333333337,10.122499999999997,35.355,106.11,54.33916666666667,5.364999999999999,40.6819925
2026-10-09T07:20:00.000Z,MCT2408043,15.221111,74.087222,111.5,263.07875,496.25,47.54404375,13.770000000000001,9.67875,34.50937499999999,103.40124999999999,52.84125,6.059375000000001,40.9188375
2026-10-09T07:30:00.000Z,MCT2408043,15.221111,74.087222,111,257.265,492.6875,47.89642625,13.795,9.888125000000002,34.58875,102.75687500000001,52.121249999999996,5.567500000000002,40.773377499999995
2026-10-09T07:40:00.000Z,MCT2408043,15.221111,74.087222,110.33333333333333,245.30266666666665,506.06666666666666,47.859456,13.767333333333333,10.137333333333336,33.942,101.02533333333334,51.49733333333334,5.342666666666665,40.95137066666666
2026-10-09T07:50:00.000Z,MCT2408043,15.221111,74.087222,111.75,216.91687499999998,482.6875,47.89166,13.788749999999999,9.525625,34.903749999999995,104.76875000000001,53.402499999999996,5.348125000000001,41.214448125000004
2026-10-09T08:00:00.000Z,MCT2408043,15.221111,74.087222,114.4375,235.13000000000002,493.0625,50.297301874999995,13.676874999999999,8.839375,38.151875,113.3775,57.56999999999998,5.290000000000001,40.64266625
2026-10-09T08:03:01.870Z,MCT2408043,15.221111,74.087222,116,211.57600000000002,508.8,52.596799999999995,13.63,8.668,40.017999999999994,118.704,60.465999999999994,5.29,39.913896
2026-10-09T07:10:00.000Z,MCT2408050,15.553611,73.958333,88.0909090909091,86.02999999999999,470.54545454545456,47.33016,12.12,5.389090909090908,23.904545454545453,72.83545454545454,37.72909090909091,9.918181818181818,40.77697272727273
2026-10-09T07:20:00.000Z,MCT2408050,15.553611,73.958333,87.25,86.02999999999999,470.8125,47.09152625,12.473125000000003,4.83,23.537499999999994,71.38437499999999,36.835625,9.316875000000001,41.196349375
2026-10-09T07:30:00.000Z,MCT2408050,15.553611,73.958333,88.125,86.02999999999999,441.5625,46.22511375,12.731875000000002,5.023125,23.96250000000001,73.04625,37.898125,9.940625,41.39074
2026-10-09T07:40:00.000Z,MCT2408050,15.553611,73.958333,87.5,86.02999999999999,447.375,45.185130625,12.899375000000003,5.256875,23.5375,71.489375,36.94187500000001,10.243125000000001,41.372641875
2026-10-09T07:50:00.000Z,MCT2408050,15.553611,73.958333,86.1875,86.02999999999999,434.875,46.214623125,12.667500000000002,4.579375,23.006249999999998,69.398125,35.560625,7.4643749999999995,41.570385625000014
2026-10-09T08:00:00.000Z,MCT2408050,15.553611,73.958333,86,86.02999999999999,443.0625,46.248000624999996,12.868750000000002,4.6156250000000005,22.953124999999996,68.96875,35.241875,7.094375,41.772823125
2026-10-09T08:03:02.035Z,MCT2408050,15.553611,73.958333,85.6,86.03,479.6,45.588440000000006,12.898,4.648000000000001,22.562,68.184,35.04,7.422,41.923778000000006
2026-10-09T07:10:00.000Z,MCT2408034,15.356389,74.123611,79.47058823529412,221.95732352941172,523.5882352941177,40.82563294117647,11.963529411764704,2.604705882352941,20.799411764705884,64.15764705882354,33.37176470588235,7.232941176470588,44.36947647058823
2026-10-09T07:20:00.000Z,MCT2408034,15.356389,74.123611,80.58333333333333,240.17663749999997,518.0416666666666,41.285715833333335,12.392083333333337,2.4762500000000003,21.568749999999998,66.42875000000001,34.654999999999994,6.096250000000001,44.45409541666667
2026-10-09T07:30:00.000Z,MCT2408034,15.356389,74.123611,80,245.88679600000006,521.04,41.351989200000006,14.247600000000002,2.932,21.508000000000003,66.0604,34.394,5.4056,44.491795999999994
2026-10-09T07:40:00.000Z,MCT2408034,15.356389,74.123611,78.91666666666667,246.51263333333335,520,41.48884833333333,14.257499999999995,2.4391666666666665,20.80833333333333,64.20083333333335,33.40625,4.355416666666666,44.155134583333336
2026-10-09T07:50:00.000Z,MCT2408034,15.356389,74.123611,78.6,250.014152,518.08,41.635498,13.494399999999995,2.5432000000000006,20.450400000000002,63.32079999999999,32.96960000000001,3.6691999999999996,43.88690080000001
2026-10-09T08:00:00.000Z,MCT2408034,15.356389,74.123611,77.70833333333333,245.15649999999997,514.375,41.23644333333333,12.208333333333334,2.479166666666667,19.936249999999998,61.465,31.880000000000006,3.22625,44.07380166666667
2026-10-09T08:03:02.115Z,MCT2408034,15.356389,74.123611,77,261.749475,517.25,39.358656249999996,13.00375,2.51375,19.48125,60.372499999999995,31.41125,4.4475,44.2838325
2026-10-09T08:00:00.000Z,MCT2408029,15.333611,74.206944,66.71428571428571,120,1055,59.55938571428572,25.02285714285714,11.84857142857143,15.37428571428571,45.00428571428571,23.865714285714287,16.83285714285714,40.31287
2026-10-09T08:03:02.213Z,MCT2408029,15.333611,74.206944,98,260.3188,1204,61.31415,49.71,10.79,14.12,41.04,21.76,42.98,39.50849
2026-10-09T07:10:00.000Z,MCT2408030,15.142519,74.075003,81.1,166.20334999999997,438.4,59.373231,7.893000000000001,6.200000000000001,25.302000000000003,74.63600000000001,40.70299999999999,5.439,37.510401
2026-10-09T07:20:00.000Z,MCT2408030,15.142519,74.075003,81.6875,163.43931874999998,443.875,59.65093999999999,8.085625,6.200000000000002,25.888125000000006,75.615,40.999375,5.371875000000001,37.636289375000004
2026-10-09T07:30:00.000Z,MCT2408030,15.142519,74.075003,81.875,166.90061250000002,439,59.292358750000005,7.639375000000001,6.200000000000002,26.005000000000006,76.18499999999999,41.413125,5.261875000000001,37.61014874999999
2026-10-09T07:40:00.000Z,MCT2408030,15.142519,74.075003,86.33333333333333,163,442.53333333333336,61.025757999999996,8.012666666666668,6.200000000000002,28.86533333333334,84.67200000000001,46.13133333333333,5.114666666666667,37.700237333333334
2026-10-09T07:50:00.000Z,MCT2408030,15.142519,74.075003,85.6875,163,452.1875,61.855357500000004,8.08375,6.200000000000002,28.581875000000007,83.769375,45.849999999999994,4.5375,37.5189825
2026-10-09T08:00:00.000Z,MCT2408030,15.142519,74.075003,85.93333333333334,163,447.4,62.39955533333333,8.037333333333335,6.200000000000002,28.614666666666672,84.00066666666667,46.00466666666668,4.296,37.29125
2026-10-09T08:03:02.204Z,MCT2408030,15.142519,74.075003,86.4,163,450.8,62.89801,8.036,6.2,28.68,83.76,45.438,4.316000000000001,37.168266
2026-10-09T07:10:00.000Z,MCT2408023,15.499722,74.020833,137.5,265.82916666666665,441.0833333333333,48.145177499999996,14.1975,21.179166666666664,26.512500000000003,81.26416666666665,49.42083333333333,5.6866666666666665,41.88677583333334
2026-10-09T07:20:00.000Z,MCT2408023,15.499722,74.020833,142.3846153846154,231.52846153846153,447,45.83645307692307,13.579230769230769,22.85153846153846,28.273846153846154,86.50923076923075,52.424615384615386,7.0792307692307705,42.08416076923077
2026-10-09T07:30:00.000Z,MCT2408023,15.499722,74.020833,137,243.95437499999997,445.9375,45.533221875,13.673749999999997,23.465,27.32937500000001,82.39750000000001,49.209374999999994,6.972499999999999,41.906214999999996
2026-10-09T07:40:00.000Z,MCT2408023,15.499722,74.020833,134.75,242.30750000000003,445.875,47.092956875000006,13.976875,23.36625,25.42875,78.20312499999999,47.75937500000001,5.6000000000000005,41.862645625000006
2026-10-09T07:50:00.000Z,MCT2408023,15.499722,74.020833,133.33333333333334,257.45533333333333,443.73333333333335,45.981607333333336,14.268,22.752,25.51866666666667,77.92733333333334,47.07666666666667,6.006,41.955952
2026-10-09T08:00:00.000Z,MCT2408023,15.499722,74.020833,131.4375,284.56687500000004,433.375,44.406931875,15.059375,23.56125,24.16,74.79875000000001,45.94687499999999,6.595,41.650824375000006
2026-10-09T08:03:02.216Z,MCT2408023,15.499722,74.020833,132.8,270.174,428.6,45.724244,13.998000000000001,23.574,25.096,76.746,46.69,5.555999999999999,41.248098
2026-10-09T07:10:00.000Z,MCT2408027,15.275556,74.1075,96.72727272727273,786.3881818181818,520.0909090909091,49.53366818181817,9.13090909090909,14.381818181818177,26.539090909090906,78.85727272727274,40.78181818181818,5.496363636363636,41.29957727272727
2026-10-09T07:20:00.000Z,MCT2408027,15.275556,74.1075,96.0625,804.855,497.625,49.656909375000005,8.111250000000002,14.14375,26.256874999999994,77.748125,40.205,5.588125,41.248634374999995
2026-10-09T07:30:00.000Z,MCT2408027,15.275556,74.1075,95.875,809.3825,507.8125,49.80520625,7.603750000000001,13.848749999999999,26.071875,77.009375,39.649375,5.4875,41.278798124999994
2026-10-09T07:40:00.000Z,MCT2408027,15.275556,74.1075,96.375,825.5975000000002,487.375,49.33552312500001,8.12875,14.553124999999996,26.505624999999995,78.05687500000002,40.02062499999999,5.57875,41.544241875
2026-10-09T07:50:00.000Z,MCT2408027,15.275556,74.1075,95.0625,847.8412500000002,472.8125,48.00037875,10.706249999999999,15.284999999999995,25.578749999999996,75.46812499999999,38.910625,6.202500000000001,41.522124375
2026-10-09T08:00:00.000Z,MCT2408027,15.275556,74.1075,94.86666666666666,850.0840000000002,494.8666666666667,49.290730666666654,7.1546666666666665,14.709999999999999,25.442666666666657,75.24266666666668,39.06666666666668,5.53,41.21663733333334
2026-10-09T08:03:02.325Z,MCT2408027,15.275556,74.1075,93.6,854.5139999999999,491.4,47.854369999999996,9.971999999999998,15.156,24.258000000000003,72.35,37.748,5.736000000000001,41.269546000000005
2026-10-09T07:10:00.000Z,MCT2408040,15.528056,74.020833,20.636363636363637,100,422.27272727272725,45.451249090909094,9.635454545454545,5.4372727272727275,4.783636363636364,13.97181818181818,6.714545454545455,6.0218181818181815,42.41206272727273
2026-10-09T07:20:00.000Z,MCT2408040,15.528056,74.020833,20.9375,100.06375,424.375,44.54521499999999,9.981250000000001,5.5825,4.607500000000001,13.353125000000002,6.388125,6.2575,42.6462475
2026-10-09T07:30:00.000Z,MCT2408040,15.528056,74.020833,20.933333333333334,100.14333333333335,417.3333333333333,43.07328466666666,9.967333333333334,5.626666666666668,4.526666666666666,13.096666666666668,6.231333333333334,7.096000000000001,42.833982
2026-10-09T07:40:00.000Z,MCT2408040,15.528056,74.020833,21.285714285714285,102.63857142857144,417.14285714285717,41.297341428571436,9.963571428571429,5.477857142857142,4.534285714285714,13.155000000000001,6.2557142857142845,7.727142857142857,43.221667857142855
2026-10-09T07:50:00.000Z,MCT2408040,15.528056,74.020833,20.6875,100.184375,419.1875,41.946454374999995,9.594375,4.974374999999999,5.0325,14.605,6.945624999999999,6.6381250000000005,43.3795775
2026-10-09T08:00:00.000Z,MCT2408040,15.528056,74.020833,20.4375,100,426.3125,42.436165,9.21625,5.126875000000001,5.119999999999999,14.915000000000001,7.0475,4.543125,43.441246250000006
2026-10-09T08:03:02.448Z,MCT2408040,15.528056,74.020833,20.2,100,423.4,43.143983999999996,9.004000000000001,4.8919999999999995,5.139999999999999,15.09,7.136,4.109999999999999,43.28800999999999
2026-10-09T07:10:00.000Z,MCT2408044,15.313669,74.140042,43.54545454545455,214.29,429.45454545454544,48.81026454545454,8.705454545454545,3.5572727272727276,14.209999999999997,36.81818181818182,20.736363636363635,5.612587272727273,41.01877909090909
2026-10-09T07:20:00.000Z,MCT2408044,15.313669,74.140042,44.125,214.29,434.4375,49.20343750000001,8.751875,3.9068749999999994,14.691250000000002,38.15625,21.451250000000005,5.397596125,40.89202562500001
2026-10-09T07:30:00.000Z,MCT2408044,15.313669,74.140042,44.1875,214.29,429.3125,49.667878125000016,9.135625000000001,3.45125,14.869374999999998,38.4375,21.586249999999996,4.72996775,40.90677124999999
2026-10-09T07:40:00.000Z,MCT2408044,15.313669,74.140042,43.75,214.29,429.125,48.340838125,9.049375000000001,3.76625,14.260625,37.09375,20.877499999999998,4.8796473124999995,41.034133125000004
2026-10-09T07:50:00.000Z,MCT2408044,15.313669,74.140042,44.266666666666666,214.29,430.8,48.41742000000001,9.013333333333332,5.280666666666666,14.904666666666667,38.266666666666666,21.259999999999998,5.159828999999999,41.00642533333334
2026-10-09T08:00:00.000Z,MCT2408044,15.313669,74.140042,43.8125,214.29,423.625,48.37326375000001,9.02875,5.456874999999999,14.5825,37.71875,21.181250000000002,5.10432675,40.64936875
2026-10-09T08:03:02.493Z,MCT2408044,15.313669,74.140042,43.8,214.29000000000002,422.8,47.952026000000004,9.156,5.564,14.254,36.9,20.648000000000003,5.375128200000001,40.37722
2026-10-09T07:10:00.000Z,MCT2408049,15.475278,74.055833,63.45454545454545,150,415.1818181818182,38.51058181818182,23.200000000000003,7.959999999999999,15.680000000000001,46.10363636363636,23.575454545454548,2.61,45.030937272727286
2026-10-09T07:20:00.000Z,MCT2408049,15.475278,74.055833,63.5,150,430.75,39.602321249999996,23.03875,7.959999999999997,15.715625000000005,46.157500000000006,23.544999999999998,2.61,45.422035625
2026-10-09T07:30:00.000Z,MCT2408049,15.475278,74.055833,62.5625,150,434.5625,36.889117500000005,22.78625,8.401249999999997,15.093750000000002,44.2875,22.682499999999997,2.61,45.977061875000004
2026-10-09T07:40:00.000Z,MCT2408049,15.475278,74.055833,63.25,150,437.625,37.25914375,22.340000000000003,7.959999999999997,15.618750000000004,46.06062500000001,23.592499999999998,2.61,45.85640375
2026-10-09T07:50:00.000Z,MCT2408049,15.475278,74.055833,63.75,150,435.25,37.570519375,22.651875,7.959999999999997,16.051875000000003,47.30312500000001,24.214375000000004,2.61,45.75652625
2026-10-09T08:00:00.000Z,MCT2408049,15.475278,74.055833,63.125,150,433.8125,37.717383125,22.232499999999998,8.063124999999998,15.763125000000004,46.298750000000005,23.63875,2.61,45.291324375
2026-10-09T08:03:02.492Z,MCT2408049,15.475278,74.055833,63.6,150,435.4,38.393921999999996,23.082,7.959999999999999,15.791999999999998,46.730000000000004,23.936,2.61,44.907500000000006
2026-10-09T07:10:00.000Z,MCT2408046,15.529167,74.07,59.94444444444444,118.63944444444444,625.1111111111111,45.15042833333333,12.122777777777776,1.8516666666666666,15.84388888888889,46.96833333333332,22.955000000000002,7.278888888888888,42.23683277777778
2026-10-09T07:20:00.000Z,MCT2408046,15.529167,74.07,59.36,112.04,617,45.48101799999999,12.3324,1.7432000000000003,15.147600000000002,45.55,22.358399999999996,6.3384,42.29915759999999
2026-10-09T07:30:00.000Z,MCT2408046,15.529167,74.07,58.92,130.67520000000002,620.52,44.884399599999995,12.296,1.7408000000000001,14.893600000000001,44.662,21.946399999999997,5.982399999999999,42.33219
2026-10-09T07:40:00.000Z,MCT2408046,15.529167,74.07,57.88,118.102,621.8,44.36010720000001,12.4888,1.8384,14.615600000000002,43.640800000000006,21.34240000000001,5.4456,42.60932599999999
2026-10-09T07:50:00.000Z,MCT2408046,15.529167,74.07,57.6,127.97240000000004,615.88,43.4421392,12.389999999999997,1.6947999999999999,14.464400000000003,43.24120000000002,21.1248,5.608800000000001,43.0773688
2026-10-09T08:00:00.000Z,MCT2408046,15.529167,74.07,57.64,139.6716,603.76,43.37957759999999,12.304400000000001,1.6296000000000002,14.565200000000003,43.28560000000002,21.1972,5.381199999999999,43.095817199999985
2026-10-09T08:03:02.494Z,MCT2408046,15.529167,74.07,57.714285714285715,126.62142857142858,608.5714285714286,44.18724714285714,12.480000000000002,1.7128571428571429,14.719999999999999,43.48857142857143,21.08571428571429,4.434285714285714,43.05696142857143
2026-10-09T07:10:00.000Z,MCT2408037,15.394444,74.118333,70.66666666666667,192.94321666666667,462.5,47.320568333333334,11.733333333333334,14.449166666666665,18.02583333333333,60.1025,29.167500000000004,8.249166666666666,40.61495833333333
2026-10-09T07:20:00.000Z,MCT2408037,15.394444,74.118333,69.8125,189.93996249999998,464.5,46.91509687500001,11.713124999999998,14.356875000000002,17.376874999999995,58.415625000000006,28.526875000000004,7.946875,40.85918
2026-10-09T07:30:00.000Z,MCT2408037,15.394444,74.118333,70.125,189.20300625,464.875,46.484511874999995,11.921875,14.354375000000001,17.421875,59.131249999999994,29.042500000000008,7.5325,41.081055000000006
2026-10-09T07:40:00.000Z,MCT2408037,15.394444,74.118333,69.25,188.83961875,464.875,45.63717125,11.668125,14.335625,17.144375,57.344375,27.776875000000004,7.894374999999999,41.6635625
2026-10-09T07:50:00.000Z,MCT2408037,15.394444,74.118333,68.9375,192.3193875,459.5,44.580978125,11.774375000000003,14.243750000000002,16.9575,56.576874999999994,27.261250000000004,7.5756250000000005,41.971906875
2026-10-09T08:00:00.000Z,MCT2408037,15.394444,74.118333,68.375,201.900575,463.375,43.601555,12.233749999999999,14.176875000000003,16.678749999999997,55.810625,26.886250000000004,7.903750000000001,42.421690625
2026-10-09T08:03:02.557Z,MCT2408037,15.394444,74.118333,68.2,211.5745,462.4,42.49701,11.844,14.402000000000001,16.35,55.77,27.130000000000003,8.794,42.768916
2026-10-09T07:10:00.000Z,MCT2408042,15.213889,74.071667,93.0909090909091,221.98909090909095,443.72727272727275,48.22488090909091,23.690909090909088,17.85727272727273,27.05181818181818,79.0109090909091,40.00727272727273,8.254545454545456,40.79062363636364
2026-10-09T07:20:00.000Z,MCT2408042,15.213889,74.071667,94.5625,206.94625,441.9375,49.21822,24.894375,16.30375,28.039375000000003,81.96625,41.739374999999995,6.140625,40.96442
2026-10-09T07:30:00.000Z,MCT2408042,15.213889,74.071667,94.875,271.05687499999993,429.9375,48.142951875,26.473124999999996,17.365,28.4375,82.765,41.91000000000001,8.031875,41.298906875
2026-10-09T07:40:00.000Z,MCT2408042,15.213889,74.071667,98.07142857142857,204.83499999999998,444.07142857142856,52.27113500000001,25.621428571428574,18.55071428571429,30.484999999999996,88.985,45.160714285714285,5.058571428571429,40.820012142857145
2026-10-09T07:50:00.000Z,MCT2408042,15.213889,74.071667,99.875,160.06250000000003,448.875,53.79585624999999,25.2975,19.428749999999997,31.622500000000002,92.395625,46.97875,4.020625000000001,40.577645
2026-10-09T08:00:00.000Z,MCT2408042,15.213889,74.071667,99.6875,202.29375000000002,444.75,54.09817125,26.155625,20.169999999999998,31.167499999999997,91.4275,46.52375,3.815,40.041389374999994
2026-10-09T08:03:02.665Z,MCT2408042,15.213889,74.071667,100,180.9325,439.75,55.29073999999999,25.58,19.0475,31.1675,91.655,46.6975,2.7125,39.792705
2026-10-09T07:10:00.000Z,MCT2408041,15.224628,74.171389,78,374.498709090909,516.2727272727273,51.535346363636364,12.887272727272727,9.700000000000001,22.198181818181812,65.31545454545454,33.38090909090909,8.935454545454546,39.54846272727272
2026-10-09T07:20:00.000Z,MCT2408041,15.224628,74.171389,77.625,365.63491875,513.9375,51.30867375,13.134374999999999,9.7,21.88062499999999,64.546875,32.90687500000001,8.639999999999999,39.45150875
2026-10-09T07:30:00.000Z,MCT2408041,15.224628,74.171389,78.75,331.791375,512.1875,51.029246875,13.386249999999997,9.7,22.539375,66.52125,34.120625,8.2175,39.46022374999998
2026-10-09T07:40:00.000Z,MCT2408041,15.224628,74.171389,77.0625,334.553075,502.625,51.253837499999996,13.453125,9.7,21.425624999999997,63.28125,32.45125,8.356875,39.47899125000001
2026-10-09T07:50:00.000Z,MCT2408041,15.224628,74.171389,77,375.13225625,511.25,50.31542187499999,13.270624999999999,9.7,21.425624999999997,63.07874999999999,32.19812500000001,8.356874999999999,39.45955312499999
2026-10-09T08:00:00.000Z,MCT2408041,15.224628,74.171389,77,354.92063125,513.875,49.868625625,13.196875,9.7,21.374999999999996,62.82562499999999,32.148125,8.184999999999999,39.587584375
2026-10-09T08:03:02.732Z,MCT2408041,15.224628,74.171389,77.25,333.28795,513.25,49.711745,13.2,9.7,21.83,63.7875,32.35,8.45,39.6345075
2026-10-09T07:10:00.000Z,MCT2408033,15.346944,74.007778,53.666666666666664,111.26575833333332,452.0833333333333,48.07142583333333,10.613333333333335,3.045833333333333,18.03,45.30083333333334,26.81416666666667,4.39,40.723104166666666
2026-10-09T07:20:00.000Z,MCT2408033,15.346944,74.007778,53.375,112.45584375,460.8125,47.13062750000001,10.964375,3.1806249999999996,17.88125,44.646250000000016,26.322499999999998,4.39,40.9242
2026-10-09T07:30:00.000Z,MCT2408033,15.346944,74.007778,52.875,115.371075,443.75,46.34765999999999,12.286875,3.0081249999999997,17.501875,43.878750000000004,25.843125,4.39,41.05491374999999
2026-10-09T07:40:00.000Z,MCT2408033,15.346944,74.007778,52.625,114.39623125,448.125,45.92995,11.288125,3.363125,17.388749999999995,43.33187500000001,25.4025,4.39,41.18830625
2026-10-09T07:50:00.000Z,MCT2408033,15.346944,74.007778,52.3125,114.17168750000002,447.625,45.17035,11.653124999999998,3.9906250000000005,16.893124999999998,42.371875,25.073749999999997,4.39,41.75003124999999
2026-10-09T08:00:00.000Z,MCT2408033,15.346944,74.007778,55.125,111.007675,451.9375,47.594113125,10.720625000000002,1.4087500000000004,19.355,48.205625000000005,28.45625,4.39,42.032906874999995
2026-10-09T08:03:02.743Z,MCT2408033,15.346944,74.007778,56,110,442.5,49.6430825,9.435,1.2525,19.8475,49.614999999999995,29.41,4.39,41.6856825
2026-10-09T07:10:00.000Z,MCT2408045,15.619444,73.878889,56,182.16090909090914,672.6363636363636,43.208209090909094,15.279090909090911,17.69272727272727,12.719090909090909,41.78545454545454,20.921818181818185,2.5300000000000002,42.6714190909091
2026-10-09T07:20:00.000Z,MCT2408045,15.619444,73.878889,55.625,188.1375,662.5,42.386571874999994,15.200625,18.30125,12.393125000000003,41.13125,20.851250000000007,2.5300000000000002,42.52760125
2026-10-09T07:30:00.000Z,MCT2408045,15.619444,73.878889,55.8125,179.58124999999998,655.5,42.713685625,14.370000000000001,17.117500000000003,12.518125000000003,41.27375,20.746250000000007,2.5300000000000002,42.716631250000006
2026-10-09T07:40:00.000Z,MCT2408045,15.619444,73.878889,56.0625,178.11999999999995,658.5625,42.4447475,14.360624999999999,16.998749999999998,12.740000000000004,41.879374999999996,21.028125000000006,2.5300000000000002,42.9304625
2026-10-09T07:50:00.000Z,MCT2408045,15.619444,73.878889,55.1875,178.11999999999995,671.25,42.681258125,14.011875000000002,16.82625,12.173750000000004,40.205000000000005,20.356875000000006,2.5300000000000002,43.016262499999996
2026-10-09T08:00:00.000Z,MCT2408045,15.619444,73.878889,55.6,178.11999999999995,669.2666666666667,42.84490866666668,14.674,16.677333333333333,12.380000000000003,41.059999999999995,20.80866666666667,2.5300000000000002,43.18719333333333
2026-10-09T08:03:02.759Z,MCT2408045,15.619444,73.878889,54.6,178.12,667.2,42.51837,13.663999999999998,16.996,12.08,39.122,19.454,2.53,43.17647
2026-10-09T07:10:00.000Z,MCT2408022,15.475833,74.038889,88.0909090909091,150,492.90909090909093,46.59288363636363,6.877272727272726,11.057960909090909,23.272727272727273,69.18181818181819,35.90909090909091,5.0242961818181815,41.63790818181819
2026-10-09T07:20:00.000Z,MCT2408022,15.475833,74.038889,88.3125,150,492.0625,45.995754999999996,6.743124999999998,11.106049375,23.4375,69.9375,36.4375,4.9784846875,41.650825624999996
2026-10-09T07:30:00.000Z,MCT2408022,15.475833,74.038889,87.75,150,492.25,46.827358124999996,6.546875000000001,11.152235000000001,23.25,69.0625,35.8125,4.8000830625,41.78891062500001
2026-10-09T07:40:00.000Z,MCT2408022,15.475833,74.038889,87.75,150,498.625,45.47552562500001,6.808125,11.239269375,23.25,68.875,35.625,4.912822875,42.130773749999996
2026-10-09T07:50:00.000Z,MCT2408022,15.475833,74.038889,87.375,150,494.0625,44.57287249999999,7.0406249999999995,11.358371874999998,23,68.25,35.3125,4.9856195625,42.033576249999996
2026-10-09T08:00:00.000Z,MCT2408022,15.475833,74.038889,87.25,150,490.6875,44.930976875,6.881249999999998,11.62110875,23,68.25,35.25,4.8672015,42.081169375
2026-10-09T08:03:02.788Z,MCT2408022,15.475833,74.038889,87.25,150,490.25,45.74827499999999,6.822500000000001,11.464105,23,68.25,35.25,4.69594425,42.18172
2026-10-09T07:10:00.000Z,MCT2408032,15.525556,73.828611,192.94117647058823,192.70941176470586,769.9411764705883,49.8570405882353,15.12235294117647,7.785882352941178,52.43294117647059,157.2864705882353,81.77411764705882,6.482352941176471,41.02388117647059
2026-10-09T07:20:00.000Z,MCT2408032,15.525556,73.828611,190.16,180.43,780.24,50.030883599999996,14.618799999999997,7.3268,51.37279999999999,154.0608,80.0692,5.8607999999999985,41.022014799999994
2026-10-09T07:30:00.000Z,MCT2408032,15.525556,73.828611,189.6,183.8064,774.56,49.64270160000001,14.809599999999998,7.469200000000001,50.862799999999986,152.80880000000002,79.7296,6.1088,41.0631976
2026-10-09T07:40:00.000Z,MCT2408032,15.525556,73.828611,186.47619047619048,185.71619047619046,788.6190476190476,50.9356280952381,14.959047619047615,7.410952380952379,50.17428571428571,150.2204761904762,77.86047619047619,5.378095238095238,40.610616666666665
2026-10-09T07:50:00.000Z,MCT2408032,15.525556,73.828611,186.16,179.0528,784.4,51.4377436,14.991599999999996,8.213199999999999,49.7232,149.34000000000003,77.80239999999999,4.659200000000001,40.459585600000004
2026-10-09T08:00:00.000Z,MCT2408032,15.525556,73.828611,186.44,181.00200000000004,760.16,51.388304399999996,15.0132,8.184000000000001,49.77959999999999,149.56760000000003,77.9164,4.911199999999999,40.315440800000005
2026-10-09T08:03:02.880Z,MCT2408032,15.525556,73.828611,186,178.93000000000004,756.875,52.37536,14.001249999999999,7.9675,49.303749999999994,147.56125,76.61999999999999,4.14875,40.21098
2026-10-09T07:10:00.000Z,MCT2408036,15.171567,74.067106,48,120,539.8181818181819,47.93357727272728,14.536363636363637,8.36,14.210909090909093,40.803636363636365,21.13909090909091,12.61909090909091,39.83609181818181
2026-10-09T07:20:00.000Z,MCT2408036,15.171567,74.067106,48.5,120,539.5625,48.486751250000005,13.396874999999996,7.78,14.571875000000002,41.951875,21.846875,12.024375,40.24985625000001
2026-10-09T07:30:00.000Z,MCT2408036,15.171567,74.067106,52,120,549.6666666666666,52.30535999999999,13.139999999999999,5.658666666666666,16.947333333333336,48.86933333333333,25.531999999999996,11.942,40.03544733333334
2026-10-09T07:40:00.000Z,MCT2408036,15.171567,74.067106,51.5,120,545.125,54.928822499999995,13.183750000000003,5.246249999999999,16.481875,47.841875,25.202499999999993,11.291250000000002,39.173325625000004
2026-10-09T07:50:00.000Z,MCT2408036,15.171567,74.067106,51.4375,120,554.4375,55.86246875,11.911875000000004,4.552500000000001,16.51375,47.903124999999996,25.171249999999993,10.933125,38.663886875
2026-10-09T08:00:00.000Z,MCT2408036,15.171567,74.067106,51.733333333333334,120,546.3333333333334,56.80873666666667,11.21,4.022,16.808000000000003,48.36333333333334,25.263333333333325,10.846666666666668,38.32586333333333
2026-10-09T08:03:02.946Z,MCT2408036,15.171567,74.067106,51.8,120,546.6,56.92572,11.347999999999999,3.732,16.844,48.632,25.532,11.112,38.264371999999995
2026-10-09T07:10:00.000Z,MCT2408031,15.290833,74.149167,48,221.53900000000002,565.2727272727273,54.75911181818181,8.362829909090907,26.784781818181816,15.19363636363636,39.92090909090909,22.03181818181818,7.779090909090908,39.381733636363634
2026-10-09T07:20:00.000Z,MCT2408031,15.290833,74.149167,49,197.75299375000003,558.5,53.63802312500001,8.2027288125,30.840986875,15.951875000000005,41.874375,23.035625000000003,8.7225,39.362356875
2026-10-09T07:30:00.000Z,MCT2408031,15.290833,74.149167,48.125,204.12720000000002,556.8125,53.303759375000006,8.028663125,25.15068875,15.415,40.488749999999996,22.35125,7.854374999999999,39.497760625000005
2026-10-09T07:40:00.000Z,MCT2408031,15.290833,74.149167,47.1875,220.38053750000006,556.875,51.88230937499999,8.413349875,23.852791375000006,14.613749999999996,38.480625,21.308125,8.14125,40.05278500000001
2026-10-09T07:50:00.000Z,MCT2408031,15.290833,74.149167,47.3125,239.90193750000003,555,51.16705375,8.6626371875,27.52045062500001,14.821250000000001,38.77687499999999,21.277499999999996,8.775625,40.18215625000001
2026-10-09T08:00:00.000Z,MCT2408031,15.290833,74.149167,46.875,219.2283875,555.25,50.874753125,8.6402026875,17.967852875000002,14.494374999999998,37.90749999999999,20.713749999999997,7.440625,40.54815125
2026-10-09T08:03:02.964Z,MCT2408031,15.290833,74.149167,45.8,223.94628000000003,554.8,51.058713999999995,8.5891046,12.078073999999999,13.617999999999999,35.82600000000001,19.716,6.816,40.797642
2026-10-09T07:10:00.000Z,MCT2408035,15.236111,74.125,59.18181818181818,194.62200909090907,460.3636363636364,47.06313090909091,30.10856636363636,9.608181818181817,8.680909090909092,26.141818181818188,13.755454545454546,3.8299999999999987,41.16405181818181
2026-10-09T07:20:00.000Z,MCT2408035,15.236111,74.125,57.75,190.30253125000002,453.8125,47.488255625,29.119003750000005,10.89,8.677500000000002,26.084375000000005,13.678125000000001,3.8299999999999987,41.434981875
2026-10-09T07:30:00.000Z,MCT2408035,15.236111,74.125,58.1875,190,457.25,47.589343125,29.420691875000003,10.057500000000001,9.05875,26.981875000000006,14.150000000000002,3.8724999999999987,41.690374375
2026-10-09T07:40:00.000Z,MCT2408035,15.236111,74.125,58.875,192.85571249999998,464.0625,46.793025625000006,29.935131249999998,10.5425,8.75,26.061875,13.606875000000004,3.894374999999999,41.843205625
2026-10-09T07:50:00.000Z,MCT2408035,15.236111,74.125,61.4375,202.135225,453.4375,45.970005,32.324220624999995,10.61,8.606875,25.779375000000005,13.489375000000004,3.8299999999999987,41.798965625
2026-10-09T08:00:00.000Z,MCT2408035,15.236111,74.125,58.375,190.35536875,450,46.67429250000001,29.588683750000005,10.703124999999998,8.631250000000001,25.920625000000005,13.583750000000004,4.011249999999999,41.653507499999996
2026-10-09T08:03:02.975Z,MCT2408035,15.236111,74.125,59.4,194.58585999999997,456.6,45.867676,30.392488000000004,10.404,8.366,25.131999999999998,13.206,3.8299999999999996,41.619187999999994
2026-10-09T07:10:00.000Z,MCT2408039,15.163611,74.110833,58.18181818181818,100.48272727272727,466.6363636363636,48.69304818181818,8.165454545454546,10.299999999999999,16.348181818181818,53.842727272727274,22.290909090909096,2.3000000000000003,41.58428000000001
2026-10-09T07:20:00.000Z,MCT2408039,15.163611,74.110833,56.375,222.601875,455.0625,48.382324375,10.2875,10.3,15.181875000000002,49.871875,20.63125,2.3,41.54893562499999
2026-10-09T07:30:00.000Z,MCT2408039,15.163611,74.110833,57.125,200.759375,452.1875,48.581165625000004,7.043749999999999,10.3,15.711875,51.67999999999999,21.384375000000002,2.3,41.4812325
2026-10-09T07:40:00.000Z,MCT2408039,15.163611,74.110833,56.1875,248.84312500000004,466.75,47.17926312499999,8.833124999999999,10.3,15.075625000000002,49.5475,20.630625000000002,2.3,41.51005625
2026-10-09T07:50:00.000Z,MCT2408039,15.163611,74.110833,55.0625,244.14562499999997,459.75,46.154540625,7.0912500000000005,10.3,14.581875000000004,47.15875,19.466874999999998,2.3,41.707131874999995
2026-10-09T08:00:00.000Z,MCT2408039,15.163611,74.110833,58,131.986875,471.625,47.042411875000006,5.5806249999999995,10.3,16.205,53.165625,22.075000000000003,2.3,42.149541875
2026-10-09T08:03:02.997Z,MCT2408039,15.163611,74.110833,70.2,46.27,470,48.28161600000001,8.078,10.3,23.674,77.52000000000001,32.658,2.3,42.071785999999996
2026-10-09T07:10:00.000Z,MCT2408038,15.188889,74.055556,56.18181818181818,233.32999999999996,674.7272727272727,46.954240000000006,10.439999999999998,13.330000000000002,18.749090909090906,52.141818181818174,25.250909090909094,4.788181818181818,43.214490909090905
2026-10-09T07:20:00.000Z,MCT2408038,15.188889,74.055556,55.8125,233.32999999999996,665.375,47.656578749999994,10.566875,13.330000000000005,18.424999999999997,51.50375000000001,25.075000000000006,4.743125,42.934484375
2026-10-09T07:30:00.000Z,MCT2408038,15.188889,74.055556,56,233.32999999999996,651,49.180549375,10.090625,13.405000000000005,18.696249999999992,52.06249999999998,25.281249999999996,4.651875,42.496765624999995
2026-10-09T07:40:00.000Z,MCT2408038,15.188889,74.055556,56.3125,233.32999999999996,660.0625,49.57632375,9.941875,13.833750000000004,18.889999999999997,52.684374999999996,25.5225,4.60625,42.31377125000001
2026-10-09T07:50:00.000Z,MCT2408038,15.188889,74.055556,55.9375,233.32999999999996,637.25,49.63926625,10.069374999999999,13.711875000000003,18.734999999999996,52.061874999999986,25.246875000000006,4.625625,41.9404025
2026-10-09T08:00:00.000Z,MCT2408038,15.188889,74.055556,55.8125,233.32999999999996,620.9375,51.03306125,9.71875,14.274375000000001,18.463749999999997,51.44,25.040625000000002,4.5043750000000005,41.485926250000006
2026-10-09T08:03:03.082Z,MCT2408038,15.188889,74.055556,56,233.33,636.6,51.87353399999999,9.522,14.962,18.455999999999996,51.492,25.02,4.42,41.177314
2026-10-09T07:10:00.000Z,MCT2408026,15.2467,74.198281,118,141.3036823529412,445.7647058823529,47.872501176470585,13.240329411764707,13.1,24.849411764705877,75.66529411764706,39.19764705882354,51.19588235294117,42.52034529411764
2026-10-09T07:20:00.000Z,MCT2408026,15.2467,74.198281,118,145.99104583333335,442.7916666666667,47.10217666666667,13.322094166666666,14.010833333333332,25.87333333333333,78.82083333333334,40.78333333333334,51.179999999999986,42.57764999999999
2026-10-09T07:30:00.000Z,MCT2408026,15.2467,74.198281,118,147.97591599999998,426.6,47.3877564,13.563500399999999,13.798399999999992,24.723200000000006,75.35880000000002,39.03560000000001,51.13279999999998,42.287574400000004
2026-10-09T07:40:00.000Z,MCT2408026,15.2467,74.198281,118,150.12193333333335,432.2916666666667,46.570024999999994,13.531370416666668,12.814999999999998,24.808333333333326,75.35541666666667,38.89416666666667,51.066666666666656,42.27109333333333
2026-10-09T07:50:00.000Z,MCT2408026,15.2467,74.198281,118,140.34122916666666,436.125,46.87456583333332,13.484736666666668,12.5,24.847916666666663,75.47708333333334,38.93458333333333,51.06,42.52760166666667
2026-10-09T08:00:00.000Z,MCT2408026,15.2467,74.198281,118,143.1237,430.64,46.5204468,13.310917200000004,12.5,24.9888,75.7072,38.959599999999995,51.1576,42.80752840000001
2026-10-09T08:03:03.158Z,MCT2408026,15.2467,74.198281,118,158.10771428571428,430.7142857142857,44.80631714285715,13.616878571428572,13.351428571428569,24.571428571428573,73.77571428571427,37.74714285714286,50.88142857142857,43.004868571428574
2026-10-09T07:40:00.000Z,MCT2408024,15.148056,74.131667,84.16666666666667,208.72495,537.6666666666666,50.65970000000001,17.35119,5.0468975,24.646666666666665,73.95833333333333,38.803333333333335,3.476666666666666,40.90989833333333
2026-10-09T07:50:00.000Z,MCT2408024,15.148056,74.131667,85,213.46983333333333,507.3333333333333,50.02518666666666,16.62107333333333,5,25.646666666666665,75.62,38.97,3.52,41.0386
2026-10-09T14:40:00.000Z,MCT2408020,15.543475,74.039433,105.5,190.81341666666665,604.8333333333334,78.86302833333333,8.090581833333333,17.387515,38.186666666666675,119.29166666666667,64.12666666666667,3.66,31.017781666666664
2026-10-09T14:50:00.000Z,MCT2408020,15.543475,74.039433,119.625,240.82578124999998,613.375,79.28137249999997,8.3012124375,17.7850225,47.7175,147.54187499999998,78.58937499999999,3.6599999999999984,30.943825
2026-10-09T15:00:00.000Z,MCT2408020,15.543475,74.039433,117.3125,311.61791875,620.5625,79.65521249999999,8.3205891875,17.94617375,47.714999999999996,147.36625,78.415625,3.6599999999999984,30.779599375000004
2026-10-09T15:10:00.000Z,MCT2408020,15.543475,74.039433,113.75,318.120925,634.75,80.137294375,8.292369375,17.94617375,45.45375,141.834375,76.20937500000001,3.6599999999999984,30.657600624999993
2026-10-09T15:20:00.000Z,MCT2408020,15.543475,74.039433,115.625,303.97394375,627.4375,80.64607937500003,8.3488091875,18.099750625,46.673125,145.44437500000004,77.894375,3.6599999999999984,30.538953125
2026-10-09T15:30:00.000Z,MCT2408020,15.543475,74.039433,116.4375,306.9996125,634.5625,81.1620175,8.296790999999999,18.134505625,47.019375000000004,146.31750000000002,78.30125,3.6599999999999984,30.375394999999997
2026-10-09T15:36:07.993Z,MCT2408020,15.543475,74.039433,113.3,291.47856999999993,638.3,81.49847500000001,8.138993000000003,18.320819,45.36000000000001,141.193,75.74499999999999,3.6599999999999993,30.259161999999996
2026-10-09T14:40:00.000Z,MCT2408028,15.186944,74.096667,137.3,582.296,540.2,85.80297599999999,20.707,11.578999999999997,45.943999999999996,145.96800000000002,80.326,6.298,28.934616
2026-10-09T14:50:00.000Z,MCT2408028,15.186944,74.096667,147.48,567.3732,538.88,86.0257572,20.6408,11.522800000000004,49.22040000000002,156.82520000000002,86.4504,5.907600000000001,28.873052
2026-10-09T15:00:00.000Z,MCT2408028,15.186944,74.096667,142.875,548.8104166666667,547.8333333333334,86.37384833333334,20.682916666666667,11.490000000000002,47.65041666666669,151.71875000000003,83.71458333333332,6.163750000000001,28.812881666666673
2026-10-09T15:10:00.000Z,MCT2408028,15.186944,74.096667,152.08,522.81,555.64,86.55157559999998,20.56,11.490000000000002,50.93960000000003,162.03640000000001,89.2332,6.145599999999999,28.75679039999999
2026-10-09T15:20:00.000Z,MCT2408028,15.186944,74.096667,156.70833333333334,505.7304166666667,555.5,86.67107500000003,20.437500000000004,11.504583333333331,52.478333333333346,167.58625,92.53750000000001,5.788333333333334,28.718145416666655
2026-10-09T15:30:00.000Z,MCT2408028,15.186944,74.096667,137.95652173913044,482.04913043478257,556.8260869565217,86.66961173913045,20.28695652173914,11.812608695652173,46.76913043478263,147.98217391304345,81.1291304347826,5.903478260869565,28.755876086956516
2026-10-09T15:36:07.993Z,MCT2408028,15.186944,74.096667,140.46666666666667,468.34600000000006,564.3333333333334,86.78767866666665,19.986666666666668,11.778666666666668,46.54333333333334,148.7526666666667,82.24733333333333,5.869333333333333,28.724757333333333
2026-10-09T14:40:00.000Z,MCT2408056,15.579167,73.920833,179.14285714285714,180,542.4285714285714,82.82359,6.458571428571427,9,61.93,183.84,100.41571428571429,2.648571428571429,29.763970000000004
2026-10-09T14:50:00.000Z,MCT2408056,15.579167,73.920833,190.625,207.70436875,536.9375,83.29348,6.489374999999999,9.247651874999999,65.80187500000001,195.98000000000002,107.37062499999999,3.0975,29.644748125000003
2026-10-09T15:00:00.000Z,MCT2408056,15.579167,73.920833,199.75,236.016825,540.6875,84.08789125,6.468125,9.332599375,68.96875,205.65874999999997,112.875,3.138125,29.494599375
2026-10-09T15:10:00.000Z,MCT2408056,15.579167,73.920833,183.9375,187.8099125,545.875,84.16990687500002,6.49625,9.40683625,63.45562499999998,188.753125,103.32750000000003,2.8150000000000004,29.392710625
2026-10-09T15:20:00.000Z,MCT2408056,15.579167,73.920833,189.8125,227.033575,554.875,84.45410375000002,6.500624999999999,9.309418125,65.62625,195.126875,106.899375,2.670625,29.284115625000005
2026-10-09T15:30:00.000Z,MCT2408056,15.579167,73.920833,181,201.31708125,563.0625,84.505600625,6.46125,9.396125625000002,62.107499999999995,185.0525,101.62875,2.438125,29.203008125000004
2026-10-09T15:36:08.003Z,MCT2408056,15.579167,73.920833,178.66666666666666,201.2164111111111,554.4444444444445,84.80590111111111,6.468888888888889,9.131976666666667,61.72222222222222,183.36333333333334,100.28222222222225,2.4333333333333336,29.120634444444445
2026-10-09T14:40:00.000Z,MCT2408057,15.272222,74.104722,73.4,247.933,493.1,80.537932,11.814999999999998,10.025000000000002,27.650999999999993,78.93199999999999,40.513999999999996,0.8889999999999999,31.472171999999993
2026-10-09T14:50:00.000Z,MCT2408057,15.272222,74.104722,73.68,265.662,508.24,81.4453728,12.0876,9.898000000000001,27.748399999999997,79.362,40.668400000000005,0.6211999999999999,31.135188
2026-10-09T15:00:00.000Z,MCT2408057,15.272222,74.104722,76.79166666666667,243.69291666666663,511.25,81.99393916666669,11.946666666666665,9.84791666666667,29.922083333333333,85.61375,43.954583333333325,0.38749999999999996,30.945835416666657
2026-10-09T15:10:00.000Z,MCT2408057,15.272222,74.104722,83.96,252.80360000000005,502.92,82.22204600000003,12.002,9.924400000000002,35.1616,99.82919999999999,50.94,0.35120000000000007,30.829308
2026-10-09T15:20:00.000Z,MCT2408057,15.272222,74.104722,74.4,267.4136,508.16,82.25469960000002,12.118400000000001,9.875200000000001,28.367600000000007,80.76480000000001,41.26599999999999,0.27640000000000003,30.794129599999998
2026-10-09T15:30:00.000Z,MCT2408057,15.272222,74.104722,71.96,275.44399999999996,493.44,80.11114639999998,12.099199999999998,9.804800000000002,26.532799999999998,75.7888,38.721199999999996,0.24439999999999998,31.554754400000007
2026-10-09T15:36:08.003Z,MCT2408057,15.272222,74.104722,70.86666666666666,281.6546666666667,490.8,76.68839466666667,12.126,9.888000000000002,25.86533333333333,73.73066666666666,37.673333333333325,0.29800000000000004,32.663728
2026-10-09T14:40:00.000Z,MCT2408055,15.585833,73.885556,95.5,45.82999999999999,695,78.46121166666667,9.501666666666667,2.2383333333333333,38.11,109.10166666666667,59.87166666666667,21.13,30.817581666666666
2026-10-09T14:50:00.000Z,MCT2408055,15.585833,73.885556,95.9375,45.830000000000005,674.9375,79.45398625,9.5225,3.7693749999999997,38.3725,109.70375000000001,59.985624999999985,20.74375,30.589896875
2026-10-09T15:00:00.000Z,MCT2408055,15.585833,73.885556,96.125,45.830000000000005,733.625,79.44016,9.681875000000002,4.476875,38.15375,110.07562500000002,60.66687499999999,20.430625000000003,30.386120625000004
2026-10-09T15:10:00.000Z,MCT2408055,15.585833,73.885556,98.4375,45.830000000000005,712.125,80.271763125,9.52875,3.779375,40.16625,115.25562500000001,63.224374999999995,20.598125,30.227925
2026-10-09T15:20:00.000Z,MCT2408055,15.585833,73.885556,95.125,45.830000000000005,714.9375,80.73000249999998,9.669375,4.0181249999999995,37.847500000000004,108.305625,59.30499999999999,20.925625,30.089841250000003
2026-10-09T15:30:00.000Z,MCT2408055,15.585833,73.885556,96.4375,45.830000000000005,706.4375,81.420464375,9.568125,3.4462499999999996,38.546875,111.01999999999998,61.13687499999999,21.016875000000006,29.949743750000003
2026-10-09T15:36:08.020Z,MCT2408055,15.585833,73.885556,103.2,46.37899999999999,678.5,82.132476,9.569999999999999,3.5230000000000006,44.40599999999999,127.173,69.596,21.079,29.810852999999998
2026-10-09T14:40:00.000Z,MCT2408052,15.444425,74.063856,57,160,567.5,78.43578166666667,24.262920000000005,8,15.665,46.666666666666664,23.53,2,31.153634999999998
2026-10-09T14:50:00.000Z,MCT2408052,15.444425,74.063856,57,160,566.875,78.86175437499999,24.266094375,8,16.201875000000005,48.729375,24.788125,2,30.969296250000003
2026-10-09T15:00:00.000Z,MCT2408052,15.444425,74.063856,57.8125,160,574.625,79.664273125,24.189953125,8,23.498124999999995,70.1075,35.425,2,30.755466875
2026-10-09T15:10:00.000Z,MCT2408052,15.444425,74.063856,58.5,160,574,80.57169375,24.342236249999992,8,24.145000000000007,71.703125,36.05,2,30.554371249999996
2026-10-09T15:20:00.000Z,MCT2408052,15.444425,74.063856,57.3125,160,579.1875,81.09001562499998,24.342235624999994,8,20.82125,63.2975,32.555,2,30.459854375000003
2026-10-09T15:30:00.000Z,MCT2408052,15.444425,74.063856,60.6875,160,521.25,81.28933375,24.32320125,8,23.560624999999998,69.05125,34.28,2,30.366010625
2026-10-09T15:36:08.195Z,MCT2408052,15.444425,74.063856,56.8,160,576.7,81.583161,24.191856000000005,8,20.637,60.999,30.583,2,30.187305999999996
2026-10-09T14:40:00.000Z,MCT2408043,15.221111,74.087222,143.5,82.42333333333333,613.1666666666666,79.15548833333334,14.090000000000002,9.536666666666667,49.60333333333333,150.85333333333332,78.145,5.29,31.103583333333333
2026-10-09T14:50:00.000Z,MCT2408043,15.221111,74.087222,132.5625,117.04625,609,79.487365,14.085,9.644374999999998,45.59250000000001,138.48562499999997,71.50000000000001,5.290000000000001,30.898243124999997
2026-10-09T15:00:00.000Z,MCT2408043,15.221111,74.087222,133,108.26187499999997,611.0625,80.18068749999999,14.128750000000002,9.680000000000001,45.514375,138.48562500000003,71.74000000000001,5.290000000000001,30.675699374999994
2026-10-09T15:10:00.000Z,MCT2408043,15.221111,74.087222,135.25,122.24500000000002,590.6875,80.571694375,14.077500000000002,9.870624999999999,46.93812500000001,142.025625,73.17999999999999,5.290000000000001,30.65760125
2026-10-09T15:20:00.000Z,MCT2408043,15.221111,74.087222,146.8,102.34933333333333,601.1333333333333,81.13378866666666,14.135333333333332,9.770666666666667,50.65933333333334,154.24066666666664,80.10933333333335,5.290000000000001,30.583776666666665
2026-10-09T15:30:00.000Z,MCT2408043,15.221111,74.087222,157,75,613.625,82.34838875000001,14.323125,9.515625,55.32875,167.535625,86.151875,5.290000000000001,30.5402925
2026-10-09T15:36:08.199Z,MCT2408043,15.221111,74.087222,150,75,622.4,81.79602100000001,14.254,9.547,52.43299999999999,158.87599999999998,81.99000000000001,5.29,30.590569999999996
2026-10-09T14:40:00.000Z,MCT2408053,15.263333,74.110833,124.28571428571429,303.0212285714286,732.4285714285714,83.53748571428572,7.268571428571429,12.781428571428572,34.89285714285714,117.9242857142857,75.57857142857142,36.705714285714286,30.52085285714286
2026-10-09T14:50:00.000Z,MCT2408053,15.263333,74.110833,122.5,204.26940625,699.75,84.18755125,5.201249999999999,13.67375,34.263125,116.25125000000001,74.52,36.446250000000006,30.430359999999993
2026-10-09T15:00:00.000Z,MCT2408053,15.263333,74.110833,119,212.15865000000002,717.375,84.72160687499999,4.103750000000001,15.430625000000001,33.517500000000005,113.33125,72.47625,36.54125,30.334506249999997
2026-10-09T15:10:00.000Z,MCT2408053,15.263333,74.110833,119.5625,189.59178125000005,759.0625,85.274260625,3.7068750000000015,16.355,33.46125000000001,113.33187500000001,72.61687499999998,36.583125,30.203794374999998
2026-10-09T15:20:00.000Z,MCT2408053,15.263333,74.110833,118.5,180.24141874999998,746.3125,86.202185625,4.089375000000001,14.363750000000001,33.001875,112.17874999999998,71.98187499999999,36.63062500000001,30.018117500000002
2026-10-09T15:30:00.000Z,MCT2408053,15.263333,74.110833,118.125,140.86923125,760,86.98610625,5.371249999999999,17.5825,32.887499999999996,111.81375000000003,71.77125,36.296875,29.864610624999997
2026-10-09T15:36:08.196Z,MCT2408053,15.263333,74.110833,122.66666666666667,136.2750111111111,763.5555555555555,87.22102777777779,7.608888888888889,17.875555555555554,34.28333333333333,116.35222222222222,74.57333333333332,36.15888888888888,29.797507777777778
2026-10-09T14:40:00.000Z,MCT2408051,15.486528,74.033889,86.83333333333333,338.74333333333334,598.6666666666666,91.10057833333333,25.878333333333334,5.19,33.065,107.105,59.84166666666666,4.39,28.867403333333332
2026-10-09T14:50:00.000Z,MCT2408051,15.486528,74.033889,75.9375,333.5325,595.8125,91.20754687499998,25.585,5.1899999999999995,27.948125,89.9625,50.05374999999999,4.39,28.822268125000004
2026-10-09T15:00:00.000Z,MCT2408051,15.486528,74.033889,69.375,333.625,594.5,91.62430125,24.751250000000002,5.1899999999999995,23.788124999999994,76.63937500000002,42.54875000000001,4.39,28.761936875000007
2026-10-09T15:10:00.000Z,MCT2408051,15.486528,74.033889,70,334.54999999999995,593.1538461538462,91.79005769230768,23.968461538461536,5.1899999999999995,24.636153846153846,77.97307692307693,42.7453846153846,4.39,28.771838461538458
2026-10-09T15:20:00.000Z,MCT2408051,15.486528,74.033889,68.9375,332.515,606.1875,91.91183625000002,23.418749999999996,5.1899999999999995,23.629999999999995,75.706875,41.96437500000001,4.39,28.700938750000002
2026-10-09T15:30:00.000Z,MCT2408051,15.486528,74.033889,67.1875,334.55,598.875,92.31666937499996,22.788125,5.1899999999999995,22.699999999999996,72.48312500000002,39.9825,4.39,28.507889374999994
2026-10-09T15:36:08.213Z,MCT2408051,15.486528,74.033889,67.5,340.46999999999997,604.1,92.58322100000001,21.835,5.1899999999999995,22.762,72.84100000000002,40.262,4.39,28.458420999999998
2026-10-09T14:40:00.000Z,MCT2408034,15.356389,74.123611,102.22222222222223,180,559.6666666666666,73.45590555555556,6.1499999999999995,1.9255555555555555,36.055555555555564,113.06,60.00777777777778,3.1222222222222222,33.193786666666675
2026-10-09T14:50:00.000Z,MCT2408034,15.356389,74.123611,103.16,180,556.48,72.383178,6.150000000000002,1.9392000000000003,36.8596,115.57719999999999,61.208400000000026,2.8884000000000003,33.519161600000004
2026-10-09T15:00:00.000Z,MCT2408034,15.356389,74.123611,102.45833333333333,180,561.25,71.36587625,6.150000000000002,2.257916666666667,36.30708333333333,113.55541666666664,60.00833333333333,2.4775000000000005,33.71022916666667
2026-10-09T15:10:00.000Z,MCT2408034,15.356389,74.123611,102.64,180,547.52,71.31414840000001,6.150000000000002,2.1764000000000006,36.5688,114.30199999999996,60.422000000000004,2.2192000000000003,33.660302800000004
2026-10-09T15:20:00.000Z,MCT2408034,15.356389,74.123611,102.58333333333333,180,552.75,71.27146166666667,6.150000000000002,2.222916666666667,36.23083333333333,113.74999999999999,60.35958333333337,1.9016666666666666,33.663752499999994
2026-10-09T15:30:00.000Z,MCT2408034,15.356389,74.123611,102.24,180,567.84,71.25585919999999,6.150000000000002,2.1796,36.16680000000001,113.10079999999998,59.821600000000025,2.1496000000000004,33.656443200000005
2026-10-09T15:36:08.395Z,MCT2408034,15.356389,74.123611,101.4,180,562.7333333333333,71.32442333333334,6.150000000000001,3.1199999999999997,35.12133333333334,110.10066666666668,58.38400000000001,1.756,33.603248
2026-10-09T14:40:00.000Z,MCT2408050,15.553611,73.958333,102.28571428571429,86.02999999999999,600,85.84265,10.909999999999998,4.1328571428571435,33.08142857142857,103.41571428571429,54.91571428571429,2.707142857142857,29.03466428571429
2026-10-09T14:50:00.000Z,MCT2408050,15.553611,73.958333,103.4,86.02999999999999,599.2666666666667,86.23683666666669,10.876000000000003,4.1386666666666665,34.43933333333334,107.28466666666667,56.75333333333333,2.1966666666666668,28.927822
2026-10-09T15:00:00.000Z,MCT2408050,15.553611,73.958333,103.5,86.02999999999999,598.5625,86.640398125,10.728749999999998,4.213125,34.830625,108.146875,57.03312499999999,1.951875,28.817574374999996
2026-10-09T15:10:00.000Z,MCT2408050,15.553611,73.958333,102.75,86.02999999999999,598.0625,87.23120125000001,10.9975,4.28625,33.983125,106.21562499999999,56.342499999999994,1.5925000000000002,28.666753125000003
2026-10-09T15:20:00.000Z,MCT2408050,15.553611,73.958333,106.06666666666666,86.02999999999999,575.9333333333333,87.426006,10.714000000000002,4.2059999999999995,37.208666666666666,116.15800000000003,61.460666666666675,1.5293333333333332,28.551011333333328
2026-10-09T15:30:00.000Z,MCT2408050,15.553611,73.958333,105.4375,86.02999999999999,614.25,87.856811875,10.67375,4.0200000000000005,36.578125,114.15875,60.27625,1.2537500000000001,28.499847500000005
2026-10-09T15:36:08.395Z,MCT2408050,15.553611,73.958333,104.625,86.02999999999999,585.5,87.7633525,10.79125,4.19,35.735,111.63624999999999,59.31750000000001,1.115,28.489792499999993
2026-10-09T14:40:00.000Z,MCT2408029,15.333611,74.206944,62,120,1126.3333333333333,89.52510500000001,9.643333333333333,10.850000000000001,21.468333333333334,67.92,38.333333333333336,3.5,30.183014999999997
2026-10-09T14:50:00.000Z,MCT2408029,15.333611,74.206944,61.8,120,1120.2666666666667,89.56019933333333,5.915333333333333,10.099333333333334,21.567333333333337,67.74666666666666,38.04,3.5,30.16764466666666
2026-10-09T15:00:00.000Z,MCT2408029,15.333611,74.206944,61.9375,120,1112.4375,89.440386875,6.661250000000001,10.264999999999999,21.358749999999997,67.16,37.72375,3.5,30.134753125
2026-10-09T15:10:00.000Z,MCT2408029,15.333611,74.206944,62.4375,120,1123.875,89.39222687499999,6.1175,8.958125,21.580624999999994,67.955,38.199374999999996,3.55125,30.103248125
2026-10-09T15:20:00.000Z,MCT2408029,15.333611,74.206944,68.4,184.34784,1135.6666666666667,89.82010933333332,7.106000000000001,10.032000000000002,25.961333333333336,80.15400000000001,44.352666666666664,3.5320000000000005,30.01248800000001
2026-10-09T15:30:00.000Z,MCT2408029,15.333611,74.206944,61.1875,120,1148.25,89.8738325,5.1575,8.318125,20.589375000000004,64.52374999999999,36.139375,3.5,29.92091875
2026-10-09T15:36:08.405Z,MCT2408029,15.333611,74.206944,60.7,120,1137.5,90.044923,6.6240000000000006,8.213999999999999,20.413000000000004,63.467,35.411,3.6149999999999998,29.855895999999994
2026-10-09T14:40:00.000Z,MCT2408030,15.142519,74.075003,101,163,510.6,80.02447199999999,9.181999999999999,6.2,37.302,113.86800000000001,64.17999999999999,3.168,29.699312
2026-10-09T14:50:00.000Z,MCT2408030,15.142519,74.075003,91.4,163,509.06666666666666,79.90443866666666,9.277333333333335,6.200000000000002,30.742000000000004,91.91,50.80066666666667,3.168,29.71289733333333
2026-10-09T15:00:00.000Z,MCT2408030,15.142519,74.075003,91.75,163,505.125,80.016655,9.159999999999998,6.200000000000002,31.106250000000003,92.43875,50.87875,3.260625,29.597826874999996
2026-10-09T15:10:00.000Z,MCT2408030,15.142519,74.075003,91.33333333333333,163,505.73333333333335,80.12721400000002,9.136,6.200000000000002,30.867333333333338,91.42266666666667,50.23266666666667,3.3853333333333335,29.556314000000008
2026-10-09T15:20:00.000Z,MCT2408030,15.142519,74.075003,91.375,163,515.9375,80.23742937499998,9.266875,6.200000000000002,30.988750000000003,91.92562500000001,50.701875,3.3668750000000003,29.539510000000003
2026-10-09T15:30:00.000Z,MCT2408030,15.142519,74.075003,92.66666666666667,163,516.6666666666666,80.29302799999999,9.220666666666666,6.200000000000002,31.368000000000002,94.22266666666665,52.37933333333334,3.5320000000000005,29.521277999999995
2026-10-09T15:36:08.395Z,MCT2408030,15.142519,74.075003,91.9,163,527.7,80.37085200000001,9.097,6.200000000000001,31.306,93.06599999999999,51.306000000000004,3.592,29.516987999999998
2026-10-09T14:40:00.000Z,MCT2408021,15.500556,74.053333,70.66666666666667,513.8650000000001,523.8333333333334,76.55386333333335,23.001666666666665,16.36705333333333,27.936666666666667,85,52.934999999999995,3.32,31.191175
2026-10-09T14:50:00.000Z,MCT2408021,15.500556,74.053333,66.8,527.6473333333332,525.5333333333333,76.20774266666666,23.026,16.209264,25.935999999999996,77.912,48.12733333333333,3.438,31.086422000000006
2026-10-09T15:00:00.000Z,MCT2408021,15.500556,74.053333,68.875,626.48375,528.4375,76.233905,22.994375000000005,16.1358325,26.905625000000004,81.54874999999998,50.71374999999999,3.4143750000000006,30.998120624999995
2026-10-09T15:10:00.000Z,MCT2408021,15.500556,74.053333,59.25,428.86125,509.6875,76.6482775,22.9825,16.067573125,22.379374999999996,64.86312499999998,38.958749999999995,3.58,30.900254375000003
2026-10-09T15:20:00.000Z,MCT2408021,15.500556,74.053333,56.5,376.83625,510.9375,76.92579624999999,23.033125000000002,16.2883225,20.59625,59.72937500000001,35.801249999999996,3.691875,30.791664375
2026-10-09T15:30:00.000Z,MCT2408021,15.500556,74.053333,56.75,382.276875,513.375,77.64534437500001,23.0975,16.421686875000002,20.953749999999996,60.54437499999999,36.129375,3.6468749999999996,30.727984375000002
2026-10-09T15:36:08.555Z,MCT2408021,15.500556,74.053333,60.55555555555556,386.0911111111111,543,78.4082311111111,22.832222222222224,15.958858888888889,23.118888888888886,67.43888888888888,40.79444444444445,3.6533333333333338,30.60784777777778
2026-10-09T14:40:00.000Z,MCT2408027,15.275556,74.1075,132.66666666666666,689.4316666666667,562.1666666666666,83.85900833333334,6.579999999999999,14.03,46.51333333333334,140.955,74.605,2.9499999999999997,30.370701666666672
2026-10-09T14:50:00.000Z,MCT2408027,15.275556,74.1075,130.25,690.1293750000001,573.5625,84.59143124999999,6.579999999999999,13.739374999999997,45.17875,137.56625,73.06125000000002,2.9500000000000006,30.237980625
2026-10-09T15:00:00.000Z,MCT2408027,15.275556,74.1075,126.875,690.1543750000001,561.8125,85.05825374999999,6.579999999999999,13.540624999999995,44.378125,134.67249999999999,71.08375,2.9500000000000006,30.113973749999996
2026-10-09T15:10:00.000Z,MCT2408027,15.275556,74.1075,128.0625,685.7425,568.3125,85.6419,6.579999999999999,13.276249999999996,44.5,135.4725,71.76249999999999,2.9500000000000006,30.03889874999999
2026-10-09T15:20:00.000Z,MCT2408027,15.275556,74.1075,129,682.445625,567.0625,85.95661625000002,6.579999999999999,13.217499999999996,44.685625,136.273125,72.31875,2.9500000000000006,30.024151250000003
2026-10-09T15:30:00.000Z,MCT2408027,15.275556,74.1075,125.4375,681.1662499999999,575.875,86.07201125,6.579999999999999,13.058124999999999,43.576875,132.57687499999997,70.219375,2.9500000000000006,29.959799375000003
2026-10-09T15:36:08.601Z,MCT2408027,15.275556,74.1075,121.8,686.906,554.1,85.779327,6.58,13.521999999999997,41.915,128.142,68.083,2.9499999999999997,29.913811
2026-10-09T14:40:00.000Z,MCT2408049,15.475278,74.055833,93.14285714285714,156.57525714285717,489.42857142857144,78.90971285714286,23.927142857142854,21.14428571428571,36.142857142857146,106.47857142857143,54.692857142857136,2.61,30.56222285714286
2026-10-09T14:50:00.000Z,MCT2408049,15.475278,74.055833,84.8125,154.55563750000002,496.875,79.55317,24.168749999999996,21.405625,30.666249999999998,89.72375,45.985625000000006,2.61,30.427008125
2026-10-09T15:00:00.000Z,MCT2408049,15.475278,74.055833,84,150.90101875,495.125,79.76440874999997,24.174375000000005,21.284375,29.996249999999993,87.80937499999997,45.073750000000004,2.61,30.312385625
2026-10-09T15:10:00.000Z,MCT2408049,15.475278,74.055833,83.13333333333334,153.71917333333332,493.73333333333335,80.475118,24.055333333333333,20.928666666666665,29.694666666666667,85.95133333333334,43.732000000000006,2.61,30.08327333333333
2026-10-09T15:20:00.000Z,MCT2408049,15.475278,74.055833,83.0625,153.86559375000002,499.25,80.87734562499999,24.24125,21.1575,29.995625,86.13312499999998,43.394999999999996,2.61,29.971196875
2026-10-09T15:30:00.000Z,MCT2408049,15.475278,74.055833,86.75,160.09098125,506.4375,81.02516625,24.157500000000002,20.1675,32.34500000000001,93.74437499999999,47.42437500000001,2.61,29.93633875
2026-10-09T15:36:08.602Z,MCT2408049,15.475278,74.055833,87.5,150,509.75,81.09144500000001,24.115000000000002,20.25375,32.96875,95.37125,48.0475,2.61,29.878687500000005
2026-10-09T14:40:00.000Z,MCT2408023,15.499722,74.020833,190,150.51,458.5,83.39107166666666,7.1816666666666675,25.041666666666668,45.625,146.69833333333335,93.05166666666666,3.9583333333333326,30.041803333333334
2026-10-09T14:50:00.000Z,MCT2408023,15.499722,74.020833,180.3125,150.51,462.0625,83.72120375000002,7.278749999999998,24.743125,44.676875,140.17999999999998,87.19125,3.968125,29.945051875000004
2026-10-09T15:00:00.000Z,MCT2408023,15.499722,74.020833,187.93333333333334,150.50999999999996,458.73333333333335,84.16316866666666,7.533333333333332,25.12933333333333,45.711333333333336,145.81333333333336,91.84333333333333,4.112666666666667,29.815857333333337
2026-10-09T15:10:00.000Z,MCT2408023,15.499722,74.020833,190.125,150.51,466.5625,84.83271125000002,7.038749999999999,24.860000000000007,46.18,147.46312500000002,93.08187499999998,4.22375,29.648101249999996
2026-10-09T15:20:00.000Z,MCT2408023,15.499722,74.020833,198.375,150.51,477.5,85.47930124999999,6.774999999999999,24.474999999999998,48.16062499999999,154.66625,98.06625,4.2006250000000005,29.484545000000004
2026-10-09T15:30:00.000Z,MCT2408023,15.499722,74.020833,193.875,150.51,482,85.85791062500002,6.345625,25.193749999999998,46.815625000000004,150.47125,95.3475,4.4725,29.379303124999996
2026-10-09T15:36:08.602Z,MCT2408023,15.499722,74.020833,182.6,150.51,472.2,85.94870099999999,6.9879999999999995,25.349,44.233000000000004,140.704,88.605,4.764,29.311062999999997
2026-10-09T14:40:00.000Z,MCT2408040,15.528056,74.020833,23.285714285714285,100,506.7142857142857,82.65792571428571,7.057142857142858,4.388571428571429,8.745714285714287,25.812857142857144,12.465714285714286,4.0200000000000005,30.225148571428573
2026-10-09T14:50:00.000Z,MCT2408040,15.528056,74.020833,23.4375,100,511.625,82.70601625,7.0924999999999985,4.406874999999999,8.868125,26.160625,12.679374999999999,3.769375,30.15419125
2026-10-09T15:00:00.000Z,MCT2408040,15.528056,74.020833,23.6,100,520.5333333333333,83.16524199999999,7.215333333333332,4.367999999999999,8.858,26.222666666666665,12.774000000000003,3.7760000000000007,30.078266666666664
2026-10-09T15:10:00.000Z,MCT2408040,15.528056,74.020833,23.9375,100,520.4375,83.36500500000001,7.1481249999999985,4.391875000000001,8.96875,26.756875000000004,13.102500000000001,3.52625,29.971196250000006
2026-10-09T15:20:00.000Z,MCT2408040,15.528056,74.020833,23.625,100,517,84.178489375,7.214374999999999,4.411875,8.856250000000001,26.36,12.814374999999998,3.50375,29.773449374999995
2026-10-09T15:30:00.000Z,MCT2408040,15.528056,74.020833,23.625,100,516.3125,84.14844875,7.1481249999999985,4.453124999999999,8.881250000000001,26.381249999999998,12.802499999999998,3.5,29.698373750000002
2026-10-09T15:36:08.602Z,MCT2408040,15.528056,74.020833,23.88888888888889,100,526.5555555555555,84.26675777777777,6.963333333333333,4.431111111111111,9.033333333333335,26.863333333333333,13.12111111111111,3.5,29.65569777777778
2026-10-09T14:40:00.000Z,MCT2408044,15.313669,74.140042,64,214.29,513.1666666666666,82.43867166666668,11.836666666666666,3.32,29.50166666666667,78,44.595,2.3000000000000003,30.48689
2026-10-09T14:50:00.000Z,MCT2408044,15.313669,74.140042,59.1875,214.29,524.25,82.36221562499999,11.692500000000003,3.49125,25.538124999999997,68.1875,39.19,2.3,30.447788124999995
2026-10-09T15:00:00.000Z,MCT2408044,15.313669,74.140042,56.375,214.29,521.3125,82.71745937500002,11.514375,3.599375,23.345000000000006,62.34375,35.846875,2.3,30.30903375
2026-10-09T15:10:00.000Z,MCT2408044,15.313669,74.140042,55.0625,214.29,520.625,83.4513125,11.424374999999998,3.7643750000000002,22.375624999999996,60.03125,34.730000000000004,2.3,30.126709374999997
2026-10-09T15:20:00.000Z,MCT2408044,15.313669,74.140042,54.25,214.29,519.1875,84.11983812499999,11.35625,3.6637500000000003,21.873124999999998,58.59375,33.88312499999999,2.3,29.94438125
2026-10-09T15:30:00.000Z,MCT2408044,15.313669,74.140042,55.125,214.29,520.875,84.39831249999999,11.323125,4.045625,22.447499999999998,60,34.56,2.3,29.8773475
2026-10-09T15:36:08.745Z,MCT2408044,15.313669,74.140042,55.77777777777778,214.29,530.7777777777778,84.44138555555556,11.387777777777778,4.087777777777778,22.987777777777776,61.5,35.49666666666666,2.3000000000000003,29.891646666666663
2026-10-09T14:40:00.000Z,MCT2408046,15.529167,74.07,87.85714285714286,220.57285714285712,665.1428571428571,77.46339571428571,13.85142857142857,0.26,34.32,104.58857142857143,52.28285714285715,2.84,31.213391428571423
2026-10-09T14:50:00.000Z,MCT2408046,15.529167,74.07,90.8,235.7707999999999,674.6,77.81286519999996,14.0996,0.2639999999999999,36.26319999999999,110.47640000000003,55.190799999999996,2.8400000000000016,31.176803999999994
2026-10-09T15:00:00.000Z,MCT2408046,15.529167,74.07,88.04166666666667,230.68124999999995,684.2916666666666,78.07656291666667,14.024583333333334,0.2833333333333332,34.271666666666654,104.43124999999998,52.14875,2.8400000000000016,31.09598791666666
2026-10-09T15:10:00.000Z,MCT2408046,15.529167,74.07,83.88,211.7204,684.92,78.32037279999999,13.835600000000005,0.2631999999999999,31.585200000000007,95.766,47.8612,2.8400000000000016,31.002195600000004
2026-10-09T15:20:00.000Z,MCT2408046,15.529167,74.07,81.70833333333333,197.23749999999995,692.2083333333334,78.60807916666666,13.843750000000002,0.2641666666666666,30.45250000000001,92.34875000000001,46.04958333333334,2.8400000000000016,30.880145833333334
2026-10-09T15:30:00.000Z,MCT2408046,15.529167,74.07,81.64,191.01240000000004,694.4,78.77569480000004,13.9036,0.2643999999999999,30.474000000000014,92.20999999999998,45.876000000000005,2.8400000000000016,30.860196000000002
2026-10-09T15:36:08.798Z,MCT2408046,15.529167,74.07,81.33333333333333,181.064,697.7333333333333,78.85819466666666,13.794666666666672,0.2646666666666666,30.220000000000006,91.83999999999999,45.892666666666656,2.8400000000000007,30.833312666666668
2026-10-09T14:40:00.000Z,MCT2408037,15.394444,74.118333,84.16666666666667,160,500.1666666666667,80.39526500000001,10.173333333333334,14.324999999999998,25.27333333333333,86.40833333333335,42.72,1.1116666666666666,30.274176666666662
2026-10-09T14:50:00.000Z,MCT2408037,15.394444,74.118333,86.9375,160,512.375,80.97795812499999,9.905624999999999,14.345,26.713749999999997,91.994375,45.67312500000001,1.450625,30.116653750000005
2026-10-09T15:00:00.000Z,MCT2408037,15.394444,74.118333,85,160,514.0625,81.38327125,10.031875000000001,14.268125000000001,25.551249999999996,87.59875,43.28250000000001,1.43125,29.944381875
2026-10-09T15:10:00.000Z,MCT2408037,15.394444,74.118333,86.625,160,521.25,82.155745,9.820625,14.322499999999998,26.387499999999996,91.07437499999999,45.25125000000001,1.704375,29.725185625
2026-10-09T15:20:00.000Z,MCT2408037,15.394444,74.118333,84,160,510.625,82.52529500000003,10.341875,14.290625000000002,25.13375,85.861875,42.34500000000001,1.780625,29.463094375
2026-10-09T15:30:00.000Z,MCT2408037,15.394444,74.118333,84.1875,160,495.5625,82.16576,10.29,14.368749999999999,25.318124999999995,86.21812499999999,42.34500000000001,2.0343750000000003,29.385337500000002
2026-10-09T15:36:08.799Z,MCT2408037,15.394444,74.118333,84.4,160,494.1,82.11645600000001,10.043000000000003,14.326999999999998,25.571,86.84299999999999,42.645,2.298,29.290684999999996
2026-10-09T14:40:00.000Z,MCT2408042,15.213889,74.071667,114.83333333333333,145.20000000000002,480.3333333333333,82.18817166666666,24.89,17.115000000000002,45.651666666666664,134.97333333333336,69.24166666666666,1.596666666666667,30.937343333333335
2026-10-09T14:50:00.000Z,MCT2408042,15.213889,74.071667,113.5,144.5975,477.875,82.21821187500001,25.603125000000002,16.159999999999997,44.533125,131.49749999999997,67.53375,1.2325,30.83724375
2026-10-09T15:00:00.000Z,MCT2408042,15.213889,74.071667,114.375,138.05937500000002,480.25,82.62161687500002,25.999999999999996,15.880625000000002,45.272499999999994,134.120625,68.955625,1.3681250000000003,30.749432499999998
2026-10-09T15:10:00.000Z,MCT2408042,15.213889,74.071667,115.3125,133.50625,486.6875,82.87433937499998,25.92,15.7975,46.12562500000001,136.91125,70.550625,1.2412500000000002,30.682403750000006
2026-10-09T15:20:00.000Z,MCT2408042,15.213889,74.071667,116.375,119.52937500000002,491.6875,83.18666812499998,25.836875,15.485624999999999,47.43375000000001,140.730625,72.43124999999999,1.470625,30.628107500000006
2026-10-09T15:30:00.000Z,MCT2408042,15.213889,74.071667,119.0625,104.20750000000001,499.0625,83.43319375,25.360000000000003,15.835625,48.969375,145.1775,74.65124999999999,1.50125,30.60397625
2026-10-09T15:36:08.807Z,MCT2408042,15.213889,74.071667,119.6,103.585,508.4,83.64385999999999,25.16,15.489,49.14,146.465,75.71200000000002,1.6489999999999998,30.594859000000003
2026-10-09T14:40:00.000Z,MCT2408041,15.224628,74.171389,87.16666666666667,158,567.8333333333334,83.28426,13.998333333333335,9.700000000000001,31,92.21333333333332,47.855,6.8566666666666665,30.372488333333333
2026-10-09T14:50:00.000Z,MCT2408041,15.224628,74.171389,87.75,175.44264374999997,568.1875,83.658260625,13.874999999999996,9.7,31.436875000000004,93.46187499999999,48.32687500000001,6.718749999999998,30.315066249999997
2026-10-09T15:00:00.000Z,MCT2408041,15.224628,74.171389,87.8125,171.60666250000003,560.3125,84.33298375000001,13.883750000000001,9.7,31.536875,93.66375,48.376250000000006,6.9156249999999995,30.244012500000007
2026-10-09T15:10:00.000Z,MCT2408041,15.224628,74.171389,88.125,170.94311874999997,567.3125,84.46316125000001,13.834999999999999,9.7,31.638750000000005,94.07062500000002,48.63062500000001,7.033124999999999,30.226583125
2026-10-09T15:20:00.000Z,MCT2408041,15.224628,74.171389,87.875,161.93915625,574.25,84.898513125,13.844375,9.7,31.536875000000002,93.664375,48.478125000000006,7.0375,30.19507937499999
2026-10-09T15:30:00.000Z,MCT2408041,15.224628,74.171389,88.4375,167.78779374999996,568.6875,84.92044812500002,13.716249999999997,9.7,31.78937500000001,94.728125,49.084374999999994,7.248749999999999,30.180333124999997
2026-10-09T15:36:08.807Z,MCT2408041,15.224628,74.171389,86.77777777777777,190.9028222222222,578.6666666666666,85.00850333333334,13.894444444444444,9.700000000000001,30.90888888888888,91.53555555555555,47.18,7.111111111111111,30.132369999999998
2026-10-09T14:40:00.000Z,MCT2408033,15.346944,74.007778,67,110,516.6666666666666,81.08953666666666,6.579999999999999,1.8949999999999998,27.978333333333335,71.71,43.23499999999999,4.39,30.127601666666664
2026-10-09T14:50:00.000Z,MCT2408033,15.346944,74.007778,68.75,110,516.0625,81.33749437499998,7.394374999999998,2.42875,29.5075,75.126875,45.14750000000001,4.39,30.03554625
2026-10-09T15:00:00.000Z,MCT2408033,15.346944,74.007778,69.8125,110,516.1875,81.822436875,9.525,2.8993749999999996,30.228125000000006,77.14687500000001,46.39625000000001,4.39,29.920919374999997
2026-10-09T15:10:00.000Z,MCT2408033,15.346944,74.007778,67.5,110,522.0625,82.30404312499999,8.836875,2.7531249999999994,28.787499999999998,73.075625,43.74875,4.39,29.809645625000005
2026-10-09T15:20:00.000Z,MCT2408033,15.346944,74.007778,65.8125,110,515,82.63067562500001,8.578124999999998,2.9593750000000005,27.384999999999994,69.615,41.652499999999996,4.39,29.688989375
2026-10-09T15:30:00.000Z,MCT2408033,15.346944,74.007778,65,110,535.875,83.078903125,8.084375,3.0606250000000004,26.476875000000003,67.75687500000001,40.80812499999999,4.39,29.5763775
2026-10-09T15:36:08.936Z,MCT2408033,15.346944,74.007778,64.9,110,517.6,83.250184,7.877999999999998,3.0829999999999997,26.425,67.693,40.766000000000005,4.39,29.543799999999997
2026-10-09T14:40:00.000Z,MCT2408024,15.148056,74.131667,104.625,186.280075,656.375,76.60726875,18.26866375,5.78914125,37.72,116.05625000000003,62.074999999999996,2.6399999999999997,31.16302125
2026-10-09T14:50:00.000Z,MCT2408024,15.148056,74.131667,103.68181818181819,186.20289999999997,706.2272727272727,76.84828818181822,18.300894545454543,6.262625999999998,36.60636363636365,112.52318181818185,60.04181818181821,2.6827272727272726,31.057595000000006
2026-10-09T15:00:00.000Z,MCT2408024,15.148056,74.131667,102.33333333333333,186.56969047619046,727.1428571428571,77.17856714285713,18.265035238095237,6.400054714285713,34.73190476190478,107.98476190476194,57.99952380952383,2.6804761904761905,30.981522380952377
2026-10-09T15:10:00.000Z,MCT2408024,15.148056,74.131667,101.5,187.643275,802.75,77.206175,18.027165,6.984126750000001,34.47,105.69,56.205000000000005,2.7249999999999996,30.93377
2026-10-09T15:20:00.000Z,MCT2408024,15.148056,74.131667,102.33333333333333,193.4064666666667,763,79.53695666666665,28.36657666666667,53.65800466666667,34.97,107.7666666666667,57.453333333333326,2.8349999999999995,29.97923833333333
2026-10-09T15:30:00.000Z,MCT2408024,15.148056,74.131667,102.9375,192.84991250000002,701.6875,78.59377312500001,22.115668749999998,27.497747437500003,35.22000000000001,109.24500000000005,58.763750000000016,2.7699999999999996,30.363328749999997
2026-10-09T15:36:08.993Z,MCT2408024,15.148056,74.131667,102.18181818181819,198.1533090909091,717.8181818181819,78.24377636363637,24.370682727272733,69.66745145454546,35.0609090909091,108.02727272727276,57.680000000000014,2.9254545454545453,30.57838272727272
2026-10-09T14:40:00.000Z,MCT2408045,15.619444,73.878889,87.28571428571429,243.27142857142857,774.8571428571429,81.5244142857143,8.782857142857141,14.001428571428571,31.492857142857144,105.91714285714285,54.44428571428572,2.53,29.71187714285714
2026-10-09T14:50:00.000Z,MCT2408045,15.619444,73.878889,85.25,228.39687500000002,771.9375,81.60261500000001,9.093750000000002,14.546249999999999,29.980624999999996,101.519375,52.341249999999995,2.5300000000000002,29.68965875
2026-10-09T15:00:00.000Z,MCT2408045,15.619444,73.878889,84.1875,241.925,775.25,81.99648249999997,8.971874999999999,14.793125000000002,29.161875,99.201875,51.350625,2.5300000000000002,29.616595624999995
2026-10-09T15:10:00.000Z,MCT2408045,15.619444,73.878889,85.125,216.91374999999996,774.625,82.384629375,8.955625,14.7675,29.696874999999995,101.05624999999999,52.305,2.5300000000000002,29.51537875
2026-10-09T15:20:00.000Z,MCT2408045,15.619444,73.878889,86.73333333333333,204.07266666666666,782.4,82.47656333333336,9.074666666666667,14.837333333333332,30.602666666666657,104.36933333333333,54.24600000000001,2.5300000000000002,29.416173333333333
2026-10-09T15:30:00.000Z,MCT2408045,15.619444,73.878889,84.6875,204.72312499999998,787.375,82.61398812499999,8.878124999999999,14.963125,29.539374999999996,100.13062499999998,51.669374999999995,2.5300000000000002,29.398075
2026-10-09T15:36:08.993Z,MCT2408045,15.619444,73.878889,84.3,212.68699999999998,791.2,82.85192900000001,9.043000000000001,14.854999999999999,29.345,99.63700000000001,51.402,2.5300000000000002,29.321785999999996
2026-10-09T14:40:00.000Z,MCT2408022,15.475833,74.038889,107.83333333333333,150,465,80.00997666666666,3.9133333333333327,12.558734999999999,38.5,118.5,63.5,3.907129166666666,30.11330333333333
2026-10-09T14:50:00.000Z,MCT2408022,15.475833,74.038889,108.13333333333334,150,467.93333333333334,80.36881466666665,3.980666666666666,12.330184666666668,39.06666666666667,119.53333333333333,63.6,3.922497733333333,30.009626666666673
2026-10-09T15:00:00.000Z,MCT2408022,15.475833,74.038889,109.625,150,464.875,80.63559,3.96,12.254893749999999,40.5,123.3125,65.25,3.9438148125000003,29.844501875
2026-10-09T15:10:00.000Z,MCT2408022,15.475833,74.038889,109.78571428571429,150,466.2142857142857,81.3080642857143,3.632857142857143,12.534638571428571,40.5,124.07142857142857,66.07142857142857,4.046797499999999,29.722601428571426
2026-10-09T15:20:00.000Z,MCT2408022,15.475833,74.038889,109.73333333333333,150,468.93333333333334,81.61444,3.433999999999999,12.644311333333338,40.2,123.73333333333333,66.06666666666666,4.032124,29.774386666666665
2026-10-09T15:30:00.000Z,MCT2408022,15.475833,74.038889,109.1875,150,473.4375,82.1743425,3.4374999999999996,12.80195625,40,122.625,65.4375,4.0037149375,29.734571875000004
2026-10-09T15:36:08.999Z,MCT2408022,15.475833,74.038889,110.33333333333333,150,472.6666666666667,82.64932777777777,3.5677777777777777,12.751673333333333,41,125.55555555555556,66.77777777777777,4.052982777777777,29.679532222222228
2026-10-09T14:40:00.000Z,MCT2408032,15.525556,73.828611,270.77777777777777,178.93000000000004,616.1111111111111,60.32826,14.268888888888888,13.43777777777778,77.83999999999999,240.36444444444442,128.50777777777776,1.4788888888888891,36.76405333333334
2026-10-09T14:50:00.000Z,MCT2408032,15.525556,73.828611,260.08,178.92999999999995,610.36,61.66631960000001,13.581999999999999,13.504000000000001,73.3016,227.6776,122.02679999999997,1.548,36.239477199999996
2026-10-09T15:00:00.000Z,MCT2408032,15.525556,73.828611,248.44,178.92999999999995,633.72,64.9640512,13.7272,13.7424,69.3712,214.9896,115.006,1.4052,35.0614324
2026-10-09T15:10:00.000Z,MCT2408032,15.525556,73.828611,243.6,178.92999999999995,620.12,62.04077160000001,14.245999999999999,14.041999999999996,67.89160000000001,210.0424,112.11840000000001,1.5871999999999997,36.117638
2026-10-09T15:20:00.000Z,MCT2408032,15.525556,73.828611,246.96,178.92999999999995,608.6,60.98730440000002,14.2,13.494799999999998,68.80239999999999,213.28480000000008,114.2124,2.198400000000001,36.40850519999999
2026-10-09T15:30:00.000Z,MCT2408032,15.525556,73.828611,251.4,178.92999999999995,627.76,60.531678000000014,14.120799999999997,13.8652,71.0804,219.14399999999995,116.8176,2.1348000000000003,36.50417359999998
2026-10-09T15:36:09.000Z,MCT2408032,15.525556,73.828611,249,178.93000000000004,687.5,63.887542999999994,12.553,10.934999999999999,68.774,214.337,115.373,3.1610000000000005,35.163749
2026-10-09T14:40:00.000Z,MCT2408036,15.171567,74.067106,61.833333333333336,120,617.6666666666666,85.24246999999998,8.531666666666666,5.4316666666666675,23.159999999999997,68.72666666666667,36.81166666666667,10.209999999999999,29.421533333333333
2026-10-09T14:50:00.000Z,MCT2408036,15.171567,74.067106,58.75,120,609.6875,85.35675500000002,9.105,5.491874999999999,21.218125,62.690625,33.370625000000004,10.521875,29.447676875000003
2026-10-09T15:00:00.000Z,MCT2408036,15.171567,74.067106,58.666666666666664,120,603.1333333333333,85.49627733333334,9.356666666666666,5.8966666666666665,21.264,62.547999999999995,33.232000000000006,10.396000000000004,29.444058
2026-10-09T15:10:00.000Z,MCT2408036,15.171567,74.067106,58.625,120,612.6875,86.16356250000001,9.423125,6.0125,21.08625,62.3425,33.275625000000005,10.275625,29.332378124999995
2026-10-09T15:20:00.000Z,MCT2408036,15.171567,74.067106,59.6,120,624.3333333333334,85.85129866666665,9.303333333333335,6.461333333333333,21.859333333333332,64.506,34.278,9.987333333333334,29.37327
2026-10-09T15:30:00.000Z,MCT2408036,15.171567,74.067106,59.1875,120,638,85.912745625,9.758750000000001,6.8075,21.64625,63.67187500000001,33.814375,10.100000000000001,29.363883750000003
2026-10-09T15:36:09.132Z,MCT2408036,15.171567,74.067106,58.1,120,640.8,86.33398600000001,9.384,6.640000000000001,20.581,61.041999999999994,32.621,10.516000000000002,29.31964
2026-10-09T14:40:00.000Z,MCT2408031,15.290833,74.149167,62.5,140,622.6666666666666,83.977265,6.646959500000001,13.241485333333335,26.985,70.86999999999999,38.88833333333333,4.009999999999999,29.611009999999997
2026-10-09T14:50:00.000Z,MCT2408031,15.290833,74.149167,61.625,140,620.9375,84.150355625,6.3879064375,11.260478000000003,26.36875,69.185,37.94625,4.009999999999999,29.544202499999997
2026-10-09T15:00:00.000Z,MCT2408031,15.290833,74.149167,59.4375,140,619.875,84.50417,6.6344224375000005,10.2451200625,24.7925,64.783125,35.417500000000004,4.009999999999999,29.447677499999994
2026-10-09T15:10:00.000Z,MCT2408031,15.290833,74.149167,58.875,140,595.125,84.71779312499999,6.5153873125,9.482777937500002,24.673750000000002,64.43,35.1775,4.009999999999999,29.354499999999998
2026-10-09T15:20:00.000Z,MCT2408031,15.290833,74.149167,60.8125,140,558.4375,84.8851625,6.568174375000001,10.0362014375,26.310624999999998,68.9125,37.766875,4.009999999999999,29.273391250000003
2026-10-09T15:30:00.000Z,MCT2408031,15.290833,74.149167,62.4375,140,569.5625,85.06636062499999,6.618718125000002,9.0085033125,27.351250000000004,71.95750000000001,39.61375,4.009999999999999,29.235854375000002
2026-10-09T15:36:09.198Z,MCT2408031,15.290833,74.149167,61.6,140,586.2,85.075134,6.432854600000001,11.700631600000001,26.617,70.043,38.572,4.009999999999999,29.212391000000004
2026-10-09T14:40:00.000Z,MCT2408038,15.188889,74.055556,71.5,623.6416666666665,745.1666666666666,78.90499000000001,8.056666666666665,13.33,29.00666666666666,82.67,40.693333333333335,4.378333333333333,31.341325
2026-10-09T14:50:00.000Z,MCT2408038,15.188889,74.055556,70.0625,526.0068749999999,750,79.18838812499999,7.913749999999999,13.330000000000005,28.257500000000004,80.20624999999998,39.302499999999995,4.339375000000001,31.228713125000002
2026-10-09T15:00:00.000Z,MCT2408038,15.188889,74.055556,70.625,520.680625,754,79.85214562499999,7.931875,13.330000000000005,28.724375,81.32437499999999,39.92375,4.336250000000001,31.10068
2026-10-09T15:10:00.000Z,MCT2408038,15.188889,74.055556,73.125,489.686875,752.5625,80.22741624999999,8.094375,13.330000000000005,30.585624999999993,86.23312499999999,42.126875000000005,4.3012500000000005,31.01152625
2026-10-09T15:20:00.000Z,MCT2408038,15.188889,74.055556,66.1875,484.48812499999997,760.5,80.55595875,8.008750000000001,13.330000000000005,25.671249999999993,72.50124999999998,35.51375,4.357500000000001,30.97466
2026-10-09T15:30:00.000Z,MCT2408038,15.188889,74.055556,63.1875,289.528125,762.9375,80.45296062499999,7.690625,13.330000000000005,23.81125000000001,67.53187500000001,33.241875,4.388125,31.01956999999999
2026-10-09T15:36:09.200Z,MCT2408038,15.188889,74.055556,62.4,246.952,743.5,80.65847800000002,7.936,13.330000000000002,23.353999999999996,66.10300000000001,32.629999999999995,4.427,30.991685
2026-10-09T14:40:00.000Z,MCT2408039,15.163611,74.110833,69.33333333333333,149.91,521,82.46283166666667,18.641666666666666,10.321006666666667,22.45,74.93833333333333,31.986666666666665,2.3000000000000003,29.986388333333334
2026-10-09T14:50:00.000Z,MCT2408039,15.163611,74.110833,66.5625,57.40187499999999,507.875,82.520528125,18.166875,10.318052500000002,20.570625,68.79875,29.390624999999993,2.3,29.953765
2026-10-09T15:00:00.000Z,MCT2408039,15.163611,74.110833,66.9375,47.49437499999999,505,82.68503374999999,17.718125,10.305579375,21.065000000000005,69.83125000000001,29.704374999999995,2.3,29.92896
2026-10-09T15:10:00.000Z,MCT2408039,15.163611,74.110833,65.26666666666667,82.69933333333333,511.93333333333334,82.67645266666665,17.186000000000003,10.3,19.914666666666665,66.426,28.368666666666662,2.3,29.89808199999999
2026-10-09T15:20:00.000Z,MCT2408039,15.163611,74.110833,65.375,110.86999999999999,505.1875,82.73415062499998,17.001250000000002,10.3,20.008750000000003,66.6025,28.354374999999994,2.3,29.854557500000002
2026-10-09T15:30:00.000Z,MCT2408039,15.163611,74.110833,66.25,77.41,516.3125,82.867665625,17.254375000000003,10.3,20.466250000000002,68.151875,29.07624999999999,2.3,29.878688749999995
2026-10-09T15:36:09.200Z,MCT2408039,15.163611,74.110833,68.5,49.111,527,83.12201200000001,16.572,10.299999999999999,21.978999999999992,73.075,31.099,2.3000000000000003,29.896654
2026-10-09T14:40:00.000Z,MCT2408035,15.236111,74.125,42,190,547,81.46719333333334,15.750555,5.2716666666666665,13.12,40.19,21.508333333333336,6.66,30.880146666666665
2026-10-09T14:50:00.000Z,MCT2408035,15.236111,74.125,41.3125,190,557.3125,81.74662,14.954191249999997,5.38375,13.47625,41.839375,22.6175,6.580624999999999,30.768202499999994
2026-10-09T15:00:00.000Z,MCT2408035,15.236111,74.125,40.1875,190,561.9375,82.531494375,13.818938124999999,4.984375,13.357500000000002,41.1325,22.145624999999992,6.4593750000000005,30.62475625
2026-10-09T15:10:00.000Z,MCT2408035,15.236111,74.125,41.75,190,542.1875,82.93299249999998,15.438984999999999,5.690625000000001,13.120000000000003,40.66,21.935,6.096250000000001,30.532246875
2026-10-09T15:20:00.000Z,MCT2408035,15.236111,74.125,41.1875,190,544.625,83.17999375,14.924545625,5.893750000000001,13.31,41.509375,22.546874999999996,6.143749999999999,30.48532625
2026-10-09T15:30:00.000Z,MCT2408035,15.236111,74.125,42.375,190,564,83.55431062500001,16.069681874999997,6.254999999999999,13.191250000000002,40.824374999999996,22.051249999999996,5.996874999999999,30.429689999999994
2026-10-09T15:36:09.198Z,MCT2408035,15.236111,74.125,42.2,190,588.7,83.830781,15.873323,6.083,13.386000000000001,41.62199999999999,22.529000000000003,6.046,30.370702
2026-10-09T14:40:00.000Z,MCT2408026,15.2467,74.198281,117.11111111111111,125,519.5555555555555,79.31273666666667,13.18385777777778,12.5,33.082222222222214,104.12555555555555,55.39333333333333,49.96666666666667,31.670821111111113
2026-10-09T14:50:00.000Z,MCT2408026,15.2467,74.198281,117.16666666666667,125,513.7916666666666,79.86406708333332,13.107032916666668,12.5,33.67416666666666,106.66458333333331,56.89333333333334,49.9125,31.520968333333332
2026-10-09T15:00:00.000Z,MCT2408026,15.2467,74.198281,117.24,125,550.04,81.00164720000002,13.103102400000003,12.5,34.2544,107.35040000000001,56.81679999999999,49.904,31.316657600000003
2026-10-09T15:10:00.000Z,MCT2408026,15.2467,74.198281,117.16666666666667,125,560.9583333333334,80.32882375000003,13.089875000000005,12.5,33.35833333333334,105.85875000000003,56.65333333333334,49.9125,31.487899583333327
2026-10-09T15:20:00.000Z,MCT2408026,15.2467,74.198281,117.04166666666667,125,589.7083333333334,81.74375916666669,13.016593750000006,12.5,32.688750000000006,101.14500000000002,52.997499999999995,49.7875,31.161679166666662
2026-10-09T15:30:00.000Z,MCT2408026,15.2467,74.198281,117.28,125,592.76,81.6464836,13.114923600000003,12.5,32.5156,101.74119999999999,53.8468,49.97600000000001,31.121031599999995
2026-10-09T15:36:09.328Z,MCT2408026,15.2467,74.198281,117.2,125,552.8666666666667,81.43998200000003,13.126939333333334,12.5,32.767333333333326,102.57933333333334,54.386666666666656,49.870000000000005,31.238722
