time,device_id,latitude,longitude,aqi,co,co2,hum,no2,o3,pm1,pm10,pm25,so2,temp
2026-09-05T18:30:00.000Z,MCT2408028,15.186944,74.096667,43.92,617.3391999999999,545.12,90.13616920000003,19.303599999999996,11.811999999999998,8.950000000000003,29.59240000000001,17.0196,2.5496,26.0639308
2026-09-05T18:36:35.636Z,MCT2408028,15.186944,74.096667,43.25,611.5749999999998,545.3125,90.20857187499999,18.679999999999996,12.116249999999997,9.49,31.258124999999996,17.8925,2.21875,26.061893750000003
2026-09-05T18:30:00.000Z,MCT2408020,15.543475,74.039433,36.1875,180,531.3125,87.50347625000002,9.148980875000001,19.301183125,15.305000000000001,46.424375,24.451249999999998,3.6599999999999984,27.293941249999996
2026-09-05T18:36:35.666Z,MCT2408020,15.543475,74.039433,35.90909090909091,180,531.7272727272727,87.4968418181818,9.324329818181818,19.390122727272725,14.839999999999998,45.66636363636365,24.16090909090909,3.6599999999999993,27.254577272727275
2026-09-05T18:30:00.000Z,MCT2408057,15.272222,74.104722,29.88,330.7560000000001,469.92,85.46820080000002,12.3304,8.874799999999999,4.147600000000001,13.093599999999999,7.307999999999997,1.6228,27.841728
2026-09-05T18:36:35.689Z,MCT2408057,15.272222,74.104722,29.9375,330.993125,475.25,85.23468500000001,12.390625,8.838125,4.3568750000000005,13.569999999999999,7.4731250000000005,1.7281250000000001,27.822822500000004
2026-09-05T18:30:00.000Z,MCT2408055,15.585833,73.885556,28.6875,73.7325,852.8125,88.05326937499999,9.00125,6.860000000000001,10.9275,31.41375,17.21125,1.239375,26.97352874999999
2026-09-05T18:36:35.689Z,MCT2408055,15.585833,73.885556,32.7,65.014,854.6,87.99337799999999,8.915,6.997999999999999,13.709999999999997,39.738,21.947,1.3110000000000002,26.929019
2026-09-05T18:30:00.000Z,MCT2408056,15.579167,73.920833,37.1875,180,584.3125,88.59161749999998,6.640625000000001,9.985914500000002,13.489374999999995,41.154999999999994,22.903125000000003,1.5599999999999998,26.905156874999996
2026-09-05T18:36:35.711Z,MCT2408056,15.579167,73.920833,33.09090909090909,180,598,88.39086999999999,6.776363636363637,9.590909,11.175454545454546,33.36727272727273,18.31818181818182,1.5600000000000003,26.965969999999995
2026-09-05T18:30:00.000Z,MCT2408053,15.263333,74.110833,40.5,122.66258749999999,692.5625,92.16741750000001,16.450625,28.481874999999995,8.7225,29.291249999999994,18.753750000000007,6.0525,26.526425625
2026-09-05T18:36:35.891Z,MCT2408053,15.263333,74.110833,39.1,120.96396,684.3,92.171234,15.312999999999997,28.466999999999995,10.008999999999999,32.961,20.644,6.223999999999999,26.494652000000002
2026-09-05T18:30:00.000Z,MCT2408052,15.444425,74.063856,48.375,160,746.5,86.981815,3.6084650000000007,8,21.03,55.60187500000001,24.550625,2,27.137755
2026-09-05T18:36:35.911Z,MCT2408052,15.444425,74.063856,60.18181818181818,160,740.3636363636364,87.11675909090908,3.5813718181818186,8,30.287272727272725,79.18454545454546,34.48727272727273,2,27.125872727272725
2026-09-05T18:30:00.000Z,MCT2408043,15.221111,74.087222,38.8,161.95600000000002,640.7333333333333,85.893514,14.182666666666664,10.415333333333331,14.437333333333333,45.31799999999999,24.084,5.290000000000001,27.118138666666667
2026-09-05T18:36:35.940Z,MCT2408043,15.221111,74.087222,39.27272727272727,147.0290909090909,656.8181818181819,86.12424454545454,14.186363636363636,10.344545454545456,14.851818181818182,46.46545454545455,24.572727272727274,5.29,27.068347272727273
2026-09-05T18:30:00.000Z,MCT2408021,15.500556,74.053333,50.3125,375,565,87.06907687500001,21.825625000000002,14.797573125000001,4.613125,14.5925,9.46625,4.1775,26.929959374999996
2026-09-05T18:36:35.947Z,MCT2408021,15.500556,74.053333,50.36363636363637,375,568.2727272727273,87.33662545454546,21.793636363636363,14.859027272727273,4.588181818181817,14.189999999999998,9.048181818181819,4.161818181818182,26.86554818181818
2026-09-05T18:30:00.000Z,MCT2408051,15.486528,74.033889,52.5625,353.7237500000001,887.625,98.16555249999998,22.433125,5.1899999999999995,7.309374999999999,22.1025,11.666250000000002,4.39,25.839349999999996
2026-09-05T18:36:35.953Z,MCT2408051,15.486528,74.033889,52.09090909090909,357.40636363636366,884.3636363636364,98.13429909090907,22.128181818181815,5.1899999999999995,5.656363636363636,18.080909090909095,10.013636363636364,4.39,25.81741363636364
2026-09-05T18:30:00.000Z,MCT2408050,15.553611,73.958333,27.75,86.02999999999999,605.9375,91.26715250000002,11.500000000000002,4.114375,5.62125,17.976875,9.623750000000001,2.4437499999999996,26.130266875
2026-09-05T18:36:36.144Z,MCT2408050,15.553611,73.958333,27.9,86.02999999999999,581.9,91.26944,11.568999999999997,4.1240000000000006,6.45,20.696000000000005,11.485,2.488,26.079591
2026-09-05T18:30:00.000Z,MCT2408034,15.356389,74.123611,36.72,180,546.64,76.00622559999998,6.150000000000002,4.941599999999999,14.183200000000001,44.714800000000004,23.704800000000006,1.1383999999999996,30.679158799999996
2026-09-05T18:36:36.167Z,MCT2408034,15.356389,74.123611,36.3125,180,540.1875,75.84766750000001,6.150000000000001,5.114999999999998,14.014375000000001,43.901875000000004,23.148124999999997,1.1099999999999999,30.688436875000004
2026-09-05T18:30:00.000Z,MCT2408030,15.142519,74.075003,31.466666666666665,163,538.5333333333333,82.56302733333332,8.791333333333334,6.200000000000002,11.684000000000001,34.854,19.186,4.279333333333333,27.035912666666672
2026-09-05T18:36:36.186Z,MCT2408030,15.142519,74.075003,30.727272727272727,163,550.3636363636364,82.58975545454545,8.84818181818182,6.200000000000002,11.24818181818182,33.591818181818184,18.58818181818182,4.225454545454546,27.06737272727273
2026-09-05T18:30:00.000Z,MCT2408029,15.333611,74.206944,13.3125,147.28699375,580.75,91.37777500000001,3.7293749999999997,7.641875000000001,4.561249999999999,13.980625,7.833749999999999,3.5,26.506316250000005
2026-09-05T18:36:36.191Z,MCT2408029,15.333611,74.206944,12.818181818181818,151.7743181818182,590.4545454545455,91.40933454545456,3.277272727272728,8.447272727272727,4.388181818181818,13.399090909090908,7.488181818181818,3.51,26.50576636363636
2026-09-05T18:30:00.000Z,MCT2408023,15.499722,74.020833,37.125,152.05,496.125,91.09978250000002,9.176874999999999,19.04,9.504375,32.056875,21.206249999999997,4.124375,26.431911875000004
2026-09-05T18:36:36.205Z,MCT2408023,15.499722,74.020833,35.5,169.76,493.5,90.83227500000001,9.79,16.52,7.6,28.494999999999997,19.575000000000003,4.065,26.38097
2026-09-05T18:30:00.000Z,MCT2408027,15.275556,74.1075,33.375,1174.51125,584.5625,89.78418875,6.579999999999999,13.365625000000003,12.019374999999998,37.641875,20.380000000000003,2.9500000000000006,26.84818
2026-09-05T18:36:36.393Z,MCT2408027,15.275556,74.1075,29.3,1188.2690000000002,577.9,89.99151599999999,6.58,13.203000000000003,9.469,29.669999999999998,16.206000000000003,2.9499999999999997,26.84751
2026-09-05T18:30:00.000Z,MCT2408040,15.528056,74.020833,18.875,100,551.1875,88.397069375,7.9325,4.735625000000001,3.07,8.42,3.7299999999999986,3.5,26.943365625000002
2026-09-05T18:36:36.418Z,MCT2408040,15.528056,74.020833,18.818181818181817,100,540.8181818181819,88.26671818181816,7.901818181818182,4.723636363636364,3.07,8.451818181818183,3.7690909090909086,3.5,27.006923636363638
2026-09-05T18:30:00.000Z,MCT2408049,15.475278,74.055833,56.8125,150,548.0625,86.19408124999998,24.318750000000005,13.96375,9.3925,27.626875,14.193750000000003,2.61,27.39046812500001
2026-09-05T18:36:36.442Z,MCT2408049,15.475278,74.055833,56.45454545454545,150,562.7272727272727,86.14713454545455,24.074545454545454,14.154545454545454,9.69,28.762727272727265,14.788181818181819,2.61,27.38522818181818
2026-09-05T18:30:00.000Z,MCT2408044,15.313669,74.140042,24.4375,214.29,534.875,94.57640062500002,10.921875000000002,3.34625,4.885625,13.34375,7.941249999999998,3.08269225,25.957325
2026-09-05T18:36:36.442Z,MCT2408044,15.313669,74.140042,24.4,214.29000000000002,536.3,94.69275000000002,10.925,3.446,4.136999999999999,11.7,7.138000000000001,3.005641,25.97341
2026-09-05T18:30:00.000Z,MCT2408046,15.529167,74.07,31.04,95.9232,619.68,84.62805199999998,13.361600000000003,0.7199999999999999,9.408399999999999,28.306800000000003,13.9372,3.0595999999999997,28.0669528
2026-09-05T18:36:36.452Z,MCT2408046,15.529167,74.07,31.0625,108.43562499999999,623.5625,84.67249437499999,13.385000000000002,0.7362500000000001,12.285624999999996,37.076249999999995,18.524375,2.9843750000000004,28.044699374999997
2026-09-05T18:30:00.000Z,MCT2408037,15.394444,74.118333,25.1875,160,511.9375,85.200349375,10.52,14.108125000000001,3.9049999999999994,15.33125,8.431875,3.485,26.832764374999996
2026-09-05T18:36:36.647Z,MCT2408037,15.394444,74.118333,25.1,160,512.2,85.29638700000001,10.546000000000001,13.938999999999998,4.312,17.253000000000004,9.514999999999999,3.436,26.786378000000006
2026-09-05T18:30:00.000Z,MCT2408042,15.213889,74.071667,61,218.94124999999997,499.9375,88.72989875000003,26.033124999999995,13.835624999999999,11.716249999999999,35.568749999999994,18.618125000000003,2.9231249999999993,27.220203749999996
2026-09-05T18:36:36.664Z,MCT2408042,15.213889,74.071667,60.7,212.843,496.5,88.686889,25.814,13.226999999999999,11.556999999999999,34.38199999999999,17.765,3.0919999999999996,27.214304000000006
2026-09-05T18:30:00.000Z,MCT2408033,15.346944,74.007778,19.875,110,479.9375,89.00455812499999,7.92875,4.241874999999999,6.6293750000000005,17.533125000000002,10.920625000000001,4.39,26.903146874999997
2026-09-05T18:36:36.699Z,MCT2408033,15.346944,74.007778,20.1,110,488.8,89.07217599999998,8.145999999999997,4.064,5.636000000000001,14.821000000000002,9.294999999999998,4.39,26.886119
2026-09-05T18:30:00.000Z,MCT2408041,15.224628,74.171389,32.8125,380.925925,563.9375,89.53146437499998,13.8125,9.7,8.090000000000002,20.55375,9.203125000000004,7.778749999999999,26.578040625000003
2026-09-05T18:36:36.699Z,MCT2408041,15.224628,74.171389,32.72727272727273,345.6606818181818,573.8181818181819,89.56233090909089,13.759090909090911,9.700000000000001,8.090000000000002,21.060000000000002,9.70818181818182,7.942727272727273,26.604242727272723
2026-09-05T18:30:00.000Z,MCT2408024,15.148056,74.131667,41.32,213.11761600000003,733.96,80.22955400000004,18.0271276,5.569696959999999,9.870400000000002,30.74240000000001,16.626400000000004,2.4868000000000006,27.561584400000015
2026-09-05T18:36:36.699Z,MCT2408024,15.148056,74.131667,41.125,211.93778749999998,717.4375,80.27700750000001,17.873053125,6.187319499999998,13.052500000000002,39.603750000000005,20.6675,2.4874999999999994,27.470905000000002
2026-09-05T18:30:00.000Z,MCT2408045,15.619444,73.878889,27.4375,178.11999999999995,727.625,85.501713125,10.928125,16.53875,8.934375000000001,29.944999999999997,15.303125000000005,2.5300000000000002,26.868289374999996
2026-09-05T18:36:36.892Z,MCT2408045,15.619444,73.878889,27.181818181818183,178.11999999999998,734.4545454545455,85.6331918181818,10.848181818181818,16.512727272727272,8.557272727272728,28.88272727272727,14.907272727272726,2.5300000000000002,26.815820909090906
2026-09-05T18:30:00.000Z,MCT2408022,15.475833,74.038889,26.8125,150,470.375,89.38459874999998,4.307499999999999,11.360692499999999,9,28.0625,15.25,4.1874910624999995,26.761039374999992
2026-09-05T18:36:36.916Z,MCT2408022,15.475833,74.038889,26.8,150,474.8,89.34454399999997,4.434,11.288655,9.1,28.4,15.5,4.2421093,26.727389000000006
2026-09-05T18:30:00.000Z,MCT2408032,15.525556,73.828611,34.76,178.92999999999995,636.72,85.85424680000001,14.637200000000002,18.234800000000003,7.233600000000003,21.8472,11.608400000000001,1.9980000000000002,27.908223599999996
2026-09-05T18:36:36.950Z,MCT2408032,15.525556,73.828611,34.588235294117645,178.92999999999998,632.1764705882352,86.09352470588237,14.422352941176468,18.580000000000002,7.120000000000002,17.905294117647056,7.91,2.1858823529411766,27.827596470588237
2026-09-05T18:30:00.000Z,MCT2408036,15.171567,74.067106,35.13333333333333,120,540.9333333333333,88.49462933333334,10.253333333333334,7.620000000000001,5.578666666666668,17.19066666666667,9.490666666666668,10.436666666666667,27.16318466666667
2026-09-05T18:36:36.959Z,MCT2408036,15.171567,74.067106,35.09090909090909,120,538.7272727272727,88.86527909090908,9.904545454545458,7.600909090909091,6.123636363636364,18.14454545454545,9.717272727272727,10.47181818181818,27.054698181818182
2026-09-05T18:30:00.000Z,MCT2408031,15.290833,74.149167,23.125,140,520.3125,86.99182875,7.250448625,6.7727468125,10.595,28.314375,15.835,4.2425,26.78249062500001
2026-09-05T18:36:36.959Z,MCT2408031,15.290833,74.149167,21.9,140,527,87.05572500000001,7.112964400000001,6.807634800000001,9.618999999999998,25.695000000000004,14.285,4.426,26.781016000000005
2026-09-05T18:30:00.000Z,MCT2408035,15.236111,74.125,47.6875,190,785.8125,88.48242374999998,18.580262499999996,9.250625000000001,5.67625,17.995625,9.92875,3.8299999999999987,27.075416875000002
2026-09-05T18:36:37.139Z,MCT2408035,15.236111,74.125,48.2,190,771.5,88.55719200000001,18.853235,9.23,5.548,17.737,9.736,3.829999999999999,27.006241
2026-09-05T18:30:00.000Z,MCT2408039,15.163611,74.110833,32,203.595625,534,85.75014499999999,12.837499999999999,10.3,9.019999999999998,28.94,11.759999999999998,2.3,26.64641125
2026-09-05T18:36:37.177Z,MCT2408039,15.163611,74.110833,32.1,229.58900000000003,535.9,85.782378,13.785999999999998,10.299999999999999,9.019999999999998,28.940000000000005,11.760000000000002,2.3000000000000003,26.613698
2026-09-05T18:30:00.000Z,MCT2408026,15.2467,74.198281,30.958333333333332,125,569.0416666666666,83.82308750000003,13.185227083333336,12.5,5.3970833333333355,18.81833333333333,10.768333333333333,1.7112500000000004,28.101449999999996
2026-09-05T18:36:37.211Z,MCT2408026,15.2467,74.198281,30.8125,125,589,83.885235,13.160328125000001,12.5,6.203750000000001,20.431250000000002,11.209999999999999,1.7112500000000002,28.120441874999997
2026-09-05T18:30:00.000Z,MCT2408038,15.188889,74.055556,22.3125,236.98749999999995,756.125,85.588495625,9.062499999999998,13.330000000000005,6.081250000000002,17.2725,8.221874999999999,4.610624999999999,27.651889375
2026-09-05T18:36:37.211Z,MCT2408038,15.188889,74.055556,22.181818181818183,246.4045454545454,766.6363636363636,85.58047636363636,9.127272727272725,13.330000000000002,5.950000000000002,16.900000000000002,7.939999999999999,4.677272727272728,27.56950272727273
2026-09-05T19:50:00.000Z,MCT2408020,15.543475,74.039433,43.625,180,540,88.1762925,9.140137875,19.48699,19.945,60.22874999999999,31.251250000000002,3.66,26.998998749999995
2026-09-05T20:00:00.000Z,MCT2408020,15.543475,74.039433,42.3125,180.72381875,554.9375,88.10905875000002,9.2446944375,19.45223375,18.899375000000006,57.665,30.146875000000005,3.6599999999999984,26.97352874999999
2026-09-05T20:10:00.000Z,MCT2408020,15.543475,74.039433,40.75,180,556.875,88.02418062500003,9.4400238125,19.546400624999997,17.62625,53.70374999999999,28.22875,3.6599999999999984,26.93532125
2026-09-05T20:20:00.000Z,MCT2408020,15.543475,74.039433,42.125,180,548.1875,88.26832062499999,9.355363500000001,19.382724375,18.494375,56.55874999999999,29.681875000000005,3.6599999999999984,26.882365625000006
2026-09-05T20:30:00.000Z,MCT2408020,15.543475,74.039433,40.375,180,535.75,88.41614187499998,9.2164745,19.251278125,17.278749999999995,52.771875,27.821874999999995,3.6599999999999984,26.847509374999998
2026-09-05T20:40:00.000Z,MCT2408020,15.543475,74.039433,38.4375,180,529.375,88.41995687500003,9.209842250000001,19.484465,15.77,48.693749999999994,26.078124999999996,3.6599999999999984,26.819356875000004
2026-09-05T20:45:05.249Z,MCT2408020,15.543475,74.039433,41.625,180,525.625,88.52056999999999,9.157823875,19.16468625,17.51125,54.51875,29.15875,3.66,26.792543750000004
2026-09-05T19:50:00.000Z,MCT2408056,15.579167,73.920833,39,180,605.5,89.31402375000002,6.748749999999999,10.99325025,14.4275,44.73875,25.4225,1.5600000000000003,26.54854625
2026-09-05T20:00:00.000Z,MCT2408056,15.579167,73.920833,29.3125,180,596.75,89.40939312500002,6.654374999999999,10.022739812500001,8.209999999999999,25.61375,14.761875000000002,1.5712499999999998,26.563963125
2026-09-05T20:10:00.000Z,MCT2408056,15.579167,73.920833,29.4375,180,579.75,89.72601375000004,6.74625,9.627200562499999,8.503750000000002,25.670624999999998,14.585625000000002,1.5712499999999998,26.544525
2026-09-05T20:20:00.000Z,MCT2408056,15.579167,73.920833,28.75,180,591.8125,89.69787937499997,6.680625,9.690727,7.742500000000001,24.646875,14.587500000000002,1.5743749999999999,26.561951875
2026-09-05T20:30:00.000Z,MCT2408056,15.579167,73.920833,29.125,180,581.875,89.43227999999999,6.715000000000001,9.688967000000002,8.094374999999998,25.273750000000003,14.702500000000002,1.5799999999999998,26.623620000000003
2026-09-05T20:40:00.000Z,MCT2408056,15.579167,73.920833,33.0625,180,580.625,89.38745874999998,6.878125,9.789319,10.966249999999999,33.300625000000004,18.683750000000003,1.5712499999999998,26.608872500000007
2026-09-05T20:45:05.254Z,MCT2408056,15.579167,73.920833,30.375,180,602.375,89.25013,6.7825,10.696302375,9.3825,28.11875,15.697500000000002,1.5850000000000002,26.626303750000005
2026-09-05T19:50:00.000Z,MCT2408028,15.186944,74.096667,43.666666666666664,587.4325,557.4166666666666,89.93709249999999,19.055833333333336,11.634166666666667,7.739999999999999,25.022500000000004,14.330833333333333,2.295,26.02256833333334
2026-09-05T20:00:00.000Z,MCT2408028,15.186944,74.096667,43.56,584.9851999999998,557.96,90.07330199999998,18.9596,11.7708,7.5900000000000025,25.29520000000001,14.713200000000002,2.1416000000000004,25.960541999999997
2026-09-05T20:10:00.000Z,MCT2408028,15.186944,74.096667,43.52,585.1556,541.8,90.02447399999997,18.9184,11.773599999999998,7.270000000000001,24.18240000000001,13.918000000000001,2.0148,25.921074399999995
2026-09-05T20:20:00.000Z,MCT2408028,15.186944,74.096667,43.76,580.0572,548.64,90.2359624,19.157999999999994,11.8448,7.430000000000002,24.460000000000008,14.077200000000003,2.2136,25.808677199999998
2026-09-05T20:30:00.000Z,MCT2408028,15.186944,74.096667,43.4,579.0792000000001,544.6,90.5057372,18.8144,12.127199999999995,7.270000000000001,24.937600000000003,14.752800000000002,2.096,25.75590880000001
2026-09-05T20:40:00.000Z,MCT2408028,15.186944,74.096667,43.68,580.6172,543.96,90.58935519999997,19.083599999999993,12.203599999999996,7.990000000000002,26.250000000000004,15.150000000000002,2.1716,25.800096400000008
2026-09-05T20:45:05.249Z,MCT2408028,15.186944,74.096667,43.166666666666664,576.7725,545.5,90.64344749999998,18.586666666666666,12.301666666666668,7.489999999999999,25.1075,14.663333333333332,2.174166666666667,25.77321166666667
2026-09-05T19:50:00.000Z,MCT2408057,15.272222,74.104722,30,327.3933333333333,504.5833333333333,85.983795,12.515833333333333,8.770833333333332,4.519166666666667,13.805833333333332,7.611666666666667,1.8875,27.584859166666664
2026-09-05T20:00:00.000Z,MCT2408057,15.272222,74.104722,29.88,329.0196000000001,495.12,85.95129279999998,12.3828,8.6664,4.5771999999999995,14.1356,7.861599999999998,1.9295999999999998,27.536276400000006
2026-09-05T20:10:00.000Z,MCT2408057,15.272222,74.104722,29.84,330.29080000000016,494.56,85.9906628,12.363999999999999,8.7168,4.577599999999999,14.023199999999997,7.772,2.001199999999999,27.472782399999996
2026-09-05T20:20:00.000Z,MCT2408057,15.272222,74.104722,29.92,331.5836,486.68,86.27325519999998,12.3892,8.742799999999999,4.672399999999999,14.001999999999994,7.6168000000000005,1.9476000000000002,27.417441599999993
2026-09-05T20:30:00.000Z,MCT2408057,15.272222,74.104722,30,334.49800000000005,486.88,86.14691199999999,12.374,8.783999999999999,4.625199999999999,14.024399999999996,7.6832,1.9292000000000002,27.428167600000002
2026-09-05T20:40:00.000Z,MCT2408057,15.272222,74.104722,29.92,333.7956,491.52,86.25464,12.353599999999998,8.691600000000001,4.315200000000001,13.321199999999997,7.351200000000001,1.9072000000000002,27.3874116
2026-09-05T20:45:05.258Z,MCT2408057,15.272222,74.104722,29.923076923076923,331.9653846153846,485.7692307692308,86.29161384615385,12.470769230769232,8.784615384615384,4.354615384615385,13.264615384615384,7.24,1.8507692307692307,27.340453076923076
2026-09-05T19:50:00.000Z,MCT2408055,15.585833,73.885556,26.125,78.72125,889.625,88.78950624999999,8.92,6.82,9.614999999999998,27.302499999999995,14.740000000000002,1.14125,26.50967
2026-09-05T20:00:00.000Z,MCT2408055,15.585833,73.885556,27.6,71.292,895.2,88.87915000000001,8.956666666666667,6.677999999999999,10.303333333333335,29.91133333333334,16.404666666666667,1.1393333333333333,26.501086
2026-09-05T20:10:00.000Z,MCT2408055,15.585833,73.885556,27.8125,70.56625,894.6875,88.95687500000001,9.040000000000001,6.755000000000001,10.533750000000001,30.468125,16.657500000000002,1.246875,26.49894
2026-09-05T20:20:00.000Z,MCT2408055,15.585833,73.885556,25.9375,75.26875,873.8125,89.05271937500001,9.003125,6.389999999999999,9.264999999999999,26.7675,14.6975,1.254375,26.497600000000002
2026-09-05T20:30:00.000Z,MCT2408055,15.585833,73.885556,25.125,79.04687499999999,862.375,89.14427125,9.088124999999998,6.51,8.783750000000001,25.41,14.058124999999999,1.0950000000000002,26.49894
2026-09-05T20:40:00.000Z,MCT2408055,15.585833,73.885556,23.3125,86.55749999999999,850.75,89.295908125,8.944375,6.625,7.514999999999999,21.628124999999997,11.929375,1.13625,26.501622500000003
2026-09-05T20:45:05.295Z,MCT2408055,15.585833,73.885556,24.22222222222222,82.92222222222222,867.2222222222222,89.26740222222222,9.009999999999998,6.514444444444445,8.39,23.756666666666668,12.874444444444443,1.1411111111111112,26.50251666666667
2026-09-05T19:50:00.000Z,MCT2408021,15.500556,74.053333,49.75,375,593.5,88.25735625,21.44375,14.488295,4.17,12.8275,8.035,4.21875,26.5565875
2026-09-05T20:00:00.000Z,MCT2408021,15.500556,74.053333,49.75,375,595.9375,88.161511875,21.462500000000002,14.33264875,4.28875,13.043125,8.125,4.20625,26.510337500000002
2026-09-05T20:10:00.000Z,MCT2408021,15.500556,74.053333,49.5625,375,603.8125,88.050885,21.338125000000005,14.348354375,3.360624999999999,10.923124999999999,7.141875,4.1693750000000005,26.519721875000002
2026-09-05T20:20:00.000Z,MCT2408021,15.500556,74.053333,49.625,375,604.375,88.2583075,21.311875,14.302379375000001,3.243124999999999,10.380625000000002,6.665,4.178125,26.436603750000003
2026-09-05T20:30:00.000Z,MCT2408021,15.500556,74.053333,49.6875,375,577.3125,88.31791187500001,21.313125,14.333790000000002,3.1243749999999992,10.000625000000001,6.397500000000001,4.286875,26.384319374999993
2026-09-05T20:40:00.000Z,MCT2408021,15.500556,74.053333,49.8125,375,549.8125,88.31076062499999,21.537499999999998,14.449164374999997,3.3337499999999993,11.084374999999998,7.29,4.165,26.375604999999997
2026-09-05T20:45:05.508Z,MCT2408021,15.500556,74.053333,49.875,375,558.75,88.49195875,21.357499999999998,14.4568825,3.6899999999999995,11.8475,7.6775,4.18125,26.36353875
2026-09-05T19:50:00.000Z,MCT2408053,15.263333,74.110833,41.875,164.38907500000002,724.25,92.65093125000001,17.36875,28.607499999999995,8.032499999999999,27.467499999999994,17.767500000000002,6.18625,26.334045
2026-09-05T20:00:00.000Z,MCT2408053,15.263333,74.110833,40.9375,165.9403125,720.75,92.66857562500005,16.695625,28.799999999999994,7.91875,26.981250000000003,17.485000000000003,6.510000000000001,26.262321874999998
2026-09-05T20:10:00.000Z,MCT2408053,15.263333,74.110833,42.625,134.67693125,735.6875,92.67429812499998,18.228125,29.25562499999999,10.329374999999999,34.09125,21.3625,6.215000000000002,26.157750625000002
2026-09-05T20:20:00.000Z,MCT2408053,15.263333,74.110833,43.8,110.43918666666667,723.6666666666666,92.85762533333335,19.182666666666666,30.32866666666666,11.755333333333335,39.02133333333333,24.514666666666667,6.385333333333333,26.09210466666666
2026-09-05T20:30:00.000Z,MCT2408053,15.263333,74.110833,42,131.1683625,768.5625,93.17497625,17.5825,30.012499999999992,9.870624999999999,32.147499999999994,20.021875000000005,6.064375000000001,26.04446625
2026-09-05T20:40:00.000Z,MCT2408053,15.263333,74.110833,40.8125,149.13779999999997,725.8125,93.41482375000002,16.06875,28.39687499999999,10.15625,33.847500000000004,21.5025,6.09625,26.016312499999994
2026-09-05T20:45:05.507Z,MCT2408053,15.263333,74.110833,42.5,135.3139125,770.625,93.41100875,17.7675,29.671249999999993,11.8225,39.62125,25.09625,6.2675,25.978773750000002
2026-09-05T19:50:00.000Z,MCT2408052,15.444425,74.063856,45.625,160,773.5,87.48869499999999,3.61649125,8,18.7725,50.645,22.9125,2,26.93331125
2026-09-05T20:00:00.000Z,MCT2408052,15.444425,74.063856,49.125,160,767.6875,87.59931999999999,3.678815812500001,8,21.198124999999997,57.413124999999994,26.104999999999997,2,26.896443749999992
2026-09-05T20:10:00.000Z,MCT2408052,15.444425,74.063856,46.5625,160,773.75,87.67513687499999,3.6743421875,8,19.233125000000005,52.09125000000002,23.687499999999996,2,26.85086125
2026-09-05T20:20:00.000Z,MCT2408052,15.444425,74.063856,52.625,160,771.8125,87.72329500000001,3.6735966250000014,8,24.458125,64.481875,28.326250000000005,2,26.808630000000008
2026-09-05T20:30:00.000Z,MCT2408052,15.444425,74.063856,56.625,160,773.0625,87.88923750000002,3.6202194375000003,8,27.240625000000005,71.96125,31.756874999999994,2,26.758358749999996
2026-09-05T20:40:00.000Z,MCT2408052,15.444425,74.063856,44.75,160,765.6875,87.97172625000002,3.6465352500000012,8,17.3075,47.54374999999999,21.940624999999997,2,26.73556875
2026-09-05T20:45:05.509Z,MCT2408052,15.444425,74.063856,46,160,768,87.99604624999999,3.74824575,8,18.14625,49.86999999999999,23.04,2,26.714788749999997
2026-09-05T19:50:00.000Z,MCT2408043,15.221111,74.087222,35.142857142857146,183.5614285714286,665.1428571428571,86.42357571428572,14.207142857142857,10.450000000000001,11.578571428571431,36.785714285714285,19.94714285714286,5.29,27.027537142857145
2026-09-05T20:00:00.000Z,MCT2408043,15.221111,74.087222,33.125,173.51500000000001,676.5625,86.32902437499999,14.192499999999995,10.454375,10.13125,32.02625,17.612500000000004,5.290000000000001,26.985593125
2026-09-05T20:10:00.000Z,MCT2408043,15.221111,74.087222,33,178.3825,705.75,86.23461187500001,14.213124999999996,10.419999999999998,9.73625,31.463125,17.531250000000004,5.290000000000001,26.8830375
2026-09-05T20:20:00.000Z,MCT2408043,15.221111,74.087222,33,184.076875,691.0625,86.38433875000001,14.196874999999995,10.365625,9.57875,30.818124999999995,17.051250000000003,5.290000000000001,26.785840625000006
2026-09-05T20:30:00.000Z,MCT2408043,15.221111,74.087222,33.13333333333333,183.51600000000002,707.9333333333333,86.26939,14.169999999999995,10.435333333333334,9.710666666666668,31.328,17.42,5.290000000000001,26.744906
2026-09-05T20:40:00.000Z,MCT2408043,15.221111,74.087222,33,188.231875,720.1875,86.37956937499997,14.174374999999998,10.454999999999998,8.075,26.875625,14.890000000000002,5.290000000000001,26.58139062499999
2026-09-05T20:45:05.514Z,MCT2408043,15.221111,74.087222,33,180.21625,702.625,86.510225,14.17,10.42,8.07625,26.232499999999995,14.250000000000002,5.29,26.506986250000004
2026-09-05T19:50:00.000Z,MCT2408051,15.486528,74.033889,51.875,340.0475,822.625,97.801725,21.989999999999995,5.19,6.6850000000000005,21.597500000000004,12.056250000000002,4.39,25.878226249999997
2026-09-05T20:00:00.000Z,MCT2408051,15.486528,74.033889,52,342.48749999999995,832.5625,97.478431875,22.085624999999997,5.1899999999999995,6.258749999999999,20.083125,11.241249999999999,4.39,25.986148749999998
2026-09-05T20:10:00.000Z,MCT2408051,15.486528,74.033889,52.0625,339.23312500000003,820.75,96.59103812499998,22.125625,5.1899999999999995,6.181249999999999,19.65625,10.851250000000002,4.39,26.189256874999998
2026-09-05T20:20:00.000Z,MCT2408051,15.486528,74.033889,51.8125,337.976875,818.3125,95.64165500000003,21.971874999999997,5.1899999999999995,6.41375,20.315625,11.201249999999998,4.39,26.399067500000005
2026-09-05T20:30:00.000Z,MCT2408051,15.486528,74.033889,52.1875,332.05312499999997,820.5625,95.37796562500003,22.19625,5.1899999999999995,6.25875,20.432499999999997,11.589374999999997,4.39,26.382978125
2026-09-05T20:40:00.000Z,MCT2408051,15.486528,74.033889,52,326.45437499999997,827.375,95.73463812500002,22.073124999999997,5.1899999999999995,6.258749999999998,20.198749999999997,11.317499999999999,4.39,26.173837499999998
2026-09-05T20:45:05.550Z,MCT2408051,15.486528,74.033889,52.125,324.5,838.25,95.8457425,22.162499999999998,5.19,6.375000000000001,19.966250000000002,10.811250000000001,4.39,26.077981249999997
2026-09-05T19:50:00.000Z,MCT2408034,15.356389,74.123611,34.083333333333336,180,543.3333333333334,76.39237333333334,6.1499999999999995,4.7749999999999995,12.532499999999999,38.92083333333333,20.316666666666666,1.195,30.20535916666667
2026-09-05T20:00:00.000Z,MCT2408034,15.356389,74.123611,28.96,180,556.04,76.43713320000003,6.150000000000002,5.4352,8.930399999999995,28.621600000000004,15.5636,1.138,30.205538
2026-09-05T20:10:00.000Z,MCT2408034,15.356389,74.123611,26.88,180,556.2,76.56622359999999,6.150000000000002,5.420400000000001,7.617599999999999,24.6092,13.5756,1.1795999999999998,30.225700400000004
2026-09-05T20:20:00.000Z,MCT2408034,15.356389,74.123611,25.72,180,538.72,76.63183359999998,6.150000000000002,4.8724,7.071599999999998,22.508799999999997,12.264,1.2031999999999998,30.249724400000012
2026-09-05T20:30:00.000Z,MCT2408034,15.356389,74.123611,25.875,180,538.625,76.72329833333332,6.150000000000002,5.162083333333334,6.986666666666667,22.939166666666665,12.854166666666664,1.269583333333333,30.20357083333334
2026-09-05T20:40:00.000Z,MCT2408034,15.356389,74.123611,25.64,180,544.2,76.2958368,6.169600000000003,5.1232,6.853600000000001,22.358399999999996,12.4148,1.2275999999999998,30.2334228
2026-09-05T20:45:05.758Z,MCT2408034,15.356389,74.123611,31.666666666666668,180,546.75,76.01598999999997,6.1499999999999995,5.580000000000001,11.241666666666665,34.54333333333333,17.9725,1.1208333333333333,30.256303333333324
2026-09-05T19:50:00.000Z,MCT2408050,15.553611,73.958333,27.5,86.02999999999999,642.875,91.97096374999998,11.285,4.0925,6.5775,19.8575,10.52875,2.785,25.705289999999998
2026-09-05T20:00:00.000Z,MCT2408050,15.553611,73.958333,27.75,86.02999999999999,620.875,92.073958125,11.520625000000003,4.210624999999999,7.738750000000001,23.77625,12.600624999999997,2.63375,25.720706875000005
2026-09-05T20:10:00.000Z,MCT2408050,15.553611,73.958333,27.3125,86.02999999999999,626.125,92.11496750000003,11.135,4.253125,7.262500000000001,22.219375000000003,11.6975,2.67625,25.766958125000006
2026-09-05T20:20:00.000Z,MCT2408050,15.553611,73.958333,27.5,86.02999999999999,649.3125,92.016260625,11.321875000000002,4.159375,6.946875000000001,21.523124999999997,11.591249999999999,2.55625,25.7991325
2026-09-05T20:30:00.000Z,MCT2408050,15.553611,73.958333,27.5625,86.02999999999999,647.375,92.12497812500001,11.31625,4.237500000000001,6.8412500000000005,21.737499999999997,11.963125,2.70875,25.80181375
2026-09-05T20:40:00.000Z,MCT2408050,15.553611,73.958333,27.375,86.02999999999999,647.1875,92.03962562500001,11.200625000000002,4.172500000000001,7.316875,22.649374999999996,12.122500000000002,2.748125,25.835329374999993
2026-09-05T20:45:05.758Z,MCT2408050,15.553611,73.958333,27.5,86.02999999999999,652.875,92.05679375,11.183749999999998,3.9837500000000006,8.37375,26.2975,14.14125,2.90125,25.86214125
2026-09-05T19:50:00.000Z,MCT2408030,15.142519,74.075003,27.875,163,546.875,82.9244075,9,6.200000000000001,9.487499999999999,27.713750000000005,15.265,4.49,27.008384999999997
2026-09-05T20:00:00.000Z,MCT2408030,15.142519,74.075003,27,163,543.5,82.87100500000003,8.865625000000001,6.200000000000002,9.370000000000001,26.005625,13.725624999999999,4.3618749999999995,26.965485000000005
2026-09-05T20:10:00.000Z,MCT2408030,15.142519,74.075003,26.466666666666665,163,539.6666666666666,82.77003999999998,8.702000000000002,6.200000000000002,9.370000000000001,25.12533333333333,12.812666666666669,4.242666666666667,26.918652666666663
2026-09-05T20:20:00.000Z,MCT2408030,15.142519,74.075003,26.3125,163,534.0625,82.7436875,8.659374999999999,6.200000000000002,9.370000000000001,24.981249999999996,12.66375,4.46625,26.829410625000005
2026-09-05T20:30:00.000Z,MCT2408030,15.142519,74.075003,26.8,163,559.9333333333333,82.8015726666667,8.905333333333335,6.200000000000002,9.370000000000001,25.610666666666667,13.315333333333333,4.408666666666666,26.750627999999995
2026-09-05T20:40:00.000Z,MCT2408030,15.142519,74.075003,26.875,163,570.3125,82.79661375000002,8.836875,6.200000000000002,9.370000000000001,25.66375,13.370624999999999,4.385625,26.707412499999997
2026-09-05T20:45:05.769Z,MCT2408030,15.142519,74.075003,26,163,562.625,82.83285500000001,8.84,6.200000000000001,9.37,24.64,12.31,4.68875,26.6517725
2026-09-05T19:50:00.000Z,MCT2408029,15.333611,74.206944,14,133.9909,595.2857142857143,91.69221714285713,4.504285714285715,7.377142857142857,3.192857142857143,10.485714285714286,6.048571428571429,3.5,26.30282857142857
2026-09-05T20:00:00.000Z,MCT2408029,15.333611,74.206944,12.25,136.20677500000002,595.5,91.74589500000003,2.3818750000000004,7.532500000000001,3.3087500000000003,10.621875000000001,5.990625,3.5,26.277739375000003
2026-09-05T20:10:00.000Z,MCT2408029,15.333611,74.206944,13.75,137.98000000000002,610.5,91.66531062500003,4.300624999999999,7.5425,3.4193750000000005,10.9825,6.138750000000001,3.5,26.237521874999995
2026-09-05T20:20:00.000Z,MCT2408029,15.333611,74.206944,12.1875,135.76853125000002,615.25,91.65625000000003,2.555624999999999,7.458750000000001,3.1612500000000003,10.404375,6.028124999999999,3.5,26.179872500000002
2026-09-05T20:30:00.000Z,MCT2408029,15.333611,74.206944,13.125,138.40949375,614.875,91.90086625000002,3.4475000000000002,7.307500000000001,3.493125,11.235,6.359374999999999,3.5,26.096750624999995
2026-09-05T20:40:00.000Z,MCT2408029,15.333611,74.206944,13.5625,140.23456249999995,617.5,91.87321062499997,4.048749999999999,7.2075000000000005,3.419374999999999,10.874375,6.175625,3.5,26.059883125
2026-09-05T20:45:05.771Z,MCT2408029,15.333611,74.206944,12.25,140.72733749999998,619.875,92.05107000000001,2.642500000000001,7.3625,3.9725,12.353750000000002,6.83875,3.5,25.99620375
2026-09-05T19:50:00.000Z,MCT2408023,15.499722,74.020833,35.125,205.6325,471.25,92.10543,8.810000000000002,19.746250000000003,8.07625,28.49625,19.03125,3.21375,25.726738750000003
2026-09-05T20:00:00.000Z,MCT2408023,15.499722,74.020833,33.93333333333333,204.41400000000002,468.46666666666664,92.11401,8.223333333333334,19.77333333333333,7.266000000000001,26.089333333333336,17.883333333333333,3.2046666666666668,25.719585999999996
2026-09-05T20:10:00.000Z,MCT2408023,15.499722,74.020833,32.75,204.335625,474.75,92.10972,8.548125,18.733125,7.049375,25.251250000000002,17.218749999999996,3.12625,25.716009999999997
2026-09-05T20:20:00.000Z,MCT2408023,15.499722,74.020833,33,208.08625,476.0625,92.09971,8.430000000000001,19.138125,7.3649999999999975,25.964375000000004,17.4,3.296875,25.699923750000007
2026-09-05T20:30:00.000Z,MCT2408023,15.499722,74.020833,33.1875,200.60375,485.125,92.08397249999999,8.5875,18.817500000000003,7.366250000000001,26.123125,17.7625,2.99625,25.72874875000001
2026-09-05T20:40:00.000Z,MCT2408023,15.499722,74.020833,33.125,197.03625,493.125,91.93281499999999,8.530625000000002,18.90625,7.128124999999999,25.805000000000003,17.671875,3.309375,25.77767937499999
2026-09-05T20:45:05.800Z,MCT2408023,15.499722,74.020833,34.25,189.31375,496.75,91.90706625,8.586249999999998,18.93625,7.918749999999999,28.3375,19.212500000000002,3.29125,25.793767499999994
2026-09-05T19:50:00.000Z,MCT2408040,15.528056,74.020833,18.875,100,564.375,88.8658,8.056249999999999,4.8025,3.07,8.42,3.73,3.5,26.56597375
2026-09-05T20:00:00.000Z,MCT2408040,15.528056,74.020833,18.625,100,558.25,88.88058062500001,7.779375000000001,4.771249999999999,3.07,8.42,3.7299999999999986,3.5,26.556589374999994
2026-09-05T20:10:00.000Z,MCT2408040,15.528056,74.020833,18.6875,100,559.9375,88.94257124999999,7.866250000000002,4.75375,3.07,8.441875,3.753124999999999,3.5,26.506986874999996
2026-09-05T20:20:00.000Z,MCT2408040,15.528056,74.020833,18.9375,100,562.125,88.89917812499996,7.9175,4.766249999999999,3.07,8.42,3.7299999999999986,3.5,26.483524375
2026-09-05T20:30:00.000Z,MCT2408040,15.528056,74.020833,18.8125,100,560.3125,88.98930125,7.821250000000001,4.78125,3.07,8.42,3.7299999999999986,3.5,26.404428749999994
2026-09-05T20:40:00.000Z,MCT2408040,15.528056,74.020833,18.8125,100,560.9375,89.027925,7.91875,4.7943750000000005,3.07,8.42,3.7299999999999986,3.5,26.4245375
2026-09-05T20:45:06.011Z,MCT2408040,15.528056,74.020833,18.75,100,558.125,88.97070250000002,7.880000000000001,4.7775,3.07,8.42,3.73,3.5,26.494919999999997
2026-09-05T19:50:00.000Z,MCT2408027,15.275556,74.1075,27.857142857142858,1179.0357142857142,627.4285714285714,90.01375142857141,6.579999999999999,13.23,8.455714285714286,26.755714285714284,14.819999999999997,2.9499999999999997,26.780862857142857
2026-09-05T20:00:00.000Z,MCT2408027,15.275556,74.1075,28.0625,1184.730625,625.3125,90.08363937499999,6.579999999999999,13.106250000000001,8.693125,27.107500000000005,14.759374999999999,2.9500000000000006,26.743611249999997
2026-09-05T20:10:00.000Z,MCT2408027,15.275556,74.1075,26.5,1180.88125,628.1875,90.10604937499998,6.579999999999999,13.04,7.7043750000000015,24.27375,13.525000000000002,2.9500000000000006,26.702720624999998
2026-09-05T20:20:00.000Z,MCT2408027,15.275556,74.1075,26.5,1181.310625,609.375,90.16470374999997,6.579999999999999,13.130625,7.51875,24.08875,13.52625,2.9500000000000006,26.637027500000002
2026-09-05T20:30:00.000Z,MCT2408027,15.275556,74.1075,26.625,1185.0775,608.625,90.10986687499998,6.579999999999999,13.096250000000001,7.581875000000001,24.2725,13.523750000000005,2.9500000000000006,26.630995000000002
2026-09-05T20:40:00.000Z,MCT2408027,15.275556,74.1075,26.1875,1187.7343749999998,612,90.12607937499997,6.579999999999999,13.225625,7.4575000000000005,23.59625,13.15375,2.9500000000000006,26.54787625
2026-09-05T20:45:06.011Z,MCT2408027,15.275556,74.1075,26.75,1173.15875,638.25,90.34971374999999,6.579999999999999,12.983749999999999,7.89,24.6425,13.58625,2.9499999999999997,26.47883375
2026-09-05T19:50:00.000Z,MCT2408049,15.475278,74.055833,57,150,585.25,86.78297375000001,24.32625,12.684999999999999,7.18875,22.31375,12.085,2.61,26.99631875
2026-09-05T20:00:00.000Z,MCT2408049,15.475278,74.055833,56.9375,150.5551125,584.8125,86.6775975,24.393124999999998,13.780624999999997,7.140625000000002,21.545,11.364999999999998,2.61,27.001009999999997
2026-09-05T20:10:00.000Z,MCT2408049,15.475278,74.055833,57,150,574.375,86.61179000000001,24.477500000000003,13.146875,7.2843750000000025,22.073125,11.70125,2.61,27.001681249999997
2026-09-05T20:20:00.000Z,MCT2408049,15.475278,74.055833,56.75,150.05318125,569.6875,86.34809875,24.249374999999997,14.058125,7.620625000000001,22.6475,11.894374999999998,2.61,27.034527499999996
2026-09-05T20:30:00.000Z,MCT2408049,15.475278,74.055833,56.625,150.08306875,568.4375,86.26513125000001,24.126875,13.004999999999997,7.524375000000002,22.264374999999998,11.60625,2.61,26.980231875000005
2026-09-05T20:40:00.000Z,MCT2408049,15.475278,74.055833,56.5625,150,559.8125,86.24414875000002,24.098125,12.383124999999998,7.380000000000001,22.408750000000005,11.89375,2.61,26.899794999999997
2026-09-05T20:45:06.025Z,MCT2408049,15.475278,74.055833,56.5,150,569.5,86.32234624999998,24.1075,12.901250000000001,7.092499999999999,21.3525,11.22125,2.61,26.842146250000003
2026-09-05T19:50:00.000Z,MCT2408044,15.313669,74.140042,24.285714285714285,214.29,593,94.70583,10.834285714285715,3.717142857142857,8.540000000000001,23.642857142857142,13.895714285714286,3.1188644285714284,25.31458571428571
2026-09-05T20:00:00.000Z,MCT2408044,15.313669,74.140042,24.4375,214.29,589.25,94.69560999999999,10.8425,3.84625,7.150000000000001,19.59375,11.5525,3.0856571875000003,25.243437500000002
2026-09-05T20:10:00.000Z,MCT2408044,15.313669,74.140042,24.6,214.29,594.3333333333334,94.79650799999999,10.947333333333335,3.5133333333333336,7.549333333333333,20.366666666666667,11.782,2.724871933333333,25.17904266666667
2026-09-05T20:20:00.000Z,MCT2408044,15.313669,74.140042,24.5,214.29,601.9375,94.81434312500001,10.856250000000001,3.7337499999999997,7.795625,21.15625,12.261249999999999,2.9798076875,25.093285624999996
2026-09-05T20:30:00.000Z,MCT2408044,15.313669,74.140042,24.266666666666666,214.29,608.4,94.86415800000002,10.82666666666667,3.5426666666666673,7.203333333333334,19.633333333333333,11.421999999999999,2.885470066666666,25.05891733333333
2026-09-05T20:40:00.000Z,MCT2408044,15.313669,74.140042,24.4375,214.29,602.25,94.89063562500002,10.840624999999998,3.5287500000000005,6.501250000000001,17.8125,10.438750000000002,3.06266025,25.058426874999995
2026-09-05T20:45:06.030Z,MCT2408044,15.313669,74.140042,24.5,214.29,607.375,94.84915500000001,10.86125,3.4375,5.6762500000000005,15.3125,8.987499999999999,3.11570525,25.010831250000003
2026-09-05T19:50:00.000Z,MCT2408046,15.529167,74.07,31,95.52,631.9166666666666,85.4917,13.211666666666668,0.8099999999999999,8.85,25.735000000000003,12.19833333333333,3.306666666666667,27.722496666666668
2026-09-05T20:00:00.000Z,MCT2408046,15.529167,74.07,31.04,95.52,632.72,85.3534532,13.3576,0.7615999999999999,7.206399999999999,21.6864,10.766800000000003,3.3168,27.757639200000007
2026-09-05T20:10:00.000Z,MCT2408046,15.529167,74.07,30.96,95.52,628.44,85.32934479999999,13.299200000000003,0.7584000000000001,6.748799999999999,20.2664,10.064800000000002,3.3628000000000005,27.717314
2026-09-05T20:20:00.000Z,MCT2408046,15.529167,74.07,31.04,95.52,627.16,85.58294600000004,13.389199999999999,0.8027999999999998,7.714400000000001,23.285600000000002,11.541199999999998,3.4128000000000003,27.648673199999998
2026-09-05T20:30:00.000Z,MCT2408046,15.529167,74.07,31.04,95.52,621.24,85.71600360000001,13.3716,0.726,8.850399999999997,26.9292,13.283199999999999,3.3719999999999994,27.6195
2026-09-05T20:40:00.000Z,MCT2408046,15.529167,74.07,31,95.52,626.6,85.81610280000001,13.3076,0.7636,11.707599999999998,34.12920000000001,16.259999999999998,3.3632000000000004,27.580891999999995
2026-09-05T20:45:06.050Z,MCT2408046,15.529167,74.07,31,95.52,628.6153846153846,85.78689923076924,13.330000000000002,0.7715384615384615,8.364615384615385,24.526153846153843,11.772307692307692,3.23,27.57062692307693
2026-09-05T19:50:00.000Z,MCT2408037,15.394444,74.118333,25.375,160,537.5,85.28284375000001,10.72625,14.35,4.3675,17.581249999999997,9.64625,3.66875,26.46408625
2026-09-05T20:00:00.000Z,MCT2408037,15.394444,74.118333,25.5,160,545.875,85.33767937500001,10.731250000000001,14.353749999999998,4.5525,17.989375000000003,9.693125,3.6793749999999994,26.437944374999997
2026-09-05T20:10:00.000Z,MCT2408037,15.394444,74.118333,25.3125,160,550.125,85.36628937500001,10.626875,14.380625000000002,4.78375,18.195,9.64625,3.6181249999999996,26.463416249999998
2026-09-05T20:20:00.000Z,MCT2408037,15.394444,74.118333,25.125,160,530.25,85.44639937500001,10.523750000000001,14.381875,5.2025000000000015,20.341874999999998,11.099375,3.683125,26.435263125000002
2026-09-05T20:30:00.000Z,MCT2408037,15.394444,74.118333,25.25,160,536.875,85.48645437500001,10.525624999999998,14.406249999999996,5.156250000000001,19.267500000000002,10.255625,3.530625,26.416495
2026-09-05T20:40:00.000Z,MCT2408037,15.394444,74.118333,25.1875,160,525.1875,85.62473750000001,10.5375,13.554999999999998,6.0862500000000015,22.794375000000002,12.271250000000002,3.6424999999999996,26.454701874999998
2026-09-05T20:45:06.269Z,MCT2408037,15.394444,74.118333,25.25,160,513.5,86.0724875,10.67875,13.763749999999998,5.576250000000001,20.6475,11.052499999999998,3.7562499999999996,26.346112499999997
2026-09-05T19:50:00.000Z,MCT2408042,15.213889,74.071667,61.25,248.05625,522,88.9249275,26.15,13.4025,12.853749999999998,39.7825,21.181249999999995,3.6700000000000004,27.04994625
2026-09-05T20:00:00.000Z,MCT2408042,15.213889,74.071667,60.875,251.85999999999999,516.4375,89.05224062500001,25.99,13.102500000000003,11.431875,34.315,17.708125,3.6893749999999996,26.987605
2026-09-05T20:10:00.000Z,MCT2408042,15.213889,74.071667,60.93333333333333,255.7293333333333,517.8,89.13041133333333,26.027333333333335,13.096666666666668,10.192,30.460666666666665,15.854000000000005,3.546666666666667,26.936528
2026-09-05T20:20:00.000Z,MCT2408042,15.213889,74.071667,61.3125,253.734375,522.5,89.13330687499997,26.269999999999996,13.230625,9.327499999999997,28.330000000000002,15.034999999999998,3.4837499999999997,26.892421874999997
2026-09-05T20:30:00.000Z,MCT2408042,15.213889,74.071667,61.1875,248.538125,526.1875,89.12233624999999,26.189999999999994,13.275,8.815625,27.191250000000004,14.523125,3.7512499999999993,26.860246874999998
2026-09-05T20:40:00.000Z,MCT2408042,15.213889,74.071667,61.4375,257.82624999999996,527.0625,89.08752874999999,26.349999999999994,13.146875000000001,8.701874999999998,26.44875,14.125,3.6618749999999998,26.8642675
2026-09-05T20:45:06.269Z,MCT2408042,15.213889,74.071667,60.875,259.32125,528.125,89.08609750000001,25.989999999999995,13.492499999999998,8.531249999999998,25.651249999999997,13.55625,3.445,26.839467499999994
2026-09-05T19:50:00.000Z,MCT2408033,15.346944,74.007778,19.5,110,467,89.490455,7.78875,4.186249999999999,4.393750000000001,11.79375,7.5025,4.39,26.55793125
2026-09-05T20:00:00.000Z,MCT2408033,15.346944,74.007778,19.75,110,483.25,89.537185625,7.926875,4.453750000000001,4.35625,11.568749999999998,7.28125,4.39,26.541843125
2026-09-05T20:10:00.000Z,MCT2408033,15.346944,74.007778,20,110,493.3125,89.61967937500003,8.1025,4.3637500000000005,4.35625,11.50625,7.2075,4.39,26.509669375000005
2026-09-05T20:20:00.000Z,MCT2408033,15.346944,74.007778,19.9375,110,502,89.70694062500002,8.071250000000001,4.4418750000000005,4.659375000000001,12.3075,7.759375,4.39,26.464756875000003
2026-09-05T20:30:00.000Z,MCT2408033,15.346944,74.007778,19.625,110,478.75,89.78514124999998,7.801874999999999,4.251250000000001,4.8100000000000005,12.692499999999997,8.017499999999998,4.39,26.425878125
2026-09-05T20:40:00.000Z,MCT2408033,15.346944,74.007778,19.9375,110,490,89.73984125000001,8.123125000000002,4.28375,4.92375,13.076875,8.27375,4.39,26.405768749999996
2026-09-05T20:45:06.281Z,MCT2408033,15.346944,74.007778,19.375,110,492.375,89.78800375,7.661250000000001,4.465,4.7725,12.2425,7.575,4.39,26.375606249999997
2026-09-05T19:50:00.000Z,MCT2408041,15.224628,74.171389,32.625,352.32801249999994,568,90.17233500000002,13.712499999999999,9.700000000000001,8.090000000000002,22.68,11.321250000000001,7.9525,26.725511250000004
2026-09-05T20:00:00.000Z,MCT2408041,15.224628,74.171389,32.6875,362.28172499999994,567.875,90.001625,13.632499999999997,9.7,8.090000000000002,22.072500000000005,10.715,7.758749999999999,26.720149375000013
2026-09-05T20:10:00.000Z,MCT2408041,15.224628,74.171389,32.875,365.976925,582.75,89.48997750000002,13.749999999999996,9.7,8.090000000000002,21.2625,9.908125000000002,7.9437500000000005,26.665180625
2026-09-05T20:20:00.000Z,MCT2408041,15.224628,74.171389,32.5625,370.146425,600.5,89.40844062499998,13.648750000000001,9.7,8.090000000000002,21.262500000000003,9.908750000000003,8.013125,26.5532375
2026-09-05T20:30:00.000Z,MCT2408041,15.224628,74.171389,32.8125,374.76661874999996,601.8125,89.76082187500002,13.734374999999996,9.7,8.090000000000002,21.009375,9.657500000000004,8.01,26.487548125
2026-09-05T20:40:00.000Z,MCT2408041,15.224628,74.171389,32.75,377.07386875,612.4375,89.73841,13.679999999999998,9.7,8.090000000000002,20.55375,9.203750000000003,7.84375,26.453360625
2026-09-05T20:45:06.285Z,MCT2408041,15.224628,74.171389,32.75,378.936125,610,89.70312500000001,13.602500000000001,9.700000000000001,8.090000000000002,20.4525,9.102500000000001,7.838750000000001,26.43057
2026-09-05T19:50:00.000Z,MCT2408024,15.148056,74.131667,41.333333333333336,214.3068083333333,625.25,80.66038583333334,18.123414166666667,5.772005999999998,6.908333333333334,22.90666666666667,12.99,2.5175,27.355165000000003
2026-09-05T20:00:00.000Z,MCT2408024,15.148056,74.131667,41.333333333333336,215.24538333333336,736.6666666666666,80.80375291666664,18.017349999999997,5.675505250000001,6.867500000000001,22.573333333333338,12.698333333333338,2.529166666666667,27.243891250000004
2026-09-05T20:10:00.000Z,MCT2408024,15.148056,74.131667,41.24,216.17377199999999,741.64,80.98852759999997,18.0678576,5.741125760000001,7.032000000000002,21.990000000000006,11.950000000000005,2.4988,27.196072399999988
2026-09-05T20:20:00.000Z,MCT2408024,15.148056,74.131667,41.32,216.133612,734.88,80.94702159999999,18.0526596,5.772006000000001,6.593999999999999,21.070000000000004,11.470000000000002,2.5000000000000004,27.160037200000005
2026-09-05T20:30:00.000Z,MCT2408024,15.148056,74.131667,41.25,215.85265,762.125,81.10924583333336,18.070225833333332,5.860089208333335,6.53625,21.365000000000006,11.823333333333338,2.5112499999999995,27.05709333333334
2026-09-05T20:40:00.000Z,MCT2408024,15.148056,74.131667,41.24,216.87332000000004,647.48,81.20977959999999,18.0959732,5.772006000000001,5.839600000000001,20.070000000000004,11.430000000000001,2.5076,27.047210799999988
2026-09-05T20:45:06.301Z,MCT2408024,15.148056,74.131667,41.07692307692308,216.94787692307693,692.0769230769231,81.09892999999998,17.924509230769228,5.712620923076923,6.228461538461539,20.682307692307695,11.45153846153846,2.5292307692307694,27.13337307692308
2026-09-05T19:50:00.000Z,MCT2408045,15.619444,73.878889,26.25,178.12,725.875,85.91131499999999,10.42375,16.735,6.04,20.03125,10.1075,2.53,26.67054375
2026-09-05T20:00:00.000Z,MCT2408045,15.619444,73.878889,26.8125,178.11999999999995,726.9375,85.89653500000001,10.81,16.595000000000002,6.416875000000001,20.993125000000003,10.424375000000001,2.5300000000000002,26.661828750000005
2026-09-05T20:10:00.000Z,MCT2408045,15.619444,73.878889,27,178.11999999999995,718.625,85.90130187499997,10.933750000000002,16.410625,5.9768750000000015,19.995625,10.142500000000002,2.5300000000000002,26.626303124999996
2026-09-05T20:20:00.000Z,MCT2408045,15.619444,73.878889,26.8125,178.11999999999995,737.125,86.00525250000001,10.813125000000003,16.84875,5.820000000000001,19.496875,10.001250000000002,2.5300000000000002,26.645071250000008
2026-09-05T20:30:00.000Z,MCT2408045,15.619444,73.878889,26.9375,178.11999999999995,719.3125,86.0772525,10.961875000000003,16.60875,5.820000000000002,19.496875000000003,10.00125,2.5300000000000002,26.66451
2026-09-05T20:40:00.000Z,MCT2408045,15.619444,73.878889,26.8125,178.11999999999995,731.9375,86.114448125,10.821875,16.60375,5.5687500000000005,18.428124999999998,9.330000000000002,2.5300000000000002,26.647081874999998
2026-09-05T20:45:06.522Z,MCT2408045,15.619444,73.878889,26.875,178.12,720.5,86.22316624999999,10.86625,16.65625,5.285,17.68,9.04625,2.53,26.606192500000002
2026-09-05T19:50:00.000Z,MCT2408022,15.475833,74.038889,32.25,150,483,90.28868000000001,4.074999999999999,11.4907125,12.25,38,20.5,4.241630125,26.421187500000002
2026-09-05T20:00:00.000Z,MCT2408022,15.475833,74.038889,30.5625,150,480.4375,90.23098375000001,3.8781249999999994,11.598582500000001,11.125,34.75,18.8125,4.20177925,26.440624375000006
2026-09-05T20:10:00.000Z,MCT2408022,15.475833,74.038889,31.375,150,478.8125,90.28677500000002,3.8206249999999997,11.476026874999999,11.75,36.3125,19.4375,4.212490999999999,26.45067875
2026-09-05T20:20:00.000Z,MCT2408022,15.475833,74.038889,30.4375,150,471.625,90.26102375,3.91125,11.568146249999998,11.25,34.3125,18.25,4.226097062499999,26.474141249999995
2026-09-05T20:30:00.000Z,MCT2408022,15.475833,74.038889,29.875,150,476.75,90.20285125000001,4.248124999999999,11.374560625,10.75,33.0625,17.6875,4.2286874375,26.417834374999995
2026-09-05T20:40:00.000Z,MCT2408022,15.475833,74.038889,29.466666666666665,150,484.8,90.34450333333335,4.196,11.338488000000003,10.6,32.53333333333333,17.333333333333332,4.226657,26.28873333333333
2026-09-05T20:45:06.521Z,MCT2408022,15.475833,74.038889,29.333333333333332,150,475.22222222222223,90.38213999999999,4.23,11.302990000000001,10.333333333333334,31.88888888888889,17.22222222222222,4.234300555555556,26.245117777777782
2026-09-05T19:50:00.000Z,MCT2408036,15.171567,74.067106,35.285714285714285,120,566.8571428571429,89.63773,10.285714285714286,8.101428571428572,5.185714285714285,16.138571428571428,9.048571428571428,10.517142857142856,26.76247714285714
2026-09-05T20:00:00.000Z,MCT2408036,15.171567,74.067106,35.4,120,571.0666666666667,89.56477999999998,10.167333333333335,8.015333333333334,5.894,18.034,9.928666666666667,10.688666666666668,26.71273066666667
2026-09-05T20:10:00.000Z,MCT2408036,15.171567,74.067106,35.25,120,585.5,89.411301875,10.686875,8.214375,5.131874999999999,15.6725,8.548749999999998,10.546875,26.622280625
2026-09-05T20:20:00.000Z,MCT2408036,15.171567,74.067106,35.333333333333336,120,584.3333333333334,89.933024,10.524666666666665,8.023333333333333,5.157333333333335,15.736666666666668,8.614,10.626666666666665,26.393837333333337
2026-09-05T20:30:00.000Z,MCT2408036,15.171567,74.067106,35.4375,120,584.625,90.03595812500001,10.543750000000001,7.980624999999999,5.853749999999999,17.604375,9.497499999999999,10.671250000000002,26.326001875
2026-09-05T20:40:00.000Z,MCT2408036,15.171567,74.067106,35.4,120,564.6,90.00067133333333,10.385333333333334,7.984666666666666,4.526000000000001,13.878666666666668,7.599333333333334,10.632000000000003,26.353081333333332
2026-09-05T20:45:06.550Z,MCT2408036,15.171567,74.067106,35.125,120,565,90.17328624999999,10.367500000000001,8.016250000000001,4.933749999999999,15.19625,8.29625,10.381250000000001,26.262992500000003
2026-09-05T19:50:00.000Z,MCT2408032,15.525556,73.828611,35,178.93000000000004,641.3333333333334,86.87135083333332,14.749166666666666,18.893333333333334,7.120000000000001,17.661666666666665,7.668333333333333,2.1508333333333334,27.61435
2026-09-05T20:00:00.000Z,MCT2408032,15.525556,73.828611,35.28,180.48719999999997,634.04,87.01940880000002,15.056400000000004,18.7952,7.120000000000002,17.297199999999997,7.305600000000003,2.2276000000000002,27.590328799999998
2026-09-05T20:10:00.000Z,MCT2408032,15.525556,73.828611,34.56,179.15239999999997,642.64,86.84973279999998,14.386800000000003,18.589600000000008,7.120000000000002,18.035600000000002,8.040000000000003,2.13,27.65296159999999
2026-09-05T20:20:00.000Z,MCT2408032,15.525556,73.828611,34.84,179.12239999999997,621.4,86.95532279999999,14.663599999999997,18.922800000000006,7.120000000000002,18.8316,8.833200000000001,2.094,27.652533600000005
2026-09-05T20:30:00.000Z,MCT2408032,15.525556,73.828611,34.48,179.1392,634.88,86.91381959999998,14.415600000000005,18.947200000000002,7.120000000000002,19.399200000000004,9.3992,2.0844,27.663687199999984
2026-09-05T20:40:00.000Z,MCT2408032,15.525556,73.828611,34.64,179.4528,641.56,87.35723840000003,14.4812,19.0356,7.120000000000002,18.546800000000005,8.5496,1.9728000000000003,27.558153600000004
2026-09-05T20:45:06.559Z,MCT2408032,15.525556,73.828611,35.07692307692308,179.00923076923078,650.3846153846154,87.84155230769231,14.823076923076922,19.02384615384615,7.120000000000001,18.599230769230772,8.60076923076923,1.986923076923077,27.389126153846156
2026-09-05T19:50:00.000Z,MCT2408031,15.290833,74.149167,18,140,501,87.00559,7.468629285714286,6.817861428571429,5.644285714285715,15.094285714285714,8.435714285714285,4.452857142857143,26.24920428571429
2026-09-05T20:00:00.000Z,MCT2408031,15.290833,74.149167,17.875,140,462.5,87.088626875,7.186972062499999,6.17842275,6.129375,16.3325,9.047500000000001,4.71125,26.185905625
2026-09-05T20:10:00.000Z,MCT2408031,15.290833,74.149167,17.6875,140,487,87.21546375,7.1229676875,6.504771750000001,5.771249999999999,15.570625000000001,8.78125,4.635625,26.106135
2026-09-05T20:20:00.000Z,MCT2408031,15.290833,74.149167,17.9375,140,480.75,87.21927937500003,7.26839625,6.550516625,6.279375,16.5225,9.018125,4.631875000000001,26.061893125
2026-09-05T20:30:00.000Z,MCT2408031,15.290833,74.149167,17.75,140,479.125,87.266013125,7.177998312500001,6.652697937499999,5.951249999999998,15.59875,8.453124999999998,4.854375,26.009609375000004
2026-09-05T20:40:00.000Z,MCT2408031,15.290833,74.149167,17.6875,140,493.6875,87.22357249999997,7.1471176875,6.3263489375,5.801875,15.380625000000002,8.483125000000001,4.798124999999999,25.943248124999993
2026-09-05T20:45:06.559Z,MCT2408031,15.290833,74.149167,17.5,140,487,87.28174875,6.984269375,6.77468425,5.71375,15.108749999999999,8.276250000000001,4.4925,25.910401250000003
2026-09-05T19:50:00.000Z,MCT2408035,15.236111,74.125,48.285714285714285,190,779.7142857142857,88.94127714285712,19.04097428571428,9.54857142857143,3.9085714285714284,12.131428571428572,6.631428571428572,3.829999999999999,26.94633285714286
2026-09-05T20:00:00.000Z,MCT2408035,15.236111,74.125,48.1875,190,780.4375,89.07465437500001,18.998208125,9.169375,3.799999999999999,11.179374999999997,5.896250000000001,3.8299999999999987,26.899794999999994
2026-09-05T20:10:00.000Z,MCT2408035,15.236111,74.125,48.5625,190,800.8125,89.15285625000001,19.3568625,9.383125000000001,3.799999999999999,11.038124999999997,5.755000000000001,3.8299999999999987,26.862927500000005
2026-09-05T20:20:00.000Z,MCT2408035,15.236111,74.125,49.375,190,801.9375,89.09515937500001,19.9776775,9.47875,3.799999999999999,11.129999999999999,5.849375,3.8299999999999987,26.86560937500001
2026-09-05T20:30:00.000Z,MCT2408035,15.236111,74.125,48.625,190,809.5,89.10564750000002,19.346980625,9.646250000000002,3.799999999999999,11.297500000000001,6.015625000000001,3.8299999999999987,26.836115000000007
2026-09-05T20:40:00.000Z,MCT2408035,15.236111,74.125,47.8125,190,813.0625,89.26825062500002,18.736047499999998,9.745000000000001,4.013749999999999,12.476875000000001,6.792500000000001,3.8299999999999987,26.740929374999993
2026-09-05T20:45:06.784Z,MCT2408035,15.236111,74.125,48.75,190,821.75,89.29686125,19.60914125,9.567499999999999,4.1325,12.499999999999998,6.605,3.829999999999999,26.658477500000004
2026-09-05T19:50:00.000Z,MCT2408038,15.188889,74.055556,22.5,336.84875,740.125,86.803955,9.1875,13.33,5.950000000000001,16.900000000000002,7.9399999999999995,4.6575,27.497718749999997
2026-09-05T20:00:00.000Z,MCT2408038,15.188889,74.055556,22.25,326.36125,736.4375,87.08671937500002,8.9675,13.330000000000005,5.950000000000002,16.900000000000002,7.939999999999999,4.674999999999999,27.41795125
2026-09-05T20:10:00.000Z,MCT2408038,15.188889,74.055556,22.25,319.905,755.3125,87.19877812499999,9.069374999999997,13.330000000000005,5.950000000000002,16.900000000000002,7.939999999999999,4.687500000000001,27.230930625000003
2026-09-05T20:20:00.000Z,MCT2408038,15.188889,74.055556,22.4375,332.32687500000003,742.375,87.327998125,9.235,13.330000000000005,5.950000000000002,16.900000000000002,7.939999999999999,4.724374999999999,27.114293749999998
2026-09-05T20:30:00.000Z,MCT2408038,15.188889,74.055556,22.625,341.86,755.625,87.2912825,9.413124999999999,13.330000000000005,5.950000000000002,16.900000000000002,7.939999999999999,4.692499999999999,27.125019375
2026-09-05T20:40:00.000Z,MCT2408038,15.188889,74.055556,22.5625,330.08500000000004,776.8125,87.30987875,9.33375,13.330000000000005,5.950000000000002,16.900000000000002,7.939999999999999,4.695625000000001,27.06871375
2026-09-05T20:45:06.807Z,MCT2408038,15.188889,74.055556,22.5,344.51875,765,87.35327374999999,9.20875,13.33,5.950000000000001,16.900000000000002,7.9399999999999995,4.708749999999999,27.009724999999996
2026-09-05T19:50:00.000Z,MCT2408039,15.163611,74.110833,32,264.77625,520.875,86.26703875,12.134999999999998,10.299999999999999,9.019999999999998,28.94,11.760000000000002,2.3000000000000003,26.543183749999997
2026-09-05T20:00:00.000Z,MCT2408039,15.163611,74.110833,32,257.55125,541.0625,86.34428437499996,11.558749999999998,10.3,9.019999999999998,28.94,11.759999999999998,2.3,26.499612499999998
2026-09-05T20:10:00.000Z,MCT2408039,15.163611,74.110833,32.0625,298.84437499999996,536.8125,86.245579375,11.763749999999996,10.3,9.019999999999998,28.94,11.759999999999998,2.3,26.413143749999996
2026-09-05T20:20:00.000Z,MCT2408039,15.163611,74.110833,32,308.69624999999996,529.9375,86.194080625,12.075624999999999,10.3,9.019999999999998,28.94,11.759999999999998,2.3,26.332704999999994
2026-09-05T20:30:00.000Z,MCT2408039,15.163611,74.110833,32,308.144375,500.0625,86.2670375,11.439374999999998,10.3,9.019999999999998,28.94,11.759999999999998,2.3,26.281090625000008
2026-09-05T20:40:00.000Z,MCT2408039,15.163611,74.110833,32.125,266.881875,538.5625,86.16451625,12.18,10.3,9.019999999999998,28.94,11.759999999999998,2.3,26.279078750000004
2026-09-05T20:45:06.800Z,MCT2408039,15.163611,74.110833,32,300.92375000000004,503.375,86.28420125,12.1825,10.299999999999999,9.019999999999998,28.94,11.760000000000002,2.3000000000000003,26.241541249999997
2026-09-05T19:50:00.000Z,MCT2408026,15.2467,74.198281,31,125,579.0833333333334,84.99960166666665,13.240203333333335,12.5,5.830000000000001,18.93916666666667,10.206666666666669,1.679166666666667,28.0004575
2026-09-05T20:00:00.000Z,MCT2408026,15.2467,74.198281,30.84,125,580.8,85.1453248,13.214987200000003,12.5,5.370800000000002,18.2196,10.2612,1.8711999999999995,27.905648000000006
2026-09-05T20:10:00.000Z,MCT2408026,15.2467,74.198281,30.833333333333332,125,579.0833333333334,84.43375583333334,13.190676249999997,12.5,5.672083333333334,18.979999999999997,10.4475,1.9899999999999995,28.05586875
2026-09-05T20:20:00.000Z,MCT2408026,15.2467,74.198281,30.958333333333332,125,582.5416666666666,83.36945666666664,13.229907083333332,12.5,5.357500000000002,18.173750000000002,10.165833333333332,2.027083333333333,28.332489166666665
2026-09-05T20:30:00.000Z,MCT2408026,15.2467,74.198281,30.92,125,589.32,82.99200439999998,13.257881200000003,12.5,5.786400000000001,19.15,10.529599999999999,1.984,28.373692000000005
2026-09-05T20:40:00.000Z,MCT2408026,15.2467,74.198281,30.958333333333332,125,600.8333333333334,83.85551249999999,13.269408333333336,12.5,5.3970833333333355,18.375833333333336,10.326250000000002,1.9633333333333336,28.054082499999993
2026-09-05T20:45:06.815Z,MCT2408026,15.2467,74.198281,30.916666666666668,125,603.5,84.42104083333334,13.201846666666668,12.5,5.357500000000002,18.1325,10.125833333333334,2.058333333333333,27.88069416666667
2026-09-05T21:30:00.000Z,MCT2408028,15.186944,74.096667,43.22222222222222,567.1911111111111,555.6111111111111,90.65086555555557,18.631666666666664,12.054444444444444,6.434444444444443,21.488333333333333,12.372777777777776,1.9427777777777777,25.679666666666666
2026-09-05T21:40:00.000Z,MCT2408028,15.186944,74.096667,43.2,565.4196,548.64,90.60034239999999,18.622,12.239199999999997,5.83,19.131599999999995,10.8584,2.0887999999999995,25.686411200000013
2026-09-05T21:50:00.000Z,MCT2408028,15.186944,74.096667,43.4,562.4243999999999,553.96,90.45446880000001,18.8056,12.096799999999998,5.709999999999999,19.807999999999993,11.772800000000002,2.2004,25.71086480000001
2026-09-05T22:00:00.000Z,MCT2408028,15.186944,74.096667,43.52,560.3228,556.76,90.48315439999999,18.927199999999996,12.058399999999995,5.789999999999999,19.2908,11.136,2.0635999999999997,25.6675344
2026-09-05T22:10:00.000Z,MCT2408028,15.186944,74.096667,43.44,555.184,558.28,90.4239488,18.841599999999993,11.8448,5.309999999999999,17.7388,10.301599999999999,1.8519999999999999,25.649945599999995
2026-09-05T22:20:00.000Z,MCT2408028,15.186944,74.096667,43.2,554.1992,556.52,90.41570999999998,18.61,12.022799999999997,4.989999999999998,16.9028,9.942399999999997,1.8348,25.610044800000004
2026-09-05T22:22:44.828Z,MCT2408028,15.186944,74.096667,43.57142857142857,551.6885714285714,559.4285714285714,90.32873714285714,18.967142857142854,11.814285714285715,4.990000000000001,16.19142857142857,9.231428571428571,1.94,25.58884
2026-09-05T21:30:00.000Z,MCT2408020,15.543475,74.039433,33.63636363636363,180,522.6363636363636,88.63362272727271,9.147278545454546,19.332224545454544,12.48181818181818,37.95545454545454,19.855454545454545,3.6599999999999993,26.880171818181818
2026-09-05T21:40:00.000Z,MCT2408020,15.543475,74.039433,29.125,180,511.875,88.55108750000001,9.1899455,19.2961325,9.334999999999999,28.13375,14.753750000000002,3.6599999999999984,26.984923750000007
2026-09-05T21:50:00.000Z,MCT2408020,15.543475,74.039433,29,180,513.375,88.43855187500002,9.394117312499999,19.600760624999996,9.103749999999998,27.958750000000002,14.928124999999998,3.6599999999999984,27.029165000000006
2026-09-05T22:00:00.000Z,MCT2408020,15.543475,74.039433,27.375,180,516.4375,88.13766812499998,9.342098937500001,19.57358,8.00125,24.465625000000003,13.126250000000002,3.6599999999999984,27.062680625000006
2026-09-05T22:10:00.000Z,MCT2408020,15.543475,74.039433,26.6875,180,514.0625,88.40469624999999,9.4594001875,19.484465625,7.47875,23.184375000000003,12.603125,3.6599999999999984,26.955429999999996
2026-09-05T22:20:00.000Z,MCT2408020,15.543475,74.039433,24.875,180,509.6875,88.48623625000002,9.324933000000001,19.454759375,6.203125,19.862499999999997,10.80125,3.6599999999999984,26.87097125
2026-09-05T22:22:44.828Z,MCT2408020,15.543475,74.039433,24.5,180,509.5,88.49005,8.97523975,19.53125,6.03,19.3375,10.452499999999999,3.66,26.818014999999995
2026-09-05T21:30:00.000Z,MCT2408056,15.579167,73.920833,36.54545454545455,180,615.6363636363636,89.82311545454546,6.943636363636364,9.68075109090909,13.139999999999999,41.066363636363626,23.26,1.6281818181818182,26.368291818181817
2026-09-05T21:40:00.000Z,MCT2408056,15.579167,73.920833,34.4375,180,614.5625,89.890999375,6.584999999999998,13.8855620625,11.553749999999999,36.77125,21.145000000000003,2.2025,26.36421
2026-09-05T21:50:00.000Z,MCT2408056,15.579167,73.920833,30.8125,180,621.25,89.83854812500002,6.748750000000001,10.265697874999999,9.675624999999998,30.339374999999997,17.455625,1.661875,26.4037575
2026-09-05T22:00:00.000Z,MCT2408056,15.579167,73.920833,32.5625,180,615.9375,89.763684375,6.3425,11.106367125,10.967499999999998,33.982499999999995,19.212500000000002,2.11125,26.43057062500001
2026-09-05T22:10:00.000Z,MCT2408056,15.579167,73.920833,33.375,180,611.5,89.70980187499998,6.770625,9.923562062500002,11.494999999999997,35.633750000000006,20.208750000000002,1.6749999999999996,26.402416875
2026-09-05T22:20:00.000Z,MCT2408056,15.579167,73.920833,33.6875,180,625.5625,89.48616375,6.7,10.180164000000001,11.671249999999999,36.486875000000005,20.736250000000002,1.5599999999999998,26.4433075
2026-09-05T22:22:44.850Z,MCT2408056,15.579167,73.920833,33.4,180,623.4,89.478818,6.67,9.9046946,11.636,35.884,20.244,1.5879999999999999,26.426011999999997
2026-09-05T21:30:00.000Z,MCT2408057,15.272222,74.104722,29.88888888888889,330.09888888888895,501.6666666666667,86.64712777777781,12.343333333333332,8.758333333333333,4.403333333333333,13.286111111111111,7.227777777777779,2.0194444444444444,27.230631666666675
2026-09-05T21:40:00.000Z,MCT2408057,15.272222,74.104722,29.8,330.0148000000001,500.84,86.34375040000003,12.3784,8.777999999999999,4.5295999999999985,13.7052,7.507199999999998,2.1919999999999997,27.2312552
2026-09-05T21:50:00.000Z,MCT2408057,15.272222,74.104722,29.96,331.62919999999997,505.16,86.78259240000003,12.39,8.814799999999998,4.553599999999999,13.886399999999998,7.6835999999999975,2.0831999999999997,27.142446399999994
2026-09-05T22:00:00.000Z,MCT2408057,15.272222,74.104722,29.4,322.9532000000001,518.4,86.69073520000003,12.121599999999999,8.7348,5.076399999999999,15.131599999999997,8.126000000000003,2.0195999999999996,27.170761200000005
2026-09-05T22:10:00.000Z,MCT2408057,15.272222,74.104722,29.8,327.2048000000001,528.48,86.98339839999998,12.295599999999997,8.703199999999999,4.767999999999998,14.023599999999995,7.5291999999999994,2.1399999999999992,27.08581839999999
2026-09-05T22:20:00.000Z,MCT2408057,15.272222,74.104722,29.92,326.4480000000001,524.76,86.6675436,12.351199999999999,8.756400000000003,4.816399999999998,14.407999999999994,7.882000000000001,2.1692,27.090967200000005
2026-09-05T22:22:44.851Z,MCT2408057,15.272222,74.104722,29.857142857142858,327.8885714285715,516.1428571428571,86.72984000000001,12.248571428571429,8.83,4.938571428571428,14.862857142857143,8.142857142857142,2.287142857142857,27.05971285714286
2026-09-05T21:30:00.000Z,MCT2408055,15.585833,73.885556,24.181818181818183,88.52636363636364,862.5454545454545,89.36604454545456,8.850000000000001,6.629999999999999,8.453636363636365,23.922727272727272,13.011818181818184,1.3963636363636363,26.35951636363637
2026-09-05T21:40:00.000Z,MCT2408055,15.585833,73.885556,24.25,84.359375,869.625,89.38269062500001,8.923124999999999,7.020000000000001,8.39,24.178124999999998,13.29,1.37,26.324661874999993
2026-09-05T21:50:00.000Z,MCT2408055,15.585833,73.885556,25.5,76.83687499999999,885.75,89.36456875000002,8.923125,6.759999999999999,9.483749999999999,27.219999999999995,14.8675,1.315625,26.256290625
2026-09-05T22:00:00.000Z,MCT2408055,15.585833,73.885556,27.25,70.811875,898.0625,89.413685,8.96125,6.76,10.533750000000001,30.509999999999994,16.8275,1.40875,26.214730000000003
2026-09-05T22:10:00.000Z,MCT2408055,15.585833,73.885556,26.9375,71.6275,900.5,89.5142975,9.063125,6.835,10.489999999999998,30.263125000000002,16.573124999999997,1.3462499999999997,26.176521250000004
2026-09-05T22:20:00.000Z,MCT2408055,15.585833,73.885556,28.9375,74.95500000000001,887.25,89.5438625,9.12375,6.709999999999999,11.6275,34.37437499999999,19.343124999999997,1.315,26.212049999999994
2026-09-05T22:22:44.905Z,MCT2408055,15.585833,73.885556,29.8,76.84799999999998,878.2,89.863342,9.216,6.038000000000001,12.31,36.58,20.585999999999995,1.3519999999999999,26.089244
2026-09-05T21:30:00.000Z,MCT2408052,15.444425,74.063856,45.833333333333336,160,766.6666666666666,88.27452083333333,3.683801166666667,8,18.39833333333333,49.85666666666666,22.696666666666662,2,26.68663166666667
2026-09-05T21:40:00.000Z,MCT2408052,15.444425,74.063856,49.625,160,768.3125,88.18630750000003,3.661096687500001,8,21.384375000000002,57.28375,25.695,2,26.757016250000007
2026-09-05T21:50:00.000Z,MCT2408052,15.444425,74.063856,48.4375,160,769.625,88.13862312500002,3.737236937500001,8,20.466250000000002,54.956875,24.72375,2,26.808630000000008
2026-09-05T22:00:00.000Z,MCT2408052,15.444425,74.063856,57.375,160,772.375,88.25878562500003,3.706447500000001,8,27.865624999999998,72.909375,31.757499999999997,2,26.80259875000001
2026-09-05T22:10:00.000Z,MCT2408052,15.444425,74.063856,55.875,160,777.375,88.28501187500004,3.6713596875,8,26.550000000000004,69.82749999999999,30.591875,2,26.809970000000007
2026-09-05T22:20:00.000Z,MCT2408052,15.444425,74.063856,48.875,160,777.5625,88.28024250000001,3.6816230000000005,8,20.50875,55.71062500000001,25.37,2,26.796566875000007
2026-09-05T22:22:45.080Z,MCT2408052,15.444425,74.063856,47.75,160,768.5,88.3241125,3.634035,8,19.5675,53.5325,24.68,2,26.7456225
2026-09-05T21:30:00.000Z,MCT2408053,15.263333,74.110833,41.09090909090909,189.74097272727275,726.6363636363636,93.64335909090909,16.854545454545452,29.353636363636358,6.346363636363637,22.09636363636363,14.459090909090907,6.19,25.949036363636356
2026-09-05T21:40:00.000Z,MCT2408053,15.263333,74.110833,41.5625,169.93595000000002,716.5625,93.55930750000002,17.195625,29.189375,7.0612499999999985,24.974375,16.778750000000006,6.14875,25.9298425
2026-09-05T21:50:00.000Z,MCT2408053,15.263333,74.110833,42.375,162.94551875000002,739.5,93.367618125,17.968750000000004,30.35437499999999,6.141250000000001,21.633125000000003,14.241249999999997,6.2787500000000005,25.829965625
2026-09-05T22:00:00.000Z,MCT2408053,15.263333,74.110833,43.6875,169.3039125,747.375,93.56979874999999,19.071250000000003,30.46812499999999,6.774375000000001,23.211875000000003,15.155624999999999,6.466249999999999,25.768966875000007
2026-09-05T22:10:00.000Z,MCT2408053,15.263333,74.110833,41.4375,190.47296874999998,774.5,93.64323062499999,17.210624999999997,29.88624999999999,6.6587499999999995,22.543749999999996,14.522499999999997,6.33,25.764944999999994
2026-09-05T22:20:00.000Z,MCT2408053,15.263333,74.110833,42.125,153.93370000000002,852.8125,93.25127000000003,17.767500000000002,29.531874999999992,6.715624999999999,23.091875000000005,15.014999999999997,6.077500000000001,25.911743125
2026-09-05T22:22:45.080Z,MCT2408053,15.263333,74.110833,41.5,172.17624999999998,826,92.96469,17.3375,30.43,6.199999999999999,21.1475,13.54,6.4425,25.874205000000003
2026-09-05T21:30:00.000Z,MCT2408021,15.500556,74.053333,49.45454545454545,375,577,88.68841636363635,21.14272727272727,14.481020909090914,3.983636363636363,12.450000000000001,7.921818181818182,4.232727272727273,26.355617272727272
2026-09-05T21:40:00.000Z,MCT2408021,15.500556,74.053333,49.625,375,578.1875,88.86961312499999,21.289375,14.478293124999999,3.509999999999999,11.004375000000003,7.021875,4.231875,26.347450625000004
2026-09-05T21:50:00.000Z,MCT2408021,15.500556,74.053333,49.625,375,568.625,89.15237687499999,21.359375000000004,14.422316875,3.421874999999999,10.841249999999999,6.9325,4.224374999999999,26.340078125
2026-09-05T22:00:00.000Z,MCT2408021,15.500556,74.053333,49.3125,375,562.5,89.0732225,21.142500000000002,14.406611250000001,3.1243749999999992,9.891874999999997,6.277499999999999,4.188125,26.382308749999996
2026-09-05T22:10:00.000Z,MCT2408021,15.500556,74.053333,49.625,375,571.4375,88.94399937499999,21.2775,14.404330625,3.0362499999999994,9.78375,6.248124999999999,4.279375000000001,26.32600125
2026-09-05T22:20:00.000Z,MCT2408021,15.500556,74.053333,49.625,375,568.3125,88.80094937499999,21.290625000000002,14.424598125,3.2749999999999995,10.434999999999999,6.634999999999999,4.2525,26.309245
2026-09-05T22:22:45.101Z,MCT2408021,15.500556,74.053333,49.75,375,568.5,88.9039475,21.2975,14.60481,3.0949999999999998,10.217500000000001,6.665,4.227500000000001,26.271034999999998
2026-09-05T21:30:00.000Z,MCT2408043,15.221111,74.087222,33,179.02727272727273,714.2727272727273,86.72766,14.194545454545453,10.502727272727272,8.981818181818182,28.20636363636364,15.137272727272729,5.29,26.314667272727274
2026-09-05T21:40:00.000Z,MCT2408043,15.221111,74.087222,33,187.164375,716.4375,86.81444562500002,14.202499999999999,10.45875,8.314375,27.116249999999997,14.890000000000002,5.290000000000001,26.251598125
2026-09-05T21:50:00.000Z,MCT2408043,15.221111,74.087222,33,190.728125,700,87.00232000000001,14.191249999999998,10.450624999999999,8.393125,28.08125,15.690000000000003,5.290000000000001,26.2180825
2026-09-05T22:00:00.000Z,MCT2408043,15.221111,74.087222,33,191.83800000000002,693.4,86.98960600000001,14.228666666666665,10.35533333333333,7.8533333333333335,26.178666666666672,14.431333333333335,5.290000000000001,26.260132000000002
2026-09-05T22:10:00.000Z,MCT2408043,15.221111,74.087222,33,187.59687499999998,715.125,86.992305,14.21375,10.446874999999999,7.520624999999999,24.864375,13.690000000000001,5.290000000000001,26.289804374999996
2026-09-05T22:20:00.000Z,MCT2408043,15.221111,74.087222,33,182.17125000000001,738.0625,86.92984250000002,14.196874999999999,10.416875,7.282499999999998,23.898125,12.89,5.290000000000001,26.245564374999997
2026-09-05T22:22:45.103Z,MCT2408043,15.221111,74.087222,33,179.45999999999998,738,86.90314000000001,14.2125,10.522499999999999,6.965,24.14,13.77,5.29,26.212049999999998
2026-09-05T21:30:00.000Z,MCT2408051,15.486528,74.033889,52,319.28909090909093,843.7272727272727,95.33153636363636,22.083636363636362,5.1899999999999995,5.825454545454545,19.946363636363635,11.65272727272727,4.39,26.267869090909095
2026-09-05T21:40:00.000Z,MCT2408051,15.486528,74.033889,51.9375,313.37562499999996,840.625,95.78947437499998,22.051875,5.1899999999999995,6.103749999999998,20.121249999999996,11.434999999999999,4.39,26.130266874999997
2026-09-05T21:50:00.000Z,MCT2408051,15.486528,74.033889,51.9375,309.84250000000003,828.3125,95.976870625,22.051875,5.1899999999999995,6.918124999999999,22.14125,12.251874999999997,4.39,26.122893125000004
2026-09-05T22:00:00.000Z,MCT2408051,15.486528,74.033889,52.125,315.979375,811.0625,94.86154937499998,22.165625,5.1899999999999995,6.25875,20.004999999999995,11.084375,4.39,26.49089875
2026-09-05T22:10:00.000Z,MCT2408051,15.486528,74.033889,52,309.619375,817.0625,94.58784374999998,22.091874999999995,5.1899999999999995,6.219999999999999,20.044375000000002,11.317500000000003,4.39,26.476821875
2026-09-05T22:20:00.000Z,MCT2408051,15.486528,74.033889,51.8125,302.7900000000001,821.5,94.91590874999999,21.9625,5.1899999999999995,5.909999999999999,19.928124999999998,11.589375,4.39,26.33069375
2026-09-05T22:22:45.154Z,MCT2408051,15.486528,74.033889,51.8,303.24999999999994,823.4,95.239014,21.962,5.19,5.724000000000001,19.764,11.7,4.39,26.226528000000002
2026-09-05T21:30:00.000Z,MCT2408050,15.553611,73.958333,27.666666666666668,86.02999999999999,647.1666666666666,92.48149749999999,11.409166666666666,4.139166666666667,10.038333333333334,30.985,16.301666666666666,2.7758333333333334,25.705289999999994
2026-09-05T21:40:00.000Z,MCT2408050,15.553611,73.958333,27.75,86.02999999999999,665.8125,92.47164312500001,11.229375000000001,4.169375,10.073750000000002,31.505625,16.691249999999997,2.58375,25.705289999999994
2026-09-05T21:50:00.000Z,MCT2408050,15.553611,73.958333,27.866666666666667,86.02999999999999,651.5333333333333,92.488872,11.201333333333334,4.028666666666666,10.40666666666667,32.17333333333333,16.84,2.7546666666666666,25.69241999999999
2026-09-05T22:00:00.000Z,MCT2408050,15.553611,73.958333,27.9375,86.02999999999999,661.875,92.30188749999999,11.203750000000001,4.1831249999999995,10.392500000000002,33.0075,17.75375,2.9499999999999997,25.68383999999999
2026-09-05T22:10:00.000Z,MCT2408050,15.553611,73.958333,29.625,86.02999999999999,631.6875,92.17123312500001,11.253125000000002,4.123750000000001,11.613124999999998,37.300625,20.144375,2.8474999999999997,25.68786187499999
2026-09-05T22:20:00.000Z,MCT2408050,15.553611,73.958333,29.5625,86.02999999999999,649.9375,92.41013187500003,11.370000000000001,4.089375,11.8775,37.08749999999999,19.506875000000004,2.798125,25.68383999999999
2026-09-05T22:22:45.329Z,MCT2408050,15.553611,73.958333,29.2,86.03,610.6,92.45428799999999,11.616,4.198,11.878000000000002,37.1,19.559999999999995,3.09,25.683839999999996
2026-09-05T21:30:00.000Z,MCT2408034,15.356389,74.123611,25.11111111111111,180,560.3333333333334,76.45552944444444,6.186111111111113,5.441111111111111,6.58222222222222,21.308888888888887,11.72,1.2977777777777773,30.073381666666666
2026-09-05T21:40:00.000Z,MCT2408034,15.356389,74.123611,26.5,180,563.2083333333334,76.78210916666664,6.150000000000002,5.58625,7.327916666666666,23.876249999999995,13.322499999999998,1.1674999999999998,30.01052083333333
2026-09-05T21:50:00.000Z,MCT2408034,15.356389,74.123611,25.625,180,552.1666666666666,77.07711166666668,6.150000000000002,5.802500000000002,6.834999999999998,22.233749999999997,12.266666666666666,1.2283333333333328,29.962257500000007
2026-09-05T22:00:00.000Z,MCT2408034,15.356389,74.123611,25.64,180,555.64,77.2669072,6.150000000000002,5.346800000000001,6.634799999999999,22.3196,12.675999999999998,1.2575999999999998,29.990607200000003
2026-09-05T22:10:00.000Z,MCT2408034,15.356389,74.123611,25.16,180,554.12,77.08380120000001,6.150000000000002,5.289199999999999,6.525599999999997,21.269199999999998,11.7388,1.2639999999999996,30.107295200000006
2026-09-05T22:20:00.000Z,MCT2408034,15.356389,74.123611,24.291666666666668,180,547.0416666666666,77.13687708333336,6.150000000000002,4.492083333333333,6.379999999999998,19.77125,10.39125,1.255,30.119110000000006
2026-09-05T22:22:45.329Z,MCT2408034,15.356389,74.123611,23.571428571428573,180,541.4285714285714,76.85086571428572,6.1499999999999995,5.0042857142857144,6.380000000000001,18.62285714285714,9.242857142857144,1.397142857142857,30.14394571428571
2026-09-05T21:30:00.000Z,MCT2408030,15.142519,74.075003,26,163,559.4545454545455,82.74997545454546,8.587272727272728,6.200000000000002,9.370000000000001,24.639999999999997,12.31,4.430000000000001,26.672492727272722
2026-09-05T21:40:00.000Z,MCT2408030,15.142519,74.075003,26,163,549.375,82.67406625000001,8.621875,6.200000000000002,9.370000000000001,24.639999999999993,12.31,4.41875,26.665848750000002
2026-09-05T21:50:00.000Z,MCT2408030,15.142519,74.075003,26,163,548.6,82.56302733333334,8.72,6.200000000000002,9.370000000000001,24.639999999999993,12.31,4.394666666666666,26.646946000000003
2026-09-05T22:00:00.000Z,MCT2408030,15.142519,74.075003,26,163,553.4375,82.516235,8.881875,6.200000000000002,9.370000000000001,24.639999999999993,12.31,4.365,26.622950625
2026-09-05T22:10:00.000Z,MCT2408030,15.142519,74.075003,26,163,581.7333333333333,82.71510800000001,8.912666666666668,6.200000000000002,9.370000000000001,24.639999999999993,12.31,4.634,26.454613333333338
2026-09-05T22:20:00.000Z,MCT2408030,15.142519,74.075003,26,163,582,82.91296500000001,8.87125,6.200000000000002,9.370000000000001,24.639999999999993,12.31,4.36125,26.358177500000007
2026-09-05T22:22:45.352Z,MCT2408030,15.142519,74.075003,26,163,589.5,83.00451749999999,8.73,6.2,9.37,24.64,12.31,4.3,26.3193
2026-09-05T21:30:00.000Z,MCT2408029,15.333611,74.206944,12.181818181818182,144.4449909090909,620.3636363636364,92.01691454545454,3.0936363636363637,7.432727272727272,3.637272727272727,11.402727272727274,6.31,3.5,25.79986363636364
2026-09-05T21:40:00.000Z,MCT2408029,15.333611,74.206944,12.6875,146.823175,614.875,92.13785312499999,3.613124999999999,7.19125,3.419375,10.69375,5.918124999999999,3.5,25.795109375
2026-09-05T21:50:00.000Z,MCT2408029,15.333611,74.206944,12.5625,145.64574375,625.8125,92.06442312499999,3.3124999999999996,7.452500000000001,3.3087500000000003,10.729375,6.065000000000001,3.51625,25.817228750000005
2026-09-05T22:00:00.000Z,MCT2408029,15.333611,74.206944,12.625,145.38521249999997,635.625,92.12450499999998,3.2349999999999994,7.648750000000001,3.0506249999999997,9.501875,5.329375000000001,3.5,25.731429374999994
2026-09-05T22:10:00.000Z,MCT2408029,15.333611,74.206944,12.4375,158.72873125,632.375,92.44303187499999,2.788125,7.57875,4.524375,13.726874999999998,7.611875,3.5,25.720033750000006
2026-09-05T22:20:00.000Z,MCT2408029,15.333611,74.206944,12.75,159.99772499999997,636.8125,92.45542937500001,3.4962499999999994,7.54375,4.414375,13.438124999999998,7.465000000000002,3.5,25.839350624999994
2026-09-05T22:22:45.352Z,MCT2408029,15.333611,74.206944,13,157.3083,635.25,92.2399,4.235,7.195,4.71,13.5825,7.3549999999999995,3.5275,25.943917499999998
2026-09-05T21:30:00.000Z,MCT2408023,15.499722,74.020833,35.333333333333336,185.08,518.3333333333334,92.06760333333337,8.542500000000002,17.351666666666667,7.919166666666665,29.551666666666662,20.6625,3.1300000000000003,25.65344833333333
2026-09-05T21:40:00.000Z,MCT2408023,15.499722,74.020833,35.6875,173.8875,529.0625,92.15502124999998,8.566250000000002,17.524375,8.475000000000001,30.316250000000004,20.934375,2.614375,25.561165000000003
2026-09-05T21:50:00.000Z,MCT2408023,15.499722,74.020833,35.8,160.93999999999997,514.9333333333333,92.18267999999998,8.230666666666666,18.54133333333333,9.292,31.747999999999998,21.07333333333333,2.794666666666666,25.484348000000008
2026-09-05T22:00:00.000Z,MCT2408023,15.499722,74.020833,36.375,166.3275,502.6875,92.20938124999999,8.281875,17.801249999999996,9.1875,32.136875,21.75,2.7731250000000003,25.428441874999994
2026-09-05T22:10:00.000Z,MCT2408023,15.499722,74.020833,37.5,158.32312499999998,510.5,92.20795062499997,8.350624999999999,18.240624999999998,9.979375,34.115624999999994,22.656249999999996,3.0199999999999996,25.453245
2026-09-05T22:20:00.000Z,MCT2408023,15.499722,74.020833,36.375,163.85687499999997,511.125,92.10828999999998,8.381875,18.323749999999997,8.156875,29.84125,20.571875,3.15875,25.437156249999997
2026-09-05T22:22:45.404Z,MCT2408023,15.499722,74.020833,36.6,165.07200000000003,514.2,92.117062,8.322,19.273999999999997,8.108,30.144,20.880000000000003,3.342,25.422142
2026-09-05T21:30:00.000Z,MCT2408027,15.275556,74.1075,25.818181818181817,1185.4036363636362,625.4545454545455,90.27186090909089,6.579999999999999,13.126363636363637,7.170909090909092,23.031818181818185,12.937272727272727,2.9499999999999997,26.486268181818183
2026-09-05T21:40:00.000Z,MCT2408027,15.275556,74.1075,26.5,1184.561875,630.375,90.55570875,6.579999999999999,12.961875000000001,7.64375,24.335625000000004,13.586250000000001,2.9500000000000006,26.425878750000003
2026-09-05T21:50:00.000Z,MCT2408027,15.275556,74.1075,26.1875,1180.576875,636,90.76361125000001,6.579999999999999,13.07875,7.396250000000002,23.843750000000004,13.46375,2.9500000000000006,26.342760624999997
2026-09-05T22:00:00.000Z,MCT2408027,15.275556,74.1075,26.1875,1181.9,629,90.66442687499999,6.579999999999999,13.189375000000002,7.5806249999999995,23.59625,13.030624999999999,2.9500000000000006,26.293826875000008
2026-09-05T22:10:00.000Z,MCT2408027,15.275556,74.1075,25.75,1176.8850000000002,656.625,90.73213875,6.579999999999999,13.071875000000004,7.210000000000001,22.610625000000002,12.4775,2.9500000000000006,26.233497500000006
2026-09-05T22:20:00.000Z,MCT2408027,15.275556,74.1075,26,1178.850625,659.875,90.850395,6.579999999999999,13.084375000000001,7.148125000000001,23.103125000000002,13.0325,2.9500000000000006,26.210708124999996
2026-09-05T22:22:45.578Z,MCT2408027,15.275556,74.1075,26,1182.7920000000001,660.8,90.911622,6.58,13.078,7.1,22.868000000000002,12.845999999999998,2.95,26.19864
2026-09-05T21:30:00.000Z,MCT2408040,15.528056,74.020833,18.272727272727273,100,558.1818181818181,88.89094181818182,7.333636363636364,4.808181818181818,3.07,8.42,3.7299999999999995,3.5,26.57206727272727
2026-09-05T21:40:00.000Z,MCT2408040,15.528056,74.020833,18.875,100,556.0625,88.994544375,7.964375000000002,4.738125,3.07,8.42,3.7299999999999986,3.5,26.559271874999997
2026-09-05T21:50:00.000Z,MCT2408040,15.528056,74.020833,18.9375,100,548.9375,89.09086312500003,7.984375000000001,4.775625000000001,3.07,8.42,3.7299999999999986,3.5,26.549885624999998
2026-09-05T22:00:00.000Z,MCT2408040,15.528056,74.020833,18.75,100,548.125,89.05128750000003,7.8118750000000015,4.783125,3.07,8.42,3.7299999999999986,3.5,26.52307250000001
2026-09-05T22:10:00.000Z,MCT2408040,15.528056,74.020833,18.8125,100,556,88.99692812500001,7.988750000000001,4.865625000000001,3.07,8.42,3.7299999999999986,3.5,26.45939375
2026-09-05T22:20:00.000Z,MCT2408040,15.528056,74.020833,18.8125,100,566.5,88.93732499999999,7.976250000000001,4.853125000000001,3.07,8.42,3.7299999999999986,3.5,26.453362499999997
2026-09-05T22:22:45.578Z,MCT2408040,15.528056,74.020833,18.5,100,565.75,88.93827999999999,7.725,4.8625,3.07,8.42,3.73,3.5,26.429229999999997
2026-09-05T21:30:00.000Z,MCT2408049,15.475278,74.055833,56.916666666666664,150.10080000000002,554.9166666666666,87.59359916666669,24.331666666666663,14.11416666666667,8.624166666666667,25.34416666666667,13.043333333333331,2.61,26.935096666666666
2026-09-05T21:40:00.000Z,MCT2408049,15.475278,74.055833,56.8,150.18237333333335,543.1333333333333,87.60961800000003,24.172666666666668,13.395999999999997,8.228666666666667,24.15666666666667,12.430666666666667,2.61,26.98514666666666
2026-09-05T21:50:00.000Z,MCT2408049,15.475278,74.055833,56.875,150,528.9375,87.52207125000002,24.3175,13.178124999999996,8.048125,24.034374999999997,12.419374999999999,2.61,26.961461875000005
2026-09-05T22:00:00.000Z,MCT2408049,15.475278,74.055833,56.75,150.18591874999998,546.625,87.513489375,24.216874999999998,13.601875,8.145625,24.321250000000003,12.709375,2.61,26.935320625000006
2026-09-05T22:10:00.000Z,MCT2408049,15.475278,74.055833,56.8125,151.37614374999998,550,87.24359875000002,24.366874999999997,13.805,7.764375,23.076875,12.135,2.61,26.942025
2026-09-05T22:20:00.000Z,MCT2408049,15.475278,74.055833,56.875,150.4346875,553.1875,87.17112125,24.3,12.600624999999999,7.906875000000002,23.171875000000004,11.943125,2.61,26.877674375
2026-09-05T22:22:45.604Z,MCT2408049,15.475278,74.055833,57,150,550,87.18847600000001,24.421999999999997,13.813999999999998,7.67,22.372,11.663999999999998,2.61,26.822842
2026-09-05T21:30:00.000Z,MCT2408044,15.313669,74.140042,24.363636363636363,214.29,590.8181818181819,95.10127181818183,10.860000000000001,3.358181818181818,3.8145454545454545,10.818181818181818,6.49,2.847202818181818,25.019853636363635
2026-09-05T21:40:00.000Z,MCT2408044,15.313669,74.140042,24.4375,214.29,603.875,95.08328062499999,10.856250000000001,3.419375,4.13,11.53125,6.9625,3.0055288749999995,25.071832500000003
2026-09-05T21:50:00.000Z,MCT2408044,15.313669,74.140042,24.466666666666665,214.29,596.5333333333333,95.14389999999997,10.881333333333336,3.4706666666666663,3.678,10.533333333333333,6.3100000000000005,2.9958120000000004,25.129708000000004
2026-09-05T22:00:00.000Z,MCT2408044,15.313669,74.140042,24.133333333333333,214.29,601.6666666666666,95.10982666666662,10.788666666666668,3.376,3.524666666666667,10.2,6.165333333333334,3.0846153999999997,25.16831933333333
2026-09-05T22:10:00.000Z,MCT2408044,15.313669,74.140042,24.375,214.29,579.75,95.13144124999997,10.884374999999999,3.34625,3.5200000000000005,9.96875,5.949374999999999,2.9214743125,25.226679374999996
2026-09-05T22:20:00.000Z,MCT2408044,15.313669,74.140042,24.2,214.29,575.3333333333334,95.12966133333336,10.793333333333331,3.492,3.6,10.3,6.2379999999999995,3.106068533333333,25.261265999999996
2026-09-05T22:22:45.604Z,MCT2408044,15.313669,74.140042,24,214.29000000000002,602.2,95.100162,10.728,3.6120000000000005,3.7919999999999994,10.6,6.273999999999999,2.8333334,25.276282
2026-09-05T21:30:00.000Z,MCT2408046,15.529167,74.07,30.88888888888889,95.52,636.7222222222222,85.88546166666666,13.247222222222222,0.7405555555555555,5.095000000000001,15.550000000000002,7.896666666666667,3.498888888888889,27.52795722222222
2026-09-05T21:40:00.000Z,MCT2408046,15.529167,74.07,30.92,95.52,635.2,86.06237719999999,13.2928,0.8200000000000003,5.085200000000001,15.283600000000003,7.6448,3.4743999999999993,27.50109599999999
2026-09-05T21:50:00.000Z,MCT2408046,15.529167,74.07,30.88,95.52,637.6,86.14691159999998,13.2448,0.7512000000000001,5.312,16.083200000000005,8.056400000000002,3.4471999999999996,27.4989508
2026-09-05T22:00:00.000Z,MCT2408046,15.529167,74.07,31,95.52,633.4,86.20275880000001,13.317599999999995,0.7511999999999999,5.060000000000001,14.617600000000003,7.087600000000001,3.4955999999999996,27.488655599999994
2026-09-05T22:10:00.000Z,MCT2408046,15.529167,74.07,31,95.52,631.84,86.3437496,13.3128,0.78,5.060000000000001,14.662000000000003,7.234000000000002,3.4444000000000004,27.4337432
2026-09-05T22:20:00.000Z,MCT2408046,15.529167,74.07,30.88,95.52,637.28,86.31994639999998,13.2996,0.7948000000000001,5.3624,16.308,8.2,3.4208,27.3874124
2026-09-05T22:22:45.651Z,MCT2408046,15.529167,74.07,31,95.52,643.5714285714286,86.37780000000001,13.248571428571427,0.7871428571428571,5.24,15.708571428571428,7.862857142857143,3.3628571428571425,27.34929142857143
2026-09-05T21:30:00.000Z,MCT2408037,15.394444,74.118333,28.818181818181817,160,538.2727272727273,86.10898727272728,10.57363636363636,14.487272727272728,9.999999999999998,37.095454545454544,19.421818181818182,3.4372727272727275,26.643242727272728
2026-09-05T21:40:00.000Z,MCT2408037,15.394444,74.118333,26.0625,160,532.5,86.00477749999999,10.638125,14.479375000000001,6.875624999999999,25.758749999999996,13.630625000000004,3.524375,26.74025875
2026-09-05T21:50:00.000Z,MCT2408037,15.394444,74.118333,25.5,160,529.3125,85.88508937500002,10.676875000000003,14.454999999999998,5.76125,21.823749999999997,11.803125000000001,3.5831250000000003,26.828741875000006
2026-09-05T22:00:00.000Z,MCT2408037,15.394444,74.118333,25.25,160,533.3125,85.90797750000002,10.50875,14.461875000000001,6.039375,22.435625,11.896250000000002,3.6012500000000003,26.849520625000004
2026-09-05T22:10:00.000Z,MCT2408037,15.394444,74.118333,25,160,544.625,85.85457187499998,10.468125000000002,14.428749999999999,6.411250000000001,23.86875,12.740000000000002,3.6512499999999997,26.82740062500001
2026-09-05T22:20:00.000Z,MCT2408037,15.394444,74.118333,25.25,160,539.4375,85.75253000000001,10.644375,14.398124999999999,6.040000000000001,23.049374999999994,12.552500000000002,3.595625,26.797906249999997
2026-09-05T22:22:45.834Z,MCT2408037,15.394444,74.118333,25.4,160,532.4,85.72973599999999,10.698,14.419999999999998,5.352,19.954,10.64,3.564,26.769218000000002
2026-09-05T21:30:00.000Z,MCT2408042,15.213889,74.071667,61.333333333333336,263.07249999999993,523.25,89.49712999999998,26.283333333333335,13.215833333333334,7.810833333333332,24.243333333333336,13.137500000000003,3.6341666666666668,26.664284999999996
2026-09-05T21:40:00.000Z,MCT2408042,15.213889,74.071667,60.875,260.986875,515.9375,89.56341187499999,25.99,13.126249999999999,7.905625,24.339375,13.100624999999996,3.6731249999999998,26.644399999999997
2026-09-05T21:50:00.000Z,MCT2408042,15.213889,74.071667,61.3125,257.79437499999995,519.6875,89.630168125,26.269999999999996,13.150624999999998,7.791874999999998,23.82625,12.757499999999999,3.6525000000000007,26.62495999999999
2026-09-05T22:00:00.000Z,MCT2408042,15.213889,74.071667,60.75,259.5174999999999,520.875,89.71981562499998,25.91,13.3025,7.5075,23.084375,12.415,3.658125,26.604850625000008
2026-09-05T22:10:00.000Z,MCT2408042,15.213889,74.071667,60.8125,243.76187499999997,531.1875,89.79515687499999,25.95,13.06125,7.791874999999999,23.655000000000005,12.528125000000001,3.7406249999999996,26.612225625
2026-09-05T22:20:00.000Z,MCT2408042,15.213889,74.071667,61.2,257.51133333333325,532.4666666666667,89.82723,26.197999999999997,12.739333333333333,7.522666666666666,23.043333333333333,12.452,3.773333333333333,26.600471333333328
2026-09-05T22:22:45.834Z,MCT2408042,15.213889,74.071667,61.2,255.984,532,89.872496,26.198,12.598000000000003,8.008,24.444,13.122,3.718,26.57402
2026-09-05T21:30:00.000Z,MCT2408041,15.224628,74.171389,32.833333333333336,399.21767499999993,596.1666666666666,90.26770333333333,13.820833333333333,9.700000000000001,8.090000000000002,20.385,9.035000000000002,7.921666666666667,26.391694166666667
2026-09-05T21:40:00.000Z,MCT2408041,15.224628,74.171389,32.6875,392.63700624999996,575.875,90.33588875,13.686874999999999,9.7,8.090000000000002,20.300625,8.950625000000002,7.964375,26.37694625
2026-09-05T21:50:00.000Z,MCT2408041,15.224628,74.171389,32.75,400.4374375000001,577.9375,90.25816499999998,13.74125,9.7,8.090000000000002,20.300625,8.950625000000002,7.932500000000001,26.370243124999995
2026-09-05T22:00:00.000Z,MCT2408041,15.224628,74.171389,32.5,398.06500000000005,574.625,90.30871125000003,13.625625000000001,9.7,8.090000000000002,20.35125,9.001250000000002,7.908124999999999,26.33940875
2026-09-05T22:10:00.000Z,MCT2408041,15.224628,74.171389,32.6875,400.4979000000001,587.625,90.29964875000002,13.606875,9.7,8.090000000000002,20.35125,9.000625000000003,7.901250000000001,26.321978749999992
2026-09-05T22:20:00.000Z,MCT2408041,15.224628,74.171389,32.6875,400.21636250000006,601.6875,90.030713125,13.659999999999998,9.7,8.090000000000002,20.25,8.900000000000002,8.029375,26.252267500000006
2026-09-05T22:22:45.854Z,MCT2408041,15.224628,74.171389,32.75,405.75207500000005,577,90.28296,13.565000000000001,9.7,8.09,20.4525,9.1025,7.945,26.1986425
2026-09-05T21:30:00.000Z,MCT2408033,15.346944,74.007778,20.083333333333332,110.05974166666665,467.0833333333333,90.02800833333333,8.155833333333334,4.428333333333334,4.646666666666667,12.179166666666667,7.699166666666666,4.39,26.26478083333333
2026-09-05T21:40:00.000Z,MCT2408033,15.346944,74.007778,19.666666666666668,110.27189333333334,496.6,90.2259933333333,7.807333333333332,4.4079999999999995,4.688000000000001,12.068000000000001,7.531333333333333,4.39,26.203647333333336
2026-09-05T21:50:00.000Z,MCT2408033,15.346944,74.007778,19.9375,110.0614125,469.4375,90.330643125,7.923125,4.50125,4.620625,11.98625,7.465000000000002,4.39,26.1409925
2026-09-05T22:00:00.000Z,MCT2408033,15.346944,74.007778,20.0625,110.05034375,478.3125,90.38500250000001,8.234375000000002,4.528125,4.810625,11.986249999999998,7.244375000000001,4.39,26.07798125
2026-09-05T22:10:00.000Z,MCT2408033,15.346944,74.007778,20.125,110.26968124999999,501.6875,90.333025625,8.225000000000001,4.458749999999999,4.430625000000001,11.665,7.281250000000001,4.39,26.056531249999995
2026-09-05T22:20:00.000Z,MCT2408033,15.346944,74.007778,19.75,110.87891874999998,504.3125,90.21667875000001,8.078125,4.45,4.621250000000001,12.179374999999999,7.649375000000001,4.39,26.091386875000005
2026-09-05T22:22:45.855Z,MCT2408033,15.346944,74.007778,19.4,110.32218,474.4,90.286012,7.636,4.38,4.362,11.69,7.414,4.39,26.037761999999997
2026-09-05T21:30:00.000Z,MCT2408024,15.148056,74.131667,41.5,218.09009444444447,718,81.0772466666667,18.262412222222224,5.7291167777777785,5,15.712222222222225,8.712222222222222,2.5188888888888896,27.11146333333334
2026-09-05T21:40:00.000Z,MCT2408024,15.148056,74.131667,41.208333333333336,218.46681249999997,650.625,81.01769291666669,18.061122500000003,5.611171416666668,5.083333333333333,15.865000000000004,8.698333333333336,2.5329166666666665,27.086587500000004
2026-09-05T21:50:00.000Z,MCT2408024,15.148056,74.131667,41.08,219.204156,730.68,81.11456080000002,17.8496204,5.741125760000002,5.08,16.070000000000004,8.910000000000002,2.532799999999999,26.999591999999996
2026-09-05T22:00:00.000Z,MCT2408024,15.148056,74.131667,41.08,219.02718000000002,743.04,81.22320759999997,18.007067600000003,5.887446120000002,5,15.430000000000005,8.430000000000001,2.5180000000000002,26.996588799999994
2026-09-05T22:10:00.000Z,MCT2408024,15.148056,74.131667,41.36,217.640904,633.36,81.22656400000004,18.1250748,5.772006000000001,5,15.230000000000004,8.230000000000002,2.5216000000000003,27.031765200000006
2026-09-05T22:20:00.000Z,MCT2408024,15.148056,74.131667,41.041666666666664,218.36186666666663,761.625,81.11496958333335,17.942233750000003,5.7076721666666685,5,14.990000000000004,7.990000000000002,2.5308333333333333,27.039665416666676
2026-09-05T22:22:45.898Z,MCT2408024,15.148056,74.131667,40.714285714285715,216.95160000000004,749.7142857142857,81.01869285714285,17.667985714285717,5.661719428571429,5,14.989999999999998,7.990000000000001,2.5357142857142856,26.999958571428575
2026-09-05T21:30:00.000Z,MCT2408045,15.619444,73.878889,26.666666666666668,178.11999999999998,744.9166666666666,86.58143083333333,10.715833333333334,16.91583333333333,4.905,16.2075,8.341666666666667,2.5300000000000002,26.511455833333333
2026-09-05T21:40:00.000Z,MCT2408045,15.619444,73.878889,27.4375,178.11999999999995,742,86.459200625,11.225625,16.705,4.811875000000001,16.361875,8.518749999999997,2.5300000000000002,26.491568750000006
2026-09-05T21:50:00.000Z,MCT2408045,15.619444,73.878889,27.1875,178.11999999999995,722.6875,86.77057562499998,10.999375,16.760625,4.74875,15.791875,8.094375000000001,2.5300000000000002,26.355495625000007
2026-09-05T22:00:00.000Z,MCT2408045,15.619444,73.878889,27.6875,178.11999999999995,734.875,86.85020687499998,11.378750000000002,16.67625,4.907500000000001,16.290625,8.270625,2.5300000000000002,26.352814374999994
2026-09-05T22:10:00.000Z,MCT2408045,15.619444,73.878889,27.25,178.11999999999995,716.4375,86.90075499999999,11.031875000000001,16.795,5.411250000000002,18.071875,9.223125,2.5300000000000002,26.378286249999995
2026-09-05T22:20:00.000Z,MCT2408045,15.619444,73.878889,26.875,178.11999999999995,701.8125,86.95225062499999,10.820625,16.37375,6.0081250000000015,20.173750000000002,10.317499999999999,2.5300000000000002,26.401076875000005
2026-09-05T22:22:46.083Z,MCT2408045,15.619444,73.878889,26.25,178.12,698.5,86.92221,10.43,16.66,6.4174999999999995,20.9575,10.4625,2.53,26.426550000000002
2026-09-05T21:30:00.000Z,MCT2408022,15.475833,74.038889,31.75,150,491.0833333333333,90.51819916666666,4.284166666666667,11.218708333333332,12.166666666666666,37.166666666666664,19.666666666666668,4.249238166666667,26.170041666666666
2026-09-05T21:40:00.000Z,MCT2408022,15.475833,74.038889,31.8125,150,488.5625,90.56429187500004,4.460000000000001,11.307291874999999,12.1875,37.0625,19.5,4.226843749999999,26.181885000000005
2026-09-05T21:50:00.000Z,MCT2408022,15.475833,74.038889,32,150,480.0625,90.750259375,4.135,11.327308750000002,12.5,37.625,19.6875,4.231240874999999,26.1979725
2026-09-05T22:00:00.000Z,MCT2408022,15.475833,74.038889,31.133333333333333,150,484.2,90.612548,4.259333333333333,11.264725333333335,11.666666666666666,35.8,19.066666666666666,4.251258933333333,26.244403333333334
2026-09-05T22:10:00.000Z,MCT2408022,15.475833,74.038889,29.6875,150,483.4375,90.52757625000002,4.43375,11.206889375000001,10.6875,32.75,17.4375,4.2450039375,26.224784999999997
2026-09-05T22:20:00.000Z,MCT2408022,15.475833,74.038889,30.125,150,503.9375,90.58432000000002,4.352499999999999,11.107304374999998,11.125,33.875,18,4.2273510000000005,26.108145625000002
2026-09-05T22:22:46.084Z,MCT2408022,15.475833,74.038889,30.6,150,482.6,90.690372,4.202,11.089558,11.2,35,18.8,4.2574928,26.089244
2026-09-05T21:30:00.000Z,MCT2408032,15.525556,73.828611,35.333333333333336,178.92999999999995,657.2777777777778,88.66807333333331,15.057222222222224,19.41722222222222,7.120000000000001,19.83333333333334,9.83,1.7872222222222223,27.3784
2026-09-05T21:40:00.000Z,MCT2408032,15.525556,73.828611,35.2,180.47080000000003,659,88.867554,14.875200000000001,19.2896,7.120000000000002,18.888400000000004,8.888800000000002,1.876,27.327350000000003
2026-09-05T21:50:00.000Z,MCT2408032,15.525556,73.828611,35.28,181.1644,652.28,88.98534999999998,14.944800000000003,19.2316,7.120000000000002,18.035600000000002,8.039600000000002,1.9455999999999998,27.274584400000002
2026-09-05T22:00:00.000Z,MCT2408032,15.525556,73.828611,34.8,182.94640000000004,647.56,89.04119920000001,14.6316,19.243599999999997,7.120000000000002,17.9788,7.983600000000001,1.9531999999999996,27.234256399999996
2026-09-05T22:10:00.000Z,MCT2408032,15.525556,73.828611,35.44,182.5452,652.88,89.07293720000001,15.119200000000001,19.800799999999995,7.120000000000002,17.922000000000004,7.926000000000003,1.9267999999999994,27.234686
2026-09-05T22:20:00.000Z,MCT2408032,15.525556,73.828611,35.56,183.852,656.08,89.10070799999998,15.293600000000003,19.495199999999997,7.120000000000002,17.8652,7.870400000000003,1.8128000000000002,27.24198
2026-09-05T22:22:46.108Z,MCT2408032,15.525556,73.828611,34.285714285714285,179.82285714285715,655,88.97941999999999,13.96142857142857,19.244285714285716,7.119999999999999,17.881428571428568,7.885714285714286,1.9471428571428573,27.288004285714283
2026-09-05T21:30:00.000Z,MCT2408036,15.171567,74.067106,35.18181818181818,120,542.1818181818181,91.83311272727272,10.056363636363638,7.707272727272727,5.78909090909091,17.49909090909091,9.58,10.498181818181818,26.15184090909091
2026-09-05T21:40:00.000Z,MCT2408036,15.171567,74.067106,35.6875,120,560.75,91.157000625,10.033124999999998,8.004375,5.62375,16.748749999999998,9.02375,10.845625000000002,26.253608124999996
2026-09-05T21:50:00.000Z,MCT2408036,15.171567,74.067106,35.4,120,566.9333333333333,91.30122933333332,9.952666666666667,8.015333333333333,5.332666666666666,16.142666666666667,8.781333333333333,10.636000000000001,26.156453333333342
2026-09-05T22:00:00.000Z,MCT2408036,15.171567,74.067106,35.1875,120,584.0625,91.26667437499998,9.925624999999998,8.006875,4.5375000000000005,13.963125000000002,7.630625,10.485625,26.126915625000002
2026-09-05T22:10:00.000Z,MCT2408036,15.171567,74.067106,35.333333333333336,120,588.2666666666667,91.26104733333335,10.299333333333335,8.175333333333334,6.104666666666668,17.425333333333334,9.050666666666666,10.636666666666667,26.09639266666666
2026-09-05T22:20:00.000Z,MCT2408036,15.171567,74.067106,35.1875,120,597.125,91.18370562499997,10.083125,8.009374999999999,5.657500000000001,16.621875,8.8025,10.415625,26.090048125
2026-09-05T22:22:46.123Z,MCT2408036,15.171567,74.067106,36,120,605.25,91.208025,10.455000000000002,8.3775,6.1825,17.2225,8.7375,10.8525,26.045807500000002
2026-09-05T21:30:00.000Z,MCT2408031,15.290833,74.149167,17.818181818181817,150.63515454545455,474.27272727272725,87.49337454545457,7.183469000000001,6.800751363636365,4.892727272727273,13.20090909090909,7.446363636363636,4.719090909090909,25.82618636363636
2026-09-05T21:40:00.000Z,MCT2408031,15.290833,74.149167,17.875,156.09305,479,87.47295875000002,7.1931745,6.906393375000001,4.9712499999999995,13.287500000000001,7.41,4.66875,25.890293125000003
2026-09-05T21:50:00.000Z,MCT2408031,15.290833,74.149167,17.625,155.19315,465.125,87.49298625000003,7.109506875,7.2784871875,5.030625,13.369374999999996,7.411250000000001,4.695625000000001,25.925821250000002
2026-09-05T22:00:00.000Z,MCT2408031,15.290833,74.149167,17.75,151.29911875,486.75,87.54591500000001,7.2021483125,6.652697937499999,4.939375000000001,13.015624999999996,7.261875000000001,4.6875,25.931853125
2026-09-05T22:10:00.000Z,MCT2408031,15.290833,74.149167,17.8125,153.4075625,491,87.54019375000001,7.2571789375,6.69844275,5.089375,13.478125,7.470625000000001,4.844374999999999,25.94659937499999
2026-09-05T22:20:00.000Z,MCT2408031,15.290833,74.149167,17.75,153.38339375,490.4375,87.52255187499999,7.0786263125,6.52002,5.148749999999999,13.341874999999998,7.2318750000000005,4.82375,25.949281874999997
2026-09-05T22:22:46.148Z,MCT2408031,15.290833,74.149167,17.8,153.81275999999997,494.2,87.467712,7.2360641999999995,6,5.24,14,7.715999999999999,4.782,25.943381999999996
2026-09-05T21:30:00.000Z,MCT2408035,15.236111,74.125,48.18181818181818,190,824.8181818181819,89.75583727272728,19.085665454545452,9.251818181818182,3.8,10.635454545454543,5.350909090909091,3.8299999999999987,26.491143636363642
2026-09-05T21:40:00.000Z,MCT2408035,15.236111,74.125,48.25,190,809.625,89.76129812500001,19.10458375,9.476250000000002,3.799999999999999,10.638124999999999,5.355,3.8299999999999987,26.498943750000006
2026-09-05T21:50:00.000Z,MCT2408035,15.236111,74.125,48.625,190,821.5,89.76129875000001,19.3568625,9.871250000000003,3.8237499999999986,11.109374999999996,5.77875,3.8299999999999987,26.450008750000006
2026-09-05T22:00:00.000Z,MCT2408035,15.236111,74.125,48.5625,190,828.625,90.06408999999998,19.220841249999996,9.650000000000002,3.799999999999999,10.331874999999998,5.049999999999999,3.8299999999999987,26.366222499999996
2026-09-05T22:10:00.000Z,MCT2408035,15.236111,74.125,48.125,190,841.375,89.92485374999997,18.998208124999998,9.694375,3.799999999999999,11.061874999999997,5.779375,3.8299999999999987,26.381638125000002
2026-09-05T22:20:00.000Z,MCT2408035,15.236111,74.125,47.8125,190,822.5,90.00925499999998,18.619789999999995,9.6125,4.369999999999999,13.96125,7.761875000000001,3.8299999999999987,26.331363124999996
2026-09-05T22:22:46.334Z,MCT2408035,15.236111,74.125,48,190,805.4,90.113584,18.77418,9.495999999999999,3.8,11.319999999999999,6.040000000000001,3.8299999999999996,26.340212
2026-09-05T21:30:00.000Z,MCT2408039,15.163611,74.110833,32,279.73636363636365,559.7272727272727,86.47380999999999,11.810909090909092,10.299999999999999,9.019999999999998,28.94,11.760000000000002,2.3000000000000003,26.111862727272726
2026-09-05T21:40:00.000Z,MCT2408039,15.163611,74.110833,32,299.978125,555.125,86.585086875,11.636249999999997,10.3,9.019999999999998,28.94,11.759999999999998,2.3,26.057873125000008
2026-09-05T21:50:00.000Z,MCT2408039,15.163611,74.110833,32,289.143125,555.1875,86.74911812500001,12.040624999999999,10.3,9.019999999999998,28.94,11.759999999999998,2.3,26.050498125
2026-09-05T22:00:00.000Z,MCT2408039,15.163611,74.110833,32.125,306.51125,540.5625,86.733383125,12.67625,10.3,9.019999999999998,28.94,11.759999999999998,2.3,26.083343125
2026-09-05T22:10:00.000Z,MCT2408039,15.163611,74.110833,32,301.444375,529.625,86.71526312500002,11.971874999999997,10.3,9.019999999999998,28.94,11.759999999999998,2.3,26.091387499999996
2026-09-05T22:20:00.000Z,MCT2408039,15.163611,74.110833,32,306.27374999999995,522.5625,86.70906500000001,11.787499999999998,10.3,9.019999999999998,28.94,11.759999999999998,2.3,26.073288750000003
2026-09-05T22:22:46.334Z,MCT2408039,15.163611,74.110833,32,285.045,549,86.69904999999999,11.209999999999999,10.3,9.02,28.94,11.76,2.3,26.099429999999998
2026-09-05T21:30:00.000Z,MCT2408038,15.188889,74.055556,22.833333333333332,333.295,779.75,87.7767025,9.463333333333333,13.330000000000004,5.950000000000002,16.900000000000002,7.939999999999999,4.705000000000001,26.806396666666668
2026-09-05T21:40:00.000Z,MCT2408038,15.188889,74.055556,22.4375,321.581875,762.1875,87.57881562499999,9.233124999999998,13.330000000000005,5.950000000000002,16.900000000000002,7.939999999999999,4.699999999999999,26.740259374999997
2026-09-05T21:50:00.000Z,MCT2408038,15.188889,74.055556,22.666666666666668,335.6086666666667,652.2666666666667,88.04602,9.383999999999999,13.330000000000005,5.950000000000002,16.900000000000002,7.939999999999999,4.714666666666667,26.590462666666664
2026-09-05T22:00:00.000Z,MCT2408038,15.188889,74.055556,22.5625,338.989375,626.6875,88.13242250000002,9.392499999999998,13.330000000000005,5.950000000000002,16.900000000000002,7.939999999999999,4.6875,26.569995625
2026-09-05T22:10:00.000Z,MCT2408038,15.188889,74.055556,22.6875,349.44,714.0625,88.25210999999999,9.335625,13.330000000000005,5.950000000000002,16.900000000000002,7.939999999999999,4.71375,26.610215000000004
2026-09-05T22:20:00.000Z,MCT2408038,15.188889,74.055556,22.5,356.26812499999994,759.3125,88.295978125,9.289375,13.330000000000005,5.950000000000002,16.900000000000002,7.939999999999999,4.743125,26.691323125000007
2026-09-05T22:22:46.357Z,MCT2408038,15.188889,74.055556,22.8,356.70400000000006,742.8,88.161988,9.45,13.330000000000002,5.95,16.9,7.94,4.792,26.752057999999998
2026-09-05T21:30:00.000Z,MCT2408026,15.2467,74.198281,30.72222222222222,125,598.7777777777778,83.58646833333334,13.102210000000001,12.5,5.410000000000001,18.535555555555558,10.447222222222223,2.1094444444444447,28.179803333333332
2026-09-05T21:40:00.000Z,MCT2408026,15.2467,74.198281,30.958333333333332,125,601.4583333333334,83.13199124999998,13.182668749999998,12.5,5.082500000000002,17.568750000000005,10.044583333333334,2.0487499999999996,28.273946666666664
2026-09-05T21:50:00.000Z,MCT2408026,15.2467,74.198281,30.958333333333332,125,592.7083333333334,81.64266916666666,13.219612083333333,12.5,4.886666666666669,15.87708333333334,8.757916666666668,1.9958333333333336,28.760151250000003
2026-09-05T22:00:00.000Z,MCT2408026,15.2467,74.198281,30.96,125,589.6,81.14752119999999,13.198515200000001,12.5,4.955600000000002,15.937600000000007,8.678000000000003,1.9631999999999998,28.8812032
2026-09-05T22:10:00.000Z,MCT2408026,15.2467,74.198281,30.833333333333332,125,578.4166666666666,80.91755874999997,13.148888333333334,12.5,4.808333333333336,16.077916666666667,9.119583333333333,1.961666666666667,28.90047166666666
2026-09-05T22:20:00.000Z,MCT2408026,15.2467,74.198281,30.875,125,579.3333333333334,81.17123624999999,13.217323333333331,12.5,4.76916666666667,15.553333333333335,8.67791666666667,2.142083333333334,28.756128333333326
2026-09-05T22:22:46.376Z,MCT2408026,15.2467,74.198281,30.714285714285715,125,594.1428571428571,82.93040285714287,13.28119,12.5,4.7299999999999995,14.922857142857143,8.124285714285715,2.2285714285714286,28.135284285714285
