time,device_id,latitude,longitude,aqi,co,co2,hum,no2,o3,pm1,pm10,pm25,so2,temp
2026-07-26T00:00:00.000Z,MCT2408056,15.579167,73.920833,27.68041237113402,184.52907647610118,652.3552014995314,84.64215865042203,7.533940955951246,25.028632344423524,8.961312089971821,28.15830834114311,16.176499531396555,2.611644798500465,29.464578195876157
2026-07-26T03:09:09.276Z,MCT2408056,15.579167,73.920833,33.2317880794702,183.0846688741722,635.364238410596,89.23533201986758,6.984867549668871,20.081374168874206,11.98215231788082,37.15420529801328,21.102980132450337,2.549933774834414,28.00184178807947
2026-07-26T00:00:00.000Z,MCT2408028,15.186944,74.096667,41.16927811975378,621.3054448796873,471.1600447677672,88.23380058757672,17.215190263011255,12.400092333519435,8.527076105204662,27.624571908226613,15.527325125909453,1.5843564633463967,28.52628367095772
2026-07-26T03:09:09.272Z,MCT2408028,15.186944,74.096667,41.15711252653928,552.1937791932057,469.20594479830146,92.78060598726107,17.655010615711277,13.163673036093455,10.089256900212197,35.18974522292991,20.904946921443692,1.3026326963906583,27.187534564755875
2026-07-26T00:00:00.000Z,MCT2408055,15.585833,73.885556,20.6021897810219,100.74258667883214,561.7490875912408,84.22016611770093,8.323042883211535,28.341600679745138,6.276797445255522,18.996742700730028,10.969881386861458,1.3965647810218982,29.185883380474262
2026-07-26T03:09:09.283Z,MCT2408055,15.585833,73.885556,20.037542662116042,106.94433447098984,656.3822525597269,87.4347211262799,8.418873720136526,24.9217760409556,6.582696245733799,20.112150170648473,11.724061433447089,1.7439590443685993,27.613255255972685
2026-07-26T00:00:00.000Z,MCT2408057,15.272222,74.104722,29.454646633277687,303.38966332776886,592.8336115748469,83.72392768503077,12.46801057317742,9.011789092932618,6.25370339454632,18.52819143016102,9.855664997217586,2.2416555370061335,29.228206096271244
2026-07-26T03:09:09.275Z,MCT2408057,15.272222,74.104722,29.72457627118644,317.4628389830509,591.1504237288135,89.05743881355917,12.228305084745767,9.4308474576271,7.539491525423736,23.18705508474579,12.69148305084746,2.536334745762711,27.759415254237258
2026-07-26T00:00:00.000Z,MCT2408020,15.543475,74.039433,28.619380183326058,182.2534124399826,712.0554343081624,83.32789171977278,9.34358442121353,19.573508149279608,9.645063291138891,29.10719336534287,15.009140113487726,3.659999999999899,29.46423840244452
2026-07-26T03:09:09.283Z,MCT2408020,15.543475,74.039433,28.26732673267327,180,719.3729372937294,87.27700280528057,9.39886108250826,19.48256570957097,9.343729372937288,28.550099009900972,15.11782178217822,3.659999999999997,28.277044356435635
2026-07-26T00:00:00.000Z,MCT2408053,15.263333,74.110833,43.43820713664056,203.1024023063535,697.1266318537859,85.69548173194079,18.553899042645835,26.256201044386493,5.311453437772117,16.57159268929506,9.998420365535422,6.399795474325506,28.920490992167203
2026-07-26T03:09:09.422Z,MCT2408053,15.263333,74.110833,41.24834437086093,200.92912384105944,738.1854304635762,92.84317649006631,15.697350993377503,21.62844370860931,6.840960264900633,23.45390728476824,15.246589403973516,6.859006622516559,27.074014933774862
2026-07-26T00:00:00.000Z,MCT2408051,15.486528,74.033889,51.63443708609272,365.3211125827816,677.0721854304636,94.75128833774822,21.730172185430384,5.190192052979966,5.967781456953651,18.466735099337804,9.871841059602612,4.390900662251755,27.587498132450218
2026-07-26T03:09:09.433Z,MCT2408051,15.486528,74.033889,51.63245033112583,302.908443708609,673.8774834437086,95.92737178807943,21.769768211920432,5.190000000000036,5.734105960264904,17.499801324503267,9.112947019867557,4.390000000000014,26.99588523178807
2026-07-26T00:00:00.000Z,MCT2408043,15.221111,74.087222,59.29806848112379,168.5388059701492,659.0140474100087,80.96730073309944,24.281154521510228,33.64757243195741,13.969350307287172,45.733985952589784,25.303582089552094,5.290193151887878,29.522737897278454
2026-07-26T03:09:09.432Z,MCT2408043,15.221111,74.087222,57.79530201342282,182.22255033557053,646.5738255033557,85.38240412751679,24.33788590604029,32.999765100671205,13.63362416107382,46.772416107382575,26.863859060402707,5.289999999999978,28.27639426174496
2026-07-26T00:00:00.000Z,MCT2408052,15.444425,74.063856,29.64198606271777,160.22501293554004,635.0583623693379,84.3645160409404,3.8042741620209495,8.018674008710802,10.849860627177817,31.449660278745675,15.419155052264703,2,29.401992495644347
2026-07-26T03:09:09.430Z,MCT2408052,15.444425,74.063856,36.15181518151815,160,666.039603960396,89.95368640264023,3.720396135313524,8,13.56356435643569,40.339042904290395,20.29650165016504,2,28.215950132013173
2026-07-26T00:00:00.000Z,MCT2408021,15.500556,74.053333,50.712467076382794,384.8081518876207,589.5825285338016,84.68097381914,20.626597892888775,14.263452989464419,6.692901668130076,20.4687840210715,12.763696224758306,4.224376646180844,28.891887638279474
2026-07-26T03:09:09.431Z,MCT2408021,15.500556,74.053333,67.23255813953489,537.1470431893688,590.0531561461794,89.45102548172765,20.757176079734208,14.141656810631245,20.80033222591359,66.01438538205976,42.45661129568105,3.978538205980065,27.756024451827262
2026-07-26T00:00:00.000Z,MCT2408050,15.553611,73.958333,27.569304766069084,86.63992566681158,504.18102317446437,85.44697371665909,11.61037166593798,3.938806296458231,6.133795365107069,19.917953651071368,10.979191080017374,2.668762571053787,29.30895617402695
2026-07-26T03:09:09.565Z,MCT2408050,15.553611,73.958333,27.664451827242527,86.02999999999976,509.62126245847173,90.4536447840532,11.441295681063114,4.131129568106318,7.290398671096361,24.093023255813915,13.528106312292374,3.0486378737541537,27.726806611295686
2026-07-26T00:00:00.000Z,MCT2408030,15.142519,74.075003,25.173487544483987,165.0223036921704,428.9724199288256,81.2691311921703,8.602006227758023,6.200000000000224,9.373763345195778,25.04261120996412,12.72164145907508,3.5074199288256214,29.095862504448398
2026-07-26T03:09:09.577Z,MCT2408030,15.142519,74.075003,26.356902356902356,164.1337905723906,430.6026936026936,85.9715285521886,8.927104377104373,6.20000000000003,9.52468013468007,27.62127946127949,15.169292929292943,3.9769360269360257,27.50583885521882
2026-07-26T00:00:00.000Z,MCT2408029,15.333611,74.206944,13.02582056892779,519.2318977680537,732.417943107221,88.88207533041623,3.7870021881838127,7.450647702406921,3.6002319474835214,11.331676148796683,6.408358862144281,3.589557986870893,28.809645242888237
2026-07-26T03:09:09.583Z,MCT2408029,15.333611,74.206944,18.966777408637874,544.8226299003325,746.2724252491695,93.61320272425269,4.9049169435215765,8.115415282392016,7.662624584717608,23.776279069767444,13.240332225913626,3.6944518272425246,27.008474617940223
2026-07-26T00:00:00.000Z,MCT2408034,15.356389,74.123611,48.080236486486484,192.85463654279263,450.0647522522523,75.45403211711731,19.97661880630623,5.563065878378323,10.071942567567326,31.379740990991483,16.569777590089664,1.517060810810818,31.86616280686896
2026-07-26T03:09:09.577Z,MCT2408034,15.356389,74.123611,49.72043010752688,187.39177956989255,455.72903225806454,80.08547748387089,15.524258064516015,3.4358279569892582,17.58890322580645,55.22458064516132,29.310881720430025,1.6239569892473174,30.290184301075193
2026-07-26T00:00:00.000Z,MCT2408023,15.499722,74.020833,39.65228873239437,203.40515404929712,483.9357394366197,85.21127868837952,10.5764964788732,17.726668133802836,12.346756161971578,39.913780809859,25.569273767605647,5.048019366197191,29.14854279049312
2026-07-26T03:09:09.588Z,MCT2408023,15.499722,74.020833,46.6843853820598,190.81631229235927,504.48172757475083,88.37794149501661,10.142425249169436,18.475116279069788,14.156046511627913,46.42156146179401,30.055049833887047,5.349700996677739,28.025114850498348
2026-07-26T00:00:00.000Z,MCT2408027,15.275556,74.1075,27.87304347826087,1152.1630652173849,556.7295652173913,85.34787524782568,6.5799999999999335,12.532786956521504,9.861326086956668,31.260143478260783,17.234378260869576,2.949999999999883,29.06758047391281
2026-07-26T03:09:09.705Z,MCT2408027,15.275556,74.1075,31.576158940397352,1165.089834437086,589.3476821192053,91.51892076158934,6.579999999999974,12.622847682119197,9.542350993377465,31.68983443708611,18.178609271523186,2.9500000000000144,27.405889503311265
2026-07-26T00:00:00.000Z,MCT2408040,15.528056,74.020833,19.101872006965607,100,484.3796255986069,84.80284481062338,8.227244231606521,4.902115803221615,3.102529386155789,8.655023944275078,3.9168567696994754,3.5142707879843273,28.8736862429259
2026-07-26T03:09:09.724Z,MCT2408040,15.528056,74.020833,19.019867549668874,100,499.5298013245033,88.57791592715225,8.172748344370866,4.915496688741725,3.2674503311258363,9.207913907284775,4.2182450331125905,3.5,27.793981854304633
2026-07-26T00:00:00.000Z,MCT2408049,15.475278,74.055833,56.52774137177807,150.15697911751863,473.5316732197466,82.45994996941943,24.060476190476297,11.121861074705206,7.0704849279161195,21.679480122324282,11.61945391000443,2.6099999999999257,29.461427234600283
2026-07-26T03:09:09.725Z,MCT2408049,15.475278,74.055833,56.78145695364238,150.09288741721852,472.88079470198676,85.6309228145695,24.099337748344396,11.13211920529801,10.0225165562914,31.4566225165563,17.13559602649006,2.6100000000000114,28.855943576158957
2026-07-26T00:00:00.000Z,MCT2408046,15.529167,74.07,30.921257651641625,265.819986087935,609.918753478019,88.12110184195828,13.339535639955354,19.867537164719483,5.466576238174736,13.936004451864218,6.242714591819751,3.8027824151363405,28.20354716750163
2026-07-26T03:09:09.733Z,MCT2408046,15.529167,74.07,30.940928270042193,237.49312236286693,601.6497890295359,91.04465894514783,13.30387578059072,16.690929405063407,5.361286919831223,13.888185654008439,6.345769668776392,4.08789029535865,27.35776603375527
2026-07-26T00:00:00.000Z,MCT2408037,15.394444,74.118333,27.29608695652174,160.78920317391314,451.4413043478261,83.24761901739252,10.886047826086882,214.92136086956856,6.100295652174088,22.421508695652307,11.779308695652771,3.4649000000000014,28.93838069565221
2026-07-26T03:09:09.847Z,MCT2408037,15.394444,74.118333,42.198019801980195,160.00201815181518,474.94719471947195,86.7486605610561,10.647062706270601,215.87366336633644,16.08075907590758,56.806633663366334,28.812046204620327,3.3706270627062724,27.504766765676575
2026-07-26T00:00:00.000Z,MCT2408042,15.213889,74.071667,59.08576404005224,218.1960774923814,465.7178929037876,84.30154690901118,25.210753156290682,14.629764910753185,9.582929908576363,30.28523291249463,16.54008271658694,4.0354984762733945,29.380427183282357
2026-07-26T03:09:09.861Z,MCT2408042,15.213889,74.071667,59.40397350993378,213.6016887417222,463.73509933774835,87.43183903973504,25.560000000000063,15.473940397350981,9.35612582781459,30.741721854304643,17.40529801324504,4.53718543046358,28.55723933774832
2026-07-26T00:00:00.000Z,MCT2408041,15.224628,74.171389,32.540634506736204,390.13300039113517,481.86918730986525,84.61227314211179,13.563159495871334,9.700000000000413,8.586223381138744,22.798287700999634,10.688039982616523,8.002385919165572,28.8821193350718
2026-07-26T03:09:09.871Z,MCT2408041,15.224628,74.171389,32.45874587458746,430.95987689769,473.6996699669967,91.67606646864677,13.58165016501649,9.699999999999967,8.257524752475245,23.701188118811846,12.067359735973612,8.114059405940596,26.961184125412544
2026-07-26T00:00:00.000Z,MCT2408033,15.346944,74.007778,21.372932985204525,115.75341405570059,463.9164490861619,81.86529998694523,9.201849434290665,51.15342792863332,5.083890339425697,13.591022628372514,8.560443864229791,4.390000000000007,29.954650622280084
2026-07-26T03:09:09.876Z,MCT2408033,15.346944,74.007778,21.367549668874172,114.8560231788079,470.612582781457,89.6432519867549,9.044304635761584,46.46917374172189,6.591456953642391,17.846456953642388,11.294933774834437,4.390000000000014,27.92516887417219
2026-07-26T00:00:00.000Z,MCT2408044,15.313669,74.140042,25.331715924128805,214.28999999999178,461.5646228495809,87.82586996030066,10.518513453903994,3.455196294662447,3.5842390824878145,9.925231583590648,5.935209528010611,3.733665226731372,28.184595469783666
2026-07-26T03:09:09.920Z,MCT2408044,15.313669,74.140042,25.39322033898305,214.29000000000076,473.5728813559322,93.14124101694922,10.647796610169468,3.3784745762712047,3.6651525423728746,10.75593220338983,6.6806440677965995,4.274171989830512,26.968884915254247
2026-07-26T00:00:00.000Z,MCT2408024,15.148056,74.131667,40.12598647125141,215.0623225197287,530.8838782412627,76.74294285512879,17.13278770293158,6.742902076380883,6.420558060879387,20.118021420519113,11.005620067643859,2.502987598647113,29.92038516347209
2026-07-26T03:09:09.994Z,MCT2408024,15.148056,74.131667,41.99571734475375,217.12608693790145,537.5995717344754,81.31881252676644,17.64525935760175,5.298349171306202,8.998522483939995,30.095824411134732,17.235588865096222,2.545931477516056,28.534024625267676
2026-07-26T00:00:00.000Z,MCT2408022,15.475833,74.038889,32.425494505494505,150,464.4545054945055,85.90703347252834,4.502180219780235,11.183655936263703,10.724835164835165,34.20527472527473,18.880879120879122,4.239607302417581,28.750653279121515
2026-07-26T03:09:10.013Z,MCT2408022,15.475833,74.038889,38.39202657807309,150,463.37873754152827,87.89556681063125,4.357441860465118,11.259096511627902,13.475083056478406,43.04318936877076,23.694352159468437,4.2914495581395355,28.08166176079735
2026-07-26T00:00:00.000Z,MCT2408045,15.619444,73.878889,28.143294014853648,179.86616863258774,462.61948449104415,82.41471347313248,11.713481869812266,17.59991262560049,5.697155963302912,19.552367846221376,10.148995194407991,2.529999999999988,29.401565329838817
2026-07-26T03:09:10.009Z,MCT2408045,15.619444,73.878889,27.616666666666667,179.39453333333412,469.1933333333333,87.12990739999992,11.301666666666648,17.130833333333342,7.43439999999997,25.461866666666662,13.272699999999992,2.529999999999982,27.626293966666655
2026-07-26T00:00:00.000Z,MCT2408032,15.525556,73.828611,35.34176160044457,199.34752431230626,645.8010558488469,73.75238862461774,14.906599055293253,44.91305362600664,8.184770769658284,25.06934981939431,13.483537093637322,3.1072714642956343,32.08469503473201
2026-07-26T03:09:10.028Z,MCT2408032,15.525556,73.828611,35.66033755274262,215.28126582278486,568.6983122362869,70.26888407173,15.235337552742685,45.94898734177229,9.988755274261573,34.62016877637122,20.511793248944983,3.134641350210973,32.821342320675186
2026-07-26T00:00:00.000Z,MCT2408036,15.171567,74.067106,36.479390681003586,120.00329224910392,501.8785842293907,84.62836417562731,11.030985663082324,7.920918458781368,3.5073163082437917,11.227544802867515,6.433293010752798,11.27204301075268,28.670607150537826
2026-07-26T03:09:10.081Z,MCT2408036,15.171567,74.067106,37.19387755102041,120,463.82312925170066,90.52242850340137,10.737755102040826,7.572380952380954,4.382551020408178,14.779387755102006,8.800816326530612,11.727448979591845,27.42556965986391
2026-07-26T00:00:00.000Z,MCT2408039,15.163611,74.110833,29.579590056694286,323.4813650239865,453.4627126035761,81.01423620148319,8.888704753597843,10.299999999999569,9.294212821631367,30.021365023986867,12.296894897513624,2.3000000000000984,29.273777841256006
2026-07-26T03:09:10.234Z,MCT2408039,15.163611,74.110833,29,361.8288079470196,454.3377483443709,85.95959350993377,8.928973509933769,10.300000000000042,9.019999999999985,28.939999999999866,11.760000000000087,2.299999999999994,27.738011655629133
2026-07-26T00:00:00.000Z,MCT2408031,15.290833,74.149167,19.84448305821025,167.41166029539545,551.0603822762815,84.5796087402257,7.509026437445575,6.839424788010395,7.1925629887054745,19.247115551694137,10.779352736750583,4.909165942658572,28.14107594700228
2026-07-26T03:09:10.227Z,MCT2408031,15.290833,74.149167,21.303630363036305,159.71781023102307,568.7920792079208,87.95360168316826,7.233032712871293,7.655049158415834,8.68940594059406,23.393927392739275,13.117986798679857,4.92841584158417,26.94677762376237
2026-07-26T00:00:00.000Z,MCT2408035,15.236111,74.125,44.350869565217394,191.1795066521739,543.6143478260869,84.06476033913069,18.932100083477877,68.51484376956479,3.9885739130434947,11.272034782608443,5.7042913043478025,3.8303999999999383,29.152863869565145
2026-07-26T03:09:10.234Z,MCT2408035,15.236111,74.125,43.20860927152318,190.00074503311257,563.2549668874173,90.64356158940384,17.674547284768238,62.76002317880805,3.8918543046357432,11.654834437086096,6.2222847682119236,3.8300000000000076,27.53004493377485
2026-07-26T00:00:00.000Z,MCT2408038,15.188889,74.055556,35.14553376906318,363.0754422657929,534.2540305010893,81.95767053159035,14.561494553376841,13.330000000000775,9.14626143790871,26.487376906318566,13.174352941176279,4.704888888888878,29.844720405228895
2026-07-26T03:09:10.232Z,MCT2408038,15.188889,74.055556,36.75496688741722,351.60278145695384,610.5529801324503,88.88309168874166,14.612152317880803,13.329999999999952,11.05152317880796,32.586158940397375,16.65725165562915,4.796059602649003,28.187364668874217
2026-07-26T00:00:00.000Z,MCT2408026,15.2467,74.198281,36.33133364097831,126.32384093216427,633.968620212275,86.30131294416262,13.237480330872009,13.233105676049838,7.581153668666218,24.667231195201477,13.602178126441887,2.769506229810803,28.716608066451247
2026-07-26T03:09:10.417Z,MCT2408026,15.2467,74.198281,30.56595744680851,125,626.9489361702127,91.58997157446808,12.748752744680855,12.5,6.899191489361686,23.96234042553187,13.812085106382979,2.5819361702127637,27.35916478723406
2026-07-26T03:09:22.697Z,MCT2408028,15.186944,74.096667,41.17391304347826,557.478260869565,453.04347826086956,90.59775391304348,17.73782608695652,13.63391304347826,8.598695652173914,29.09521739130436,16.900869565217388,1.02695652173913,27.398920869565206
2026-07-26T03:09:22.707Z,MCT2408020,15.543475,74.039433,27.733333333333334,180,690.4666666666667,84.53700866666667,9.022333800000002,19.341569333333332,8.535333333333332,27.21533333333333,14.931999999999999,3.6599999999999984,29.36969533333333
2026-07-26T03:09:22.706Z,MCT2408055,15.585833,73.885556,21.833333333333332,97.34666666666665,645.1666666666666,87.29287166666666,8.371666666666668,22.961195833333335,8.273333333333335,25.385833333333334,14.825833333333334,1.3416666666666668,29.146254999999996
2026-07-26T03:09:22.717Z,MCT2408057,15.272222,74.104722,28.782608695652176,309.564347826087,577.2608695652174,88.70135304347825,12.285217391304345,9.327826086956522,5.5456521739130435,17.47869565217391,9.746956521739131,2.8726086956521737,27.694090869565215
2026-07-26T03:09:22.724Z,MCT2408056,15.579167,73.920833,31.666666666666668,180,600.3333333333334,87.18542466666668,6.520666666666667,9.962441533333333,10.572000000000001,33.51666666666667,19.30666666666667,1.5599999999999998,30.277037999999997
2026-07-26T03:09:22.816Z,MCT2408053,15.263333,74.110833,44.6,219.52027333333334,738.9333333333333,91.37040266666665,18.906,21.732000000000003,4.590000000000002,15.038,9.548666666666668,7.214666666666667,27.271866
2026-07-26T03:09:22.828Z,MCT2408043,15.221111,74.087222,57,177.676,668.1333333333333,84.30659933333332,24.359333333333336,33.204,10.975999999999997,37.852,22.035333333333334,5.290000000000001,28.289319999999996
2026-07-26T03:09:22.828Z,MCT2408021,15.500556,74.053333,49.2,375,562.8666666666667,86.201742,20.836666666666666,14.120132666666667,6.220000000000001,19.478666666666673,12.413333333333334,4.267333333333332,29.466936666666665
2026-07-26T03:09:22.839Z,MCT2408051,15.486528,74.033889,50.46666666666667,284.84799999999996,663.4666666666667,93.29352000000002,21.088666666666665,5.1899999999999995,3.9373333333333322,11.19133333333333,5.312000000000002,4.39,27.632228666666663
2026-07-26T03:09:22.827Z,MCT2408052,15.444425,74.063856,37.333333333333336,160,659.2666666666667,87.52111733333331,3.8450528,8,14.496,42.85133333333332,21.40266666666667,2,29.432615999999992
2026-07-26T03:09:22.929Z,MCT2408050,15.553611,73.958333,28,86.02999999999999,483.3333333333333,85.87723866666666,11.674666666666667,4.376,8.196666666666667,26.676666666666666,14.743333333333332,3.0060000000000002,30.296341999999996
2026-07-26T03:09:22.950Z,MCT2408034,15.356389,74.123611,46.47826086956522,210.4529086956522,432.60869565217394,79.92124565217391,19.524782608695652,4.482608695652174,6.379999999999998,19.774347826086956,10.394347826086957,2.786086956521739,30.06433913043478
2026-07-26T03:09:22.958Z,MCT2408023,15.499722,74.020833,48,161.2492857142857,497.57142857142856,84.15492071428571,11.387857142857143,16.477857142857143,15.391428571428568,49.84499999999999,31.692857142857143,5.513571428571429,29.464434285714283
2026-07-26T03:09:22.958Z,MCT2408029,15.333611,74.206944,25.066666666666666,613.7340333333334,743.0666666666667,93.40541533333335,3.624666666666667,8.542666666666666,12.471333333333332,37.072,19.922666666666665,3.6806666666666663,27.925382666666668
2026-07-26T03:09:22.952Z,MCT2408030,15.142519,74.075003,25.066666666666666,164.77361333333332,412.93333333333334,85.32690466666665,8.678,6.200000000000002,9.370000000000001,24.761333333333326,12.436000000000002,4.450666666666667,27.340507333333335
2026-07-26T03:09:23.043Z,MCT2408027,15.275556,74.1075,28.857142857142858,1162.38,590.0714285714286,90.75598285714287,6.579999999999999,12.791428571428577,7.6071428571428585,25.90928571428572,15.315,2.95,27.60516000000001
2026-07-26T03:09:23.066Z,MCT2408040,15.528056,74.020833,18.933333333333334,100,462.93333333333334,86.9982513333333,8.242666666666667,4.84,3.0886666666666667,9.190666666666665,4.411333333333333,3.5,29.10371333333334
2026-07-26T03:09:23.075Z,MCT2408049,15.475278,74.055833,60.93333333333333,150,465.3333333333333,79.05096533333335,23.93066666666667,10.078666666666667,18.296,55.001999999999995,28.95,2.61,30.962013333333335
2026-07-26T03:09:23.076Z,MCT2408044,15.313669,74.140042,25.133333333333333,214.29,455.46666666666664,92.31542933333331,10.403333333333336,3.5140000000000002,2.8699999999999997,7.8,4.646,5.096068266666666,26.885046000000003
2026-07-26T03:09:23.077Z,MCT2408046,15.529167,74.07,31,237.04,607.75,89.30321708333332,13.347867083333336,10.392770125000002,5,12,5,3.9916666666666667,28.172952916666674
2026-07-26T03:09:23.154Z,MCT2408037,15.394444,74.118333,39.2,160,448.26666666666665,85.46982866666666,10.815999999999999,216.43533333333335,15.559333333333331,53.26133333333334,26.282666666666668,3.350000000000001,29.126593999999997
2026-07-26T03:09:23.200Z,MCT2408042,15.213889,74.071667,59,115.28733333333335,467.3333333333333,87.32784133333334,25.174000000000003,15.990666666666668,7.947333333333333,25.536,14.276666666666669,4.214666666666666,28.322211999999997
2026-07-26T03:09:23.200Z,MCT2408041,15.224628,74.171389,32.6,408.8324533333333,453.1333333333333,90.13240466666667,13.638666666666667,9.7,8.090000000000002,24.246000000000002,12.885999999999997,8.270000000000001,27.571451333333336
2026-07-26T03:09:23.337Z,MCT2408045,15.619444,73.878889,29.333333333333332,200.57599999999994,459.3333333333333,85.99829000000001,11.487333333333332,17.173999999999996,10.235333333333333,34.29533333333334,17.492000000000004,2.5300000000000002,29.127306666666662
2026-07-26T03:09:23.337Z,MCT2408032,15.525556,73.828611,36.08695652173913,223.5669565217391,573.2173913043479,68.39787391304347,15.70739130434783,46.56999999999999,8.110000000000003,28.569565217391304,17.04913043478261,3.2795652173913035,33.80832913043478
2026-07-26T03:09:23.338Z,MCT2408022,15.475833,74.038889,33.86666666666667,150,472.1333333333333,83.63317933333335,4.738,11.100936666666666,11.066666666666666,34.333333333333336,18.4,4.342340466666666,29.30034
2026-07-26T03:09:23.439Z,MCT2408024,15.148056,74.131667,40.08695652173913,223.73478260869564,476.1304347826087,78.5403247826087,17.1383147826087,5,5.955217391304349,21.381304347826095,12.598695652173918,2.6104347826086958,28.516659999999987
2026-07-26T03:09:23.438Z,MCT2408033,15.346944,74.007778,22.666666666666668,117.36466666666666,469.93333333333334,89.03326333333332,10.324000000000002,44.14357733333335,4.161333333333334,11.895333333333333,7.882666666666665,4.39,28.27573333333333
2026-07-26T03:09:23.466Z,MCT2408031,15.290833,74.149167,19.066666666666666,178.82565999999997,550.2,88.01295999999999,7.330095666666667,10.6984304,6.380666666666666,17.014,9.461999999999998,5.817333333333334,26.698430000000005
2026-07-26T03:09:23.467Z,MCT2408036,15.171567,74.067106,36.857142857142854,120,459.85714285714283,89.60503214285714,10.637857142857143,7.823571428571428,4.022142857142858,12.807857142857145,7.274285714285715,11.52642857142857,27.185350714285708
2026-07-26T03:09:23.466Z,MCT2408035,15.236111,74.125,44.733333333333334,190,545,88.73521066666666,18.993053999999997,67.29961733333332,3.799999999999999,10.291333333333332,5.008666666666667,3.8299999999999987,27.905362000000007
2026-07-26T03:09:23.556Z,MCT2408039,15.163611,74.110833,29,356.84133333333335,446.8666666666667,84.564474,8.422666666666665,10.3,9.019999999999998,28.94,11.759999999999998,2.3,27.952552
2026-07-26T03:09:23.556Z,MCT2408038,15.188889,74.055556,46.333333333333336,236.18933333333328,601.4,87.92496733333333,14.402666666666667,13.330000000000005,22.46533333333333,65.53866666666667,33.178666666666665,4.679999999999999,28.510972
2026-07-26T03:09:23.586Z,MCT2408026,15.2467,74.198281,30.652173913043477,125,610.4782608695652,88.84299347826087,12.917510869565218,12.5,6.946086956521741,24.936521739130438,14.883478260869564,2.6208695652173915,27.972944782608693
2026-07-26T03:10:00.000Z,MCT2408057,15.272222,74.104722,29,298.155,565,89.043185,12.28,9.32,6.555,20.07,11.07,3.085,27.65189
2026-07-26T03:20:00.000Z,MCT2408057,15.272222,74.104722,29.375,304.3479166666666,574.625,88.98500874999998,12.164583333333335,9.514999999999999,7.276250000000001,22.64166666666667,12.406666666666666,2.74875,27.71222
2026-07-26T03:30:00.000Z,MCT2408057,15.272222,74.104722,29.36,272.65479999999997,575.72,88.61761440000002,12.0216,9.5556,8.129600000000002,25.0828,13.6824,2.5020000000000002,28.021907600000006
2026-07-26T03:40:00.000Z,MCT2408057,15.272222,74.104722,30.04,239.4704,576.28,88.1659548,12.076400000000001,9.482000000000001,9.940799999999998,29.357200000000002,15.4524,2.4696000000000002,28.18835839999999
2026-07-26T03:50:00.000Z,MCT2408057,15.272222,74.104722,29.68,252.22760000000002,576.12,88.35089080000002,12.0108,9.3932,12.252399999999998,36.0972,18.9956,2.5068,28.269442800000007
2026-07-26T04:00:00.000Z,MCT2408057,15.272222,74.104722,28.64,218.2675999999999,581.36,88.6481312,11.9448,9.644400000000001,9.6792,28.926799999999993,15.386800000000001,2.544,28.386562400000003
2026-07-26T04:09:27.706Z,MCT2408057,15.272222,74.104722,28.5,244.61208333333332,580.5833333333334,88.39595583333336,11.992083333333335,9.580833333333334,9.53625,28.860416666666655,15.45083333333333,2.267916666666667,28.657368333333334
2026-07-26T03:20:00.000Z,MCT2408056,15.579167,73.920833,31.5,180,608.1875,85.65191625,7.150625,46.834801625,10.146249999999997,33.01500000000001,19.388125000000002,1.5599999999999998,30.683742499999997
2026-07-26T03:30:00.000Z,MCT2408056,15.579167,73.920833,29.125,180,604.375,84.56091312499998,6.69875,20.338175937499997,8.271875000000001,28.004375000000003,17.10375,2.1574999999999998,31.002143749999995
2026-07-26T03:40:00.000Z,MCT2408056,15.579167,73.920833,28.875,180.93655,573.3125,81.742805,6.788125000000001,32.712148125,7.921250000000001,27.149375,16.695,2.3674999999999997,32.012985625
2026-07-26T03:50:00.000Z,MCT2408056,15.579167,73.920833,28.375,180,582.3125,78.7172725,8.276875,60.760121375000004,7.2749999999999995,25.386250000000004,15.932500000000003,2.165,32.74497062499999
2026-07-26T04:00:00.000Z,MCT2408056,15.579167,73.920833,29.6875,220.10657499999996,512.5,75.32600937499998,8.131249999999998,164.83348749999996,6.62875,23.4525,14.703750000000001,9.876249999999999,33.18403
2026-07-26T04:09:27.707Z,MCT2408056,15.579167,73.920833,33.375,204.27066249999996,510.125,74.24644875,14.230624999999998,69.33156299999999,6.74625,23.509375,14.645625,6.696250000000001,33.52656437499999
2026-07-26T03:10:00.000Z,MCT2408028,15.186944,74.096667,42,564.82,463,90.54999,18.44,13.42,8.99,29.83,16.9,1.67,27.58218
2026-07-26T03:20:00.000Z,MCT2408028,15.186944,74.096667,41.04,563.3388,459.76,90.31866480000001,17.564000000000007,13.358799999999999,9.5092,31.977199999999993,18.4912,1.4492000000000003,27.622073199999996
2026-07-26T03:30:00.000Z,MCT2408028,15.186944,74.096667,41.4,556.3004,455.8,89.8673108,17.861200000000004,12.98,10.030000000000003,33.768,19.603199999999994,1.8024,27.827997999999994
2026-07-26T03:40:00.000Z,MCT2408028,15.186944,74.096667,40.92,553.0724,454.84,89.9353636,17.50680000000001,12.869599999999997,8.710000000000003,29.870000000000008,17.575599999999998,1.5739999999999994,27.991878399999997
2026-07-26T03:50:00.000Z,MCT2408028,15.186944,74.096667,41.24,558.5895999999999,451.8,89.6390388,17.761200000000002,12.9052,8.910000000000002,30.307200000000012,17.615599999999993,1.6307999999999998,28.3033332
2026-07-26T04:00:00.000Z,MCT2408028,15.186944,74.096667,41.32,561.3759999999999,451.04,88.63104279999999,17.8152,12.499200000000005,7.230000000000001,26.52800000000001,16.104400000000002,2.0344,28.8936432
2026-07-26T04:09:27.707Z,MCT2408028,15.186944,74.096667,41.26086956521739,556.4956521739131,452.69565217391306,87.4527847826087,17.786521739130436,12.466521739130435,7.033478260869566,26.02521739130435,15.948695652173921,2.0852173913043477,29.419433913043477
2026-07-26T03:10:00.000Z,MCT2408055,15.585833,73.885556,21,101.48,645,85.38489,8.16,23.22519,7.69,23.68,13.63,1.54,29.41617
2026-07-26T03:20:00.000Z,MCT2408055,15.585833,73.885556,21.1875,102.45125,645.8125,85.33482062499998,8.018125,22.44871125,7.427499999999999,23.396874999999998,13.93,1.698125,29.467115624999998
2026-07-26T03:30:00.000Z,MCT2408055,15.585833,73.885556,20.933333333333334,104.21000000000001,648.4,83.88494933333332,8.153333333333334,22.142493333333334,7.036666666666665,22.718666666666664,13.722666666666667,1.7266666666666668,29.774388
2026-07-26T03:40:00.000Z,MCT2408055,15.585833,73.885556,20.9375,106.98749999999998,645.6875,82.085651875,8.060625000000002,21.93105875,7.121249999999999,22.780625000000004,13.759375000000002,1.805,30.319088124999997
2026-07-26T03:50:00.000Z,MCT2408055,15.585833,73.885556,20.1875,111.14812500000002,645.8125,79.966588125,8.060625,22.266219375000002,6.727500000000001,21.298125000000002,12.695,2.1225,30.751444375
2026-07-26T04:00:00.000Z,MCT2408055,15.585833,73.885556,19.666666666666668,112.54533333333335,643.7333333333333,79.31646733333334,7.862,24.876587333333337,6.150666666666668,20.088,12.270000000000001,2.1153333333333335,31.216556
2026-07-26T04:09:27.708Z,MCT2408055,15.585833,73.885556,19.266666666666666,115.916,647.8666666666667,77.32672266666665,7.857333333333333,25.726461333333337,6.151333333333334,19.43066666666667,11.589333333333334,2.1813333333333333,31.79213533333333
2026-07-26T03:10:00.000Z,MCT2408020,15.543475,74.039433,27,180,697,84.20233,8.818144,19.22291,8.35,26.1,13.94,3.66,29.63067
2026-07-26T03:20:00.000Z,MCT2408020,15.543475,74.039433,27.5,180,698.375,83.93291937500003,9.3045156875,19.7702275,8.639374999999998,26.736250000000005,14.28875,3.6599999999999984,29.756020625000005
2026-07-26T03:30:00.000Z,MCT2408020,15.543475,74.039433,29.1875,180,711.8125,84.368270625,9.4870995625,19.802458749999996,9.565,30.464375,16.555625,3.6599999999999984,29.579058124999996
2026-07-26T03:40:00.000Z,MCT2408020,15.543475,74.039433,30.375,180,698.1875,84.441228125,9.387485,19.093391250000003,10.435624999999998,32.793124999999996,17.718125000000004,3.6599999999999984,29.942370625000002
2026-07-26T03:50:00.000Z,MCT2408020,15.543475,74.039433,29.1875,183.88473125000002,698.875,82.783741875,9.124142187500002,18.963875625,9.799374999999998,30.173750000000005,16.090000000000003,3.6599999999999984,30.948518125000003
2026-07-26T04:00:00.000Z,MCT2408020,15.543475,74.039433,27.125,180,688.6875,80.23027625,9.307896750000001,19.530804374999995,8.408124999999998,25.922500000000003,13.82375,3.6599999999999984,32.014324375
2026-07-26T04:09:27.707Z,MCT2408020,15.543475,74.039433,26.666666666666668,180,695.6666666666666,77.53831,9.613816933333334,19.839196,7.792,24.792000000000005,13.691999999999998,3.6599999999999984,32.824604666666666
2026-07-26T03:10:00.000Z,MCT2408021,15.500556,74.053333,49,375,562,85.01105,20.75,13.94223,4.76,15.22,10,4.28,29.50197
2026-07-26T03:20:00.000Z,MCT2408021,15.500556,74.053333,48.625,375,565.75,84.91329500000002,20.266875,13.81201875,5.711875000000001,18.261249999999997,11.845,4.3775,28.936893124999994
2026-07-26T03:30:00.000Z,MCT2408021,15.500556,74.053333,48.9375,375,562.875,86.44537375,20.659999999999997,13.715232499999999,6.694374999999999,20.923750000000002,13.211875000000003,4.396249999999999,28.3557275
2026-07-26T03:40:00.000Z,MCT2408021,15.500556,74.053333,48.875,375,566.0625,87.65129437499999,20.64375,14.039075624999997,7.6487500000000015,23.55875,14.762499999999998,4.258125000000001,28.43348375
2026-07-26T03:50:00.000Z,MCT2408021,15.500556,74.053333,49,375,568.6875,87.92642937500001,20.653750000000002,14.268952500000001,10.386875000000002,30.898124999999997,18.958125000000003,4.154375,28.835674375000004
2026-07-26T04:00:00.000Z,MCT2408021,15.500556,74.053333,49.25,375,571.5625,87.98937312499999,20.919375000000002,14.480843125000002,10.388125,31.08625,19.10625,4.123125000000001,29.37326875
2026-07-26T04:09:27.838Z,MCT2408021,15.500556,74.053333,50,375,578.9333333333333,87.29223666666667,21.413333333333338,14.656858666666666,7.808666666666667,23.97133333333334,14.951333333333336,4.096666666666667,30.267744
2026-07-26T03:20:00.000Z,MCT2408053,15.263333,74.110833,42.25,209.48410000000004,707.3125,91.35870437499999,16.93625,21.763125000000002,4.590000000000002,14.400000000000002,8.81125,7.063749999999998,27.305338750000004
2026-07-26T03:30:00.000Z,MCT2408053,15.263333,74.110833,42.1875,201.67016875,720,90.62675937499999,16.9075,20.61125,4.590000000000002,13.731874999999997,8.036249999999999,7.084375,27.531233750000002
2026-07-26T03:40:00.000Z,MCT2408053,15.263333,74.110833,42.125,169.06179374999996,718.875,90.41122874999999,16.7225,20.520625000000003,4.590000000000002,13.975000000000001,8.318750000000001,6.90875,27.67401
2026-07-26T03:50:00.000Z,MCT2408053,15.263333,74.110833,42.6875,190.49339375000002,714.0625,90.44317625,17.264375,21.467499999999994,4.876875000000001,15.920000000000002,10.009999999999998,6.885,27.855669375
2026-07-26T04:00:00.000Z,MCT2408053,15.263333,74.110833,40.9375,166.3049,676.75,90.402645,15.674999999999999,21.29,4.877500000000001,17.439375,11.703125,6.884375,28.17876
2026-07-26T04:09:27.838Z,MCT2408053,15.263333,74.110833,46.266666666666666,175.50075333333334,689.8666666666667,89.77840333333333,20.139999999999997,22.709333333333333,5.938,21.326,14.212666666666665,6.634666666666665,28.51240266666667
2026-07-26T03:10:00.000Z,MCT2408043,15.221111,74.087222,57,187.51,682,84.41595,24.16,33.6,13.93,47.64,26.9,5.29,28.41874
2026-07-26T03:20:00.000Z,MCT2408043,15.221111,74.087222,57,155.471875,676.5625,84.439318125,24.383125,33.091875,12.189375,40.878125,23.139374999999998,5.290000000000001,28.493813125
2026-07-26T03:30:00.000Z,MCT2408043,15.221111,74.087222,57.125,162.95125000000002,682.8125,84.49558625,24.394374999999997,33.189375000000005,15.116249999999997,49.08500000000001,27.2225,5.290000000000001,28.76260875
2026-07-26T03:40:00.000Z,MCT2408043,15.221111,74.087222,57.5,148.94374999999997,652.375,84.35587,24.413124999999994,33.75125,18.046249999999997,58.42,31.94625,5.290000000000001,29.090396249999998
2026-07-26T03:50:00.000Z,MCT2408043,15.221111,74.087222,62.93333333333333,146.75266666666667,664.1333333333333,84.16621933333336,24.33,34.134,25.66733333333333,80.33999999999999,42.531333333333336,5.290000000000001,29.29175866666667
2026-07-26T04:00:00.000Z,MCT2408043,15.221111,74.087222,56.9375,156.86875,644.4375,84.03305312500001,24.216249999999995,33.958749999999995,14.721250000000001,48.68312500000001,27.062499999999996,5.290000000000001,29.237864374999994
2026-07-26T04:09:27.839Z,MCT2408043,15.221111,74.087222,56.93333333333333,153.40599999999998,668.2,84.19368533333335,24.26933333333334,33.93533333333333,11.989333333333333,40.34066666666668,22.97533333333333,5.290000000000001,29.146612666666663
2026-07-26T03:10:00.000Z,MCT2408050,15.553611,73.958333,28,86.03,457,85.56036,11.96,4.23,8.48,27.48,15.31,2.38,30.14548
2026-07-26T03:20:00.000Z,MCT2408050,15.553611,73.958333,28.125,86.02999999999999,469.8125,86.5927175,11.835000000000003,4.059374999999999,8.320625000000001,27.211249999999996,15.0975,2.7718749999999996,30.197091249999996
2026-07-26T03:30:00.000Z,MCT2408050,15.553611,73.958333,28,86.02999999999999,474.875,85.93038937500002,11.828750000000001,4.086875,8.851875,29.144375,16.213124999999998,2.858125,30.987396249999996
2026-07-26T03:40:00.000Z,MCT2408050,15.553611,73.958333,28.25,86.02999999999999,459.9375,84.15512625,11.961250000000001,4.091875,8.426875,28.338749999999994,16.000625,3.0081249999999997,31.758262499999997
2026-07-26T03:50:00.000Z,MCT2408050,15.553611,73.958333,28.4375,86.02999999999999,452.3125,81.99886687499999,12.094375000000003,3.935,7.633750000000001,26.406875000000003,15.363125,3.315,32.37428625
2026-07-26T04:00:00.000Z,MCT2408050,15.553611,73.958333,28.625,86.08999999999997,465.3125,78.523678125,12.284375,3.9199999999999986,6.892500000000001,24.098749999999995,14.088125,3.6256250000000003,33.030526875
2026-07-26T04:09:27.955Z,MCT2408050,15.553611,73.958333,28.933333333333334,86.02999999999999,414.4,76.89794933333334,12.458666666666668,3.883333333333333,6.053333333333333,21.642,12.816666666666665,4.149333333333334,34.08230133333333
2026-07-26T03:10:00.000Z,MCT2408030,15.142519,74.075003,25,163,417,85.37726,8.76,6.2,9.37,25.55,13.25,4.35,27.41058
2026-07-26T03:20:00.000Z,MCT2408030,15.142519,74.075003,25,163.72985625,415.25,85.41206625000002,8.891250000000001,6.200000000000002,9.370000000000001,24.810624999999995,12.486250000000002,4.253125,27.472916874999996
2026-07-26T03:30:00.000Z,MCT2408030,15.142519,74.075003,25.066666666666666,163,420.1333333333333,85.54866533333332,8.82066666666667,6.200000000000002,9.370000000000001,24.88266666666666,12.561333333333334,3.875333333333333,27.601484000000003
2026-07-26T03:40:00.000Z,MCT2408030,15.142519,74.075003,25.3125,163,421.375,85.61472249999998,8.90625,6.200000000000002,9.370000000000001,25.322499999999994,13.01875,3.556875,27.897228124999998
2026-07-26T03:50:00.000Z,MCT2408030,15.142519,74.075003,25.875,163.06476874999998,422.8125,85.36772125,8.854999999999999,6.200000000000002,9.370000000000001,26.745000000000005,14.495000000000001,3.6856249999999995,28.2960675
2026-07-26T04:00:00.000Z,MCT2408030,15.142519,74.075003,25.933333333333334,163,420.4,85.22924733333333,8.735999999999999,6.200000000000002,9.370000000000001,26.642666666666667,14.388666666666667,3.7246666666666663,28.743348666666666
2026-07-26T04:09:27.955Z,MCT2408030,15.142519,74.075003,27.066666666666666,163,416.93333333333334,84.123496,8.816666666666665,6.200000000000002,9.432666666666668,29.195999999999994,16.91466666666667,3.5493333333333337,29.659988
2026-07-26T03:10:00.000Z,MCT2408034,15.356389,74.123611,48,200.1572,434.5,80.13967500000001,21.08,5.7,6.38,21.57,12.185,2.5300000000000002,30.091855000000002
2026-07-26T03:20:00.000Z,MCT2408034,15.356389,74.123611,43.666666666666664,193.39876249999998,435.7916666666667,80.49412791666666,17.1475,3.982916666666666,6.379999999999998,20.825833333333332,11.445833333333333,2.1141666666666663,30.091404583333325
2026-07-26T03:30:00.000Z,MCT2408034,15.356389,74.123611,41.416666666666664,194.27901666666665,431.0416666666667,80.45184875,15.469166666666665,3.2304166666666663,6.493749999999998,22.666249999999994,13.165,1.9949999999999994,30.276412500000003
2026-07-26T03:40:00.000Z,MCT2408034,15.356389,74.123611,41.84,195.85983199999998,434.68,79.9597768,15.823199999999996,3.1991999999999994,6.780399999999998,23.6712,13.837200000000001,1.8028,30.504551600000003
2026-07-26T03:50:00.000Z,MCT2408034,15.356389,74.123611,41.416666666666664,192.1609708333333,431.25,79.54522166666668,15.50333333333333,3.5862499999999997,6.834999999999998,24.070416666666663,14.179583333333333,1.7891666666666666,30.76753166666667
2026-07-26T04:00:00.000Z,MCT2408034,15.356389,74.123611,41.916666666666664,180.21873333333335,434.6666666666667,79.18886583333332,15.909166666666662,3.044166666666667,8.238333333333335,28.05541666666667,15.939166666666665,1.4866666666666666,30.936899166666667
2026-07-26T04:09:27.955Z,MCT2408034,15.356389,74.123611,41.666666666666664,181.48478333333333,431.625,78.72792166666665,15.732083333333327,3.4616666666666664,8.314583333333331,28.875833333333343,16.682916666666667,1.6704166666666664,31.222901250000007
2026-07-26T03:10:00.000Z,MCT2408051,15.486528,74.033889,51,288.53,666,93.93744,21.43,5.19,3.73,10.57,4.98,4.39,27.21752
2026-07-26T03:20:00.000Z,MCT2408051,15.486528,74.033889,51.6875,294.421875,660.6875,95.61113875,21.87625,5.1899999999999995,3.7299999999999986,10.608749999999997,5.018750000000002,4.39,27.069381250000003
2026-07-26T03:30:00.000Z,MCT2408051,15.486528,74.033889,51.9375,320.313125,659.0625,96.42080687499998,22.036249999999995,5.1899999999999995,3.7299999999999986,10.569999999999997,4.980000000000002,4.39,27.283885625
2026-07-26T03:40:00.000Z,MCT2408051,15.486528,74.033889,51.875,327.275,666,95.86767374999998,21.996249999999996,5.1899999999999995,3.7299999999999986,10.569999999999997,4.980000000000002,4.39,27.623066874999996
2026-07-26T03:50:00.000Z,MCT2408051,15.486528,74.033889,51.9375,323.76062500000006,660.5625,94.867749375,22.029999999999998,5.1899999999999995,3.7299999999999986,10.569999999999997,4.980000000000002,4.39,27.981018125
2026-07-26T04:00:00.000Z,MCT2408051,15.486528,74.033889,51.9375,298.16624999999993,656,93.962711875,22.033124999999995,5.1899999999999995,3.7299999999999986,10.569999999999997,4.980000000000002,4.39,28.4850975
2026-07-26T04:09:28.019Z,MCT2408051,15.486528,74.033889,52.2,337.95666666666665,651.9333333333333,91.94464133333332,22.221333333333334,5.1899999999999995,3.7299999999999986,10.569999999999997,4.980000000000002,4.39,29.384709333333333
2026-07-26T03:10:00.000Z,MCT2408052,15.444425,74.063856,39,160,678,87.15491,3.920702,8,15.05,45.17,22.78,2,29.26602
2026-07-26T03:20:00.000Z,MCT2408052,15.444425,74.063856,36.625,160,606.375,86.86499,3.8146931875000005,8,13.775624999999996,41.208124999999995,20.884375,2,29.15474625
2026-07-26T03:30:00.000Z,MCT2408052,15.444425,74.063856,36.1875,160,645.0625,87.35422375000003,3.8316667500000006,8,13.441249999999998,40.345,20.496875,2,28.984486874999998
2026-07-26T03:40:00.000Z,MCT2408052,15.444425,74.063856,36.6875,160,626.9375,87.83201625000001,3.733508750000001,8,13.776250000000003,41.1625,20.86375,2,29.073637499999997
2026-07-26T03:50:00.000Z,MCT2408052,15.444425,74.063856,35.4375,160,639.8125,87.68896499999998,3.8169299375000003,8,13.086249999999996,39.09625,19.806875,2,29.262665625
2026-07-26T04:00:00.000Z,MCT2408052,15.444425,74.063856,36.0625,160,646.25,88.09570687499999,3.748815750000001,8,13.44125,39.872499999999995,20.086875000000003,2,29.45505
2026-07-26T04:09:28.026Z,MCT2408052,15.444425,74.063856,34.86666666666667,160,618.2666666666667,87.40413466666668,3.681029133333334,8,12.486666666666663,37.126666666666665,18.663999999999994,2,29.879493999999998
2026-07-26T03:10:00.000Z,MCT2408029,15.333611,74.206944,14,523.2551,723,93.09058,6.37,7.14,4.12,11.56,5.88,4.48,27.88248
2026-07-26T03:20:00.000Z,MCT2408029,15.333611,74.206944,12.625,521.7060375,722.75,92.85597250000002,2.8075000000000006,7.4818750000000005,3.2350000000000003,10.441249999999998,5.917499999999999,3.7731250000000003,27.793329374999995
2026-07-26T03:30:00.000Z,MCT2408029,15.333611,74.206944,15.625,535.3699937499999,713.0625,92.74343937500002,1.9756250000000004,7.9818750000000005,5.588749999999999,17.55875,9.780000000000001,3.7237500000000003,27.702163749999993
2026-07-26T03:40:00.000Z,MCT2408029,15.333611,74.206944,15.125,529.4606375000001,710.0625,92.84214375000002,3.1749999999999994,7.9312499999999995,5.516250000000001,17.160624999999996,9.670625000000001,3.553125,27.65524187499999
2026-07-26T03:50:00.000Z,MCT2408029,15.333611,74.206944,18.4,543.8237933333332,712.6,93.12312933333335,3.8819999999999992,8.388666666666667,7.685999999999999,23.659999999999993,13.059333333333333,3.6519999999999997,27.715168000000002
2026-07-26T04:00:00.000Z,MCT2408029,15.333611,74.206944,14.75,524.2291999999999,715.0625,93.34616000000003,4.4868749999999995,8.65,5.001875,16.221875,9.411875,3.5,27.848295625
2026-07-26T04:09:28.068Z,MCT2408029,15.333611,74.206944,13.933333333333334,520.9758733333333,712.0666666666667,93.09413666666667,4.289999999999998,8.184000000000001,4.551333333333333,14.797333333333333,8.666666666666666,3.5073333333333334,28.08840399999999
2026-07-26T03:20:00.000Z,MCT2408023,15.499722,74.020833,45.9375,174.69875000000002,493.375,85.070654375,11.674375,16.195625,13.704999999999997,44.958749999999995,29.181875,5.84,28.747192500000008
2026-07-26T03:30:00.000Z,MCT2408023,15.499722,74.020833,43.5,187.70000000000005,497.3125,87.47534000000002,10.861874999999998,17.334375,12.198749999999999,40.368125,26.281250000000004,5.279375,28.729093125
2026-07-26T03:40:00.000Z,MCT2408023,15.499722,74.020833,44.5,171.73437500000006,493.125,87.999384375,10.379375,18.171874999999996,13.149999999999999,42.980624999999996,27.640624999999996,4.885624999999999,29.158097500000004
2026-07-26T03:50:00.000Z,MCT2408023,15.499722,74.020833,46,181.42562500000003,479.0625,86.81396812499999,10.628125,17.329374999999995,13.861875000000001,45.276250000000005,29.18125,4.83625,29.591123125000003
2026-07-26T04:00:00.000Z,MCT2408023,15.499722,74.020833,45.75,179.38,491.8125,86.283725625,10.585625,17.738749999999996,13.3075,44.485625,29.090625000000006,4.82375,30.036215
2026-07-26T04:09:28.070Z,MCT2408023,15.499722,74.020833,43.4,195.50866666666667,466.26666666666665,83.76135333333335,9.776000000000002,19.546,11.491333333333333,39.175333333333334,26.196666666666665,4.274666666666667,31.66343466666667
2026-07-26T03:20:00.000Z,MCT2408027,15.275556,74.1075,28.8125,1154.8818749999998,558.3125,90.941948125,6.579999999999999,12.693125000000002,7.890000000000001,26.305625000000003,15.377500000000001,2.9500000000000006,27.690769375000002
2026-07-26T03:30:00.000Z,MCT2408027,15.275556,74.1075,29.25,1160.5918749999998,564.6875,90.93765687500003,6.579999999999999,12.276875000000002,8.321874999999999,27.353125,15.686250000000001,2.9500000000000006,27.901251875000003
2026-07-26T03:40:00.000Z,MCT2408027,15.275556,74.1075,30.9375,1161.735,577.375,90.36926562500001,6.579999999999999,12.465625,9.370624999999999,30.988124999999997,17.600624999999997,2.9500000000000006,28.064138125000003
2026-07-26T03:50:00.000Z,MCT2408027,15.275556,74.1075,32.25,1150.9818750000002,588.6875,90.30107874999997,6.579999999999999,12.6175,10.231874999999997,33.699374999999996,19.14375,2.9500000000000006,28.195519375
2026-07-26T04:00:00.000Z,MCT2408027,15.275556,74.1075,39.9375,1144.6712499999999,588.1875,90.18520812500003,6.579999999999999,12.44625,15.101249999999999,47.623749999999994,25.876875000000002,2.9500000000000006,28.389914374999996
2026-07-26T04:09:28.073Z,MCT2408027,15.275556,74.1075,41,1139.502,581.4666666666667,89.97422333333334,6.579999999999999,12.366000000000001,15.647999999999998,49.61333333333334,27.14,2.9500000000000006,28.607498000000003
2026-07-26T03:10:00.000Z,MCT2408040,15.528056,74.020833,19,100,461,86.44537,7.75,4.84,3.21,9.82,5,3.5,29.08369
2026-07-26T03:20:00.000Z,MCT2408040,15.528056,74.020833,19.0625,100,467.0625,86.52071312500001,8.243125,4.949375,3.3618750000000004,10.305000000000001,5.151875,3.5,28.841035625
2026-07-26T03:30:00.000Z,MCT2408040,15.528056,74.020833,18.875,100,471.625,87.09244,8.05,4.9193750000000005,4.281874999999999,12.805625000000001,6.267499999999999,3.5,28.827628750000002
2026-07-26T03:40:00.000Z,MCT2408040,15.528056,74.020833,19.0625,100,469.9375,87.30081937500002,8.31375,4.819375,3.468125,10.548125,5.2524999999999995,3.5,29.295513125
2026-07-26T03:50:00.000Z,MCT2408040,15.528056,74.020833,19.0625,100,462.8125,86.88978500000003,8.283125,4.823125,3.07,8.748125,4.104375000000001,3.5,29.8438325
2026-07-26T04:00:00.000Z,MCT2408040,15.528056,74.020833,19.133333333333333,100,467.1333333333333,86.125448,8.334666666666665,4.740666666666666,3.07,8.56,3.95,3.5,30.240572
2026-07-26T04:09:28.127Z,MCT2408040,15.528056,74.020833,19.25,100,459.25,84.139865625,8.52,4.73625,3.07,8.463750000000001,3.794999999999999,3.5,30.7695425
2026-07-26T03:10:00.000Z,MCT2408049,15.475278,74.055833,55,150,460,77.27484,23.01,8.22,6.9,20.68,10.74,2.61,30.39215
2026-07-26T03:20:00.000Z,MCT2408049,15.475278,74.055833,56.125,150,461.25,79.82830625,23.629375,8.339999999999996,9.149999999999999,27.2425,14.289375000000001,2.61,29.587100624999998
2026-07-26T03:30:00.000Z,MCT2408049,15.475278,74.055833,56.9375,150,460.125,82.73224250000003,23.853749999999998,7.964999999999997,18.496250000000003,54.916875000000005,28.434375,2.61,29.198986875
2026-07-26T03:40:00.000Z,MCT2408049,15.475278,74.055833,57.4375,150,458.375,83.66731999999998,23.813125000000003,9.651250000000001,17.87375,53.72,28.14875,2.61,29.471138125
2026-07-26T03:50:00.000Z,MCT2408049,15.475278,74.055833,56.4375,150,456.9375,83.30921625,24.064375,11.559375000000001,10.063125,31.312500000000007,16.87875,2.61,29.766076249999998
2026-07-26T04:00:00.000Z,MCT2408049,15.475278,74.055833,56.5,150,456.8125,82.429928125,23.955625000000005,11.26625,7.765000000000001,25.519375000000004,14.624375000000002,2.61,30.105258125000002
2026-07-26T04:09:28.221Z,MCT2408049,15.475278,74.055833,56.46666666666667,150.20628,462.46666666666664,81.25941999999999,24.171999999999993,12.72466666666667,7.872000000000001,25.891999999999996,14.730000000000002,2.61,30.888368666666672
2026-07-26T03:10:00.000Z,MCT2408044,15.313669,74.140042,25,214.29,457,92.51074,10.58,3.32,2.87,7.5,4.32,4.484615,26.75635
2026-07-26T03:20:00.000Z,MCT2408044,15.313669,74.140042,25.125,214.29,457.8125,92.77061937499998,10.535625,3.340625,2.9787499999999993,8.78125,5.50875,4.7752403125,26.838796875
2026-07-26T03:30:00.000Z,MCT2408044,15.313669,74.140042,25.125,214.29,452.1875,93.09438874999998,10.613125,3.32,3.12375,9.65625,6.186249999999999,4.373557562499999,26.991628125
2026-07-26T03:40:00.000Z,MCT2408044,15.313669,74.140042,25.066666666666666,214.29,448.53333333333336,92.71876866666665,10.493999999999998,3.3986666666666663,3.0633333333333344,9.3,5.914,4.428290599999999,27.165327333333334
2026-07-26T03:50:00.000Z,MCT2408044,15.313669,74.140042,25,214.29,456.75,92.22320875,10.48,3.32,3.12375,9.46875,5.983125000000001,4.660656875,27.267129375000003
2026-07-26T04:00:00.000Z,MCT2408044,15.313669,74.140042,25.0625,214.29,449.5,92.377705,10.4775,3.34625,3.5200000000000005,10.59375,6.5912500000000005,4.466266,27.385105624999994
2026-07-26T04:09:28.229Z,MCT2408044,15.313669,74.140042,25.125,214.29,450.5625,92.011494375,10.625624999999998,3.32,3.7356249999999998,11.25,7.030000000000001,4.182772312499999,27.598265625000003
2026-07-26T03:20:00.000Z,MCT2408037,15.394444,74.118333,30.1875,160.53860000000003,434.9375,85.050625,11.115,215.37937500000004,8.92,32.709375,17.144375000000004,4.107499999999999,28.581623124999997
2026-07-26T03:30:00.000Z,MCT2408037,15.394444,74.118333,25.75,161.5167375,427.5,85.75443874999999,10.886250000000002,215.92875,5.668125000000001,22.845625,12.880625000000002,3.9999999999999996,28.0205675
2026-07-26T03:40:00.000Z,MCT2408037,15.394444,74.118333,26,160,437.375,86.03481687499999,10.588125,215.51625000000004,7.340625,26.729375,14.005625000000002,3.7325,28.015204375
2026-07-26T03:50:00.000Z,MCT2408037,15.394444,74.118333,35.5625,160,443.3125,86.14449125,10.926250000000001,215.10687500000003,12.915000000000003,46.25375,23.610625000000002,3.47875,28.11106
2026-07-26T04:00:00.000Z,MCT2408037,15.394444,74.118333,43.1875,160,442.625,86.23699625,10.470625,216.47625000000002,17.839375,61.22625,30.308125000000008,3.3968749999999996,28.360419375000003
2026-07-26T04:09:28.226Z,MCT2408037,15.394444,74.118333,39.93333333333333,160,441.6,85.90724733333336,10.624666666666664,217.46,15.857333333333331,54.842,27.381333333333338,3.233333333333333,28.638958666666664
2026-07-26T03:10:00.000Z,MCT2408046,15.529167,74.07,30,237.04,612,88.6579,12.84722,9.323529,5,12,5.263158,3.79,28.38656
2026-07-26T03:20:00.000Z,MCT2408046,15.529167,74.07,30.76,237.04,613.44,88.58435080000001,13.18144,14.897647440000004,5,12.12,5.12631584,4.1272,28.431608799999996
2026-07-26T03:30:00.000Z,MCT2408046,15.529167,74.07,30.346153846153847,237.04,618.2307692307693,88.70426153846152,12.875449230769231,18.41572534615384,5,12,5,4.398076923076923,28.113483846153848
2026-07-26T03:40:00.000Z,MCT2408046,15.529167,74.07,30.84,241.79879999999997,618.08,90.0198984,13.1750016,14.238824719999998,5,12.04,5.06315792,4.171600000000001,28.076390800000002
2026-07-26T03:50:00.000Z,MCT2408046,15.529167,74.07,31.24,237.07479999999998,621.88,89.56335479999998,13.540847600000001,9.78941284,5,12.12,5.189473760000001,3.8896000000000015,28.6027792
2026-07-26T04:00:00.000Z,MCT2408046,15.529167,74.07,31.12,237.21519999999998,616,87.74999919999999,13.422918399999999,10.621176840000002,5,12,5.052631600000001,3.8767999999999994,29.254865600000002
2026-07-26T04:09:28.230Z,MCT2408046,15.529167,74.07,30.956521739130434,237.04,608.4347826086956,86.83215086956521,13.298063913043476,11.092072173913047,5,12.043478260869565,5.0800915652173915,3.914347826086956,29.774760434782607
2026-07-26T03:10:00.000Z,MCT2408042,15.213889,74.071667,59,99.98,470,87.29224,24.79,15.77,7.28,26.45,16.4,3.93,28.44019
2026-07-26T03:20:00.000Z,MCT2408042,15.213889,74.071667,58.625,105.353125,471.1875,87.35041062499997,25.001875000000002,15.6925,7.109375000000001,23.82625,13.839375,4.01,28.568888125
2026-07-26T03:30:00.000Z,MCT2408042,15.213889,74.071667,59.1875,121.814375,468.9375,86.8797725,25.46,16.0775,8.815624999999999,27.701874999999998,15.205624999999998,3.6999999999999993,28.877904375
2026-07-26T03:40:00.000Z,MCT2408042,15.213889,74.071667,58.875,129.42999999999998,463.625,86.05007562499999,25.247500000000002,15.573124999999997,8.986249999999998,28.270625,15.490000000000004,3.573125000000001,29.175525624999995
2026-07-26T03:50:00.000Z,MCT2408042,15.213889,74.071667,59.125,157.8575,458.25,85.620445625,25.416875,15.5425,13.99125,43.775625000000005,23.459374999999998,3.7631249999999996,29.329026875
2026-07-26T04:00:00.000Z,MCT2408042,15.213889,74.071667,58.75,194.710625,466,85.88127562499999,25.090625,15.7875,16.323124999999997,50.78625,27.27375,3.61125,29.427568124999997
2026-07-26T04:09:28.240Z,MCT2408042,15.213889,74.071667,59.06666666666667,118.27266666666667,463.3333333333333,85.71142666666668,25.416,15.780666666666669,16.50133333333333,51.742,28.058666666666664,4.002666666666666,29.51627266666667
2026-07-26T03:10:00.000Z,MCT2408041,15.224628,74.171389,32,433.8322,461,89.77942,13.34,9.7,8.09,25.11,13.75,8.33,27.62508
2026-07-26T03:20:00.000Z,MCT2408041,15.224628,74.171389,32.25,354.13746875000004,453.6875,89.79658437499998,13.483749999999999,9.7,8.090000000000002,25.008750000000006,13.64875,8.2725,27.670658749999998
2026-07-26T03:30:00.000Z,MCT2408041,15.224628,74.171389,32.5625,390.24755,452.6875,89.79086437499997,13.470625000000002,9.7,10.81375,34.171875,18.601875,7.946249999999999,27.87846
2026-07-26T03:40:00.000Z,MCT2408041,15.224628,74.171389,32.5,430.7218249999999,453.1875,89.57151812500001,13.586875,9.7,8.693750000000001,27.033750000000005,14.65875,7.915,28.124465
2026-07-26T03:50:00.000Z,MCT2408041,15.224628,74.171389,32.625,404.33578750000004,459.1875,89.18671,13.68,9.7,8.240000000000002,25.413750000000007,13.75,8.028125000000001,28.306793125000002
2026-07-26T04:00:00.000Z,MCT2408041,15.224628,74.171389,33.1875,394.82330625000003,463.5625,88.77615437499999,13.684374999999998,9.7,9.554375,28.24875000000001,14.708749999999998,7.895625000000001,28.436837500000003
2026-07-26T04:09:28.330Z,MCT2408041,15.224628,74.171389,32.6,401.1690666666666,461.73333333333335,88.19810066666666,13.643333333333334,9.7,8.143333333333336,22.194000000000003,10.729333333333333,8.120666666666667,28.44376466666667
2026-07-26T03:20:00.000Z,MCT2408033,15.346944,74.007778,20.625,110.71650000000001,447.8125,88.42138750000001,8.632499999999999,44.872931875000006,4.810000000000001,13.685625000000002,9.115625,4.39,28.633238125000002
2026-07-26T03:30:00.000Z,MCT2408033,15.346944,74.007778,22.3125,110.21139375,459.625,88.24495625,10.04875,49.226281875,5.9075000000000015,16.216874999999998,10.441875,4.39,28.914772499999998
2026-07-26T03:40:00.000Z,MCT2408033,15.346944,74.007778,22.6875,110,455.875,87.94502625000001,9.148125,51.513555624999995,9.92375,26.089375000000004,16.029374999999998,4.39,29.22512875
2026-07-26T03:50:00.000Z,MCT2408033,15.346944,74.007778,24.5,110.17081875,467.75,87.42336625,9.54875,47.13573187500001,12.31125,31.794999999999998,19.299374999999998,4.39,29.359191874999997
2026-07-26T04:00:00.000Z,MCT2408033,15.346944,74.007778,25.0625,114.16634375,466.375,85.67337500000001,12.282500000000002,39.594316250000006,6.021875000000001,17.307499999999997,11.506249999999998,4.39,29.648100625
2026-07-26T04:09:28.335Z,MCT2408033,15.346944,74.007778,22.5625,114.83315,445.6875,84.22045125,10.299375,41.633096875,5.946875000000001,17.210624999999997,11.54375,4.39,29.96784375
2026-07-26T03:10:00.000Z,MCT2408024,15.148056,74.131667,40,227.5098,459,78.54132,16.8712,5.526696,6,19.99,10.99,2.55,28.53671
2026-07-26T03:20:00.000Z,MCT2408024,15.148056,74.131667,40.12,222.563432,481.16,78.47448879999999,17.194528400000003,5.0112554,6.4748,21.550000000000004,12.110000000000005,2.5896,28.6628376
2026-07-26T03:30:00.000Z,MCT2408024,15.148056,74.131667,40.208333333333336,221.02692499999998,544.375,78.28732499999998,17.230558333333335,5.325276541666667,5.914583333333333,20.573333333333338,11.948333333333338,2.56375,28.983592500000004
2026-07-26T03:40:00.000Z,MCT2408024,15.148056,74.131667,40.48,217.093624,542.28,78.2752072,17.480318,5.3953821600000005,7.9952000000000005,26.14480000000001,14.668000000000005,2.544,29.2874684
2026-07-26T03:50:00.000Z,MCT2408024,15.148056,74.131667,40.44,213.03872799999994,435.4,78.39453159999998,17.49582,5.281385,11.350000000000005,36.17720000000001,19.943600000000004,2.5352000000000006,29.512698
2026-07-26T04:00:00.000Z,MCT2408024,15.148056,74.131667,40.208333333333336,217.22599583333331,437.25,78.02315916666667,17.30259,5.281385,6.328333333333333,21.156666666666673,12.031666666666672,2.5495833333333335,29.70530083333333
2026-07-26T04:09:28.336Z,MCT2408024,15.148056,74.131667,40.541666666666664,215.8815166666666,513.5,77.88074291666668,17.584457500000003,5.9926645,5.830416666666667,20.03166666666667,11.656666666666672,2.5250000000000004,30.12626083333333
2026-07-26T03:10:00.000Z,MCT2408045,15.619444,73.878889,28,178.12,460,86.21649,12.04,17.89,8.56,29.66,15.83,2.53,29.11587
2026-07-26T03:20:00.000Z,MCT2408045,15.619444,73.878889,27.4375,178.11999999999995,461.375,86.53692687500002,11.283125,16.891875,8.43125,29.016874999999995,15.161250000000004,2.5300000000000002,29.4302475
2026-07-26T03:30:00.000Z,MCT2408045,15.619444,73.878889,28.1875,178.11999999999995,451.5625,86.233180625,11.148749999999998,16.51375,8.99625,31.226249999999997,16.434375,2.5300000000000002,30.124697500000003
2026-07-26T03:40:00.000Z,MCT2408045,15.619444,73.878889,28.1875,178.11999999999995,439.3125,84.445518125,12.036874999999998,16.546875,6.513125,23.666250000000005,12.93375,2.5300000000000002,30.696477500000004
2026-07-26T03:50:00.000Z,MCT2408045,15.619444,73.878889,28.1875,178.11999999999995,440.875,82.63306125,11.843124999999997,16.716875,5.2231250000000005,19.461250000000003,10.848125000000003,2.5300000000000002,31.258875624999995
2026-07-26T04:00:00.000Z,MCT2408045,15.619444,73.878889,28.0625,178.11999999999995,430.4375,81.207316875,12.024374999999997,16.903125,5.095625000000001,19.283125000000002,10.990000000000002,2.5300000000000002,31.947962500000006
2026-07-26T04:09:28.340Z,MCT2408045,15.619444,73.878889,28.733333333333334,178.58466666666666,430.6666666666667,79.17862999999998,12.507333333333332,17.561999999999998,4.698000000000001,17.870000000000005,10.214000000000002,2.5300000000000002,32.611533333333334
2026-07-26T03:10:00.000Z,MCT2408022,15.475833,74.038889,29,150,459,83.75983,5.43,11.57831,7,24,14,4.365192,28.85847
2026-07-26T03:20:00.000Z,MCT2408022,15.475833,74.038889,34.625,150,454.8125,85.65620875000002,4.913125000000001,10.987699999999998,11.25,35.9375,19.75,4.324705375,28.384550624999996
2026-07-26T03:30:00.000Z,MCT2408022,15.475833,74.038889,38,150,455.9375,87.4338575,4.733125,10.85711625,13.3125,42.5,23.125,4.2773231875,28.25853
2026-07-26T03:40:00.000Z,MCT2408022,15.475833,74.038889,35.9375,150,455.1875,87.85204249999998,4.493124999999999,11.317960000000003,12.0625,38.375,21,4.2371959375,28.54341625
2026-07-26T03:50:00.000Z,MCT2408022,15.475833,74.038889,35.375,150,456.125,87.51968812499999,4.430625,11.2816275,11.5,37.1875,20.6875,4.260103249999999,28.939574375
2026-07-26T04:00:00.000Z,MCT2408022,15.475833,74.038889,37,150,456.4375,86.427254375,4.476875000000001,11.270143125,12.3125,39.5,21.875,4.257005875,29.549563125
2026-07-26T04:09:28.347Z,MCT2408022,15.475833,74.038889,35.333333333333336,150,459.2,84.67993266666669,4.135333333333333,11.57255733333333,11.133333333333333,36,20.066666666666666,4.2294594666666665,30.571620000000003
2026-07-26T03:10:00.000Z,MCT2408032,15.525556,73.828611,40,230.81,594,68.71466,18.71,45.56,7.12,24.18,14.16,3.49,33.53461
2026-07-26T03:20:00.000Z,MCT2408032,15.525556,73.828611,35.96,232.08199999999997,612,68.33654840000003,15.530400000000004,45.597200000000015,7.120000000000002,24.917600000000004,14.893199999999997,3.8771999999999998,33.56120599999999
2026-07-26T03:30:00.000Z,MCT2408032,15.525556,73.828611,36.12,225.29640000000003,599.48,69.63720640000001,15.731600000000004,44.602399999999996,7.6896,25.82839999999999,14.950000000000003,3.7407999999999997,33.298224
2026-07-26T03:40:00.000Z,MCT2408032,15.525556,73.828611,35.56,209.6656,571.8,66.98492360000002,15.196000000000003,45.3236,8.2588,28.615999999999996,16.817600000000006,3.0084,34.536330799999995
2026-07-26T03:50:00.000Z,MCT2408032,15.525556,73.828611,36.08,221.976,684.04,67.69995159999999,15.793600000000003,45.7712,7.120000000000002,18.7184,8.720000000000004,3.2635999999999994,34.3346996
2026-07-26T04:00:00.000Z,MCT2408032,15.525556,73.828611,36.16,228.90919999999997,720.2,69.20538320000001,15.747200000000003,46.4124,7.120000000000002,17.637999999999998,7.644800000000001,4.2063999999999995,33.83962800000002
2026-07-26T04:09:28.437Z,MCT2408032,15.525556,73.828611,35.958333333333336,209.90458333333333,709.4583333333334,69.45407624999999,15.621666666666668,45.537499999999994,7.120000000000002,17.957916666666666,7.962916666666669,4.146666666666667,33.81703375
2026-07-26T03:20:00.000Z,MCT2408036,15.171567,74.067106,37.125,120,461.0625,88.923019375,10.69,7.641249999999999,3.8468750000000003,12.473124999999996,7.251875,11.634374999999999,27.450796249999993
2026-07-26T03:30:00.000Z,MCT2408036,15.171567,74.067106,37.75,120,459.75,89.24393062499999,10.59,7.551875,3.5512499999999996,12.156249999999996,7.220625,12.036874999999998,27.275844375000002
2026-07-26T03:40:00.000Z,MCT2408036,15.171567,74.067106,36.93333333333333,120,464.4,89.70109,10.498666666666667,7.612666666666665,3.858,12.088666666666667,6.856666666666668,11.56,27.389126666666666
2026-07-26T03:50:00.000Z,MCT2408036,15.171567,74.067106,36.75,120,461.8125,89.426558125,10.501874999999998,7.8149999999999995,3.879375,12.757499999999999,7.505,11.403125000000001,27.846284375000003
2026-07-26T04:00:00.000Z,MCT2408036,15.171567,74.067106,36.53333333333333,120,464.3333333333333,89.06022066666668,10.475999999999999,7.982,3.928666666666667,13.033999999999999,7.733999999999999,11.411333333333337,28.25785866666667
2026-07-26T04:09:28.447Z,MCT2408036,15.171567,74.067106,35.86666666666667,120,464.1333333333333,88.25404933333334,10.458666666666666,7.883333333333332,4.245333333333334,13.60933333333333,7.87,10.954,29.038646666666672
2026-07-26T03:10:00.000Z,MCT2408031,15.290833,74.149167,18,186.6485,550,88.0094,7.151605,15.08324,5.71,14.78,8.1,6.26,26.69199
2026-07-26T03:20:00.000Z,MCT2408031,15.290833,74.149167,18.5625,183.0009625,550.1875,88.140530625,7.369483750000001,11.615742187499999,6.219999999999999,17.12,9.731875,5.8825,26.593456874999998
2026-07-26T03:30:00.000Z,MCT2408031,15.290833,74.149167,19.375,175.93735625000002,553.3125,87.76001249999997,7.2105943125,9.9697545625,6.9350000000000005,19.023749999999996,10.803125000000001,5.35875,26.907838125
2026-07-26T03:40:00.000Z,MCT2408031,15.290833,74.149167,20.0625,171.58719374999998,550.75,87.307971875,7.236987875,7.324913937499999,7.440625000000001,20.216874999999998,11.398124999999999,4.800000000000001,27.234283124999997
2026-07-26T03:50:00.000Z,MCT2408031,15.290833,74.149167,18.875,170.41513750000001,556.8125,87.24645812499999,7.426229812500001,6.087614749999999,6.489375,17.663124999999997,10.000625,4.928125,27.332151250000003
2026-07-26T04:00:00.000Z,MCT2408031,15.290833,74.149167,21,159.79648125000003,553.5,87.30606375,7.293734124999999,6.965162124999998,8.005624999999998,22.064999999999998,12.590625000000001,4.906249999999999,27.577485
2026-07-26T04:09:28.443Z,MCT2408031,15.290833,74.149167,23.066666666666666,159.04565999999997,550.2666666666667,87.22814999999997,6.887528066666666,8.132644733333331,9.714,26.406,14.920666666666666,4.794666666666667,27.796680666666667
2026-07-26T03:10:00.000Z,MCT2408035,15.236111,74.125,43,190,497,88.80286,17.53162,65.12866,3.8,10.19,4.91,3.83,27.93611
2026-07-26T03:20:00.000Z,MCT2408035,15.236111,74.125,45.0625,190,541,88.76423062499997,19.280132499999997,67.140365,3.799999999999999,10.237499999999999,4.956249999999999,3.8299999999999987,28.06749
2026-07-26T03:30:00.000Z,MCT2408035,15.236111,74.125,44.9375,190,521.5,88.49720375000001,19.134229374999997,63.15855312500001,3.799999999999999,10.426249999999998,5.14375,3.8299999999999987,28.362429374999998
2026-07-26T03:40:00.000Z,MCT2408035,15.236111,74.125,44.3125,190,527.5,87.80149874999998,18.706401874999997,58.48075500000001,3.799999999999999,11.108124999999998,5.826250000000001,3.8299999999999987,28.696245625
2026-07-26T03:50:00.000Z,MCT2408035,15.236111,74.125,44.8125,190,521.4375,87.00947187499999,19.201077499999997,61.64873750000001,3.799999999999999,11.510000000000002,6.2275,3.8299999999999987,28.973090625
2026-07-26T04:00:00.000Z,MCT2408035,15.236111,74.125,45.8125,190.274,534.8125,86.81682812499999,19.851538125,61.99672812500002,3.799999999999999,11.296874999999998,6.016249999999999,3.8299999999999987,29.02336375
2026-07-26T04:09:28.447Z,MCT2408035,15.236111,74.125,45.666666666666664,190.99468666666664,602.1333333333333,86.91127466666667,19.676338,64.43064266666666,3.799999999999999,11.018666666666666,5.738666666666665,3.8299999999999987,28.85274466666667
2026-07-26T03:10:00.000Z,MCT2408039,15.163611,74.110833,29,334.12,431,84.5304,6.64,10.3,9.02,28.94,11.76,2.3,28.03263
2026-07-26T03:20:00.000Z,MCT2408039,15.163611,74.110833,29,325.08466666666664,438.8666666666667,84.356446,9.409333333333333,10.3,9.019999999999998,28.94,11.759999999999998,2.3,28.157757999999998
2026-07-26T03:30:00.000Z,MCT2408039,15.163611,74.110833,29.1875,304.98562499999997,442.9375,83.79224999999998,9.0375,10.3,9.019999999999998,29.133125000000003,11.997499999999999,2.3,28.304782500000005
2026-07-26T03:40:00.000Z,MCT2408039,15.163611,74.110833,29,176.444375,441.0625,83.42413312500001,9.073749999999999,10.3,9.019999999999998,28.94,11.759999999999998,2.3,28.454935
2026-07-26T03:50:00.000Z,MCT2408039,15.163611,74.110833,30.875,191.44437499999998,437.0625,83.41078125,9.259374999999999,10.3,10.040625,32.493125,13.373124999999998,2.3,28.622512499999996
2026-07-26T04:00:00.000Z,MCT2408039,15.163611,74.110833,29,267.61375000000004,435.625,83.40505937500001,9.397499999999999,10.3,9.019999999999998,28.94,11.759999999999998,2.3,28.870531250000006
2026-07-26T04:09:28.454Z,MCT2408039,15.163611,74.110833,29,253.27266666666668,441.8,82.887532,9.927999999999999,10.3,9.019999999999998,28.94,11.759999999999998,2.3,29.421176
2026-07-26T03:10:00.000Z,MCT2408038,15.188889,74.055556,45,233.33,601,87.86444,14.27,13.33,21.68,63.62,32.52,4.8,28.80484
2026-07-26T03:20:00.000Z,MCT2408038,15.188889,74.055556,35.9375,233.32999999999996,601.0625,87.48297124999999,14.5125,13.330000000000005,14.286249999999999,41.128125,20.426250000000007,4.674374999999999,28.974430625
2026-07-26T03:30:00.000Z,MCT2408038,15.188889,74.055556,34.375,241.861875,597.125,86.72289312500001,14.34875,13.330000000000005,6.842500000000001,19.879374999999996,10.037499999999998,4.739999999999999,29.082352499999992
2026-07-26T03:40:00.000Z,MCT2408038,15.188889,74.055556,34.5625,265.41625,605.25,86.37909187499999,14.557500000000001,13.330000000000005,5.950000000000002,17.023750000000003,8.324999999999998,4.745625,29.093747500000003
2026-07-26T03:50:00.000Z,MCT2408038,15.188889,74.055556,38.625,265.52062499999994,594.5,86.21792250000003,14.612500000000004,13.330000000000005,12.296250000000002,36.655,18.89,4.75125,29.247250000000005
2026-07-26T04:00:00.000Z,MCT2408038,15.188889,74.055556,35.25,235.19999999999996,597.125,85.87650812499999,14.5725,13.330000000000005,12.388749999999998,36.34437500000001,18.4975,4.659374999999999,29.885394374999997
2026-07-26T04:09:28.552Z,MCT2408038,15.188889,74.055556,36.266666666666666,235.5473333333333,599.6,84.82132933333332,14.741333333333333,13.330000000000005,14.040666666666668,40.82266666666666,20.393333333333334,4.6593333333333335,30.486535333333336
2026-07-26T03:10:00.000Z,MCT2408026,15.2467,74.198281,31,125,610,87.70422,12.98773,12.5,6.62,23.21,13.5,2.51,28.11843
2026-07-26T03:20:00.000Z,MCT2408026,15.2467,74.198281,30.84,125,611.6,87.86596720000001,13.172157200000001,12.5,6.580400000000001,24.14,14.541200000000002,2.7903999999999995,28.192220000000002
2026-07-26T03:30:00.000Z,MCT2408026,15.2467,74.198281,30.96,125,597.64,87.939514,13.175452400000005,12.5,6.881600000000002,24.837199999999992,14.849200000000002,2.696,28.306765600000002
2026-07-26T03:40:00.000Z,MCT2408026,15.2467,74.198281,30.92,125,600.32,87.68286119999999,13.2691856,12.5,7.827600000000001,27.002799999999997,15.581599999999998,2.5976,28.4500552
2026-07-26T03:50:00.000Z,MCT2408026,15.2467,74.198281,32.16,125,607.32,87.65112280000002,12.978940399999999,12.5,9.604,32.5332,18.322400000000002,2.478,28.658118799999997
2026-07-26T04:00:00.000Z,MCT2408026,15.2467,74.198281,30.88,125,605.72,87.38439959999998,13.166667200000001,12.5,7.7132000000000005,27.118000000000002,15.929199999999998,2.4324,28.841304400000002
2026-07-26T04:09:28.558Z,MCT2408026,15.2467,74.198281,30.875,125,608.4166666666666,87.37806791666664,13.142898749999999,12.5,7.75875,27.48375,16.231249999999992,2.731666666666666,28.864276666666672
2026-07-26T05:30:00.000Z,MCT2408028,15.186944,74.096667,38.22222222222222,503.0766666666667,444.8888888888889,78.98891222222224,15.763333333333334,12.234444444444444,8.767777777777777,31.26777777777778,18.88888888888889,0.7011111111111111,31.691078888888892
2026-07-26T05:40:00.000Z,MCT2408028,15.186944,74.096667,38.416666666666664,541.8079166666668,437.3333333333333,79.66379458333334,15.97375,12.182916666666669,7.490000000000001,27.385833333333338,16.734166666666663,0.41583333333333333,31.750664166666667
2026-07-26T05:50:00.000Z,MCT2408028,15.186944,74.096667,39.24,575.446,439.56,77.4390256,16.643599999999996,12.093999999999996,7.150000000000001,25.256000000000004,15.070799999999998,1.2491999999999999,32.462526
2026-07-26T06:00:00.000Z,MCT2408028,15.186944,74.096667,38.64,542.9148,445.24,76.9888912,15.9332,11.858000000000002,8.029200000000003,29.750000000000004,18.252000000000006,0.7396,32.602380399999994
2026-07-26T06:10:00.000Z,MCT2408028,15.186944,74.096667,38.44,553.3824000000001,444,78.5220956,15.9948,11.909600000000001,6.950000000000001,26.211600000000008,16.304399999999998,0.27959999999999996,32.584792
2026-07-26T06:20:00.000Z,MCT2408028,15.186944,74.096667,38.16,564.3708,443.76,78.6951296,15.711200000000003,11.988399999999999,8.230000000000002,28.6364,16.901199999999996,0.36560000000000004,32.44751120000001
2026-07-26T06:26:34.655Z,MCT2408028,15.186944,74.096667,40.4375,579.3306249999999,451.875,77.40311062499998,15.94125,12.25625,14.358749999999999,49.28187499999999,28.767500000000002,0.46375000000000005,32.290498125000006
2026-07-26T05:30:00.000Z,MCT2408020,15.543475,74.039433,23.6,180,674.6,71.845764,10.006242400000001,19.673954000000002,5.57,19.012,10.591999999999999,3.66,33.191402
2026-07-26T05:40:00.000Z,MCT2408020,15.543475,74.039433,23.333333333333332,180,680.7333333333333,70.77663066666668,10.281868800000002,19.570816,5.631333333333333,18.764,10.282000000000002,3.6599999999999984,33.37659133333333
2026-07-26T05:50:00.000Z,MCT2408020,15.543475,74.039433,23.5,180,679.6875,71.579975625,10.127834437499999,20.077381874999997,5.5699999999999985,19.279374999999998,10.859374999999998,3.6599999999999984,33.28994062499999
2026-07-26T06:00:00.000Z,MCT2408020,15.543475,74.039433,23.5,180,682,70.6916275,9.917030375,19.86632375,5.627499999999999,18.989375,10.510625000000003,3.6599999999999984,33.60297875
2026-07-26T06:10:00.000Z,MCT2408020,15.543475,74.039433,23.066666666666666,180,677.4666666666667,69.85195,9.943681199999999,19.69755866666667,5.5699999999999985,18.267999999999997,9.847999999999997,3.6599999999999984,33.814172
2026-07-26T06:20:00.000Z,MCT2408020,15.543475,74.039433,23.625,180,678.25,68.45669249999999,10.518491187499999,20.13174125,5.5699999999999985,18.814375,10.394375,3.6599999999999984,33.893894375
2026-07-26T06:26:34.656Z,MCT2408020,15.543475,74.039433,23.2,180,683.2,68.52697699999999,10.312526000000002,19.578896,5.57,18.546999999999997,10.126999999999999,3.6599999999999993,33.819894000000005
2026-07-26T05:30:00.000Z,MCT2408055,15.585833,73.885556,19.2,115.422,654,73.942322,8.032,29.851147999999995,5.456,18.158,11.179999999999998,2.2180000000000004,32.322672
2026-07-26T05:40:00.000Z,MCT2408055,15.585833,73.885556,19.3125,109.296875,652.0625,73.15449124999999,7.933124999999999,29.929626875000004,5.897500000000002,19.0775,11.674375,1.6,32.786531249999996
2026-07-26T05:50:00.000Z,MCT2408055,15.585833,73.885556,19.2,117.17533333333334,651.4666666666667,72.39914800000001,7.911999999999998,32.054709333333335,5.732000000000001,18.246666666666666,11.086666666666666,1.9046666666666667,33.000497333333335
2026-07-26T06:00:00.000Z,MCT2408055,15.585833,73.885556,19.9375,118.03562500000002,650,72.544616875,7.724375000000001,33.79652125,6.727500000000002,20.8875,12.313125000000001,2.11375,32.777144375000006
2026-07-26T06:10:00.000Z,MCT2408055,15.585833,73.885556,18.923076923076923,119.71307692307694,651.6153846153846,71.8673623076923,7.702307692307692,33.96212615384615,5.431538461538462,17.66153846153846,10.854615384615384,2.1030769230769235,32.628746923076925
2026-07-26T06:20:00.000Z,MCT2408055,15.585833,73.885556,19,116.77874999999999,653.25,72.704833125,7.876875000000001,31.989505625,5.2893750000000015,17.433750000000003,10.73625,1.84125,32.200002500000004
2026-07-26T06:26:34.709Z,MCT2408055,15.585833,73.885556,19.2,112.026,652.1,73.65927199999999,8.164,31.158400999999998,5.036,16.711,10.291,1.4549999999999998,32.223999
2026-07-26T05:30:00.000Z,MCT2408057,15.272222,74.104722,28.25,316.37749999999994,574.125,84.927125,12.168750000000001,9.285,4.47,14.843749999999998,8.717500000000001,1.7087500000000002,30.502084999999997
2026-07-26T05:40:00.000Z,MCT2408057,15.272222,74.104722,28.24,322.20240000000007,569.72,81.00439479999999,12.24,9.160400000000005,4.1251999999999995,14.113199999999997,8.3252,2.0248000000000004,31.356554400000004
2026-07-26T05:50:00.000Z,MCT2408057,15.272222,74.104722,29.16,321.32359999999994,569.16,78.16992120000002,12.742399999999998,8.690400000000002,3.8391999999999995,13.343999999999996,7.927200000000003,3.1047999999999996,31.934422000000005
2026-07-26T06:00:00.000Z,MCT2408057,15.272222,74.104722,28.76,322.44520000000006,569.88,76.7911376,12.609199999999998,8.642000000000001,3.9108000000000005,13.4116,7.925999999999996,3.2687999999999993,32.54704
2026-07-26T06:10:00.000Z,MCT2408057,15.272222,74.104722,29.23076923076923,325.9057692307692,568.2692307692307,74.30025846153843,12.890769230769232,8.319230769230769,3.5099999999999985,12.328846153846154,7.260769230769229,3.696538461538462,33.1105526923077
2026-07-26T06:20:00.000Z,MCT2408057,15.272222,74.104722,29.583333333333332,340.55708333333325,560.9166666666666,72.80941999999999,13.055416666666666,8.003333333333337,3.304166666666666,11.472916666666668,6.803750000000001,4.133750000000001,33.260222500000005
2026-07-26T06:26:34.708Z,MCT2408057,15.272222,74.104722,29.823529411764707,344.99411764705883,557.5882352941177,71.41860588235292,13.158235294117645,8.00294117647059,3.366470588235294,11.705882352941176,6.9682352941176475,4.238235294117646,33.43934529411766
2026-07-26T05:30:00.000Z,MCT2408053,15.263333,74.110833,53.4,228.33334,632,77.186342,27.424,28.214,4.59,13.806000000000001,8.121999999999998,7.920000000000002,32.502854
2026-07-26T05:40:00.000Z,MCT2408053,15.263333,74.110833,51.375,220.142875,576.4375,76.14569062500001,25.765625,32.144375,4.590000000000002,13.550625,7.82625,7.978750000000001,32.593478125
2026-07-26T05:50:00.000Z,MCT2408053,15.263333,74.110833,54.0625,250.96213124999997,504.375,74.72900687500001,28.140625,34.204375,4.590000000000002,13.065624999999999,7.262499999999998,8.13375,32.70005875
2026-07-26T06:00:00.000Z,MCT2408053,15.263333,74.110833,52.1875,234.517175,492.5625,74.3852075,26.151875,35.38062499999999,4.590000000000002,13.246875,7.473125000000002,7.474374999999999,32.822725625
2026-07-26T06:10:00.000Z,MCT2408053,15.263333,74.110833,56.75,235.76293125000004,472,72.76157750000002,29.0575,34.204375,4.590000000000002,12.216249999999997,6.2749999999999995,7.546875,33.33485375000001
2026-07-26T06:20:00.000Z,MCT2408053,15.263333,74.110833,51.25,216.82080624999998,481,72.352928125,24.470625000000002,30.940624999999997,4.590000000000002,13.126249999999997,7.333125,7.3981249999999985,33.779943125
2026-07-26T06:26:34.715Z,MCT2408053,15.263333,74.110833,54.27272727272727,225.99099090909093,475.90909090909093,70.05465818181818,26.885454545454547,35.81,4.590000000000001,12.640909090909092,6.769090909090909,7.964545454545456,34.22588818181819
2026-07-26T05:30:00.000Z,MCT2408052,15.444425,74.063856,30.166666666666668,162.96991666666665,590.1666666666666,71.99911666666667,4.430292499999999,8.119198166666665,9.478333333333332,27.53166666666667,13.521666666666667,2,33.30759666666667
2026-07-26T05:40:00.000Z,MCT2408052,15.444425,74.063856,29.875,161.009025,615.3125,72.757286875,4.4348245625,8.070411375,9.19875,26.855,13.226250000000004,2,33.021813125
2026-07-26T05:50:00.000Z,MCT2408052,15.444425,74.063856,30.25,160.06695,597.6875,73.25319562500002,4.2452193125,8,9.473125000000001,27.586875,13.635625000000003,2,32.92394624999999
2026-07-26T06:00:00.000Z,MCT2408052,15.444425,74.063856,30.25,160.22153125,611.25,72.572273125,4.1728069375,8,9.471875,27.523749999999996,13.506250000000001,2,32.85087875
2026-07-26T06:10:00.000Z,MCT2408052,15.444425,74.063856,30.125,160,613.8125,71.883243125,4.0987279999999995,8,9.39,26.963125,13.118125000000003,2,33.30267812499999
2026-07-26T06:20:00.000Z,MCT2408052,15.444425,74.063856,29.4375,160,604.9375,67.793888125,4.313158,8,8.970625000000002,25.884375,12.663125000000004,2,34.03131125
2026-07-26T06:26:34.907Z,MCT2408052,15.444425,74.063856,28.8,161.34263,609.4,66.20687799999999,4.4384562,8,8.699000000000002,24.79200000000001,12.015,2,34.454822
2026-07-26T05:30:00.000Z,MCT2408021,15.500556,74.053333,46.8,375,567.8,70.73645200000001,18.682,12.622637999999998,3.3340000000000005,11.392,7.62,4.414000000000001,34.010798
2026-07-26T05:40:00.000Z,MCT2408021,15.500556,74.053333,46.0625,375,568.875,69.89578625,18.165625,12.485502499999999,3.7793750000000004,12.580625,8.483125,4.3812500000000005,34.0856075
2026-07-26T05:50:00.000Z,MCT2408021,15.500556,74.053333,45.625,375,561.6875,69.643063125,17.743125,12.043734999999998,3.4806249999999994,11.57375,7.740625,4.476875000000001,33.08683375
2026-07-26T06:00:00.000Z,MCT2408021,15.500556,74.053333,46.5,375,557.25,73.91027749999999,18.5975,12.555238124999999,3.60125,11.141249999999998,7.084999999999999,4.3343750000000005,32.082026875
2026-07-26T06:10:00.000Z,MCT2408021,15.500556,74.053333,46.75,375,566.375,75.20775187500001,18.87875,13.334003749999999,3.6,12.007499999999999,8.097499999999998,4.2825,32.371604375000004
2026-07-26T06:20:00.000Z,MCT2408021,15.500556,74.053333,47,375,567.5625,72.16410124999999,19.029375,13.556164375000002,3.838125,13.015000000000002,8.839374999999999,4.305625000000001,33.336862499999995
2026-07-26T06:26:34.908Z,MCT2408021,15.500556,74.053333,46.8,375,562,69.98877000000002,18.668,13.427295999999998,3.3319999999999994,11.174000000000001,7.478,4.3709999999999996,33.874590999999995
2026-07-26T05:30:00.000Z,MCT2408050,15.553611,73.958333,28.6,86.03,436.4,72.57360800000001,12.184000000000001,3.412,5.7700000000000005,20.266,11.739999999999998,2.222,33.746964
2026-07-26T05:40:00.000Z,MCT2408050,15.553611,73.958333,28.8125,86.02999999999999,418.125,72.80163187499998,12.45,3.38,5.9399999999999995,20.878125000000004,12.228749999999998,2.8768749999999996,34.075554374999996
2026-07-26T05:50:00.000Z,MCT2408050,15.553611,73.958333,28.6875,86.02999999999999,437.9375,70.95484125,12.365625,3.77125,5.568124999999999,20.18,11.856875,2.729375,34.725091875000004
2026-07-26T06:00:00.000Z,MCT2408050,15.553611,73.958333,28.8125,86.02999999999999,434.0625,69.704575,12.456249999999999,3.48875,5.143125000000001,19.535000000000004,11.6975,2.55875,34.989866875
2026-07-26T06:10:00.000Z,MCT2408050,15.553611,73.958333,29.0625,86.02999999999999,426.625,69.64020125,12.751874999999998,3.2512500000000006,5.196250000000001,19.213125,11.37875,3.1649999999999996,34.65806125
2026-07-26T06:20:00.000Z,MCT2408050,15.553611,73.958333,29.0625,86.02999999999999,430.4375,69.63543375,12.712499999999999,3.2037500000000003,6.203750000000001,22.112499999999997,12.972500000000002,2.8318749999999993,34.847090625
2026-07-26T06:26:34.964Z,MCT2408050,15.553611,73.958333,28.8,86.02999999999999,399.5,68.011231,12.509,3.557,4.665,16.918,9.954,3.465,35.532694000000006
2026-07-26T05:30:00.000Z,MCT2408043,15.221111,74.087222,56.166666666666664,225.53166666666667,625.3333333333334,73.04815666666666,24.060000000000002,33.74,9.5,34.11666666666666,20.5,5.29,32.86964833333333
2026-07-26T05:40:00.000Z,MCT2408043,15.221111,74.087222,56.46666666666667,237.19533333333337,629.2666666666667,71.87780666666667,24.03266666666667,33.775333333333336,8.867333333333333,34.16,21.266666666666666,5.290000000000001,32.90110933333333
2026-07-26T05:50:00.000Z,MCT2408043,15.221111,74.087222,56.5625,224.16625,616.125,72.36008062500001,24.105000000000004,33.87937499999999,9.026250000000001,33.957499999999996,20.81875,5.290000000000001,32.844175625000005
2026-07-26T06:00:00.000Z,MCT2408043,15.221111,74.087222,56.5,231.561875,634.0625,71.692031875,24.094375000000003,33.818124999999995,9.025625000000002,34.036249999999995,20.899375000000003,5.290000000000001,33.192075
2026-07-26T06:10:00.000Z,MCT2408043,15.221111,74.087222,56.6875,229.393125,624.75,70.70497812500001,24.14125,33.7225,8.709999999999999,33.635,20.740000000000002,5.290000000000001,33.572814375
2026-07-26T06:20:00.000Z,MCT2408043,15.221111,74.087222,56.13333333333333,242.03466666666662,626.7333333333333,68.69991133333333,23.974,33.90666666666666,8.614,32.617333333333335,19.986666666666665,5.290000000000001,33.60753733333333
2026-07-26T06:26:34.964Z,MCT2408043,15.221111,74.087222,56.18181818181818,236.33545454545455,629.0909090909091,69.12040454545455,23.94727272727273,33.88363636363636,8.52090909090909,31.483636363636357,19.099999999999998,5.29,33.35423090909091
2026-07-26T05:30:00.000Z,MCT2408051,15.486528,74.033889,50.4,264.79200000000003,640.6,78.669492,21.066000000000003,5.19,3.7299999999999995,10.57,4.98,4.39,32.715208000000004
2026-07-26T05:40:00.000Z,MCT2408051,15.486528,74.033889,49.75,258.1575,640.3125,77.607196875,20.27,5.1899999999999995,3.7299999999999986,10.569999999999997,4.980000000000002,4.39,32.431930625
2026-07-26T05:50:00.000Z,MCT2408051,15.486528,74.033889,49.25,257.735625,640.5,81.84818687500001,19.75625,5.1899999999999995,3.7299999999999986,10.569999999999997,4.980000000000002,4.39,31.105372499999998
2026-07-26T06:00:00.000Z,MCT2408051,15.486528,74.033889,50.3125,313.375,638.375,85.1049825,20.803125,5.1899999999999995,3.7299999999999986,10.647499999999997,5.057500000000002,4.39,30.284231874999996
2026-07-26T06:10:00.000Z,MCT2408051,15.486528,74.033889,52.1875,387.34624999999994,641.8125,85.56465562499999,22.265,5.1899999999999995,3.7299999999999986,10.569999999999997,4.980000000000002,4.39,30.793674375
2026-07-26T06:20:00.000Z,MCT2408051,15.486528,74.033889,52.3125,402.75250000000005,641.5,80.27939125,22.30125,5.1899999999999995,3.7299999999999986,10.569999999999997,4.980000000000002,4.39,32.100125
2026-07-26T06:26:34.964Z,MCT2408051,15.486528,74.033889,52.2,378.95899999999995,635.1,77.164978,22.197999999999997,5.1899999999999995,3.7299999999999995,10.569999999999999,4.980000000000001,4.39,33.108821
2026-07-26T05:30:00.000Z,MCT2408030,15.142519,74.075003,26,177.92032,420,72.48358,7.386,6.2,9.37,26.278000000000002,14.012,5.3340000000000005,33.375878
2026-07-26T05:40:00.000Z,MCT2408030,15.142519,74.075003,27.5,172.42831875000002,423.875,72.969954375,7.781249999999999,6.200000000000002,10.015,29.255625,16.035625,4.9662500000000005,33.6096825
2026-07-26T05:50:00.000Z,MCT2408030,15.142519,74.075003,28.266666666666666,167.20583333333335,424.46666666666664,72.30708866666667,7.591333333333334,6.200000000000002,9.996000000000002,30.414,17.228666666666665,4.971333333333334,33.79558333333333
2026-07-26T06:00:00.000Z,MCT2408030,15.142519,74.075003,27.3125,167.33509999999998,420.4375,72.566075625,7.59875,6.200000000000002,9.605000000000002,28.51312499999999,15.974999999999998,4.82375,33.607000625
2026-07-26T06:10:00.000Z,MCT2408030,15.142519,74.075003,25.9375,168.1932875,420.125,72.46832312499998,7.807500000000003,6.200000000000002,9.370000000000001,26.118749999999995,13.845624999999998,4.8675,33.36837
2026-07-26T06:20:00.000Z,MCT2408030,15.142519,74.075003,25.533333333333335,165.63966,418.8,71.323404,7.628666666666666,6.200000000000002,9.370000000000001,25.307999999999996,13.002,4.908666666666666,33.290792666666654
2026-07-26T06:26:35.158Z,MCT2408030,15.142519,74.075003,25,171.41465454545454,418.8181818181818,67.76098545454545,7.7690909090909095,6.200000000000002,9.370000000000001,24.639999999999997,12.31,5.5,33.182626363636366
2026-07-26T05:30:00.000Z,MCT2408034,15.356389,74.123611,54.625,198.93745,428.375,67.2727075,26.625,8.040000000000001,7.063750000000001,25.206249999999997,14.883750000000003,2.7724999999999995,35.54020250000001
2026-07-26T05:40:00.000Z,MCT2408034,15.356389,74.123611,53.166666666666664,184.21997499999998,421.7916666666667,67.01648416666666,25.419583333333335,7.912916666666667,7.290833333333332,25.477500000000003,14.9225,2.139583333333333,36.09477499999999
2026-07-26T05:50:00.000Z,MCT2408034,15.356389,74.123611,60.92,201.73585200000002,426.64,64.1150512,31.891599999999993,9.9564,6.379999999999998,22.171599999999994,12.7892,3.4772000000000003,36.35831039999999
2026-07-26T06:00:00.000Z,MCT2408034,15.356389,74.123611,68.54166666666667,225.14486666666664,424.7083333333333,64.19646916666666,38.36250000000001,10.829166666666671,6.493749999999998,22.352499999999996,12.8525,4.151666666666666,35.935240416666666
2026-07-26T06:10:00.000Z,MCT2408034,15.356389,74.123611,63.76,195.74905600000002,420.64,64.54534840000002,34.11840000000001,10.8564,7.289999999999999,25.0588,14.402000000000001,2.4760000000000004,36.337289999999996
2026-07-26T06:20:00.000Z,MCT2408034,15.356389,74.123611,71.44,207.30763600000003,425.64,63.99664400000002,40.76,10.605199999999998,6.962799999999999,23.7088,13.4636,3.3676,36.4303832
2026-07-26T06:26:35.157Z,MCT2408034,15.356389,74.123611,90.1875,199.81844375000003,428,65.688651875,56.783125,14.859375000000002,6.94875,22.858749999999997,12.656875,4.324375,34.57561375
2026-07-26T05:30:00.000Z,MCT2408029,15.333611,74.206944,15.2,533.3671,712.8,89.300292,4.106,8.578,5.058,17.572000000000003,10.708000000000002,3.5,31.00777
2026-07-26T05:40:00.000Z,MCT2408029,15.333611,74.206944,15,535.76650625,704.625,88.204425625,4.744375000000001,9.301875,4.999375000000001,16.65375,9.8525,3.580625,31.609452500000003
2026-07-26T05:50:00.000Z,MCT2408029,15.333611,74.206944,14.5,532.3466437499999,701.625,85.050625625,4.4731250000000005,8.945625000000001,4.78125,15.67875,9.263749999999998,3.65875,32.80127875
2026-07-26T06:00:00.000Z,MCT2408029,15.333611,74.206944,14.3125,518.92371875,707.3125,80.83490875000001,4.55625,7.185625,4.378125000000001,14.631249999999998,8.75,3.961875,33.64453937500001
2026-07-26T06:10:00.000Z,MCT2408029,15.333611,74.206944,18.5625,501.14646875,697.4375,78.75685187500001,11.159374999999999,7.14,4.266875000000001,14.629374999999998,8.824375,4.36625,33.548682500000005
2026-07-26T06:20:00.000Z,MCT2408029,15.333611,74.206944,16.4,495.69941333333344,675.5333333333333,79.23763133333334,8.889333333333333,7.14,3.8840000000000003,13.485333333333333,8.119333333333334,4.320666666666667,33.10202733333333
2026-07-26T06:26:35.217Z,MCT2408029,15.333611,74.206944,14.545454545454545,508.94892727272725,701.2727272727273,78.87354636363635,6.676363636363636,7.14,3.7981818181818188,13.505454545454546,8.183636363636365,3.882727272727273,33.57653272727273
2026-07-26T05:30:00.000Z,MCT2408027,15.275556,74.1075,30.4,1142.0720000000001,487.8,84.460204,6.58,10.581999999999999,7.889999999999999,27.597999999999995,16.798000000000002,2.95,31.670586000000004
2026-07-26T05:40:00.000Z,MCT2408027,15.275556,74.1075,30.8125,1128.3012500000002,460.625,82.00172687499999,6.579999999999999,10.245000000000001,8.075000000000001,28.707500000000007,17.354375,2.9500000000000006,32.44533875
2026-07-26T05:50:00.000Z,MCT2408027,15.275556,74.1075,29,1130.67125,477.9375,76.85284125,6.579999999999999,10.726249999999999,6.841250000000001,25.135000000000005,15.376874999999998,2.9500000000000006,32.9413725
2026-07-26T06:00:00.000Z,MCT2408027,15.275556,74.1075,29.125,1120.49875,460.125,76.267284375,6.579999999999999,10.801875,6.902500000000001,25.32,15.562499999999998,2.9500000000000006,33.341555625000005
2026-07-26T06:10:00.000Z,MCT2408027,15.275556,74.1075,28.3125,1123.9293750000002,474.6875,73.02193,6.579999999999999,11.136875000000002,6.595000000000002,23.595,14.141250000000003,2.9500000000000006,33.76452375
2026-07-26T06:20:00.000Z,MCT2408027,15.275556,74.1075,27.5,1128.28,449.125,72.19795500000001,6.579999999999999,10.957500000000001,5.793125000000001,21.746874999999996,13.462499999999999,2.9500000000000006,33.678725
2026-07-26T06:26:35.220Z,MCT2408027,15.275556,74.1075,27.2,1127.2810000000002,485.7,71.245331,6.58,11.213999999999999,5.4239999999999995,20.994999999999997,13.341,2.9499999999999997,33.862791
2026-07-26T05:30:00.000Z,MCT2408023,15.499722,74.020833,34.333333333333336,276.49,450.8333333333333,67.74827,15.113333333333332,9.651666666666666,6.34,23.00666666666667,16.191666666666666,5.82,35.502665
2026-07-26T05:40:00.000Z,MCT2408023,15.499722,74.020833,33.875,290.38,447.4375,67.63843875,16.783125000000002,6.034375000000001,6.340000000000002,22.242500000000003,15.315624999999999,6.0075,34.827651249999995
2026-07-26T05:50:00.000Z,MCT2408023,15.499722,74.020833,34.5,251.12062500000002,441.375,73.0715225,15.351250000000002,8.917499999999999,6.418750000000001,23.430625,16.49375,5.456875,33.148501875
2026-07-26T06:00:00.000Z,MCT2408023,15.499722,74.020833,35.875,223.04,440.8125,76.24725875,13.348125000000001,13.111875,7.367500000000001,26.281250000000007,18.034374999999997,4.474375000000001,32.596159375
2026-07-26T06:10:00.000Z,MCT2408023,15.499722,74.020833,35.86666666666667,226.66399999999996,461.6666666666667,74.78104533333332,12.739333333333331,15.073333333333332,6.928,25.752666666666673,17.980000000000004,4.47,33.06055799999999
2026-07-26T06:20:00.000Z,MCT2408023,15.499722,74.020833,35,238.0375,452.125,71.93712562500001,12.439374999999998,14.716249999999999,6.57625,24.300625000000004,17.128124999999997,4.5525,34.020587500000005
2026-07-26T06:26:35.218Z,MCT2408023,15.499722,74.020833,34.63636363636363,242.98636363636368,440.90909090909093,68.84644181818182,13.511818181818182,12.767272727272728,7.260909090909092,24.753636363636364,16.60909090909091,4.732727272727273,35.062445454545454
2026-07-26T05:30:00.000Z,MCT2408040,15.528056,74.020833,20.6,100,445,71.552796,9.456,5.304,3.07,8.42,3.7299999999999995,3.5,33.356572
2026-07-26T05:40:00.000Z,MCT2408040,15.528056,74.020833,20.125,100,448.6875,71.84557375,9.212499999999999,5.387499999999998,3.07,8.42,3.7299999999999986,3.5,33.283237500000006
2026-07-26T05:50:00.000Z,MCT2408040,15.528056,74.020833,20,100,449.8125,72.40538062499999,9.18875,5.345624999999999,3.07,8.42,3.731249999999999,3.5,32.966846249999996
2026-07-26T06:00:00.000Z,MCT2408040,15.528056,74.020833,20.25,100,451,72.43256,9.2475,5.320625,3.07,8.42,3.7324999999999986,3.5,32.941375625
2026-07-26T06:10:00.000Z,MCT2408040,15.528056,74.020833,20.0625,100,458.0625,72.351498125,9.176874999999999,5.270625,3.07,8.42,3.742499999999999,3.5,32.625653750000005
2026-07-26T06:20:00.000Z,MCT2408040,15.528056,74.020833,19.8125,100,454.1875,72.061580625,9.004375000000001,5.169999999999999,3.07,8.5075,3.8387499999999988,3.5,32.76641875
2026-07-26T06:26:35.410Z,MCT2408040,15.528056,74.020833,20.09090909090909,100,459.45454545454544,71.79138636363636,9.146363636363635,5.135454545454544,3.07,8.42,3.7299999999999995,3.5,33.11632636363636
2026-07-26T05:30:00.000Z,MCT2408046,15.529167,74.07,29.75,237.04,594.375,74.51776749999999,12.39149125,34.56433749999999,5,12,5,4.51375,32.542535
2026-07-26T05:40:00.000Z,MCT2408046,15.529167,74.07,29.88,237.04,590.72,74.6600952,12.286678799999997,33.24940999999999,5,12,5,4.3056,32.623830000000005
2026-07-26T05:50:00.000Z,MCT2408046,15.529167,74.07,29.44,237.04,587.16,74.168456,12.069380799999998,39.5241164,5,12,5,4.3188,32.636270800000005
2026-07-26T06:00:00.000Z,MCT2408046,15.529167,74.07,29.76,237.04,594.8,75.64489760000002,12.345516,34.04764599999999,5,12,5,3.9428000000000014,32.5092876
2026-07-26T06:10:00.000Z,MCT2408046,15.529167,74.07,30.08,237.04,600.32,74.42236240000001,12.6904024,28.631762799999997,5,12,5,3.9208,33.1017408
2026-07-26T06:20:00.000Z,MCT2408046,15.529167,74.07,30.04,241.44119999999998,600.56,73.40154959999998,12.558521200000003,33.17705639999999,5,12,5,3.826400000000001,33.42607
2026-07-26T06:26:35.475Z,MCT2408046,15.529167,74.07,29.647058823529413,237.04,582.4117647058823,72.53788529411766,12.144143529411766,39.92214470588235,5,12,5,4.3094117647058825,33.386980588235296
2026-07-26T05:30:00.000Z,MCT2408044,15.313669,74.140042,24.333333333333332,214.29,443.5,80.33422666666667,9.801666666666666,3.32,2.8700000000000006,7.916666666666667,4.7716666666666665,4.496581,31.554038333333335
2026-07-26T05:40:00.000Z,MCT2408044,15.313669,74.140042,24.8125,214.29,438.8125,80.11345250000001,10.016875,3.325,2.8699999999999997,8.46875,5.373125000000001,4.927003,31.899029374999998
2026-07-26T05:50:00.000Z,MCT2408044,15.313669,74.140042,23.9375,214.29,432.5,78.10596999999999,9.295,3.6481250000000003,2.8699999999999997,7.8125,4.6587499999999995,5.129166375,32.30122125
2026-07-26T06:00:00.000Z,MCT2408044,15.313669,74.140042,23.9375,214.29,435.875,77.06693937499999,9.282500000000002,3.959375,2.8699999999999997,7.8125,4.65875,5.666185625000001,31.843392500000004
2026-07-26T06:10:00.000Z,MCT2408044,15.313669,74.140042,24.666666666666668,214.29,437.3333333333333,77.16396066666667,9.899333333333335,3.538,2.8699999999999997,7.866666666666666,4.718,4.921538266666667,31.933707333333338
2026-07-26T06:20:00.000Z,MCT2408044,15.313669,74.140042,24,214.29,432.125,75.34412812500001,9.355625,3.6731249999999998,2.8699999999999997,7.78125,4.624375,4.8615385,32.281114375
2026-07-26T06:26:35.475Z,MCT2408044,15.313669,74.140042,24,214.29,430.1818181818182,74.01293,9.368181818181819,3.8545454545454545,2.8700000000000006,7.636363636363637,4.467272727272728,5.222727181818182,32.32559727272728
2026-07-26T05:30:00.000Z,MCT2408037,15.394444,74.118333,26.6,164.87166,432.4,79.536194,11.111999999999998,220.02799999999996,5.798,25.840000000000003,15.440000000000001,4.414,31.754241999999998
2026-07-26T05:40:00.000Z,MCT2408037,15.394444,74.118333,26.625,163.08031875000003,433.5,77.845615625,11.394375,217.59125,5.668750000000001,24.429375,14.286875000000002,4.351874999999999,32.004268125
2026-07-26T05:50:00.000Z,MCT2408037,15.394444,74.118333,26.8125,164.5609875,441.6875,75.608294375,11.684999999999999,217.18,4.831250000000001,21.465625,12.599375000000002,4.546875,32.293848749999995
2026-07-26T06:00:00.000Z,MCT2408037,15.394444,74.118333,26.625,166.31970625,437.375,75.32886937500001,11.618125,217.796875,5.016875,21.61875,12.552500000000002,4.57875,32.596830625
2026-07-26T06:10:00.000Z,MCT2408037,15.394444,74.118333,26.8125,169.38576874999998,435.75,72.884603125,11.651249999999997,218.483125,4.59875,20.647499999999997,12.083750000000002,4.521875,33.221568125
2026-07-26T06:20:00.000Z,MCT2408037,15.394444,74.118333,27.0625,169.14324375,435.125,71.61049249999999,12.00625,217.04187499999998,4.5062500000000005,20.749999999999996,12.318125000000002,4.801249999999999,33.6304625
2026-07-26T06:26:35.477Z,MCT2408037,15.394444,74.118333,27.09090909090909,172.31892727272725,440.09090909090907,70.46942090909091,12.082727272727272,217.08090909090907,4.325454545454546,19.849090909090908,11.785454545454543,4.842727272727273,33.85148272727274
2026-07-26T05:30:00.000Z,MCT2408042,15.213889,74.071667,61.2,217.746,449,70.61132799999999,26.991999999999997,14.331999999999999,7.097999999999999,22.802,12.574000000000002,6.292000000000001,33.448808
2026-07-26T05:40:00.000Z,MCT2408042,15.213889,74.071667,61.25,198.00125,445.3125,70.45464062500001,27.149375000000006,14.05375,6.370000000000001,22.001874999999995,12.813124999999998,6.441874999999998,33.4709275
2026-07-26T05:50:00.000Z,MCT2408042,15.213889,74.071667,60.5625,175.37375,447.375,71.51464875,26.462500000000006,13.750625000000003,6.540625,22.628750000000004,13.270000000000001,6.075,33.55672812499999
2026-07-26T06:00:00.000Z,MCT2408042,15.213889,74.071667,60.5,122.18125,445.375,70.939105625,26.36625,14.033750000000001,5.915,20.976250000000004,12.471874999999999,4.980625,34.032653124999996
2026-07-26T06:10:00.000Z,MCT2408042,15.213889,74.071667,61.25,133.461875,436.5,69.95014624999999,27.108750000000004,13.574375,6.881875,22.913125,13.04,5.496875000000001,34.4046825
2026-07-26T06:20:00.000Z,MCT2408042,15.213889,74.071667,60.9375,160.408125,448.875,70.23577,26.758125,13.1775,6.2562500000000005,21.26125,12.29875,5.8875,34.1479475
2026-07-26T06:26:35.658Z,MCT2408042,15.213889,74.071667,61.27272727272727,205.38090909090909,444,68.99001090909091,26.99909090909091,13.036363636363637,5.708181818181817,19.400909090909092,11.013636363636365,6.088181818181818,33.857330909090905
2026-07-26T05:30:00.000Z,MCT2408033,15.346944,74.007778,28,132.5362,436.8,70.153564,14.828,55.533136,4.242,13.128,9.294,4.39,33.551766
2026-07-26T05:40:00.000Z,MCT2408033,15.346944,74.007778,24.1875,127.948325,427.5,71.15272875000001,11.642499999999998,55.747365625,4.507500000000001,13.461875,9.227500000000001,4.39,33.673361875
2026-07-26T05:50:00.000Z,MCT2408033,15.346944,74.007778,23.5625,127.87490625000001,432.9375,70.36690125,10.949375,56.676395,4.582500000000001,13.623124999999998,9.337499999999999,4.39,33.964949375
2026-07-26T06:00:00.000Z,MCT2408033,15.346944,74.007778,24.1875,126.04486250000002,432.9375,68.57685562500001,11.539999999999997,62.631779375,4.35625,12.885,8.750625,4.39,33.974334375
2026-07-26T06:10:00.000Z,MCT2408033,15.346944,74.007778,23.625,124.591025,419.0625,68.46098250000001,11.00625,60.65324062499999,4.3175,12.916249999999998,8.8225,4.39,34.034663124999994
2026-07-26T06:20:00.000Z,MCT2408033,15.346944,74.007778,24.4375,127.84984374999999,444.6875,66.81684812499999,11.785625000000001,60.076245,4.015000000000001,11.921874999999998,8.053749999999999,4.39,34.41004624999999
2026-07-26T06:26:35.728Z,MCT2408033,15.346944,74.007778,24.363636363636363,135.17292727272726,430.3636363636364,66.99041636363637,11.72272727272727,60.673605454545445,4.131818181818183,12.07272727272727,8.077272727272728,4.39,34.50474090909091
2026-07-26T05:30:00.000Z,MCT2408041,15.224628,74.171389,33,383.8246166666667,493,82.41450999999999,13.903333333333334,9.700000000000001,8.223333333333334,24.435,12.805,8.155,30.722846666666666
2026-07-26T05:40:00.000Z,MCT2408041,15.224628,74.171389,32.6875,377.86752500000006,489.125,82.082315,13.700624999999997,9.7,8.291250000000002,24.3,12.584999999999997,8.046249999999999,31.161678749999997
2026-07-26T05:50:00.000Z,MCT2408041,15.224628,74.171389,32.625,423.48070624999997,478.9375,78.62000125,13.645624999999997,9.7,8.090000000000002,23.085000000000004,11.725,8.173125,31.94595125
2026-07-26T06:00:00.000Z,MCT2408041,15.224628,74.171389,32.4375,447.6029625,480.125,75.33649875,13.525625000000002,9.7,8.090000000000002,22.123125,10.765624999999998,8.375625,32.344123749999994
2026-07-26T06:10:00.000Z,MCT2408041,15.224628,74.171389,32.25,460.633025,475.375,74.06191249999999,13.438125,9.7,8.090000000000002,22.021875,10.665625,8.379999999999999,32.593479375
2026-07-26T06:20:00.000Z,MCT2408041,15.224628,74.171389,32.1875,465.08030625000015,485.5,73.087259375,13.4325,9.7,8.090000000000002,22.680000000000003,11.320624999999998,8.32,33.199448124999996
2026-07-26T06:26:35.728Z,MCT2408041,15.224628,74.171389,32.6,457.28192,482.5,71.394103,13.712,9.700000000000001,8.090000000000002,22.194000000000003,10.835,8.392,33.60861
2026-07-26T05:30:00.000Z,MCT2408024,15.148056,74.131667,38.625,230.60199999999998,365.375,68.16057625,15.9132775,5,5.125,17.74,10.49,2.70375,33.16861375
2026-07-26T05:40:00.000Z,MCT2408024,15.148056,74.131667,38.44,229.11264000000003,498.56,68.8803704,15.8636772,5.410966640000001,5.2796,18.750000000000004,11.230000000000002,2.6788000000000007,33.19783879999999
2026-07-26T05:50:00.000Z,MCT2408024,15.148056,74.131667,38.666666666666664,228.18164166666668,537.9166666666666,68.21525375,15.93108833333334,7.875781458333333,5.125,18.15666666666667,10.906666666666668,2.6370833333333334,33.64766583333333
2026-07-26T06:00:00.000Z,MCT2408024,15.148056,74.131667,38.52,228.53285199999993,480.32,68.0155024,15.734269599999998,6.0730157600000005,5.5196000000000005,19.910000000000004,11.910000000000004,2.6408000000000005,33.8147444
2026-07-26T06:10:00.000Z,MCT2408024,15.148056,74.131667,38.56,227.700424,429.4,69.2835076,15.853646399999997,5.0337662,5.7188,21.110000000000003,12.790000000000004,2.6123999999999996,33.498142
2026-07-26T06:20:00.000Z,MCT2408024,15.148056,74.131667,38.32,226.81290399999997,511.56,68.843446,15.785106,5.270129600000001,5.4,19.430000000000003,11.630000000000004,2.59,33.55434039999999
2026-07-26T06:26:35.728Z,MCT2408024,15.148056,74.131667,38.1875,228.10834375000002,442.3125,68.59354312500001,15.609683124999998,5.07034625,5.436875000000001,19.302500000000002,11.49,2.5993749999999998,33.37641374999999
2026-07-26T05:30:00.000Z,MCT2408045,15.619444,73.878889,30.2,189.51,426.4,70.750182,13.774000000000001,20.1,3.622,14.146,8.256,2.53,34.336842000000004
2026-07-26T05:40:00.000Z,MCT2408045,15.619444,73.878889,30.1875,185.68500000000003,424.625,70.93815375000001,13.799375,19.49,4.3100000000000005,15.8275,8.871875000000001,2.5300000000000002,34.319549375
2026-07-26T05:50:00.000Z,MCT2408045,15.619444,73.878889,30.3125,193.98187500000003,425.9375,70.807023125,13.695625,19.788124999999997,3.459375000000001,13.440625000000002,7.741249999999999,2.5300000000000002,34.237768749999994
2026-07-26T06:00:00.000Z,MCT2408045,15.619444,73.878889,30.125,182.81249999999997,420.875,71.54516687499999,13.549375000000001,20.2575,3.5537500000000013,13.796875000000002,7.987500000000001,2.5300000000000002,33.92406
2026-07-26T06:10:00.000Z,MCT2408045,15.619444,73.878889,30.3125,182.79250000000002,427.1875,73.20312937499999,13.626249999999999,19.9925,3.521875000000001,13.939375000000004,8.165625,2.5300000000000002,33.562758125
2026-07-26T06:20:00.000Z,MCT2408045,15.619444,73.878889,30.0625,182.90875,424.625,75.45809187500001,13.435625,20.234375,4.028125,14.9725,8.51875,2.5300000000000002,32.822726875
2026-07-26T06:26:35.906Z,MCT2408045,15.619444,73.878889,29.1,179.74600000000004,425.9,76.260132,12.792,19.088,4.229000000000001,15.799000000000001,8.991,2.5300000000000002,32.665872
2026-07-26T05:30:00.000Z,MCT2408049,15.475278,74.055833,56.2,150,429,70.00403000000001,23.628000000000004,7.959999999999999,5.978,20.07,11.818,2.61,32.91684
2026-07-26T05:40:00.000Z,MCT2408049,15.475278,74.055833,56.0625,150,430,70.79605562500001,23.723125000000003,8.177499999999998,5.846250000000001,19.870625000000004,11.653750000000002,2.7206249999999996,32.978243125
2026-07-26T05:50:00.000Z,MCT2408049,15.475278,74.055833,55.9375,150,432.75,71.65817625,23.554375,8.275624999999998,6.324375000000002,21.258125,12.325624999999999,2.61,32.66185125
2026-07-26T06:00:00.000Z,MCT2408049,15.475278,74.055833,56.0625,150,437.9375,72.81212187500002,23.655625,7.959999999999997,7.524375000000001,24.65875,14.000625000000003,2.61,32.0036
2026-07-26T06:10:00.000Z,MCT2408049,15.475278,74.055833,56.375,150,436.5625,74.809593125,23.956875,8.046874999999998,8.145000000000001,26.907500000000002,15.248125,2.61,32.15375125
2026-07-26T06:20:00.000Z,MCT2408049,15.475278,74.055833,56.9375,150,432.75,72.023434375,24.377499999999998,9.0725,7.666875000000001,25.279999999999998,14.385625000000001,2.61,33.35429
2026-07-26T06:26:35.928Z,MCT2408049,15.475278,74.055833,56.36363636363637,150,437.3636363636364,68.13690727272727,23.927272727272726,8.402727272727272,5.994545454545454,19.98727272727273,11.43909090909091,2.61,34.12058454545454
2026-07-26T05:30:00.000Z,MCT2408032,15.525556,73.828611,36.875,221.14124999999999,691.875,67.806765,16.35,47.11,7.119999999999999,17.424999999999997,7.4325,3.5237499999999997,34.33228625
2026-07-26T05:40:00.000Z,MCT2408032,15.525556,73.828611,37.16,233.28999999999996,674.48,64.3201296,16.685599999999997,47.55000000000001,7.120000000000002,17.4108,7.418400000000003,3.8944,34.974771200000006
2026-07-26T05:50:00.000Z,MCT2408032,15.525556,73.828611,37.32,243.7776,706.96,64.21240239999999,16.739600000000003,47.12520000000001,7.120000000000002,17.7516,7.757600000000002,4.4596,35.0009404
2026-07-26T06:00:00.000Z,MCT2408032,15.525556,73.828611,36.68,230.62959999999995,722,65.97967360000001,16.192400000000003,47.88040000000001,7.120000000000002,17.7516,7.758400000000003,4.4563999999999995,34.3244032
2026-07-26T06:10:00.000Z,MCT2408032,15.525556,73.828611,36.69230769230769,219.3823076923077,732,67.82612923076923,16.198076923076925,47.08576923076924,7.120000000000003,17.671153846153842,7.677307692307695,3.7773076923076916,33.9281323076923
2026-07-26T06:20:00.000Z,MCT2408032,15.525556,73.828611,36.08,209.81440000000003,726.96,67.613892,15.594800000000003,46.782799999999995,7.120000000000002,17.467599999999997,7.474800000000003,3.1291999999999995,34.0863048
2026-07-26T06:26:35.978Z,MCT2408032,15.525556,73.828611,35.4375,198.07250000000002,697,66.51214875,15.095625,47.27875,7.120000000000002,17.9575,7.963124999999998,2.8075,34.73045375
2026-07-26T05:30:00.000Z,MCT2408022,15.475833,74.038889,31,150,476.4,72.17383,6.33,10.1309226,8.6,28,15.8,4.3469912,33.590378
2026-07-26T05:40:00.000Z,MCT2408022,15.475833,74.038889,30.1875,150,476.1875,72.08732937500001,6.3687499999999995,10.0056471875,7.5625,25.6875,15.0625,4.41045375,33.3328425
2026-07-26T05:50:00.000Z,MCT2408022,15.475833,74.038889,33.75,150,469.4375,73.85639812500001,6.588125,9.988328437499998,9.9375,33,18.875,4.406766625,32.334064999999995
2026-07-26T06:00:00.000Z,MCT2408022,15.475833,74.038889,38.25,150,458.5,77.23621750000001,6.256874999999999,10.236948437499999,12.8125,42.8125,24.375,4.355494187500001,31.250830625
2026-07-26T06:10:00.000Z,MCT2408022,15.475833,74.038889,37.5625,150,463.25,79.337161875,4.989375000000001,10.734311875,12.0625,40.625,23.375,4.211384750000001,31.736813125000005
2026-07-26T06:20:00.000Z,MCT2408022,15.475833,74.038889,34.5625,150,473.1875,75.75420812499999,4.766249999999999,11.002321250000001,10.1875,34.4375,19.9375,4.193704062499999,33.03521875
2026-07-26T06:26:35.978Z,MCT2408022,15.475833,74.038889,30.8,150,481.5,72.417967,4.986,10.823795,8,27,15.7,4.236475100000001,33.832763
2026-07-26T05:30:00.000Z,MCT2408036,15.171567,74.067106,37.5,120,448.8333333333333,74.05142166666667,12.608333333333334,9.005,2.893333333333333,10.553333333333333,6.585000000000001,11.891666666666667,32.30122333333333
2026-07-26T05:40:00.000Z,MCT2408036,15.171567,74.067106,36.86666666666667,120.16118666666667,449.93333333333334,74.130514,12.398666666666665,9.042,3.1220000000000003,11.042666666666669,6.6880000000000015,11.49,32.645136
2026-07-26T05:50:00.000Z,MCT2408036,15.171567,74.067106,37.625,120,454.25,72.57036625,12.896875,9.431249999999999,2.7625,9.84625,6.050000000000001,12.063749999999999,33.01041625
2026-07-26T06:00:00.000Z,MCT2408036,15.171567,74.067106,37.266666666666666,120.06408,447.06666666666666,74.06947733333332,12.656,9.524,3.016,11.18,7.024000000000001,11.759333333333334,32.520728
2026-07-26T06:10:00.000Z,MCT2408036,15.171567,74.067106,37.5,120,451,74.393790625,12.729999999999999,9.445625,2.7287500000000002,9.404374999999998,5.70125,11.845625,32.382329375
2026-07-26T06:20:00.000Z,MCT2408036,15.171567,74.067106,37.625,120,451.5625,73.248428125,13.403125,9.413125000000003,2.8287499999999994,10.353124999999999,6.427499999999998,12.00375,32.111520625
2026-07-26T06:26:35.979Z,MCT2408036,15.171567,74.067106,37.4,120,446.4,71.52456600000001,13.334,9.417,3.1049999999999995,10.284,5.928,11.850999999999999,32.063121
2026-07-26T05:30:00.000Z,MCT2408031,15.290833,74.149167,19.2,143.13822,513,83.550782,6.7744934,11.905856,6.382000000000001,18.174,10.668000000000001,4.122,31.314514000000003
2026-07-26T05:40:00.000Z,MCT2408031,15.290833,74.149167,19.0625,159.3106125,515.25,80.86971687500001,7.4168600625,9.257785125000002,6.399375,17.799374999999994,10.269375,5.315,31.9157875
2026-07-26T05:50:00.000Z,MCT2408031,15.290833,74.149167,20,186.43554375,499.9375,77.65249687500001,8.4309015625,6.1657935625,5.803124999999999,16.521250000000002,9.731875,7.1206249999999995,32.3132875
2026-07-26T06:00:00.000Z,MCT2408031,15.290833,74.149167,20.625,196.5619625,522.25,77.523750625,8.62792925,6,5.503124999999999,15.869375000000002,9.55375,7.52,32.169838125
2026-07-26T06:10:00.000Z,MCT2408031,15.290833,74.149167,19.25,193.33465625000002,516.3125,78.14030062500001,8.4184961875,6,5.980624999999998,16.821875,9.849999999999998,6.404999999999999,32.358868125
2026-07-26T06:20:00.000Z,MCT2408031,15.290833,74.149167,19.1875,184.48167500000002,507.9375,75.75897499999999,8.173168249999998,6,5.861249999999997,16.49625,9.641875,6.026249999999999,33.34490562500001
2026-07-26T06:26:36.157Z,MCT2408031,15.290833,74.149167,19.7,185.98695,520,74.274202,8.4455236,6,5.3790000000000004,15.088,8.857,6.564,34.051555
2026-07-26T05:30:00.000Z,MCT2408035,15.236111,74.125,50.666666666666664,192.08588333333333,574,78.11153166666666,24.127295,68.6853,3.8000000000000003,10.378333333333332,5.096666666666667,3.8299999999999996,32.31552166666667
2026-07-26T05:40:00.000Z,MCT2408035,15.236111,74.125,50.6875,194.15576250000004,577.625,76.22437,24.194918125000004,74.10852812499999,3.799999999999999,10.425624999999998,5.143124999999999,3.8299999999999987,32.729552500000004
2026-07-26T05:50:00.000Z,MCT2408035,15.236111,74.125,53.125,197.29986250000005,578.125,74.594539375,26.116654374999996,83.204859375,3.799999999999999,10.19,4.909999999999998,3.8299999999999987,33.020473125
2026-07-26T06:00:00.000Z,MCT2408035,15.236111,74.125,52.375,200.03168125000002,567.0625,73.55646625,25.602214999999998,88.06566125,3.799999999999999,10.261249999999999,4.979374999999999,3.8299999999999987,33.2108425
2026-07-26T06:10:00.000Z,MCT2408035,15.236111,74.125,53,200.27306000000002,569.0666666666667,71.78116866666667,25.995165333333333,84.73085066666665,3.799999999999999,10.240666666666666,4.959333333333332,3.8299999999999987,33.694766666666666
2026-07-26T06:20:00.000Z,MCT2408035,15.236111,74.125,53.4375,203.07379375,581.4375,70.693535625,26.495072500000006,91.60520562499998,3.799999999999999,10.19,4.909999999999998,3.8299999999999987,33.876465625
2026-07-26T06:26:36.177Z,MCT2408035,15.236111,74.125,55.72727272727273,204.04553636363636,591.7272727272727,70.55334454545455,28.299177272727274,93.85738454545454,3.8,10.19,4.909999999999999,3.8299999999999987,33.878781818181814
2026-07-26T05:30:00.000Z,MCT2408026,15.2467,74.198281,30.444444444444443,125.28615555555555,605.6666666666666,83.47754,13.042814444444442,12.5,6.405555555555556,23.64,14.035555555555554,1.0844444444444448,30.915298888888895
2026-07-26T05:40:00.000Z,MCT2408026,15.2467,74.198281,30.91304347826087,125,606.6086956521739,81.42257869565218,13.241138260869565,12.5,5.919565217391306,20.85695652173913,12.20130434782609,1.7826086956521738,31.271145652173917
2026-07-26T05:50:00.000Z,MCT2408026,15.2467,74.198281,30.68,125,600.84,80.47338840000002,13.192893199999999,12.5,5.8991999999999996,20.968000000000004,12.111199999999997,1.3015999999999994,32.16179399999999
2026-07-26T06:00:00.000Z,MCT2408026,15.2467,74.198281,31,125,604.16,75.51977639999998,13.3959944,12.5,5.4460000000000015,20.000400000000003,11.881999999999998,1.9812,32.896248
2026-07-26T06:10:00.000Z,MCT2408026,15.2467,74.198281,31.2,125,606.4,73.8114016,13.694959200000001,12.5,5.5588000000000015,19.9996,11.6872,3.3279999999999994,33.02838320000001
2026-07-26T06:20:00.000Z,MCT2408026,15.2467,74.198281,31.08,125,619.68,72.7619024,13.4709944,12.5,5.597200000000003,20.503200000000003,12.1884,2.9024,33.3896048
2026-07-26T06:26:36.231Z,MCT2408026,15.2467,74.198281,31.1875,125,620.9375,72.74965812500001,13.591629999999999,12.5,5.673750000000002,20.915,12.716875000000002,2.9299999999999993,33.67738375
2026-07-26T05:30:00.000Z,MCT2408039,15.163611,74.110833,29,402.665,415.1666666666667,76.06685499999999,3.7016666666666667,10.299999999999999,9.019999999999998,28.94,11.76,2.3000000000000003,32.25474666666667
2026-07-26T05:40:00.000Z,MCT2408039,15.163611,74.110833,29,372.84125000000006,431.8125,75.31170312500001,3.7887500000000007,10.3,9.019999999999998,28.94,11.759999999999998,2.3,32.85490312499999
2026-07-26T05:50:00.000Z,MCT2408039,15.163611,74.110833,29,329.468125,435.875,73.68568687499999,3.701250000000001,10.3,9.019999999999998,28.94,11.759999999999998,2.3,33.70955875
2026-07-26T06:00:00.000Z,MCT2408039,15.163611,74.110833,29,383.435,433.8125,72.22084625000001,3.309375000000001,10.3,9.019999999999998,28.94,11.759999999999998,2.3,33.930091874999995
2026-07-26T06:10:00.000Z,MCT2408039,15.163611,74.110833,29,349.441875,436.5,71.805995625,3.2662500000000008,10.3,9.019999999999998,28.94,11.759999999999998,2.3,33.999134999999995
2026-07-26T06:20:00.000Z,MCT2408039,15.163611,74.110833,29,376.478125,442.5625,71.60524749999999,3.2450000000000006,10.3,9.019999999999998,28.94,11.759999999999998,2.3,34.159343125
2026-07-26T06:26:36.231Z,MCT2408039,15.163611,74.110833,29,395.919,449.4,71.858735,3.6300000000000003,10.299999999999999,9.019999999999998,28.940000000000005,11.760000000000002,2.3000000000000003,33.960390000000004
2026-07-26T05:30:00.000Z,MCT2408038,15.188889,74.055556,37,325.158,585,70.480106,16.308,13.330000000000002,7.506,22.066,11.463999999999999,4.862,34.429084
2026-07-26T05:40:00.000Z,MCT2408038,15.188889,74.055556,37.125,403.483125,587.25,69.078009375,16.689375000000002,13.330000000000005,6.010000000000001,17.396250000000002,8.751249999999999,4.8475,34.550140625
2026-07-26T05:50:00.000Z,MCT2408038,15.188889,74.055556,37.5,384.613125,559.125,68.58877625,16.975625000000004,13.330000000000005,6.597500000000001,19.631875,10.011249999999999,4.835624999999999,34.652029375000005
2026-07-26T06:00:00.000Z,MCT2408038,15.188889,74.055556,37.125,383.70125,592.0625,69.83475125,16.565,13.330000000000005,6.087500000000002,18.515624999999996,9.748125,4.795000000000001,34.513943125
2026-07-26T06:10:00.000Z,MCT2408038,15.188889,74.055556,37.0625,322.39812500000005,592.25,70.255799375,16.489375,13.330000000000005,9.051249999999998,26.901875,13.827499999999999,4.79,34.407362500000005
2026-07-26T06:20:00.000Z,MCT2408038,15.188889,74.055556,37.1875,278.465625,588.125,68.75137812499999,16.425625,13.330000000000005,6.735000000000001,19.880625,10.210624999999997,4.865625,33.934113125
2026-07-26T06:26:36.231Z,MCT2408038,15.188889,74.055556,36.9,343.35299999999995,590.5,67.365785,16.235000000000003,13.330000000000002,6.851999999999999,19.583,9.559,4.833,33.892821
2026-07-26T05:40:00.000Z,MCT2408056,15.579167,73.920833,28.571428571428573,264.8988857142857,495.85714285714283,72.13262714285713,8.817142857142859,59.66968857142856,5.898571428571429,20.55857142857143,12.585714285714285,5.920000000000001,33.65564571428571
