time,device_id,latitude,longitude,aqi,co,co2,hum,no2,o3,pm1,pm10,pm25,so2,temp
2026-08-15T18:30:00.000Z,MCT2408028,15.186944,74.096667,42,595.0616,474.28,92.44970919999997,18.4236,12.915600000000001,4.989999999999998,15.748800000000001,8.788799999999998,1.7535999999999998,25.948099999999997
2026-08-15T18:40:00.000Z,MCT2408028,15.186944,74.096667,41.8,595.0408,475.96,92.4405532,18.229599999999998,12.9848,4.989999999999998,15.270400000000004,8.310399999999998,1.7975999999999999,25.9412368
2026-08-15T18:50:00.000Z,MCT2408028,15.186944,74.096667,41.833333333333336,596.2658333333333,484.5,92.51741833333335,18.275,12.690416666666666,4.989999999999998,15.079166666666673,8.118333333333334,1.977916666666667,25.95106749999999
2026-08-15T19:00:00.000Z,MCT2408028,15.186944,74.096667,41.64,591.864,475.84,92.32092200000001,18.1204,12.686000000000002,4.989999999999998,15.191200000000002,8.230799999999997,1.8783999999999998,25.985424400000003
2026-08-15T19:10:00.000Z,MCT2408028,15.186944,74.096667,41.68,590.0172,472.6,92.2550052,18.1952,12.818800000000001,4.989999999999998,14.713200000000004,7.752799999999996,1.8044,25.972124799999992
2026-08-15T19:12:12.116Z,MCT2408028,15.186944,74.096667,42,589.77,470.6666666666667,92.41410333333333,18.44,12.519999999999998,4.990000000000001,15.576666666666666,8.616666666666667,1.7899999999999998,25.957324999999997
2026-08-15T18:30:00.000Z,MCT2408020,15.543475,74.039433,30.25,180,470.875,88.6187975,9.31830075,19.322718749999996,10.086249999999998,30.694999999999997,16.090625000000003,3.6599999999999984,26.881024999999994
2026-08-15T18:40:00.000Z,MCT2408020,15.543475,74.039433,29.4375,180,464.1875,88.60592250000002,9.250806749999999,19.585610624999997,9.624374999999999,28.889999999999997,15.044375000000002,3.6599999999999984,26.874993125000003
2026-08-15T18:50:00.000Z,MCT2408020,15.543475,74.039433,29.1875,180,469.75,88.74945187499998,9.3985388125,19.55843,9.45125,28.483124999999994,14.98625,3.6599999999999984,26.862256249999998
2026-08-15T19:00:00.000Z,MCT2408020,15.543475,74.039433,29.3125,180,469.875,88.640730625,9.1705685,19.471244374999998,9.450624999999999,28.658125000000002,15.044375,3.6599999999999984,26.923926249999994
2026-08-15T19:10:00.000Z,MCT2408020,15.543475,74.039433,29.0625,180,466.3125,88.72084062500001,9.1639363125,19.3650475,9.046874999999998,27.901875,14.98625,3.6599999999999984,26.90783875
2026-08-15T19:12:12.117Z,MCT2408020,15.543475,74.039433,28.333333333333332,180,473.3333333333333,88.73419,9.617840666666666,19.6071,8.659999999999998,27.03,14.56,3.66,26.906500000000005
2026-08-15T18:30:00.000Z,MCT2408055,15.585833,73.885556,26.9,45.82999999999999,800.9,89.719911,8.784,29.257635,11.82,35.06699999999999,19.973999999999997,1.2280000000000002,26.99337
2026-08-15T19:00:00.000Z,MCT2408055,15.585833,73.885556,29,45.83,828,90.01593,8.47,28.177480000000003,12.94,37.5,20.79,1.335,26.745625
2026-08-15T19:10:00.000Z,MCT2408055,15.585833,73.885556,28.4375,45.830000000000005,827.4375,90.12989312499998,8.662500000000001,29.349953749999997,12.808749999999998,37.25312500000001,20.7475,1.4206249999999998,26.724843749999994
2026-08-15T19:12:12.124Z,MCT2408055,15.585833,73.885556,29,45.830000000000005,822.6666666666666,90.09222,8.673333333333334,26.743003333333334,13.056666666666667,37.94,21.13,1.3533333333333333,26.75635
2026-08-15T18:30:00.000Z,MCT2408057,15.272222,74.104722,29.92,331.40240000000006,459.84,84.59814520000002,12.5132,8.8032,4.22,13.161999999999999,7.306799999999999,2.2235999999999994,28.014614799999993
2026-08-15T18:40:00.000Z,MCT2408057,15.272222,74.104722,30,333.2136,459.88,84.73669399999999,12.546399999999998,8.862400000000001,4.1956,13.184799999999997,7.3744,2.2191999999999994,27.993592000000007
2026-08-15T18:50:00.000Z,MCT2408057,15.272222,74.104722,29.92,320.50880000000006,466,85.16119319999999,12.379599999999998,8.834800000000003,4.2904,13.4112,7.4628,2.1312,27.982439199999998
2026-08-15T19:00:00.000Z,MCT2408057,15.272222,74.104722,29.92,329.76560000000006,467,85.566162,12.419999999999998,8.967600000000001,3.6727999999999996,11.8268,6.596799999999999,2.1968,27.942971200000002
2026-08-15T19:10:00.000Z,MCT2408057,15.272222,74.104722,29.88,329.6600000000001,463.16,85.3391116,12.383199999999999,8.946000000000003,3.6719999999999997,11.759600000000002,6.576400000000001,2.156399999999999,28.037779999999998
2026-08-15T19:12:12.119Z,MCT2408057,15.272222,74.104722,30,333.96,464.2,85.412352,12.398,8.908,3.1,9.95,5.642000000000001,2.184,27.996168
2026-08-15T18:30:00.000Z,MCT2408056,15.579167,73.920833,44.75,180,592,89.89099937499998,6.805,10.031690000000001,19.240000000000002,58.118750000000006,32.2175,1.5599999999999998,27.285899375000003
2026-08-15T18:40:00.000Z,MCT2408056,15.579167,73.920833,44.9375,180,595.25,89.7560525,6.738125,9.9835676875,19.4725,59.085,32.8025,1.5599999999999998,27.345558124999997
2026-08-15T18:50:00.000Z,MCT2408056,15.579167,73.920833,47.4375,180,587.375,89.65830375,6.7725,9.65272875,20.699374999999993,63.749999999999986,35.613125000000004,1.560625,27.388458125000003
2026-08-15T19:00:00.000Z,MCT2408056,15.579167,73.920833,47.375,180,590.75,89.66259562500001,6.679374999999999,10.007922249999998,20.525,62.783125000000005,34.970625000000005,1.5606249999999997,27.399183124999993
2026-08-15T19:10:00.000Z,MCT2408056,15.579167,73.920833,46.8125,180,599.125,89.50857499999998,6.873125,9.99603875,20.173749999999995,61.64562499999999,34.26625000000001,1.5793749999999998,27.43538
2026-08-15T19:12:12.119Z,MCT2408056,15.579167,73.920833,47.333333333333336,180,606.6666666666666,89.53273666666666,7.02,9.262910666666667,20.330000000000002,62.84,35.3,1.5599999999999998,27.42488
2026-08-15T18:30:00.000Z,MCT2408053,15.263333,74.110833,46.625,197.000275,761.3125,93.26605250000001,18.64,28.614375000000006,4.590000000000002,15.191875,9.728750000000002,6.0975,26.155738125000003
2026-08-15T18:40:00.000Z,MCT2408053,15.263333,74.110833,49.125,222.87443750000003,791.75,93.17449999999998,20.715625,27.516250000000003,4.590000000000002,13.428125000000003,7.6850000000000005,6.025000000000001,26.124902499999994
2026-08-15T18:50:00.000Z,MCT2408053,15.263333,74.110833,45.1875,182.70833125000001,788.125,93.50876124999999,17.3525,27.654375,5.910625,18.95875,11.703125000000002,6.0218750000000005,26.091389999999993
2026-08-15T19:00:00.000Z,MCT2408053,15.263333,74.110833,47.9375,223.3537375,763.3125,93.54881687499999,19.77125,27.338750000000005,4.590000000000002,14.036250000000003,8.390625,6.046874999999999,26.147698125
2026-08-15T19:10:00.000Z,MCT2408053,15.263333,74.110833,50,229.40949999999995,736.25,93.38907625000002,21.573749999999997,27.351875000000003,4.590000000000002,12.579374999999999,6.698124999999999,5.801875,26.171159999999997
2026-08-15T19:12:12.323Z,MCT2408053,15.263333,74.110833,47.666666666666664,208.68996666666666,741.6666666666666,93.53816666666667,19.3,27.49,4.59,12.316666666666668,6.3933333333333335,6.3500000000000005,26.173616666666664
2026-08-15T18:30:00.000Z,MCT2408021,15.500556,74.053333,49.4375,375,524.6875,89.68071375000001,21.13625,14.33264875,3.0362499999999994,9.89125,6.366874999999998,4.2212499999999995,26.300529999999988
2026-08-15T18:40:00.000Z,MCT2408021,15.500556,74.053333,49.3125,375,522.75,89.63493749999999,21.032500000000002,14.275532499999999,3.0949999999999993,9.838124999999998,6.248124999999998,4.299375,26.333375625000002
2026-08-15T18:50:00.000Z,MCT2408021,15.500556,74.053333,49.46666666666667,375,516.4666666666667,89.47475066666668,21.099333333333337,14.285868,2.9853333333333327,9.421333333333333,5.903333333333332,4.232666666666667,26.399558000000003
2026-08-15T19:00:00.000Z,MCT2408021,15.500556,74.053333,49.0625,375,521.375,89.56293562500001,20.923125000000006,14.29466,2.9481249999999997,9.348125,5.860624999999999,4.18375,26.374935
2026-08-15T19:10:00.000Z,MCT2408021,15.500556,74.053333,49.125,375,528.9375,89.66831562500002,20.9475,14.277813750000002,2.9481249999999997,9.348749999999999,5.860625,4.338125,26.349463750000005
2026-08-15T19:12:12.322Z,MCT2408021,15.500556,74.053333,49.25,375,533.25,89.69167999999999,20.9775,14.152437500000001,2.9775,9.135,5.595,4.0775,26.348792500000002
2026-08-15T18:30:00.000Z,MCT2408052,15.444425,74.063856,18,160,474.125,89.95871062500001,3.726973687500001,8,6.189999999999999,17.890625,8.756874999999999,2,26.800586250000002
2026-08-15T18:40:00.000Z,MCT2408052,15.444425,74.063856,18,160,516.625,90.088409375,3.7064473125000004,8,6.211249999999999,17.846874999999997,8.692499999999999,2,26.743611249999994
2026-08-15T18:50:00.000Z,MCT2408052,15.444425,74.063856,18.5625,160,453.875,90.15421187500002,3.6273246250000004,8,6.627499999999999,19.203750000000003,9.363125,2,26.76908375
2026-08-15T19:00:00.000Z,MCT2408052,15.444425,74.063856,18.8125,160,512,90.22144500000002,3.6954386250000004,8,6.7106249999999985,19.634375,9.688125000000001,2,26.80326937500001
2026-08-15T19:10:00.000Z,MCT2408052,15.444425,74.063856,18.6875,160,479.9375,90.26483875000002,3.685175562500001,8,6.586874999999999,19.160625,9.384999999999998,2,26.809970000000007
2026-08-15T19:12:12.321Z,MCT2408052,15.444425,74.063856,18.25,160,453.75,90.26007,3.6310527500000003,8,6.4425,18.71,9.2325,2,26.80997
2026-08-15T18:30:00.000Z,MCT2408043,15.221111,74.087222,33,197.728125,495,86.78488125000001,14.192499999999999,10.508125,7.282499999999999,25.427500000000002,14.490000000000002,5.290000000000001,26.813325000000006
2026-08-15T18:40:00.000Z,MCT2408043,15.221111,74.087222,33,190.55375,486.6875,87.05047749999999,14.225624999999997,10.525625,6.964999999999999,24.863125,14.570000000000002,5.290000000000001,26.744951249999996
2026-08-15T18:50:00.000Z,MCT2408043,15.221111,74.087222,33,194.12875,501.1875,86.988015,14.169999999999998,10.491875,6.806249999999999,23.255,13.290000000000001,5.290000000000001,26.771094375000004
2026-08-15T19:00:00.000Z,MCT2408043,15.221111,74.087222,33,184.86799999999997,517.4,86.93975866666666,14.193999999999996,10.489333333333333,7.007333333333333,25.061333333333334,14.687333333333335,5.290000000000001,26.81497733333333
2026-08-15T19:10:00.000Z,MCT2408043,15.221111,74.087222,33,177.894375,543.0625,86.97704750000003,14.214374999999995,10.595625000000002,7.044374999999999,24.784375,14.330000000000002,5.290000000000001,26.802599375000007
2026-08-15T19:12:12.323Z,MCT2408043,15.221111,74.087222,33,192.21,546.3333333333334,87.03792333333332,14.256666666666666,10.523333333333333,7.176666666666667,25.75,14.943333333333333,5.29,26.777796666666664
2026-08-15T18:30:00.000Z,MCT2408030,15.142519,74.075003,25,163,463.1333333333333,84.72469066666666,8.883333333333333,6.200000000000002,9.370000000000001,24.639999999999993,12.31,3.969333333333334,26.37667800000001
2026-08-15T18:40:00.000Z,MCT2408030,15.142519,74.075003,25,163,469.6875,84.75737249999999,9.00625,6.200000000000002,9.370000000000001,24.639999999999993,12.31,4.148750000000001,26.368901250000004
2026-08-15T18:50:00.000Z,MCT2408030,15.142519,74.075003,25,163,478.73333333333335,84.78928799999998,9.05,6.200000000000002,9.370000000000001,24.639999999999993,12.31,4.005333333333334,26.360946666666667
2026-08-15T19:00:00.000Z,MCT2408030,15.142519,74.075003,25,163.03684375,477.125,84.81268125,9.006250000000001,6.200000000000002,9.370000000000001,24.639999999999993,12.31,3.8968749999999996,26.346780625000008
2026-08-15T19:10:00.000Z,MCT2408030,15.142519,74.075003,25,163.1508125,474.8125,84.823650625,9.13875,6.200000000000002,9.370000000000001,24.639999999999993,12.31,3.880000000000001,26.34410125
2026-08-15T19:12:12.521Z,MCT2408030,15.142519,74.075003,25,163,476.6666666666667,84.89661,9.143333333333334,6.2,9.37,24.64,12.31,3.9800000000000004,26.33807
2026-08-15T18:30:00.000Z,MCT2408050,15.553611,73.958333,45.93333333333333,86.02999999999999,580.1333333333333,92.22794533333332,11.165333333333336,4.124,20.133333333333333,63.89199999999999,34.53,2.896666666666667,26.518962
2026-08-15T18:40:00.000Z,MCT2408050,15.553611,73.958333,45.8125,86.02999999999999,583,92.30331999999999,11.488750000000001,4.078125,20.359375000000004,63.81687499999999,34.12625,2.76625,26.50095312500001
2026-08-15T18:50:00.000Z,MCT2408050,15.553611,73.958333,45,86.02999999999999,576.4375,92.29759624999998,11.483125000000001,4.035,19.563125000000003,61.776875000000004,33.116875,2.734375000000001,26.529106250000005
2026-08-15T19:00:00.000Z,MCT2408050,15.553611,73.958333,40.5,86.02999999999999,566.9375,92.241328125,11.419374999999999,4.131875,16.538750000000004,52.114375,27.643124999999998,2.720625,26.509668750000007
2026-08-15T19:10:00.000Z,MCT2408050,15.553611,73.958333,34.4375,86.02999999999999,549.3125,92.03342687499998,11.429375000000002,4.140000000000001,12.829374999999999,39.556250000000006,20.6225,2.998125,26.533798124999997
2026-08-15T19:12:12.521Z,MCT2408050,15.553611,73.958333,32.25,86.03,565,92.1254575,11.1675,4.17,11.2425,35.21,18.4975,2.735,26.4935775
2026-08-15T18:30:00.000Z,MCT2408034,15.356389,74.123611,27.875,181.40558750000002,473.25,77.59305000000002,7.087916666666666,5.033333333333332,8.88583333333333,28.602500000000006,15.51,1.4337499999999999,29.88315708333333
2026-08-15T18:40:00.000Z,MCT2408034,15.356389,74.123611,23.958333333333332,183.1648041666667,469.8333333333333,77.50976333333334,7.576249999999998,5.183333333333334,6.417916666666666,21.100416666666664,11.681249999999999,1.5479166666666664,29.80674125
2026-08-15T18:50:00.000Z,MCT2408034,15.356389,74.123611,24,181.61195200000006,471.36,77.85528639999997,6.8004,5.2608,6.525599999999998,21.1572,11.626799999999998,1.4092000000000002,29.739209599999995
2026-08-15T19:00:00.000Z,MCT2408034,15.356389,74.123611,52.875,182.40655833333335,477.7916666666667,77.90712708333336,7.141666666666667,5.0424999999999995,25.71041666666667,78.19083333333334,40.16208333333334,1.1724999999999997,29.74015708333333
2026-08-15T19:10:00.000Z,MCT2408034,15.356389,74.123611,33.76,180,482.2,77.9395144,7.046399999999998,5.234,12.4684,39.3508,20.9664,1.3064000000000002,29.769240000000003
2026-08-15T19:12:12.521Z,MCT2408034,15.356389,74.123611,26.2,180,484.4,78.07593,6.446000000000001,5.272,7.653999999999999,24.196,13.128,1.324,29.755082000000005
2026-08-15T18:30:00.000Z,MCT2408029,15.333611,74.206944,12.9375,351.87218750000005,482.1875,92.82211875000002,5.126875,8.54375,4.59875,14.196875,8.05375,3.6050000000000004,26.28913499999999
2026-08-15T18:40:00.000Z,MCT2408029,15.333611,74.206944,12.8125,351.50259375,485.9375,92.66237687500004,5.125624999999999,8.300625,4.19375,12.93375,7.2075000000000005,3.59125,26.347451875
2026-08-15T18:50:00.000Z,MCT2408029,15.333611,74.206944,13.2,350.3195666666667,491.53333333333336,92.820496,5.415333333333333,8.364666666666666,4.433333333333334,13.564000000000002,7.530666666666668,3.658666666666667,26.264422666666675
2026-08-15T19:00:00.000Z,MCT2408029,15.333611,74.206944,12.5625,346.3835624999999,491.25,92.869325,4.961249999999999,8.025,4.2299999999999995,13.005625000000002,7.207500000000001,3.58375,26.248245625000003
2026-08-15T19:10:00.000Z,MCT2408029,15.333611,74.206944,12.6875,347.1254312500001,491.8125,92.89030375,5.8931249999999995,8.05125,3.8249999999999993,12.175,6.838750000000001,3.5,26.245565
2026-08-15T19:12:12.528Z,MCT2408029,15.333611,74.206944,12,343.86847500000005,487.75,92.96659999999999,4.8549999999999995,7.955,3.8249999999999997,11.850000000000001,6.47,3.5,26.233500000000003
2026-08-15T18:30:00.000Z,MCT2408051,15.486528,74.033889,52,308.019375,868.8125,97.47938500000002,22.069999999999997,5.1899999999999995,4.390624999999999,14.061249999999998,7.741250000000001,4.39,25.567868750000002
2026-08-15T18:40:00.000Z,MCT2408051,15.486528,74.033889,52.125,307.47,864.4375,97.39975375,22.149999999999995,5.1899999999999995,4.352500000000001,13.944999999999999,7.739375000000001,4.39,25.607417500000004
2026-08-15T18:50:00.000Z,MCT2408051,15.486528,74.033889,51.9375,306.8056250000001,863.1875,97.42931750000002,22.029999999999994,5.1899999999999995,4.2749999999999995,13.788749999999999,7.663749999999999,4.39,25.603394375
2026-08-15T19:00:00.000Z,MCT2408051,15.486528,74.033889,51.875,304.28000000000003,870.0625,97.47270999999998,21.99,5.1899999999999995,5.3275,17.052500000000002,9.5675,4.39,25.574572500000002
2026-08-15T19:10:00.000Z,MCT2408051,15.486528,74.033889,52,304.60187499999995,856.9375,97.49464437500004,22.069999999999997,5.1899999999999995,4.975,15.576249999999996,8.5175,4.39,25.618810000000007
2026-08-15T19:12:12.672Z,MCT2408051,15.486528,74.033889,52,305.73,867.5,97.43933,22.07,5.19,4.665,14.1375,7.624999999999999,4.39,25.61948
2026-08-15T18:30:00.000Z,MCT2408049,15.475278,74.055833,56.5625,150,526.1875,87.46390000000001,24.201249999999998,11.79,5.368124999999998,16.613125,8.92125,2.61,26.968835000000006
2026-08-15T18:40:00.000Z,MCT2408049,15.475278,74.055833,56.6875,150,524.9375,87.54496000000002,24.215625,12.199375000000002,5.415625,16.517500000000002,8.824375,2.61,26.958111875000007
2026-08-15T18:50:00.000Z,MCT2408049,15.475278,74.055833,56.9375,151.12473749999998,526.25,87.65654125,24.350625,12.442500000000003,5.654999999999999,16.613750000000003,8.68,2.61,26.982913125
2026-08-15T19:00:00.000Z,MCT2408049,15.475278,74.055833,56.625,150,528.4375,87.53494750000002,24.089375,11.8125,5.368125,16.038125,8.343749999999998,2.61,27.03251749999999
2026-08-15T19:10:00.000Z,MCT2408049,15.475278,74.055833,56.5,150,538.875,87.54114562500001,24.12375,11.698749999999999,5.1775,16.23,8.776250000000001,2.61,27.036539374999993
2026-08-15T19:12:12.722Z,MCT2408049,15.475278,74.055833,57,150,542,87.51349,24.479999999999997,12.9625,5.1775,16.470000000000002,9.0175,2.61,27.0352
2026-08-15T18:30:00.000Z,MCT2408027,15.275556,74.1075,28.75,1152.72125,656.1875,91.06115937499999,6.579999999999999,12.715000000000005,9.985624999999999,31.480625,17.291875,2.9500000000000006,26.639040000000005
2026-08-15T18:40:00.000Z,MCT2408027,15.275556,74.1075,26.875,1160.4825,607,91.08023062499998,6.579999999999999,12.621875000000005,8.630625,27.784375,15.5625,2.9500000000000006,26.59747875
2026-08-15T18:50:00.000Z,MCT2408027,15.275556,74.1075,26.3125,1150.844375,659,91.194195,6.579999999999999,12.736875000000005,8.013125,25.938125000000003,14.698125000000001,2.9500000000000006,26.5646325
2026-08-15T19:00:00.000Z,MCT2408027,15.275556,74.1075,25.4375,1156.5318750000004,645,91.34535249999998,6.579999999999999,12.766250000000005,7.457500000000001,23.965000000000003,13.4625,2.9500000000000006,26.549885624999998
2026-08-15T19:10:00.000Z,MCT2408027,15.275556,74.1075,24.25,1159.4024999999997,658.75,91.42355312499998,6.579999999999999,12.710000000000004,6.718125000000001,21.623749999999998,12.105625,2.9500000000000006,26.577369375000007
2026-08-15T19:12:12.720Z,MCT2408027,15.275556,74.1075,24.333333333333332,1168.22,580,91.44263000000001,6.580000000000001,12.71,6.573333333333333,21.686666666666667,12.19,2.9500000000000006,26.588316666666667
2026-08-15T18:30:00.000Z,MCT2408040,15.528056,74.020833,19.0625,100,467.9375,88.80667312500002,8.13125,4.7925,3.07,8.42,3.7299999999999986,3.5,26.72216000000001
2026-08-15T18:40:00.000Z,MCT2408040,15.528056,74.020833,19.0625,100,473.5625,88.84052375000003,8.07125,4.836250000000001,3.07,8.42,3.7299999999999986,3.5,26.723500000000012
2026-08-15T18:50:00.000Z,MCT2408040,15.528056,74.020833,19,100,465.5,88.86007500000002,8.120000000000001,4.844374999999999,3.07,8.42,3.7299999999999986,3.5,26.72149000000001
2026-08-15T19:00:00.000Z,MCT2408040,15.528056,74.020833,18.9375,100,470.8125,88.90204,7.948750000000001,4.866250000000001,3.07,8.42,3.7299999999999986,3.5,26.716130000000007
2026-08-15T19:10:00.000Z,MCT2408040,15.528056,74.020833,19.0625,100,470.8125,88.91682187500001,8.103750000000002,4.891250000000001,3.07,8.42,3.7299999999999986,3.5,26.72417000000001
2026-08-15T19:12:12.722Z,MCT2408040,15.528056,74.020833,18.333333333333332,100,470.6666666666667,88.90204,7.416666666666667,4.866666666666666,3.07,8.42,3.73,3.5,26.72417
2026-08-15T18:30:00.000Z,MCT2408023,15.499722,74.020833,32.1875,230.02687500000002,450.25,92.005293125,7.3343750000000005,19.455624999999998,8.474375,28.971874999999997,19.303125,5.11625,25.262206875
2026-08-15T18:40:00.000Z,MCT2408023,15.499722,74.020833,31.6875,221.75249999999997,452.5,91.97907000000001,7.390625,20.16,8.315,28.496875000000003,18.85,5.078125,25.31314937499999
2026-08-15T18:50:00.000Z,MCT2408023,15.499722,74.020833,32.733333333333334,223.33866666666665,452.3333333333333,91.93497933333333,7.730666666666666,19.569333333333336,8.616000000000001,29.890666666666668,20.01,5.243333333333331,25.369948000000008
2026-08-15T19:00:00.000Z,MCT2408023,15.499722,74.020833,33.125,223.385,456.375,91.86271937500001,7.395625000000001,19.668125000000003,8.6325,30.47625,20.6625,5.215625,25.418387499999998
2026-08-15T19:10:00.000Z,MCT2408023,15.499722,74.020833,35.375,207.816875,453.375,91.80693249999999,7.728124999999999,19.258124999999996,10.8525,35.7775,23.38125,5.333749999999999,25.440508125000004
2026-08-15T19:12:12.720Z,MCT2408023,15.499722,74.020833,32,226.06,456.5,91.80121,7.615,18.77,8.87,29.447499999999998,19.2125,5.24,25.46397
2026-08-15T18:30:00.000Z,MCT2408044,15.313669,74.140042,25.75,214.29,485.5625,95.09138750000002,10.850000000000001,3.42875,2.9787499999999993,8.59375,5.305624999999999,3.7768429375,25.345325624999994
2026-08-15T18:40:00.000Z,MCT2408044,15.313669,74.140042,25.933333333333334,214.29,491.06666666666666,94.99232999999998,10.866666666666669,3.4706666666666663,2.8699999999999997,7.5,4.320000000000001,3.445213533333333,25.45360266666667
2026-08-15T18:50:00.000Z,MCT2408044,15.313669,74.140042,25.875,214.29,491.125,94.99744687500001,10.889375,3.3931250000000004,2.8699999999999997,7.5,4.32,3.6714743750000003,25.467321875000003
2026-08-15T19:00:00.000Z,MCT2408044,15.313669,74.140042,25.933333333333334,214.29,482.6,95.01368933333335,10.911999999999999,3.3419999999999996,2.8699999999999997,7.5,4.320000000000001,3.754017066666667,25.411418
2026-08-15T19:10:00.000Z,MCT2408044,15.313669,74.140042,25.9375,214.29,476.9375,95.01890250000001,10.8225,3.32,2.8699999999999997,7.5,4.32,3.990945375000001,25.443861249999998
2026-08-15T19:12:12.863Z,MCT2408044,15.313669,74.140042,25.333333333333332,214.29,472.3333333333333,95.01826666666666,10.606666666666667,3.32,2.8699999999999997,7.5,4.32,3.613675333333333,25.408556666666666
2026-08-15T18:30:00.000Z,MCT2408046,15.529167,74.07,29.6,95.52,924.76,91.12677080000002,13.053199999999999,2.0172000000000003,5.387600000000001,15.686000000000005,7.526,3.9231999999999996,26.392979599999993
2026-08-15T18:40:00.000Z,MCT2408046,15.529167,74.07,29.68,95.52,925.24,91.54852279999997,13.0492,1.9779999999999995,5.438000000000001,16.93000000000001,8.660399999999997,3.886,26.290020000000005
2026-08-15T18:50:00.000Z,MCT2408046,15.529167,74.07,29.4,95.52,926.76,91.47436639999998,12.912799999999997,2.0727999999999995,5.3372,16.350800000000003,8.2744,3.9423999999999997,26.318334399999998
2026-08-15T19:00:00.000Z,MCT2408046,15.529167,74.07,29.36,95.52,922.48,91.46185479999997,12.93,2.0744,5.186,16.085199999999997,8.322400000000002,4.0008,26.332920000000005
2026-08-15T19:10:00.000Z,MCT2408046,15.529167,74.07,29.48,95.52,917,91.16613799999999,13,1.9491999999999998,5.387600000000001,17.108000000000008,8.878400000000001,3.9692000000000003,26.420864400000006
2026-08-15T19:12:12.918Z,MCT2408046,15.529167,74.07,29.166666666666668,95.52,919.3333333333334,91.17814166666666,12.905000000000001,2.005,5.06,15.365,7.661666666666666,4.218333333333333,26.366668333333337
2026-08-15T18:30:00.000Z,MCT2408041,15.224628,74.171389,32.5625,439.0570562500001,454.3125,91.00774999999997,13.66375,9.7,8.090000000000002,20.300625,8.950625000000002,8.11375,26.481513749999994
2026-08-15T18:40:00.000Z,MCT2408041,15.224628,74.171389,32.5625,442.482975,454.5,91.02205624999998,13.626249999999999,9.7,8.090000000000002,20.25,8.900000000000002,7.9125,26.438614375000007
2026-08-15T18:50:00.000Z,MCT2408041,15.224628,74.171389,32.75,449.920625,457.875,91.08595374999999,13.741249999999999,9.7,8.090000000000002,20.25,8.900000000000002,7.953125000000001,26.408450625000008
2026-08-15T19:00:00.000Z,MCT2408041,15.224628,74.171389,32.8125,444.690075,461.625,91.0706975,13.665625,9.7,8.090000000000002,20.25,8.900000000000002,7.9,26.455373750000003
2026-08-15T19:10:00.000Z,MCT2408041,15.224628,74.171389,32.6875,446.20180624999995,463.1875,91.0840475,13.721249999999998,9.7,8.090000000000002,20.25,8.900000000000002,7.968124999999999,26.509668125000005
2026-08-15T19:12:12.920Z,MCT2408041,15.224628,74.171389,32.75,444.73545,466.5,91.0459,13.625,9.7,8.09,20.25,8.9,7.9325,26.54184
2026-08-15T18:30:00.000Z,MCT2408037,15.394444,74.118333,25.5625,160,457.1875,86.03147750000001,10.831875,14.366249999999999,4.275,16.713125,9.085624999999999,3.7368750000000004,26.403088125000004
2026-08-15T18:40:00.000Z,MCT2408037,15.394444,74.118333,25.466666666666665,160.09244666666666,452.1333333333333,85.923016,10.802666666666665,14.386666666666667,4.558666666666667,18.317333333333334,10.04,3.611333333333333,26.449608000000005
2026-08-15T18:50:00.000Z,MCT2408037,15.394444,74.118333,25.4375,160.0191125,459.5625,85.954231875,10.81125,14.311875,4.50625,17.581875,9.506875,3.7175,26.430571875000005
2026-08-15T19:00:00.000Z,MCT2408037,15.394444,74.118333,25.3125,160.19703125,461.875,86.157364375,10.685,14.073125000000001,4.3675,17.07,9.225,3.5825,26.358849374999995
2026-08-15T19:10:00.000Z,MCT2408037,15.394444,74.118333,25.6875,160.31115625,464.6875,86.16260937500002,10.89375,14.129375000000001,4.64625,18.245625,10.021875,3.6918750000000005,26.397726875
2026-08-15T19:12:12.920Z,MCT2408037,15.394444,74.118333,26,160.102275,452.5,86.19551,11.04,14.42,5.02,18.195,9.5525,3.685,26.429229999999997
2026-08-15T18:30:00.000Z,MCT2408042,15.213889,74.071667,61.125,265.30249999999995,459.625,89.90244374999997,26.15,13.391875,5.232499999999999,17.156875000000003,9.451249999999998,3.6206250000000004,26.929288749999998
2026-08-15T18:40:00.000Z,MCT2408042,15.213889,74.071667,61,275.44625,457.75,89.89910562499999,26.06375,13.453124999999998,4.8912499999999985,16.3575,9.280624999999999,3.5487499999999996,26.88437812499999
2026-08-15T18:50:00.000Z,MCT2408042,15.213889,74.071667,61.1875,282.97562500000004,460.9375,89.84235749999999,26.186874999999997,13.311875,5.175624999999999,17.0425,9.394375,3.610625,26.87834375
2026-08-15T19:00:00.000Z,MCT2408042,15.213889,74.071667,61.3125,279.63687500000003,463.625,89.83758999999999,26.260624999999997,13.069375000000003,5.346249999999999,17.611874999999998,9.792500000000002,3.531875,26.87097062500001
2026-08-15T19:10:00.000Z,MCT2408042,15.213889,74.071667,61.5,281.26625,466,89.88384562499999,26.377499999999994,13.000000000000002,4.891249999999999,16.244375,9.166874999999997,3.5187499999999994,26.877673124999998
2026-08-15T19:12:12.919Z,MCT2408042,15.213889,74.071667,61.333333333333336,282.9633333333333,467.3333333333333,89.91420666666666,26.266666666666666,12.376666666666665,5.46,17.936666666666664,9.716666666666667,3.516666666666667,26.88862333333333
2026-08-15T18:30:00.000Z,MCT2408033,15.346944,74.007778,19.75,110,498,90.17328750000001,7.905624999999999,4.703125,4.7725,12.62875,7.980000000000002,4.39,26.830751250000002
2026-08-15T18:40:00.000Z,MCT2408033,15.346944,74.007778,21.533333333333335,110.93161333333335,477.4,90.24074466666667,9.414,4.837999999999999,4.927333333333335,13.094666666666667,8.236666666666666,4.39,26.808542000000003
2026-08-15T18:50:00.000Z,MCT2408033,15.346944,74.007778,20.125,110,488.5625,90.158505,8.307500000000001,4.71375,4.9225,13.045,8.199375,4.39,26.868959999999994
2026-08-15T19:00:00.000Z,MCT2408033,15.346944,74.007778,20.1875,110,494.375,90.14372312500001,8.345625000000002,4.757499999999999,4.809375,12.499374999999999,7.7593749999999995,4.39,26.864938749999997
2026-08-15T19:10:00.000Z,MCT2408033,15.346944,74.007778,20,110,521.5625,90.237181875,8.163125,4.69625,4.733750000000001,12.306874999999998,7.650000000000002,4.39,26.821366875
2026-08-15T19:12:13.054Z,MCT2408033,15.346944,74.007778,19.5,110,458.75,90.2772375,7.824999999999999,4.5525,4.395,11.6675,7.355,4.39,26.8207
2026-08-15T18:30:00.000Z,MCT2408022,15.475833,74.038889,29.9375,150,450.125,90.66824437500001,4.095,11.291791875000001,8.1875,25.3125,13.8125,4.231748000000001,26.092728124999994
2026-08-15T18:40:00.000Z,MCT2408022,15.475833,74.038889,29.25,150,451.6875,90.61388187500002,4.326249999999999,11.111571874999997,7.625,24.125,13.375,4.2457875625,26.114177499999997
2026-08-15T18:50:00.000Z,MCT2408022,15.475833,74.038889,30.125,150,459.375,90.61674250000002,3.965625,11.241591875000001,8.25,25.875,14.3125,4.2461009375,26.08937562499999
2026-08-15T19:00:00.000Z,MCT2408022,15.475833,74.038889,31.6875,150,453.625,90.66013562500004,3.765625,11.288591875,9.3125,28.9375,15.625,4.2563791875,26.11685875
2026-08-15T19:10:00.000Z,MCT2408022,15.475833,74.038889,33.875,150,455.4375,90.68350187500002,3.7249999999999996,11.419678124999999,10.75,33.3125,17.9375,4.252811625,26.15574
2026-08-15T19:12:13.121Z,MCT2408022,15.475833,74.038889,32,150,456,90.69495,3.8800000000000003,11.310576666666668,9.666666666666666,29,15.333333333333334,4.254523333333333,26.16647
2026-08-15T18:30:00.000Z,MCT2408032,15.525556,73.828611,36.28,217.53000000000003,525.8,66.50763079999999,15.504800000000007,50.52279999999999,11.847999999999999,39.1416,22.028000000000006,3.502,33.710498799999996
2026-08-15T18:40:00.000Z,MCT2408032,15.525556,73.828611,35.48,224.94600000000008,538.96,65.91314759999999,15.160000000000007,51.69079999999998,9.798,29.8684,15.855599999999999,3.4800000000000004,33.75811800000001
2026-08-15T18:50:00.000Z,MCT2408032,15.525556,73.828611,35.75,215.29833333333332,546.5,65.56149666666666,15.491250000000006,52.19541666666666,8.544166666666667,27.320416666666663,15.158749999999998,3.4250000000000007,33.78709333333334
2026-08-15T19:00:00.000Z,MCT2408032,15.525556,73.828611,35.88,194.12240000000006,546.28,65.36840839999999,15.534000000000002,51.58519999999998,9.0572,27.7052,14.836400000000003,3.2784000000000004,33.9237104
2026-08-15T19:10:00.000Z,MCT2408032,15.525556,73.828611,35.2,180.3648,539.32,65.6601568,15.017200000000003,50.555200000000006,7.120000000000002,22.242399999999993,12.233600000000003,3.2064000000000004,33.91856280000001
2026-08-15T19:12:13.121Z,MCT2408032,15.525556,73.828611,35.166666666666664,178.93000000000004,543,66.39278166666666,15.163333333333334,51.50666666666667,7.831666666666666,25.363333333333333,14.156666666666666,3.2549999999999994,33.770559999999996
2026-08-15T18:30:00.000Z,MCT2408024,15.148056,74.131667,40.625,217.5034291666667,575.125,81.00942874999998,17.623954166666667,5.739839083333336,5,14.990000000000004,7.990000000000002,2.5087499999999996,27.675128333333333
2026-08-15T18:40:00.000Z,MCT2408024,15.148056,74.131667,40.72,217.32675199999997,602.04,81.04467559999998,17.6177808,5.887446120000002,5,14.990000000000004,7.990000000000002,2.5032,27.649958799999993
2026-08-15T18:50:00.000Z,MCT2408024,15.148056,74.131667,40.625,217.78310416666667,582.4583333333334,81.10988666666668,17.572425000000003,6.012506250000002,5,15.156666666666672,8.156666666666668,2.507916666666667,27.614350000000012
2026-08-15T19:00:00.000Z,MCT2408024,15.148056,74.131667,40.6,217.778964,584.52,81.17285000000003,17.640728399999997,6.118326360000002,5,14.990000000000004,7.990000000000002,2.4968,27.61477920000001
2026-08-15T19:10:00.000Z,MCT2408024,15.148056,74.131667,40.68,217.29584400000005,575.96,81.05749359999999,17.6015948,5.887446120000002,5,14.990000000000004,7.990000000000002,2.5212,27.629795200000007
2026-08-15T19:12:13.119Z,MCT2408024,15.148056,74.131667,41.2,216.2633,528.4,81.08496199999999,17.917172,5.772006,5,14.99,7.99,2.508,27.61435
2026-08-15T18:30:00.000Z,MCT2408045,15.619444,73.878889,27.875,178.11999999999995,580.8125,86.49687250000002,11.544374999999999,17.274375000000003,8.115,27.592499999999998,14.278124999999996,2.5300000000000002,27.223556249999994
2026-08-15T18:40:00.000Z,MCT2408045,15.619444,73.878889,27.5625,178.11999999999995,571.75,86.58651562500002,11.282499999999999,17.3025,8.210625,27.913749999999997,14.490624999999994,2.5300000000000002,27.184006875
2026-08-15T18:50:00.000Z,MCT2408045,15.619444,73.878889,27.6875,178.11999999999995,574.1875,86.60368249999998,11.424375,17.304375000000004,8.084375,27.698749999999997,14.420625000000001,2.5300000000000002,27.149821249999995
2026-08-15T19:00:00.000Z,MCT2408045,15.619444,73.878889,27.625,178.11999999999995,577.625,86.65852062499998,11.314999999999998,17.122500000000002,8.746875000000001,29.8025,15.549375000000001,2.5300000000000002,27.099547500000003
2026-08-15T19:10:00.000Z,MCT2408045,15.619444,73.878889,27.625,178.11999999999995,579.0625,86.60797437499997,11.3925,17.299375,9.216875000000002,31.726249999999997,16.680000000000003,2.5300000000000002,27.091504375
2026-08-15T19:12:13.121Z,MCT2408045,15.619444,73.878889,27.666666666666668,178.12,572.6666666666666,86.61322,11.263333333333334,16.61,10.07,34.41,17.71666666666667,2.53,27.070946666666668
2026-08-15T18:30:00.000Z,MCT2408036,15.171567,74.067106,36.3125,120,523.75,88.159126875,10.629999999999999,7.863749999999999,2.6962500000000005,8.8975,5.225,11.12125,26.971518750000005
2026-08-15T18:40:00.000Z,MCT2408036,15.171567,74.067106,36.0625,120,524.625,89.56532062500003,10.218124999999999,7.576249999999999,3.8475,12.15875,6.9025,11.016250000000001,26.542514375000003
2026-08-15T18:50:00.000Z,MCT2408036,15.171567,74.067106,36.625,120,534.375,91.20802374999998,9.758749999999997,7.599374999999999,5.394375000000001,15.924999999999997,8.516874999999999,11.358749999999999,26.111498125
2026-08-15T19:00:00.000Z,MCT2408036,15.171567,74.067106,36.75,120,527.6875,91.52654999999997,9.942499999999999,7.55375,5.689375,17.256249999999998,9.404375,11.45,26.045136250000002
2026-08-15T19:10:00.000Z,MCT2408036,15.171567,74.067106,36.6,120,535.8666666666667,91.54842066666666,10.22,7.456666666666666,4.349333333333333,13.475333333333333,7.498,11.357333333333333,26.067078666666664
2026-08-15T19:12:13.246Z,MCT2408036,15.171567,74.067106,37,120,528.5,91.8221875,10.2425,7.5425,3.1574999999999998,10.260000000000002,5.952499999999999,11.74,25.981457499999998
2026-08-15T18:30:00.000Z,MCT2408031,15.290833,74.149167,18.1875,159.963575,468.5,87.65081874999998,7.496964687500001,6.3987155,4.583125,12.525,7.262499999999999,4.734375,26.228134999999995
2026-08-15T18:40:00.000Z,MCT2408031,15.290833,74.149167,18.2,177.73882,463.06666666666666,87.65794133333331,7.5319536,6.015231533333333,4.73,12.491333333333332,6.985333333333333,4.696666666666666,26.202216666666676
2026-08-15T18:50:00.000Z,MCT2408031,15.290833,74.149167,18.0625,170.87504375000006,461.5,87.64795874999997,7.532332125000001,6.355876812500001,4.494374999999999,11.955625,6.755624999999999,4.847499999999999,26.19261000000001
2026-08-15T19:00:00.000Z,MCT2408031,15.290833,74.149167,18.125,172.63642499999997,464.5,87.61266999999998,7.4660842500000015,6.415901249999999,4.14,11.248750000000001,6.429374999999999,5.045624999999999,26.210038125000004
2026-08-15T19:10:00.000Z,MCT2408031,15.290833,74.149167,18,170.17902499999997,458.375,87.69563937500001,7.27908575,8.0551089375,4.2875,11.737499999999997,6.756875,4.8081249999999995,26.178533124999994
2026-08-15T19:12:13.316Z,MCT2408031,15.290833,74.149167,17.75,160.6945,450.5,87.70422,7.1516045,8.385045999999999,5.12,13.695,7.619999999999999,5.380000000000001,26.1852375
2026-08-15T18:30:00.000Z,MCT2408039,15.163611,74.110833,29,340.15,475.8666666666667,86.06492199999998,11.40333333333333,10.3,9.019999999999998,28.94,11.759999999999998,2.3,26.62835733333333
2026-08-15T18:40:00.000Z,MCT2408039,15.163611,74.110833,29,340.6925,471.1875,86.25273124999998,10.354999999999999,10.3,9.019999999999998,28.94,11.759999999999998,2.3,26.572677500000005
2026-08-15T18:50:00.000Z,MCT2408039,15.163611,74.110833,29,347.36812499999996,482.8125,86.402936875,11.209374999999998,10.3,9.019999999999998,28.94,11.759999999999998,2.3,26.593456874999998
2026-08-15T19:00:00.000Z,MCT2408039,15.163611,74.110833,29,351.74812499999996,485.6875,86.30852312500001,10.181875,10.3,9.019999999999998,28.94,11.759999999999998,2.3,26.634345
2026-08-15T19:10:00.000Z,MCT2408039,15.163611,74.110833,29,339.3918750000001,489.5625,86.3047075,9.939374999999998,10.3,9.019999999999998,28.94,11.759999999999998,2.3,26.655798125000004
2026-08-15T19:12:13.317Z,MCT2408039,15.163611,74.110833,29,347.96000000000004,490,86.199325,9.455,10.3,9.02,28.94,11.76,2.3,26.705402499999998
2026-08-15T18:30:00.000Z,MCT2408038,15.188889,74.055556,23.25,341.97187499999995,618.9375,89.89099812500001,9.865625,13.330000000000005,5.950000000000002,16.900000000000002,7.939999999999999,4.789375000000001,26.851530625000002
2026-08-15T18:40:00.000Z,MCT2408038,15.188889,74.055556,23.1875,330.17499999999995,620.75,90.01116124999999,9.890625,13.330000000000005,5.950000000000002,16.900000000000002,7.939999999999999,4.76,26.887058749999994
2026-08-15T18:50:00.000Z,MCT2408038,15.188889,74.055556,23.133333333333333,384.72533333333337,615.1333333333333,90.13850866666667,9.66,13.330000000000005,5.950000000000002,16.900000000000002,7.939999999999999,4.8166666666666655,26.92437333333334
2026-08-15T19:00:00.000Z,MCT2408038,15.188889,74.055556,23.25,367.57749999999993,623.375,89.99590437500001,9.79875,13.330000000000005,5.950000000000002,16.900000000000002,7.939999999999999,4.7325,26.980901874999994
2026-08-15T19:10:00.000Z,MCT2408038,15.188889,74.055556,23.125,397.7118750000001,623.375,89.81661250000002,9.835625,13.330000000000005,5.950000000000002,16.900000000000002,7.939999999999999,4.781249999999999,26.97084687500001
2026-08-15T19:12:13.318Z,MCT2408038,15.188889,74.055556,23,347.1475,612,89.88623000000001,9.645,13.33,5.95,16.9,7.94,4.76,26.944035
2026-08-15T18:30:00.000Z,MCT2408035,15.236111,74.125,47.75,190,679.0625,91.05161875,19.54985,9.875,3.799999999999999,10.19,4.909999999999998,3.8299999999999987,26.628312499999996
2026-08-15T18:40:00.000Z,MCT2408035,15.236111,74.125,47.875,190,675.0625,90.96484000000002,19.675989375,9.9975,3.799999999999999,10.19,4.909999999999998,3.8299999999999987,26.66182875
2026-08-15T18:50:00.000Z,MCT2408035,15.236111,74.125,47.3125,190,677.125,91.22757375000003,19.16155,9.683750000000002,3.799999999999999,10.19,4.909999999999998,3.8299999999999987,26.596136875000003
2026-08-15T19:00:00.000Z,MCT2408035,15.236111,74.125,48.5625,190,676.9375,91.129821875,20.180546874999997,10.045625,3.799999999999999,10.19,4.909999999999998,3.8299999999999987,26.66316812499999
2026-08-15T19:10:00.000Z,MCT2408035,15.236111,74.125,45.625,190,678.8125,91.05448125000001,17.910038125,9.803125000000001,3.799999999999999,10.19,4.909999999999998,3.8299999999999987,26.752995
2026-08-15T19:12:13.316Z,MCT2408035,15.236111,74.125,47.75,190,687,91.04589999999999,19.5103225,9.7675,3.8,10.19,4.91,3.83,26.780479999999997
2026-08-15T18:30:00.000Z,MCT2408026,15.2467,74.198281,32.416666666666664,125,494.5833333333333,85.59882749999997,13.434941666666667,12.5,7.838333333333334,25.911666666666665,14.463749999999997,2.0624999999999996,28.118429999999993
2026-08-15T18:40:00.000Z,MCT2408026,15.2467,74.198281,32.416666666666664,125,492.5416666666667,85.88175291666668,13.466434166666666,12.5,5.043750000000002,16.80291666666667,9.40125,2.052916666666666,27.982136666666666
2026-08-15T18:50:00.000Z,MCT2408026,15.2467,74.198281,32.375,125,491.7083333333333,85.90686666666669,13.424915416666666,12.5,4.76916666666667,15.554166666666665,8.677500000000002,2.098333333333333,27.966494999999995
2026-08-15T19:00:00.000Z,MCT2408026,15.2467,74.198281,32.25,125,490.125,85.78002708333334,13.365362500000003,12.5,4.730000000000003,15.032499999999997,8.23375,2.1075,27.98660500000001
2026-08-15T19:10:00.000Z,MCT2408026,15.2467,74.198281,32.291666666666664,125,488.5833333333333,86.10777291666666,13.420340416666669,12.5,5.043333333333336,16.602916666666665,9.15916666666667,2.106666666666667,27.91868041666667
2026-08-15T19:12:13.437Z,MCT2408026,15.2467,74.198281,32.166666666666664,125,487,85.93038999999999,13.244238333333335,12.5,5.831666666666667,19.02,10.606666666666667,2.0416666666666665,27.986158333333336
2026-08-15T19:20:00.000Z,MCT2408028,15.186944,74.096667,41.96,589.5196000000001,476,92.4109504,18.3852,12.613999999999999,4.989999999999998,14.674400000000006,7.713599999999999,1.922,25.9682636
2026-08-15T19:30:00.000Z,MCT2408028,15.186944,74.096667,41.8,584.8912000000001,470.52,92.30413800000001,18.2428,12.749600000000003,4.989999999999998,14.2372,7.275599999999997,1.9552,25.975986000000002
2026-08-15T19:40:00.000Z,MCT2408028,15.186944,74.096667,41.68,582.4852,479.36,92.48297000000001,18.2016,12.609999999999998,4.989999999999998,15.3496,8.389199999999997,1.9264,25.95067399999999
2026-08-15T19:50:00.000Z,MCT2408028,15.186944,74.096667,41.625,581.0462499999999,480.9583333333333,92.21891750000002,18.175416666666667,12.649583333333332,4.989999999999998,14.00291666666667,7.040833333333334,1.8116666666666668,25.999778333333325
2026-08-15T20:00:00.000Z,MCT2408028,15.186944,74.096667,41.96,580.7711999999999,471.24,92.26355039999997,18.3784,12.5788,4.989999999999998,13.760400000000002,6.799199999999998,1.9736000000000005,26.003442000000003
2026-08-15T20:04:38.478Z,MCT2408028,15.186944,74.096667,42,577.7675,468.25,92.27677333333332,18.426666666666666,12.658333333333331,4.990000000000001,14.497499999999995,7.537499999999999,1.9766666666666666,26.001118333333338
2026-08-15T19:20:00.000Z,MCT2408020,15.543475,74.039433,28,180,467.875,88.75135749999998,9.480988062499998,19.706956875,8.291875,25.863750000000007,13.998124999999998,3.6599999999999984,26.905828124999996
2026-08-15T19:30:00.000Z,MCT2408020,15.543475,74.039433,29.0625,180,465.5625,88.84720249999997,9.28123725,19.513575624999998,9.392499999999998,28.076249999999998,14.52125,3.6599999999999984,26.886388125000003
2026-08-15T19:40:00.000Z,MCT2408020,15.543475,74.039433,29.5,180,464.1875,88.92444937499998,9.511418562500001,19.387178125,9.681874999999998,29.123749999999998,15.160625000000001,3.6599999999999984,26.868960625
2026-08-15T19:50:00.000Z,MCT2408020,15.543475,74.039433,28.25,180,470.6875,88.826698125,9.372529625,19.392229375,8.582499999999998,26.445625,14.230625000000002,3.6599999999999984,26.888399375
2026-08-15T20:00:00.000Z,MCT2408020,15.543475,74.039433,26.1875,180,470.875,88.80571875,9.4400235,19.392229375,6.955625,22.2525,12.370625000000002,3.6599999999999984,26.84013625
2026-08-15T20:04:38.478Z,MCT2408020,15.543475,74.039433,26.857142857142858,180,469.14285714285717,88.73745999999998,9.444147714285714,19.484315714285714,7.420000000000001,23.56714285714286,13.01,3.66,26.81456857142857
2026-08-15T19:20:00.000Z,MCT2408056,15.579167,73.920833,46.625,180,595.125,89.551491875,6.958124999999998,10.473004375,20.116249999999997,61.2475,34.03187500000001,1.5762499999999997,27.411919375000004
2026-08-15T19:30:00.000Z,MCT2408056,15.579167,73.920833,46.4375,180,596.5,89.51954312499998,6.81125,10.276995,19.648124999999997,59.76875000000001,33.1525,1.5756249999999998,27.430016874999996
2026-08-15T19:40:00.000Z,MCT2408056,15.579167,73.920833,46,180,594.2,89.67718533333336,6.730666666666666,11.370735066666668,19.208000000000006,58.77466666666667,32.92600000000001,1.5799999999999998,27.35480933333333
2026-08-15T19:50:00.000Z,MCT2408056,15.579167,73.920833,44.3125,180,596.3125,89.82424124999999,6.876875,10.40052775,17.888125000000002,55.84,31.807500000000005,1.583125,27.320756874999994
2026-08-15T20:00:00.000Z,MCT2408056,15.579167,73.920833,42.9375,180,608.25,89.98827374999998,6.96125,10.352405812499997,16.654999999999994,52.423125,30.168125000000003,1.5618749999999997,27.310030000000005
2026-08-15T20:04:38.501Z,MCT2408056,15.579167,73.920833,41.875,180,605.625,90.22192125,6.81625,9.44424875,15.12875,49.4075,29.17,1.58875,27.2389775
2026-08-15T19:20:00.000Z,MCT2408057,15.272222,74.104722,30,332.1012,465.28,85.44958479999997,12.439599999999999,8.895600000000004,3.291999999999999,10.809200000000002,6.130799999999999,2.1788000000000003,28.030488399999996
2026-08-15T19:30:00.000Z,MCT2408057,15.272222,74.104722,30,334.0212,464.12,85.35009839999996,12.497599999999998,8.924000000000001,3.339999999999999,10.788000000000002,6.021200000000001,2.1244,28.048935199999995
2026-08-15T19:40:00.000Z,MCT2408057,15.272222,74.104722,29.92,330.6508000000001,457.04,84.61981239999999,12.402399999999998,8.986800000000002,3.5768,11.375600000000002,6.331999999999999,2.1395999999999997,28.292179600000004
2026-08-15T19:50:00.000Z,MCT2408057,15.272222,74.104722,29.92,327.37360000000007,460.04,83.16290199999999,12.4048,8.890000000000002,3.5536000000000008,11.444000000000003,6.443199999999999,2.0079999999999996,28.784247199999996
2026-08-15T20:00:00.000Z,MCT2408057,15.272222,74.104722,29.958333333333332,334.42541666666665,464.6666666666667,82.67009458333337,12.432500000000003,8.935833333333335,3.4541666666666657,11.284583333333336,6.342083333333334,2.1875,28.923712499999997
2026-08-15T20:04:38.502Z,MCT2408057,15.272222,74.104722,30,331.63,462.25,81.8238675,12.511666666666668,8.8775,3.9741666666666675,12.390833333333335,6.780833333333334,2.0033333333333334,29.175749999999997
2026-08-15T19:20:00.000Z,MCT2408055,15.585833,73.885556,30.25,45.830000000000005,823.5,90.09126687499999,8.66375,29.7662225,13.99,40.748749999999994,22.621250000000007,1.3925,26.763049999999996
2026-08-15T19:30:00.000Z,MCT2408055,15.585833,73.885556,29.933333333333334,45.830000000000005,814.6666666666666,90.15987199999998,8.592666666666668,28.015269333333325,13.896666666666668,40.351333333333336,22.218666666666667,1.3993333333333335,26.762066666666666
2026-08-15T19:40:00.000Z,MCT2408055,15.585833,73.885556,28.8125,45.830000000000005,811.1875,90.193310625,8.685625,29.268846249999996,12.983749999999997,37.994375,21.257499999999997,1.473125,26.759028750000002
2026-08-15T19:50:00.000Z,MCT2408055,15.585833,73.885556,27.875,45.830000000000005,807.9375,90.22955312499998,8.648125,28.532921249999998,11.715000000000002,34.8275,19.64,1.228125,26.777797500000005
2026-08-15T20:00:00.000Z,MCT2408055,15.585833,73.885556,28.2,45.830000000000005,813.8666666666667,90.13240466666664,8.661333333333335,27.100510666666665,12.123333333333335,35.30733333333333,19.724666666666664,1.3106666666666666,26.907928000000002
2026-08-15T20:04:38.518Z,MCT2408055,15.585833,73.885556,26.375,45.82999999999999,809,90.29726375,8.70625,27.9341625,10.489999999999998,31.824999999999996,18.23375,1.5299999999999998,26.835446249999997
2026-08-15T19:20:00.000Z,MCT2408052,15.444425,74.063856,18.5,160,497.9375,90.27389937500003,3.7174562500000006,8,6.545624999999999,19.095625000000002,9.4275,2,26.809970000000007
2026-08-15T19:30:00.000Z,MCT2408052,15.444425,74.063856,18.5,160,493.6875,90.26722312500002,3.6984212500000004,8,6.503124999999999,18.815625,9.167499999999997,2,26.809970000000007
2026-08-15T19:40:00.000Z,MCT2408052,15.444425,74.063856,18.6875,160,508.0625,90.09746875000002,3.6543860625000004,8,6.586874999999999,19.09625,9.319999999999999,2,26.864266875
2026-08-15T19:50:00.000Z,MCT2408052,15.444425,74.063856,18.3125,160,533.75,90.09556250000001,3.8150438750000006,8.15835975,6.48375,18.60125,9.036874999999998,2,26.868290000000002
2026-08-15T20:00:00.000Z,MCT2408052,15.444425,74.063856,18.9375,160,513.875,90.20618937500002,3.9089036875000005,8.3637923125,6.4624999999999995,18.6875,9.144999999999998,2,26.846839375
2026-08-15T20:04:38.694Z,MCT2408052,15.444425,74.063856,18.571428571428573,160,560.8571428571429,90.20884714285715,3.673283,8,6.262857142857143,18.130000000000003,8.922857142857143,2,26.82376428571428
2026-08-15T19:20:00.000Z,MCT2408053,15.263333,74.110833,47.875,203.17919375000002,752.8125,93.60508375000002,19.7125,27.187500000000004,4.590000000000002,12.8825,7.051875,6.168125,26.171829375
2026-08-15T19:30:00.000Z,MCT2408053,15.263333,74.110833,49.5625,234.2525375,769.75,93.24650249999998,21.089374999999997,26.858750000000004,4.590000000000002,13.248125,7.473749999999999,6.094375000000002,26.253608124999996
2026-08-15T19:40:00.000Z,MCT2408053,15.263333,74.110833,48.25,225.39906875,761.6875,93.49445812500002,19.914375000000003,26.707500000000003,4.590000000000002,12.64,6.7700000000000005,6.011875,26.177863124999995
2026-08-15T19:50:00.000Z,MCT2408053,15.263333,74.110833,49.0625,241.22184375,768.875,93.4634625,20.7025,27.416875,4.590000000000002,13.186874999999997,7.40375,6.001249999999999,26.19193875
2026-08-15T20:00:00.000Z,MCT2408053,15.263333,74.110833,50.4,244.2372333333333,776.8,93.36319933333334,21.716666666666665,28.07133333333333,4.590000000000002,12.446666666666665,6.543333333333334,6.205333333333334,26.202218000000002
2026-08-15T20:04:38.693Z,MCT2408053,15.263333,74.110833,50.875,235.49548750000002,733.625,93.16877499999998,22.205000000000002,28.173750000000002,4.59,13.005,7.192499999999999,6.07,26.2616525
2026-08-15T19:20:00.000Z,MCT2408021,15.500556,74.053333,49.125,375,537.125,89.74174750000002,20.91,14.262108750000001,2.9481249999999997,9.2675,5.771875,4.173125,26.348792500000002
2026-08-15T19:30:00.000Z,MCT2408021,15.500556,74.053333,49.375,375,536.5,89.70598687499998,21.06,14.180425000000001,3.0362499999999994,9.619375000000002,6.06875,4.22125,26.395715625
2026-08-15T19:40:00.000Z,MCT2408021,15.500556,74.053333,49.1875,375,531.8125,89.47758,20.884999999999998,14.266671875,3.0949999999999993,9.8925,6.3081249999999995,4.23375,26.465426875
2026-08-15T19:50:00.000Z,MCT2408021,15.500556,74.053333,49.25,375,535.6875,89.57723999999999,21.071875,14.263248750000002,3.0068749999999995,9.755624999999998,6.247499999999999,4.289375,26.42453875
2026-08-15T20:00:00.000Z,MCT2408021,15.500556,74.053333,49.25,375,537.125,89.71933687500001,21.028125000000003,14.260967500000001,3.1243749999999992,10.081875,6.48625,4.26875,26.363539375000002
2026-08-15T20:04:38.716Z,MCT2408021,15.500556,74.053333,49.142857142857146,375,520.4285714285714,89.76307142857142,21.05142857142857,14.28233857142857,3.1285714285714286,9.62857142857143,5.984285714285714,4.25,26.31815142857143
2026-08-15T19:20:00.000Z,MCT2408043,15.221111,74.087222,33,191.22500000000002,546.125,87.07050749999999,14.219374999999994,10.490000000000002,7.044374999999999,24.380625,14.090000000000002,5.290000000000001,26.76170999999999
2026-08-15T19:30:00.000Z,MCT2408043,15.221111,74.087222,33,186.788,545.8,87.19254600000001,14.222666666666665,10.533999999999999,7.007333333333332,24.033333333333335,13.663333333333334,5.290000000000001,26.71916933333334
2026-08-15T19:40:00.000Z,MCT2408043,15.221111,74.087222,33,196.013125,541.5625,87.19782375,14.214374999999997,10.538125,7.441249999999998,25.749375,14.490000000000002,5.290000000000001,26.72953437500001
2026-08-15T19:50:00.000Z,MCT2408043,15.221111,74.087222,33,197.75750000000005,537.625,87.304635,14.186874999999995,10.560625000000002,8.7875,30.255,17.4525,5.290000000000001,26.698696249999994
2026-08-15T20:00:00.000Z,MCT2408043,15.221111,74.087222,33,197.73,540,87.40000124999999,14.234999999999996,10.578750000000003,7.043749999999999,25.023750000000003,14.650000000000002,5.290000000000001,26.697355624999997
2026-08-15T20:04:38.716Z,MCT2408043,15.221111,74.087222,33,197.82571428571427,542.2857142857143,87.48841999999999,14.195714285714287,10.637142857142859,6.692857142857142,22.99142857142857,13.175714285714287,5.29,26.688925714285716
2026-08-15T19:20:00.000Z,MCT2408051,15.486528,74.033889,51.9375,303.9400000000001,869.9375,97.49702874999998,22.029999999999994,5.1899999999999995,4.6656249999999995,14.644374999999997,8.128750000000002,4.39,25.5993725
2026-08-15T19:30:00.000Z,MCT2408051,15.486528,74.033889,52,301.85187499999995,869.375,97.64103312499999,22.069999999999997,5.1899999999999995,4.781874999999999,15.304374999999999,8.595625,4.39,25.522956875
2026-08-15T19:40:00.000Z,MCT2408051,15.486528,74.033889,51.875,301.87437500000004,874.875,97.75881312499999,21.989999999999995,5.1899999999999995,4.7437499999999995,15.033749999999998,8.400000000000002,4.39,25.478716875000003
2026-08-15T19:50:00.000Z,MCT2408051,15.486528,74.033889,52,300.1081249999999,863.375,97.899001875,22.069999999999997,5.1899999999999995,4.9387500000000015,15.848749999999999,8.943125000000002,4.39,25.431795
2026-08-15T20:00:00.000Z,MCT2408051,15.486528,74.033889,52.125,299.914375,865.4375,97.96337562500001,22.15,5.1899999999999995,5.172499999999999,16.43125,9.138750000000002,4.39,25.413025624999992
2026-08-15T20:04:38.725Z,MCT2408051,15.486528,74.033889,52,295.43142857142857,868.8571428571429,97.95485999999998,22.069999999999997,5.19,5.5114285714285725,17.669999999999998,9.954285714285714,4.39,25.41570857142857
2026-08-15T19:20:00.000Z,MCT2408050,15.553611,73.958333,31.25,86.02999999999999,535.625,92.14977624999999,11.363125000000002,4.118125,10.605000000000002,33.544375,17.860000000000003,2.809375,26.482854375
2026-08-15T19:30:00.000Z,MCT2408050,15.553611,73.958333,30.8125,86.02999999999999,544.375,92.24085312499999,11.308750000000002,4.074999999999999,10.4975,32.5775,17.11625,2.886875,26.470788125000002
2026-08-15T19:40:00.000Z,MCT2408050,15.553611,73.958333,32.6875,86.02999999999999,553.9375,92.4592425,11.42625,4.1312500000000005,11.71875,36.229375,18.975625,2.876875,26.439282500000008
2026-08-15T19:50:00.000Z,MCT2408050,15.553611,73.958333,33.9375,86.02999999999999,554.0625,92.48642374999999,11.513750000000002,4.114375,12.141249999999998,38.644999999999996,20.675625000000004,2.919375,26.447998125
2026-08-15T20:00:00.000Z,MCT2408050,15.553611,73.958333,35.6875,86.02999999999999,570.5,92.57511687499999,11.133750000000003,4.086875,13.410624999999998,41.971875,22.163125000000004,2.8206249999999997,26.45135062500001
2026-08-15T20:04:38.906Z,MCT2408050,15.553611,73.958333,35.857142857142854,86.02999999999999,524.7142857142857,92.66441857142857,11.64857142857143,4.064285714285714,12.964285714285714,41.58857142857143,22.35285714285714,2.77,26.466768571428567
2026-08-15T19:20:00.000Z,MCT2408034,15.356389,74.123611,30.625,180.72065,483.5833333333333,78.14363916666666,6.727916666666668,5.065416666666667,10.139166666666666,33.09708333333333,18.206666666666667,1.4283333333333335,29.749987499999992
2026-08-15T19:30:00.000Z,MCT2408034,15.356389,74.123611,51.75,180,482.0416666666667,77.94813624999999,6.60125,4.4525,24.153333333333336,75.57291666666667,39.85041666666667,1.3079166666666664,29.805847499999995
2026-08-15T19:40:00.000Z,MCT2408034,15.356389,74.123611,40.56,180,478.08,77.98162719999999,6.7448000000000015,4.3016000000000005,16.552000000000003,52.18000000000001,27.791200000000003,1.3788000000000002,29.82972880000001
2026-08-15T19:50:00.000Z,MCT2408034,15.356389,74.123611,35.416666666666664,180,471.1666666666667,77.79586458333334,6.647083333333335,4.55,13.101250000000002,41.96708333333334,22.464583333333326,1.535,29.865728750000006
2026-08-15T20:00:00.000Z,MCT2408034,15.356389,74.123611,31.88,184.50251599999999,482.36,77.8964836,6.340800000000001,4.9144,10.79,34.5116,18.6384,1.5411999999999997,29.894508000000002
2026-08-15T20:04:38.907Z,MCT2408034,15.356389,74.123611,43.27272727272727,180,483.27272727272725,78.04263454545455,6.470909090909092,4.6054545454545455,18.476363636363637,57.80545454545454,30.515454545454546,1.24,29.873448181818183
2026-08-15T19:20:00.000Z,MCT2408029,15.333611,74.206944,12.5,340.40218125,490.0625,92.98805625000001,5.45625,8.589999999999998,3.7881249999999995,11.88625,6.58125,3.5,26.25628937500001
2026-08-15T19:30:00.000Z,MCT2408029,15.333611,74.206944,12.375,342.78533125000007,488.5625,92.94323250000002,4.49625,7.8,3.5299999999999994,11.054375000000004,6.101875,3.5,26.295167499999998
2026-08-15T19:40:00.000Z,MCT2408029,15.333611,74.206944,12.1875,341.80848749999996,496.125,93.07722437500001,4.603125,7.886874999999999,3.6774999999999998,11.6325,6.470000000000001,3.5,26.299189999999996
2026-08-15T19:50:00.000Z,MCT2408029,15.333611,74.206944,12.625,342.04344375000005,496.125,93.00951125000002,5.2725,7.833125,3.6774999999999993,11.5975,6.470000000000001,3.5562500000000004,26.34544125
2026-08-15T20:00:00.000Z,MCT2408029,15.333611,74.206944,12.0625,340.48498125000003,494.3125,92.97565875000001,5.1000000000000005,7.5775,3.45625,11.090625000000001,6.211875000000001,3.530625,26.408450625
2026-08-15T20:04:38.931Z,MCT2408029,15.333611,74.206944,12.428571428571429,339.8427285714286,496.2857142857143,92.84207857142859,4.682857142857143,7.234285714285714,3.4457142857142857,10.815714285714288,5.880000000000001,3.5,26.454508571428573
2026-08-15T19:20:00.000Z,MCT2408030,15.142519,74.075003,25,163.0289666666667,478.46666666666664,84.94696,9.050000000000002,6.200000000000002,9.370000000000001,24.639999999999993,12.31,3.9606666666666666,26.34450333333333
2026-08-15T19:30:00.000Z,MCT2408030,15.142519,74.075003,25,163.03684375,479.0625,84.91806625,8.979375000000001,6.200000000000002,9.370000000000001,24.639999999999993,12.31,3.78625,26.38901125
2026-08-15T19:40:00.000Z,MCT2408030,15.142519,74.075003,25,163.0393,475.1333333333333,84.95967466666669,9.239333333333336,6.200000000000002,9.370000000000001,24.639999999999993,12.31,3.8993333333333333,26.371672
2026-08-15T19:50:00.000Z,MCT2408030,15.142519,74.075003,25,163,482.6875,85.00532625,8.979375000000001,6.200000000000002,9.370000000000001,24.639999999999993,12.31,3.928125,26.370911250000006
2026-08-15T20:00:00.000Z,MCT2408030,15.142519,74.075003,25,163.05276666666666,480.8,85.01715199999998,8.824666666666667,6.200000000000002,9.370000000000001,24.639999999999993,12.31,3.9633333333333334,26.369527333333327
2026-08-15T20:04:38.930Z,MCT2408030,15.142519,74.075003,25,163.177975,476.625,85.04156,9.14875,6.200000000000001,9.37,24.64,12.31,3.9000000000000004,26.35952
2026-08-15T19:20:00.000Z,MCT2408023,15.499722,74.020833,32.0625,231.42125,458.9375,91.79739499999998,7.4825,18.66,8.078125,28.576249999999998,19.39375,5.333125,25.470673750000007
2026-08-15T19:30:00.000Z,MCT2408023,15.499722,74.020833,31.4375,235.59874999999997,459.25,91.86176562500002,7.571875,18.4575,7.918749999999998,27.784999999999997,18.578125,5.22375,25.413025625
2026-08-15T19:40:00.000Z,MCT2408023,15.499722,74.020833,32.5,229.87937499999998,460,91.99861749999997,7.366875,17.908125000000002,8.473125,29.446875,19.665625000000002,5.068124999999999,25.317841875000003
2026-08-15T19:50:00.000Z,MCT2408023,15.499722,74.020833,32.4375,234.82187499999998,457.9375,92.04105812499999,7.158125,18.55125,8.790625,29.841875,19.75625,5.21875,25.219305624999993
2026-08-15T20:00:00.000Z,MCT2408023,15.499722,74.020833,33.5,234.48375000000001,457.6875,92.11830249999998,7.09625,18.35375,9.188125000000001,31.345625000000002,21.115624999999998,5.0806249999999995,25.13819812499999
2026-08-15T20:04:38.932Z,MCT2408023,15.499722,74.020833,33.42857142857143,229.20142857142858,458,92.13689999999998,7.222857142857142,18.089999999999996,8.688571428571427,30.757142857142856,20.921428571428574,5.427142857142856,25.107745714285716
2026-08-15T19:20:00.000Z,MCT2408027,15.275556,74.1075,23.9375,1164.751875,605,91.46646999999999,6.579999999999999,12.710000000000003,6.226250000000001,21.131874999999997,11.982500000000002,2.9500000000000006,26.60686375
2026-08-15T19:30:00.000Z,MCT2408027,15.275556,74.1075,22.8125,1162.94375,620.5,91.53370249999998,6.579999999999999,12.744375000000003,5.61,18.851875,10.684375000000001,2.9500000000000006,26.630995000000002
2026-08-15T19:40:00.000Z,MCT2408027,15.275556,74.1075,22.4375,1163.01875,616.9375,91.53465624999998,6.579999999999999,12.592500000000003,5.4250000000000025,18.050625,10.190000000000001,2.9500000000000006,26.638370000000005
2026-08-15T19:50:00.000Z,MCT2408027,15.275556,74.1075,21.5,1161.3668750000002,641.4375,91.55182437499997,6.579999999999999,12.621875000000005,4.991875,16.265,9.263124999999999,2.9500000000000006,26.650434375000007
2026-08-15T20:00:00.000Z,MCT2408027,15.275556,74.1075,21.6,1159.6353333333332,627.6,91.43957666666664,6.579999999999999,12.67866666666667,5.128,16.758,9.485333333333333,2.9500000000000006,26.684841999999996
2026-08-15T20:04:39.113Z,MCT2408027,15.275556,74.1075,20.75,1162.9375,660.375,91.35393625,6.579999999999999,12.65125,4.93,15.40125,8.52125,2.9499999999999997,26.70272
2026-08-15T19:20:00.000Z,MCT2408040,15.528056,74.020833,18.8125,100,472.125,88.84767937500001,7.929375,4.8875,3.07,8.42,3.7299999999999986,3.5,26.778466249999994
2026-08-15T19:30:00.000Z,MCT2408040,15.528056,74.020833,18.875,100,473,88.78855375000002,8.098750000000003,4.9087499999999995,3.07,8.42,3.7299999999999986,3.5,26.828069375
2026-08-15T19:40:00.000Z,MCT2408040,15.528056,74.020833,19.125,100,480.625,88.85196937500002,8.332500000000001,4.909375000000001,3.07,8.42,3.7299999999999986,3.5,26.779138124999996
2026-08-15T19:50:00.000Z,MCT2408040,15.528056,74.020833,19,100,476.5,88.89822500000001,8.140625,4.9,3.07,8.42,3.7299999999999986,3.5,26.72953250000001
2026-08-15T20:00:00.000Z,MCT2408040,15.528056,74.020833,19.0625,100,473.1875,88.89059500000002,8.203125,4.923125,3.07,8.42,3.7299999999999986,3.5,26.72417000000001
2026-08-15T20:04:39.114Z,MCT2408040,15.528056,74.020833,19,100,479.57142857142856,88.86498000000002,8.252857142857142,4.902857142857144,3.07,8.42,3.73,3.5,26.724170000000008
2026-08-15T19:20:00.000Z,MCT2408044,15.313669,74.140042,25.866666666666667,214.29,477.73333333333335,95.01928400000001,10.841333333333335,3.32,2.8699999999999997,7.5,4.320000000000001,3.862051266666666,25.449312666666668
2026-08-15T19:30:00.000Z,MCT2408044,15.313669,74.140042,25.666666666666668,214.29,490.8,94.90230266666664,10.814666666666664,3.47,2.8699999999999997,7.5,4.320000000000001,3.6667521999999995,25.580873333333336
2026-08-15T19:40:00.000Z,MCT2408044,15.313669,74.140042,25.933333333333334,214.29,501.8,94.88755266666664,10.853333333333333,3.741333333333333,2.8699999999999997,7.533333333333333,4.356,3.7347007333333333,25.496502666666668
2026-08-15T19:50:00.000Z,MCT2408044,15.313669,74.140042,25.4,214.29,504.3333333333333,94.92061333333335,10.684666666666665,3.5300000000000002,2.8699999999999997,7.566666666666666,4.3919999999999995,3.7095726666666673,25.446452666666673
2026-08-15T20:00:00.000Z,MCT2408044,15.313669,74.140042,25.8,214.29,502.1333333333333,95.01114666666668,10.854000000000003,3.4953333333333334,2.8699999999999997,7.6,4.428,3.6121366666666668,25.416421999999997
2026-08-15T20:04:39.143Z,MCT2408044,15.313669,74.140042,25.714285714285715,214.29,491.85714285714283,95.02735,10.814285714285715,3.32,2.8700000000000006,7.5,4.32,3.486263428571428,25.431028571428577
2026-08-15T19:20:00.000Z,MCT2408049,15.475278,74.055833,56.8125,150.361725,544.625,87.55878812500002,24.252499999999994,11.710625,5.1293750000000005,15.846874999999999,8.441249999999998,2.61,27.03452937499999
2026-08-15T19:30:00.000Z,MCT2408049,15.475278,74.055833,56.6875,150,549.6875,87.65320437500002,24.225,10.813125,4.936875000000001,15.174999999999997,7.96,2.61,27.049945624999996
2026-08-15T19:40:00.000Z,MCT2408049,15.475278,74.055833,56.75,150,552.375,87.59073500000002,24.21,11.75875,5.3675,16.374375,8.728750000000003,2.61,27.070724374999998
2026-08-15T19:50:00.000Z,MCT2408049,15.475278,74.055833,56.5625,151.17791875,536.6875,87.425275,24.132499999999997,11.297499999999998,5.845625,17.427500000000002,9.256875000000003,2.61,27.0881525
2026-08-15T20:00:00.000Z,MCT2408049,15.475278,74.055833,57,150,539.0625,87.43052250000001,24.37625,12.050625000000002,5.940624999999998,17.666875,9.351875000000001,2.61,27.05932875
2026-08-15T20:04:39.143Z,MCT2408049,15.475278,74.055833,56.285714285714285,150,540.4285714285714,87.46880142857144,23.87857142857143,10.765714285714287,6.022857142857143,18.167142857142856,9.754285714285714,2.61,27.019877142857144
2026-08-15T19:20:00.000Z,MCT2408046,15.529167,74.07,29.52,95.52,920.52,91.25524960000003,12.911999999999999,2.0128,5.085200000000001,14.661999999999995,6.920400000000001,4.12,26.359516400000004
2026-08-15T19:30:00.000Z,MCT2408046,15.529167,74.07,30.4,95.52,925.48,91.6504516,12.9276,1.9788,5.060000000000001,13.418800000000001,5.870000000000001,3.9448000000000003,26.27328960000001
2026-08-15T19:40:00.000Z,MCT2408046,15.529167,74.07,30.56,95.52,929.84,91.54119999999998,13.0084,2.0055999999999994,5.060000000000001,13.374400000000001,5.7860000000000005,4.1008000000000004,26.284013599999998
2026-08-15T19:50:00.000Z,MCT2408046,15.529167,74.07,30.4,95.52,927.12,91.6483152,12.915199999999997,2.019599999999999,5.060000000000001,13.951600000000006,6.412800000000001,4.0128,26.248836399999995
2026-08-15T20:00:00.000Z,MCT2408046,15.529167,74.07,30.72,95.52,926.56,91.26440359999997,13.057999999999998,2.0351999999999997,5.2616000000000005,14.974399999999996,7.235200000000003,3.8848000000000003,26.377535999999996
2026-08-15T20:04:39.144Z,MCT2408046,15.529167,74.07,30.5,95.52,927.5,90.75979666666666,12.954999999999998,1.9516666666666664,5.165000000000001,15.550000000000002,7.761666666666666,4.024166666666667,26.510560833333333
2026-08-15T19:20:00.000Z,MCT2408037,15.394444,74.118333,25.5,160.42069999999998,450.125,86.24176437500002,10.686250000000001,14.476874999999996,5.2975,19.523125,10.349375,3.7025,26.426549375000004
2026-08-15T19:30:00.000Z,MCT2408037,15.394444,74.118333,25.375,160.01641875,453.6875,86.16213312500001,10.642500000000002,14.406875,5.01625,19.523125,10.58375,3.5437499999999997,26.48687812500001
2026-08-15T19:40:00.000Z,MCT2408037,15.394444,74.118333,25.25,160,469.625,86.194555,10.519375000000002,14.39,4.738125000000001,18.040625000000002,9.5525,3.67375,26.51704000000001
2026-08-15T19:50:00.000Z,MCT2408037,15.394444,74.118333,25.1875,160,469.8125,86.25463999999998,10.498124999999998,14.476875,5.25,19.983749999999997,10.77125,3.646875,26.551897500000003
2026-08-15T20:00:00.000Z,MCT2408037,15.394444,74.118333,25.1875,160,474,86.244625,10.539375000000003,14.546249999999997,4.7387500000000005,18.602500000000003,10.115,3.7843750000000007,26.53312875
2026-08-15T20:04:39.320Z,MCT2408037,15.394444,74.118333,25.125,160,466,86.40436375000002,10.412500000000001,14.517499999999998,4.6450000000000005,18.2975,9.9275,3.9687499999999996,26.41314375
2026-08-15T19:20:00.000Z,MCT2408042,15.213889,74.071667,61.625,279.77000000000004,461.8125,89.88527687499999,26.4575,13.004375000000001,4.834374999999999,15.901250000000001,8.939374999999998,3.4362500000000007,26.9071675
2026-08-15T19:30:00.000Z,MCT2408042,15.213889,74.071667,61.875,277.16125,462.5625,89.754145625,26.598750000000003,13.334375000000001,4.8912499999999985,15.844999999999999,8.76875,3.6349999999999993,26.955430000000007
2026-08-15T19:40:00.000Z,MCT2408042,15.213889,74.071667,61.8125,260.783125,468.3125,89.93582125,26.546250000000004,13.293125000000002,4.663749999999999,15.103125000000002,8.484375,3.4274999999999998,26.941352500000004
2026-08-15T19:50:00.000Z,MCT2408042,15.213889,74.071667,62.13333333333333,280.11800000000005,459.4,89.94472133333332,26.75533333333334,13.154666666666666,4.731999999999998,15.077333333333335,8.321333333333335,3.5259999999999994,26.948684666666676
2026-08-15T20:00:00.000Z,MCT2408042,15.213889,74.071667,61.5625,282.21875,463.5,89.852374375,26.43,13.028125,4.720624999999999,15.445,8.711875,3.564375,26.92191499999999
2026-08-15T20:04:39.330Z,MCT2408042,15.213889,74.071667,61.25,283.29875000000004,462.125,89.86524750000001,26.217499999999998,12.79375,4.891249999999999,15.73125,8.655000000000001,3.6174999999999997,26.875663749999998
2026-08-15T19:20:00.000Z,MCT2408024,15.148056,74.131667,41.125,217.1286375,555.6666666666666,81.03200041666666,17.934475000000003,5.772006000000001,5,15.156666666666672,8.156666666666668,2.5,27.654123749999997
2026-08-15T19:30:00.000Z,MCT2408024,15.148056,74.131667,40.76,218.543348,573.64,80.87408439999996,17.592551999999998,5.772006000000001,5,15.270000000000005,8.270000000000003,2.5256,27.66626080000001
2026-08-15T19:40:00.000Z,MCT2408024,15.148056,74.131667,40.75,217.7642333333333,555.5416666666666,80.93027458333331,17.647858333333335,5.772006000000001,5,15.073333333333338,8.073333333333336,2.507916666666666,27.65859208333332
2026-08-15T19:50:00.000Z,MCT2408024,15.148056,74.131667,40.6,218.49271599999997,597.04,80.97265679999998,17.577356000000005,6.580086840000002,5,15.190000000000005,8.190000000000003,2.5252000000000003,27.6568228
2026-08-15T20:00:00.000Z,MCT2408024,15.148056,74.131667,40.56,218.485964,582.24,81.00531079999998,17.610333200000003,6.580086840000002,5,15.270000000000005,8.270000000000003,2.5240000000000005,27.647813999999997
2026-08-15T20:04:39.358Z,MCT2408024,15.148056,74.131667,40.90909090909091,218.8218727272727,482,81.14225,17.67218,6.204250545454545,5,15.171818181818184,8.17181818181818,2.509090909090909,27.61435
2026-08-15T19:20:00.000Z,MCT2408033,15.346944,74.007778,19.875,110,461.9375,90.28200500000001,8.034375,4.701249999999999,4.998125,13.236874999999998,8.2725,4.39,26.842148125000005
2026-08-15T19:30:00.000Z,MCT2408033,15.346944,74.007778,20.375,110.0269,488.4375,90.230029375,8.47375,4.750624999999999,4.960624999999999,13.204374999999999,8.34625,4.39,26.868289375000007
2026-08-15T19:40:00.000Z,MCT2408033,15.346944,74.007778,20.25,110,487.8125,90.241473125,8.414375000000001,4.891875,5.0356250000000005,13.3325,8.34625,4.39,26.840138125
2026-08-15T19:50:00.000Z,MCT2408033,15.346944,74.007778,20.3125,110,498.5625,90.28105000000001,8.391250000000001,4.68875,5.226875,13.749374999999999,8.640624999999998,4.39,26.84482875
2026-08-15T20:00:00.000Z,MCT2408033,15.346944,74.007778,19.9375,110,491.3125,90.192363125,8.160625000000001,4.88875,5.035625,13.461875000000001,8.493125,4.39,26.834103125000002
2026-08-15T20:04:39.358Z,MCT2408033,15.346944,74.007778,20.875,110.21243750000001,491.875,90.17519625,8.873750000000001,4.80875,4.998749999999999,13.0775,8.165000000000001,4.39,26.797906250000004
2026-08-15T19:20:00.000Z,MCT2408041,15.224628,74.171389,32.875,442.13339375,473,91.00393812500002,13.743125,9.7,8.090000000000002,20.25,8.900000000000002,7.95875,26.577368749999998
2026-08-15T19:30:00.000Z,MCT2408041,15.224628,74.171389,32.875,438.88415625000005,473,91.01156499999999,13.806249999999999,9.7,8.090000000000002,20.25,8.900000000000002,7.882500000000001,26.635688125000005
2026-08-15T19:40:00.000Z,MCT2408041,15.224628,74.171389,32.9375,454.33956249999994,459.875,91.03826999999998,13.741249999999997,9.7,8.090000000000002,20.25,8.900000000000002,8.008125,26.639040000000005
2026-08-15T19:50:00.000Z,MCT2408041,15.224628,74.171389,32.8125,420.212575,466.8125,90.97723500000002,13.821874999999999,9.7,8.090000000000002,20.25,8.900000000000002,8.033125,26.670543749999993
2026-08-15T20:00:00.000Z,MCT2408041,15.224628,74.171389,32.875,436.00526875,481.8125,91.04590000000002,13.784374999999997,9.7,8.090000000000002,20.25,8.900000000000002,8.060625000000002,26.666519375000004
2026-08-15T20:04:39.358Z,MCT2408041,15.224628,74.171389,33,443.1119428571428,484.2857142857143,91.05462,13.797142857142857,9.700000000000001,8.090000000000002,20.25,8.9,8.054285714285713,26.61691714285714
2026-08-15T19:20:00.000Z,MCT2408045,15.619444,73.878889,27.75,178.11999999999995,578.6875,86.68236187499998,11.50875,17.020625,9.751875,33.471875,17.456875,2.5300000000000002,27.04726374999999
2026-08-15T19:30:00.000Z,MCT2408045,15.619444,73.878889,27.6875,178.11999999999995,575.75,86.76819437499998,11.280624999999999,17.293125,9.910624999999998,34.14875,17.80875,2.5300000000000002,27.034528124999994
2026-08-15T19:40:00.000Z,MCT2408045,15.619444,73.878889,27.625,178.11999999999995,569.4375,86.76437937499998,11.356875,17.081875,9.815,33.614374999999995,17.49125,2.5300000000000002,27.030505625
2026-08-15T19:50:00.000Z,MCT2408045,15.619444,73.878889,27.8125,178.11999999999995,565.9375,86.94462374999999,11.473125,16.615625,9.847499999999998,33.57875000000001,17.350625,2.5300000000000002,26.98358375
2026-08-15T20:00:00.000Z,MCT2408045,15.619444,73.878889,27.5625,178.11999999999995,571.125,87.04380687499999,11.161875,16.883125000000003,9.530625,32.795,17.173750000000002,2.5300000000000002,26.972857500000007
2026-08-15T20:04:39.524Z,MCT2408045,15.619444,73.878889,27.714285714285715,178.12000000000003,583.7142857142857,87.06008714285713,11.535714285714286,17.01857142857143,8.98857142857143,31.044285714285714,16.31714285714286,2.53,26.953992857142858
2026-08-15T19:20:00.000Z,MCT2408022,15.475833,74.038889,31.133333333333333,150,462.93333333333334,90.69393200000003,4.140666666666666,11.214592666666666,8.866666666666667,27.533333333333335,14.933333333333334,4.222556733333333,26.168614666666667
2026-08-15T19:30:00.000Z,MCT2408022,15.475833,74.038889,31.875,150,459.1875,90.68445750000004,3.9681249999999997,11.247489374999999,9.375,29.1875,15.8125,4.223903062500001,26.153057500000006
2026-08-15T19:40:00.000Z,MCT2408022,15.475833,74.038889,31.1875,150,458.4375,90.68874625000001,4.113749999999999,11.173506875,9,28,15.1875,4.2448471875000005,26.13696875
2026-08-15T19:50:00.000Z,MCT2408022,15.475833,74.038889,32.625,150,461.0625,90.75025875,4.105625,11.25815625,9.6875,30.6875,17,4.25775275,26.115519375
2026-08-15T20:00:00.000Z,MCT2408022,15.475833,74.038889,32.5,150,457.1875,90.79555937500001,4.145625,11.20048875,9.75,30.5625,16.75,4.2589695625,26.084013750000004
2026-08-15T20:04:39.532Z,MCT2408022,15.475833,74.038889,32.57142857142857,150,459.7142857142857,91.16688,3.8942857142857146,11.343945714285715,9.857142857142858,30.857142857142858,16.857142857142858,4.231057857142857,25.968815714285714
2026-08-15T19:20:00.000Z,MCT2408031,15.290833,74.149167,17.9375,157.2926,452.5,87.692776875,7.279085437499999,7.147746625,5.029999999999999,13.368124999999997,7.44125,5.135624999999999,26.197302499999996
2026-08-15T19:30:00.000Z,MCT2408031,15.290833,74.149167,17.75,168.93205625,460,87.67370687499998,7.1465897499999995,6.2222301875,4.7925,12.87875,7.261875000000001,4.823125000000001,26.234838749999994
2026-08-15T19:40:00.000Z,MCT2408031,15.290833,74.149167,17.9375,169.80968124999995,460.625,87.64605124999997,7.2611378125,7.085784937500001,4.64375,12.526874999999997,7.11375,4.903125,26.261652500000007
2026-08-15T19:50:00.000Z,MCT2408031,15.290833,74.149167,17.9375,161.90069374999996,461.125,87.62983749999998,7.21059425,7.22108225,4.8812500000000005,13.478124999999999,7.79875,4.831875,26.273046250000007
2026-08-15T20:00:00.000Z,MCT2408031,15.290833,74.149167,18.125,165.94408124999998,462.4375,87.60742499999998,7.432960250000001,6.699124625,4.465625,12.171875,6.995,4.964375,26.276398125000007
2026-08-15T20:04:39.570Z,MCT2408031,15.290833,74.149167,18.375,181.62454999999997,460.625,87.58214999999998,7.688450250000001,6,4.583749999999999,12.39125,7.08375,4.8500000000000005,26.264335000000003
2026-08-15T19:20:00.000Z,MCT2408036,15.171567,74.067106,36.1875,120,530.3125,91.92089312499998,10.021875000000001,7.525625000000002,5.460624999999999,16.179374999999997,8.643749999999999,11.120000000000001,25.972071874999997
2026-08-15T19:30:00.000Z,MCT2408036,15.171567,74.067106,36.5,120,531.6875,92.15216062499998,10.349375,7.512499999999999,5.6899999999999995,16.8125,8.961875,11.298124999999999,25.937215000000002
2026-08-15T19:40:00.000Z,MCT2408036,15.171567,74.067106,36.25,120,533.5,92.32239062499998,10.06375,7.474375,3.946250000000001,12.222499999999998,6.838125,11.105624999999998,25.877556875
2026-08-15T19:50:00.000Z,MCT2408036,15.171567,74.067106,36.25,120,536.1875,92.04725687499997,10.101875000000001,7.791875,6.414999999999999,18.711875000000003,9.846875,11.116875,25.966039374999994
2026-08-15T20:00:00.000Z,MCT2408036,15.171567,74.067106,36.46666666666667,120,533.5333333333333,91.67303399999997,9.943333333333332,7.915999999999999,4.419333333333333,13.745333333333331,7.666,11.225333333333337,26.09210333333334
2026-08-15T20:04:39.570Z,MCT2408036,15.171567,74.067106,36.25,120,544.125,91.45407250000001,10.075,7.5975,5.0649999999999995,14.882499999999999,7.91625,11.162500000000001,26.150377500000005
2026-08-15T19:20:00.000Z,MCT2408032,15.525556,73.828611,35.16,185.62,559.72,66.7163704,15.020800000000003,51.53080000000002,7.290800000000003,22.471599999999995,12.175200000000002,3.1848,33.71436080000001
2026-08-15T19:30:00.000Z,MCT2408032,15.525556,73.828611,35.08,178.92999999999995,557.72,66.53540200000002,14.888800000000003,51.41800000000001,7.120000000000002,22.301199999999994,12.289200000000001,3.0943999999999994,33.77828160000001
2026-08-15T19:40:00.000Z,MCT2408032,15.525556,73.828611,34.92,180.1164,551.32,66.95868119999999,14.752000000000004,50.56960000000001,7.120000000000002,21.959599999999995,11.949600000000002,3.1159999999999997,33.72079480000001
2026-08-15T19:50:00.000Z,MCT2408032,15.525556,73.828611,35.32,199.5036,554.8,67.6380016,14.999600000000001,50.69720000000001,7.120000000000002,21.048799999999996,11.043200000000004,3.0303999999999998,33.498571199999994
2026-08-15T20:00:00.000Z,MCT2408032,15.525556,73.828611,35.12,220.34080000000003,547.44,68.48608399999998,14.917200000000003,50.48639999999998,7.120000000000002,22.872,12.854000000000003,2.9976000000000003,33.3351192
2026-08-15T20:04:39.569Z,MCT2408032,15.525556,73.828611,36.666666666666664,239.3983333333333,552.8333333333334,66.93383333333333,16.203333333333333,50.20583333333334,7.238333333333334,22.043333333333333,11.799999999999999,3.2408333333333332,33.719614166666666
2026-08-15T19:20:00.000Z,MCT2408035,15.236111,74.125,47.3125,190,683.625,91.038746875,19.25804375,9.683125,3.799999999999999,10.19,4.909999999999998,3.8299999999999987,26.788521875000004
2026-08-15T19:30:00.000Z,MCT2408035,15.236111,74.125,47.875,190,693.625,91.03731625,19.656225624999998,9.9875,3.799999999999999,10.19,4.909999999999998,3.8299999999999987,26.773103749999994
2026-08-15T19:40:00.000Z,MCT2408035,15.236111,74.125,48.375,190,700.1875,91.08023125000001,20.160783125,10.260000000000002,3.799999999999999,10.19,4.909999999999998,3.8299999999999987,26.766403124999997
2026-08-15T19:50:00.000Z,MCT2408035,15.236111,74.125,48.4375,190,693.1875,91.03063875000002,20.160783125,10.400625000000002,3.799999999999999,10.19,4.909999999999998,3.8299999999999987,26.779808125000006
2026-08-15T20:00:00.000Z,MCT2408035,15.236111,74.125,48.625,190,693.0625,91.00918250000002,20.30668625,9.946250000000003,3.799999999999999,10.19,4.909999999999998,3.8299999999999987,26.779808125000002
2026-08-15T20:04:39.729Z,MCT2408035,15.236111,74.125,48.875,190,689,90.94576500000001,20.558964999999997,10.3825,3.8000000000000003,10.19,4.91,3.829999999999999,26.7845
2026-08-15T19:20:00.000Z,MCT2408039,15.163611,74.110833,29,333.73,483.3125,86.18168499999999,10.020624999999999,10.3,9.019999999999998,28.94,11.759999999999998,2.3,26.693334999999998
2026-08-15T19:30:00.000Z,MCT2408039,15.163611,74.110833,29,301.83625,490.75,86.30804375,10.62,10.3,9.019999999999998,28.94,11.759999999999998,2.3,26.649093125000007
2026-08-15T19:40:00.000Z,MCT2408039,15.163611,74.110833,29,307.00749999999994,485.1875,86.34714375000004,10.181249999999999,10.3,9.019999999999998,28.94,11.759999999999998,2.3,26.66116000000001
2026-08-15T19:50:00.000Z,MCT2408039,15.163611,74.110833,29,324.344375,491.9375,86.38672437499999,10.19375,10.3,9.019999999999998,28.94,11.759999999999998,2.3,26.67255374999999
2026-08-15T20:00:00.000Z,MCT2408039,15.163611,74.110833,29,343.3375,496.75,86.35429687499999,9.569374999999997,10.3,9.019999999999998,28.94,11.759999999999998,2.3,26.69064999999999
2026-08-15T20:04:39.735Z,MCT2408039,15.163611,74.110833,29,349.98285714285714,489.57142857142856,86.31022285714286,9.857142857142858,10.299999999999999,9.019999999999998,28.94,11.760000000000002,2.3000000000000003,26.69045857142857
2026-08-15T19:20:00.000Z,MCT2408026,15.2467,74.198281,37.2,125,489.4,85.61376959999998,13.363177600000004,12.5,12.4024,40.619599999999984,22.41040000000001,2.071599999999999,28.096982399999998
2026-08-15T19:30:00.000Z,MCT2408026,15.2467,74.198281,33.333333333333336,125,494.5416666666667,85.38361499999998,13.41462041666667,12.5,8.115,27.038749999999997,15.107500000000002,1.94125,28.17294999999999
2026-08-15T19:40:00.000Z,MCT2408026,15.2467,74.198281,32.375,125,491.75,85.54574166666664,13.44954416666667,12.5,5.123333333333337,16.80458333333333,9.400000000000002,1.9741666666666662,28.135412499999997
2026-08-15T19:50:00.000Z,MCT2408026,15.2467,74.198281,32.875,125,495.3333333333333,85.67226208333331,13.437229166666668,12.5,8.548333333333332,29.134583333333328,16.513333333333332,2.0625000000000004,28.118429999999993
2026-08-15T20:00:00.000Z,MCT2408026,15.2467,74.198281,32.291666666666664,125,488.8333333333333,85.70563958333331,13.376534166666668,12.5,4.8870833333333366,15.959166666666663,8.877083333333335,1.9666666666666666,28.118429999999993
2026-08-15T20:04:39.783Z,MCT2408026,15.2467,74.198281,32.5,125,488.3333333333333,85.88143583333333,13.520266666666666,12.5,4.730000000000001,14.589999999999998,7.790833333333332,2.0733333333333337,28.11306833333333
2026-08-15T19:20:00.000Z,MCT2408038,15.188889,74.055556,23.0625,380.9381249999999,615.8125,89.81518,9.718750000000002,13.330000000000005,5.950000000000002,16.900000000000002,7.939999999999999,4.773125,26.95677
2026-08-15T19:30:00.000Z,MCT2408038,15.188889,74.055556,23.375,414.578125,613.75,89.80421500000001,9.979375000000001,13.330000000000005,5.950000000000002,16.900000000000002,7.939999999999999,4.796875000000001,26.935991875000003
2026-08-15T19:40:00.000Z,MCT2408038,15.188889,74.055556,23.9375,343.66125,619.9375,89.95632499999999,9.766875000000002,13.330000000000005,7.16375,20.378125,9.749999999999998,4.788749999999999,26.923255625000003
2026-08-15T19:50:00.000Z,MCT2408038,15.188889,74.055556,23.1875,304.6075,614.25,89.99542812499998,9.828125000000002,13.330000000000005,5.980000000000001,17.023750000000003,8.180625,4.771249999999999,26.94269437500001
2026-08-15T20:00:00.000Z,MCT2408038,15.188889,74.055556,23.375,402.46250000000003,615,90.03977249999998,9.964375,13.330000000000005,5.950000000000002,16.900000000000002,7.939999999999999,4.759375,26.918562499999993
2026-08-15T20:04:39.783Z,MCT2408038,15.188889,74.055556,23.25,411.95875,571.375,90.03882,9.85,13.33,5.950000000000001,16.900000000000002,7.9399999999999995,4.7675,26.887727500000004
2026-08-15T20:10:00.000Z,MCT2408020,15.543475,74.039433,28.5,180,458.5,88.841005,9.566167499999999,19.52115,8.815,26.565,13.94,3.66,26.772435
2026-08-15T20:20:00.000Z,MCT2408020,15.543475,74.039433,27.25,180,461,88.88582437500003,9.485409624999997,19.486394999999998,7.768750000000001,24.11625,13.068125,3.6599999999999984,26.763049374999994
2026-08-15T20:30:00.000Z,MCT2408020,15.543475,74.039433,27.625,180,466.1875,88.99931249999999,9.400749312499999,19.31766875,8.175625,25.165,13.475,3.6599999999999984,26.750314375000006
2026-08-15T20:40:00.000Z,MCT2408020,15.543475,74.039433,26,180,464.375,88.85387875,9.153402312499999,19.298063125,6.956875,21.785625,11.847500000000002,3.6599999999999984,26.767071250000004
2026-08-15T20:50:00.000Z,MCT2408020,15.543475,74.039433,23.125,180,440.875,88.12527,9.053787125,17.989245,5.5699999999999985,16.19125,7.778750000000002,3.6599999999999984,26.771763125
2026-08-15T21:00:00.000Z,MCT2408020,15.543475,74.039433,23,180,436.3125,88.57254375000001,9.173299375000001,18.063805625,5.5699999999999985,15.840000000000002,7.430000000000003,3.6599999999999984,26.413813125000004
2026-08-15T21:09:08.993Z,MCT2408020,15.543475,74.039433,23,180,437.92857142857144,89.17179214285714,9.121634142857143,18.32869285714286,5.569999999999999,15.840000000000002,7.430000000000002,3.659999999999999,26.16186928571429
2026-08-15T20:10:00.000Z,MCT2408028,15.186944,74.096667,42,566.4100000000001,468,92.19794,18.44,12.934999999999999,4.99,14.415,7.455,1.7650000000000001,26.01095
2026-08-15T20:20:00.000Z,MCT2408028,15.186944,74.096667,41.68,572.9807999999999,469.92,92.17779440000002,18.156,12.648,4.989999999999998,14.9124,7.951999999999997,1.7512,26.0094488
2026-08-15T20:30:00.000Z,MCT2408028,15.186944,74.096667,41.8,573.7212000000001,475.32,92.17474480000001,18.2392,12.6472,4.989999999999998,13.880400000000002,6.917599999999998,1.8115999999999999,26.022747199999994
2026-08-15T20:40:00.000Z,MCT2408028,15.186944,74.096667,41.84,575.4164,473.56,92.18694999999998,18.2752,12.683599999999997,4.989999999999998,14.753600000000004,7.792399999999997,1.8355999999999997,26.0416244
2026-08-15T20:50:00.000Z,MCT2408028,15.186944,74.096667,41.666666666666664,574.9458333333333,456.8333333333333,92.00338666666664,18.14708333333333,12.624166666666667,4.989999999999998,14.415833333333337,7.454583333333331,1.8383333333333332,26.125797083333328
2026-08-15T21:00:00.000Z,MCT2408028,15.186944,74.096667,41.44,573.7916,453,91.59216239999998,17.9328,12.841199999999997,5.149999999999999,17.062800000000003,9.862799999999996,1.9455999999999998,26.226527599999994
2026-08-15T21:09:08.993Z,MCT2408028,15.186944,74.096667,41.869565217391305,570.3478260869564,456.82608695652175,91.72027043478262,18.31,12.754782608695653,5.642173913043478,19.62652173913044,11.67086956521739,2.0052173913043476,26.278846086956527
2026-08-15T20:10:00.000Z,MCT2408057,15.272222,74.104722,30,327.99,463.5,80.566925,12.72,9.03,5.0649999999999995,15.549999999999999,8.58,2.245,29.48052
2026-08-15T20:20:00.000Z,MCT2408057,15.272222,74.104722,29.96,335.2984,463.48,81.8387448,12.367199999999999,8.861200000000002,4.219599999999999,13.297600000000003,7.4396,2.4084,29.077258
2026-08-15T20:30:00.000Z,MCT2408057,15.272222,74.104722,30,333.8432,463.92,82.99108759999997,12.530799999999997,8.9212,4.958800000000001,15.493600000000006,8.634399999999998,2.5776,28.770946400000003
2026-08-15T20:40:00.000Z,MCT2408057,15.272222,74.104722,29.96,343.7027999999999,461.76,82.37158119999998,12.440399999999997,8.857600000000003,3.003999999999999,9.590000000000005,5.466400000000001,2.3211999999999993,28.993602799999994
2026-08-15T20:50:00.000Z,MCT2408057,15.272222,74.104722,30.04,343.8623999999998,463.04,82.2989504,12.534799999999997,8.860800000000001,3.003999999999999,9.318400000000004,5.2008,2.2884,28.981161600000004
2026-08-15T21:00:00.000Z,MCT2408057,15.272222,74.104722,30,341.1351999999999,472.92,82.88794039999998,12.498,8.8312,3.1719999999999997,10.381200000000003,5.932400000000001,2.2511999999999994,28.7979732
2026-08-15T21:09:09.006Z,MCT2408057,15.272222,74.104722,30,341.03136363636355,472.04545454545456,83.05826909090906,12.491363636363637,8.801818181818184,3.225454545454545,10.510454545454547,5.960454545454547,2.212272727272728,28.751210909090904
2026-08-15T20:10:00.000Z,MCT2408056,15.579167,73.920833,38,180,601,90.2677,7.11,9.988263,13.14,42.81,25.3,1.56,27.23898
2026-08-15T20:20:00.000Z,MCT2408056,15.579167,73.920833,35.5625,180,598.5625,90.15087625,6.744375,9.123532875,11.379374999999998,37.05562499999999,21.672500000000003,1.755625,27.229590625
2026-08-15T20:30:00.000Z,MCT2408056,15.579167,73.920833,24.8125,180,560.375,88.70081375,7.09,9,4.866249999999999,15.879999999999997,9.429375000000002,2.4775,27.146470625000003
2026-08-15T20:40:00.000Z,MCT2408056,15.579167,73.920833,24.375,180,546.4375,88.26069375000002,6.9475,9.19776975,4.6899999999999995,14.740624999999998,8.60875,2.4062499999999996,26.852201875000002
2026-08-15T20:50:00.000Z,MCT2408056,15.579167,73.920833,24.75,180,546.5625,88.90060937500002,6.95375,9.7756743125,4.6899999999999995,15.479999999999999,9.371250000000002,2.11375,26.549215625000002
2026-08-15T21:00:00.000Z,MCT2408056,15.579167,73.920833,24.125,180,539.3125,89.19577124999998,7.014375000000001,10.033450499999999,4.6899999999999995,14.342499999999996,8.199375000000002,2.034375,26.42252625
2026-08-15T21:09:09.009Z,MCT2408056,15.579167,73.920833,24,180,541.5333333333333,89.39235333333336,6.888000000000001,9.630985866666666,4.6899999999999995,14.084666666666664,7.934000000000001,1.9866666666666661,26.375961333333343
2026-08-15T20:10:00.000Z,MCT2408055,15.585833,73.885556,26,45.83,808,90.22192,9.11,23.87405,10.49,30.92,17.04,1.46,26.84215
2026-08-15T20:20:00.000Z,MCT2408055,15.585833,73.885556,23,65.98,791.9375,89.87764687500001,8.850000000000001,24.132873125,8.172500000000001,24.38375,13.803124999999998,1.7974999999999999,26.887059375
2026-08-15T20:30:00.000Z,MCT2408055,15.585833,73.885556,19.333333333333332,113.63466666666666,769.9333333333333,89.59071866666665,8.494000000000002,19.418573333333335,3.8266666666666667,12.368666666666668,7.4526666666666666,2.3939999999999997,26.153596000000004
2026-08-15T20:40:00.000Z,MCT2408055,15.585833,73.885556,19.266666666666666,118.15000000000002,749.2,90.31296866666665,8.492666666666668,20.712467999999998,3.5,10.39466666666667,5.997333333333333,2.3319999999999994,25.602323999999996
2026-08-15T20:50:00.000Z,MCT2408055,15.585833,73.885556,19.25,118.565,753.5,90.3974,8.535,17.8244275,3.5,10.034999999999998,5.62,2.425,25.5310025
2026-08-15T21:00:00.000Z,MCT2408055,15.585833,73.885556,19.6,115.431,758.8,87.93081600000001,8.749,23.622137000000002,3.5,9.738,5.314,1.7399999999999998,26.479638000000005
2026-08-15T21:09:09.008Z,MCT2408055,15.585833,73.885556,19.733333333333334,116.434,764.8666666666667,88.9132266666667,8.776000000000002,24.426210666666666,3.5,10.088666666666667,5.678000000000001,1.5879999999999999,26.12785133333334
2026-08-15T20:10:00.000Z,MCT2408053,15.263333,74.110833,52,245.9234,719,93.31946,23.35,25.07,4.59,12.64,6.77,6.39,26.22009
2026-08-15T20:20:00.000Z,MCT2408053,15.263333,74.110833,48.25,238.65780625,760.1875,93.468230625,19.986874999999998,27.922500000000003,4.590000000000002,12.216249999999997,6.275,6.195625,26.197303125
2026-08-15T20:30:00.000Z,MCT2408053,15.263333,74.110833,49.5625,240.51801875,759.3125,93.51591562500002,21.116875000000004,29.146875000000005,4.590000000000002,12.27625,6.345624999999999,6.128125,26.201324375000006
2026-08-15T20:40:00.000Z,MCT2408053,15.263333,74.110833,51.3125,241.48226250000002,787.1875,93.58124125000002,22.605000000000004,28.52875,4.590000000000002,11.912499999999996,5.922499999999999,6.0806249999999995,26.156409375000006
2026-08-15T20:50:00.000Z,MCT2408053,15.263333,74.110833,49.6875,236.34009374999997,782.1875,93.73096937500002,21.117499999999996,30.32375,4.590000000000002,12.51875,6.628125,5.967499999999999,26.110825000000002
2026-08-15T21:00:00.000Z,MCT2408053,15.263333,74.110833,49.8125,232.55138125,796,93.730491875,21.303124999999998,30.297500000000003,4.590000000000002,12.458124999999999,6.5581249999999995,6.10625,26.095411249999994
2026-08-15T21:09:09.193Z,MCT2408053,15.263333,74.110833,49.13333333333333,239.74548666666666,810.7333333333333,94.02136333333333,20.77,30.512666666666668,4.590000000000002,12.381333333333336,6.468666666666667,5.931333333333333,26.09067466666666
2026-08-15T20:10:00.000Z,MCT2408052,15.444425,74.063856,20,160,594,90.2677,3.792281,8,7.02,20,9.67,2,26.80997
2026-08-15T20:20:00.000Z,MCT2408052,15.444425,74.063856,19,160,578.4375,90.3134775,4.1492545625,8.974288125,6.421875,18.64375,9.210624999999999,2,26.809970000000007
2026-08-15T20:30:00.000Z,MCT2408052,15.444425,74.063856,18.5,160,542.0625,90.31538437499998,3.7960089375000003,8.120516875,6.253749999999999,17.998125,8.799375,2,26.813993750000005
2026-08-15T20:40:00.000Z,MCT2408052,15.444425,74.063856,18.0625,160,516.0625,90.35973,3.6831140625000005,8,5.979374999999998,17.39375,8.541249999999998,2,26.814664374999996
2026-08-15T20:50:00.000Z,MCT2408052,15.444425,74.063856,18.0625,160,561.5,90.29726312500001,3.7982456250000007,8,5.854374999999997,17.113750000000003,8.476249999999999,2,26.820028124999997
2026-08-15T21:00:00.000Z,MCT2408052,15.444425,74.063856,18,160,526.75,90.33111937500003,3.754956125,8,5.896249999999998,17.134375000000002,8.433124999999999,2,26.814665000000005
2026-08-15T21:09:09.193Z,MCT2408052,15.444425,74.063856,18.785714285714285,160,507.7857142857143,90.36088857142859,4.077193,8.826853357142857,6.403571428571427,18.792857142857144,9.31857142857143,2,26.809970000000003
2026-08-15T20:10:00.000Z,MCT2408021,15.500556,74.053333,49.5,375,527.5,89.86334,21.245,14.37178,2.86,9.13,5.71,4.25,26.273715
2026-08-15T20:20:00.000Z,MCT2408021,15.500556,74.053333,49.2,375,527.1333333333333,89.78806533333335,21.005333333333336,14.301402666666666,2.9539999999999997,9.479999999999997,5.997999999999999,4.293333333333334,26.289447333333335
2026-08-15T20:30:00.000Z,MCT2408021,15.500556,74.053333,49.25,375,521.625,89.97539874999998,21.040625000000006,14.378623750000003,3.1256249999999994,10.408125000000004,6.813750000000001,4.281875000000001,26.261651250000003
2026-08-15T20:40:00.000Z,MCT2408021,15.500556,74.053333,49,375,519.25,90.17710187499998,20.855625000000003,14.523127500000001,3.301874999999999,10.841875000000002,7.1118749999999995,4.3425,26.245564374999997
2026-08-15T20:50:00.000Z,MCT2408021,15.500556,74.053333,49.1875,375,495.375,89.90530375,20.975624999999997,14.695620000000002,2.9187499999999997,8.695625,5.1781250000000005,4.344374999999999,26.312594375
2026-08-15T21:00:00.000Z,MCT2408021,15.500556,74.053333,49.1875,375,486.75,89.626354375,20.91375,14.640785000000001,2.86,7.852500000000001,4.315625,4.348125,26.159761874999997
2026-08-15T21:09:09.209Z,MCT2408021,15.500556,74.053333,49.5,375,487.57142857142856,89.79304285714285,21.250714285714288,14.52680142857143,3.6071428571428568,11.64642857142857,7.516428571428571,4.337142857142857,26.01861
2026-08-15T20:10:00.000Z,MCT2408043,15.221111,74.087222,33,201.34,539,87.52112,14.17,10.71,6.33,20.6,11.53,5.29,26.69199
2026-08-15T20:20:00.000Z,MCT2408043,15.221111,74.087222,33,202.49562500000002,533.875,87.40143187500003,14.208124999999997,10.571250000000001,6.329999999999999,20.921875000000004,11.850000000000001,5.290000000000001,26.71612812500001
2026-08-15T20:30:00.000Z,MCT2408043,15.221111,74.087222,33,202.82562499999997,531.25,87.38426437500001,14.197499999999998,10.539375,6.329999999999999,21.725625000000004,12.650000000000002,5.290000000000001,26.68797125
2026-08-15T20:40:00.000Z,MCT2408043,15.221111,74.087222,33,205.941875,531.6875,87.54162437499998,14.203124999999998,10.365625,6.329999999999999,22.369375,13.290000000000001,5.290000000000001,26.553908125
2026-08-15T20:50:00.000Z,MCT2408043,15.221111,74.087222,33,205.942,530.6666666666666,87.54044466666667,14.187333333333333,10.467333333333334,6.414666666666665,22.65733333333334,13.407333333333334,5.290000000000001,26.488217333333335
2026-08-15T21:00:00.000Z,MCT2408043,15.221111,74.087222,33,207.01062500000003,530.625,87.64700374999998,14.176249999999996,10.559375000000003,6.329999999999999,20.76,11.69,5.290000000000001,26.418503125
2026-08-15T21:09:09.210Z,MCT2408043,15.221111,74.087222,33,201.60928571428573,537.8571428571429,87.73474285714285,14.219999999999999,10.516428571428573,6.329999999999999,22.437857142857148,13.358571428571432,5.29,26.42769714285714
2026-08-15T20:10:00.000Z,MCT2408050,15.553611,73.958333,42,86.03,585,92.48785,11.49,3.91,16.96,53.24,28.07,3.03,26.60619
2026-08-15T20:20:00.000Z,MCT2408050,15.553611,73.958333,39.8125,119.46687499999997,579.25,92.48642312499997,11.350000000000001,4.227500000000001,15.691875,49.806875000000005,26.685,3.09875,26.515699374999997
2026-08-15T20:30:00.000Z,MCT2408050,15.553611,73.958333,27.625,87.58999999999999,506.4375,91.446443125,11.41,4.33125,4.558750000000001,14.544374999999997,7.970624999999998,3.4906250000000005,26.271705625000003
2026-08-15T20:40:00.000Z,MCT2408050,15.553611,73.958333,27.6875,90.635,512.75,91.97286812500003,11.470625000000002,4.308125,4.240000000000001,13.041249999999998,6.959374999999999,3.11375,25.903029375000003
2026-08-15T20:50:00.000Z,MCT2408050,15.553611,73.958333,27.5625,90.454375,508.9375,92.29473375000002,11.346875,4.3425,4.240000000000001,13.202499999999999,7.1187499999999995,3.26125,25.747518750000005
2026-08-15T21:00:00.000Z,MCT2408050,15.553611,73.958333,27.75,89.93124999999998,513.4375,92.18744437500001,11.492500000000001,4.311875000000001,4.240000000000001,13.041249999999998,6.959374999999999,3.1687500000000006,25.728749999999994
2026-08-15T21:09:09.387Z,MCT2408050,15.553611,73.958333,27.571428571428573,89.55214285714285,490.64285714285717,92.245345,11.352142857142857,4.299285714285714,4.240000000000001,13.064285714285713,6.982142857142856,3.1049999999999995,25.69456499999999
2026-08-15T20:10:00.000Z,MCT2408034,15.356389,74.123611,53.5,180,484,78.05304,6.48,5.165,24.61,77.37,41.255,1.11,29.90952
2026-08-15T20:20:00.000Z,MCT2408034,15.356389,74.123611,27.625,180.83660833333337,476.75,77.88423916666666,6.772916666666667,4.992083333333333,7.974166666666665,26.14041666666667,14.415833333333332,1.5216666666666667,29.908182500000006
2026-08-15T20:30:00.000Z,MCT2408034,15.356389,74.123611,26.96,181.933964,479.72,77.90899719999999,6.5252,5.0040000000000004,7.583199999999998,25.0948,13.9504,1.4191999999999998,29.8297284
2026-08-15T20:40:00.000Z,MCT2408034,15.356389,74.123611,32.541666666666664,180,479.875,78.11089583333332,6.697500000000002,4.28625,11.316666666666665,36.06791666666667,19.45625,1.4091666666666667,29.81612541666667
2026-08-15T20:50:00.000Z,MCT2408034,15.356389,74.123611,32.84,180.080348,485.16,78.18548560000002,6.4784000000000015,4.936399999999999,11.299599999999996,35.750400000000006,19.0904,1.3111999999999997,29.822436399999997
2026-08-15T21:00:00.000Z,MCT2408034,15.356389,74.123611,28.291666666666668,181.95099166666668,482,78.29686291666665,6.437083333333334,4.567916666666666,8.012083333333333,26.923749999999995,15.197083333333332,1.3266666666666664,29.825957083333332
2026-08-15T21:09:09.397Z,MCT2408034,15.356389,74.123611,47.47826086956522,215.90058695652172,479.9130434782609,78.43683130434782,6.306521739130437,4.966521739130435,20.606956521739136,65.15739130434785,34.73347826086957,1.4239130434782605,29.829319130434783
2026-08-15T20:10:00.000Z,MCT2408029,15.333611,74.206944,12,346.9733,501,92.84644,6.37,7.47,2.94,9.83,5.88,3.5,26.43459
2026-08-15T20:20:00.000Z,MCT2408029,15.333611,74.206944,12.0625,337.27110625,502.6875,93.04623000000001,4.1175,7.67,3.419375,10.476875,5.696250000000001,3.530625,26.323991875000004
2026-08-15T20:30:00.000Z,MCT2408029,15.333611,74.206944,12.3125,338.35092499999996,508.4375,92.90127125000001,4.653124999999999,7.684375,3.3825000000000003,10.656875,5.879999999999999,3.5,26.363539374999995
2026-08-15T20:40:00.000Z,MCT2408029,15.333611,74.206944,12.25,330.1950875,503.875,93.01618812500001,3.767499999999999,7.738124999999999,3.2349999999999994,10.224375,5.734375,3.530625,26.2616525
2026-08-15T20:50:00.000Z,MCT2408029,15.333611,74.206944,12.125,323.27391875000006,500.75,93.20358687500003,3.448749999999999,7.508125,3.198125,10.006875,5.55,3.5612500000000002,26.18791625
2026-08-15T21:00:00.000Z,MCT2408029,15.333611,74.206944,12.375,326.37064999999996,502.75,93.2245675,4.30125,7.41375,3.1612499999999994,9.935,5.550000000000001,3.5,26.21272
2026-08-15T21:09:09.410Z,MCT2408029,15.333611,74.206944,12,324.36373571428567,502,93.25787928571431,4.195714285714286,7.537142857142858,2.982142857142857,9.496428571428572,5.462142857142857,3.505,26.204771428571426
2026-08-15T20:10:00.000Z,MCT2408030,15.142519,74.075003,25,163,482,85.04156,9.59,6.2,9.37,24.64,12.31,3.86,26.34879
2026-08-15T20:20:00.000Z,MCT2408030,15.142519,74.075003,25,163.0476,478.6,85.03545800000002,9.022,6.200000000000002,9.370000000000001,24.639999999999993,12.31,3.928,26.360234
2026-08-15T20:30:00.000Z,MCT2408030,15.142519,74.075003,25,163.19060000000002,483.125,84.92378625,9.096875,6.200000000000002,9.370000000000001,24.639999999999993,12.31,3.9762500000000003,26.389681875
2026-08-15T20:40:00.000Z,MCT2408030,15.142519,74.075003,25,163,490.625,85.04251750000002,9.004375000000001,6.200000000000002,9.370000000000001,24.639999999999993,12.31,3.9725,26.346112500000004
2026-08-15T20:50:00.000Z,MCT2408030,15.142519,74.075003,25,163.53566,488.1333333333333,85.14176733333333,8.991999999999999,6.200000000000002,9.370000000000001,24.639999999999993,12.31,3.996666666666667,26.321623999999996
2026-08-15T21:00:00.000Z,MCT2408030,15.142519,74.075003,25,163.21431875000002,485.125,85.1846175,9.236250000000002,6.200000000000002,9.370000000000001,24.639999999999993,12.31,3.9412499999999997,26.287794375000008
2026-08-15T21:09:09.410Z,MCT2408030,15.142519,74.075003,25,163.63569285714286,489.7857142857143,85.24701285714283,9.043571428571429,6.200000000000002,9.370000000000001,24.639999999999993,12.31,3.861428571428572,26.275248571428573
2026-08-15T20:10:00.000Z,MCT2408051,15.486528,74.033889,52.5,300.505,874.5,97.95813,22.39,5.19,4.98,16.16,9.33,4.39,25.42107
2026-08-15T20:20:00.000Z,MCT2408051,15.486528,74.033889,52.06666666666667,300.0186666666667,872.2,97.97084600000001,22.12266666666666,5.1899999999999995,4.853333333333333,15.662666666666665,8.876666666666667,4.39,25.441446000000003
2026-08-15T20:30:00.000Z,MCT2408051,15.486528,74.033889,52.1875,299.55562499999996,869.25,98.10642624999998,22.20875,5.1899999999999995,4.1175,13.128124999999999,7.156874999999999,4.39,25.45190375
2026-08-15T20:40:00.000Z,MCT2408051,15.486528,74.033889,52,298.4487500000001,872.6875,98.30526687499999,22.069999999999997,5.1899999999999995,4.3525,14.138124999999997,7.9350000000000005,4.39,25.433135625
2026-08-15T20:50:00.000Z,MCT2408051,15.486528,74.033889,52.0625,287.98750000000007,851.5,98.26521375,22.131874999999997,5.1899999999999995,3.8081249999999986,11.733124999999998,6.068124999999999,4.39,25.345323750000002
2026-08-15T21:00:00.000Z,MCT2408051,15.486528,74.033889,51.9375,283.02687499999996,838.8125,97.570939375,22.033125,5.1899999999999995,3.7299999999999986,11.228749999999998,5.640000000000001,4.39,25.243437500000002
2026-08-15T21:09:09.552Z,MCT2408051,15.486528,74.033889,52.2,290.3293333333333,836.8,97.36201933333331,22.197999999999997,5.1899999999999995,3.7299999999999986,11.520666666666667,5.930666666666666,4.39,25.179758666666665
2026-08-15T20:10:00.000Z,MCT2408023,15.499722,74.020833,35.5,223.725,462.5,92.1369,7.355,17.66,10.775,36.09,23.924999999999997,5.38,25.13686
2026-08-15T20:20:00.000Z,MCT2408023,15.499722,74.020833,33.0625,233.503125,461.375,92.13689999999998,7.4768750000000015,18.368750000000002,8.790625,30.475,20.48125,5.236875000000001,25.130153749999998
2026-08-15T20:30:00.000Z,MCT2408023,15.499722,74.020833,30.6875,234.55937500000002,460.3125,92.16551249999998,7.476875,18.063125,7.286875000000001,26.121875000000003,17.853125,5.378125,25.14959312500001
2026-08-15T20:40:00.000Z,MCT2408023,15.499722,74.020833,33.266666666666666,222.756,460.53333333333336,92.19030999999997,7.326666666666666,19.065333333333335,8.616666666666667,30.480000000000008,20.783333333333335,5.273333333333332,25.214792666666664
2026-08-15T20:50:00.000Z,MCT2408023,15.499722,74.020833,34.125,150.51,451.875,92.06871312499999,7.593750000000001,19.928124999999998,9.820625,33.4025,22.021875,5.439374999999999,25.22802125
2026-08-15T21:00:00.000Z,MCT2408023,15.499722,74.020833,40.0625,150.51,449.75,91.99003374999997,7.204375000000001,20.17125,13.940625,45.356249999999996,29.090625,5.362500000000001,25.209250625
2026-08-15T21:09:09.583Z,MCT2408023,15.499722,74.020833,27.6,195.54333333333332,443.6666666666667,91.96753066666666,7.581333333333332,21.146000000000004,7.606666666666668,23.133333333333336,14.210000000000004,5.538666666666667,25.21050333333333
2026-08-15T20:10:00.000Z,MCT2408027,15.275556,74.1075,22,1171.46,600,91.29767,6.58,12.71,5.92,18.73,9.88,2.95,26.69199
2026-08-15T20:20:00.000Z,MCT2408027,15.275556,74.1075,21.25,1163.42375,607.5625,91.314835,6.579999999999999,12.619375000000003,5.053750000000001,16.695625,9.570625,2.9500000000000006,26.676576875000006
2026-08-15T20:30:00.000Z,MCT2408027,15.275556,74.1075,21.1875,1163.5731250000001,633.1875,91.47028374999998,6.579999999999999,12.646250000000004,5.115625000000001,16.881874999999997,9.633125,2.9500000000000006,26.655125
2026-08-15T20:40:00.000Z,MCT2408027,15.275556,74.1075,21.125,1162.056875,638.1875,91.537995,6.579999999999999,12.590000000000003,4.991875,16.325625,9.324375,2.9500000000000006,26.647751250000002
2026-08-15T20:50:00.000Z,MCT2408027,15.275556,74.1075,20.375,1166.48875,612.375,91.54657749999998,6.579999999999999,12.621875000000003,4.9300000000000015,15.157499999999999,8.2775,2.9500000000000006,26.64842250000001
2026-08-15T21:00:00.000Z,MCT2408027,15.275556,74.1075,22,1160.283125,641.6875,91.56565062499998,6.579999999999999,12.621875000000005,5.239375000000001,18.235625,10.746875,2.9500000000000006,26.65177437500001
2026-08-15T21:09:09.590Z,MCT2408027,15.275556,74.1075,21.6,1164.1973333333333,623.0666666666667,91.617592,6.579999999999999,12.556000000000003,5.259333333333333,17.41466666666667,9.946666666666665,2.9500000000000006,26.679837999999997
2026-08-15T20:10:00.000Z,MCT2408040,15.528056,74.020833,19,100,473.5,88.88678,8.2,4.965,3.07,8.42,3.73,3.5,26.72417
2026-08-15T20:20:00.000Z,MCT2408040,15.528056,74.020833,18.866666666666667,100,471.6666666666667,88.8857626666667,7.982,4.898666666666666,3.07,8.42,3.7299999999999986,3.5,26.721311333333343
2026-08-15T20:30:00.000Z,MCT2408040,15.528056,74.020833,19.0625,100,469.8125,88.87056625000001,8.1925,4.903125,3.07,8.42,3.7299999999999986,3.5,26.72149000000001
2026-08-15T20:40:00.000Z,MCT2408040,15.528056,74.020833,19,100,467.5625,88.68317000000002,8.110000000000001,4.841875000000001,3.07,8.42,3.7299999999999986,3.5,26.737577500000008
2026-08-15T20:50:00.000Z,MCT2408040,15.528056,74.020833,19,100,448.375,88.61593625,8.109375000000002,4.679375,3.07,8.42,3.7299999999999986,3.5,26.623621875
2026-08-15T21:00:00.000Z,MCT2408040,15.528056,74.020833,19.125,100,434.625,88.62308999999999,8.283750000000001,4.784374999999999,3.07,8.42,3.7299999999999986,3.5,26.406439374999998
2026-08-15T21:09:09.607Z,MCT2408040,15.528056,74.020833,19.133333333333333,100,429.8,88.6116113333333,8.233333333333334,4.746666666666666,3.07,8.42,3.7299999999999986,3.5,26.32376866666667
2026-08-15T20:10:00.000Z,MCT2408049,15.475278,74.055833,56.5,150,542,87.53638,24.08,9.95,5.75,16.855,8.825,2.61,26.965485
2026-08-15T20:20:00.000Z,MCT2408049,15.475278,74.055833,56.4375,150,545.1875,87.71614374999999,24.065625000000004,11.008749999999997,5.7025,17.1875,9.209375000000005,2.61,26.933980625
2026-08-15T20:30:00.000Z,MCT2408049,15.475278,74.055833,56.75,150,529.5,87.88208312500001,24.148125,12.53375,6.371875000000001,18.769375000000004,9.781875000000003,2.61,26.91252937499999
2026-08-15T20:40:00.000Z,MCT2408049,15.475278,74.055833,57.0625,150,532.6875,88.02847374999997,24.444374999999997,11.984375,6.18,18.146250000000002,9.495625000000002,2.61,26.887059374999996
2026-08-15T20:50:00.000Z,MCT2408049,15.475278,74.055833,56.6875,150.1736125,524.875,88.275475625,24.224375000000006,12.52625,5.9887500000000005,18.194375,9.829375,2.61,26.795895625
2026-08-15T21:00:00.000Z,MCT2408049,15.475278,74.055833,56.75,150.51775625,496.4375,87.774318125,24.139999999999997,13.9975,4.695625,14.985,8.056875,2.61,26.693334375
2026-08-15T21:09:09.607Z,MCT2408049,15.475278,74.055833,56.42857142857143,150,487.92857142857144,87.38269928571428,23.997142857142858,13.327142857142858,5.476428571428571,17.01714285714286,9.097857142857142,2.61,26.614619285714287
2026-08-15T20:10:00.000Z,MCT2408044,15.313669,74.140042,26,214.29,480.5,94.99792,10.98,3.32,2.87,8,4.865,3.7589740000000003,25.37281
2026-08-15T20:20:00.000Z,MCT2408044,15.313669,74.140042,25.785714285714285,214.29,478.85714285714283,94.97340285714287,10.796428571428573,3.32,3.3649999999999993,10.071428571428571,6.372857142857144,3.911446857142857,25.37817071428572
2026-08-15T20:30:00.000Z,MCT2408044,15.313669,74.140042,25.666666666666668,214.29,477.8666666666667,94.98266666666669,10.762666666666664,3.32,2.9853333333333336,8.7,5.441999999999999,4.039145133333333,25.34992933333333
2026-08-15T20:40:00.000Z,MCT2408044,15.313669,74.140042,25.875,214.29,472,95.00364250000001,10.948125000000001,3.32,3.915,11.59375,7.232500000000001,3.9681088125,25.343314374999995
2026-08-15T20:50:00.000Z,MCT2408044,15.313669,74.140042,26,214.29,473.25,95.0494225,11.035,3.32,3.0512499999999996,9.1875,5.814374999999999,4.03084925,25.301084375000006
2026-08-15T21:00:00.000Z,MCT2408044,15.313669,74.140042,26,214.29,477.53333333333336,95.01826666666669,11.025333333333332,3.348,2.9086666666666665,8.233333333333333,5.044666666666666,4.147863133333333,25.335628
2026-08-15T21:09:09.744Z,MCT2408044,15.313669,74.140042,25.857142857142858,214.29,480.2142857142857,94.99792000000001,10.907142857142853,3.35,2.87,7.607142857142857,4.435714285714286,3.9211537857142855,25.355954999999998
2026-08-15T20:10:00.000Z,MCT2408046,15.529167,74.07,30,95.52,922,89.42847,12.805,1.9899999999999998,6.95,21.11,10.28,4,26.836785
2026-08-15T20:20:00.000Z,MCT2408046,15.529167,74.07,30.56,95.52,916.92,89.07019039999997,12.955199999999998,2.016799999999999,5.916799999999999,18.176400000000005,9.1932,3.9419999999999997,26.962695999999998
2026-08-15T20:30:00.000Z,MCT2408046,15.529167,74.07,30.6,95.52,914.24,88.41803039999999,12.9988,1.9807999999999995,5.085200000000001,15.772000000000006,8.007200000000001,3.9607999999999994,27.131292799999997
2026-08-15T20:40:00.000Z,MCT2408046,15.529167,74.07,30.4,95.52,915.16,88.6667472,12.897599999999997,1.9284000000000001,5.060000000000001,14.7064,7.185600000000002,3.9852000000000003,27.06394
2026-08-15T20:50:00.000Z,MCT2408046,15.529167,74.07,30.36,95.52,905.08,88.8846436,12.875199999999998,1.7868000000000002,5.060000000000001,14.484399999999999,6.896800000000001,4.1800000000000015,26.9202248
2026-08-15T21:00:00.000Z,MCT2408046,15.529167,74.07,30.24,95.52,881.04,90.1090092,12.7816,1.5848000000000004,5.060000000000001,13.330000000000002,5.75,4.466800000000002,26.245402400000003
2026-08-15T21:09:09.774Z,MCT2408046,15.529167,74.07,30.59090909090909,95.52,891.7727272727273,92.81002454545457,12.973636363636361,1.488181818181818,5.060000000000001,13.330000000000005,5.75,4.536818181818182,25.439594999999997
2026-08-15T20:10:00.000Z,MCT2408037,15.394444,74.118333,26,160,468,86.37671,10.96,14.43,3.72,14.72,8.24,3.47,26.43459
2026-08-15T20:20:00.000Z,MCT2408037,15.394444,74.118333,25.25,160,465.5625,86.35811125000001,10.604999999999999,14.440000000000001,4.645625,17.938125000000003,9.64625,3.768125,26.442636874999998
2026-08-15T20:30:00.000Z,MCT2408037,15.394444,74.118333,25,160.17791875,458.25,86.46301750000002,10.269375,14.525000000000002,4.5062500000000005,17.530000000000005,9.505625,3.872499999999999,26.403758750000005
2026-08-15T20:40:00.000Z,MCT2408037,15.394444,74.118333,24.9375,160.03741250000002,452.9375,86.63753750000002,10.325625,14.498125,4.460000000000001,17.683125,9.64625,3.915,26.33873875
2026-08-15T20:50:00.000Z,MCT2408037,15.394444,74.118333,25.3125,160.28558750000002,455,86.71001750000002,10.581875000000002,14.054375,5.063125000000001,18.807499999999997,9.9275,3.7175000000000007,26.332705000000004
2026-08-15T21:00:00.000Z,MCT2408037,15.394444,74.118333,25.4375,160.35315,457.5,86.72909187500001,10.665625000000002,14.39125,5.108750000000001,20.23875,11.14625,3.8043749999999994,26.334716875
2026-08-15T21:09:09.783Z,MCT2408037,15.394444,74.118333,25.133333333333333,160.29284666666666,454.8,86.72613533333335,10.555333333333333,14.508000000000003,4.904666666666668,18.863333333333337,10.09,3.786,26.350939999999994
2026-08-15T20:10:00.000Z,MCT2408042,15.213889,74.071667,63,283.4,477,89.97778,27.3,13.06,4.55,15.5,9.11,3.18,26.8636
2026-08-15T20:20:00.000Z,MCT2408042,15.213889,74.071667,61.875,282.87562500000007,473.3125,89.98874937499998,26.61125,12.768749999999999,4.6637499999999985,14.990000000000002,8.370625,3.680625,26.856225625
2026-08-15T20:30:00.000Z,MCT2408042,15.213889,74.071667,61.625,286.026875,476.6875,90.07267249999998,26.45125,13.210625,4.606874999999999,14.988750000000001,8.484375000000002,3.754375,26.824719374999997
2026-08-15T20:40:00.000Z,MCT2408042,15.213889,74.071667,61.6875,280.17375000000004,462.8125,90.12369374999999,26.481875,13.075000000000003,4.606874999999999,15.218125,8.711875000000001,3.894375,26.809970625000005
2026-08-15T20:50:00.000Z,MCT2408042,15.213889,74.071667,61.6875,270.21812500000004,471.125,90.19474374999999,26.488125000000004,13.251875,4.6637499999999985,15.216250000000002,8.655,3.5618749999999997,26.765733749999992
2026-08-15T21:00:00.000Z,MCT2408042,15.213889,74.071667,61.4375,280.64250000000004,472.9375,90.43793124999999,26.343749999999996,13.253750000000002,4.777499999999999,15.901874999999999,9.053125,3.6556249999999997,26.701380000000007
2026-08-15T21:09:09.804Z,MCT2408042,15.213889,74.071667,61.333333333333336,282.36600000000004,480.46666666666664,90.408588,26.27333333333333,12.794666666666666,4.671333333333332,15.258666666666667,8.624666666666666,3.5706666666666673,26.755632
2026-08-15T20:10:00.000Z,MCT2408041,15.224628,74.171389,33,440.42325,493,91.10693,13.785,9.7,8.09,20.25,8.9,7.98,26.57938
2026-08-15T20:20:00.000Z,MCT2408041,15.224628,74.171389,32.875,456.7554625,480.5625,91.17321375,13.783749999999998,9.7,8.090000000000002,20.25,8.900000000000002,8.014375000000001,26.537150625
2026-08-15T20:30:00.000Z,MCT2408041,15.224628,74.171389,32.8125,455.69819999999993,470.3125,91.38826687500003,13.75,9.7,8.090000000000002,20.25,8.900000000000002,7.964999999999999,26.500955625000003
2026-08-15T20:40:00.000Z,MCT2408041,15.224628,74.171389,32.75,455.70198125,463.75,91.46551375000003,13.69375,9.7,8.090000000000002,20.25,8.900000000000002,8.028750000000002,26.57871
2026-08-15T20:50:00.000Z,MCT2408041,15.224628,74.171389,32.75,460.44971875000005,464.625,91.58329437500002,13.726249999999997,9.7,8.090000000000002,20.25,8.900000000000002,7.973749999999999,26.617588124999997
2026-08-15T21:00:00.000Z,MCT2408041,15.224628,74.171389,32.875,454.05421875,470.0625,91.532271875,13.748125,9.7,8.090000000000002,20.25,8.900000000000002,7.999375,26.655796875
2026-08-15T21:09:09.804Z,MCT2408041,15.224628,74.171389,32.785714285714285,449.1955357142857,485.42857142857144,91.32328,13.796428571428569,9.700000000000001,8.090000000000002,20.25,8.900000000000002,7.832857142857144,26.740260000000003
2026-08-15T20:10:00.000Z,MCT2408033,15.346944,74.007778,20,110,482,90.29059,8.2,4.71,4.85,11.79,7.06,4.39,26.76707
2026-08-15T20:20:00.000Z,MCT2408033,15.346944,74.007778,20.25,110.6303375,498.9375,90.30155625,8.383125000000001,4.820000000000001,4.735,12.883125,8.345625000000002,4.39,26.770423750000003
2026-08-15T20:30:00.000Z,MCT2408033,15.346944,74.007778,20,111.27092499999999,488.4375,90.43411750000003,8.2425,4.799375,4.923749999999999,13.013124999999999,8.236875,4.39,26.777798125000004
2026-08-15T20:40:00.000Z,MCT2408033,15.346944,74.007778,20.1875,111.90236249999997,505.9375,90.44413062500001,8.293750000000001,4.7368749999999995,4.470000000000001,12.018124999999998,7.649375000000001,4.39,26.820025625
2026-08-15T20:50:00.000Z,MCT2408033,15.346944,74.007778,20.1875,112.79008750000001,508.1875,90.36545062500002,8.255625,4.757499999999999,4.394375,11.826249999999998,7.502500000000001,4.39,26.83611375
2026-08-15T21:00:00.000Z,MCT2408033,15.346944,74.007778,20.4375,113.46898124999998,498.875,90.415519375,8.559375000000001,4.501875,4.696875,12.626875,8.126249999999999,4.39,26.807960624999996
2026-08-15T21:09:09.937Z,MCT2408033,15.346944,74.007778,20,113.96826666666666,462.6,90.4146926666667,8.208000000000002,4.512,4.645333333333332,12.512,7.962666666666667,4.39,26.785662666666667
2026-08-15T20:10:00.000Z,MCT2408024,15.148056,74.131667,41,219.55180000000001,610.5,81.15057,17.885640000000002,7.2150075000000005,5,14.99,7.99,2.475,27.61435
2026-08-15T20:20:00.000Z,MCT2408024,15.148056,74.131667,40.52,219.31236,576.36,81.1505716,17.4949088,6.810967079999999,5,15.150000000000004,8.150000000000002,2.5100000000000007,27.614350000000012
2026-08-15T20:30:00.000Z,MCT2408024,15.148056,74.131667,40.625,218.67688333333334,580.5416666666666,81.19762166666668,17.617542083333337,6.942340333333333,5,14.990000000000004,7.990000000000002,2.5054166666666666,27.621500833333343
2026-08-15T20:40:00.000Z,MCT2408024,15.148056,74.131667,40.76,218.72636000000006,571.48,81.17193640000002,17.684041200000003,6.9264072,5,14.990000000000004,7.990000000000002,2.5164,27.624646400000007
2026-08-15T20:50:00.000Z,MCT2408024,15.148056,74.131667,40.72,217.84842399999997,584.16,81.12951720000002,17.642324000000002,6.464646720000001,5,15.030000000000005,8.030000000000003,2.5244,27.64652719999999
2026-08-15T21:00:00.000Z,MCT2408024,15.148056,74.131667,40.708333333333336,218.68169166666667,580.7083333333334,81.22305333333337,17.622608333333336,7.0947573749999995,5,14.990000000000004,7.990000000000002,2.521666666666667,27.64429208333334
2026-08-15T21:09:09.966Z,MCT2408024,15.148056,74.131667,40.82608695652174,218.54605652173916,604.5652173913044,81.27430217391307,17.73539608695652,6.99322443478261,5,15.076956521739135,8.076956521739133,2.498695652173913,27.634401304347822
2026-08-15T20:10:00.000Z,MCT2408045,15.619444,73.878889,28.5,178.12,573,87.26172,12.09,17.62,8.05,27.095,13.855,2.53,26.91722
2026-08-15T20:20:00.000Z,MCT2408045,15.619444,73.878889,27.6875,178.11999999999995,574.5,87.455315625,11.46,16.55,7.739375,26.772499999999997,14.10125,2.5300000000000002,26.913199999999996
2026-08-15T20:30:00.000Z,MCT2408045,15.619444,73.878889,28,184.526,545.6,86.81158466666668,11.720666666666668,16.42666666666667,3.2206666666666677,11.600000000000001,6.1433333333333335,2.5300000000000002,26.658389333333332
2026-08-15T20:40:00.000Z,MCT2408045,15.619444,73.878889,27.8125,198.51250000000002,530.4375,86.54789437500001,11.617500000000001,16.654999999999998,3.020000000000001,10.554999999999998,5.371250000000002,2.5300000000000002,26.180541875
2026-08-15T20:50:00.000Z,MCT2408045,15.619444,73.878889,27.8125,197.061875,523.25,86.59939062500001,11.543125000000002,17.226874999999996,3.020000000000001,10.1275,4.945625,2.5300000000000002,25.977435625
2026-08-15T21:00:00.000Z,MCT2408045,15.619444,73.878889,27.875,196.06750000000002,525.3125,86.77105312500001,11.575625000000002,16.906875,3.020000000000001,10.27,5.08625,2.5300000000000002,25.84404125
2026-08-15T21:09:09.976Z,MCT2408045,15.619444,73.878889,27.666666666666668,193.714,528.0666666666667,86.83294666666664,11.441333333333334,16.996666666666666,3.020000000000001,9.966000000000003,4.785999999999999,2.5300000000000002,25.76248733333334
2026-08-15T20:10:00.000Z,MCT2408022,15.475833,74.038889,33,150,457,91.16034,4.02,11.14257,10,31,17,4.156195,25.98414
2026-08-15T20:20:00.000Z,MCT2408022,15.475833,74.038889,31.1875,150,461.25,91.1832275,3.859375,11.179908125,8.9375,27.8125,15.0625,4.288394375,25.993521875
2026-08-15T20:30:00.000Z,MCT2408022,15.475833,74.038889,30.375,150,461.5625,91.15747937500001,3.9793749999999997,11.175640625,8.4375,26.125,14.1875,4.256655875,26.031730625
2026-08-15T20:40:00.000Z,MCT2408022,15.475833,74.038889,30,150,465.6875,91.11074750000003,4.048125000000001,11.121171874999998,8.1875,25.5625,14.125,4.2594026875,26.05653125
2026-08-15T20:50:00.000Z,MCT2408022,15.475833,74.038889,27.6,150,450.3333333333333,90.57948799999998,4.172,11.456961333333334,6.4,20.933333333333334,11.666666666666666,4.2987514,26.069221999999993
2026-08-15T21:00:00.000Z,MCT2408022,15.475833,74.038889,26.5625,150,430.875,90.19045249999998,4.1743749999999995,11.354541875,5.4375,18.625,10.75,4.31858425,25.92649125
2026-08-15T21:09:09.999Z,MCT2408022,15.475833,74.038889,26.133333333333333,150,426.6,90.18530333333334,4.1193333333333335,11.415661333333336,5.133333333333334,17.8,10.533333333333333,4.315024866666667,25.736746666666665
2026-08-15T20:10:00.000Z,MCT2408032,15.525556,73.828611,37.5,270.34000000000003,546,68.184415,16.89,48.83,7.83,24.174999999999997,12.745000000000001,4.675,31.947294999999997
2026-08-15T20:20:00.000Z,MCT2408032,15.525556,73.828611,36.76,260.01759999999996,561,68.11041240000002,15.599199999999998,49.25039999999999,11.219600000000003,34.13440000000001,17.950799999999997,4.420400000000001,31.935709200000005
2026-08-15T20:30:00.000Z,MCT2408032,15.525556,73.828611,36.52,251.4332,565,72.12530479999998,16.100399999999993,46.779999999999994,7.120000000000002,21.903599999999997,11.892000000000005,3.9167999999999994,30.706611599999995
2026-08-15T20:40:00.000Z,MCT2408032,15.525556,73.828611,36.24,238.11359999999996,615.8,76.38647519999999,15.839199999999998,45.35239999999999,7.120000000000002,19.9696,9.966000000000003,3.1975999999999996,29.429898000000012
2026-08-15T20:50:00.000Z,MCT2408032,15.525556,73.828611,35.166666666666664,217.86958333333337,612.7916666666666,77.91602875,14.902500000000003,44.10375000000001,7.120000000000002,19.438749999999995,9.438750000000004,2.5883333333333343,29.06671125
2026-08-15T21:00:00.000Z,MCT2408032,15.525556,73.828611,34.72,205.16760000000005,573.84,77.45214800000001,14.451200000000005,43.852,7.120000000000002,21.676399999999997,11.664800000000003,2.2532,29.2797468
2026-08-15T21:09:09.999Z,MCT2408032,15.525556,73.828611,34.26086956521739,211.9865217391304,586.4782608695652,76.59947478260871,14.078695652173916,45.28304347826087,7.120000000000002,21.890434782608693,11.880869565217395,2.1813043478260865,29.595233478260877
2026-08-15T20:10:00.000Z,MCT2408036,15.171567,74.067106,37,120,536,91.5647,10.95,7.77,2.63,10.13,6.59,11.45,26.08066
2026-08-15T20:20:00.000Z,MCT2408036,15.171567,74.067106,36.5,120,533.3125,91.83697062499999,9.81375,7.561875000000001,6.38,18.586875,9.78125,11.255,26.00893875
2026-08-15T20:30:00.000Z,MCT2408036,15.171567,74.067106,36.625,120,525.375,91.82361874999998,10.376875,7.363124999999999,5.328125,15.83125,8.485,11.4025,26.0377625
2026-08-15T20:40:00.000Z,MCT2408036,15.171567,74.067106,36.375,120,537.625,92.09494062499999,10.225624999999999,7.659999999999998,4.5718749999999995,13.709374999999998,7.409375000000001,11.281250000000002,25.966708124999997
2026-08-15T20:50:00.000Z,MCT2408036,15.171567,74.067106,36.2,120,544.4666666666667,91.6013186666667,10.061333333333334,8.193999999999999,6.104666666666666,17.662666666666667,9.286,11.152666666666669,26.12356466666667
2026-08-15T21:00:00.000Z,MCT2408036,15.171567,74.067106,36,120,537.875,91.22328125000001,10.419375,8.336875,8.223125,22.575625,11.27125,10.935000000000002,26.240871874999996
2026-08-15T21:09:10.129Z,MCT2408036,15.171567,74.067106,35.6,120,542.4666666666667,91.30072000000001,10.672666666666666,8.245999999999999,4.42,12.496666666666664,6.4159999999999995,10.737333333333334,26.245115999999996
2026-08-15T20:10:00.000Z,MCT2408031,15.290833,74.149167,18,182.0968,456,87.61267,7.573902,6,4.29,12.17,7.14,5.47,26.20937
2026-08-15T20:20:00.000Z,MCT2408031,15.290833,74.149167,18.3125,178.08184375,459.6875,87.616961875,7.58960625,6.2212614375,4.22875,11.520625,6.5775,4.99375,26.181886249999998
2026-08-15T20:30:00.000Z,MCT2408031,15.290833,74.149167,18.1875,170.45543125,466,87.64891125,7.4486644375,6.622883062500001,4.169375,11.575625,6.756875000000001,4.920624999999999,26.165127499999997
2026-08-15T20:40:00.000Z,MCT2408031,15.290833,74.149167,17.75,168.0563375,465.3125,87.70422312500001,7.124683125,6.982634812499999,4.436249999999999,12.119375,6.965,5.1899999999999995,26.16311625
2026-08-15T20:50:00.000Z,MCT2408031,15.290833,74.149167,17.8125,177.22840000000005,463.1875,87.77956437500002,7.1864441875,7.19155425,4.910625,13.396875,7.6781250000000005,5.122499999999999,26.179202500000002
2026-08-15T21:00:00.000Z,MCT2408031,15.290833,74.149167,19.8125,169.9651875,464.9375,87.85347250000002,7.236987749999999,6.2365096875,7.886874999999999,21.603749999999998,12.321875,5.01,26.19596312499999
2026-08-15T21:09:10.156Z,MCT2408031,15.290833,74.149167,21.333333333333332,177.56231999999997,468.73333333333335,87.81561333333335,7.1534344,6.7152698,9.268666666666663,25.448666666666668,14.508666666666663,5.046666666666667,26.24011266666667
2026-08-15T20:10:00.000Z,MCT2408035,15.236111,74.125,48,190,711,90.96198,19.54985,10.3,3.8,10.19,4.91,3.83,26.78852
2026-08-15T20:20:00.000Z,MCT2408035,15.236111,74.125,48.5625,190,702.6875,91.12123687500004,20.2869225,10.300625000000002,3.799999999999999,10.19,4.909999999999998,3.8299999999999987,26.737578125000002
2026-08-15T20:30:00.000Z,MCT2408035,15.236111,74.125,47.875,190,696.75,91.63002375,19.656225624999998,9.741875000000002,3.799999999999999,10.19,4.909999999999998,3.8299999999999987,26.519052500000004
2026-08-15T20:40:00.000Z,MCT2408035,15.236111,74.125,47.75,190,698.375,91.95761062500003,19.559731874999997,10.17875,3.799999999999999,10.19,4.909999999999998,3.8299999999999987,26.408450000000002
2026-08-15T20:50:00.000Z,MCT2408035,15.236111,74.125,48,190,704.0625,91.51177000000001,19.675989374999997,10.100625,3.799999999999999,10.19,4.909999999999998,3.8299999999999987,26.546536250000003
2026-08-15T21:00:00.000Z,MCT2408035,15.236111,74.125,48.4375,190,704.5625,91.40495687500004,20.170665,10.182500000000001,4.988124999999999,14.43375,7.38375,3.8299999999999987,26.548545625
2026-08-15T21:09:10.164Z,MCT2408035,15.236111,74.125,47,190,698.7333333333333,91.37192733333336,19.001114666666663,9.997333333333332,3.799999999999999,10.19,4.909999999999998,3.8299999999999987,26.601187999999997
2026-08-15T20:10:00.000Z,MCT2408038,15.188889,74.055556,24,419.56,602,90.06934,10.31,13.33,5.95,16.9,7.94,4.83,26.85287
2026-08-15T20:20:00.000Z,MCT2408038,15.188889,74.055556,23.3125,404.081875,588.875,90.21763312499998,9.914375000000001,13.330000000000005,5.950000000000002,16.900000000000002,7.939999999999999,4.7837499999999995,26.84885
2026-08-15T20:30:00.000Z,MCT2408038,15.188889,74.055556,23.375,415.456875,591.3125,90.28486749999999,9.935,13.330000000000005,5.950000000000002,16.900000000000002,7.939999999999999,4.748125,26.864938749999993
2026-08-15T20:40:00.000Z,MCT2408038,15.188889,74.055556,23.125,412.06499999999994,565.4375,90.16422687500001,9.857500000000002,13.330000000000005,5.950000000000002,16.900000000000002,7.939999999999999,4.748125,26.906499374999996
2026-08-15T20:50:00.000Z,MCT2408038,15.188889,74.055556,23,415.22625,592.125,90.02213124999999,9.673749999999998,13.330000000000005,5.950000000000002,16.900000000000002,7.939999999999999,4.760624999999999,26.978889999999996
2026-08-15T21:00:00.000Z,MCT2408038,15.188889,74.055556,23.3125,412.57,614.9375,90.11558874999999,9.965000000000002,13.330000000000005,5.950000000000002,16.900000000000002,7.939999999999999,4.760624999999999,26.96883625
2026-08-15T21:09:10.195Z,MCT2408038,15.188889,74.055556,23,419.0135714285713,602,90.15544,9.773571428571428,13.330000000000004,6.274285714285715,18.389285714285712,9.440714285714284,4.781428571428572,26.961654285714285
2026-08-15T20:10:00.000Z,MCT2408039,15.163611,74.110833,29,347.17499999999995,492.5,86.33856,10.149999999999999,10.3,9.02,28.94,11.76,2.3,26.66518
2026-08-15T20:20:00.000Z,MCT2408039,15.163611,74.110833,29,334.785,490.25,86.50068562500003,9.880624999999998,10.3,9.019999999999998,28.94,11.759999999999998,2.3,26.6256325
2026-08-15T20:30:00.000Z,MCT2408039,15.163611,74.110833,29,334.71125,495.4375,86.72003125000003,9.328124999999998,10.3,9.019999999999998,28.94,11.759999999999998,2.3,26.586753125000005
2026-08-15T20:40:00.000Z,MCT2408039,15.163611,74.110833,29,334.30000000000007,495.5,86.663289375,9.99625,10.3,9.019999999999998,28.94,11.759999999999998,2.3,26.617588125000005
2026-08-15T20:50:00.000Z,MCT2408039,15.163611,74.110833,29,346.55312499999997,482.375,86.81969125,10.62,10.3,9.019999999999998,28.94,11.759999999999998,2.3,26.576700000000002
2026-08-15T21:00:00.000Z,MCT2408039,15.163611,74.110833,29,348.4406666666667,492.6,86.78361000000002,10.392666666666665,10.3,9.019999999999998,28.94,11.759999999999998,2.3,26.626212000000002
2026-08-15T21:09:10.196Z,MCT2408039,15.163611,74.110833,29,359.6686666666667,486.8666666666667,86.744446,9.19933333333333,10.3,9.019999999999998,28.94,11.759999999999998,2.3,26.614057999999993
2026-08-15T20:10:00.000Z,MCT2408026,15.2467,74.198281,32,125,486.5,85.823575,13.351904999999999,12.5,4.73,14.51,7.71,2.195,28.07017
2026-08-15T20:20:00.000Z,MCT2408026,15.2467,74.198281,32.416666666666664,125,496.2083333333333,85.78002583333334,13.49335,12.5,4.730000000000003,14.670416666666663,7.87125,2.0900000000000003,28.04737916666667
2026-08-15T20:30:00.000Z,MCT2408026,15.2467,74.198281,32.541666666666664,125,497.0833333333333,85.76476791666666,13.507952500000002,12.5,4.730000000000003,14.549999999999995,7.750416666666667,2.1720833333333336,28.031291666666664
2026-08-15T20:40:00.000Z,MCT2408026,15.2467,74.198281,32.541666666666664,125,496.0416666666667,84.85083041666665,13.576656250000001,12.5,4.730000000000003,14.75083333333333,7.951666666666665,2.1424999999999996,28.22076666666666
2026-08-15T20:50:00.000Z,MCT2408026,15.2467,74.198281,32.375,125,501.9583333333333,85.36263625,13.399143333333335,12.5,4.730000000000003,14.630416666666664,7.8308333333333335,2.17625,28.05452916666667
2026-08-15T21:00:00.000Z,MCT2408026,15.2467,74.198281,32.541666666666664,125,499.5416666666667,85.65191541666667,13.513671666666669,12.5,4.730000000000003,14.749999999999998,7.952500000000001,2.1791666666666663,27.987945416666665
2026-08-15T21:09:10.321Z,MCT2408026,15.2467,74.198281,32.45454545454545,125,503.6818181818182,85.84473272727274,13.543060000000002,12.5,4.730000000000003,14.597272727272724,7.798181818181818,2.1940909090909084,27.90588181818181
2026-08-15T21:10:00.000Z,MCT2408020,15.543475,74.039433,23,180,438.6,89.291138,9.086350900000001,18.664685999999996,5.57,15.84,7.4300000000000015,3.6599999999999993,26.125709
2026-08-15T21:20:00.000Z,MCT2408020,15.543475,74.039433,23,180,433.6666666666667,89.368956,9.226522866666668,19.16017,5.5699999999999985,15.840000000000002,7.430000000000003,3.6599999999999984,26.137148
2026-08-15T21:30:00.000Z,MCT2408020,15.543475,74.039433,23,180,440.6875,89.47376625000001,9.476566375,18.7849025,5.5699999999999985,16.075,7.6625,3.6599999999999984,26.163116875
2026-08-15T21:40:00.000Z,MCT2408020,15.543475,74.039433,23.1875,180,438.6875,89.44181999999998,9.372529125,18.91129875,5.5699999999999985,16.366875,7.953125,3.6599999999999984,26.155070624999997
2026-08-15T21:50:00.000Z,MCT2408020,15.543475,74.039433,23,180,443.4375,89.26777437499997,9.372529375000001,19.206421875,5.5699999999999985,16.075000000000003,7.662500000000001,3.6599999999999984,26.205345624999996
2026-08-15T22:00:00.000Z,MCT2408020,15.543475,74.039433,23,180,442.875,89.33596062500001,9.209842249999998,19.126811874999994,5.5699999999999985,15.957500000000001,7.546250000000002,3.6599999999999984,26.19864125
2026-08-15T22:04:12.435Z,MCT2408020,15.543475,74.039433,23,180,445,89.12983,9.320195428571427,18.385047142857143,5.57,16.10857142857143,7.695714285714286,3.66,26.259927142857144
2026-08-15T21:10:00.000Z,MCT2408057,15.272222,74.104722,30,340.89214285714286,469.7857142857143,83.25628571428572,12.465000000000002,8.764285714285716,3.322857142857142,10.943571428571428,6.205714285714286,2.238571428571429,28.699884285714287
2026-08-15T21:20:00.000Z,MCT2408057,15.272222,74.104722,30,340.7231999999999,476.24,83.64721600000001,12.478399999999999,8.789200000000003,3.0759999999999996,9.793200000000002,5.532800000000002,2.2923999999999998,28.583473600000016
2026-08-15T21:30:00.000Z,MCT2408057,15.272222,74.104722,30,342.29519999999997,478.4,83.5303336,12.5476,8.636800000000003,3.003999999999999,9.680400000000004,5.554800000000001,2.2444,28.531136400000005
2026-08-15T21:40:00.000Z,MCT2408057,15.272222,74.104722,30,341.36279999999994,476.8,83.48181160000001,12.554400000000001,8.713600000000003,3.2436000000000003,10.6068,6.0440000000000005,2.2904,28.484803999999993
2026-08-15T21:50:00.000Z,MCT2408057,15.272222,74.104722,30,342.1283333333333,479.125,83.892705,12.536250000000003,8.715000000000003,3.403333333333333,11.0025,6.204166666666667,2.3449999999999993,28.333830416666682
2026-08-15T22:00:00.000Z,MCT2408057,15.272222,74.104722,30,341.9939999999999,478.72,84.57373160000002,12.5744,8.710400000000002,3.2675999999999994,10.651600000000004,6.0424,2.4084,28.124438400000003
2026-08-15T22:04:12.437Z,MCT2408057,15.272222,74.104722,30,342.26899999999995,478.8,84.842438,12.483,8.771,3.159,9.952,5.588000000000001,2.2600000000000002,28.085185000000006
2026-08-15T21:10:00.000Z,MCT2408056,15.579167,73.920833,24,180,542.2222222222222,89.44118111111112,6.818888888888889,9.439228000000002,4.69,14.165555555555553,8.016666666666667,1.8433333333333333,26.37024111111111
2026-08-15T21:20:00.000Z,MCT2408056,15.579167,73.920833,24.25,180,550,89.324991875,6.934375,9.308832187499998,4.6899999999999995,14.513124999999997,8.375000000000002,2.068125,26.44598750000001
2026-08-15T21:30:00.000Z,MCT2408056,15.579167,73.920833,24.125,180,558,89.49903687500002,6.956875,10.401114875,4.6899999999999995,14.342499999999996,8.19875,1.9,26.410461249999997
2026-08-15T21:40:00.000Z,MCT2408056,15.579167,73.920833,24.125,180,555.9375,89.64685687500003,6.925625,9.1852993125,4.6899999999999995,14.285624999999998,8.140625,1.8124999999999998,26.3695725
2026-08-15T21:50:00.000Z,MCT2408056,15.579167,73.920833,24.625,180,561.0625,89.679281875,6.956875000000001,9.653315687500001,4.6899999999999995,15.309375,9.194375,1.8499999999999999,26.376944375000004
2026-08-15T22:00:00.000Z,MCT2408056,15.579167,73.920833,25,180,556.5625,89.820903125,6.925624999999998,9.123532875,4.6899999999999995,15.764374999999998,9.664375000000001,2.008125,26.33672625
2026-08-15T22:04:12.437Z,MCT2408056,15.579167,73.920833,24.428571428571427,180,552,89.89712999999999,6.675714285714286,9.282360857142859,4.69,15.090000000000002,8.968571428571428,1.9657142857142857,26.347258571428576
2026-08-15T21:10:00.000Z,MCT2408055,15.585833,73.885556,19.666666666666668,117.24222222222222,766.8888888888889,88.99528555555554,8.738888888888889,26.634862222222225,3.5,10.08888888888889,5.677777777777779,1.6122222222222222,26.094961111111115
2026-08-15T21:20:00.000Z,MCT2408055,15.585833,73.885556,19.625,117.00062499999999,768.6875,89.578195,8.65375,24.27481,3.54375,9.745625000000002,5.237499999999999,1.8193750000000002,25.876886875
2026-08-15T21:30:00.000Z,MCT2408055,15.585833,73.885556,19.75,116.21062500000001,774.75,89.80039937499998,8.76875,23.498329374999997,3.5,10.24125,5.8325,1.7593750000000001,25.780363125000004
2026-08-15T21:40:00.000Z,MCT2408055,15.585833,73.885556,19.5625,115.488125,780.6875,89.87430874999998,8.599375,25.467559375000004,3.5,10.116250000000003,5.706250000000001,1.605,25.777681875000003
2026-08-15T21:50:00.000Z,MCT2408055,15.585833,73.885556,19.333333333333332,115.15200000000003,778.6666666666666,90.51794533333332,8.59,20.582696666666667,3.546666666666667,10.396000000000003,5.905333333333333,1.7726666666666664,25.63307
2026-08-15T22:00:00.000Z,MCT2408055,15.585833,73.885556,19.5,115.34687500000001,773.3125,89.97396875,8.640000000000002,24.670803125,3.54375,10.649375000000003,6.176874999999999,1.6968749999999997,25.869514375
2026-08-15T22:04:12.438Z,MCT2408055,15.585833,73.885556,19.428571428571427,116.97428571428568,773.4285714285714,90.0813242857143,8.502857142857144,21.553981428571433,3.5,11.09,6.718571428571429,1.8599999999999999,25.80947142857143
2026-08-15T21:10:00.000Z,MCT2408028,15.186944,74.096667,41.857142857142854,568.9878571428571,459.85714285714283,91.72273500000001,18.301428571428573,12.653571428571428,6.204285714285715,22.65642857142857,13.847142857142856,1.9664285714285712,26.28061142857143
2026-08-15T21:20:00.000Z,MCT2408028,15.186944,74.096667,41.48,564.288,471.76,91.76428240000001,17.965200000000003,12.625199999999998,8.030000000000003,29.035600000000002,17.695199999999996,1.8544,26.2372532
2026-08-15T21:30:00.000Z,MCT2408028,15.186944,74.096667,41.44,560.2604000000001,474.04,91.7456664,17.956000000000003,12.586400000000001,7.270000000000001,26.728800000000007,16.463200000000004,1.5259999999999996,26.220522000000003
2026-08-15T21:40:00.000Z,MCT2408028,15.186944,74.096667,41.48,558.6008,473.24,91.9409796,18.0308,12.670800000000002,8.110000000000003,29.511600000000012,18.250799999999995,1.3276,26.095249600000006
2026-08-15T21:50:00.000Z,MCT2408028,15.186944,74.096667,41.333333333333336,554.5720833333334,478.25,91.91628541666667,17.861666666666665,12.575833333333334,8.073333333333336,29.53958333333334,18.307499999999997,1.3391666666666664,26.018100000000004
2026-08-15T22:00:00.000Z,MCT2408028,15.186944,74.096667,41.44,552.5023999999999,489.08,92.15277119999998,17.916800000000002,12.605999999999996,7.990000000000002,28.360400000000006,17.2968,1.4732000000000003,25.876029599999992
2026-08-15T22:04:12.437Z,MCT2408028,15.186944,74.096667,41.72727272727273,555.6945454545454,491.27272727272725,92.34983090909091,18.228181818181817,12.47090909090909,7.171818181818182,26.487272727272725,16.357272727272722,1.5681818181818181,25.812537272727273
2026-08-15T21:10:00.000Z,MCT2408052,15.444425,74.063856,20.6,160,533.7,90.383668,4.3201404000000005,9.1575947,7.460000000000003,22.207,11.183000000000002,2,26.80997
2026-08-15T21:20:00.000Z,MCT2408052,15.444425,74.063856,22.3125,160,527.625,90.12846250000001,4.576535312500002,9.98285875,8.63375,25.796250000000004,13.053125000000001,2,26.784499999999998
2026-08-15T21:30:00.000Z,MCT2408052,15.444425,74.063856,18.0625,160,512.1875,89.59679062500001,4.3787719375,9.4229961875,5.874999999999999,17.243125,8.5625,2,26.722831250000002
2026-08-15T21:40:00.000Z,MCT2408052,15.444425,74.063856,18,160,526.0625,89.47662625000002,3.834649125,8,5.772499999999999,16.875625000000003,8.433125,2,26.62160937500001
2026-08-15T21:50:00.000Z,MCT2408052,15.444425,74.063856,18.0625,160,484.9375,89.59488125,4.392105375,9.452268125,5.688749999999999,16.57375,8.260625,2,26.588763750000005
2026-08-15T22:00:00.000Z,MCT2408052,15.444425,74.063856,18.533333333333335,160,506.8,89.65734866666669,3.938385933333334,8.255414666666667,6.110666666666664,18.070000000000004,9.019333333333332,2,26.542556000000005
2026-08-15T22:04:12.652Z,MCT2408052,15.444425,74.063856,19.285714285714285,160,496.42857142857144,89.89931000000001,4.066967428571429,8.42164,6.6899999999999995,19.608571428571427,9.668571428571429,2,26.491281428571433
2026-08-15T21:10:00.000Z,MCT2408053,15.263333,74.110833,48.666666666666664,238.4059,797.8888888888889,94.12054444444445,20.373333333333335,30.412222222222226,4.59,12.64,6.77,5.92,26.090197777777774
2026-08-15T21:20:00.000Z,MCT2408053,15.263333,74.110833,48.3125,241.78491875,793.0625,94.026130625,19.986249999999995,28.653750000000002,4.590000000000002,12.639999999999995,6.76875,6.2212499999999995,26.090048749999994
2026-08-15T21:30:00.000Z,MCT2408053,15.263333,74.110833,49.5625,228.87033749999995,808.75,93.654199375,21.073125000000005,30.159375,4.590000000000002,11.851874999999996,5.851875000000001,6.064375,26.090719374999995
2026-08-15T21:40:00.000Z,MCT2408053,15.263333,74.110833,47.9375,233.2340875,800.5625,93.90549062499998,19.770625000000003,30.310625,4.590000000000002,12.336875,6.416874999999999,5.8187500000000005,26.012291250000004
2026-08-15T21:50:00.000Z,MCT2408053,15.263333,74.110833,48.8125,231.77856875,777,93.92838062499999,20.34375,29.475625,4.590000000000002,12.579374999999999,6.698749999999999,6.06875,26.027708125
2026-08-15T22:00:00.000Z,MCT2408053,15.263333,74.110833,48.625,233.28194374999998,806.4375,93.5798125,20.358750000000004,30.448750000000004,4.590000000000002,12.579375000000002,6.698750000000001,6.254375000000001,26.092729999999996
2026-08-15T22:04:12.652Z,MCT2408053,15.263333,74.110833,49.5,224.8949,816.5,93.68948499999999,20.906666666666666,27.92833333333333,4.59,11.993333333333334,6.016666666666667,5.81,26.09139
2026-08-15T21:10:00.000Z,MCT2408051,15.486528,74.033889,52.333333333333336,290.4755555555556,835.3333333333334,97.42322555555555,22.28333333333333,5.19,3.73,11.465555555555556,5.875555555555556,4.39,25.178566666666665
2026-08-15T21:20:00.000Z,MCT2408051,15.486528,74.033889,52.125,284.2906249999999,836.625,97.55281937499998,22.146874999999998,5.1899999999999995,3.8462499999999986,12.663125,6.962499999999999,4.39,25.190481249999998
2026-08-15T21:30:00.000Z,MCT2408051,15.486528,74.033889,52.0625,268.598125,836.25,97.68681000000001,22.109999999999996,5.1899999999999995,6.918125000000002,22.219375,12.251250000000002,4.39,25.173724375000003
2026-08-15T21:40:00.000Z,MCT2408051,15.486528,74.033889,51.9375,258.321875,845.625,97.72829437500002,22.029999999999998,5.1899999999999995,7.966874999999999,25.015,13.572499999999996,4.39,25.137528124999996
2026-08-15T21:50:00.000Z,MCT2408051,15.486528,74.033889,52,271.854375,852.3125,97.86800749999999,22.066874999999996,5.1899999999999995,5.561249999999999,17.906875000000003,9.996250000000003,4.39,25.097309375
2026-08-15T22:00:00.000Z,MCT2408051,15.486528,74.033889,52.0625,268.5275,853.3125,97.99532187499997,22.109999999999996,5.1899999999999995,6.219999999999999,20.005,11.20125,4.39,25.1167475
2026-08-15T22:04:12.659Z,MCT2408051,15.486528,74.033889,52,276.12857142857143,853.1428571428571,97.95377142857141,22.069999999999997,5.19,4.8,15.094285714285714,8.355714285714287,4.39,25.164435714285712
2026-08-15T21:10:00.000Z,MCT2408043,15.221111,74.087222,33,200.58,535.8888888888889,87.76865000000001,14.257777777777777,10.454444444444444,6.329999999999999,22.88666666666667,13.805555555555557,5.29,26.42625
2026-08-15T21:20:00.000Z,MCT2408043,15.221111,74.087222,33,208.79562499999997,525.25,87.66941500000001,14.235624999999999,10.452499999999999,6.329999999999999,21.725624999999997,12.65,5.290000000000001,26.454031250000003
2026-08-15T21:30:00.000Z,MCT2408043,15.221111,74.087222,33,200.5033333333334,522.2,87.55468733333333,14.263333333333332,10.394666666666668,6.414666666666665,21.972666666666665,12.724666666666668,5.290000000000001,26.476062666666664
2026-08-15T21:40:00.000Z,MCT2408043,15.221111,74.087222,33,202.01000000000002,528.75,87.471525625,14.229999999999995,10.528125000000001,6.409374999999999,21.64625,12.41,5.290000000000001,26.492910000000002
2026-08-15T21:50:00.000Z,MCT2408043,15.221111,74.087222,33,202.840625,523.25,87.47534062499997,14.174999999999999,10.552500000000002,6.329999999999999,22.610000000000007,13.530000000000001,5.290000000000001,26.533128124999994
2026-08-15T22:00:00.000Z,MCT2408043,15.221111,74.087222,33,204.545625,518.8125,87.25265812500001,14.231874999999997,10.571250000000001,6.568124999999998,24.9425,15.370000000000003,5.290000000000001,26.624960624999996
2026-08-15T22:04:12.658Z,MCT2408043,15.221111,74.087222,33,206.68333333333337,518,87.22611333333333,14.185,10.620000000000001,6.329999999999999,23.815,14.729999999999999,5.29,26.613343333333333
2026-08-15T21:10:00.000Z,MCT2408050,15.553611,73.958333,27.6,89.851,509,92.24905099999998,11.334999999999997,4.311,4.240000000000001,13.309999999999999,7.225,3.1639999999999997,25.685985
2026-08-15T21:20:00.000Z,MCT2408050,15.553611,73.958333,27.5625,87.79124999999999,520.6875,92.30093437500001,11.346875,4.265000000000001,4.240000000000001,12.987499999999999,6.906249999999999,3.048125,25.69724624999999
2026-08-15T21:30:00.000Z,MCT2408050,15.553611,73.958333,27.625,88.35875000000001,530.4375,92.19269000000003,11.460625,4.203749999999999,4.240000000000001,12.879999999999997,6.799999999999998,3.08625,25.705289999999994
2026-08-15T21:40:00.000Z,MCT2408050,15.553611,73.958333,27.5625,88.60374999999999,519.625,92.2542025,11.335,4.248749999999999,4.240000000000001,12.987499999999999,6.906249999999999,3.035625,25.70126812499999
2026-08-15T21:50:00.000Z,MCT2408050,15.553611,73.958333,27.5,87.78624999999998,533.625,92.31857625,11.285,4.27125,4.240000000000001,13.041249999999998,6.959374999999999,3.0800000000000005,25.68383999999999
2026-08-15T22:00:00.000Z,MCT2408050,15.553611,73.958333,27.6875,87.67312499999998,539.8125,92.64997812500002,11.51625,4.2525,4.240000000000001,12.933749999999998,6.853124999999999,3.295625,25.68383999999999
2026-08-15T22:04:12.864Z,MCT2408050,15.553611,73.958333,27.833333333333332,88.50999999999999,541,92.70529333333333,11.755,4.3533333333333335,4.240000000000001,13.023333333333333,6.941666666666666,2.908333333333333,25.68384
2026-08-15T21:10:00.000Z,MCT2408029,15.333611,74.206944,12,320.81107999999995,498.2,93.25842399999999,3.900000000000001,7.24,2.9990000000000006,9.537,5.471,3.507,26.204005000000006
2026-08-15T21:20:00.000Z,MCT2408029,15.333611,74.206944,12.4,315.25564,484.06666666666666,93.54783133333335,4.444666666666666,7.813999999999999,3.058,9.518,5.332666666666668,3.6593333333333335,26.184342666666666
2026-08-15T21:30:00.000Z,MCT2408029,15.333611,74.206944,12.1875,318.2148125,479.8125,93.49970000000002,4.078125,7.725625,2.9399999999999995,9.14125,5.1825,3.501875,26.238190625
2026-08-15T21:40:00.000Z,MCT2408029,15.333611,74.206944,12.0625,319.4582125,485.75,93.37429312500002,3.7112499999999993,7.40625,3.01375,9.3575,5.257499999999999,3.530625,26.309915000000004
2026-08-15T21:50:00.000Z,MCT2408029,15.333611,74.206944,12.125,328.31013125000004,483.75,93.243164375,3.1674999999999995,7.25,3.0874999999999995,9.863750000000001,5.62375,3.54875,26.356166249999998
2026-08-15T22:00:00.000Z,MCT2408029,15.333611,74.206944,12,317.9428375,496.5,93.15399500000002,3.2062500000000007,7.195625,2.9768749999999997,9.284375,5.256875,3.5,26.368231249999997
2026-08-15T22:04:12.868Z,MCT2408029,15.333611,74.206944,12,318.8111714285714,506.85714285714283,93.25733,2.575714285714286,7.14,2.9400000000000004,9.084285714285715,5.124285714285714,3.5,26.338069999999995
2026-08-15T21:10:00.000Z,MCT2408034,15.356389,74.123611,39.333333333333336,180,478.06666666666666,78.40297533333333,6.335333333333335,4.636666666666667,15.31333333333333,48.76666666666667,26.127999999999997,1.3820000000000001,29.830874
2026-08-15T21:20:00.000Z,MCT2408034,15.356389,74.123611,35.458333333333336,180,484.4166666666667,78.21421125000002,6.529583333333332,5.283333333333333,12.646666666666661,40.873749999999994,22.073333333333334,1.365,29.88226291666665
2026-08-15T21:30:00.000Z,MCT2408034,15.356389,74.123611,30.36,180.34976799999995,478.76,78.17358440000001,6.514399999999999,4.9148,9.369200000000001,30.834400000000006,17.030399999999997,1.4787999999999997,29.888930000000006
2026-08-15T21:40:00.000Z,MCT2408034,15.356389,74.123611,27.875,184.47343750000002,485.5,78.05176791666666,6.628333333333333,5.653749999999999,7.4795833333333315,25.43791666666667,14.688333333333333,1.470833333333333,29.926951250000002
2026-08-15T21:50:00.000Z,MCT2408034,15.356389,74.123611,27.64,184.79482000000004,491.92,78.1677856,6.6972000000000005,5.0767999999999995,7.508399999999998,24.9852,14.0632,1.4679999999999997,29.930974000000003
2026-08-15T22:00:00.000Z,MCT2408034,15.356389,74.123611,26.88,192.38482399999998,489.28,78.14428880000001,6.431199999999999,5.3524,7.1808,23.745999999999995,13.426000000000002,1.5111999999999994,29.9644384
2026-08-15T22:04:12.864Z,MCT2408034,15.356389,74.123611,27.7,196.98308000000003,486.9,78.01718100000001,6.937,4.84,7.290000000000001,25.038999999999998,14.532,1.7149999999999999,29.982456000000003
2026-08-15T21:10:00.000Z,MCT2408030,15.142519,74.075003,25,163.4832,491.1111111111111,85.24501444444445,9.034444444444444,6.200000000000001,9.37,24.64,12.31,3.8544444444444443,26.283249999999995
2026-08-15T21:20:00.000Z,MCT2408030,15.142519,74.075003,25,163.52051875000004,485.5,85.23611499999998,8.915,6.200000000000002,9.370000000000001,24.639999999999993,12.31,3.74125,26.287122500000006
2026-08-15T21:30:00.000Z,MCT2408030,15.142519,74.075003,25,163.83069999999998,482.75,85.21894812500001,8.906875,6.200000000000002,9.370000000000001,24.639999999999993,12.31,3.8874999999999997,26.262322499999996
2026-08-15T21:40:00.000Z,MCT2408030,15.142519,74.075003,25,165.09918,471.53333333333336,85.20279866666667,9.180666666666667,6.200000000000002,9.370000000000001,24.639999999999993,12.31,4.1273333333333335,26.212942666666663
2026-08-15T21:50:00.000Z,MCT2408030,15.142519,74.075003,25,165.40371875,466.3125,85.1388425,9.083750000000002,6.200000000000002,9.370000000000001,24.639999999999993,12.31,3.94,26.203335000000003
2026-08-15T22:00:00.000Z,MCT2408030,15.142519,74.075003,25,166.11498666666665,459.8,85.171776,9.162666666666667,6.200000000000002,9.370000000000001,24.639999999999993,12.31,4.160666666666667,26.12856733333333
2026-08-15T22:04:12.867Z,MCT2408030,15.142519,74.075003,25,165.7364857142857,460.42857142857144,85.18761142857143,9.082857142857144,6.200000000000001,9.37,24.640000000000004,12.31,4.082857142857143,26.08985571428571
2026-08-15T21:10:00.000Z,MCT2408021,15.500556,74.053333,49.55555555555556,375,488,89.88877333333335,21.36666666666667,14.585003333333333,3.915555555555555,12.511111111111111,8.095555555555556,4.302222222222222,25.965071111111108
2026-08-15T21:20:00.000Z,MCT2408021,15.500556,74.053333,49.125,375,486.875,90.00400937500001,20.960625,14.637361874999998,2.86,7.745,4.197500000000001,4.363125,25.871524375
2026-08-15T21:30:00.000Z,MCT2408021,15.500556,74.053333,49.25,375,482.8125,90.18472937499997,20.9375,14.372920624999999,2.86,7.39,3.810000000000001,4.389375,25.76360500000001
2026-08-15T21:40:00.000Z,MCT2408021,15.500556,74.053333,49.06666666666667,375,488.8666666666667,90.10087,20.874666666666666,14.507946,2.86,7.39,3.810000000000001,4.310666666666666,25.783222
2026-08-15T21:50:00.000Z,MCT2408021,15.500556,74.053333,49.125,375,486.875,90.03786375000001,20.834375,14.331508749999998,2.86,7.39,3.810000000000001,4.289375,25.80382375
2026-08-15T22:00:00.000Z,MCT2408021,15.500556,74.053333,49.1875,375,492.125,89.96824625,20.986874999999998,14.467151874999999,2.86,7.4725,3.900000000000001,4.350625,25.823263124999997
2026-08-15T22:04:13.020Z,MCT2408021,15.500556,74.053333,49,375,493.14285714285717,89.99086142857142,20.7,14.343704285714285,2.86,7.39,3.8099999999999996,4.348571428571429,25.806408571428566
2026-08-15T21:10:00.000Z,MCT2408040,15.528056,74.020833,19.11111111111111,100,427.44444444444446,88.59431666666667,8.203333333333333,4.79111111111111,3.07,8.42,3.73,3.5,26.32138444444444
2026-08-15T21:20:00.000Z,MCT2408040,15.528056,74.020833,19.0625,100,427.4375,88.67887687499997,8.230625000000002,4.8,3.07,8.42,3.7299999999999986,3.5,26.265003750000005
2026-08-15T21:30:00.000Z,MCT2408040,15.528056,74.020833,19.125,100,442.75,88.78521562499998,8.203125,4.815,3.07,8.42,3.7299999999999986,3.5,26.252268750000006
2026-08-15T21:40:00.000Z,MCT2408040,15.528056,74.020833,19.0625,100,439.25,88.89059499999999,8.102500000000001,4.824375,3.07,8.42,3.7299999999999986,3.5,26.216070000000006
2026-08-15T21:50:00.000Z,MCT2408040,15.528056,74.020833,19.0625,100,440.25,88.945905625,8.200000000000001,4.779375,3.07,8.42,3.7299999999999986,3.5,26.193950000000008
2026-08-15T22:00:00.000Z,MCT2408040,15.528056,74.020833,19,100,445.5625,89.00026687499997,8.1375,4.8149999999999995,3.07,8.42,3.7299999999999986,3.5,26.203335625
2026-08-15T22:04:13.077Z,MCT2408040,15.528056,74.020833,18.857142857142858,100,445.85714285714283,89.01212,8.022857142857143,4.825714285714286,3.07,8.42,3.73,3.5,26.236945714285714
2026-08-15T21:10:00.000Z,MCT2408027,15.275556,74.1075,21.77777777777778,1164.3355555555556,627.1111111111111,91.60114666666666,6.579999999999999,12.610000000000001,5.260000000000001,17.742222222222225,10.21,2.9499999999999997,26.690801111111114
2026-08-15T21:20:00.000Z,MCT2408027,15.275556,74.1075,21.1875,1162.9962500000001,662.625,91.51128999999999,6.579999999999999,12.710000000000003,5.053750000000001,16.5725,9.448125000000001,2.9500000000000006,26.714118125000006
2026-08-15T21:30:00.000Z,MCT2408027,15.275556,74.1075,20.9375,1159.9675,641,91.48268124999998,6.579999999999999,12.710000000000004,4.991875,16.141875000000002,9.139375,2.9500000000000006,26.704730624999996
2026-08-15T21:40:00.000Z,MCT2408027,15.275556,74.1075,21.25,1163.4237500000002,643.9375,91.50985937499996,6.579999999999999,12.683125000000002,5.1775,16.88125,9.51,2.9500000000000006,26.667191250000005
2026-08-15T21:50:00.000Z,MCT2408027,15.275556,74.1075,22.75,1155.9825,649.0625,91.40209562499999,6.579999999999999,12.707500000000005,5.793749999999999,19.714374999999997,11.364999999999998,2.9500000000000006,26.673224375
2026-08-15T22:00:00.000Z,MCT2408027,15.275556,74.1075,23.75,1158.9818750000002,648.0625,91.22614437499999,6.579999999999999,12.678125000000005,6.348750000000002,21.624374999999993,12.41375,2.9500000000000006,26.712775625000006
2026-08-15T22:04:13.075Z,MCT2408027,15.275556,74.1075,22.571428571428573,1164.057142857143,643,91.30312,6.579999999999999,12.709999999999999,5.917142857142856,19.292857142857144,10.730000000000002,2.9499999999999997,26.68433428571429
2026-08-15T21:10:00.000Z,MCT2408023,15.499722,74.020833,27.555555555555557,219.58222222222224,441.77777777777777,91.95464777777777,7.752222222222222,21.311111111111114,7.606666666666667,23.076666666666664,14.17777777777778,5.557777777777777,25.201207777777782
2026-08-15T21:20:00.000Z,MCT2408023,15.499722,74.020833,32.75,159.83125,436.5,91.92280312500003,7.006875000000001,21.318125000000002,9.745000000000003,31.581874999999997,20.3,5.6099999999999985,25.162329375000002
2026-08-15T21:30:00.000Z,MCT2408023,15.499722,74.020833,44.625,160.77187500000002,442.5625,91.89943625000001,6.9643749999999995,20.983125,16.474375,53.90312500000001,34.528124999999996,5.694375000000001,25.073173749999995
2026-08-15T21:40:00.000Z,MCT2408023,15.499722,74.020833,31.4375,196.565625,441.5,91.9538,7.258124999999999,20.505000000000006,8.396875,28.3375,18.66875,5.546874999999999,25.000109375
2026-08-15T21:50:00.000Z,MCT2408023,15.499722,74.020833,27.0625,212.520625,443.625,91.94903124999998,7.439375,20.598750000000003,6.340000000000002,20.501875,13.321875,5.388750000000001,24.963913124999998
2026-08-15T22:00:00.000Z,MCT2408023,15.499722,74.020833,30,202.91062499999998,442.8125,91.99051124999998,7.425000000000002,20.165625000000002,7.527500000000001,25.408749999999998,16.946875,5.240624999999999,24.929724375000003
2026-08-15T22:04:13.075Z,MCT2408023,15.499722,74.020833,27.833333333333332,210.06499999999997,450.3333333333333,92.09494,7.828333333333333,19.584999999999997,6.55,21.74,14.258333333333333,5.095,24.981341666666665
2026-08-15T21:10:00.000Z,MCT2408049,15.475278,74.055833,56.333333333333336,150,489.22222222222223,87.36259666666666,23.99888888888889,13.560000000000002,6.133333333333333,18.72555555555555,9.973333333333333,2.61,26.60500111111111
2026-08-15T21:20:00.000Z,MCT2408049,15.475278,74.055833,56.625,150,496,87.59502875000001,24.193125,12.623125,6.563124999999999,19.871875,10.596250000000001,2.61,26.572006249999998
2026-08-15T21:30:00.000Z,MCT2408049,15.475278,74.055833,56.9375,150,501.5625,87.971251875,24.266875,12.883750000000001,5.75,17.858749999999997,9.640000000000002,2.61,26.511008125000004
2026-08-15T21:40:00.000Z,MCT2408049,15.475278,74.055833,56.6875,150.1635,502.0625,87.98794124999999,24.250625,12.806249999999999,7.38,22.26375,11.7975,2.61,26.5311175
2026-08-15T21:50:00.000Z,MCT2408049,15.475278,74.055833,56.6875,150,498.125,88.00510812499999,24.15,13.169999999999998,6.9,20.540625,10.740625000000001,2.61,26.527765625
2026-08-15T22:00:00.000Z,MCT2408049,15.475278,74.055833,56.6875,150,496.375,87.98460187500001,24.250625,13.171875,5.559999999999999,16.9,9.065625000000004,2.61,26.543181875
2026-08-15T22:04:13.078Z,MCT2408049,15.475278,74.055833,56.57142857142857,151.1774142857143,506.85714285714283,88.02248,24.092857142857145,13.191428571428572,6.021428571428571,17.62,9.31857142857143,2.61,26.523457142857144
2026-08-15T21:10:00.000Z,MCT2408044,15.313669,74.140042,25.875,214.29,481,94.99792000000001,10.881249999999998,3.3725,2.8700000000000006,7.8125,4.6587499999999995,3.952724125,25.3594025
2026-08-15T21:20:00.000Z,MCT2408044,15.313669,74.140042,25.733333333333334,214.29,483.53333333333336,94.967408,10.832,3.3699999999999997,2.8699999999999997,7.866666666666666,4.717333333333333,3.9161537333333336,25.382817999999997
2026-08-15T21:30:00.000Z,MCT2408044,15.313669,74.140042,25.666666666666668,214.29,484.2,94.9552,10.83,3.32,2.8699999999999997,7.566666666666666,4.3919999999999995,4.005298999999999,25.410702000000004
2026-08-15T21:40:00.000Z,MCT2408044,15.313669,74.140042,25.733333333333334,214.29,487.8666666666667,94.95774399999999,10.841333333333333,3.3633333333333337,2.8699999999999997,7.5,4.320000000000001,3.7616238666666666,25.419282666666664
2026-08-15T21:50:00.000Z,MCT2408044,15.313669,74.140042,25.933333333333334,214.29,491.1333333333333,94.96283199999998,10.879333333333333,3.435333333333333,2.8699999999999997,7.5,4.320000000000001,3.7547007333333338,25.43072333333334
2026-08-15T22:00:00.000Z,MCT2408044,15.313669,74.140042,25.933333333333334,214.29,508.53333333333336,94.95011533333334,10.910666666666664,3.5606666666666666,2.8699999999999997,7.7,4.537333333333334,3.753675133333333,25.389967333333338
2026-08-15T22:04:13.224Z,MCT2408044,15.313669,74.140042,26,214.29000000000002,505.8,94.999448,10.838000000000001,3.7619999999999996,2.87,7.7,4.536,3.5189742,25.340634
2026-08-15T21:10:00.000Z,MCT2408037,15.394444,74.118333,25.22222222222222,160.14594444444444,455.77777777777777,86.70307777777778,10.585555555555556,14.507777777777777,4.954444444444444,18.808888888888887,9.99,3.7777777777777777,26.36905333333333
2026-08-15T21:20:00.000Z,MCT2408037,15.394444,74.118333,25.375,160.15880625,456.75,86.42439187500001,10.7225,14.475624999999999,5.807500000000001,21.874375,11.8025,3.6631250000000004,26.480174375000004
2026-08-15T21:30:00.000Z,MCT2408037,15.394444,74.118333,25.375,160,462.8125,86.286113125,10.749375,14.4925,5.621875000000002,21.413749999999993,11.708750000000002,3.71625,26.514359375000005
2026-08-15T21:40:00.000Z,MCT2408037,15.394444,74.118333,25.375,160,472.5,86.24176374999999,10.644375000000002,14.433125,5.9,22.028125,11.755625,3.7249999999999996,26.537820625000002
2026-08-15T21:50:00.000Z,MCT2408037,15.394444,74.118333,25.4375,160,469.5625,86.16308624999998,10.665625000000002,14.44375,5.621874999999999,21.311875,11.474375000000002,3.73,26.598148749999996
2026-08-15T22:00:00.000Z,MCT2408037,15.394444,74.118333,25.5625,160,472.6875,86.33474749999998,10.809375000000003,14.393749999999999,5.389375000000001,20.80125,11.380625,3.638125,26.559269374999996
2026-08-15T22:04:13.294Z,MCT2408037,15.394444,74.118333,25.285714285714285,160,470.14285714285717,86.39742,10.528571428571427,14.459999999999999,5.735714285714287,20.677142857142854,10.918571428571427,3.802857142857143,26.554100000000002
2026-08-15T21:10:00.000Z,MCT2408046,15.529167,74.07,30.5,95.52,892,93.03335785714286,12.963571428571427,1.489285714285714,5.0600000000000005,13.330000000000004,5.75,4.545714285714285,25.38889500000001
2026-08-15T21:20:00.000Z,MCT2408046,15.529167,74.07,30.56,95.52,893.92,92.9651484,12.99,1.4820000000000002,5.060000000000001,13.330000000000002,5.75,4.369199999999999,25.470619600000006
2026-08-15T21:30:00.000Z,MCT2408046,15.529167,74.07,30.56,95.52,886.84,91.989808,13.017199999999995,1.4592,5.085200000000001,13.730000000000004,6.0884,4.5288,25.812965999999996
2026-08-15T21:40:00.000Z,MCT2408046,15.529167,74.07,30.8,95.52,882.76,90.83593560000001,13.0876,1.5116000000000003,5.085200000000001,14.041199999999998,6.401599999999999,4.3496,26.173328399999995
2026-08-15T21:50:00.000Z,MCT2408046,15.529167,74.07,30.88,95.52,891.24,90.73767040000001,13.1312,1.5516000000000003,5.060000000000001,13.418800000000003,5.978799999999999,4.2276,26.2818688
2026-08-15T22:00:00.000Z,MCT2408046,15.529167,74.07,30.48,95.52,889,90.0009768,12.9756,1.5619999999999998,5.060000000000001,14.884000000000004,7.257200000000001,4.3576000000000015,26.413572399999993
2026-08-15T22:04:13.294Z,MCT2408046,15.529167,74.07,30.818181818181817,95.52,882.2727272727273,89.11427454545456,13.097272727272726,1.5072727272727275,5.0600000000000005,14.036363636363637,6.488181818181817,4.276363636363636,26.61496727272727
2026-08-15T21:10:00.000Z,MCT2408042,15.213889,74.071667,61.666666666666664,281.6355555555556,481.3333333333333,90.4372411111111,26.480000000000004,12.647777777777778,4.752222222222222,15.806666666666665,9.008888888888889,3.516666666666667,26.768263333333334
2026-08-15T21:20:00.000Z,MCT2408042,15.213889,74.071667,61.375,282.17125,478.1875,90.262454375,26.303749999999997,13.1525,4.948124999999998,16.3575,9.280625,3.651875000000001,26.810643125
2026-08-15T21:30:00.000Z,MCT2408042,15.213889,74.071667,61.375,287.53375,474.6875,90.19474437499998,26.29125000000001,13.246875,4.834374999999999,16.016875000000002,9.053125000000001,3.790625,26.749644999999994
2026-08-15T21:40:00.000Z,MCT2408042,15.213889,74.071667,61.5625,279.120625,484,90.317289375,26.417499999999997,12.978750000000002,4.891249999999999,16.188125000000003,9.109999999999998,3.7075,26.704059374999996
2026-08-15T21:50:00.000Z,MCT2408042,15.213889,74.071667,61.0625,284.9525,478.5,90.380709375,26.11,12.925625,4.948124999999999,16.471875,9.280624999999997,3.7025,26.696015625000005
2026-08-15T22:00:00.000Z,MCT2408042,15.213889,74.071667,61.5,284.771875,496.1875,90.324919375,26.389999999999997,13.086875000000001,4.948124999999999,16.700000000000003,9.508125,3.7318750000000005,26.71948000000001
2026-08-15T22:04:13.295Z,MCT2408042,15.213889,74.071667,61.333333333333336,282.685,483.5,90.28804500000001,26.25833333333333,12.683333333333332,5.763333333333333,19.453333333333333,10.93,3.655,26.702721666666665
2026-08-15T21:10:00.000Z,MCT2408041,15.224628,74.171389,32.8,449.10807000000005,488.6,91.24121000000001,13.773999999999997,9.700000000000001,8.090000000000002,20.25,8.900000000000002,7.977000000000001,26.757420000000003
2026-08-15T21:20:00.000Z,MCT2408041,15.224628,74.171389,32.666666666666664,453.00879999999995,488.26666666666665,91.27732333333333,13.698666666666666,9.7,8.090000000000002,20.25,8.900000000000002,7.999333333333335,26.696284
2026-08-15T21:30:00.000Z,MCT2408041,15.224628,74.171389,32.5625,454.0901124999999,481.4375,91.2728725,13.579999999999998,9.7,8.090000000000002,20.25,8.900000000000002,7.970625,26.671884999999996
2026-08-15T21:40:00.000Z,MCT2408041,15.224628,74.171389,32.8125,459.69858750000003,481.625,91.36967125000001,13.79375,9.7,8.090000000000002,20.25,8.900000000000002,8.038124999999999,26.568654999999996
2026-08-15T21:50:00.000Z,MCT2408041,15.224628,74.171389,32.8125,452.4451875,492.1875,91.2270975,13.764999999999999,9.7,8.090000000000002,20.25,8.900000000000002,8.063125,26.555248124999995
2026-08-15T22:00:00.000Z,MCT2408041,15.224628,74.171389,32.625,454.7732375,484.625,91.28765375000002,13.721250000000001,9.7,8.090000000000002,20.25,8.900000000000002,7.845625000000001,26.51435875
2026-08-15T22:04:13.295Z,MCT2408041,15.224628,74.171389,32.42857142857143,455.74775714285715,480.2857142857143,91.31511,13.587142857142856,9.700000000000001,8.090000000000002,20.25,8.9,7.9,26.48055571428571
2026-08-15T21:10:00.000Z,MCT2408033,15.346944,74.007778,19.77777777777778,113.50770000000001,477.1111111111111,90.45504444444444,8.007777777777779,4.5088888888888885,4.713333333333335,12.535555555555554,7.9766666666666675,4.39,26.76468888888889
2026-08-15T21:20:00.000Z,MCT2408033,15.346944,74.007778,20.4375,113.50454374999998,504,90.54712750000002,8.566875,4.663125,4.205000000000001,11.538124999999999,7.391875000000001,4.39,26.712104374999996
2026-08-15T21:30:00.000Z,MCT2408033,15.346944,74.007778,20.0625,114.18087499999999,499.4375,90.68397687500003,8.201250000000002,4.648125,4.015625000000001,10.991875000000002,6.98625,4.39,26.651104375000006
2026-08-15T21:40:00.000Z,MCT2408033,15.346944,74.007778,20.1875,113.425225,493.5,90.71545062500003,8.384375,4.810625000000001,3.8268750000000007,10.641874999999999,6.765000000000001,4.39,26.669203124999996
2026-08-15T21:50:00.000Z,MCT2408033,15.346944,74.007778,20.5,114.611675,493.25,90.60911500000002,8.55875,4.796875,3.3731250000000004,9.360000000000003,5.954375,4.39,26.695345624999998
2026-08-15T22:00:00.000Z,MCT2408033,15.346944,74.007778,20.6875,115.77284999999999,504.1875,90.609114375,8.73875,4.853749999999999,3.4112500000000003,9.45625,5.991249999999999,4.39,26.675235625000003
2026-08-15T22:04:13.434Z,MCT2408033,15.346944,74.007778,20.571428571428573,114.40329999999999,480.14285714285717,90.70039571428572,8.55857142857143,4.69,3.6385714285714283,9.817142857142857,6.048571428571429,4.39,26.65828428571428
2026-08-15T21:10:00.000Z,MCT2408032,15.525556,73.828611,34.07142857142857,213.08357142857145,594.2142857142857,76.81380785714285,13.96785714285714,44.89928571428572,7.120000000000002,20.927142857142854,10.921428571428573,2.3649999999999998,29.45600642857143
2026-08-15T21:20:00.000Z,MCT2408032,15.525556,73.828611,35.2,192.52,608.68,77.82568239999999,14.853600000000005,45.3392,7.120000000000002,19.798000000000005,9.796000000000001,2.3016,29.161341200000003
2026-08-15T21:30:00.000Z,MCT2408032,15.525556,73.828611,35.36,201.9008,639.64,79.233154,15.081600000000005,44.44000000000001,7.120000000000002,19.229999999999997,9.230000000000004,2.2323999999999997,28.885492400000008
2026-08-15T21:40:00.000Z,MCT2408032,15.525556,73.828611,34.84,206.2692,625.4,78.35241760000002,14.565600000000003,43.5736,7.120000000000002,19.343600000000002,9.344000000000005,2.2948000000000004,29.081117200000016
2026-08-15T21:50:00.000Z,MCT2408032,15.525556,73.828611,35.32,209.832,606.32,78.93377679999999,14.954800000000008,43.9812,7.120000000000002,18.717599999999997,8.720400000000003,2.3291999999999997,28.967003200000008
2026-08-15T22:00:00.000Z,MCT2408032,15.525556,73.828611,35.44,208.34840000000003,659.4,81.16247560000002,15.068000000000001,44.778400000000005,7.120000000000002,19.001600000000007,9.0032,2.5568000000000004,28.365108400000004
2026-08-15T22:04:13.513Z,MCT2408032,15.525556,73.828611,35.5,203.43699999999998,632.7,81.422945,15.156,45.434,7.12,19.627000000000002,9.625999999999998,2.472,28.29003
2026-08-15T21:10:00.000Z,MCT2408024,15.148056,74.131667,41,219.21452142857146,563.2857142857143,81.22468714285715,17.804222142857146,6.953721142857144,5,15.132857142857146,8.13285714285714,2.505,27.653419999999993
2026-08-15T21:20:00.000Z,MCT2408024,15.148056,74.131667,40.64,218.96535200000005,592.04,81.16766520000002,17.605469600000003,6.580086840000002,5,15.110000000000005,8.110000000000003,2.5140000000000007,27.679559200000014
2026-08-15T21:30:00.000Z,MCT2408024,15.148056,74.131667,40.791666666666664,218.63598333333331,594.5,81.252615,17.7270125,6.493506750000001,5,15.240000000000004,8.240000000000002,2.5212500000000007,27.623735416666676
2026-08-15T21:40:00.000Z,MCT2408024,15.148056,74.131667,40.84,219.39464,589.56,81.2619604,17.667552,6.349206600000002,5,15.190000000000005,8.190000000000003,2.5316,27.609203200000003
2026-08-15T21:50:00.000Z,MCT2408024,15.148056,74.131667,40.416666666666664,219.55992500000005,584.7083333333334,81.44367000000001,17.46802166666667,6.613756875000001,5,14.990000000000004,7.990000000000002,2.5070833333333336,27.49682416666667
2026-08-15T22:00:00.000Z,MCT2408024,15.148056,74.131667,40.84,218.29228000000003,578.64,81.55371120000004,17.7700596,6.233766480000002,5,14.990000000000004,7.990000000000002,2.516,27.4135804
2026-08-15T22:04:13.513Z,MCT2408024,15.148056,74.131667,40.3,218.47458999999998,636.4,81.55569499999999,17.378037999999997,6.3492066,5,14.99,7.99,2.5319999999999996,27.391273
2026-08-15T21:10:00.000Z,MCT2408045,15.619444,73.878889,27.666666666666668,193.3033333333333,529.4444444444445,86.83447333333335,11.46888888888889,17.01222222222222,3.02,9.889999999999999,4.71,2.53,25.745803333333335
2026-08-15T21:20:00.000Z,MCT2408045,15.619444,73.878889,27.625,192.449375,535.625,86.95034187499996,11.32375,16.753125,3.020000000000001,10.1275,4.946249999999999,2.5300000000000002,25.705958749999997
2026-08-15T21:30:00.000Z,MCT2408045,15.619444,73.878889,27.75,192.026875,536.4375,87.02711624999999,11.408125,16.5425,3.020000000000001,10.27,5.0874999999999995,2.5300000000000002,25.678473125000004
2026-08-15T21:40:00.000Z,MCT2408045,15.619444,73.878889,27.6875,194.49312500000002,537.6875,87.11771437499999,11.43375,16.4375,3.020000000000001,10.34125,5.158125000000001,2.5300000000000002,25.658364375000005
2026-08-15T21:50:00.000Z,MCT2408045,15.619444,73.878889,27.625,193.75499999999997,529.125,87.00041187499998,11.414375000000001,16.55375,3.020000000000001,10.234375,5.052499999999999,2.5300000000000002,25.733440000000005
2026-08-15T22:00:00.000Z,MCT2408045,15.619444,73.878889,28,193.643125,533.625,87.02997499999998,11.6375,16.73875,3.020000000000001,10.269999999999998,5.086875,2.5300000000000002,25.749530000000007
2026-08-15T22:04:13.514Z,MCT2408045,15.619444,73.878889,27.714285714285715,189.6,539,87.17561714285715,11.38142857142857,16.447142857142854,3.02,10.35142857142857,5.167142857142857,2.53,25.755848571428572
2026-08-15T21:10:00.000Z,MCT2408022,15.475833,74.038889,26.11111111111111,150,424.1111111111111,90.21344777777777,3.9833333333333334,11.41688888888889,5.111111111111111,17.77777777777778,10.555555555555555,4.336742222222223,25.694561111111106
2026-08-15T21:20:00.000Z,MCT2408022,15.475833,74.038889,27.625,150,427.4375,90.44031500000001,3.90625,11.556663125,6.25,20.875,11.9375,4.339574312499999,25.66976
2026-08-15T21:30:00.000Z,MCT2408022,15.475833,74.038889,30.75,150,430.4375,91.0196725,3.756875,11.569214375000001,8.5,27.125,14.9375,4.304037749999999,25.596691249999992
2026-08-15T21:40:00.000Z,MCT2408022,15.475833,74.038889,43.25,150,433.625,91.196579375,3.3874999999999993,11.72220125,16.6875,51.9375,28.0625,4.322004437499999,25.576579999999996
2026-08-15T21:50:00.000Z,MCT2408022,15.475833,74.038889,37.625,150,432.375,91.31054375,3.5787500000000008,11.611130625,13.1875,40.6875,21.6875,4.2917959375,25.576579999999996
2026-08-15T22:00:00.000Z,MCT2408022,15.475833,74.038889,35.9375,150,439.5,91.317218125,3.6675,11.494163124999998,11.9375,37.25,20.0625,4.299760312499999,25.582613125
2026-08-15T22:04:13.525Z,MCT2408022,15.475833,74.038889,32,150,439,91.20611666666667,3.9683333333333337,11.377511666666669,9.333333333333334,29.333333333333332,16,4.250024666666667,25.606971666666666
2026-08-15T21:10:00.000Z,MCT2408036,15.171567,74.067106,35.55555555555556,120,547.7777777777778,91.2959722222222,10.705555555555556,8.323333333333332,5.73,15.761111111111111,7.878888888888889,10.625555555555557,26.25584
2026-08-15T21:20:00.000Z,MCT2408036,15.171567,74.067106,36,120,535.4375,91.23901687500003,10.645625,7.889374999999999,6.875624999999999,20.23125,10.7025,10.998125,26.266343125
2026-08-15T21:30:00.000Z,MCT2408036,15.171567,74.067106,36.125,120,529.75,91.27954812499999,10.377500000000001,7.624374999999998,6.971874999999999,20.104375,10.51125,11.094999999999997,26.166466250000006
2026-08-15T21:40:00.000Z,MCT2408036,15.171567,74.067106,36,120,531.2666666666667,90.820576,10.715333333333332,8.147333333333332,6.806666666666667,19.182000000000002,9.794000000000002,10.978000000000002,26.233677333333336
2026-08-15T21:50:00.000Z,MCT2408036,15.171567,74.067106,36.125,120,540.4375,90.580505,10.694375,8.349375,7.46625,20.707500000000003,10.415624999999999,11.010625,26.212718125000002
2026-08-15T22:00:00.000Z,MCT2408036,15.171567,74.067106,35.6875,120,548.4375,90.905231875,10.76125,8.2375,4.34125,13.0775,7.091875000000001,10.903125000000001,26.031059375
2026-08-15T22:04:13.641Z,MCT2408036,15.171567,74.067106,35.42857142857143,120,543.1428571428571,91.21156714285715,10.909999999999998,8.360000000000001,6.1642857142857155,17.514285714285712,9.045714285714286,10.634285714285713,25.96881571428571
2026-08-15T21:10:00.000Z,MCT2408035,15.236111,74.125,47.44444444444444,190,696.3333333333334,91.34768333333334,19.30803444444444,10.005555555555555,3.8000000000000003,10.19,4.91,3.829999999999999,26.616917777777775
2026-08-15T21:20:00.000Z,MCT2408035,15.236111,74.125,48.1875,190,685.0625,91.22995687500001,19.938149999999997,9.956875000000002,3.799999999999999,10.19,4.909999999999998,3.8299999999999987,26.654454375000007
2026-08-15T21:30:00.000Z,MCT2408035,15.236111,74.125,48.125,190,694.3125,91.0706925,19.8986225,10.1675,3.799999999999999,10.19,4.909999999999998,3.8299999999999987,26.666521250000002
2026-08-15T21:40:00.000Z,MCT2408035,15.236111,74.125,48.3125,190,703.5,91.1336375,20.03464375,10.621875,3.799999999999999,10.19,4.909999999999998,3.8299999999999987,26.585413125000002
2026-08-15T21:50:00.000Z,MCT2408035,15.236111,74.125,49.25,190,698.75,91.08499875000001,20.917619374999997,10.666875000000001,3.799999999999999,10.19,4.909999999999998,3.8299999999999987,26.584743124999996
2026-08-15T22:00:00.000Z,MCT2408035,15.236111,74.125,48.25,190,705.9375,91.08976687500001,19.938149999999997,10.537500000000001,3.799999999999999,10.19,4.909999999999998,3.8299999999999987,26.559939999999994
2026-08-15T22:04:13.726Z,MCT2408035,15.236111,74.125,49.714285714285715,190,702.4285714285714,91.15598,21.279761428571426,10.105714285714285,3.8000000000000003,10.19,4.910000000000001,3.829999999999999,26.546438571428574
2026-08-15T21:10:00.000Z,MCT2408039,15.163611,74.110833,29,361.71333333333337,488.3333333333333,86.82938555555556,8.915555555555557,10.299999999999999,9.019999999999998,28.940000000000005,11.760000000000002,2.3000000000000003,26.597851111111115
2026-08-15T21:20:00.000Z,MCT2408039,15.163611,74.110833,29,362.8275,480.375,86.81921249999999,9.210624999999997,10.3,9.019999999999998,28.94,11.759999999999998,2.3,26.582060625000008
2026-08-15T21:30:00.000Z,MCT2408039,15.163611,74.110833,29,365.97499999999997,482.375,86.81635312499998,9.327499999999999,10.3,9.019999999999998,28.94,11.759999999999998,2.3,26.545193749999996
2026-08-15T21:40:00.000Z,MCT2408039,15.163611,74.110833,29,371.76124999999996,481.625,86.84973187499999,9.685624999999998,10.3,9.019999999999998,28.94,11.759999999999998,2.3,26.48419625
2026-08-15T21:50:00.000Z,MCT2408039,15.163611,74.110833,29,382.30999999999995,470.4375,86.86642125,9.580625,10.3,9.019999999999998,28.94,11.759999999999998,2.3,26.360186249999995
2026-08-15T22:00:00.000Z,MCT2408039,15.163611,74.110833,29,374.91187499999995,467.9375,87.006134375,9.130624999999998,10.3,9.019999999999998,28.94,11.759999999999998,2.3,26.260311250000004
2026-08-15T22:04:13.726Z,MCT2408039,15.163611,74.110833,29,355.7442857142857,471.85714285714283,86.9238457142857,9.857142857142858,10.299999999999999,9.019999999999998,28.94,11.760000000000002,2.3000000000000003,26.252268571428573
2026-08-15T21:10:00.000Z,MCT2408031,15.290833,74.149167,20.555555555555557,178.0078777777778,465.1111111111111,87.77034666666667,7.221518111111111,6.449292,8.72888888888889,23.96111111111111,13.652222222222223,4.961111111111112,26.253460000000004
2026-08-15T21:20:00.000Z,MCT2408031,15.290833,74.149167,18.375,184.30198124999998,469.6875,87.79387250000002,7.556482125,6.44639775,6.368124999999999,17.690625,10.14875,4.895,26.244223124999994
2026-08-15T21:30:00.000Z,MCT2408031,15.290833,74.149167,18.0625,180.07130625000002,469.8125,87.83440000000003,7.499208,6.0142795625,6.189999999999999,16.821875000000002,9.5225,4.761875,26.212719375
2026-08-15T21:40:00.000Z,MCT2408031,15.290833,74.149167,17.9375,183.98335625,473.5,87.81580500000004,7.422270875000002,6.1936710625,5.3275,14.483749999999997,8.186874999999999,4.672499999999999,26.192610625000004
2026-08-15T21:50:00.000Z,MCT2408031,15.290833,74.149167,18.1875,179.67586250000002,471.875,87.79053062499999,7.556482125,6.0142795625000005,4.940625,13.178749999999997,7.38125,4.748749999999999,26.14769562500001
2026-08-15T22:00:00.000Z,MCT2408031,15.290833,74.149167,18.0625,179.21170625000002,477.6875,87.77622562500004,7.415540562500002,6.0428386875,4.82125,12.825624999999997,7.201250000000001,4.961875,26.157080625
2026-08-15T22:04:13.726Z,MCT2408031,15.290833,74.149167,17.857142857142858,168.33127142857143,479.85714285714283,87.79686571428572,7.136220857142858,6.407823428571429,4.489999999999999,12.295714285714284,7.1428571428571415,4.9399999999999995,26.145014285714286
2026-08-15T21:10:00.000Z,MCT2408038,15.188889,74.055556,23.11111111111111,418.7922222222222,573.3333333333334,90.16004222222222,9.724444444444444,13.33,6.507777777777777,19.65888888888889,10.347777777777777,4.791111111111111,26.95178
2026-08-15T21:20:00.000Z,MCT2408038,15.188889,74.055556,23.3125,419.16312500000004,584.625,90.07029062499998,9.963750000000001,13.330000000000005,6.3625,19.382499999999993,10.161249999999999,4.7475,26.93599125
2026-08-15T21:30:00.000Z,MCT2408038,15.188889,74.055556,23.3125,415.87875,609.5625,90.06075312499999,9.942500000000003,13.330000000000005,6.41625,19.817500000000003,10.47125,4.793125000000001,26.90113499999999
2026-08-15T21:40:00.000Z,MCT2408038,15.188889,74.055556,25.1875,405.89250000000004,603.5625,90.05026374999998,9.856250000000003,13.330000000000005,8.98,26.837500000000002,14.055625000000003,4.7718750000000005,26.853543124999995
2026-08-15T21:50:00.000Z,MCT2408038,15.188889,74.055556,28.125,378.26,611.9375,90.08602625000002,9.886875,13.330000000000005,11.305000000000001,33.673125,17.395000000000003,4.78625,26.80662250000001
2026-08-15T22:00:00.000Z,MCT2408038,15.188889,74.055556,26.8125,266.26687499999997,605.8125,90.083165,9.8475,13.330000000000005,10.375,31.003124999999997,16.118125,4.750625,26.814665
2026-08-15T22:04:13.730Z,MCT2408038,15.188889,74.055556,27.666666666666668,307.56166666666667,629,90.11511000000002,10.066666666666666,13.33,10.943333333333333,32.471666666666664,16.718333333333334,4.801666666666667,26.76886
2026-08-15T21:10:00.000Z,MCT2408026,15.2467,74.198281,32.357142857142854,125,504.07142857142856,85.77943714285713,13.486871428571428,12.5,4.730000000000002,14.509999999999996,7.709999999999998,2.1371428571428566,27.93151071428571
2026-08-15T21:20:00.000Z,MCT2408026,15.2467,74.198281,32.541666666666664,125,507.5416666666667,85.78479458333334,13.552901666666665,12.5,4.730000000000003,15.031666666666665,8.233749999999999,2.2504166666666667,27.92314791666666
2026-08-15T21:30:00.000Z,MCT2408026,15.2467,74.198281,32.48,125,506.12,85.86279400000004,13.5129844,12.5,4.730000000000003,14.625199999999996,7.826400000000001,2.2203999999999997,27.914228000000012
2026-08-15T21:40:00.000Z,MCT2408026,15.2467,74.198281,32.416666666666664,125,506.9583333333333,86.27053333333338,13.437230416666667,12.5,4.730000000000003,14.509999999999996,7.710000000000001,2.057916666666667,27.778359583333344
2026-08-15T21:50:00.000Z,MCT2408026,15.2467,74.198281,32.625,125,509.1666666666667,86.26989791666664,13.593277500000001,12.5,4.730000000000003,14.509999999999996,7.710000000000001,2.1129166666666666,27.761375833333336
2026-08-15T22:00:00.000Z,MCT2408026,15.2467,74.198281,32.5,125,507.3333333333333,86.43997166666664,13.54832666666667,12.5,4.730000000000003,14.630416666666662,7.8308333333333335,2.143333333333334,27.72115375
2026-08-15T22:04:13.851Z,MCT2408026,15.2467,74.198281,32.7,125,514.1,86.58880400000001,13.580747000000002,12.5,4.730000000000001,14.51,7.709999999999999,2.0149999999999997,27.705515000000002
2026-08-15T22:10:00.000Z,MCT2408028,15.186944,74.096667,41.6,552.448,486.2,92.384092,18.2,12.138000000000002,8.59,30.03,18.092,1.56,25.761055999999996
2026-08-15T22:20:00.000Z,MCT2408028,15.186944,74.096667,41.76,558.924,485.08,92.41857959999999,18.1944,12.271199999999997,7.270000000000001,25.812800000000003,15.628000000000004,1.7967999999999997,25.852862799999993
2026-08-15T22:30:00.000Z,MCT2408028,15.186944,74.096667,41.6,557.162,487.52,92.49975600000002,18.0688,12.398,6.11,21.158799999999996,12.565599999999996,1.9831999999999996,25.9077752
2026-08-15T22:40:00.000Z,MCT2408028,15.186944,74.096667,41.24,553.6600000000001,478.2,92.6199944,17.8404,12.782800000000003,5.0699999999999985,18.176,11.096799999999998,1.6872000000000003,25.765776000000002
2026-08-15T22:50:00.000Z,MCT2408028,15.186944,74.096667,41,553.5828,465.48,92.12255800000001,17.614000000000004,12.888,5.99,21.5968,13.124,1.5167999999999995,25.818542800000014
2026-08-15T23:00:00.000Z,MCT2408028,15.186944,74.096667,41.375,554.4333333333335,459.5,92.03231416666665,17.864583333333332,13.041666666666663,5.2816666666666645,19.76166666666666,12.344583333333333,1.5,25.719587916666658
2026-08-15T23:07:58.814Z,MCT2408028,15.186944,74.096667,41.5,554.3404999999999,472.75,92.197937,17.946999999999996,13.018,4.989999999999999,17.151999999999997,10.192,1.6965,25.714939499999996
2026-08-15T22:10:00.000Z,MCT2408020,15.543475,74.039433,23,180,446.3333333333333,88.78505666666666,9.004023333333334,19.44867,5.57,16.46666666666667,8.049999999999999,3.66,26.277293333333333
2026-08-15T22:20:00.000Z,MCT2408020,15.543475,74.039433,23.0625,180,445.25,89.03555375000002,9.255228125,19.171666249999998,5.5699999999999985,16.191875,7.7787500000000005,3.6599999999999984,26.209367500000003
2026-08-15T22:30:00.000Z,MCT2408020,15.543475,74.039433,23.0625,180,449.8125,89.25585124999999,9.2508068125,19.253207499999995,5.5699999999999985,16.015,7.604375000000003,3.6599999999999984,26.189928750000004
2026-08-15T22:40:00.000Z,MCT2408020,15.543475,74.039433,23.1875,180,450.375,89.09658875,9.4051708125,19.13438625,5.5699999999999985,16.718750000000004,8.301874999999999,3.6599999999999984,26.265003750000005
2026-08-15T22:50:00.000Z,MCT2408020,15.543475,74.039433,23.0625,180,443.25,89.00884875,9.266282125000004,19.166615000000004,5.5699999999999985,16.309375000000003,7.895000000000001,3.6599999999999984,26.240871875
2026-08-15T23:00:00.000Z,MCT2408020,15.543475,74.039433,23,180,445.75,89.14427124999997,9.3227221875,19.3031125,5.5699999999999985,16.13375,7.720624999999999,3.6599999999999984,26.192609375
2026-08-15T23:07:58.815Z,MCT2408020,15.543475,74.039433,23.153846153846153,180,446.46153846153845,89.27470538461537,9.251897076923077,19.025298461538462,5.569999999999999,16.41692307692308,8.002307692307692,3.659999999999999,26.15656615384616
2026-08-15T22:10:00.000Z,MCT2408057,15.272222,74.104722,30,341.236,483.6,84.928648,12.632000000000001,8.774000000000001,3.34,10.965999999999998,6.196,2.214,28.094835999999997
2026-08-15T22:20:00.000Z,MCT2408057,15.272222,74.104722,29.88,327.2688,475.92,85.51794439999998,12.4772,8.768400000000003,4.078399999999999,13.0948,7.329200000000001,2.4416,27.9215196
2026-08-15T22:30:00.000Z,MCT2408057,15.272222,74.104722,30.12,345.67199999999997,457.4,85.8975828,12.534000000000002,8.838400000000002,3.0759999999999996,9.3192,5.068400000000001,2.8008000000000006,27.4509036
2026-08-15T22:40:00.000Z,MCT2408057,15.272222,74.104722,30.12,347.77440000000007,435.12,83.621278,12.801200000000001,8.802,2.9799999999999995,8.821200000000001,4.759200000000001,2.6860000000000004,27.4238776
2026-08-15T22:50:00.000Z,MCT2408057,15.272222,74.104722,30,349.1579166666668,428.875,82.20851625000002,12.684583333333334,8.798333333333334,3.0549999999999984,9.707083333333337,5.487083333333334,2.871666666666666,27.482077916666665
2026-08-15T23:00:00.000Z,MCT2408057,15.272222,74.104722,30,349.5680000000001,427.92,82.0239876,12.597599999999998,8.8456,3.1479999999999997,10.132400000000002,5.732400000000001,2.7132,27.525549999999996
2026-08-15T23:07:58.860Z,MCT2408057,15.272222,74.104722,30,348.37500000000006,429.5,82.52996849999998,12.687499999999998,8.829500000000003,3.219999999999999,10.234000000000004,5.699000000000002,2.7549999999999994,27.448651
2026-08-15T22:10:00.000Z,MCT2408056,15.579167,73.920833,24,180,556.3333333333334,89.93963666666666,6.886666666666667,9,4.69,14.266666666666666,8.12,2.0233333333333334,26.359516666666664
2026-08-15T22:20:00.000Z,MCT2408056,15.579167,73.920833,24.5625,180,558.6875,89.90005937500001,6.878125000000001,9.24706575,4.6899999999999995,15.081874999999997,8.960625,1.8349999999999997,26.356165625000003
2026-08-15T22:30:00.000Z,MCT2408056,15.579167,73.920833,24.4375,180,557.75,90.01211562499998,6.82,9.713321625,4.6899999999999995,14.797499999999996,8.6675,1.895625,26.345441875
2026-08-15T22:40:00.000Z,MCT2408056,15.579167,73.920833,24.75,180,559.375,89.97587625000003,6.72875,9.4430750625,4.6899999999999995,15.423124999999997,9.311250000000003,1.75625,26.36756125
2026-08-15T22:50:00.000Z,MCT2408056,15.579167,73.920833,24.375,180,560.125,90.127031875,6.805000000000001,9.270246437499999,4.6899999999999995,14.797499999999996,8.666250000000002,1.9987499999999998,26.355494999999998
2026-08-15T23:00:00.000Z,MCT2408056,15.579167,73.920833,24.5,180,559.0625,90.37021875000003,6.754375,9.172828625000001,4.6899999999999995,14.968124999999999,8.842500000000001,1.9200000000000002,26.288464999999995
2026-08-15T23:07:58.860Z,MCT2408056,15.579167,73.920833,24.46153846153846,180,571.5384615384615,90.25537461538464,6.915384615384617,9.408631153846153,4.6899999999999995,14.99,8.865384615384615,1.7923076923076922,26.325691538461545
2026-08-15T22:10:00.000Z,MCT2408055,15.585833,73.885556,19.666666666666668,116.18666666666667,772.3333333333334,91.04081000000001,8.666666666666666,19.732826666666668,3.5,10.963333333333333,6.59,1.8533333333333335,25.404983333333334
2026-08-15T22:20:00.000Z,MCT2408055,15.585833,73.885556,19.6875,116.21437499999998,770.0625,91.14460312499997,8.76375,20.509301249999996,3.7625,11.965,7.115625,1.77375,25.355379375000005
2026-08-15T22:30:00.000Z,MCT2408055,15.585833,73.885556,19.6875,114.49812499999999,770.8125,90.689225,8.7825,23.376670625000003,3.6750000000000003,11.800000000000002,7.116249999999997,1.5474999999999999,25.60876125
2026-08-15T22:40:00.000Z,MCT2408055,15.585833,73.885556,19.6875,114.32,774,90.498966875,8.724375000000002,24.310591875,3.54375,10.690625000000002,6.219374999999999,1.561875,25.721375625000004
2026-08-15T22:50:00.000Z,MCT2408055,15.585833,73.885556,19.5,114.49500000000002,774,90.39358499999999,8.640625000000002,24.67080375,3.5875,11.224375000000002,6.689374999999998,1.5768749999999998,25.778351875
2026-08-15T23:00:00.000Z,MCT2408055,15.585833,73.885556,19.6875,114.16562499999998,770.5,90.29440374999997,8.76375,23.9146,3.7187500000000004,11.636875,6.859375,1.5481250000000002,25.769638750000002
2026-08-15T23:07:58.932Z,MCT2408055,15.585833,73.885556,19.333333333333332,115.26666666666667,769.4166666666666,90.34653833333334,8.509166666666669,23.319019166666667,3.6750000000000003,11.785833333333334,7.101666666666667,1.7383333333333333,25.687412500000008
2026-08-15T22:10:00.000Z,MCT2408052,15.444425,74.063856,19.666666666666668,160,489.3333333333333,89.92437999999999,3.8589473333333335,8,6.800000000000001,19.886666666666667,9.783333333333333,2,26.520390000000003
2026-08-15T22:20:00.000Z,MCT2408052,15.444425,74.063856,19.0625,160,453.4375,89.92294625000001,3.7745174374999997,8,6.628124999999999,19.442500000000003,9.581874999999998,2,26.503635000000003
2026-08-15T22:30:00.000Z,MCT2408052,15.444425,74.063856,19,160,496,90.13561562500001,3.6444736874999997,8,6.566249999999999,19.0325,9.320625,2,26.484194374999998
2026-08-15T22:40:00.000Z,MCT2408052,15.444425,74.063856,18.9375,160,589.1875,90.126555,3.9391228125000004,8.922204375,6.380625,18.6,9.254999999999999,2,26.505645625000003
2026-08-15T22:50:00.000Z,MCT2408052,15.444425,74.063856,18.9375,160,491,90.19808187500001,3.9837281875000006,8.80102875,6.503749999999999,18.9225,9.320000000000002,2,26.502295625000002
2026-08-15T23:00:00.000Z,MCT2408052,15.444425,74.063856,18.9375,160,564.4375,90.33493312499998,3.661842187500001,8,6.4425,18.515625,9.036249999999999,2,26.481515625
2026-08-15T23:07:59.070Z,MCT2408052,15.444425,74.063856,18.846153846153847,160,510.6923076923077,90.43378692307692,3.745209307692308,8,6.333846153846154,18.30461538461539,9.024615384615384,2,26.416443076923073
2026-08-15T22:10:00.000Z,MCT2408053,15.263333,74.110833,52,224.42005,724.5,93.56931999999999,23.290000000000003,30.7775,4.59,13.6125,7.8950000000000005,5.8774999999999995,26.13965
2026-08-15T22:20:00.000Z,MCT2408053,15.263333,74.110833,49.75,223.68596250000002,800.375,93.750041875,21.130000000000006,29.501875000000002,4.705000000000001,13.855,7.968125000000001,6.02,26.07999375
2026-08-15T22:30:00.000Z,MCT2408053,15.263333,74.110833,49.266666666666666,255.73498666666666,779.0666666666667,92.77929599999999,20.769333333333336,26.157333333333334,4.590000000000002,11.863999999999997,5.865333333333334,6.735333333333334,25.89690933333333
2026-08-15T22:40:00.000Z,MCT2408053,15.263333,74.110833,52.375,261.7293,757.75,91.93758437500001,23.505625000000002,23.740625,4.590000000000002,11.730624999999996,5.710625,6.849375000000001,25.587979375000003
2026-08-15T22:50:00.000Z,MCT2408053,15.263333,74.110833,47.9375,250.20128750000003,724.8125,92.38056499999999,19.627499999999998,23.104375,4.590000000000002,11.669999999999996,5.64,6.780625000000001,25.371466874999996
2026-08-15T23:00:00.000Z,MCT2408053,15.263333,74.110833,45.875,263.3643062499999,749.1875,92.1788625,17.925625,22.828125000000004,4.590000000000002,11.669999999999996,5.64,6.7225,25.331247500000003
2026-08-15T23:07:59.070Z,MCT2408053,15.263333,74.110833,48.15384615384615,256.0464230769231,754.6923076923077,92.67623999999999,19.87846153846154,22.666923076923077,4.590000000000002,11.968461538461536,5.987692307692308,6.841538461538462,25.27958230769231
2026-08-15T22:10:00.000Z,MCT2408043,15.221111,74.087222,33,202.65666666666667,520,87.27698,14.256666666666666,10.436666666666666,6.753333333333333,24.03333333333333,14.089999999999998,5.29,26.58474
2026-08-15T22:20:00.000Z,MCT2408043,15.221111,74.087222,33.0625,203.31375000000003,519.8125,87.08958250000002,14.214374999999997,10.46875,7.440625,26.955000000000002,15.931250000000002,5.290000000000001,26.647752500000006
2026-08-15T22:30:00.000Z,MCT2408043,15.221111,74.087222,33.3125,210.18437500000002,515.75,86.3371325,14.158749999999996,10.335625,7.677499999999998,26.794999999999998,15.530625000000002,5.290000000000001,26.727521250000002
2026-08-15T22:40:00.000Z,MCT2408043,15.221111,74.087222,33,214.656,502.4,86.02474,14.169999999999998,10.253333333333334,6.329999999999999,22.314666666666664,13.236666666666668,5.290000000000001,26.478921333333336
2026-08-15T22:50:00.000Z,MCT2408043,15.221111,74.087222,33,216.16062499999998,498,86.46635437500001,14.153124999999998,10.373124999999998,6.329999999999999,21.0825,12.01,5.290000000000001,26.106804999999998
2026-08-15T23:00:00.000Z,MCT2408043,15.221111,74.087222,33,213.336875,500.1875,86.78011437499998,14.203124999999998,10.466875,6.329999999999999,21.404375,12.33,5.290000000000001,25.986819375000003
2026-08-15T23:07:59.120Z,MCT2408043,15.221111,74.087222,33,208.44615384615383,507.38461538461536,86.98706076923078,14.17615384615385,10.438461538461537,6.329999999999999,21.193076923076926,12.12076923076923,5.29,25.955261538461535
2026-08-15T22:10:00.000Z,MCT2408021,15.500556,74.053333,49,375,493.6666666666667,90.20666666666666,20.833333333333332,14.300186666666667,2.86,7.39,3.81,4.343333333333333,25.77321333333333
2026-08-15T22:20:00.000Z,MCT2408021,15.500556,74.053333,49.3125,375,493.25,90.17710124999999,20.972499999999997,14.30466125,2.86,7.39,3.810000000000001,4.303750000000001,25.77366
2026-08-15T22:30:00.000Z,MCT2408021,15.500556,74.053333,49.125,375,494.9375,90.049785,20.796875000000004,14.222978125000003,2.86,7.4174999999999995,3.8400000000000007,4.325000000000001,25.817898749999998
2026-08-15T22:40:00.000Z,MCT2408021,15.500556,74.053333,49.0625,375,493.9375,89.90149,20.796249999999997,14.349495624999996,2.86,7.772499999999999,4.2275,4.327500000000001,25.829295625
2026-08-15T22:50:00.000Z,MCT2408021,15.500556,74.053333,49.125,375,502.625,90.29964875000002,21.014375,14.46486875,2.86,7.636875000000001,4.079375000000001,4.357500000000001,25.756231875
2026-08-15T23:00:00.000Z,MCT2408021,15.500556,74.053333,49.2,375,502.8,90.15732799999999,20.901333333333334,14.535652666666666,2.86,7.826666666666666,4.286666666666666,4.409333333333333,25.758912666666674
2026-08-15T23:07:59.119Z,MCT2408021,15.500556,74.053333,49.07692307692308,375,483.3076923076923,89.80876307692309,20.84692307692308,14.651896153846156,2.86,7.491538461538462,3.9207692307692312,4.383846153846154,25.764687692307692
2026-08-15T22:10:00.000Z,MCT2408051,15.486528,74.033889,52,274.57666666666665,855.6666666666666,97.95304333333333,22.070000000000004,5.19,4.98,15.953333333333333,9.123333333333333,4.39,25.13686
2026-08-15T22:20:00.000Z,MCT2408051,15.486528,74.033889,52,274.920625,856.125,98.08306249999998,22.069999999999997,5.1899999999999995,4.351874999999999,14.216249999999997,8.011875,4.39,25.126801874999995
2026-08-15T22:30:00.000Z,MCT2408051,15.486528,74.033889,51.9375,276.91062500000004,862.625,98.13742249999999,22.029999999999994,5.1899999999999995,3.924374999999999,12.508125000000001,6.72875,4.39,25.107363749999994
2026-08-15T22:40:00.000Z,MCT2408051,15.486528,74.033889,52.4375,281.6825,863.3125,98.18558249999998,22.441249999999997,5.1899999999999995,3.7299999999999986,11.7325,6.143749999999998,4.731875,25.104681875
2026-08-15T22:50:00.000Z,MCT2408051,15.486528,74.033889,52.125,281.368125,857.125,98.01964249999997,22.143749999999997,5.1899999999999995,3.7299999999999986,11.034999999999998,5.445,4.39,25.06311875
2026-08-15T23:00:00.000Z,MCT2408051,15.486528,74.033889,52.0625,281.766875,857.4375,98.12645250000001,22.109999999999996,5.1899999999999995,3.7299999999999986,10.9575,5.369375000000001,4.39,24.953857499999998
2026-08-15T23:07:59.186Z,MCT2408051,15.486528,74.033889,52,281.51230769230773,856.1538461538462,98.32551307692309,22.069999999999997,5.1899999999999995,3.729999999999999,12.334615384615386,6.75076923076923,4.39,24.87945307692308
2026-08-15T22:10:00.000Z,MCT2408034,15.356389,74.123611,26.4,193.44536,470.2,78.188844,6.92,4.709999999999999,6.562,22.695999999999998,13.126,1.322,29.945989999999995
2026-08-15T22:20:00.000Z,MCT2408034,15.356389,74.123611,26.96,188.406688,477.68,78.23523079999998,6.386,4.420399999999999,7.217199999999998,23.5972,13.1272,1.4591999999999998,29.952855600000007
2026-08-15T22:30:00.000Z,MCT2408034,15.356389,74.123611,28.625,180,482.625,78.39127666666667,6.392500000000001,5.2837499999999995,8.048333333333332,26.767916666666668,14.96125,1.569583333333333,29.910419583333333
2026-08-15T22:40:00.000Z,MCT2408034,15.356389,74.123611,26.8,184.658096,496.16,78.42871,6.628399999999998,5.545200000000001,6.998799999999999,23.445999999999998,13.238399999999999,1.406,29.939555599999995
2026-08-15T22:50:00.000Z,MCT2408034,15.356389,74.123611,25.666666666666668,183.47501666666668,492.9166666666667,78.37856124999999,6.609583333333332,5.9174999999999995,6.493749999999998,21.491666666666664,11.994166666666667,1.4216666666666669,29.967175
2026-08-15T23:00:00.000Z,MCT2408034,15.356389,74.123611,25.72,189.67688400000003,494.88,78.2965712,6.713199999999997,5.236800000000001,6.452799999999999,21.3816,11.9264,1.5568,29.9622916
2026-08-15T23:07:59.337Z,MCT2408034,15.356389,74.123611,25.36842105263158,189.02815263157896,497.42105263157896,78.31083263157892,6.991052631578948,5.291052631578947,6.427894736842103,20.87736842105263,11.447894736842105,1.5678947368421055,29.95637684210526
2026-08-15T22:10:00.000Z,MCT2408050,15.553611,73.958333,27.333333333333332,87.69,529.3333333333334,92.64298333333333,11.183333333333332,4.096666666666667,4.24,13.453333333333333,7.366666666666667,3.1166666666666667,25.68384
2026-08-15T22:20:00.000Z,MCT2408050,15.553611,73.958333,27.5,88.57249999999999,530.8125,92.52981562500001,11.35125,4.3175,4.240000000000001,13.47125,7.384375,3.0299999999999994,25.69188374999999
2026-08-15T22:30:00.000Z,MCT2408050,15.553611,73.958333,27.75,87.994375,541.5,92.38676500000001,11.485625000000002,4.370625,4.293125000000001,14.17,7.968750000000001,3.285625,25.72204749999999
2026-08-15T22:40:00.000Z,MCT2408050,15.553611,73.958333,27.5625,87.59687499999998,537.5625,92.59037500000002,11.390625,4.30625,4.293125000000001,13.793125,7.5981250000000005,2.8724999999999996,25.68383999999999
2026-08-15T22:50:00.000Z,MCT2408050,15.553611,73.958333,27.75,86.90374999999999,536.875,92.48690125000003,11.541250000000002,4.270625,4.240000000000001,13.79375,7.704375,2.78625,25.68652124999999
2026-08-15T23:00:00.000Z,MCT2408050,15.553611,73.958333,27.75,87.70437499999998,506.375,92.91796187500002,11.401250000000003,4.2856250000000005,4.240000000000001,13.57875,7.490625,3.1981249999999997,25.637583749999997
2026-08-15T23:07:59.337Z,MCT2408050,15.553611,73.958333,27.692307692307693,87.77307692307691,509,92.83587538461539,11.475384615384614,4.37,4.240000000000001,13.541538461538462,7.453846153846154,3.240769230769231,25.649185384615382
2026-08-15T22:10:00.000Z,MCT2408029,15.333611,74.206944,12,315.91266666666667,508.6666666666667,93.27622333333333,4.196666666666666,7.14,2.94,8.67,4.71,3.5,26.341643333333334
2026-08-15T22:20:00.000Z,MCT2408029,15.333611,74.206944,12.3125,319.18892500000004,503.625,93.267006875,4.118125,7.2625,3.1243750000000006,9.826250000000002,5.515000000000001,3.5,26.375604999999997
2026-08-15T22:30:00.000Z,MCT2408029,15.333611,74.206944,12.133333333333333,324.63018666666665,498.8,93.28182066666668,3.6273333333333326,7.394666666666666,3.7660000000000005,11.945999999999998,6.666666666666667,3.5,26.401700666666667
2026-08-15T22:40:00.000Z,MCT2408029,15.333611,74.206944,12.3125,318.5615,496.6875,93.59125625000001,3.1668749999999997,7.528124999999999,3.4931249999999996,10.946250000000004,6.064375,3.55875,26.307904375
2026-08-15T22:50:00.000Z,MCT2408029,15.333611,74.206944,12.066666666666666,305.03446666666673,469.6,92.857116,3.0459999999999994,7.964666666666667,2.9399999999999995,8.824666666666667,4.8646666666666665,3.522,26.350937333333334
2026-08-15T23:00:00.000Z,MCT2408029,15.333611,74.206944,12,306.2291375,461.125,92.68812625000001,3.20625,7.461875,2.9399999999999995,9.141249999999998,5.183750000000001,3.5,26.37493375
2026-08-15T23:07:59.376Z,MCT2408029,15.333611,74.206944,12.307692307692308,308.19687692307696,465.9230769230769,92.94268230769232,2.7746153846153847,7.4338461538461535,2.94,9.115384615384615,5.159230769230769,3.6446153846153844,26.28444307692307
2026-08-15T22:10:00.000Z,MCT2408030,15.142519,74.075003,25,164.20143333333334,460.6666666666667,85.14838,8.97,6.2,9.37,24.64,12.31,4.14,26.052063333333336
2026-08-15T22:20:00.000Z,MCT2408030,15.142519,74.075003,25,163.83658125,473.4375,85.223716875,9.132500000000002,6.200000000000002,9.370000000000001,24.639999999999993,12.31,3.9212500000000006,26.037761874999998
2026-08-15T22:30:00.000Z,MCT2408030,15.142519,74.075003,25,167.93450666666666,461.1333333333333,85.20178266666667,9.006,6.200000000000002,9.370000000000001,24.639999999999993,12.31,4.195333333333333,26.027752666666668
2026-08-15T22:40:00.000Z,MCT2408030,15.142519,74.075003,25,169.14261875,425.8125,84.85369062500001,9.063749999999999,6.200000000000002,9.370000000000001,24.639999999999993,12.31,4.36,25.933193125
2026-08-15T22:50:00.000Z,MCT2408030,15.142519,74.075003,25,170.26925999999997,421.2,84.90830533333332,9.03,6.200000000000002,9.370000000000001,24.639999999999993,12.31,4.4,25.762489333333335
2026-08-15T23:00:00.000Z,MCT2408030,15.142519,74.075003,25,168.43830624999998,436.1875,85.014861875,8.969999999999999,6.200000000000002,9.370000000000001,24.639999999999993,12.31,4.34125,25.707971249999996
2026-08-15T23:07:59.376Z,MCT2408030,15.142519,74.075003,25,167.18828333333332,443.9166666666667,85.10768666666668,9.061666666666667,6.200000000000002,9.370000000000001,24.639999999999997,12.31,4.297499999999999,25.705289999999994
2026-08-15T22:10:00.000Z,MCT2408023,15.499722,74.020833,50.75,168.9725,452.5,92.03009,7.387500000000001,20.464999999999996,21.544999999999998,67.755,42.052499999999995,5.3025,24.99743
2026-08-15T22:20:00.000Z,MCT2408023,15.499722,74.020833,30,199.1293333333333,445.73333333333335,91.9624466666667,7.28,20.806,8.112,26.342666666666666,16.916666666666668,5.368666666666668,24.97955466666666
2026-08-15T22:30:00.000Z,MCT2408023,15.499722,74.020833,31.375,201.435625,445,91.94235499999999,7.45375,20.628750000000007,8.318750000000001,28.100625000000008,18.66875,5.2631250000000005,24.975979999999996
2026-08-15T22:40:00.000Z,MCT2408023,15.499722,74.020833,35.0625,208.90875,446.5625,91.92471062499997,7.569375000000001,19.850625,9.6625,33.878125,22.928125,5.342499999999999,24.957879999999996
2026-08-15T22:50:00.000Z,MCT2408023,15.499722,74.020833,34.1875,202.39000000000001,453.5625,91.99385187499998,6.879375,20.2875,9.346250000000003,32.37375000000001,21.93125,5.2725,24.979999999999997
2026-08-15T23:00:00.000Z,MCT2408023,15.499722,74.020833,28.875,229.26500000000004,449.125,91.98050062499999,7.262499999999999,20.239375,6.735000000000001,23.112500000000004,15.587499999999999,5.26125,24.980670625
2026-08-15T23:07:59.441Z,MCT2408023,15.499722,74.020833,34.38461538461539,204.2007692307692,446.61538461538464,91.92269307692308,7.606923076923076,19.98923076923077,9.553846153846154,33.1223076923077,22.307692307692307,5.374615384615385,24.891002307692304
2026-08-15T22:10:00.000Z,MCT2408027,15.275556,74.1075,25,1150.2666666666667,695.6666666666666,91.34344333333333,6.580000000000001,12.88,7.2299999999999995,23.986666666666665,13.833333333333334,2.9500000000000006,26.674116666666666
2026-08-15T22:20:00.000Z,MCT2408027,15.275556,74.1075,23.625,1158.44375,657.125,91.40591062499999,6.579999999999999,12.621875000000003,6.470625000000001,21.685625000000005,12.353125,2.9500000000000006,26.666522500000006
2026-08-15T22:30:00.000Z,MCT2408027,15.275556,74.1075,21.6875,1161.6674999999998,660.8125,90.85945562500001,6.579999999999999,12.798125000000006,5.485000000000001,17.43625,9.634999999999998,2.9500000000000006,26.557930624999997
2026-08-15T22:40:00.000Z,MCT2408027,15.275556,74.1075,20.5,1158.97875,612.125,90.21095749999999,6.579999999999999,13.145625000000003,4.991875,15.403749999999999,8.40125,2.9500000000000006,25.898338124999995
2026-08-15T22:50:00.000Z,MCT2408027,15.275556,74.1075,20.8125,1168.446875,593.625,90.85659437499999,6.579999999999999,13.135625,4.9300000000000015,15.833750000000002,8.954999999999998,2.9500000000000006,25.540386249999997
2026-08-15T23:00:00.000Z,MCT2408027,15.275556,74.1075,21.0625,1163.906875,619.375,91.06306687499999,6.579999999999999,13.177500000000004,4.991875,16.388125,9.38625,2.9500000000000006,25.455255000000005
2026-08-15T23:07:59.596Z,MCT2408027,15.275556,74.1075,21.333333333333332,1168.7083333333333,601.9166666666666,91.14826000000001,6.579999999999999,12.977500000000001,5.26,17.004166666666666,9.469999999999999,2.9499999999999997,25.4755875
2026-08-15T22:10:00.000Z,MCT2408040,15.528056,74.020833,18.666666666666668,100,450.6666666666667,89.00630666666666,7.94,4.806666666666667,3.07,8.42,3.73,3.5,26.22724333333333
2026-08-15T22:20:00.000Z,MCT2408040,15.528056,74.020833,19,100,446.625,89.05319874999999,8.17375,4.82125,3.07,8.42,3.7299999999999986,3.5,26.1885875
2026-08-15T22:30:00.000Z,MCT2408040,15.528056,74.020833,19.1875,100,451.3125,89.0765625,8.183125,4.859375,3.07,8.42,3.7299999999999986,3.5,26.1678075
2026-08-15T22:40:00.000Z,MCT2408040,15.528056,74.020833,19.125,100,457.25,89.09181687499999,8.290000000000001,4.82375,3.07,8.42,3.7299999999999986,3.5,26.190599999999996
2026-08-15T22:50:00.000Z,MCT2408040,15.528056,74.020833,19.0625,100,450.125,89.074655,8.101875000000001,4.75375,3.07,8.42,3.7299999999999986,3.5,26.1899275
2026-08-15T23:00:00.000Z,MCT2408040,15.528056,74.020833,18.9375,100,446.75,88.94495249999997,8.075000000000001,4.774375,3.07,8.42,3.7299999999999986,3.5,26.164455000000004
2026-08-15T23:07:59.596Z,MCT2408040,15.528056,74.020833,19.076923076923077,100,439.84615384615387,88.90027846153845,8.117692307692309,4.797692307692308,3.07,8.42,3.729999999999999,3.5,26.093037692307693
2026-08-15T22:10:00.000Z,MCT2408044,15.313669,74.140042,25.666666666666668,214.29,496.3333333333333,95.03861333333333,10.74,3.5700000000000003,2.8699999999999997,7.5,4.32,3.1589743333333336,25.29058333333333
2026-08-15T22:20:00.000Z,MCT2408044,15.313669,74.140042,25.866666666666667,214.29,502.4,95.00656800000002,10.914666666666667,3.4673333333333334,2.8699999999999997,7.666666666666667,4.500666666666666,3.6856408666666667,25.344922666666665
2026-08-15T22:30:00.000Z,MCT2408044,15.313669,74.140042,25.8,214.29,500.8,95.00402400000002,10.826666666666664,3.5073333333333334,2.8699999999999997,7.766666666666667,4.608666666666666,3.7354700666666667,25.32490333333334
2026-08-15T22:40:00.000Z,MCT2408044,15.313669,74.140042,25.5,214.29,492,94.95166937500001,10.668125000000002,3.5425,2.8699999999999997,7.53125,4.35375,4.3670671875,25.226010000000002
2026-08-15T22:50:00.000Z,MCT2408044,15.313669,74.140042,25.5,214.29,466.5,94.8366185714286,10.674999999999997,3.32,2.87,7.5,4.32,4.349816714285714,25.07863285714286
2026-08-15T23:00:00.000Z,MCT2408044,15.313669,74.140042,25.533333333333335,214.29,470.3333333333333,94.81278533333335,10.754666666666663,3.3353333333333333,2.8699999999999997,7.5,4.320000000000001,4.455555533333333,25.038183999999998
2026-08-15T23:07:59.639Z,MCT2408044,15.313669,74.140042,25.416666666666668,214.29,475.1666666666667,94.89619749999999,10.704166666666666,3.32,2.8700000000000006,7.5,4.32,4.2904915,24.985809166666666
2026-08-15T22:10:00.000Z,MCT2408049,15.475278,74.055833,56.666666666666664,150,493.6666666666667,87.98396666666667,24.253333333333334,12.166666666666666,5.113333333333333,15.32,7.926666666666667,2.61,26.506093333333336
2026-08-15T22:20:00.000Z,MCT2408049,15.475278,74.055833,56.875,150.0756,500.3125,88.177723125,24.350625,12.294375,4.648124999999999,14.363124999999997,7.435,2.61,26.480843750000002
2026-08-15T22:30:00.000Z,MCT2408049,15.475278,74.055833,56.9375,150,508,88.15340624999999,24.299999999999997,12.401875,4.455625,13.358124999999998,6.764374999999999,2.61,26.5089975
2026-08-15T22:40:00.000Z,MCT2408049,15.475278,74.055833,56.6875,150,511.625,88.15245125,24.265625,12.298749999999998,4.263125,13.167499999999999,6.956874999999998,2.61,26.53178687499999
2026-08-15T22:50:00.000Z,MCT2408049,15.475278,74.055833,56.75,150.1635,509.8125,88.11334875,24.257499999999997,12.175624999999998,4.166874999999999,12.832499999999998,6.8131249999999985,2.61,26.533126874999994
2026-08-15T23:00:00.000Z,MCT2408049,15.475278,74.055833,56.875,150.44215624999998,515.3125,88.07615624999998,24.258124999999996,12.232499999999998,4.359374999999999,13.263124999999999,6.861249999999998,2.61,26.516370000000002
2026-08-15T23:07:59.639Z,MCT2408049,15.475278,74.055833,56.76923076923077,150.45440000000002,510.0769230769231,88.23241384615383,24.166153846153843,13.359999999999998,4.422307692307692,14.022307692307692,7.495384615384615,2.61,26.44531846153847
2026-08-15T22:10:00.000Z,MCT2408046,15.529167,74.07,30.6,95.52,893.4,88.71893400000002,12.902000000000001,1.688,5.06,14.440000000000001,6.772,4.090000000000001,26.767074
2026-08-15T22:20:00.000Z,MCT2408046,15.529167,74.07,30.68,95.52,882.24,88.40063440000006,13.0732,1.6016,5.060000000000001,14.706800000000005,7.209600000000003,4.248799999999999,26.846008
2026-08-15T22:30:00.000Z,MCT2408046,15.529167,74.07,30.84,95.52,883.04,87.89160199999996,13.1572,1.5272,5.060000000000001,16.395200000000003,8.540000000000003,4.3044,26.978140399999994
2026-08-15T22:40:00.000Z,MCT2408046,15.529167,74.07,30.56,95.52,901.36,89.86151079999999,13.0096,1.5956000000000001,5.060000000000001,14.2624,6.6796000000000015,4.0848,26.429015200000002
2026-08-15T22:50:00.000Z,MCT2408046,15.529167,74.07,30.64,95.52,915.72,91.76184,13.03,1.6092000000000004,5.060000000000001,13.552,6.074799999999999,4.11,25.966547599999995
2026-08-15T23:00:00.000Z,MCT2408046,15.529167,74.07,30.68,95.52,908.4,91.45819119999999,13.087199999999998,1.6056,5.060000000000001,13.7296,6.280000000000001,4.2072,26.005157999999998
2026-08-15T23:07:59.698Z,MCT2408046,15.529167,74.07,30.75,95.52,899,91.41172750000001,13.080499999999997,1.426,5.0600000000000005,14.717500000000001,7.138000000000001,4.514000000000001,25.787333999999998
2026-08-15T22:10:00.000Z,MCT2408042,15.213889,74.071667,62,283.7625,486,90.30585,26.6725,13.499999999999998,5.2325,17.5575,10.02,3.7625,26.7000375
2026-08-15T22:20:00.000Z,MCT2408042,15.213889,74.071667,61.8125,285.635625,478.6875,90.00066999999997,26.571249999999992,13.214375000000002,5.971875,19.779375,11.16,3.8999999999999995,26.769751250000006
2026-08-15T22:30:00.000Z,MCT2408042,15.213889,74.071667,61.333333333333336,291.96466666666663,444.73333333333335,89.05920533333332,26.279999999999998,14.215333333333335,5.156666666666666,17.934666666666665,10.323333333333334,4.309333333333333,26.739900000000002
2026-08-15T22:40:00.000Z,MCT2408042,15.213889,74.071667,61.3125,294.91249999999997,434.25,88.96879500000001,26.269999999999996,14.4425,4.948124999999999,17.214375000000004,10.020625000000003,4.413749999999999,26.53111625
2026-08-15T22:50:00.000Z,MCT2408042,15.213889,74.071667,61.25,294.338125,436.6875,89.48568750000001,26.229999999999997,14.040000000000001,4.891249999999999,16.643125,9.565,3.980625,26.269695625000004
2026-08-15T23:00:00.000Z,MCT2408042,15.213889,74.071667,61.5,293.35875,441.0625,89.65544187500001,26.389999999999997,13.716249999999999,4.777499999999998,16.244375,9.394375000000002,4.038749999999999,26.200654375
2026-08-15T23:07:59.852Z,MCT2408042,15.213889,74.071667,61.30769230769231,281.8346153846154,442,89.55757923076925,26.25923076923077,13.686153846153845,5.249999999999999,16.766153846153845,9.179999999999998,3.87,26.27701769230769
2026-08-15T22:10:00.000Z,MCT2408037,15.394444,74.118333,25.333333333333332,160,457,86.41485999999999,10.733333333333333,14.426666666666668,5.203333333333333,18.81,9.74,3.9233333333333333,26.53112
2026-08-15T22:20:00.000Z,MCT2408037,15.394444,74.118333,25.375,160,463.6875,86.37051062499998,10.644375000000004,14.458125,5.108750000000001,19.113750000000003,10.115625,3.8025,26.531116875
2026-08-15T22:30:00.000Z,MCT2408037,15.394444,74.118333,25.25,160,461.1875,86.42296062500002,10.540000000000001,14.4775,4.598750000000001,17.68375,9.459375,3.733124999999999,26.45336125
2026-08-15T22:40:00.000Z,MCT2408037,15.394444,74.118333,25.3125,160,468.9375,86.465399375,10.623125000000002,14.435625000000002,4.8774999999999995,18.8075,10.115,3.59,26.4433075
2026-08-15T22:50:00.000Z,MCT2408037,15.394444,74.118333,25.375,160,474.75,86.36478749999999,10.704375,14.389375000000001,4.69125,18.450625000000002,10.02125,3.708125,26.515029375000005
2026-08-15T23:00:00.000Z,MCT2408037,15.394444,74.118333,25.1875,160,468.75,86.21362812499999,10.539375000000003,14.4225,5.201250000000002,19.984375,10.818125,3.7706250000000003,26.56530375
2026-08-15T23:07:59.852Z,MCT2408037,15.394444,74.118333,25.46153846153846,160,472,86.11730999999999,10.802307692307693,14.379999999999999,4.630769230769231,18.36692307692308,9.970769230769228,3.69,26.572369230769233
2026-08-15T22:10:00.000Z,MCT2408041,15.224628,74.171389,32.333333333333336,448.06753333333336,496.6666666666667,91.28240999999998,13.526666666666666,9.7,8.09,20.25,8.9,7.989999999999999,26.48822
2026-08-15T22:20:00.000Z,MCT2408041,15.224628,74.171389,32.625,449.8885,497.125,91.28241000000001,13.664374999999998,9.7,8.090000000000002,20.25,8.900000000000002,7.885625,26.472130625
2026-08-15T22:30:00.000Z,MCT2408041,15.224628,74.171389,32.625,444.3282125,490.0625,91.26429,13.6425,9.7,8.090000000000002,20.25,8.900000000000002,7.878125,26.447329999999997
2026-08-15T22:40:00.000Z,MCT2408041,15.224628,74.171389,32.5,474.33293125,468.5625,91.31197374999999,13.569374999999999,9.7,8.090000000000002,20.25,8.900000000000002,8.396875,25.99084125
2026-08-15T22:50:00.000Z,MCT2408041,15.224628,74.171389,32.8125,482.418725,432.5625,91.051144375,13.753749999999998,9.7,8.090000000000002,20.25,8.900000000000002,8.449375,25.539045
2026-08-15T23:00:00.000Z,MCT2408041,15.224628,74.171389,32.5,476.17061875,430.6875,91.18322812500001,13.634375,9.7,8.090000000000002,20.25,8.900000000000002,8.27,25.436487499999995
2026-08-15T23:07:59.898Z,MCT2408041,15.224628,74.171389,33,481.4140307692308,426.7692307692308,91.4038930769231,13.857692307692306,9.700000000000001,8.090000000000002,20.25,8.900000000000002,8.325384615384614,25.350533076923078
2026-08-15T22:10:00.000Z,MCT2408033,15.346944,74.007778,19.333333333333332,116.4218,482.3333333333333,90.40757333333333,7.526666666666666,4.306666666666667,4.443333333333333,11.793333333333331,7.453333333333333,4.39,26.72417
2026-08-15T22:20:00.000Z,MCT2408033,15.346944,74.007778,20.0625,117.70866250000002,477.5625,90.41122875000003,8.15375,4.364375,3.8268750000000007,10.768125,6.949375000000001,4.39,26.769082500000003
2026-08-15T22:30:00.000Z,MCT2408033,15.346944,74.007778,19.8125,123.85934375000001,470.75,89.89958312499999,8.005625,4.260625,3.0300000000000007,8.400000000000002,5.512500000000001,4.39,26.840135625000002
2026-08-15T22:40:00.000Z,MCT2408033,15.346944,74.007778,20.6875,125.16735625000001,452.5625,89.59202125000002,8.764375000000001,4.5062500000000005,3.0300000000000007,8.046250000000002,5.11,4.39,26.735566249999998
2026-08-15T22:50:00.000Z,MCT2408033,15.346944,74.007778,20.6875,123.197025,487.75,89.87526187500002,8.75,4.599375,3.0681250000000007,8.1425,5.146250000000001,4.39,26.534469375000004
2026-08-15T23:00:00.000Z,MCT2408033,15.346944,74.007778,20.5,122.36571249999999,479.875,90.08650187499998,8.550625000000002,4.709375,3.0300000000000007,7.950000000000001,5.000000000000001,4.39,26.433923125000007
2026-08-15T23:07:59.898Z,MCT2408033,15.346944,74.007778,19.75,120.44144999999999,491.25,90.12274000000001,8.070000000000002,4.713333333333334,3.181666666666667,8.633333333333333,5.539166666666667,4.39,26.4310175
2026-08-15T22:10:00.000Z,MCT2408024,15.148056,74.131667,40.4,219.36656000000002,587.4,81.38403000000001,17.346504,6.3492066000000005,5,14.99,7.99,2.54,27.417012
2026-08-15T22:20:00.000Z,MCT2408024,15.148056,74.131667,40.625,219.23695833333332,591.375,81.34067124999999,17.547175,5.772006000000001,5,14.990000000000004,7.990000000000002,2.519166666666667,27.381529999999998
2026-08-15T22:30:00.000Z,MCT2408024,15.148056,74.131667,40.72,219.503544,621.48,81.45971760000003,17.654634400000003,5.887446120000002,5,14.990000000000004,7.990000000000002,2.5180000000000002,27.354806399999998
2026-08-15T22:40:00.000Z,MCT2408024,15.148056,74.131667,40.666666666666664,219.55123749999998,574.3333333333334,81.19317083333333,17.600365,5.353836083333333,5,14.990000000000004,7.990000000000002,2.554166666666667,27.285449999999997
2026-08-15T22:50:00.000Z,MCT2408024,15.148056,74.131667,40.72,222.719968,552.72,80.78375279999999,17.656915199999997,5.339682640000001,5,15.230000000000004,8.230000000000002,2.5512,27.018466000000007
2026-08-15T23:00:00.000Z,MCT2408024,15.148056,74.131667,40.88,222.257272,553.72,80.816406,17.7468088,5.679365280000002,5,15.190000000000005,8.190000000000003,2.5584000000000002,26.929663600000005
2026-08-15T23:07:59.959Z,MCT2408024,15.148056,74.131667,40.421052631578945,221.4005052631579,524.7894736842105,80.53460210526316,17.39281842105263,5.446950842105264,5,15.305789473684214,8.30578947368421,2.54,26.950525789473687
2026-08-15T22:10:00.000Z,MCT2408022,15.475833,74.038889,35,150,435.75,91.09739249999998,3.4275,11.49498,11.75,35.75,19,4.35420375,25.6141225
2026-08-15T22:20:00.000Z,MCT2408022,15.475833,74.038889,28.2,150,436.2,91.292582,3.5093333333333323,11.632395333333333,7.066666666666666,21.933333333333334,11.866666666666667,4.3100002,25.56085266666667
2026-08-15T22:30:00.000Z,MCT2408022,15.475833,74.038889,27.625,150,430.8125,91.32103625,3.89625,11.553461875,5.9375,19.625,10.8125,4.296266625,25.503518749999998
2026-08-15T22:40:00.000Z,MCT2408022,15.475833,74.038889,26.1875,150,432.6875,91.37729875000002,4.0581249999999995,11.369226249999999,5.1875,17.25,9.875,4.3068585624999995,25.46397125
2026-08-15T22:50:00.000Z,MCT2408022,15.475833,74.038889,25.875,150,432.6875,91.36251812500002,4.015625,11.362010625000002,5.1875,16.6875,9.3125,4.2786968125,25.465981250000006
2026-08-15T23:00:00.000Z,MCT2408022,15.475833,74.038889,27.25,150,437.25,91.135543125,3.7818750000000003,11.300324999999999,6.1875,20.1875,11.25,4.3165101875,25.52899
2026-08-15T23:08:00.110Z,MCT2408022,15.475833,74.038889,26.76923076923077,150,435.3076923076923,91.20318153846155,3.7946153846153843,11.305529999999997,5.769230769230769,19.23076923076923,10.692307692307692,4.278148538461538,25.494906923076922
2026-08-15T22:10:00.000Z,MCT2408045,15.619444,73.878889,27.333333333333332,189.18333333333337,537,87.25154666666667,11.073333333333332,16.756666666666664,3.02,10.65,5.463333333333334,2.53,25.78036
2026-08-15T22:20:00.000Z,MCT2408045,15.619444,73.878889,27.6875,190.12875000000003,538.75,87.24932125000001,11.445625000000001,16.310624999999998,3.020000000000001,10.448125,5.26375,2.5300000000000002,25.811866875
2026-08-15T22:30:00.000Z,MCT2408045,15.619444,73.878889,27.6875,188.945625,540.1875,87.27888562500002,11.51125,16.65875,3.020000000000001,10.1275,4.94625,2.5300000000000002,25.831978124999992
2026-08-15T22:40:00.000Z,MCT2408045,15.619444,73.878889,27.75,189.81812500000004,539.125,87.35565437500003,11.36625,16.696875,3.020000000000001,10.020625,4.838749999999999,2.5300000000000002,25.827954999999996
2026-08-15T22:50:00.000Z,MCT2408045,15.619444,73.878889,27.75,188.538125,544.875,87.47772624999999,11.481250000000001,16.766875,3.020000000000001,9.842499999999998,4.662499999999999,2.5300000000000002,25.822591875
2026-08-15T23:00:00.000Z,MCT2408045,15.619444,73.878889,27.625,188.009375,544.625,87.508720625,11.43375,16.744375,3.020000000000001,9.842499999999998,4.662499999999998,2.5300000000000002,25.84203125
2026-08-15T23:08:00.109Z,MCT2408045,15.619444,73.878889,27.76923076923077,188.4584615384615,545.7692307692307,87.57863384615383,11.517692307692307,16.551538461538463,3.0200000000000005,9.875384615384615,4.695384615384615,2.5300000000000002,25.83893692307693
2026-08-15T22:10:00.000Z,MCT2408036,15.171567,74.067106,35.333333333333336,120,539,91.26206666666667,10.366666666666667,8.196666666666667,2.63,8.106666666666667,4.5566666666666675,10.666666666666666,25.99486333333333
2026-08-15T22:20:00.000Z,MCT2408036,15.171567,74.067106,36.25,120,515.0625,91.406865,10.800625,7.9937499999999995,6.315625,17.9525,9.2775,11.1775,25.976764375
2026-08-15T22:30:00.000Z,MCT2408036,15.171567,74.067106,36.666666666666664,120,533.6,91.14355533333331,10.618666666666664,7.555333333333333,5.192666666666666,14.622666666666667,7.564666666666667,11.453333333333335,25.858298
2026-08-15T22:40:00.000Z,MCT2408036,15.171567,74.067106,36.4375,120,524.3125,90.846580625,10.511249999999999,8.0125,5.8549999999999995,16.686249999999998,8.643749999999999,11.188750000000002,25.704618124999996
2026-08-15T22:50:00.000Z,MCT2408036,15.171567,74.067106,36.625,120,516.125,91.36394812500001,10.58,7.599375,7.203749999999999,20.391249999999996,10.480625,11.36875,25.5933425
2026-08-15T23:00:00.000Z,MCT2408036,15.171567,74.067106,36.375,120,520.75,91.69821125,10.508125,7.866875,5.855,16.844375,8.802499999999998,11.24625,25.475365625000006
2026-08-15T23:08:00.157Z,MCT2408036,15.171567,74.067106,36.083333333333336,120,519.6666666666666,91.75861000000002,10.467500000000001,7.88,4.604166666666667,13.341666666666669,7.007499999999999,11.012499999999998,25.47112
2026-08-15T22:10:00.000Z,MCT2408032,15.525556,73.828611,35.4,199.03199999999998,644.4,81.43896600000001,14.956,43.553999999999995,7.12,18.206,8.208,2.256,28.380128000000003
2026-08-15T22:20:00.000Z,MCT2408032,15.525556,73.828611,35.12,200.732,651.04,81.72094760000002,14.660800000000005,44.184400000000004,7.120000000000002,18.0924,8.0984,2.2783999999999995,28.369826799999995
2026-08-15T22:30:00.000Z,MCT2408032,15.525556,73.828611,34.76,204.3520000000001,629.28,79.11535680000001,14.519600000000004,44.655600000000014,7.120000000000002,18.831200000000003,8.832400000000002,2.6216000000000004,28.882059200000004
2026-08-15T22:40:00.000Z,MCT2408032,15.525556,73.828611,34.958333333333336,219.2395833333333,598.125,78.10581,14.805416666666673,44.25916666666668,7.120000000000002,18.84625,8.847083333333336,2.8379166666666666,28.866508750000005
2026-08-15T22:50:00.000Z,MCT2408032,15.525556,73.828611,34.84,217.75280000000006,600.72,79.20019480000002,14.562000000000006,45.071999999999996,7.120000000000002,18.035999999999998,8.0408,2.8059999999999996,28.4474788
2026-08-15T23:00:00.000Z,MCT2408032,15.525556,73.828611,34.88,211.34479999999996,618.4,80.1248776,14.608400000000003,43.669200000000004,7.120000000000002,18.206400000000002,8.210400000000003,2.8252000000000006,28.286598400000003
2026-08-15T23:08:00.157Z,MCT2408032,15.525556,73.828611,35.05,208.62849999999997,616,80.02409349999999,14.699000000000002,44.1425,7.120000000000002,17.637999999999998,7.6450000000000005,2.6335000000000006,28.389777499999997
2026-08-15T22:10:00.000Z,MCT2408031,15.290833,74.149167,18.333333333333332,176.11386666666667,480.3333333333333,87.82883333333332,7.585866666666667,6,4.603333333333333,12.61,7.3,4.683333333333334,26.162893333333333
2026-08-15T22:20:00.000Z,MCT2408031,15.290833,74.149167,18.1875,176.3284875,485,87.87159312499999,7.470571125,6.208919375,5.475624999999999,14.890625000000004,8.42375,4.731250000000001,26.17116
2026-08-15T22:30:00.000Z,MCT2408031,15.290833,74.149167,18,177.17815000000002,483.6875,88.42615625,7.334116249999999,6.3854046875,6.219999999999999,16.820625,9.435625,4.940625000000001,26.053181249999998
2026-08-15T22:40:00.000Z,MCT2408031,15.290833,74.149167,17.9375,184.53808750000002,473.625,88.250203125,7.228542000000001,9.342027875,4.4350000000000005,11.875624999999998,6.726874999999999,5.73,25.9217975
2026-08-15T22:50:00.000Z,MCT2408031,15.290833,74.149167,18.0625,180.84604375000004,453.25,87.69039562500001,7.2858160625,10.2227676875,4.58375,12.0375,6.66625,5.6743749999999995,25.689197500000002
2026-08-15T23:00:00.000Z,MCT2408031,15.290833,74.149167,17.9375,186.19661250000001,443.375,87.15872250000001,7.352063875000001,7.235648937500001,4.61375,12.390625000000002,6.993124999999999,5.421874999999998,25.624848749999998
2026-08-15T23:08:00.212Z,MCT2408031,15.290833,74.149167,18.153846153846153,188.5058692307692,440.7692307692308,87.15080076923076,7.557984538461539,6.439194538461539,4.725384615384615,12.27230769230769,6.739230769230769,5.405384615384615,25.481706923076924
2026-08-15T22:10:00.000Z,MCT2408039,15.163611,74.110833,29,359.3533333333333,472.6666666666667,86.92602666666669,10.33,10.3,9.02,28.94,11.76,2.3,26.266566666666666
2026-08-15T22:20:00.000Z,MCT2408039,15.163611,74.110833,29,372.12125000000003,467.125,86.900755,9.616874999999999,10.3,9.019999999999998,28.94,11.759999999999998,2.3,26.281090000000006
2026-08-15T22:30:00.000Z,MCT2408039,15.163611,74.110833,29,372.21250000000003,472.875,87.06001687500002,9.385624999999997,10.3,9.019999999999998,28.94,11.759999999999998,2.3,26.267013750000004
2026-08-15T22:40:00.000Z,MCT2408039,15.163611,74.110833,29,379.734375,465.0625,86.81635374999999,9.591874999999998,10.3,9.019999999999998,28.94,11.759999999999998,2.3,26.277069375000004
2026-08-15T22:50:00.000Z,MCT2408039,15.163611,74.110833,29,393.26750000000004,423,86.67807000000002,8.44875,10.3,9.019999999999998,28.94,11.759999999999998,2.3,26.183893750000003
2026-08-15T23:00:00.000Z,MCT2408039,15.163611,74.110833,29,390.076875,443.4375,86.59128500000003,9.683124999999999,10.3,9.019999999999998,28.94,11.759999999999998,2.3,26.100100625
2026-08-15T23:08:00.363Z,MCT2408039,15.163611,74.110833,29,390.3507692307693,438.15384615384613,86.77226153846155,9.053076923076922,10.299999999999999,9.019999999999998,28.94,11.76,2.3000000000000003,26.061687692307693
2026-08-15T22:10:00.000Z,MCT2408035,15.236111,74.125,48.333333333333336,190,701.6666666666666,91.29767,20.222593333333332,10.046666666666667,3.7999999999999994,10.19,4.91,3.83,26.463193333333333
2026-08-15T22:20:00.000Z,MCT2408035,15.236111,74.125,48.375,190,710.125,91.16940000000001,20.180546874999997,10.49625,3.799999999999999,10.19,4.909999999999998,3.8299999999999987,26.480173124999993
2026-08-15T22:30:00.000Z,MCT2408035,15.236111,74.125,48.25,190.10464374999998,706.5,90.96340625000002,19.928268124999995,9.875625000000001,3.799999999999999,10.19,4.909999999999998,3.8299999999999987,26.484195625
2026-08-15T22:40:00.000Z,MCT2408035,15.236111,74.125,48.75,190.66881874999996,674.8125,90.41265937499999,20.46247125,9.18,3.799999999999999,10.19,4.909999999999998,3.8299999999999987,26.256286875
2026-08-15T22:50:00.000Z,MCT2408035,15.236111,74.125,48.8125,190.939625,659.875,90.31395374999998,20.432825625,9.325,3.799999999999999,10.19,4.909999999999998,3.8299999999999987,26.122224375
2026-08-15T23:00:00.000Z,MCT2408035,15.236111,74.125,49.4375,190.72636874999998,661.1875,90.414566875,21.053640625000003,9.353750000000002,3.799999999999999,10.19,4.909999999999998,3.8299999999999987,25.994863125000002
2026-08-15T23:08:00.369Z,MCT2408035,15.236111,74.125,48,190.76545384615386,659.3076923076923,90.38683538461538,19.872509230769232,9.740769230769232,3.7999999999999994,10.19,4.909999999999998,3.8299999999999987,25.92226153846154
2026-08-15T22:10:00.000Z,MCT2408038,15.188889,74.055556,24.75,405.5525,620.25,90.22001499999999,9.872499999999999,13.33,8.825,27.085,14.192499999999999,4.789999999999999,26.71613
2026-08-15T22:20:00.000Z,MCT2408038,15.188889,74.055556,23.8125,397.198125,589.8125,90.30966125,10.021875000000001,13.330000000000005,7.93375,24.042500000000004,12.643124999999998,4.776250000000001,26.747633749999995
2026-08-15T22:30:00.000Z,MCT2408038,15.188889,74.055556,23.533333333333335,394.2753333333333,613.2666666666667,90.27736599999999,9.942,13.330000000000005,7.283333333333333,21.735999999999997,11.354666666666668,4.802666666666666,26.708441333333333
2026-08-15T22:40:00.000Z,MCT2408038,15.188889,74.055556,23.5,394.0568750000001,609,89.77417375000002,9.893125000000001,13.330000000000005,7.43,22.863125,12.16125,4.8500000000000005,26.658476249999996
2026-08-15T22:50:00.000Z,MCT2408038,15.188889,74.055556,23.125,422.65,609.6875,89.71123125,9.815625,13.330000000000005,6.010000000000002,17.520625,8.689374999999998,4.8375,26.451351874999997
2026-08-15T23:00:00.000Z,MCT2408038,15.188889,74.055556,23.375,408.98999999999995,600.75,89.90911937500002,10.000000000000002,13.330000000000005,5.950000000000002,16.900000000000002,8.228749999999998,4.800625,26.391021249999998
2026-08-15T23:08:00.410Z,MCT2408038,15.188889,74.055556,24.53846153846154,383.52615384615376,597.0769230769231,89.95548076923077,10.088461538461539,13.330000000000004,7.186923076923078,20.569230769230767,10.100769230769231,4.7784615384615385,26.37849461538461
2026-08-15T22:10:00.000Z,MCT2408026,15.2467,74.198281,32.4,125,508.4,86.5293,13.424742,12.5,4.73,14.51,7.709999999999999,2.13,27.706585999999998
2026-08-15T22:20:00.000Z,MCT2408026,15.2467,74.198281,32.5,125,516.1666666666666,86.5763433333333,13.574100000000003,12.5,4.730000000000003,14.509999999999996,7.710000000000001,2.0433333333333334,27.711324583333337
2026-08-15T22:30:00.000Z,MCT2408026,15.2467,74.198281,32.541666666666664,125,519.7916666666666,86.60400249999998,13.534869166666667,12.5,4.730000000000003,14.549999999999997,7.750416666666667,2.0533333333333332,27.703281250000003
2026-08-15T22:40:00.000Z,MCT2408026,15.2467,74.198281,32.5,125,517.5833333333334,86.62911458333333,13.62988375,12.5,4.730000000000003,14.67,7.871666666666667,2.13375,27.58619916666667
2026-08-15T22:50:00.000Z,MCT2408026,15.2467,74.198281,32.291666666666664,125,482,86.10109708333333,13.391405000000004,12.5,4.730000000000003,14.549999999999995,7.750416666666667,2.8000000000000007,27.305114583333335
2026-08-15T23:00:00.000Z,MCT2408026,15.2467,74.198281,32.4,125,477.68,85.59362800000002,13.4742232,12.5,4.730000000000003,14.509999999999996,7.710000000000001,2.6324,27.331640800000006
2026-08-15T23:08:00.410Z,MCT2408026,15.2467,74.198281,32.36842105263158,125,480.2105263157895,85.13833842105264,13.381186842105265,12.5,4.730000000000002,14.509999999999996,7.709999999999999,2.312105263157895,27.483394736842104
2026-08-15T23:30:00.000Z,MCT2408020,15.543475,74.039433,22.166666666666668,180,440.1666666666667,89.23773,9.154529666666667,19.276773333333335,5.57,15.99666666666667,7.585,3.66,26.119986666666666
2026-08-15T23:40:00.000Z,MCT2408020,15.543475,74.039433,22.1875,180,445,89.34788187499997,9.114128687500001,19.074975625,5.5699999999999985,16.074375,7.6625,3.6599999999999984,26.167136250000002
2026-08-15T23:50:00.000Z,MCT2408020,15.543475,74.039433,24.6875,180,452.5,89.204830625,9.157304,19.178646874999995,6.6118749999999995,20.678124999999998,10.9175,3.6599999999999984,26.22344375
2026-08-16T00:00:00.000Z,MCT2408020,15.543475,74.039433,22.625,180,449.125,89.28303124999998,9.3420986875,18.960609375,5.5699999999999985,16.543125,8.127500000000001,3.6599999999999984,26.191938750000002
2026-08-16T00:10:00.000Z,MCT2408020,15.543475,74.039433,22.1875,180,445.5625,89.34263687499998,9.318300500000001,19.010514999999995,5.5699999999999985,16.1325,7.720625000000002,3.6599999999999984,26.140990625000008
2026-08-16T00:20:00.000Z,MCT2408020,15.543475,74.039433,22.75,180,437.25,89.45231,9.20099925,19.298062499999997,5.5699999999999985,16.892500000000002,8.476249999999999,3.6599999999999984,26.14166000000001
2026-08-16T00:26:09.943Z,MCT2408020,15.543475,74.039433,23.3,180,449.1,89.376588,9.402414199999999,18.945816,5.57,17.896000000000004,9.475999999999999,3.6599999999999993,26.202934
2026-08-15T23:30:00.000Z,MCT2408028,15.186944,74.096667,41.2,546.7239999999999,474.4,92.23074499999998,17.746,13.100999999999999,4.990000000000001,16.604999999999997,9.645,1.569,25.630209
2026-08-15T23:40:00.000Z,MCT2408028,15.186944,74.096667,40.8,541.4076,460.16,92.13598679999997,17.488800000000005,13.183999999999996,4.989999999999998,15.788400000000008,8.828399999999998,1.2995999999999999,25.5744372
2026-08-15T23:50:00.000Z,MCT2408028,15.186944,74.096667,41.44,551.146,458.76,92.15124440000001,17.9624,13.0568,4.989999999999998,15.031200000000004,8.0712,1.6484,25.583875599999995
2026-08-16T00:00:00.000Z,MCT2408028,15.186944,74.096667,41.16,544.5423999999999,459.96,92.21868920000003,17.7628,13.196800000000001,4.989999999999998,14.514800000000003,7.5547999999999975,1.5304,25.5066556
2026-08-16T00:10:00.000Z,MCT2408028,15.186944,74.096667,41.25,543.3904166666666,460.2083333333333,92.32445750000004,17.784166666666668,13.038750000000002,4.989999999999998,14.290833333333337,7.330833333333331,1.747083333333333,25.505977083333335
2026-08-16T00:20:00.000Z,MCT2408028,15.186944,74.096667,41.28,546.5311999999999,469.52,92.50341680000001,17.780800000000003,12.984800000000005,4.989999999999998,13.402400000000002,6.441999999999999,1.8368,25.50022080000001
2026-08-16T00:26:09.944Z,MCT2408028,15.186944,74.096667,41,538.9806666666667,470.6666666666667,92.53057933333334,17.600666666666665,12.907333333333334,4.99,12.725333333333335,5.7653333333333325,1.7600000000000005,25.475766666666665
2026-08-15T23:30:00.000Z,MCT2408056,15.579167,73.920833,24.333333333333332,180,569.6666666666666,90.39358666666668,6.933333333333334,9.1647105,4.69,14.721666666666666,8.59,2.103333333333333,26.279079999999997
2026-08-15T23:40:00.000Z,MCT2408056,15.579167,73.920833,24.1875,180,572.8125,90.21286562499998,6.9224999999999985,9.8493249375,4.6899999999999995,14.285624999999998,8.141250000000001,1.9181249999999999,26.315275624999998
2026-08-15T23:50:00.000Z,MCT2408056,15.579167,73.920833,24.625,180,569,90.23289,6.758125,9.283890812500001,4.6899999999999995,15.138749999999996,9.018125000000001,2.148125,26.23886187500001
2026-08-16T00:00:00.000Z,MCT2408056,15.579167,73.920833,24.4375,180,569.625,90.50278312500001,6.906875000000001,9.123532875,4.6899999999999995,14.854374999999997,8.725625,1.9143749999999997,26.153059375
2026-08-16T00:10:00.000Z,MCT2408056,15.579167,73.920833,24.25,180,564.6875,90.44174625000002,6.828124999999999,9.172828625000001,4.6899999999999995,14.569999999999997,8.432500000000001,1.9362499999999996,26.204674999999998
2026-08-16T00:20:00.000Z,MCT2408056,15.579167,73.920833,24.125,180,562.6875,90.462249375,6.9,9.283890812500001,4.6899999999999995,14.228749999999996,8.082500000000001,2.0662499999999997,26.192608749999998
2026-08-16T00:26:10.077Z,MCT2408056,15.579167,73.920833,24,180,558.1,90.504212,6.843000000000001,9.6300469,4.6899999999999995,13.841999999999999,7.686,1.924,26.146086000000004
2026-08-15T23:30:00.000Z,MCT2408057,15.272222,74.104722,30,348.82000000000005,435.7,82.99917599999999,12.482,8.992,3.1599999999999997,9.952,5.533000000000001,2.806,27.415940999999997
2026-08-15T23:40:00.000Z,MCT2408057,15.272222,74.104722,30,343.9848,437.88,83.7961424,12.479199999999999,8.964800000000002,3.219199999999999,9.906,5.421600000000001,2.6828,27.2222428
2026-08-15T23:50:00.000Z,MCT2408057,15.272222,74.104722,30,345.0276,434.56,83.98718280000003,12.548799999999998,8.898000000000001,3.3391999999999995,10.833200000000001,6.110400000000001,2.5548,27.090967600000003
2026-08-16T00:00:00.000Z,MCT2408057,15.272222,74.104722,29.96,345.84240000000005,435.6,84.21972520000003,12.4908,9.019200000000001,3.243599999999999,10.403600000000006,5.8432,2.6052,27.003451199999994
2026-08-16T00:10:00.000Z,MCT2408057,15.272222,74.104722,29.96,347.7591999999999,432.28,83.91455160000004,12.569600000000001,9.012,3.123999999999999,9.974000000000004,5.621600000000001,2.5408000000000004,27.074236799999994
2026-08-16T00:20:00.000Z,MCT2408057,15.272222,74.104722,29.8,336.2596000000001,440.68,83.6414184,12.313999999999998,9.15,4.553999999999999,13.615199999999998,7.284800000000001,2.5411999999999995,27.219239999999996
2026-08-16T00:26:10.077Z,MCT2408057,15.272222,74.104722,29.6,331.0559999999999,441,82.69018533333333,12.162,9.174666666666667,4.649333333333332,13.984666666666666,7.64,2.3293333333333335,27.58718266666667
2026-08-15T23:30:00.000Z,MCT2408055,15.585833,73.885556,19.714285714285715,112.03142857142859,758.7142857142857,90.37669000000001,8.788571428571428,25.648858571428576,3.5,11.181428571428572,6.818571428571429,1.8271428571428572,25.650129999999997
2026-08-15T23:40:00.000Z,MCT2408055,15.585833,73.885556,19.733333333333334,115.78733333333335,756.1333333333333,90.47878066666664,8.738666666666665,20.349870666666668,3.686666666666667,11.447333333333335,6.725999999999999,1.802666666666667,25.59302933333333
2026-08-15T23:50:00.000Z,MCT2408055,15.585833,73.885556,19.625,115.56375000000003,752.4375,90.43363874999999,8.702500000000002,22.838741875000004,3.5,10.403125000000001,6.005625,1.709375,25.561835625
2026-08-16T00:00:00.000Z,MCT2408055,15.585833,73.885556,19.5625,114.82062499999999,753,90.43173437499999,8.659375,24.751909374999997,3.54375,10.19875,5.706250000000001,1.6449999999999998,25.529660000000003
2026-08-16T00:10:00.000Z,MCT2408055,15.585833,73.885556,19.5625,115.02000000000001,755.6875,90.38309375,8.682500000000003,24.868799375000002,3.54375,9.992500000000001,5.493125,1.6131250000000001,25.546418750000004
2026-08-16T00:20:00.000Z,MCT2408055,15.585833,73.885556,19.5625,114.469375,758,90.47273874999998,8.598125,24.630250625000002,3.5,10.403125000000003,6.005624999999998,1.661875,25.501506874999997
2026-08-16T00:26:10.102Z,MCT2408055,15.585833,73.885556,19.6,114.075,762.1,90.81930599999998,8.609,20.309158000000004,3.5,10.526000000000002,6.134,1.67,25.342777
2026-08-15T23:30:00.000Z,MCT2408053,15.263333,74.110833,42.333333333333336,220.35095,750.1666666666666,93.19993166666666,14.915,21.861666666666668,5.661666666666666,17.5,10.528333333333334,6.468333333333334,25.26555833333333
2026-08-15T23:40:00.000Z,MCT2408053,15.263333,74.110833,47.25,230.55672499999997,774.125,93.23744249999999,19.055625000000003,22.73625,4.820000000000002,14.219374999999994,8.178749999999999,6.8725000000000005,25.277621874999998
2026-08-15T23:50:00.000Z,MCT2408053,15.263333,74.110833,46.25,234.29758125000006,730.75,92.634719375,18.313125000000003,22.900625,4.590000000000002,13.064375000000002,7.263125,6.704375000000001,25.284998125
2026-08-16T00:00:00.000Z,MCT2408053,15.263333,74.110833,43.875,244.99578125,774.9375,92.52981749999998,16.265,23.913125000000004,4.590000000000002,13.186250000000003,7.404375000000001,6.570625,25.211262499999997
2026-08-16T00:10:00.000Z,MCT2408053,15.263333,74.110833,45.625,240.85373749999997,739.625,92.80495187500003,17.724999999999994,23.597500000000004,4.819375000000002,13.672499999999996,7.544999999999998,6.615,25.167691249999997
2026-08-16T00:20:00.000Z,MCT2408053,15.263333,74.110833,44.625,200.98395625,741.375,92.726273125,16.981875000000002,23.255000000000003,6.140625000000002,20.417499999999997,12.901874999999999,6.523125,25.152945625
2026-08-16T00:26:10.155Z,MCT2408053,15.263333,74.110833,46.6,227.47972999999996,790.7,92.994445,18.564,24.29200000000001,4.774000000000001,14.873000000000001,8.910999999999998,6.626,25.134712999999998
2026-08-15T23:30:00.000Z,MCT2408052,15.444425,74.063856,18.666666666666668,160,513,90.31856666666665,3.9664326666666665,8.556258333333334,6.415,18.448333333333338,9.031666666666668,2,26.373816666666666
2026-08-15T23:40:00.000Z,MCT2408052,15.444425,74.063856,18.375,160,476.625,90.40121624999998,3.6907455624999996,8.015031624999999,6.253749999999999,17.997500000000002,8.800624999999998,2,26.360188749999995
2026-08-15T23:50:00.000Z,MCT2408052,15.444425,74.063856,18.125,160,474.375,90.36497687499998,3.6554822500000004,8,6.042499999999998,17.545,8.60625,2,26.374265624999996
2026-08-16T00:00:00.000Z,MCT2408052,15.444425,74.063856,18.125,160,517.125,90.38786562499998,4.0313156875,8.390823125,6.001249999999998,17.393750000000004,8.54125,2,26.352814375
2026-08-16T00:10:00.000Z,MCT2408052,15.444425,74.063856,17.9375,160,541.6875,90.36402249999999,3.842456125,8.250659375,5.792499999999998,16.832500000000003,8.325,2,26.326671875
2026-08-16T00:20:00.000Z,MCT2408052,15.444425,74.063856,18.8125,160,455.875,90.26626937500001,3.7821929375000005,8,6.231875,18.147499999999997,8.993749999999999,2,26.2730475
2026-08-16T00:26:10.156Z,MCT2408052,15.444425,74.063856,18.5,160,516.2,90.208954,3.8182454999999997,8.0554852,6.056999999999999,17.483000000000004,8.626999999999999,2,26.247978
2026-08-15T23:30:00.000Z,MCT2408043,15.221111,74.087222,33,210.34,515.8333333333334,86.77598166666667,14.200000000000003,10.446666666666667,6.963333333333334,22.314999999999998,12.383333333333333,5.29,26.037763333333334
2026-08-15T23:40:00.000Z,MCT2408043,15.221111,74.087222,34.5625,202.18624999999997,522.875,86.94033,14.219999999999997,10.365624999999998,10.288125000000003,33.0725,18.09375,5.290000000000001,25.986150000000006
2026-08-15T23:50:00.000Z,MCT2408043,15.221111,74.087222,33,210.90874999999997,510,86.90409062499998,14.196874999999999,10.300624999999998,6.409374999999999,21.243125000000003,12.010000000000002,5.290000000000001,25.872195624999996
2026-08-16T00:00:00.000Z,MCT2408043,15.221111,74.087222,33,212.70800000000006,509.6666666666667,86.98400799999999,14.180666666666665,10.346,6.329999999999999,20.084,11.018,5.290000000000001,25.76820733333334
2026-08-16T00:10:00.000Z,MCT2408043,15.221111,74.087222,33,210.700625,510.4375,87.00232062499997,14.219374999999996,10.374374999999997,6.329999999999999,20.196875000000002,11.13,5.290000000000001,25.776340624999996
2026-08-16T00:20:00.000Z,MCT2408043,15.221111,74.087222,33,177.921875,517.8125,87.33991999999999,14.230624999999996,10.420625000000001,6.726874999999999,22.934374999999996,13.05,5.290000000000001,25.754890625
2026-08-16T00:26:10.289Z,MCT2408043,15.221111,74.087222,33,167.66800000000003,518.2,87.38302500000002,14.257,10.348,7.345999999999999,24.977,13.834,5.29,25.844711999999998
2026-08-15T23:30:00.000Z,MCT2408021,15.500556,74.053333,49.166666666666664,375,483,89.88750333333333,20.755,13.989476666666667,2.86,7.39,3.81,4.286666666666666,25.539043333333336
2026-08-15T23:40:00.000Z,MCT2408021,15.500556,74.053333,49.0625,375,483.6875,89.930100625,20.738750000000003,14.13217,2.86,7.609999999999999,4.05,4.305625,25.53368
2026-08-15T23:50:00.000Z,MCT2408021,15.500556,74.053333,49.3125,375,495.125,89.94631312499997,20.924375,14.277813750000002,2.86,7.444999999999999,3.8700000000000006,4.331250000000001,25.541725624999998
2026-08-16T00:00:00.000Z,MCT2408021,15.500556,74.053333,49.0625,375,493.8125,90.02785250000001,20.7875,14.263248750000002,2.86,7.5,3.930000000000001,4.31875,25.52094625
2026-08-16T00:10:00.000Z,MCT2408021,15.500556,74.053333,49.0625,375,497.1875,89.89529125,20.861875,14.3517775,4.52625,12.60875,7.173125000000001,4.404375,25.547758124999998
2026-08-16T00:20:00.000Z,MCT2408021,15.500556,74.053333,57.1875,390.201875,494.6875,90.00877687500001,20.900624999999998,14.276673124999999,24.641875000000002,72.71687499999999,44.285624999999996,3.9324999999999997,25.465980000000002
2026-08-16T00:26:10.289Z,MCT2408021,15.500556,74.053333,49.111111111111114,375,497.55555555555554,89.97863222222223,20.901111111111106,14.431676666666666,11.215555555555559,33.187777777777775,20.317777777777778,4.046666666666666,25.4598
2026-08-15T23:30:00.000Z,MCT2408051,15.486528,74.033889,52,282.685,860,98.02679333333333,22.069999999999997,5.19,3.73,10.57,4.98,4.39,24.72394
2026-08-15T23:40:00.000Z,MCT2408051,15.486528,74.033889,52.1875,280.135625,854.5,98.12073062500002,22.193124999999995,5.1899999999999995,4.119375,12.355624999999998,6.300625000000001,4.39,24.691094375000002
2026-08-15T23:50:00.000Z,MCT2408051,15.486528,74.033889,52,282.79375000000005,854.875,98.42495312499999,22.07,5.1899999999999995,3.7299999999999986,10.569999999999997,4.980000000000002,4.39,24.683720624999996
2026-08-16T00:00:00.000Z,MCT2408051,15.486528,74.033889,52.266666666666666,280.4193333333333,833.4,98.60154200000001,22.309333333333328,5.1899999999999995,3.7299999999999986,11.107333333333333,5.518666666666666,5.605333333333333,24.673532666666667
2026-08-16T00:10:00.000Z,MCT2408051,15.486528,74.033889,51.9375,277.67125,849.125,98.48503625,22.026874999999997,5.1899999999999995,4.119375,12.821249999999997,6.8062499999999995,4.39,24.643503125000002
2026-08-16T00:20:00.000Z,MCT2408051,15.486528,74.033889,51.9375,276.75500000000005,852.875,98.40492624999997,22.029999999999998,5.1899999999999995,4.236875,12.510624999999997,6.379375000000001,4.39,24.571778124999998
2026-08-16T00:26:10.309Z,MCT2408051,15.486528,74.033889,52.2,279.398,848.4,98.51431399999998,22.213,5.1899999999999995,4.979000000000001,15.849999999999998,8.959,4.39,24.563065
2026-08-15T23:30:00.000Z,MCT2408050,15.553611,73.958333,27.833333333333332,88.25,543.1666666666666,92.64807,11.426666666666668,4.096666666666667,4.240000000000001,13.31,7.2250000000000005,3.065,25.665963333333334
2026-08-15T23:40:00.000Z,MCT2408050,15.553611,73.958333,27.75,86.970625,531.6875,93.06768750000002,11.400625000000002,4.420624999999999,4.505625000000001,15.350625,8.715625,3.2150000000000003,25.572561250000003
2026-08-15T23:50:00.000Z,MCT2408050,15.553611,73.958333,27.6875,86.8525,536.875,92.96373750000001,11.515625000000002,4.2749999999999995,4.399375,14.8675,8.449375000000002,3.3356250000000003,25.674453125
2026-08-16T00:00:00.000Z,MCT2408050,15.553611,73.958333,27.5,87.031875,536.5,92.91462375000002,11.280000000000001,4.355625,4.34625,13.74,7.437500000000001,3.2675,25.64160625
2026-08-16T00:10:00.000Z,MCT2408050,15.553611,73.958333,28,87.594375,530.0625,92.927975625,11.740000000000002,4.266875000000001,4.240000000000001,13.041249999999998,6.959374999999999,3.04,25.569878750000008
2026-08-16T00:20:00.000Z,MCT2408050,15.553611,73.958333,27.625,86.98,491.375,92.93751125,11.446875,4.365,4.240000000000001,13.417500000000002,7.331250000000002,3.1387500000000004,25.536362500000003
2026-08-16T00:26:10.366Z,MCT2408050,15.553611,73.958333,27.7,86.542,525.7,92.776246,11.457999999999998,4.388,4.240000000000001,13.654,7.5649999999999995,3.031,25.549771
2026-08-15T23:30:00.000Z,MCT2408034,15.356389,74.123611,25.444444444444443,180.91304444444444,483.77777777777777,78.19630444444445,6.3677777777777775,4.996666666666666,6.380000000000001,21.047777777777775,11.66777777777778,1.6955555555555555,29.9846
2026-08-15T23:40:00.000Z,MCT2408034,15.356389,74.123611,24.72,188.651972,484.84,78.1116328,6.5,5.115199999999999,6.379999999999998,19.5052,10.1252,1.7168000000000003,29.9888916
2026-08-15T23:50:00.000Z,MCT2408034,15.356389,74.123611,24.583333333333332,182.96170416666666,478.1666666666667,78.11693625000001,6.6070833333333345,4.345416666666666,6.379999999999998,19.341666666666665,9.961666666666668,1.7779166666666664,29.940806250000005
2026-08-16T00:00:00.000Z,MCT2408034,15.356389,74.123611,24,185.31683750000002,470.7916666666667,77.72338541666669,7.044583333333333,4.482916666666666,6.379999999999998,17.937499999999996,8.5575,1.879583333333333,29.950190000000006
2026-08-16T00:10:00.000Z,MCT2408034,15.356389,74.123611,24.36,180.099528,464.72,77.68438800000003,6.927199999999999,4.369599999999999,6.379999999999998,18.793999999999997,9.413999999999998,1.8196,29.848176
2026-08-16T00:20:00.000Z,MCT2408034,15.356389,74.123611,24.8,180.14646000000002,462.16,77.76647960000001,7.419999999999998,4.149999999999999,6.4891999999999985,19.580399999999997,10.0876,1.8064000000000002,29.78425399999999
2026-08-16T00:26:10.367Z,MCT2408034,15.356389,74.123611,25.466666666666665,180,457.1333333333333,77.68021666666667,6.719333333333335,3.7893333333333326,6.379999999999999,21.381999999999998,12.001999999999999,1.994,29.732918
2026-08-15T23:30:00.000Z,MCT2408030,15.142519,74.075003,25,167.22056666666666,439.8333333333333,85.14837999999999,9.203333333333333,6.2,9.37,24.64,12.31,4.123333333333333,25.70529
2026-08-15T23:40:00.000Z,MCT2408030,15.142519,74.075003,25,164.75934,440.73333333333335,85.24501733333335,9.139333333333333,6.200000000000002,9.370000000000001,24.639999999999993,12.31,4.419999999999999,25.67382533333334
2026-08-15T23:50:00.000Z,MCT2408030,15.142519,74.075003,25,163.84485625,448.875,85.22848562500002,9.18375,6.200000000000002,9.370000000000001,24.639999999999993,12.31,4.115625,25.704619374999996
2026-08-16T00:00:00.000Z,MCT2408030,15.142519,74.075003,25,167.57689333333332,445,85.16414533333334,9.24,6.200000000000002,9.370000000000001,24.639999999999993,12.31,4.019333333333333,25.697422000000007
2026-08-16T00:10:00.000Z,MCT2408030,15.142519,74.075003,25,166.51330000000002,441.8125,85.17889625000001,9.204375,6.200000000000002,9.370000000000001,24.639999999999993,12.31,4.270625,25.600043749999998
2026-08-16T00:20:00.000Z,MCT2408030,15.142519,74.075003,25,164.27173333333334,442,85.28418200000003,9.207333333333334,6.200000000000002,9.370000000000001,24.639999999999993,12.31,4.2153333333333345,25.538687333333332
2026-08-16T00:26:10.498Z,MCT2408030,15.142519,74.075003,25,164.67649,446.8,85.32613999999998,9.045000000000002,6.200000000000001,9.370000000000001,24.639999999999997,12.31,4.2589999999999995,25.514375999999995
2026-08-15T23:30:00.000Z,MCT2408029,15.333611,74.206944,12.285714285714286,307.62755714285714,473.57142857142856,93.20174999999999,3.2871428571428574,7.42,2.9400000000000004,8.918571428571429,4.958571428571429,3.6814285714285715,26.184854285714284
2026-08-15T23:40:00.000Z,MCT2408029,15.333611,74.206944,12.2,308.7562733333333,468.6666666666667,93.37540733333334,4.163999999999999,7.820666666666667,2.9399999999999995,8.786000000000001,4.825999999999999,3.5,26.114268666666668
2026-08-15T23:50:00.000Z,MCT2408029,15.333611,74.206944,12.125,308.83306875000005,467.5,93.419116875,2.8274999999999992,7.88,2.9399999999999995,8.8875,4.927499999999998,3.5768750000000002,26.05720125
2026-08-16T00:00:00.000Z,MCT2408029,15.333611,74.206944,12.125,303.65683749999994,457.6875,93.02524937500003,3.09875,7.8675,2.9399999999999995,9.06875,5.109375,3.55875,25.953973125000005
2026-08-16T00:10:00.000Z,MCT2408029,15.333611,74.206944,12.1875,309.53185625000003,449.6875,92.87361437499997,3.631875,7.8075,2.9399999999999995,8.99625,5.036875,3.5,25.966038749999996
2026-08-16T00:20:00.000Z,MCT2408029,15.333611,74.206944,12.0625,311.820725,458.6875,93.06768625,2.7312499999999997,7.529375,2.9399999999999995,9.249374999999999,5.293124999999999,3.523125,25.84605375
2026-08-16T00:26:10.499Z,MCT2408029,15.333611,74.206944,12.2,312.82637,456.6,93.024201,2.2100000000000004,8.031,3.353,10.575999999999999,5.882,3.5550000000000006,25.722447
2026-08-15T23:30:00.000Z,MCT2408023,15.499722,74.020833,28.333333333333332,214.535,461.8333333333333,91.97287,6.675,19.389999999999997,6.760000000000001,22.796666666666667,14.983333333333334,5.296666666666667,24.791865
2026-08-15T23:40:00.000Z,MCT2408023,15.499722,74.020833,30.5,209.0225,457.375,91.95331875,7.3950000000000005,19.031875,7.444999999999999,26.201875,17.671875,5.473125,24.821135000000005
2026-08-15T23:50:00.000Z,MCT2408023,15.499722,74.020833,41.93333333333333,184.9,454.53333333333336,91.92429399999997,7.521333333333334,19.83866666666667,13.602666666666664,47.029333333333334,31.51333333333333,5.406000000000001,24.789362666666666
2026-08-16T00:00:00.000Z,MCT2408023,15.499722,74.020833,39.5,182.54499999999996,448.9375,91.81599124999998,7.465,20.637500000000003,12.673124999999994,42.743750000000006,28.275000000000006,5.484375,24.744719999999997
2026-08-16T00:10:00.000Z,MCT2408023,15.499722,74.020833,37.9375,187.451875,454.5625,91.92041749999999,7.536249999999999,19.79125,10.853124999999999,38.626875,26.462500000000002,5.50875,24.792311875
2026-08-16T00:20:00.000Z,MCT2408023,15.499722,74.020833,39.75,173.59124999999997,456.375,91.86844249999999,7.628750000000002,19.705624999999998,13.149999999999999,43.770625,28.728125,5.286875,24.780248125
2026-08-16T00:26:10.515Z,MCT2408023,15.499722,74.020833,36.1,171.795,454.1,91.842408,7.611,19.6,10.14,35.461999999999996,24.215,5.405000000000001,24.721796
2026-08-15T23:30:00.000Z,MCT2408040,15.528056,74.020833,19,100,444.8333333333333,89.03937,8.203333333333333,4.853333333333333,3.07,8.42,3.73,3.5,26.021673333333336
2026-08-15T23:40:00.000Z,MCT2408040,15.528056,74.020833,19,100,443.6875,89.04556937499999,8.158750000000001,4.841875000000001,3.07,8.42,3.7299999999999986,3.5,26.008268749999996
2026-08-15T23:50:00.000Z,MCT2408040,15.528056,74.020833,19.125,100,444,89.005513125,8.279375,4.739999999999999,3.07,8.42,3.7299999999999986,3.5,26.006928124999995
2026-08-16T00:00:00.000Z,MCT2408040,15.528056,74.020833,19.125,100,441.875,88.96593374999999,8.146250000000002,4.826875,3.07,8.42,3.7299999999999986,3.5,25.969390625000003
2026-08-16T00:10:00.000Z,MCT2408040,15.528056,74.020833,18.9375,100,447.5,88.99788187499999,8.076875000000003,4.8081249999999995,3.07,8.42,3.7299999999999986,3.5,25.937884375
2026-08-16T00:20:00.000Z,MCT2408040,15.528056,74.020833,19.0625,100,447.625,88.97260999999999,8.173125,4.796875,3.07,8.42,3.7299999999999986,3.5,25.935205000000003
2026-08-16T00:26:10.577Z,MCT2408040,15.528056,74.020833,19,100,450.5,88.99816799999999,8.154,4.788,3.07,8.42,3.7299999999999995,3.5,25.874741
2026-08-15T23:30:00.000Z,MCT2408027,15.275556,74.1075,21.571428571428573,1160.392857142857,639.2857142857143,91.20175714285715,6.579999999999999,12.850000000000003,5.071428571428571,17.461428571428574,10.304285714285713,2.9499999999999997,25.54134285714286
2026-08-15T23:40:00.000Z,MCT2408027,15.275556,74.1075,22.333333333333332,1165.0606666666667,624,91.37803133333333,6.579999999999999,12.871333333333338,5.72,18.794,10.67,2.9500000000000006,25.436442000000003
2026-08-15T23:50:00.000Z,MCT2408027,15.275556,74.1075,22.5625,1160.89125,610.3125,90.94480812499998,6.579999999999999,13.118750000000004,5.979375000000001,19.405624999999997,10.868125,2.9500000000000006,25.551781249999998
2026-08-16T00:00:00.000Z,MCT2408027,15.275556,74.1075,22.3125,1168.149375,617.375,91.03826874999999,6.579999999999999,12.710000000000004,5.672500000000001,18.974375,10.622500000000002,2.9500000000000006,25.49882499999999
2026-08-16T00:10:00.000Z,MCT2408027,15.275556,74.1075,21.125,1162.975,640.5625,91.16415437499998,6.579999999999999,12.675625000000004,5.239375000000001,17.188125000000003,9.695625,2.9500000000000006,25.480056249999997
2026-08-16T00:20:00.000Z,MCT2408027,15.275556,74.1075,20.875,1164.8062499999999,606.5,91.25284374999997,6.579999999999999,12.771250000000004,5.239375000000001,17.065,9.5725,2.9500000000000006,25.485419999999998
2026-08-16T00:26:10.576Z,MCT2408027,15.275556,74.1075,23.2,1161.366,648,91.296906,6.58,12.808000000000003,6.409999999999999,21.588,12.352999999999998,2.9499999999999997,25.48542
2026-08-15T23:30:00.000Z,MCT2408044,15.313669,74.140042,25.2,214.29000000000002,472.8,94.77209200000001,10.636,3.3199999999999994,2.87,7.5,4.32,4.3079488,24.879452
2026-08-15T23:40:00.000Z,MCT2408044,15.313669,74.140042,25.4375,214.29,463.1875,94.77285687500003,10.713750000000001,3.32,2.8699999999999997,7.5,4.32,4.760176062499999,24.7514225
2026-08-15T23:50:00.000Z,MCT2408044,15.313669,74.140042,25.1875,214.29,457.0625,94.6631875,10.581875,3.32,2.8699999999999997,7.5,4.32,4.863140937500001,24.567755625
2026-08-16T00:00:00.000Z,MCT2408044,15.313669,74.140042,25.466666666666665,214.29,460.06666666666666,94.63883600000003,10.699999999999998,3.32,3.1766666666666667,8.333333333333334,4.789333333333333,4.563589666666667,24.491917333333333
2026-08-16T00:10:00.000Z,MCT2408044,15.313669,74.140042,25.8,214.29,452.26666666666665,94.84228533333331,10.842666666666668,3.32,3.9833333333333334,10.733333333333333,6.268666666666666,4.351538333333334,24.444727999999994
2026-08-16T00:20:00.000Z,MCT2408044,15.313669,74.140042,25.666666666666668,214.29,458.53333333333336,94.97402133333331,10.80133333333333,3.32,3.023333333333333,8.166666666666666,4.825999999999999,4.059145200000001,24.439006666666668
2026-08-16T00:26:10.710Z,MCT2408044,15.313669,74.140042,25.8,214.29000000000002,465.1,95.00860499999999,10.914000000000001,3.353,2.8700000000000006,7.85,4.699,4.4257692,24.454736999999998
2026-08-15T23:30:00.000Z,MCT2408049,15.475278,74.055833,57.166666666666664,150,506.8333333333333,87.88097166666667,24.65833333333333,14.066666666666668,3.9583333333333335,12.13,6.525000000000001,2.61,26.355943333333332
2026-08-15T23:40:00.000Z,MCT2408049,15.475278,74.055833,56.5625,150,505.1875,88.09094000000002,24.073125,12.157499999999999,3.8299999999999987,11.634375,6.284375,2.61,26.305892499999995
2026-08-15T23:50:00.000Z,MCT2408049,15.475278,74.055833,56.9375,150,505.25,87.87302500000003,24.401874999999993,12.379375000000001,4.022499999999999,12.305,6.572499999999999,2.61,26.338736875000002
2026-08-16T00:00:00.000Z,MCT2408049,15.475278,74.055833,56.5625,150,511.375,88.09379812500002,24.09,12.140625,3.926249999999999,11.490625,5.947499999999999,2.61,26.29851875
2026-08-16T00:10:00.000Z,MCT2408049,15.475278,74.055833,56.8125,150.628075,510.1875,88.22683687500003,24.259375000000002,12.493749999999997,4.166875,12.975000000000001,6.9556249999999995,2.61,26.22478625
2026-08-16T00:20:00.000Z,MCT2408049,15.475278,74.055833,56.75,150.08306875,510.75,88.18916812500001,24.19125,13.02,4.744375,15.080625,8.0575,2.61,26.133619375
2026-08-16T00:26:10.710Z,MCT2408049,15.475278,74.055833,56.888888888888886,150,510.77777777777777,88.42816777777779,24.417777777777776,12.54888888888889,5.025555555555556,15.658888888888889,8.353333333333333,2.61,26.072319999999998
2026-08-15T23:30:00.000Z,MCT2408046,15.529167,74.07,30.8,95.52,881.8,91.176361,13.126,1.4570000000000003,6.3210000000000015,20.552999999999997,11.129000000000001,4.337,25.872596999999995
2026-08-15T23:40:00.000Z,MCT2408046,15.529167,74.07,30.68,95.52,893.2,90.85730080000002,13.0208,1.5420000000000003,5.639600000000001,18.531999999999996,9.968000000000002,4.3876,25.993146400000004
2026-08-15T23:50:00.000Z,MCT2408046,15.529167,74.07,30.64,95.52,890.08,90.6412348,13.015999999999998,1.4731999999999998,5.639600000000001,18.086800000000007,9.507600000000002,4.216,26.087097200000002
2026-08-16T00:00:00.000Z,MCT2408046,15.529167,74.07,30.6,95.52,885.64,90.18621919999998,13.001999999999999,1.3971999999999998,5.060000000000001,15.727600000000006,7.982800000000002,4.3324,26.174187600000003
2026-08-16T00:10:00.000Z,MCT2408046,15.529167,74.07,30.6,95.52,884.68,89.6768792,13.0528,1.3791999999999995,5.060000000000001,14.750800000000002,7.208800000000002,4.4148000000000005,26.31318600000001
2026-08-16T00:20:00.000Z,MCT2408046,15.529167,74.07,30.75,95.52,882.375,89.52033833333336,13.079999999999998,1.4208333333333336,5.0862500000000015,14.948749999999999,7.38291666666667,4.349583333333333,26.39303208333334
2026-08-16T00:26:10.722Z,MCT2408046,15.529167,74.07,30.6875,95.52,883.0625,88.691276875,13.039375,1.449375,5.0600000000000005,14.786875,7.315000000000001,4.3125,26.5190525
2026-08-15T23:30:00.000Z,MCT2408042,15.213889,74.071667,61.166666666666664,279.13333333333327,448,89.97015166666667,26.159999999999997,13.43,4.55,15.655000000000001,9.261666666666665,3.945,26.25584333333333
2026-08-15T23:40:00.000Z,MCT2408042,15.213889,74.071667,61.25,270.08312500000005,449.875,90.013545625,26.186250000000005,13.721875,5.004999999999999,16.699375,9.451250000000002,3.9287500000000004,26.258299375
2026-08-15T23:50:00.000Z,MCT2408042,15.213889,74.071667,61.375,277.933125,445.625,90.157551875,26.294374999999995,13.919375,5.061874999999999,16.58625,9.166874999999997,3.9943749999999993,26.157750000000004
2026-08-16T00:00:00.000Z,MCT2408042,15.213889,74.071667,61.1875,282.31,450,89.96061875000001,26.19,13.81125,4.834374999999999,15.503750000000004,8.541250000000002,4.018125,26.1141775
2026-08-16T00:10:00.000Z,MCT2408042,15.213889,74.071667,61,271.22125,445.4375,89.98064562500001,26.069999999999997,13.655,4.948124999999999,16.016875,8.825624999999999,3.8431250000000006,26.079321874999994
2026-08-16T00:20:00.000Z,MCT2408042,15.213889,74.071667,61.0625,243.406875,447.625,90.0321425,26.035625,13.763125000000004,5.516875,17.384999999999998,9.280625,3.88125,26.11954
2026-08-16T00:26:10.788Z,MCT2408042,15.213889,74.071667,61.3,269.434,444.9,90.11205799999999,26.227000000000004,13.382,5.186999999999999,16.598000000000003,9.019,3.84,26.15145
2026-08-15T23:30:00.000Z,MCT2408037,15.394444,74.118333,25.166666666666668,160,445.8333333333333,86.08424666666667,10.566666666666666,14.521666666666667,4.09,14.854999999999999,7.623333333333334,4.083333333333333,26.33449333333333
2026-08-15T23:40:00.000Z,MCT2408037,15.394444,74.118333,25.375,160,443.625,86.07010062500002,10.809375,14.417499999999999,3.905,14.463125,7.636874999999999,3.891875,26.327339999999996
2026-08-15T23:50:00.000Z,MCT2408037,15.394444,74.118333,25.3125,160,433.4375,86.13304437500001,10.664375,14.455000000000002,4.275,16.661250000000003,9.0375,3.911875,26.281088750000002
2026-08-16T00:00:00.000Z,MCT2408037,15.394444,74.118333,25.3125,160,438.1875,86.07391812500003,10.560625,14.463750000000001,5.11,18.297500000000003,9.411875,3.9106249999999996,26.279079999999997
2026-08-16T00:10:00.000Z,MCT2408037,15.394444,74.118333,25.4375,160,445.75,86.13733875000004,10.746250000000002,14.460624999999999,4.1362499999999995,16.098125,8.71125,3.783124999999999,26.19596187500001
2026-08-16T00:20:00.000Z,MCT2408037,15.394444,74.118333,25.625,160,450.75,86.165474375,10.873750000000001,14.461875,4.1825,16.45625,8.944374999999999,3.6818750000000002,26.18389625
2026-08-16T00:26:10.787Z,MCT2408037,15.394444,74.118333,25.4,160,443.7,86.116547,10.726000000000003,14.444999999999997,3.868,14.228000000000003,7.498,3.786,26.162174
2026-08-15T23:30:00.000Z,MCT2408033,15.346944,74.007778,21,118.4827142857143,491,90.28296,8.961428571428572,4.544285714285715,3.2914285714285714,9.01142857142857,5.7128571428571435,4.39,26.284442857142857
2026-08-15T23:40:00.000Z,MCT2408033,15.346944,74.007778,20.5,121.46503750000001,483.6875,90.43602249999999,8.578125,4.703125,3.0300000000000007,8.015000000000002,5.072500000000001,4.39,26.263662500000006
2026-08-15T23:50:00.000Z,MCT2408033,15.346944,74.007778,20.333333333333332,112.51780666666667,487.6,90.55253066666666,8.448666666666668,4.724000000000001,4.8886666666666665,12.718666666666667,7.8039999999999985,4.39,26.284442666666667
2026-08-16T00:00:00.000Z,MCT2408033,15.346944,74.007778,20.3125,110.05034375,474.5625,90.65966124999998,8.3925,4.561875000000001,4.657500000000001,12.209999999999999,7.574375000000002,4.39,26.299859375
2026-08-16T00:10:00.000Z,MCT2408033,15.346944,74.007778,20.25,113.79696874999999,496.625,90.757889375,8.37625,4.628125,3.5612500000000007,9.840625,6.2856250000000005,4.39,26.307234374999997
2026-08-16T00:20:00.000Z,MCT2408033,15.346944,74.007778,21.125,111.1575875,468.625,90.506595,9.125625,4.61125,4.88625,12.948750000000002,8.125625,4.39,26.405099375000002
2026-08-16T00:26:10.921Z,MCT2408033,15.346944,74.007778,20.4,110.69178000000002,483.4,90.557618,8.450000000000001,4.356,5.0280000000000005,13.487,8.470000000000002,4.39,26.420651
2026-08-15T23:30:00.000Z,MCT2408041,15.224628,74.171389,32.333333333333336,472.07355,439.8333333333333,92.28821999999998,13.515,9.700000000000001,8.090000000000002,20.25,8.9,8.194999999999999,25.086805
2026-08-15T23:40:00.000Z,MCT2408041,15.224628,74.171389,32.8125,468.51567499999993,435.75,92.21271812500001,13.713749999999997,9.7,8.090000000000002,20.25,8.900000000000002,8.170625000000001,25.13752625
2026-08-15T23:50:00.000Z,MCT2408041,15.224628,74.171389,32.75,463.23694374999997,442.3125,92.669528125,13.655624999999997,9.7,8.090000000000002,20.25,8.900000000000002,8.280624999999999,25.089933125
2026-08-16T00:00:00.000Z,MCT2408041,15.224628,74.171389,32.75,465.54041874999996,445.8125,92.29711875000001,13.754999999999997,9.7,8.090000000000002,20.25,8.900000000000002,8.097500000000002,25.249469374999997
2026-08-16T00:10:00.000Z,MCT2408041,15.224628,74.171389,32.9375,468.12545000000006,446.375,92.26850812499998,13.809374999999998,9.7,8.090000000000002,20.25,8.900000000000002,8.203125,25.319181874999998
2026-08-16T00:20:00.000Z,MCT2408041,15.224628,74.171389,32.8125,457.0530937499999,448.625,92.08349812499996,13.750625,9.7,8.090000000000002,20.25,8.900000000000002,7.972499999999999,25.433805
2026-08-16T00:26:10.921Z,MCT2408041,15.224628,74.171389,32.9,452.5049,444.4,91.974399,13.88,9.700000000000001,8.090000000000002,20.493000000000002,9.142,8.157999999999998,25.506869000000002
2026-08-15T23:30:00.000Z,MCT2408024,15.148056,74.131667,40.55555555555556,219.84175555555555,601.5555555555555,81.06156333333334,17.628334444444445,5,5,15.101111111111111,8.101111111111113,2.551111111111111,26.809973333333332
2026-08-15T23:40:00.000Z,MCT2408024,15.148056,74.131667,40.68,221.245728,575.32,81.09258999999999,17.6659572,5,5,15.550000000000004,8.550000000000002,2.5516,26.780371199999994
2026-08-15T23:50:00.000Z,MCT2408024,15.148056,74.131667,40.6,220.20218,557.44,80.979982,17.546959200000003,5.04213568,5,15.030000000000005,8.030000000000003,2.552,26.844721600000007
2026-08-16T00:00:00.000Z,MCT2408024,15.148056,74.131667,40.916666666666664,220.2860166666667,571.875,81.09494249999999,17.807511666666667,5.197511,5,15.156666666666672,8.156666666666668,2.544583333333333,26.844380833333332
2026-08-16T00:10:00.000Z,MCT2408024,15.148056,74.131667,40.84,219.19507599999997,564.52,81.31445240000004,17.735789200000003,5.25281408,5,15.310000000000004,8.310000000000002,2.5456,26.833995199999986
2026-08-16T00:20:00.000Z,MCT2408024,15.148056,74.131667,41,217.07959600000007,590.08,81.42309480000002,17.8411852,5.337085440000001,5.04,16.270000000000003,9.190000000000003,2.5539999999999994,26.890623600000005
2026-08-16T00:26:10.925Z,MCT2408024,15.148056,74.131667,41,220.34469333333334,555.8666666666667,81.49745666666668,17.902607333333332,5.2809045333333335,5.066666666666666,15.65666666666667,8.523333333333332,2.55,26.846438000000003
2026-08-15T23:30:00.000Z,MCT2408022,15.475833,74.038889,29.166666666666668,150,433.8333333333333,90.94417333333332,3.7566666666666673,11.274263333333332,7,22.833333333333332,12.833333333333334,4.2480335,25.421068333333334
2026-08-15T23:40:00.000Z,MCT2408022,15.475833,74.038889,29.75,150,433.5,90.89569625000003,3.9525,11.2301075,7.75,24.0625,13.25,4.2634773125,25.435147500000003
2026-08-15T23:50:00.000Z,MCT2408022,15.475833,74.038889,31.4,150,430.3333333333333,90.89331200000002,3.857333333333334,11.386613333333335,8.466666666666667,27.333333333333332,15.266666666666667,4.282556866666667,25.403551999999998
2026-08-16T00:00:00.000Z,MCT2408022,15.475833,74.038889,31.6875,150,421.0625,90.69017625000002,3.8743749999999992,11.366276874999999,8.6875,27.9375,15.6875,4.313532749999999,25.384873749999997
2026-08-16T00:10:00.000Z,MCT2408022,15.475833,74.038889,30.625,150,415.625,90.67635000000004,4.0874999999999995,11.463729375,7.875,25.75,14.8125,4.2878044375,25.382191249999998
2026-08-16T00:20:00.000Z,MCT2408022,15.475833,74.038889,37.125,150,421.75,90.57287625000001,3.770625,11.484814375,12.625,38.75,20.6875,4.326161875,25.3942575
2026-08-16T00:26:10.999Z,MCT2408022,15.475833,74.038889,37.2,150,429,90.790313,3.816,11.524899,13.1,38.9,20.2,4.3059442,25.299877000000002
2026-08-15T23:30:00.000Z,MCT2408045,15.619444,73.878889,27.833333333333332,188.04333333333332,548.1666666666666,87.30368333333335,11.47,15.783333333333333,3.02,9.795,4.614999999999999,2.53,25.95911166666667
2026-08-15T23:40:00.000Z,MCT2408045,15.619444,73.878889,27.5625,184.47062499999998,536.8125,87.18923937499997,11.318125,16.183125,3.020000000000001,10.234375,5.051875,2.5300000000000002,25.948610000000002
2026-08-15T23:50:00.000Z,MCT2408045,15.619444,73.878889,27.6875,179.67249999999996,538.3125,87.144894375,11.51375,16.666875,3.051250000000001,10.733125000000001,5.510625000000001,2.5300000000000002,25.8561075
2026-08-16T00:00:00.000Z,MCT2408045,15.619444,73.878889,27.5625,182.29375000000002,533.9375,87.21117437500001,11.249374999999999,16.744375,3.020000000000001,10.163125,4.9818750000000005,2.5300000000000002,25.801812499999993
2026-08-16T00:10:00.000Z,MCT2408045,15.619444,73.878889,27.875,183.76562499999997,541.8125,87.21880437500002,11.628124999999999,16.454375,3.020000000000001,10.05625,4.875,2.5300000000000002,25.809856875
2026-08-16T00:20:00.000Z,MCT2408045,15.619444,73.878889,27.6875,178.11999999999995,547.375,87.377113125,11.389374999999998,16.593125,3.648125000000001,12.300624999999998,6.325,2.5300000000000002,25.791756874999997
2026-08-16T00:26:10.999Z,MCT2408045,15.619444,73.878889,28.1,178.426,543.5,87.456265,11.723,16.781,3.272,11.296000000000001,5.824,2.5300000000000002,25.772856
2026-08-15T23:30:00.000Z,MCT2408032,15.525556,73.828611,35.111111111111114,197.49222222222224,608.6666666666666,80.0451588888889,14.74,45.27666666666667,7.12,19.12222222222222,9.12,2.59,28.419929999999997
2026-08-15T23:40:00.000Z,MCT2408032,15.525556,73.828611,34.96,201.30120000000002,631.88,79.91583240000001,14.726800000000003,44.9096,7.120000000000002,19.172800000000006,9.172400000000001,2.666000000000001,28.522983600000003
2026-08-15T23:50:00.000Z,MCT2408032,15.525556,73.828611,34.8,211.41279999999998,653.36,81.45483440000002,14.5592,46.2492,7.120000000000002,17.695199999999996,7.701600000000003,2.689600000000001,28.133017999999993
2026-08-16T00:00:00.000Z,MCT2408032,15.525556,73.828611,34.84,201.9156,664.96,82.2324216,14.535200000000005,45.1716,7.120000000000002,17.637999999999998,7.645600000000003,2.7412,27.819847600000003
2026-08-16T00:10:00.000Z,MCT2408032,15.525556,73.828611,35.4,216.72999999999996,722,83.46075360000005,15.031200000000004,45.053599999999996,7.120000000000002,17.069999999999997,7.080000000000002,2.8923999999999994,27.31834
2026-08-16T00:20:00.000Z,MCT2408032,15.525556,73.828611,35.36,215.2768,718.96,84.72967440000001,15.0328,45.256000000000014,7.120000000000002,17.069999999999997,7.080000000000002,2.8515999999999995,26.915076799999994
2026-08-16T00:26:11.134Z,MCT2408032,15.525556,73.828611,35.06666666666667,204.65133333333335,722.9333333333333,85.94284999999999,14.786666666666667,45.254666666666665,7.120000000000002,17.353999999999996,7.362666666666666,2.712666666666667,26.64551733333333
2026-08-15T23:30:00.000Z,MCT2408036,15.171567,74.067106,35.666666666666664,120,534.6666666666666,91.81901166666665,10.393333333333333,8.023333333333333,3.5949999999999993,11.313333333333333,6.418333333333333,10.801666666666668,25.428219999999996
2026-08-15T23:40:00.000Z,MCT2408036,15.171567,74.067106,36.4375,120,530.6875,91.86415125000003,10.495,7.785000000000001,6.3149999999999995,17.763125000000002,9.0875,11.2025,25.396268750000004
2026-08-15T23:50:00.000Z,MCT2408036,15.171567,74.067106,36.75,120,519.5625,92.16980375000001,10.135000000000002,7.680624999999999,4.670000000000001,13.836875,7.440625,11.460625000000002,25.291028750000002
2026-08-16T00:00:00.000Z,MCT2408036,15.171567,74.067106,36.4,120,516.1333333333333,91.98990866666668,9.986666666666666,7.351333333333333,4.947333333333332,14.455333333333332,7.666,11.261999999999999,25.313463333333335
2026-08-16T00:10:00.000Z,MCT2408036,15.171567,74.067106,37.4375,120,520,92.54984250000003,10.255,7.286875000000001,4.407500000000001,12.982499999999998,6.965624999999999,11.829375,25.137526875
2026-08-16T00:20:00.000Z,MCT2408036,15.171567,74.067106,36.75,120,525.75,92.60133937500004,10.146249999999998,7.513125,6.842499999999999,19.283125,9.846875,11.37875,25.121440624999998
2026-08-16T00:26:11.136Z,MCT2408036,15.171567,74.067106,36.4,120,522.8,92.228455,10.284,7.755,2.9459999999999993,8.968,4.9639999999999995,11.182999999999998,25.223730999999997
2026-08-15T23:30:00.000Z,MCT2408031,15.290833,74.149167,19.5,165.2189833333333,445.5,87.41430500000001,7.380700833333333,7.549367833333332,8.174999999999999,22.026666666666667,12.381666666666666,5.663333333333334,25.23517166666667
2026-08-15T23:40:00.000Z,MCT2408031,15.290833,74.149167,20.75,177.80780000000001,451.375,87.379496875,7.2420026875,8.297431,8.959374999999998,24.400625,13.931249999999999,5.588750000000001,25.231370624999997
2026-08-15T23:50:00.000Z,MCT2408031,15.290833,74.149167,18.6875,177.56931250000002,449.75,87.54209937499999,7.235272375000001,7.9798360625,7.2612499999999995,19.783124999999995,11.16125,5.5375,25.140879374999997
2026-08-16T00:00:00.000Z,MCT2408031,15.290833,74.149167,17.875,176.66371250000003,451.875,87.59550437500002,7.230785375000001,7.308015187500001,6.75625,17.96375,9.880625000000002,5.233125,25.0725025
2026-08-16T00:10:00.000Z,MCT2408031,15.290833,74.149167,18,177.37396875000002,454.6875,87.67513625000001,7.316696562500001,7.863374875,6.578125,17.665625,9.85,5.189375,25.047031249999996
2026-08-16T00:20:00.000Z,MCT2408031,15.290833,74.149167,17.875,177.47873749999997,456.0625,87.75095375000001,7.1667809375,7.161057624999999,6.130624999999999,16.440625,9.165625,5.2993749999999995,25.057755
2026-08-16T00:26:11.136Z,MCT2408031,15.290833,74.149167,17.7,171.62493,457.1,87.766786,7.087837800000001,9.533696699999998,6.573,17.176000000000005,9.333,5.053,25.086448000000004
2026-08-15T23:30:00.000Z,MCT2408035,15.236111,74.125,48.5,190.07500000000002,663.3333333333334,90.61102,20.22259333333333,9.876666666666665,3.8000000000000003,10.19,4.91,3.8299999999999996,25.787513333333333
2026-08-15T23:40:00.000Z,MCT2408035,15.236111,74.125,48.0625,190.1497,663.5,90.51660874999999,19.772483124999994,9.224374999999998,3.799999999999999,10.19,4.909999999999998,3.8299999999999987,25.854766875000003
2026-08-15T23:50:00.000Z,MCT2408035,15.236111,74.125,48.5,190.27461875,661.625,90.44985062499998,20.30668625,9.4425,3.799999999999999,10.19,4.909999999999998,3.8299999999999987,25.768966875000004
2026-08-16T00:00:00.000Z,MCT2408035,15.236111,74.125,49.4375,190,664.5625,90.85182499999999,21.0635225,9.391250000000001,3.799999999999999,10.19,4.909999999999998,3.8299999999999987,25.634231249999996
2026-08-16T00:10:00.000Z,MCT2408035,15.236111,74.125,47.625,190,667.5,91.27239812499998,19.423710625,9.09875,3.799999999999999,10.19,4.909999999999998,3.8299999999999987,25.54977
2026-08-16T00:20:00.000Z,MCT2408035,15.236111,74.125,47.3125,190,676.5,91.20086937499998,19.171431875,8.751249999999999,3.799999999999999,10.19,4.909999999999998,3.8299999999999987,25.608088749999997
2026-08-16T00:26:11.208Z,MCT2408035,15.236111,74.125,48.8,190,676.5,91.20458899999998,20.357142,9.419,3.8,10.19,4.909999999999999,3.829999999999999,25.637718999999997
2026-08-15T23:30:00.000Z,MCT2408039,15.163611,74.110833,29,380.9433333333334,443.3333333333333,86.639925,10.456666666666665,10.299999999999999,9.019999999999998,28.94,11.76,2.3000000000000003,26.034186666666667
2026-08-15T23:40:00.000Z,MCT2408039,15.163611,74.110833,29,389.61249999999995,448.5,86.645644375,10.3675,10.3,9.019999999999998,28.94,11.759999999999998,2.3,26.018323124999995
2026-08-15T23:50:00.000Z,MCT2408039,15.163611,74.110833,29,381.678,458.06666666666666,86.72511733333333,9.334,10.3,9.019999999999998,28.94,11.759999999999998,2.3,26.006301999999994
2026-08-16T00:00:00.000Z,MCT2408039,15.163611,74.110833,29,380.60437499999995,458.0625,86.77725499999998,9.87,10.3,9.019999999999998,28.94,11.759999999999998,2.3,25.999554375000002
2026-08-16T00:10:00.000Z,MCT2408039,15.163611,74.110833,29,385.679375,456.375,86.60845312500003,9.281249999999998,10.3,9.019999999999998,28.94,11.759999999999998,2.3,25.996873125
2026-08-16T00:20:00.000Z,MCT2408039,15.163611,74.110833,29,387.0956249999999,453.75,86.79060437499997,10.055624999999997,10.3,9.019999999999998,28.94,11.759999999999998,2.3,25.916436875000002
2026-08-16T00:26:11.208Z,MCT2408039,15.163611,74.110833,29,386.35299999999995,449.2,86.89932300000001,9.480999999999998,10.299999999999999,9.019999999999998,28.940000000000005,11.760000000000002,2.3000000000000003,25.912281
2026-08-15T23:30:00.000Z,MCT2408026,15.2467,74.198281,32.333333333333336,125,479,86.02745222222222,13.39237111111111,12.5,4.73,14.51,7.71,2.3744444444444444,27.211566666666663
2026-08-15T23:40:00.000Z,MCT2408026,15.2467,74.198281,32.21739130434783,125,479.2173913043478,85.81478739130439,13.353976086956523,12.5,4.730000000000003,14.551739130434777,7.752173913043479,2.127391304347826,27.27301739130434
2026-08-15T23:50:00.000Z,MCT2408026,15.2467,74.198281,32.291666666666664,125,481.625,85.29238125000002,13.391674166666666,12.5,4.730000000000003,14.509999999999996,7.710000000000001,2.0604166666666663,27.40253375
2026-08-16T00:00:00.000Z,MCT2408026,15.2467,74.198281,32.375,125,485.75,85.55972791666663,13.467577916666665,12.5,4.730000000000003,14.509999999999996,7.710000000000001,2.3716666666666666,27.249700833333346
2026-08-16T00:10:00.000Z,MCT2408026,15.2467,74.198281,32.375,125,486.5,86.50958750000002,13.446112500000003,12.5,4.730000000000003,14.509999999999996,7.710000000000001,2.3208333333333333,27.03430416666667
2026-08-16T00:20:00.000Z,MCT2408026,15.2467,74.198281,32.19047619047619,125,488.04761904761904,86.06317714285717,13.407853333333332,12.5,4.730000000000002,14.509999999999996,7.71,2.3252380952380953,27.190968095238095
2026-08-16T00:26:11.348Z,MCT2408026,15.2467,74.198281,32.2,125,487.06666666666666,85.65445866666666,13.358312,12.5,5.107333333333335,16.313333333333333,8.997333333333332,2.1653333333333338,27.317628
2026-08-15T23:30:00.000Z,MCT2408038,15.188889,74.055556,28,394.9750000000001,606,90.28296,9.645000000000001,13.33,10.839999999999998,32.141666666666666,16.625,4.848333333333334,26.230819999999998
2026-08-15T23:40:00.000Z,MCT2408038,15.188889,74.055556,26.75,402.53937500000006,600.1875,90.34733250000001,9.803749999999999,13.330000000000005,10.103749999999998,29.821249999999992,15.465625000000001,4.819999999999999,26.219421874999995
2026-08-15T23:50:00.000Z,MCT2408038,15.188889,74.055556,25.3125,393.548125,602.625,90.43411937499997,9.863125000000002,13.330000000000005,8.941249999999998,26.899999999999995,14.055000000000001,4.782500000000001,26.2180825
2026-08-16T00:00:00.000Z,MCT2408038,15.188889,74.055556,23.625,405.9525,594.3125,90.517563125,9.699375000000002,13.330000000000005,7.46875,22.48875,11.677499999999998,4.783125,26.155071875000004
2026-08-16T00:10:00.000Z,MCT2408038,15.188889,74.055556,23.0625,429.686875,587.8125,90.68731750000003,9.730625000000002,13.330000000000005,6.33875,18.948124999999997,9.85125,4.845625,26.098091874999994
2026-08-16T00:20:00.000Z,MCT2408038,15.188889,74.055556,23.4375,422.2118749999999,585.6875,90.81415750000001,9.988125,13.330000000000005,5.965000000000002,17.085625,8.476249999999999,4.83125,26.110156875
2026-08-16T00:26:11.347Z,MCT2408038,15.188889,74.055556,23.3,425.38199999999995,594.7,90.71554700000002,9.949000000000002,13.330000000000002,5.950000000000001,16.900000000000002,7.9399999999999995,4.809,26.112838
2026-08-16T01:20:00.000Z,MCT2408020,15.543475,74.039433,31.166666666666668,180,457.6666666666667,89.43864000000002,9.085171833333336,19.34588833333333,10.667499999999999,33.471666666666664,18.125,3.659999999999999,26.128925
2026-08-16T01:30:00.000Z,MCT2408020,15.543475,74.039433,30.5625,180,453.0625,89.45421624999999,8.916589125,18.876544374999998,10.491874999999999,32.444375,17.253125,3.6599999999999984,26.224784375000002
2026-08-16T01:40:00.000Z,MCT2408020,15.543475,74.039433,28.375,180,449.3125,89.23105625,8.9403875625,18.906248125,8.755624999999998,27.901250000000008,15.335,3.6599999999999984,26.409791250000005
2026-08-16T01:50:00.000Z,MCT2408020,15.543475,74.039433,30.625,180,451.125,89.21341375,9.38527425,18.841788750000003,10.376875,32.96812500000001,18.064375000000002,3.6599999999999984,26.476821875
2026-08-16T02:00:00.000Z,MCT2408020,15.543475,74.039433,32.25,180,455.9375,89.02220187499998,9.365897625,19.2134025,11.594375,36.404375,19.576875,3.6599999999999984,26.462074375000007
2026-08-16T02:10:00.000Z,MCT2408020,15.543475,74.039433,30.066666666666666,180,450.06666666666666,88.89746066666666,9.182272800000002,19.075252,10.205333333333334,32.24533333333332,17.598000000000003,3.6599999999999984,26.60547733333333
2026-08-16T02:12:43.356Z,MCT2408020,15.543475,74.039433,31.8,180,451,88.76776199999999,8.9367464,19.548478,11.687999999999999,35.414,18.404,3.66,26.74991
2026-08-16T01:20:00.000Z,MCT2408028,15.186944,74.096667,40.72222222222222,538.1533333333332,470.72222222222223,92.30305444444446,17.46388888888889,12.97722222222222,4.989999999999999,13.75333333333333,6.793333333333331,1.4511111111111115,25.469929444444446
2026-08-16T01:30:00.000Z,MCT2408028,15.186944,74.096667,40.76,534.9808,468.2,92.09234759999998,17.469200000000004,12.951600000000003,5.229999999999999,15.310400000000001,7.9916,1.7144,25.5619964
2026-08-16T01:40:00.000Z,MCT2408028,15.186944,74.096667,41.2,534.5732000000002,475.8,92.23913560000001,17.775199999999998,12.686,4.989999999999998,13.442,6.481999999999998,1.7304,25.546123999999995
2026-08-16T01:50:00.000Z,MCT2408028,15.186944,74.096667,41.2,540.5427999999999,476.44,92.00659160000001,17.736,12.553199999999999,4.989999999999998,12.686000000000005,5.725999999999999,1.9531999999999998,25.791515600000004
2026-08-16T02:00:00.000Z,MCT2408028,15.186944,74.096667,41.08,537.8600000000001,461.28,91.68066440000001,17.7308,12.6252,4.989999999999998,14.634800000000006,7.6743999999999994,1.8912000000000007,26.002155600000002
2026-08-16T02:10:00.000Z,MCT2408028,15.186944,74.096667,41.64,547.6936000000001,465.84,91.52014159999999,18.1268,12.277599999999998,4.989999999999998,13.243600000000006,6.2812,2.3752,26.356944
2026-08-16T02:12:43.367Z,MCT2408028,15.186944,74.096667,41.5,545.805,465.1666666666667,90.82718833333332,17.955,12.293333333333335,4.990000000000001,12.428333333333333,5.466666666666666,2.6366666666666667,26.65266666666666
2026-08-16T01:20:00.000Z,MCT2408056,15.579167,73.920833,64.91666666666667,180,584.4166666666666,90.73373,6.950833333333333,10.44131425,33.07750000000001,96.53916666666667,51.9375,1.6083333333333334,26.085131666666665
2026-08-16T01:30:00.000Z,MCT2408056,15.579167,73.920833,59.4375,180,586.9375,90.54283562500001,6.923750000000001,9.653315687500001,28.85437499999999,85.211875,46.216874999999995,1.5599999999999998,26.170488125000002
2026-08-16T01:40:00.000Z,MCT2408056,15.579167,73.920833,28.125,180,567.3125,90.49038250000002,6.7825,9.2345950625,7.272499999999998,23.053125,13.180000000000001,1.7293749999999999,26.263662500000002
2026-08-16T01:50:00.000Z,MCT2408056,15.579167,73.920833,32.625,180,568.25,90.57669187500002,6.890000000000001,9.1110621875,10.438125000000001,32.38875,18.392500000000002,1.7999999999999996,26.304552499999993
2026-08-16T02:00:00.000Z,MCT2408056,15.579167,73.920833,37.125,180,575.875,90.55046562500004,6.762499999999999,9.3070715625,13.840624999999996,41.440000000000005,22.784375000000004,1.6531249999999997,26.411801875000005
2026-08-16T02:10:00.000Z,MCT2408056,15.579167,73.920833,43.4375,180,574.625,90.674441875,6.779999999999999,9.3070715,18.240624999999998,53.847500000000004,29.230000000000004,1.560625,26.77980625
2026-08-16T02:12:43.400Z,MCT2408056,15.579167,73.920833,36.25,180,562.75,90.1971275,6.79,9,13.6075,40.3,21.79,1.56,27.12904
2026-08-16T01:20:00.000Z,MCT2408057,15.272222,74.104722,29.77777777777778,310.2066666666667,446.3333333333333,84.60457055555557,12.258888888888889,9.153333333333334,9.866666666666667,28.145555555555557,14.358888888888892,2.5299999999999994,27.053667777777772
2026-08-16T01:30:00.000Z,MCT2408057,15.272222,74.104722,29.96,310.0340000000001,439.88,84.79620400000003,12.357599999999998,9.2024,7.6288,22.096799999999995,11.4904,2.4595999999999996,27.084532
2026-08-16T01:40:00.000Z,MCT2408057,15.272222,74.104722,29.56,306.5408,444.44,84.84411560000001,12.186000000000002,9.221600000000002,6.388400000000001,18.433200000000003,9.564400000000001,2.476,27.139015600000004
2026-08-16T01:50:00.000Z,MCT2408057,15.272222,74.104722,29.88,313.29359999999997,443.8,84.87371720000002,12.340399999999999,9.198800000000004,5.5527999999999995,16.217199999999995,8.525200000000005,2.4128,27.215806800000006
2026-08-16T02:00:00.000Z,MCT2408057,15.272222,74.104722,30,319.88399999999996,440.12,84.51696679999998,12.434000000000001,9.250000000000002,5.268399999999998,15.741599999999998,8.4588,2.3984000000000005,27.38398000000001
2026-08-16T02:10:00.000Z,MCT2408057,15.272222,74.104722,29.84,304.1524,442.64,84.47454640000004,12.3232,9.134800000000002,6.984800000000003,20.3776,10.628000000000002,2.2892,27.5448552
2026-08-16T02:12:43.399Z,MCT2408057,15.272222,74.104722,29.714285714285715,304.6171428571429,441.42857142857144,84.59797,12.212857142857144,9.05857142857143,6.301428571428572,18.740000000000002,9.964285714285712,2.2471428571428573,27.67870285714286
2026-08-16T01:20:00.000Z,MCT2408055,15.585833,73.885556,19.818181818181817,109.55272727272728,783.6363636363636,90.56316636363637,8.866363636363637,27.232826363636367,3.8818181818181823,11.543636363636365,6.443636363636363,1.4381818181818182,25.514182727272726
2026-08-16T01:30:00.000Z,MCT2408055,15.585833,73.885556,19.5625,110.540625,774.6875,90.517563125,8.779375000000003,26.183208125,3.7625,11.431250000000002,6.560625,1.49,25.578595
2026-08-16T01:40:00.000Z,MCT2408055,15.585833,73.885556,19.5625,110.748125,770.0625,90.353531875,8.743750000000002,27.157683125000002,3.71875,10.73375,5.961250000000001,1.665625,25.73008875
2026-08-16T01:50:00.000Z,MCT2408055,15.585833,73.885556,19.5625,108.39374999999998,772.5,90.286298125,8.627500000000001,26.858303749999994,4.111875000000001,12.253749999999998,6.901249999999999,1.4456249999999997,25.882249375
2026-08-16T02:00:00.000Z,MCT2408055,15.585833,73.885556,19.6875,103.67562500000001,770,90.30918625,8.738750000000001,26.518369375000002,5.375625000000001,15.377499999999998,8.435,1.4056250000000001,26.075301875
2026-08-16T02:10:00.000Z,MCT2408055,15.585833,73.885556,23.0625,92.64874999999999,767.4375,90.217156875,8.53875,26.25954375,9.614375,26.603125000000002,14.10125,1.17,26.4761525
2026-08-16T02:12:43.427Z,MCT2408055,15.585833,73.885556,22,97.17249999999999,765.25,90.1246475,8.732500000000002,22.59542,9.09,24.837500000000002,12.9525,1.1825,26.72149
2026-08-16T01:20:00.000Z,MCT2408053,15.263333,74.110833,43.25,226.06511666666663,759.4166666666666,93.16369249999998,15.658333333333333,23.325833333333335,4.590000000000001,14.015,8.366666666666665,6.612500000000001,25.2181875
2026-08-16T01:30:00.000Z,MCT2408053,15.263333,74.110833,46.4375,223.35655624999998,748.625,93.13587687500002,18.32625,24.241875000000004,4.590000000000002,13.550625000000004,7.826875,6.3625,25.331247499999993
2026-08-16T01:40:00.000Z,MCT2408053,15.263333,74.110833,46.6875,179.84304375000002,775.6875,93.02429562500001,17.880625000000002,24.366875000000004,9.124999999999998,29.228749999999998,17.83625,6.415,25.500836875
2026-08-16T01:50:00.000Z,MCT2408053,15.263333,74.110833,45.375,185.74465,758.9375,92.90508625,17.41,22.9775,5.565625000000001,17.56125,10.645625,6.361874999999999,25.726738124999997
2026-08-16T02:00:00.000Z,MCT2408053,15.263333,74.110833,46.3125,172.57319375,763.875,91.87035,18.50875,23.16375,8.206875,27.588124999999998,17.696250000000003,6.060625,26.195959375
2026-08-16T02:10:00.000Z,MCT2408053,15.263333,74.110833,45,173.83094375000002,701.5625,89.760345625,17.335625,23.375625,6.370625,20.538125,12.760625,5.960000000000001,26.921245000000003
2026-08-16T02:12:43.585Z,MCT2408053,15.263333,74.110833,44.5,196.98477499999998,682.25,87.6260225,17.165,23.284999999999997,4.59,13.125,7.334999999999999,5.9825,27.566087500000002
2026-08-16T01:20:00.000Z,MCT2408052,15.444425,74.063856,18.916666666666668,160,464.5,90.3503525,3.6711110000000002,8,6.441666666666666,18.594166666666666,9.0875,2,26.099431666666664
2026-08-16T01:30:00.000Z,MCT2408052,15.444425,74.063856,21.1875,160,504.4375,90.47369437500002,3.677149187500001,8,7.902500000000001,23.166875,11.498750000000001,2,26.120210000000004
2026-08-16T01:40:00.000Z,MCT2408052,15.444425,74.063856,21.875,160,465.1875,90.71926562499999,3.6581140625,8,8.44625,24.59,12.146875000000003,2,26.1718275
2026-08-16T01:50:00.000Z,MCT2408052,15.444425,74.063856,23.375,160,502.875,91.07260249999999,3.7299563125000006,8,9.616249999999999,27.671875000000004,13.485000000000001,2,26.23886125
2026-08-16T02:00:00.000Z,MCT2408052,15.444425,74.063856,23.0625,160,498.9375,91.03779125,3.6668861250000004,8,9.365625000000001,27.111250000000002,13.290000000000004,2,26.570666250000002
2026-08-16T02:10:00.000Z,MCT2408052,15.444425,74.063856,23.333333333333332,160,443.06666666666666,90.55914333333334,3.691368466666667,8,9.410666666666664,27.586666666666666,13.692666666666668,2,26.97656733333334
2026-08-16T02:12:43.585Z,MCT2408052,15.444425,74.063856,20.2,160,455,90.24938999999999,3.7194388,8,7.290000000000001,21.448,10.703999999999999,2,27.155318
2026-08-16T01:20:00.000Z,MCT2408021,15.500556,74.053333,48.916666666666664,375,501.9166666666667,90.11892749999998,20.675,14.24344916666667,9.324166666666668,29.38416666666667,18.769166666666663,4.216666666666667,25.35940083333333
2026-08-16T01:30:00.000Z,MCT2408021,15.500556,74.053333,50,375,495.4,90.19395066666668,20.864,14.271549333333335,9.872666666666667,31.853333333333335,20.730000000000004,4.241333333333333,25.450028000000007
2026-08-16T01:40:00.000Z,MCT2408021,15.500556,74.053333,49.125,375,501.9375,90.19092937500001,20.881875,14.394328749999998,7.0543749999999985,20.84125,12.708125,4.256875,25.5866375
2026-08-16T01:50:00.000Z,MCT2408021,15.500556,74.053333,49.3125,375,498.125,90.18616187499998,21.027499999999996,14.372045000000002,8.095,23.531250000000007,14.106875000000002,4.14125,25.803823749999996
2026-08-16T02:00:00.000Z,MCT2408021,15.500556,74.053333,49.25,375,500.625,90.02737374999998,20.88625,14.647632500000004,11.9025,34.29375,20.475625,4.098750000000001,26.084015
2026-08-16T02:10:00.000Z,MCT2408021,15.500556,74.053333,49.1875,375,494.6875,89.67737687500001,21.007499999999997,14.422585,13.4525,37.881875,22.171874999999996,4.150625000000001,26.269025625
2026-08-16T02:12:43.625Z,MCT2408021,15.500556,74.053333,49.25,375,496.5,89.67832750000001,21.169999999999998,14.443725,8.81,26.087500000000002,15.950000000000001,4.267500000000001,26.28176
2026-08-16T01:20:00.000Z,MCT2408043,15.221111,74.087222,33.18181818181818,180.5109090909091,503.54545454545456,87.11398636363637,14.24909090909091,10.307272727272727,8.172727272727272,25.39818181818182,13.626363636363637,5.29,25.983162727272724
2026-08-16T01:30:00.000Z,MCT2408043,15.221111,74.087222,33.5625,181.00875000000002,500.5,87.048095,14.294375,10.379375000000001,8.626875000000002,27.196875,14.571875000000002,5.290000000000001,26.082004375000004
2026-08-16T01:40:00.000Z,MCT2408043,15.221111,74.087222,33.0625,191.97249999999997,498.875,87.10579249999999,14.32875,10.432500000000003,6.329999999999999,20.11625,11.05,5.290000000000001,26.153059375
2026-08-16T01:50:00.000Z,MCT2408043,15.221111,74.087222,35.375,170.08687500000005,472.1875,87.20450000000002,14.30125,10.460625000000002,11.001875,33.55437500000001,17.454375,5.290000000000001,26.296506875
2026-08-16T02:00:00.000Z,MCT2408043,15.221111,74.087222,33,184.71333333333328,480.46666666666664,87.03487066666668,14.263333333333332,10.493333333333334,6.329999999999999,20.686,11.615333333333334,5.290000000000001,26.56543733333333
2026-08-16T02:10:00.000Z,MCT2408043,15.221111,74.087222,33.0625,151.5525,434.375,86.744828125,14.336875000000001,10.48375,6.488749999999999,20.840625000000003,11.450000000000001,5.290000000000001,26.992968124999997
2026-08-16T02:12:43.626Z,MCT2408043,15.221111,74.087222,33,157.0575,451.5,86.487335,14.3225,10.63,6.965,21.884999999999998,11.530000000000001,5.29,27.31137
2026-08-16T01:20:00.000Z,MCT2408051,15.486528,74.033889,52.083333333333336,277.0075,850.8333333333334,97.54614250000002,22.11916666666666,5.1899999999999995,5.960000000000001,19.421666666666667,10.940833333333332,4.39,24.650652500000003
2026-08-16T01:30:00.000Z,MCT2408051,15.486528,74.033889,52.0625,276.735625,852.9375,97.59239562500001,22.116249999999997,5.1899999999999995,6.2612499999999995,20.044374999999995,11.238750000000005,4.39,24.707181875
2026-08-16T01:40:00.000Z,MCT2408051,15.486528,74.033889,52,275.20437499999997,852.4375,97.60002499999999,22.066874999999996,5.1899999999999995,6.298125000000001,20.12125,11.161249999999997,4.39,24.825156874999998
2026-08-16T01:50:00.000Z,MCT2408051,15.486528,74.033889,52,275.83866666666665,858.4,97.47035733333331,22.069999999999997,5.1899999999999995,6.468,20.510666666666665,11.283333333333335,4.39,24.96668466666667
2026-08-16T02:00:00.000Z,MCT2408051,15.486528,74.033889,51.9375,270.55,845.3125,97.10411312499997,22.029999999999994,5.1899999999999995,9.134999999999998,28.745624999999997,15.711875000000001,4.39,25.142219374999996
2026-08-16T02:10:00.000Z,MCT2408051,15.486528,74.033889,58.6875,264.668125,839.875,97.04164749999998,22.109999999999996,5.1899999999999995,20.3675,65.60687500000002,36.36375,4.39,25.268909375
2026-08-16T02:12:43.652Z,MCT2408051,15.486528,74.033889,52,265.848,843.4,96.925108,22.07,5.19,7.462000000000001,23.99,13.316000000000003,4.39,25.366372000000002
2026-08-16T01:20:00.000Z,MCT2408050,15.553611,73.958333,27.416666666666668,86.02999999999999,528.5,92.84770833333334,11.279166666666667,4.088333333333334,4.8775,16.245,8.859166666666667,2.976666666666667,25.626634999999997
2026-08-16T01:30:00.000Z,MCT2408050,15.553611,73.958333,27.6875,86.02999999999999,521.8125,92.82497937500001,11.485000000000001,4.245625,5.090000000000002,17.335,9.621875,3.0775,25.68383999999999
2026-08-16T01:40:00.000Z,MCT2408050,15.553611,73.958333,27.625,86.02999999999999,529.375,93.04766000000002,11.364375000000003,4.350625000000001,4.8775,16.206875000000004,8.985,3.073125,25.68518062499999
2026-08-16T01:50:00.000Z,MCT2408050,15.553611,73.958333,27.5,86.02999999999999,549.1875,92.85930625000003,11.2725,4.33375,5.621250000000001,18.406875000000003,10.050000000000004,2.85125,25.723388124999996
2026-08-16T02:00:00.000Z,MCT2408050,15.553611,73.958333,27.5625,86.02999999999999,545.75,92.8287925,11.420625000000003,4.215624999999999,5.674375,17.92375,9.517500000000002,2.9031249999999997,25.884930625000003
2026-08-16T02:10:00.000Z,MCT2408050,15.553611,73.958333,27.533333333333335,86.02999999999999,533.4,92.77828066666667,11.312666666666667,4.266666666666667,6.448666666666667,20.380000000000003,11.059333333333335,2.927333333333333,26.211509999999997
2026-08-16T02:12:43.815Z,MCT2408050,15.553611,73.958333,27.6,86.03,503.4,92.05602999999999,11.488000000000001,4.416,7.969999999999999,24.902,13.27,3.0839999999999996,26.760634000000003
2026-08-16T01:20:00.000Z,MCT2408034,15.356389,74.123611,37.44444444444444,180,454.5,77.88476999999999,6.871666666666666,3.567222222222222,14.126666666666663,44.75500000000001,23.85722222222222,1.2744444444444443,29.538318333333336
2026-08-16T01:30:00.000Z,MCT2408034,15.356389,74.123611,32.583333333333336,180.09671666666668,456.9583333333333,77.65885458333332,7.4775,3.5208333333333326,11.051666666666664,35.13000000000002,18.792083333333334,1.5495833333333333,29.585984999999994
2026-08-16T01:40:00.000Z,MCT2408034,15.356389,74.123611,25.24,196.89677999999995,446.28,77.50158640000001,7.3368,3.2688,6.379999999999998,20.4804,11.1,2.0951999999999997,29.5830544
2026-08-16T01:50:00.000Z,MCT2408034,15.356389,74.123611,47.75,185.42960416666665,443.0833333333333,77.12129958333335,6.9383333333333335,3.6891666666666665,21.15125,65.56958333333333,34.49791666666667,1.5075,29.64318541666667
2026-08-16T02:00:00.000Z,MCT2408034,15.356389,74.123611,54.583333333333336,180,441.75,77.02402541666667,7.469166666666667,3.429583333333333,25.671666666666667,79.12875000000001,41.25666666666667,1.1424999999999998,29.80540041666667
2026-08-16T02:10:00.000Z,MCT2408034,15.356389,74.123611,51.96,180,441.24,76.2698972,7.6575999999999995,2.924,23.733199999999997,74.238,39.157600000000016,1.2311999999999999,30.177652800000004
2026-08-16T02:12:43.818Z,MCT2408034,15.356389,74.123611,41.833333333333336,180,438,74.90082833333334,7.371666666666666,3.06,17.011666666666667,53.60999999999999,28.599999999999998,1.2766666666666668,30.554816666666667
2026-08-16T01:20:00.000Z,MCT2408030,15.142519,74.075003,25,163.49041666666668,445.75,85.42303000000003,9.1425,6.200000000000002,9.370000000000001,24.639999999999997,12.31,4.1725,25.547089166666666
2026-08-16T01:30:00.000Z,MCT2408030,15.142519,74.075003,25,163,448.6666666666667,85.39251666666665,9.299333333333333,6.200000000000002,9.370000000000001,24.639999999999993,12.31,4.092666666666666,25.56156733333334
2026-08-16T01:40:00.000Z,MCT2408030,15.142519,74.075003,25,163,443.125,85.38727062500001,9.056875000000002,6.200000000000002,9.370000000000001,24.639999999999993,12.31,3.9974999999999996,25.6101
2026-08-16T01:50:00.000Z,MCT2408030,15.142519,74.075003,25,163,448.6,85.406758,9.235333333333333,6.200000000000002,9.370000000000001,24.639999999999993,12.31,4.113333333333332,25.698853999999994
2026-08-16T02:00:00.000Z,MCT2408030,15.142519,74.075003,25,163,454.375,85.52507812499996,9.337499999999999,6.200000000000002,9.370000000000001,24.639999999999993,12.31,3.9949999999999997,25.714674375
2026-08-16T02:10:00.000Z,MCT2408030,15.142519,74.075003,25,163.04963333333333,455.3333333333333,85.46881000000002,9.212,6.200000000000002,9.370000000000001,24.639999999999993,12.31,3.9059999999999997,25.768207999999998
2026-08-16T02:12:43.848Z,MCT2408030,15.142519,74.075003,25,163,452,85.46881,9.656,6.2,9.37,24.64,12.31,4.144,25.829698
2026-08-16T01:20:00.000Z,MCT2408029,15.333611,74.206944,12.166666666666666,313.07086666666663,456,93.17004916666667,3.431666666666666,7.56,3.0875000000000004,9.779166666666667,5.5375000000000005,3.5749999999999997,25.553344166666662
2026-08-16T01:30:00.000Z,MCT2408029,15.333611,74.206944,12.0625,312.0327875,456.4375,93.171639375,3.9137499999999994,7.664999999999999,2.9399999999999995,9.284999999999998,5.331250000000001,3.5300000000000002,25.63088125
2026-08-16T01:40:00.000Z,MCT2408029,15.333611,74.206944,12.4375,315.9602625,456.9375,93.51734624999996,4.1075,8.034375,3.640625,11.48875,6.470000000000001,3.508125,25.59066125
2026-08-16T01:50:00.000Z,MCT2408029,15.333611,74.206944,13.6875,326.86880625,454.5,93.29990750000002,3.93375,7.968125,5.258749999999999,16.436874999999997,9.266250000000001,3.5,25.744165625
2026-08-16T02:00:00.000Z,MCT2408029,15.333611,74.206944,12.1875,318.62143125,448.9375,93.11203375000001,4.653125,7.535,3.5300000000000002,11.379375,6.396250000000001,3.501875,25.999554375000002
2026-08-16T02:10:00.000Z,MCT2408029,15.333611,74.206944,12.133333333333333,319.6739866666667,451.8,92.99393533333335,2.624666666666667,7.972666666666666,3.294,10.751333333333333,6.116,3.5573333333333332,26.244402
2026-08-16T02:12:43.852Z,MCT2408029,15.333611,74.206944,12,319.06935999999996,446.2,92.89678799999999,2.894,7.664,3.058,9.594000000000001,5.412000000000001,3.5,26.393836
2026-08-16T01:20:00.000Z,MCT2408023,15.499722,74.020833,34.083333333333336,176.9958333333333,450.6666666666667,91.96905500000001,6.5325,21.000000000000004,9.505,32.505833333333335,21.870833333333337,5.449166666666666,24.5407175
2026-08-16T01:30:00.000Z,MCT2408023,15.499722,74.020833,31.266666666666666,202.00599999999994,451.73333333333335,91.91513999999998,7.398666666666666,20.227333333333334,7.348666666666665,26.849333333333337,18.366666666666667,5.429999999999999,24.663521999999997
2026-08-16T01:40:00.000Z,MCT2408023,15.499722,74.020833,33.25,170.95125000000007,452.4375,91.937584375,7.183124999999999,20.319375000000004,9.186875,31.425625,20.843750000000004,5.245,24.790971875000004
2026-08-16T01:50:00.000Z,MCT2408023,15.499722,74.020833,32.9375,183.01624999999996,449.8125,91.32389437500002,7.9075,20.536875,9.1875,31.11,20.481249999999996,5.496250000000001,25.213943124999997
2026-08-16T02:00:00.000Z,MCT2408023,15.499722,74.020833,33.9375,183.106875,452.125,90.99869124999996,8.3375,20.039375000000003,9.426250000000001,32.293749999999996,21.659374999999997,5.593125000000001,25.359401249999994
2026-08-16T02:10:00.000Z,MCT2408023,15.499722,74.020833,34.125,173.82812499999997,452.5,91.17083125,8.35125,19.70375,9.346250000000001,32.29437500000001,21.93125,5.4399999999999995,25.369456250000006
2026-08-16T02:12:43.877Z,MCT2408023,15.499722,74.020833,34,184.82750000000001,453.75,91.4140175,8.45,18.987499999999997,10.14,33.245000000000005,21.75,5.7025,25.386215
2026-08-16T01:20:00.000Z,MCT2408027,15.275556,74.1075,28.916666666666668,1150.6666666666665,642,91.34725833333334,6.579999999999999,12.872500000000004,10.846666666666664,33.02166666666667,17.705000000000002,2.9499999999999997,25.51312499999999
2026-08-16T01:30:00.000Z,MCT2408027,15.275556,74.1075,27,1156.973125,613.8125,91.46456249999999,6.579999999999999,12.749375000000004,9.554374999999999,28.708750000000006,15.191875,2.9500000000000006,25.587306249999997
2026-08-16T01:40:00.000Z,MCT2408027,15.275556,74.1075,28.8125,1154.929375,624.5,91.455024375,6.579999999999999,12.783750000000003,10.41625,31.789375,16.98375,2.9500000000000006,25.703946874999993
2026-08-16T01:50:00.000Z,MCT2408027,15.275556,74.1075,33.25,1143.2106250000002,628.3125,91.47171375000002,6.579999999999999,12.700625,13.436874999999999,40.536875,21.428124999999998,2.9500000000000006,25.811195625
2026-08-16T02:00:00.000Z,MCT2408027,15.275556,74.1075,29.5,1150.760625,611.625,91.56088187499999,6.579999999999999,12.52,10.724999999999998,32.95875,17.539375000000003,2.9500000000000006,26.19662875
2026-08-16T02:10:00.000Z,MCT2408027,15.275556,74.1075,28.875,1147.00125,636.1875,92.56605499999998,6.579999999999999,11.578124999999996,10.540624999999997,31.728125,16.736250000000002,2.9500000000000006,26.520393750000004
2026-08-16T02:12:44.042Z,MCT2408027,15.275556,74.1075,24.5,1154.7375,614,93.401475,6.58,10.940000000000001,7.395,23.165,12.8475,2.95,26.994979999999998
2026-08-16T01:20:00.000Z,MCT2408040,15.528056,74.020833,18.833333333333332,100,451.3333333333333,89.12138250000002,7.842500000000001,4.850833333333334,3.07,8.42,3.729999999999999,3.5,25.66507
2026-08-16T01:30:00.000Z,MCT2408040,15.528056,74.020833,18.9375,100,446.375,89.14570250000001,7.981250000000001,4.821250000000001,3.07,8.42,3.7299999999999986,3.5,25.682496874999995
2026-08-16T01:40:00.000Z,MCT2408040,15.528056,74.020833,18.8125,100,450,89.14379562500001,7.975625,4.799375,3.07,8.42,3.7299999999999986,3.5,25.799131875
2026-08-16T01:50:00.000Z,MCT2408040,15.528056,74.020833,18.875,100,452.75,89.1185225,7.971250000000001,4.820625,3.07,8.42,3.7299999999999986,3.5,25.973411875000004
2026-08-16T02:00:00.000Z,MCT2408040,15.528056,74.020833,18.875,100,451.4375,89.06321249999999,7.932500000000001,4.79125,3.07,8.42,3.7299999999999986,3.5,26.118201250000002
2026-08-16T02:10:00.000Z,MCT2408040,15.528056,74.020833,18.75,100,449.25,89.090386875,7.901875000000001,4.748125000000001,3.07,8.485625,3.8062499999999995,3.5,26.24288375
2026-08-16T02:12:44.042Z,MCT2408040,15.528056,74.020833,19,100,447.75,89.1442725,7.99,4.79,3.07,8.42,3.73,3.5,26.397054999999998
2026-08-16T01:20:00.000Z,MCT2408049,15.475278,74.055833,56.27272727272727,150,518.7272727272727,87.86860272727273,23.962727272727275,12.224545454545456,8.640909090909092,25.55727272727273,13.183636363636365,2.61,26.164518181818185
2026-08-16T01:30:00.000Z,MCT2408049,15.475278,74.055833,56.625,150.26151875,515.9375,87.96171312500002,24.089999999999993,11.892499999999998,10.253125,30.643125,15.77625,2.61,26.220762500000006
2026-08-16T01:40:00.000Z,MCT2408049,15.475278,74.055833,56.8125,150,513.125,87.87254812500002,24.26625,11.932500000000003,10.876249999999997,32.173125000000006,16.54375,2.61,26.332704374999995
2026-08-16T01:50:00.000Z,MCT2408049,15.475278,74.055833,56.6875,150,515.1875,87.86491687499999,24.158124999999995,12.898750000000001,10.92375,32.653125,17.07125,2.61,26.475481874999996
2026-08-16T02:00:00.000Z,MCT2408049,15.475278,74.055833,56.6875,150.26898749999998,511.6875,87.67132187500003,24.114375,13.029374999999996,9.681249999999997,28.871874999999996,14.960625000000002,2.61,26.716126875
2026-08-16T02:10:00.000Z,MCT2408049,15.475278,74.055833,56.875,150.44215624999998,511.0625,87.23930625000003,24.42625,13.334375,9.29625,27.721249999999998,14.339375000000002,2.61,26.94537625
2026-08-16T02:12:44.074Z,MCT2408049,15.475278,74.055833,57,151.4768,515,87.2483675,24.1725,13.025,11.885,35.8125,18.605,2.61,27.094185
2026-08-16T01:20:00.000Z,MCT2408044,15.313669,74.140042,25.818181818181817,214.29,461.8181818181818,95.02081272727273,10.850909090909092,3.3499999999999996,3.3427272727272723,10.227272727272727,6.49,4.452913818181818,24.413397272727277
2026-08-16T01:30:00.000Z,MCT2408044,15.313669,74.140042,25.666666666666668,214.29,455.8666666666667,94.98673733333334,10.766,3.32,3.4086666666666665,10,6.165333333333334,4.261367333333333,24.388958000000002
2026-08-16T01:40:00.000Z,MCT2408044,15.313669,74.140042,25.8125,214.29,455.125,95.02367124999999,10.870000000000001,3.32,2.8699999999999997,7.875,4.726875,4.1778043125,24.435029999999998
2026-08-16T01:50:00.000Z,MCT2408044,15.313669,74.140042,25.8125,214.29,465.625,95.01413687499999,10.81875,3.32,2.8699999999999997,7.5625,4.387499999999999,4.18461525,24.5556875
2026-08-16T02:00:00.000Z,MCT2408044,15.313669,74.140042,25.666666666666668,214.29,469.1333333333333,94.59611066666666,10.827333333333334,3.32,2.8699999999999997,7.533333333333333,4.356,3.8896579999999994,25.180472
2026-08-16T02:10:00.000Z,MCT2408044,15.313669,74.140042,25.1875,214.29,463.75,91.85509125000003,10.624374999999999,3.334375,2.8699999999999997,7.5,4.32,4.0499196875,26.081335000000006
2026-08-16T02:12:44.074Z,MCT2408044,15.313669,74.140042,25,214.29,455.25,91.09549,10.517500000000002,3.32,2.87,7.5,4.32,4.43012825,26.043124999999996
2026-08-16T01:20:00.000Z,MCT2408046,15.529167,74.07,30.555555555555557,95.52,885.1666666666666,89.46618999999998,12.974999999999998,1.448888888888889,5.0600000000000005,14.440000000000001,6.85388888888889,4.217777777777777,26.205788333333338
2026-08-16T01:30:00.000Z,MCT2408046,15.529167,74.07,30.84,95.52,886.8,90.15600600000002,13.1872,1.4843999999999997,6.3976,19.8656,10.1368,4.226400000000001,26.1441568
2026-08-16T01:40:00.000Z,MCT2408046,15.529167,74.07,30.6,95.52,886.28,89.43518080000001,13.034399999999998,1.4891999999999999,5.967199999999998,18.4884,9.630000000000003,4.202000000000001,26.356085599999997
2026-08-16T01:50:00.000Z,MCT2408046,15.529167,74.07,30.88,95.52,882.4,88.681702,13.169199999999998,1.4264000000000001,7.130799999999998,21.7756,11.033199999999997,4.211600000000001,26.616917200000007
2026-08-16T02:00:00.000Z,MCT2408046,15.529167,74.07,30.52,95.52,881.24,88.18884200000004,12.981999999999998,1.4387999999999999,7.7383999999999995,23.5528,11.6852,4.034000000000001,26.75162839999999
2026-08-16T02:10:00.000Z,MCT2408046,15.529167,74.07,30.96,95.52,894.44,90.18774439999999,13.300800000000006,1.4115999999999997,6.171600000000001,18.8408,9.533199999999999,4.2724,26.175902799999996
2026-08-16T02:12:44.103Z,MCT2408046,15.529167,74.07,31,95.52,893.5714285714286,91.62028285714284,13.138571428571428,1.4014285714285717,8.040000000000001,25.551428571428573,13.394285714285715,4.207142857142856,25.907531428571428
2026-08-16T01:20:00.000Z,MCT2408042,15.213889,74.071667,61.27272727272727,178.64181818181817,464.45454545454544,90.35647545454545,26.19454545454546,13.28,6.783636363636362,20.394545454545455,10.764545454545454,3.6772727272727277,26.225942727272727
2026-08-16T01:30:00.000Z,MCT2408042,15.213889,74.071667,60.6875,133.78875000000002,467.3125,90.36402125000002,25.819999999999997,14.155624999999999,11.773124999999997,33.91375000000001,16.856875,3.7931249999999994,26.333375625
2026-08-16T01:40:00.000Z,MCT2408042,15.213889,74.071667,60.57142857142857,195.44428571428574,461,90.18704642857142,25.745714285714286,14.061428571428573,9.620000000000001,28.272142857142853,14.512857142857143,3.721428571428571,26.55869714285714
2026-08-16T01:50:00.000Z,MCT2408042,15.213889,74.071667,60.9375,130.790625,458.375,89.28923125,25.899375,13.716250000000002,10.521875,30.606875000000002,15.430625,3.2575,27.231602499999997
2026-08-16T02:00:00.000Z,MCT2408042,15.213889,74.071667,60.9375,111.01687500000001,463.5625,88.157695625,25.920625000000005,13.829375,9.100000000000003,26.674999999999997,13.495000000000001,2.7724999999999995,28.109719374999997
2026-08-16T02:10:00.000Z,MCT2408042,15.213889,74.071667,61.5625,125.74062500000001,465.0625,86.69380812499999,26.2925,13.866249999999999,9.725625,28.386874999999996,14.463750000000001,2.6712499999999997,28.983814374999998
2026-08-16T02:12:44.272Z,MCT2408042,15.213889,74.071667,61,180.4175,461.25,86.2775275,25.92,13.5575,8.417499999999999,24.165,12.072499999999998,2.6725,29.290150000000004
2026-08-16T01:20:00.000Z,MCT2408037,15.394444,74.118333,25.75,160,451.5,86.18406833333331,10.538333333333334,14.11,7.619166666666666,26.713333333333328,13.5525,3.6491666666666664,26.18880916666667
2026-08-16T01:30:00.000Z,MCT2408037,15.394444,74.118333,25.875,160,446,85.977595625,10.850000000000001,12.77875,7.201250000000001,26.371875,13.865000000000002,3.59625,26.298519999999996
2026-08-16T01:40:00.000Z,MCT2408037,15.394444,74.118333,27.8125,160,448.8125,86.0209875,10.768125000000003,14.106875,9.291875,33.3225,17.052500000000002,3.4812499999999993,26.331363750000005
2026-08-16T01:50:00.000Z,MCT2408037,15.394444,74.118333,27.375,160,461.25,86.06533375000001,10.868125000000001,14.414374999999998,8.31625,28.97875,14.615000000000004,3.5968749999999994,26.3870025
2026-08-16T02:00:00.000Z,MCT2408037,15.394444,74.118333,28.3125,160,449.75,85.96329125000001,10.390625,14.534375,8.688749999999999,29.693750000000005,14.613125,3.8237499999999995,26.409121250000002
2026-08-16T02:10:00.000Z,MCT2408037,15.394444,74.118333,25.8125,160,446.3125,85.930390625,10.81,14.063124999999998,7.201875000000001,25.401249999999997,13.021250000000002,3.5299999999999994,26.4728
2026-08-16T02:12:44.271Z,MCT2408037,15.394444,74.118333,29.25,160,439.5,85.87316999999999,10.79,14.3225,11.15,37.614999999999995,18.365,3.5475,26.622282499999997
2026-08-16T01:20:00.000Z,MCT2408033,15.346944,74.007778,20.09090909090909,110,508.72727272727275,90.74141545454546,8.201818181818181,4.907272727272727,8.980000000000002,22.75090909090909,13.36909090909091,4.39,26.32636818181818
2026-08-16T01:30:00.000Z,MCT2408033,15.346944,74.007778,20.3125,110,486.125,90.682548125,8.451875,4.751874999999999,7.72625,19.679375,11.764375000000001,4.39,26.419845625
2026-08-16T01:40:00.000Z,MCT2408033,15.346944,74.007778,20.4375,110.21640625,492.0625,90.70972937500004,8.563125,4.6025,6.743125000000001,17.051250000000003,10.14625,4.39,26.469448125
2026-08-16T01:50:00.000Z,MCT2408033,15.346944,74.007778,20.3125,110.1505,459.5,90.7950825,8.42125,4.661874999999998,5.453125,13.781250000000002,8.31,4.39,26.570666250000002
2026-08-16T02:00:00.000Z,MCT2408033,15.346944,74.007778,20.5,110,479.0625,90.813201875,8.560625000000002,4.44375,5.6800000000000015,14.614374999999999,8.93375,4.39,26.794555
2026-08-16T02:10:00.000Z,MCT2408033,15.346944,74.007778,20.5625,110.11989375,477,90.51041062499998,8.629375000000001,4.333125000000001,4.355625,11.698125000000001,7.390625,4.39,27.125690625
2026-08-16T02:12:44.303Z,MCT2408033,15.346944,74.007778,19.5,110,491,90.229555,7.647500000000001,4.26,4.09,11.537500000000001,7.5024999999999995,4.39,27.3810825
2026-08-16T01:20:00.000Z,MCT2408041,15.224628,74.171389,32.75,446.91606666666667,451.75,91.73,13.806666666666667,9.700000000000001,8.090000000000002,20.25,8.900000000000002,8.026666666666667,25.71601
2026-08-16T01:30:00.000Z,MCT2408041,15.224628,74.171389,32.6875,448.404175,456.8125,91.768305625,13.708124999999997,9.7,8.090000000000002,20.25,8.900000000000002,8.068750000000001,25.750196874999997
2026-08-16T01:40:00.000Z,MCT2408041,15.224628,74.171389,32.875,439.53513749999996,452.3125,91.79024062499998,13.791249999999998,9.7,8.090000000000002,20.75625,9.405000000000003,7.932500000000001,25.895655625
2026-08-16T01:50:00.000Z,MCT2408041,15.224628,74.171389,32.6875,432.22598125,447.125,91.850323125,13.789375,9.7,8.090000000000002,21.06,9.708125000000004,8.016875,26.145684999999997
2026-08-16T02:00:00.000Z,MCT2408041,15.224628,74.171389,32.8125,436.77719999999994,447.9375,91.314833125,13.896875,9.7,8.090000000000002,21.110625,9.756875000000003,8.074375,26.66786375
2026-08-16T02:10:00.000Z,MCT2408041,15.224628,74.171389,32.9375,383.09873124999996,451.6875,90.49229062499998,13.963750000000001,9.7,8.090000000000002,20.300625,8.950625000000002,7.995,27.25640375
2026-08-16T02:12:44.303Z,MCT2408041,15.224628,74.171389,33,438.41267500000004,450.25,89.05081249999999,14.065000000000001,9.7,8.09,20.25,8.9,8.105,27.6277575
2026-08-16T01:20:00.000Z,MCT2408024,15.148056,74.131667,40.94444444444444,219.08464444444448,605,81.38539000000003,17.763951666666667,5.234087111111112,5.055555555555555,15.823333333333336,8.712222222222222,2.551666666666667,26.927353333333336
2026-08-16T01:30:00.000Z,MCT2408024,15.148056,74.131667,40.84,217.15068,552.08,81.48046960000002,17.791716800000003,5.40028896,5.12,16.230000000000004,8.990000000000002,2.5468,26.972563199999996
2026-08-16T01:40:00.000Z,MCT2408024,15.148056,74.131667,40.92,218.73240399999995,557.16,81.43102879999999,17.8120812,5.35815328,5,15.190000000000005,8.190000000000003,2.532,27.065227200000002
2026-08-16T01:50:00.000Z,MCT2408024,15.148056,74.131667,40.916666666666664,217.35537083333338,565.1666666666666,81.37913625000002,17.860704166666668,5.6030547916666675,5.166666666666667,16.323333333333338,8.990000000000002,2.5345833333333334,27.308688333333333
2026-08-16T02:00:00.000Z,MCT2408024,15.148056,74.131667,40.88,213.42164000000005,574.76,80.60034120000002,17.862766000000004,6.948918040000001,6.835200000000001,22.708400000000005,12.749600000000003,2.5067999999999997,27.9472608
2026-08-16T02:10:00.000Z,MCT2408024,15.148056,74.131667,40.666666666666664,215.51375833333336,578.25,79.64249666666667,17.671683333333327,5.401635125000001,6.330000000000001,19.655000000000005,10.739583333333337,2.5199999999999996,28.277520416666665
2026-08-16T02:12:44.323Z,MCT2408024,15.148056,74.131667,40.57142857142857,212.8198285714286,501.57142857142856,79.08082857142858,17.456578571428572,5.281385,5,15.275714285714285,8.275714285714287,2.5242857142857145,28.37430571428572
2026-08-16T01:20:00.000Z,MCT2408045,15.619444,73.878889,28,178.83454545454543,569.1818181818181,87.79439,11.69090909090909,16.922727272727272,3.02,9.751818181818182,4.571818181818181,2.5300000000000002,25.90906272727273
2026-08-16T01:30:00.000Z,MCT2408045,15.619444,73.878889,27.5625,178.43562499999996,560.4375,87.69373375,11.40125,16.91,3.020000000000001,10.19875,5.016875000000001,2.5300000000000002,26.021674375
2026-08-16T01:40:00.000Z,MCT2408045,15.619444,73.878889,27.6875,178.11999999999995,559.3125,87.67561687500002,11.390625,17.0175,3.082500000000001,10.626250000000002,5.370000000000001,2.5300000000000002,26.079991875
2026-08-16T01:50:00.000Z,MCT2408045,15.619444,73.878889,27.6875,178.11999999999995,561.5625,87.70898999999999,11.428125,16.804375,3.176250000000001,11.018125,5.6537500000000005,2.5300000000000002,26.175850625000002
2026-08-16T02:00:00.000Z,MCT2408045,15.619444,73.878889,27.625,178.11999999999995,560.0625,87.75762999999999,11.385625,16.825,3.365000000000001,11.801875,6.220625,2.5300000000000002,26.346111875
2026-08-16T02:10:00.000Z,MCT2408045,15.619444,73.878889,27.6875,178.11999999999995,557.625,87.62888250000002,11.4825,16.64125,3.427500000000001,11.766250000000001,6.1137500000000005,2.5300000000000002,26.59345625
2026-08-16T02:12:44.498Z,MCT2408045,15.619444,73.878889,27.6,178.12,555.2,87.56841999999999,11.202000000000002,17.084,3.8259999999999996,12.892000000000001,6.787999999999999,2.53,26.728462
2026-08-16T01:20:00.000Z,MCT2408032,15.525556,73.828611,34.77777777777778,178.92999999999995,712.7222222222222,87.31681944444443,14.564444444444446,45.08222222222222,7.198888888888892,18.965555555555554,8.808888888888891,2.3633333333333337,26.682461111111117
2026-08-16T01:30:00.000Z,MCT2408032,15.525556,73.828611,34.72,178.92999999999995,734.56,87.68987959999997,14.497600000000004,45.2096,7.120000000000002,17.8652,7.870800000000003,2.4248000000000003,26.64909
2026-08-16T01:40:00.000Z,MCT2408032,15.525556,73.828611,34.72,178.92999999999995,740.28,88.08111599999995,14.586400000000003,44.92880000000001,7.176800000000002,19.002399999999998,8.890800000000002,2.2388,26.665822399999996
2026-08-16T01:50:00.000Z,MCT2408032,15.525556,73.828611,34.6,178.92999999999995,732.48,87.73413000000002,14.445600000000004,45.273199999999996,7.120000000000002,21.105999999999998,11.100000000000001,2.3864000000000005,26.836999200000008
2026-08-16T02:00:00.000Z,MCT2408032,15.525556,73.828611,34,178.92999999999995,731.56,87.33007720000002,13.9564,46.013200000000005,7.120000000000002,18.546800000000005,8.549600000000002,2.306,26.934382
2026-08-16T02:10:00.000Z,MCT2408032,15.525556,73.828611,35.24,178.92999999999995,720.48,87.14117479999999,15.063200000000002,45.96040000000002,7.233600000000003,20.48080000000001,10.2488,2.2868,27.145880000000002
2026-08-16T02:12:44.531Z,MCT2408032,15.525556,73.828611,35.857142857142854,178.93000000000004,725.7142857142857,86.83229000000001,15.39,45.377142857142864,7.322857142857141,22.757142857142856,12.337142857142856,2.361428571428571,27.372272857142857
2026-08-16T01:20:00.000Z,MCT2408036,15.171567,74.067106,36.54545454545455,120,515.5454545454545,91.42459272727272,10.575454545454546,8.07181818181818,3.921818181818182,11.652727272727274,6.263636363636365,11.26090909090909,25.251907272727273
2026-08-16T01:30:00.000Z,MCT2408036,15.171567,74.067106,36.25,120,523.0625,91.557544375,10.535625,7.988749999999999,4.242500000000001,12.159374999999999,6.364375000000001,11.068125,25.256173124999993
2026-08-16T01:40:00.000Z,MCT2408036,15.171567,74.067106,36.30769230769231,120,517.3846153846154,91.7571946153846,10.363076923076923,7.8284615384615375,3.805384615384616,11.690769230769233,6.43076923076923,11.147692307692308,25.28123230769231
2026-08-16T01:50:00.000Z,MCT2408036,15.171567,74.067106,37.0625,120,516.5625,92.00577062500001,10.144374999999998,7.390625,3.9143750000000006,11.619374999999998,6.205624999999999,11.645625000000003,25.409005625000002
2026-08-16T02:00:00.000Z,MCT2408036,15.171567,74.067106,36.8,120,522.4666666666667,91.50010133333332,10.188666666666666,7.544666666666667,3.508,10.200666666666665,5.402666666666666,11.542,25.65952666666666
2026-08-16T02:10:00.000Z,MCT2408036,15.171567,74.067106,37.13333333333333,120,528.1333333333333,91.03419933333332,10.300000000000002,7.544,3.2626666666666675,9.557999999999998,5.098,11.659333333333333,25.92550666666666
2026-08-16T02:12:44.531Z,MCT2408036,15.171567,74.067106,36.8,120,533,90.150206,10.34,7.422,3.6819999999999995,10.74,5.674,11.458000000000002,26.046342
2026-08-16T01:20:00.000Z,MCT2408031,15.290833,74.149167,18.083333333333332,170.84154166666667,463.8333333333333,87.78306250000001,7.309614166666666,6.792432083333334,5.396666666666667,14.239166666666664,7.8183333333333325,5.2175,25.232488333333336
2026-08-16T01:30:00.000Z,MCT2408031,15.290833,74.149167,18.0625,172.49941875000002,461.125,87.76764375,7.329629375,6.788963750000001,5.237499999999999,13.774999999999997,7.5912500000000005,4.921875,25.284327500000007
2026-08-16T01:40:00.000Z,MCT2408031,15.290833,74.149167,17.9375,172.59186875000003,463.125,87.85442562499998,7.2083509375000006,7.399504812499999,4.405625,11.519374999999998,6.369999999999999,5.04375,25.368115
2026-08-16T01:50:00.000Z,MCT2408031,15.290833,74.149167,27.75,238.05104375,459.25,87.863963125,7.2083509375000006,7.0274110625,13.036875,33.205,17.7375,4.886875000000001,25.48944125
2026-08-16T02:00:00.000Z,MCT2408031,15.290833,74.149167,18.9375,156.012925,453.875,87.85728750000001,7.435203750000002,7.057907624999999,6.131250000000002,15.813749999999999,8.601875,4.92375,25.68986875
2026-08-16T02:10:00.000Z,MCT2408031,15.290833,74.149167,17.625,174.95256874999998,458.1875,87.568325,7.001161187499999,7.114057124999999,4.465,11.765625,6.548125000000001,4.5874999999999995,26.135630625
2026-08-16T02:12:44.545Z,MCT2408031,15.290833,74.149167,17.25,168.126975,456,87.22166250000001,6.8776395,6.95378875,4.6425,12.0625,6.67,4.9025,26.4587225
2026-08-16T01:20:00.000Z,MCT2408035,15.236111,74.125,46.583333333333336,190,685.1666666666666,91.24299083333334,18.682569166666664,9.245,3.7999999999999994,10.19,4.909999999999999,3.8299999999999987,25.82236833333333
2026-08-16T01:30:00.000Z,MCT2408035,15.236111,74.125,47.5,190,681.375,91.07736999999999,19.277807499999998,9.6425,3.799999999999999,10.21375,4.933124999999999,3.8299999999999987,26.049829374999998
2026-08-16T01:40:00.000Z,MCT2408035,15.236111,74.125,46.625,190,675.4375,90.68445562500003,18.753486249999995,9.265,3.799999999999999,10.378124999999999,5.097499999999998,3.8299999999999987,26.307231875
2026-08-16T01:50:00.000Z,MCT2408035,15.236111,74.125,47.13333333333333,190,672.2,90.27278666666666,19.185886666666665,8.996,3.799999999999999,10.19,4.909999999999998,3.8299999999999987,26.641944000000006
2026-08-16T02:00:00.000Z,MCT2408035,15.236111,74.125,46.4375,190,675.625,89.75748562500002,18.654667500000002,8.593124999999999,3.799999999999999,10.19,4.909999999999998,3.8299999999999987,27.306006874999998
2026-08-16T02:10:00.000Z,MCT2408035,15.236111,74.125,46.4375,190,673.5625,88.817638125,18.4965575,7.74375,3.799999999999999,10.19,4.909999999999998,3.833124999999999,28.45024125
2026-08-16T02:12:44.721Z,MCT2408035,15.236111,74.125,46,190,671.6,87.16559,18.268228,7.56,3.8,10.19,4.91,3.846,29.510552
2026-08-16T01:20:00.000Z,MCT2408039,15.163611,74.110833,29,325.4275,460.25,86.90758666666666,9.191666666666668,10.299999999999999,9.019999999999998,28.94,11.76,2.3000000000000003,25.89833666666667
2026-08-16T01:30:00.000Z,MCT2408039,15.163611,74.110833,29,354.07874999999996,452.625,86.75722624999997,9.094374999999998,10.3,9.019999999999998,28.94,11.759999999999998,2.3,25.9633575
2026-08-16T01:40:00.000Z,MCT2408039,15.163611,74.110833,29,363.6856250000001,457.125,86.73386124999999,9.0625,10.3,9.019999999999998,28.94,11.759999999999998,2.3,26.028378749999998
2026-08-16T01:50:00.000Z,MCT2408039,15.163611,74.110833,29,344.900625,457.5625,86.84973,9.638749999999998,10.3,9.019999999999998,28.94,11.759999999999998,2.3,26.149036250000005
2026-08-16T02:00:00.000Z,MCT2408039,15.163611,74.110833,29,349.13374999999996,457,86.71717062499998,10.113125,10.3,9.019999999999998,28.94,11.759999999999998,2.3,26.428560000000004
2026-08-16T02:10:00.000Z,MCT2408039,15.163611,74.110833,29,352.18687500000004,452.5625,86.454910625,9.79125,10.3,9.019999999999998,28.94,11.759999999999998,2.3,26.649763749999998
2026-08-16T02:12:44.760Z,MCT2408039,15.163611,74.110833,29,317.97749999999996,450.5,86.449185,10.149999999999999,10.3,9.02,28.94,11.76,2.3,26.836785
2026-08-16T01:20:00.000Z,MCT2408038,15.188889,74.055556,23.166666666666668,367.79833333333335,617.25,90.844355,9.820833333333335,13.330000000000004,5.950000000000002,16.900000000000002,7.939999999999999,4.774166666666667,25.972516666666667
2026-08-16T01:30:00.000Z,MCT2408038,15.188889,74.055556,23.5,331.974375,611.9375,90.83799624999999,9.7225,13.330000000000005,6.737500000000001,19.136249999999997,9.185625,4.775625000000001,26.000894999999993
2026-08-16T01:40:00.000Z,MCT2408038,15.188889,74.055556,23.625,352.4625,597.9375,90.79222000000001,9.739375000000003,13.330000000000005,6.567500000000001,19.011875,9.412499999999998,4.793125000000002,26.147695000000002
2026-08-16T01:50:00.000Z,MCT2408038,15.188889,74.055556,26.25,311.62812499999995,601.25,90.12989374999998,9.701250000000002,13.330000000000005,9.353750000000002,26.218125,12.656874999999998,4.722499999999999,26.777796249999998
2026-08-16T02:00:00.000Z,MCT2408038,15.188889,74.055556,25.6875,240.91312499999995,594.4375,86.951298125,9.406875000000001,13.330000000000005,9.08375,25.65937499999999,12.519375000000002,4.696875,28.260541250000003
2026-08-16T02:10:00.000Z,MCT2408038,15.188889,74.055556,22.6875,242.08624999999995,596.625,82.81521375000001,8.758750000000001,13.330000000000005,6.683750000000001,19.073125000000005,9.206249999999999,4.620625,29.759374374999997
2026-08-16T02:12:44.761Z,MCT2408038,15.188889,74.055556,30.75,233.33,593,80.31325000000001,9.637500000000001,13.33,13.6275,37.5275,18.19,4.557499999999999,30.502084999999997
2026-08-16T01:20:00.000Z,MCT2408026,15.2467,74.198281,32.411764705882355,125,488.52941176470586,86.40812470588233,13.48409705882353,12.5,4.730000000000002,14.848823529411764,8.052352941176471,2.119411764705882,27.12856882352941
2026-08-16T01:30:00.000Z,MCT2408026,15.2467,74.198281,32.291666666666664,125,478.25,86.4380620833333,13.39685541666667,12.5,4.730000000000003,14.95125,8.15375,2.16,27.155854583333333
2026-08-16T01:40:00.000Z,MCT2408026,15.2467,74.198281,32.333333333333336,125,479.0833333333333,86.09124208333334,13.410044166666667,12.5,5.043750000000002,16.440416666666664,9.039583333333335,1.9900000000000002,27.385552500000006
2026-08-16T01:50:00.000Z,MCT2408026,15.2467,74.198281,32.2,125,477.16,86.02484199999999,13.389598399999997,12.5,5.332800000000002,17.4092,9.487200000000003,1.8907999999999998,27.565018
2026-08-16T02:00:00.000Z,MCT2408026,15.2467,74.198281,32.25,125,475.2916666666667,86.7168529166667,13.460444583333334,12.5,5.122083333333336,17.00375,9.442083333333336,1.4662500000000003,27.569664583333324
2026-08-16T02:10:00.000Z,MCT2408026,15.2467,74.198281,31.958333333333332,125,468.4166666666667,87.28460833333337,13.15554958333333,12.5,5.241250000000003,17.126250000000002,9.522083333333335,1.2416666666666665,27.886055416666665
2026-08-16T02:12:44.780Z,MCT2408026,15.2467,74.198281,32,125,472,87.22357333333333,13.215708333333334,12.5,4.73,15.151666666666669,8.355,1.3066666666666666,28.029056666666666
2026-08-16T01:20:00.000Z,MCT2408022,15.475833,74.038889,55.54545454545455,150,428,90.6873190909091,3.689090909090909,11.324662727272726,24.636363636363637,72,36.63636363636363,4.246232363636364,25.388408181818182
2026-08-16T01:30:00.000Z,MCT2408022,15.475833,74.038889,51.5625,150,425.375,90.447944375,3.661875,11.517946875,21.625,63.5625,32.5,4.2121682499999995,25.5953525
2026-08-16T01:40:00.000Z,MCT2408022,15.475833,74.038889,45.6875,150,432.0625,90.17423937499997,3.7268749999999997,11.3913775,17.125,51.5,26.875,4.2564160625,25.803823750000003
2026-08-16T01:50:00.000Z,MCT2408022,15.475833,74.038889,48.9375,150,435.3125,89.98159874999999,3.9762500000000003,11.134789999999999,19.5625,58.375,30.375,4.231158124999999,26.2442225
2026-08-16T02:00:00.000Z,MCT2408022,15.475833,74.038889,47.75,150,439.3125,88.82908312500001,4.000624999999999,11.320344375,18.75,55.875,28.8125,4.2427638750000005,26.858235
2026-08-16T02:10:00.000Z,MCT2408022,15.475833,74.038889,58.25,150,431.9375,88.39277687499998,3.9887500000000005,11.256275625,26,77,39.6875,4.2826145625,26.772433125
2026-08-16T02:12:44.892Z,MCT2408022,15.475833,74.038889,67,150,434.5,88.38896249999999,4.010000000000001,10.908635,32.25,94.5,48.25,4.248304,26.71881
