time,device_id,latitude,longitude,aqi,co,co2,hum,no2,o3,pm1,pm10,pm25,so2,temp
2026-10-07T21:20:00.000Z,MCT2408020,15.543475,74.039433,86.33333333333333,180,626.6666666666666,86.29279000000001,8.750173333333334,17.982413333333337,28.76,86.98,45.849999999999994,3.66,26.56329
2026-10-07T21:30:00.000Z,MCT2408020,15.543475,74.039433,87.0625,180,626.9375,86.12398687499999,8.8324491875,18.121880625,28.93125,88.18499999999999,46.58625000000001,3.6599999999999984,26.574018125
2026-10-07T21:40:00.000Z,MCT2408020,15.543475,74.039433,87.125,180,632.8125,86.0691475,8.91489825,18.414478749999997,29.046874999999996,88.069375,46.295624999999994,3.6599999999999984,26.518381249999997
2026-10-07T21:50:00.000Z,MCT2408020,15.543475,74.039433,87.3125,180,625.875,86.22602875000001,8.747789500000001,18.082075000000003,29.045625,88.36187499999998,46.47,3.6599999999999984,26.381637500000004
2026-10-07T22:00:00.000Z,MCT2408020,15.543475,74.039433,86.5625,180,625.625,86.07344187500001,8.945328937500001,18.216046875,28.352499999999992,86.438125,45.65625,3.6599999999999984,26.26567375
2026-10-07T22:10:00.000Z,MCT2408020,15.543475,74.039433,86.3125,180,627.25,85.98236374999996,9.088639312500002,18.409428749999996,28.236874999999994,85.85625,45.24937500000001,3.6599999999999984,26.157750625000002
2026-10-07T22:18:23.341Z,MCT2408020,15.543475,74.039433,86.23076923076923,180,633.0769230769231,85.96119846153843,9.067992230769232,18.550745384615386,28.116153846153836,85.74,45.25384615384616,3.659999999999999,26.0682876923077
2026-10-07T21:20:00.000Z,MCT2408028,15.186944,74.096667,111.5,337.0125,588.5,89.52765,18.917499999999997,12.45,43.7,132.99,70.58500000000001,3.0475000000000003,26.040442499999997
2026-10-07T21:30:00.000Z,MCT2408028,15.186944,74.096667,111.56,334.4848,585.76,89.38757360000001,18.819999999999993,12.181999999999999,43.468800000000016,132.4056,70.26559999999998,2.8776000000000006,26.029181599999994
2026-10-07T21:40:00.000Z,MCT2408028,15.186944,74.096667,111.32,332.8632,596.72,89.30639639999998,18.641999999999996,11.956399999999999,43.429200000000016,131.9672,69.90719999999997,2.7892000000000006,25.997435200000005
2026-10-07T21:50:00.000Z,MCT2408028,15.186944,74.096667,110.52,327.51000000000005,603.6,89.24017199999999,18.5352,11.9952,42.47000000000002,129.7804,68.99399999999997,2.97,25.94123640000001
2026-10-07T22:00:00.000Z,MCT2408028,15.186944,74.096667,110.64,323.3816,598.48,89.325624,18.3724,11.986399999999998,42.51000000000002,129.342,68.55639999999998,3.0016000000000003,25.86358879999999
2026-10-07T22:10:00.000Z,MCT2408028,15.186944,74.096667,111.8,321.6288,609.88,89.47882239999997,18.650399999999994,11.986399999999998,43.07000000000002,131.6884,70.10719999999998,2.9832,25.788512799999992
2026-10-07T22:18:23.342Z,MCT2408028,15.186944,74.096667,110.80952380952381,318.15857142857146,606.1428571428571,89.41466142857142,18.38047619047619,11.833333333333334,42.52142857142859,129.78333333333336,68.97523809523807,2.7314285714285713,25.73082380952381
2026-10-07T21:20:00.000Z,MCT2408056,15.579167,73.920833,105.33333333333333,180,543.6666666666666,88.71130333333333,6.706666666666667,9.39593,38.47,115.05333333333333,63.416666666666664,1.5599999999999998,26.434593333333336
2026-10-07T21:30:00.000Z,MCT2408056,15.579167,73.920833,105.0625,180,551.3125,88.58255875000003,6.757499999999999,9.074236875,38.05874999999999,113.84312499999999,62.85187500000001,1.5862499999999997,26.409791249999998
2026-10-07T21:40:00.000Z,MCT2408056,15.579167,73.920833,104.9375,180,540.9375,88.650745,6.619374999999999,9.14847375,37.590624999999996,112.248125,61.856875,1.7112499999999997,26.366220625000004
2026-10-07T21:50:00.000Z,MCT2408056,15.579167,73.920833,105.5625,180,538.4375,88.94209312499999,6.584999999999999,9.14847375,38.352499999999985,115.03812500000001,63.67125000000001,1.5799999999999998,26.317286874999997
2026-10-07T22:00:00.000Z,MCT2408056,15.579167,73.920833,104.375,180,538.375,88.860553125,6.66625,9.074236875,37.416250000000005,111.11062499999997,60.860625,1.5712499999999998,26.273717500000007
2026-10-07T22:10:00.000Z,MCT2408056,15.579167,73.920833,103.6875,180,534.5,88.388485,6.705,9.0617664375,36.36187499999998,108.89187500000001,60.333749999999995,1.6949999999999994,26.271035
2026-10-07T22:18:23.382Z,MCT2408056,15.579167,73.920833,102.84615384615384,180,542.9230769230769,88.41610461538463,6.553846153846155,9.365473846153845,36.091538461538455,106.27923076923078,58.034615384615385,1.6446153846153846,26.170590769230778
2026-10-07T21:20:00.000Z,MCT2408055,15.585833,73.885556,79,45.830000000000005,818,87.97125333333332,9.793333333333333,4.07,31.00333333333333,88.81666666666668,48.39666666666667,23.223333333333333,26.270143333333333
2026-10-07T21:30:00.000Z,MCT2408055,15.585833,73.885556,77.375,45.830000000000005,840.625,88.05898937500001,9.6425,4.255625,29.719999999999995,85.56625000000001,46.991875,23.186875000000004,26.2086975
2026-10-07T21:40:00.000Z,MCT2408055,15.585833,73.885556,77.875,45.95125,855.5,87.87826937500003,9.682500000000001,4.20625,30.244999999999994,86.513125,47.2475,23.260625,26.177863125
2026-10-07T21:50:00.000Z,MCT2408055,15.585833,73.885556,76.875,46.071875000000006,829.375,87.94359562500001,9.653125000000001,4.07625,29.2825,84.12687499999998,46.225,23.324999999999992,26.092058749999993
2026-10-07T22:00:00.000Z,MCT2408055,15.585833,73.885556,76.125,45.975625,830,88.11811750000001,9.5825,4.585,28.495,81.41625,44.563125,23.386250000000004,26.038433124999997
2026-10-07T22:10:00.000Z,MCT2408055,15.585833,73.885556,76.8125,47.360625,841.5625,87.85395,9.508124999999998,4.53,28.9325,82.81250000000003,45.414375,23.428125,26.051838125
2026-10-07T22:18:23.382Z,MCT2408055,15.585833,73.885556,77,48.21076923076923,850.8461538461538,87.77406153846155,9.75769230769231,4.49,29.316153846153846,83.85615384615383,45.77538461538462,23.46076923076923,26.020436923076925
2026-10-07T21:20:00.000Z,MCT2408057,15.272222,74.104722,64,307.61,578.5,85.1903375,11.6525,9.9,23.392500000000002,67.00250000000001,34.59,2.1950000000000003,28.1479275
2026-10-07T21:30:00.000Z,MCT2408057,15.272222,74.104722,65.16,311.6008,548.8,85.27715960000002,11.687600000000002,9.867600000000001,23.789999999999996,68.416,35.356,2.1764000000000006,28.1797792
2026-10-07T21:40:00.000Z,MCT2408057,15.272222,74.104722,64.2,305.1944000000001,559.84,84.90637160000001,11.676400000000001,9.854400000000004,23.241599999999995,66.4928,34.1812,2.2904,28.1711996
2026-10-07T21:50:00.000Z,MCT2408057,15.272222,74.104722,64.44,308.46240000000006,568.88,85.0534656,11.728800000000003,9.915600000000005,23.265999999999995,66.78679999999997,34.4688,2.4560000000000004,28.0317744
2026-10-07T22:00:00.000Z,MCT2408057,15.272222,74.104722,65.76,304.79800000000006,558.72,84.9680176,11.667200000000003,9.875600000000004,24.0524,69.47840000000001,35.9972,2.482,28.013755999999997
2026-10-07T22:10:00.000Z,MCT2408057,15.272222,74.104722,65.48,288.61280000000005,578.2,84.57617119999998,11.779999999999998,9.855600000000003,23.932,68.97999999999998,35.666,2.4427999999999996,27.940825599999993
2026-10-07T22:18:23.381Z,MCT2408057,15.272222,74.104722,66.47619047619048,296.70142857142855,571.8571428571429,84.41014333333331,11.781428571428572,9.78952380952381,24.745714285714286,71.21619047619049,36.79333333333333,2.57047619047619,27.966240476190485
2026-10-07T21:20:00.000Z,MCT2408052,15.444425,74.063856,57,160,628,88.86643333333332,24.504796666666664,8,14.156666666666666,41.49333333333333,20.48333333333333,2,27.199646666666666
2026-10-07T21:30:00.000Z,MCT2408052,15.444425,74.063856,57,160,622.4375,88.89583874999998,24.492104374999997,8,13.880625,40.324375,19.849375,2,27.25104124999999
2026-10-07T21:40:00.000Z,MCT2408052,15.444425,74.063856,57,160,595.625,88.92921812499998,24.482586874999996,8,13.898749999999998,40.36625,19.785,2,27.271153125
2026-10-07T21:50:00.000Z,MCT2408052,15.444425,74.063856,57,160,614.5,89.09944999999998,24.463551249999995,8,13.440625000000002,39.09437500000001,19.266875000000002,2,27.243000625
2026-10-07T22:00:00.000Z,MCT2408052,15.444425,74.063856,57,160,610.375,89.06940812499998,24.502368124999997,8,13.273749999999998,38.470000000000006,18.920625,2,27.286570000000005
2026-10-07T22:10:00.000Z,MCT2408052,15.444425,74.063856,57,160,615.4375,88.99740562499997,24.4452625,8,13.795,39.69875,19.310625,2,27.28858125
2026-10-07T22:18:23.561Z,MCT2408052,15.444425,74.063856,57,160,603.6923076923077,88.99535076923075,24.395461538461536,8,13.301538461538463,38.67538461538462,19.09307692307692,2,27.24722692307692
2026-10-07T21:20:00.000Z,MCT2408053,15.263333,74.110833,106,151.53903333333332,729.3333333333334,91.91819333333335,7.9433333333333325,23.45,27.243333333333336,89.45,55.65,37.78333333333334,26.731323333333336
2026-10-07T21:30:00.000Z,MCT2408053,15.263333,74.110833,105.9375,149.93595,713.625,91.83649500000003,10.822499999999998,22.86875,27.607500000000005,89.93687500000003,55.765624999999986,37.54875,26.710093124999997
2026-10-07T21:40:00.000Z,MCT2408053,15.263333,74.110833,106,155.9639666666667,703.8666666666667,91.87088866666667,11.726,22.00733333333333,27.611333333333338,90.48800000000001,56.399999999999984,37.73866666666666,26.647662
2026-10-07T21:50:00.000Z,MCT2408053,15.263333,74.110833,105.9375,155.4124375,713.5,91.72253125,12.284375,22.679374999999997,28.640000000000004,92.9775,57.67124999999998,37.566874999999996,26.581391875000005
2026-10-07T22:00:00.000Z,MCT2408053,15.263333,74.110833,106.0625,150.20268750000002,708.4375,91.28479500000002,9.863750000000001,20.149375,28.811875000000004,93.401875,57.953749999999985,38.16625,26.517711250000005
2026-10-07T22:10:00.000Z,MCT2408053,15.263333,74.110833,106,158.4389,707.25,90.85659312499999,10.032500000000002,19.454375,28.409375,92.67187500000001,57.60062499999998,38.0225,26.437943750000002
2026-10-07T22:18:23.560Z,MCT2408053,15.263333,74.110833,106.07142857142857,165.82770000000002,708.8571428571429,90.54072214285715,11.895714285714288,20.083571428571425,27.944285714285716,91.46571428571428,57.126428571428555,38.13571428571429,26.348792857142854
2026-10-07T21:20:00.000Z,MCT2408043,15.221111,74.087222,112.33333333333333,168.63,638,87.24646000000001,14.313333333333333,10.16,41.37,122.31,61.916666666666664,5.29,27.003020000000003
2026-10-07T21:30:00.000Z,MCT2408043,15.221111,74.087222,113,163.198,645.6666666666666,87.29681199999999,14.199999999999996,10.113333333333333,41.622,124.20000000000002,63.538,5.290000000000001,27.00087933333333
2026-10-07T21:40:00.000Z,MCT2408043,15.221111,74.087222,112.6,168.658,652.6666666666666,87.16609666666666,14.199999999999998,10.074666666666666,41.284666666666666,122.4833333333333,62.34333333333333,5.290000000000001,26.985147333333327
2026-10-07T21:50:00.000Z,MCT2408043,15.221111,74.087222,112.4,167.74133333333333,648,86.97790533333334,14.239333333333331,10.104000000000001,40.696666666666665,121.53733333333335,62.001999999999995,5.290000000000001,26.98729266666667
2026-10-07T22:00:00.000Z,MCT2408043,15.221111,74.087222,112,170.14687499999997,684.75,87.04666499999999,14.231249999999996,10.178749999999999,40.211249999999986,120.299375,61.56999999999999,5.290000000000001,26.8622575
2026-10-07T22:10:00.000Z,MCT2408043,15.221111,74.087222,112.13333333333334,170.61266666666668,690.8,87.24798600000001,14.187999999999997,10.142,40.27533333333333,120.76399999999998,61.746,5.290000000000001,26.71630466666666
2026-10-07T22:18:23.605Z,MCT2408043,15.221111,74.087222,111.78571428571429,168.81785714285715,681.7142857142857,87.33474357142856,14.219285714285714,10.135000000000002,39.98499999999999,119.18285714285716,60.85000000000001,5.29,26.621513571428572
2026-10-07T21:20:00.000Z,MCT2408051,15.486528,74.033889,56.666666666666664,385.8533333333333,551.6666666666666,91.26969666666668,22.333333333333332,5.19,19.69333333333333,60.906666666666666,32.77333333333333,4.39,26.341643333333334
2026-10-07T21:30:00.000Z,MCT2408051,15.486528,74.033889,56.125,383.75312499999995,542.125,89.891951875,22.39375,5.1899999999999995,19.512500000000003,60.51937499999998,32.74812500000001,4.39,26.474811249999995
2026-10-07T21:40:00.000Z,MCT2408051,15.486528,74.033889,55.8125,382.00749999999994,544.375,89.46804375000002,22.160000000000004,5.1899999999999995,19.124999999999996,59.468749999999986,32.243750000000006,4.39,26.3809675
2026-10-07T21:50:00.000Z,MCT2408051,15.486528,74.033889,56.25,373.36312499999997,551.25,90.208571875,22.200000000000003,5.1899999999999995,19.47375,60.36249999999999,32.59187500000001,4.39,26.148365000000002
2026-10-07T22:00:00.000Z,MCT2408051,15.486528,74.033889,58.0625,361.8756249999999,543.4375,91.36347125000002,21.935625,5.1899999999999995,20.560625,64.2075,34.846875000000004,4.39,26.045806874999997
2026-10-07T22:10:00.000Z,MCT2408051,15.486528,74.033889,59.5625,348.488125,551.5625,92.67334375000003,21.960000000000004,5.1899999999999995,21.574374999999996,66.69375,35.85750000000001,4.39,26.059883750000004
2026-10-07T22:18:23.605Z,MCT2408051,15.486528,74.033889,59.69230769230769,342.6984615384615,556.7692307692307,92.41155923076924,21.771538461538462,5.1899999999999995,21.43153846153846,66.16615384615385,35.47000000000001,4.39,26.082310769230773
2026-10-07T21:20:00.000Z,MCT2408021,15.500556,74.053333,49,375,553.6666666666666,79.46702333333333,20.78333333333333,14.75408,15.393333333333333,44.49333333333334,26.823333333333334,4.553333333333334,26.59189333333333
2026-10-07T21:30:00.000Z,MCT2408021,15.500556,74.053333,48.9375,375,546.5,79.63709125,20.691874999999996,14.60252875,15.20625,44.61875,27.201249999999998,4.574375,26.564632500000002
2026-10-07T21:40:00.000Z,MCT2408021,15.500556,74.053333,49,375,552.4375,80.48395625,20.738125,14.876973124999997,15.710625000000004,45.950624999999995,27.916875000000005,4.52625,26.468109374999997
2026-10-07T21:50:00.000Z,MCT2408021,15.500556,74.053333,49.13333333333333,375,554.5333333333333,80.98425333333334,20.81933333333333,14.8939,15.71066666666667,46.20199999999999,28.19066666666667,4.538666666666667,26.362378
2026-10-07T22:00:00.000Z,MCT2408021,15.500556,74.053333,49.0625,375,550.9375,80.637496875,20.665625,14.615951249999998,15.532500000000002,45.244375,27.410625000000003,4.501875000000001,26.289133749999998
2026-10-07T22:10:00.000Z,MCT2408021,15.500556,74.053333,48.9375,375,544.0625,80.45009875,20.593124999999993,14.354931875,15.325,45.027499999999996,27.468749999999996,4.458124999999999,26.21339
2026-10-07T22:18:23.604Z,MCT2408021,15.500556,74.053333,48.92857142857143,375,542.5714285714286,80.40670785714285,20.639285714285716,14.535622142857141,14.998571428571426,44.751428571428576,27.652142857142856,4.437142857142858,26.108240714285717
2026-10-07T21:20:00.000Z,MCT2408034,15.356389,74.123611,87.25,180,670,73.69855999999999,6.15,4.14,30.307499999999997,93.31,48.76,1.435,30.55303
2026-10-07T21:30:00.000Z,MCT2408034,15.356389,74.123611,86.375,180,667.9166666666666,73.65914499999997,6.150000000000002,4.002916666666667,29.88958333333333,91.71041666666666,47.62375000000001,1.4054166666666665,30.535153750000006
2026-10-07T21:40:00.000Z,MCT2408034,15.356389,74.123611,85.85714285714286,180,683.0952380952381,73.43180619047621,6.150000000000001,4.272380952380952,29.342380952380957,90.1204761904762,46.88000000000001,1.676190476190476,30.48663571428571
2026-10-07T21:50:00.000Z,MCT2408034,15.356389,74.123611,85.12,180,655.76,73.66644320000003,6.150000000000002,3.8247999999999998,28.9468,88.4932,46.01720000000001,1.5552,30.388721199999996
2026-10-07T22:00:00.000Z,MCT2408034,15.356389,74.123611,85.54166666666667,180,626.0416666666666,73.95605458333334,6.150000000000002,3.4945833333333325,28.863333333333333,88.93666666666667,46.41125000000002,1.385833333333333,30.37651249999999
2026-10-07T22:10:00.000Z,MCT2408034,15.356389,74.123611,85.95833333333333,180,630.0416666666666,74.24978500000002,6.150000000000002,3.539583333333333,29.243750000000002,89.875,46.80208333333335,1.419583333333333,30.40734666666668
2026-10-07T22:18:23.772Z,MCT2408034,15.356389,74.123611,85.61904761904762,180,641.8571428571429,74.21545095238096,6.150000000000001,3.447142857142857,29.080000000000002,89.31761904761905,46.56857142857143,1.3709523809523807,30.436585238095248
2026-10-07T21:20:00.000Z,MCT2408050,15.553611,73.958333,90,86.03,680.5,92.43445,10.83,4.535,31.81,98.325,51.879999999999995,2.685,25.42107
2026-10-07T21:30:00.000Z,MCT2408050,15.553611,73.958333,91.5,86.02999999999999,655.3125,92.28662812500001,10.774375000000001,4.556874999999999,32.23437499999999,100.794375,53.526875000000004,2.499375,25.421069375000005
2026-10-07T21:40:00.000Z,MCT2408050,15.553611,73.958333,91.375,86.02999999999999,667.5,92.21891687499999,10.874375000000002,4.618125,32.23374999999999,100.95499999999998,53.739374999999995,2.7018749999999994,25.404310625
2026-10-07T21:50:00.000Z,MCT2408050,15.553611,73.958333,90,86.02999999999999,667.3125,92.15978999999997,10.945,4.5675,31.651250000000005,97.89625,51.56125,2.869375,25.350017499999996
2026-10-07T22:00:00.000Z,MCT2408050,15.553611,73.958333,88.6875,86.02999999999999,671.1875,91.93424624999997,10.937500000000002,4.656875000000001,30.539375000000007,95.26625,50.233124999999994,2.8387499999999997,25.278293749999996
2026-10-07T22:10:00.000Z,MCT2408050,15.553611,73.958333,88.8125,86.02999999999999,671.0625,91.90992624999997,11.113125000000004,4.385625,30.64625,94.83749999999998,49.701875,2.898125,25.159647500000002
2026-10-07T22:18:23.772Z,MCT2408050,15.553611,73.958333,92,86.02999999999999,631.6428571428571,92.33853642857142,10.790000000000001,4.475714285714285,32.23357142857143,101.02285714285713,53.88357142857143,3.0864285714285713,25.131495
2026-10-07T21:20:00.000Z,MCT2408027,15.275556,74.1075,106.33333333333333,670.6933333333333,573.6666666666666,90.30585,6.580000000000001,13.14,38.46,119.59666666666668,64.56,2.9500000000000006,26.93867333333333
2026-10-07T21:30:00.000Z,MCT2408027,15.275556,74.1075,105.8125,666.47125,597.1875,90.30680187500002,6.579999999999999,13.081249999999999,38.401250000000005,117.66812499999999,62.994375,2.9500000000000006,26.927279375000005
2026-10-07T21:40:00.000Z,MCT2408027,15.275556,74.1075,105.0625,670.26,612.6875,90.177578125,6.579999999999999,12.963749999999997,38.03,115.51187499999999,61.20312499999999,2.9500000000000006,26.93063
2026-10-07T21:50:00.000Z,MCT2408027,15.275556,74.1075,104.6875,673.005,603.4375,90.20714062500002,6.579999999999999,13.081249999999999,37.66125,114.34312499999999,60.646874999999994,2.9500000000000006,26.850190624999996
2026-10-07T22:00:00.000Z,MCT2408027,15.275556,74.1075,104.4375,664.3062500000001,620.125,89.87049437499999,6.579999999999999,13.081249999999997,36.736875,112.74125000000002,60.33687499999998,2.9500000000000006,26.925266875
2026-10-07T22:10:00.000Z,MCT2408027,15.275556,74.1075,104.375,668.7350000000001,579.875,89.984459375,6.579999999999999,13.022499999999997,36.798125,112.80062500000003,60.27562499999999,2.9500000000000006,26.824719374999997
2026-10-07T22:18:23.820Z,MCT2408027,15.275556,74.1075,104.15384615384616,668.1653846153846,592.7692307692307,90.32990846153847,6.579999999999999,13.106923076923076,36.565384615384616,111.68846153846152,59.43999999999999,2.95,26.70024384615384
2026-10-07T21:20:00.000Z,MCT2408023,15.499722,74.020833,126.33333333333333,180.97666666666666,493,88.91221333333333,8.973333333333334,23.76666666666667,34.64333333333334,107.65000000000002,66.71,7.05,25.33705666666667
2026-10-07T21:30:00.000Z,MCT2408023,15.499722,74.020833,130,171.085625,494.25,89.23391749999999,8.972499999999998,23.541874999999997,36.36125,112.32000000000002,68.88499999999999,7.1468750000000005,25.319183125000006
2026-10-07T21:40:00.000Z,MCT2408023,15.499722,74.020833,128.4,175.93866666666662,498.93333333333334,89.21382599999998,8.97,21.766000000000005,36.08266666666667,111.19600000000001,67.96666666666667,6.859999999999999,25.316321999999996
2026-10-07T21:50:00.000Z,MCT2408023,15.499722,74.020833,130.5,170.99062500000002,504.875,90.16184312500002,8.906875,21.3625,36.519999999999996,113.03062500000001,69.2475,6.280625,25.311139375000003
2026-10-07T22:00:00.000Z,MCT2408023,15.499722,74.020833,135.375,159.18312500000002,507.375,91.119331875,8.371250000000002,23.033125,38.18125,117.30562499999999,71.785,6.251875,25.228691250000004
2026-10-07T22:10:00.000Z,MCT2408023,15.499722,74.020833,135.625,158.921875,507.125,91.016334375,7.8862499999999995,22.565,38.022499999999994,116.671875,71.331875,6.191875000000001,25.158978125
2026-10-07T22:18:23.819Z,MCT2408023,15.499722,74.020833,146.35714285714286,150.74785714285716,508.92857142857144,91.85025428571429,7.740714285714284,23.08642857142857,41.10357142857142,126.73857142857143,77.79214285714285,5.65642857142857,25.136091428571426
2026-10-07T21:20:00.000Z,MCT2408030,15.142519,74.075003,82.33333333333333,163,587,80.30879666666665,8.96,6.2,29.366666666666664,86.37333333333333,47.01333333333333,1.2566666666666668,27.464203333333334
2026-10-07T21:30:00.000Z,MCT2408030,15.142519,74.075003,76.83333333333333,163,592.25,80.42196666666666,9.22,6.200000000000002,25.070000000000004,74.665,41.17666666666667,0.8166666666666668,27.381976666666674
2026-10-07T21:40:00.000Z,MCT2408030,15.142519,74.075003,80.57142857142857,163,595.7857142857143,80.53586285714285,8.891428571428571,6.200000000000002,27.71428571428572,81.595,44.69285714285714,1.4021428571428574,27.359250000000003
2026-10-07T21:50:00.000Z,MCT2408030,15.142519,74.075003,80.57142857142857,163,598.7142857142857,80.45194000000001,9.329285714285716,6.200000000000002,27.58214285714286,81.00857142857144,44.15071428571428,1.2149999999999999,27.392957857142854
2026-10-07T22:00:00.000Z,MCT2408030,15.142519,74.075003,81.2,163,597.6666666666666,80.47562933333333,9.151333333333332,6.200000000000002,27.80466666666667,82.29866666666666,45.184,0.9873333333333333,27.46205733333333
2026-10-07T22:10:00.000Z,MCT2408030,15.142519,74.075003,76.5,163,597.5714285714286,80.52713999999999,9.245714285714287,6.200000000000002,23.966428571428573,73.05785714285715,41.04071428571429,1.1007142857142858,27.49024785714285
2026-10-07T22:18:23.819Z,MCT2408030,15.142519,74.075003,80.41666666666667,163,597.1666666666666,80.59871666666668,9.307500000000001,6.200000000000002,27.49166666666667,80.6725,43.9375,0.8733333333333334,27.509783333333335
2026-10-07T21:20:00.000Z,MCT2408049,15.475278,74.055833,65.33333333333333,157.41913333333335,552.3333333333334,84.92966666666666,23.849999999999998,15.283333333333331,22.743333333333336,65.88,33.24666666666666,2.61,26.28802
2026-10-07T21:30:00.000Z,MCT2408049,15.475278,74.055833,64.375,152.21958124999998,540.25,84.79408625,24.249374999999993,15.007500000000002,21.899375000000006,63.58249999999999,32.271874999999994,2.61,26.232159375000002
2026-10-07T21:40:00.000Z,MCT2408049,15.475278,74.055833,63.93333333333333,154.50961333333333,528.5333333333333,84.49886,24.287999999999997,14.756666666666664,21.570000000000004,62.45799999999999,31.56066666666667,2.61,26.12570933333333
2026-10-07T21:50:00.000Z,MCT2408049,15.475278,74.055833,63.8125,154.4418125,524.1875,84.41500124999999,24.148749999999996,15.239375,21.469375,62.04999999999999,31.410624999999992,2.61,26.004246250000005
2026-10-07T22:00:00.000Z,MCT2408049,15.475278,74.055833,63.375,154.01723125,525.75,84.5480375,24.225,15.65625,21.18,61.33187499999999,31.026249999999997,2.61,25.896325625
2026-10-07T22:10:00.000Z,MCT2408049,15.475278,74.055833,63.8125,153.457275,519.3125,84.59476875,24.208750000000002,15.2125,21.468124999999997,62.28875,31.553124999999998,2.61,25.768966250000002
2026-10-07T22:18:23.984Z,MCT2408049,15.475278,74.055833,63.5,151.56720714285714,514.4285714285714,84.46990357142859,24.475714285714282,16.027857142857144,21.08428571428571,61.66642857142856,31.40285714285714,2.61,25.626379285714282
2026-10-07T21:20:00.000Z,MCT2408040,15.528056,74.020833,19.5,100,612.5,87.811035,7.475,4.71,7.03,20.875,10.17,3.5,26.15574
2026-10-07T21:30:00.000Z,MCT2408040,15.528056,74.020833,19.0625,100,620.875,87.93501249999998,7.825625000000001,4.749374999999999,6.842499999999999,19.934375,9.500625,3.5,26.084684375
2026-10-07T21:40:00.000Z,MCT2408040,15.528056,74.020833,19,100,598.1875,88.18725875000001,7.620625,4.6725,6.729374999999999,19.65,9.34625,3.5,26.001565000000006
2026-10-07T21:50:00.000Z,MCT2408040,15.528056,74.020833,18.9375,100,598.3125,88.21825562500001,7.680625000000002,4.714999999999999,6.628749999999999,19.321875000000002,9.22375,3.5,25.968049374999996
2026-10-07T22:00:00.000Z,MCT2408040,15.528056,74.020833,18.8125,100,608,88.19632125000001,7.870625000000001,4.720624999999998,6.57625,19.081249999999997,9.055,3.5,25.924480000000003
2026-10-07T22:10:00.000Z,MCT2408040,15.528056,74.020833,18.625,100,609.125,88.226839375,7.605000000000001,4.695,6.538125,18.928125,9.01,3.5,25.847391875000003
2026-10-07T22:18:23.984Z,MCT2408040,15.528056,74.020833,18.928571428571427,100,617.6428571428571,87.97724785714286,7.713571428571429,4.687142857142857,6.597857142857143,19.099999999999998,9.01,3.5,25.89297357142858
2026-10-07T21:20:00.000Z,MCT2408046,15.529167,74.07,62.5,95.52,709,83.790345,13.552500000000002,0.33,21.34,63.6075,31.15,4.3,26.9547575
2026-10-07T21:30:00.000Z,MCT2408046,15.529167,74.07,61.92,95.52,704,83.79644639999998,13.365599999999999,0.5220000000000001,20.83560000000001,62.26320000000001,30.77640000000001,4.226400000000001,26.866600399999996
2026-10-07T21:40:00.000Z,MCT2408046,15.529167,74.07,60.77272727272727,95.52,699.3181818181819,83.33535590909091,13.43409090909091,0.4804545454545454,20.17272727272728,60.74909090909091,29.939090909090908,4.366363636363636,26.81679772727273
2026-10-07T21:50:00.000Z,MCT2408046,15.529167,74.07,60.64,95.52,691.76,82.95538200000001,13.332800000000002,0.44999999999999996,20.104000000000006,60.4808,29.8064,4.3552,26.694567600000006
2026-10-07T22:00:00.000Z,MCT2408046,15.529167,74.07,60.72,95.52,689.68,82.7759396,13.4024,0.4303999999999999,20.12920000000001,60.7028,29.9276,4.261200000000001,26.627214000000002
2026-10-07T22:10:00.000Z,MCT2408046,15.529167,74.07,60.36,95.52,690.16,83.0109248,13.403199999999996,0.5683999999999999,20.12920000000001,60.2136,29.662399999999995,4.123600000000001,26.5375524
2026-10-07T22:18:24.032Z,MCT2408046,15.529167,74.07,59.904761904761905,95.52,699.6190476190476,83.20615190476194,13.378095238095238,0.5242857142857142,19.690000000000005,59.408571428571435,29.320952380952377,4.160952380952381,26.446850476190477
2026-10-07T21:20:00.000Z,MCT2408044,15.313669,74.140042,47.333333333333336,214.29,582.3333333333334,91.17559999999999,10.806666666666667,3.8666666666666667,19.16,50,28.290000000000003,3.813675,27.049496666666666
2026-10-07T21:30:00.000Z,MCT2408044,15.313669,74.140042,47.4,214.29,568.7333333333333,91.073872,10.847999999999995,3.6293333333333337,18.815333333333335,48.8,27.497999999999998,3.9282049999999997,27.005167999999994
2026-10-07T21:40:00.000Z,MCT2408044,15.313669,74.140042,46.5,214.29,559.3125,90.86422374999998,10.818124999999998,3.6462499999999998,17.996874999999996,46.9375,26.5575,3.853205187500001,26.904485625
2026-10-07T21:50:00.000Z,MCT2408044,15.313669,74.140042,46.733333333333334,214.29,558.1333333333333,90.73461866666665,10.855333333333332,3.6433333333333335,18.162666666666663,47.333333333333336,26.778000000000002,3.6205128666666666,26.799962000000004
2026-10-07T22:00:00.000Z,MCT2408044,15.313669,74.140042,47.333333333333336,214.29,552.8666666666667,90.56524733333332,10.839333333333334,3.717333333333334,18.583999999999993,48.4,27.318,3.998033999999999,26.65552866666667
2026-10-07T22:10:00.000Z,MCT2408044,15.313669,74.140042,47.6,214.29,551.9333333333333,90.29618400000001,10.929333333333334,4.050666666666666,18.738666666666663,48.766666666666666,27.569999999999997,4.3370084,26.47248866666667
2026-10-07T22:18:24.032Z,MCT2408044,15.313669,74.140042,47.30769230769231,214.29,549.6153846153846,90.1374130769231,10.825384615384614,3.9015384615384616,18.52461538461538,48.46153846153846,27.44538461538461,4.190039384615384,26.374368461538456
2026-10-07T21:20:00.000Z,MCT2408042,15.213889,74.071667,100,218.91,550,89.37760333333334,25.856666666666666,14.530000000000001,34.276666666666664,101.53333333333332,52.53666666666667,3.5866666666666673,27.135296666666665
2026-10-07T21:30:00.000Z,MCT2408042,15.213889,74.071667,99.75,217.57874999999996,548.8125,89.42322125000001,26.033125,14.645000000000001,34.125,100.60562499999997,51.64562499999999,3.5612500000000002,27.114293125000007
2026-10-07T21:40:00.000Z,MCT2408042,15.213889,74.071667,100.25,216.78187499999999,553.1875,89.484731875,25.759375000000006,14.574375000000002,34.46625,102.02999999999999,52.557500000000005,3.60625,27.10356812500001
2026-10-07T21:50:00.000Z,MCT2408042,15.213889,74.071667,101.1875,217.41375,560.4375,89.551968125,25.722499999999997,14.563125000000001,35.035,103.74000000000001,53.41062500000001,3.5118750000000003,27.108261250000005
2026-10-07T22:00:00.000Z,MCT2408042,15.213889,74.071667,101.125,214.67937500000002,552.625,89.56150500000001,25.519375000000007,14.632499999999999,34.978125,103.455625,53.23812499999999,3.47625,27.11228375000001
2026-10-07T22:10:00.000Z,MCT2408042,15.213889,74.071667,102.25,217.36812499999996,552,89.76320812499999,25.698125,14.806875,36.229375000000005,106.53187500000001,54.435625,3.646875,27.045923124999998
2026-10-07T22:18:24.202Z,MCT2408042,15.213889,74.071667,99.92307692307692,219.12615384615387,550.6153846153846,89.73012307692308,25.59692307692308,14.602307692307695,34.160000000000004,100.46153846153844,51.370000000000005,3.6061538461538456,27.013746923076926
2026-10-07T21:20:00.000Z,MCT2408041,15.224628,74.171389,75,341.58729999999997,585.6666666666666,88.65535666666666,13.633333333333333,9.7,26.679999999999996,79.38,41.25,7.926666666666667,26.14501
2026-10-07T21:30:00.000Z,MCT2408041,15.224628,74.171389,75.3125,348.15570625,587.625,88.65456062499999,13.596874999999999,9.7,26.884375000000002,79.73437499999999,41.0475,7.9437500000000005,26.101441875000003
2026-10-07T21:40:00.000Z,MCT2408041,15.224628,74.171389,75.625,346.24241874999996,591.375,88.58685125000001,13.533124999999998,9.7,27.085625000000004,80.18999999999998,41.25,8.038124999999999,26.043124374999998
2026-10-07T21:50:00.000Z,MCT2408041,15.224628,74.171389,74.875,352.03985625000007,583.6875,88.50531062499999,13.588125000000005,9.7,26.531250000000004,78.97499999999998,40.895624999999995,7.919375,25.99151
2026-10-07T22:00:00.000Z,MCT2408041,15.224628,74.171389,75.5,352.05969374999995,575.1875,88.48719062500004,13.571250000000003,9.7,27.085000000000004,80.19,41.25,8.009375,25.955313124999996
2026-10-07T22:10:00.000Z,MCT2408041,15.224628,74.171389,74.875,357.54344999999995,573.4375,88.42853874999999,13.58,9.7,26.48125,78.620625,40.59187500000001,7.965,25.9311825
2026-10-07T22:18:24.201Z,MCT2408041,15.224628,74.171389,75.53846153846153,358.80573846153845,581,88.40847461538459,13.50230769230769,9.700000000000001,26.681538461538466,79.0684615384615,40.81384615384615,8.036153846153846,25.877710769230774
2026-10-07T21:20:00.000Z,MCT2408024,15.148056,74.131667,91,208.04125000000002,854.25,80.8759125,18.46362,6.017316,32.22,96.94,50.71,2.7725,27.469565000000003
2026-10-07T21:30:00.000Z,MCT2408024,15.148056,74.131667,92.2,209.99501600000008,895.32,80.98242160000001,18.2476448,8.095237440000004,32.65040000000002,98.82000000000004,52.08000000000002,2.7815999999999996,27.446612000000005
2026-10-07T21:40:00.000Z,MCT2408024,15.148056,74.131667,92.4,210.26438400000004,775.88,81.0446772,18.427736000000003,8.210677520000003,33.01000000000002,99.50000000000004,52.240000000000016,2.8636,27.461628799999993
2026-10-07T21:50:00.000Z,MCT2408024,15.148056,74.131667,91.375,209.70796249999998,826.2083333333334,80.95984000000001,18.42657833333333,8.302067583333336,32.09541666666669,97.27333333333337,51.210000000000015,2.765416666666667,27.466883750000004
2026-10-07T22:00:00.000Z,MCT2408024,15.148056,74.131667,90.8,211.04903199999998,853.04,80.8481424,18.274164,7.864357280000002,31.812400000000014,96.30000000000004,50.72000000000002,2.8680000000000003,27.419157999999992
2026-10-07T22:10:00.000Z,MCT2408024,15.148056,74.131667,90.76,212.43052,763.76,80.72577080000002,18.640806399999995,6.479076319999997,31.494800000000012,95.22000000000004,50.20000000000002,2.865200000000001,27.308904400000007
2026-10-07T22:18:24.247Z,MCT2408024,15.148056,74.131667,89.65,211.94940499999998,877.2,80.74927000000005,18.100304,6.0173159999999974,30.878000000000007,92.74250000000004,48.66000000000001,2.888000000000001,27.225567999999992
2026-10-07T21:20:00.000Z,MCT2408033,15.346944,74.007778,53.666666666666664,110,554.3333333333334,88.55872,7.359999999999999,3.853333333333333,22.623333333333335,57.776666666666664,34.903333333333336,4.39,26.491793333333334
2026-10-07T21:30:00.000Z,MCT2408033,15.346944,74.007778,55,110,566.375,88.63930062500002,7.116249999999998,3.7281250000000004,23.8275,60.92874999999999,36.765,4.39,26.503634375000004
2026-10-07T21:40:00.000Z,MCT2408033,15.346944,74.007778,54.5625,110,571.9375,88.76661750000001,7.266249999999998,3.6593750000000007,23.221249999999998,59.615625,36.101875,4.39,26.509670000000007
2026-10-07T21:50:00.000Z,MCT2408033,15.346944,74.007778,54.6875,110,558.5625,88.846725625,7.0299999999999985,3.6974999999999993,23.598750000000003,60.224374999999995,36.323125000000005,4.39,26.491569375000005
2026-10-07T22:00:00.000Z,MCT2408033,15.346944,74.007778,55.375,110,551.1875,88.92397374999999,7.071249999999998,3.636875,23.863750000000007,61.281875000000014,37.09562499999999,4.39,26.451350625
2026-10-07T22:10:00.000Z,MCT2408033,15.346944,74.007778,53.75,110,559.25,88.96402499999999,7.284374999999999,3.799374999999999,22.8425,58.236875,35,4.39,26.371584374999994
2026-10-07T22:18:24.247Z,MCT2408033,15.346944,74.007778,54.46153846153846,110,568.0769230769231,89.01237153846154,7.29076923076923,3.8038461538461537,23.217692307692307,59.566923076923075,36.01846153846154,4.39,26.304242307692313
2026-10-07T21:20:00.000Z,MCT2408037,15.394444,74.118333,75,160,501,85.53493333333334,10.43,14.383333333333333,24.036666666666665,80.13999999999999,38.72333333333333,3.786666666666667,26.556143333333335
2026-10-07T21:30:00.000Z,MCT2408037,15.394444,74.118333,76.5,160,498.9375,85.62807624999999,10.13375,14.425,24.483749999999993,81.92750000000001,39.76750000000001,3.843125,26.541843124999993
2026-10-07T21:40:00.000Z,MCT2408037,15.394444,74.118333,75.875,160,511.125,85.62855249999997,10.317500000000003,14.416875000000001,24.205,80.598125,38.92625000000001,3.8412499999999996,26.583403125000004
2026-10-07T21:50:00.000Z,MCT2408037,15.394444,74.118333,75.1875,160,518.8125,85.69387999999998,10.093749999999998,14.399375000000006,23.880625000000002,79.47375,38.41437500000001,3.93375,26.576027500000006
2026-10-07T22:00:00.000Z,MCT2408037,15.394444,74.118333,74.625,160,523.5,85.62092249999999,10.176875,14.334375000000001,23.415000000000006,78.24687499999999,37.993750000000006,4.015625,26.529776874999996
2026-10-07T22:10:00.000Z,MCT2408037,15.394444,74.118333,73.3125,160,523.3125,85.55368687500001,10.079375,14.343125000000002,22.717500000000005,75.538125,36.495625000000004,3.908125,26.464757499999994
2026-10-07T22:18:24.405Z,MCT2408037,15.394444,74.118333,73.28571428571429,160,531.2142857142857,85.57943642857144,10.112142857142858,14.352142857142857,22.829285714285714,75.465,36.355000000000004,4.088571428571429,26.479024285714292
2026-10-07T21:20:00.000Z,MCT2408022,15.475833,74.038889,95,150,465.6666666666667,86.75818,3.903333333333333,11.969879999999998,33,98,50.666666666666664,4.390069,25.96269
2026-10-07T21:30:00.000Z,MCT2408022,15.475833,74.038889,94.4,150,468.06666666666666,86.83549066666666,4.0666666666666655,11.851138,32.46666666666667,97.26666666666667,50.93333333333333,4.392881333333333,25.901197333333336
2026-10-07T21:40:00.000Z,MCT2408022,15.475833,74.038889,94.25,150,462.3125,86.99230625000001,4.263125,11.676015625,32.375,97.125,50.875,4.387223625000001,25.74885875
2026-10-07T21:50:00.000Z,MCT2408022,15.475833,74.038889,94.9375,150,460.6875,87.04046625,3.99125,11.850903125000002,32.625,97.75,51,4.406563687499999,25.714672499999995
2026-10-07T22:00:00.000Z,MCT2408022,15.475833,74.038889,95.4375,150,467.1875,87.24932125000001,3.6999999999999993,11.843686875000001,32.8125,98.5,51.625,4.412527937499999,25.689200000000003
2026-10-07T22:10:00.000Z,MCT2408022,15.475833,74.038889,95.25,150,468.1875,87.40333687500001,4.006249999999999,11.623933125,32.75,98,51.25,4.386910375,25.594681249999997
2026-10-07T22:18:24.417Z,MCT2408022,15.475833,74.038889,94.84615384615384,150,470.7692307692308,87.27638923076924,4.186153846153847,11.384074615384616,32.46153846153846,97.23076923076923,50.92307692307692,4.3946791538461545,25.50810615384615
2026-10-07T21:20:00.000Z,MCT2408045,15.619444,73.878889,56,178.12,757.5,84.83175499999999,10.655000000000001,15.7,16.11,53.894999999999996,27.425,2.53,25.828625
2026-10-07T21:30:00.000Z,MCT2408045,15.619444,73.878889,55.25,178.11999999999995,756.25,85.00246437499999,10.631249999999998,16.12875,15.696875,52.82625000000001,27.212499999999995,2.5300000000000002,25.674452500000008
2026-10-07T21:40:00.000Z,MCT2408045,15.619444,73.878889,55.0625,178.11999999999995,755.375,84.95430375000001,10.558749999999998,15.559999999999997,15.444999999999997,51.86437500000001,26.64874999999999,2.5300000000000002,25.588650625
2026-10-07T21:50:00.000Z,MCT2408045,15.619444,73.878889,54.6875,178.11999999999995,748.0625,84.94858250000001,10.552499999999997,15.807499999999997,15.412499999999996,51.508125,26.399374999999992,2.5300000000000002,25.551110625
2026-10-07T22:00:00.000Z,MCT2408045,15.619444,73.878889,54.8125,178.11999999999995,756.6875,85.02773625,10.472499999999998,15.957500000000001,15.318749999999996,51.401250000000005,26.40124999999999,2.5300000000000002,25.368785000000003
2026-10-07T22:10:00.000Z,MCT2408045,15.619444,73.878889,54.75,178.11999999999995,762,85.09973812499999,10.397499999999997,15.77,15.412499999999996,51.579375,26.47187499999999,2.5300000000000002,25.240756250000004
2026-10-07T22:18:24.417Z,MCT2408045,15.619444,73.878889,54.57142857142857,178.11999999999995,764.7142857142857,85.16581571428571,10.459999999999997,15.994285714285713,15.314285714285711,51.12642857142857,26.133571428571422,2.5300000000000002,25.114642857142854
2026-10-07T21:20:00.000Z,MCT2408032,15.525556,73.828611,206.5,290.76,689,66.26753249999999,14.065,17.6325,62.295,192.72,102.99000000000001,3.535,33.537287500000005
2026-10-07T21:30:00.000Z,MCT2408032,15.525556,73.828611,204.16,316.57599999999996,675.96,66.43469079999997,14.600800000000007,16.934800000000003,61.854,190.6412,101.47399999999999,3.7244,33.435508399999996
2026-10-07T21:40:00.000Z,MCT2408032,15.525556,73.828611,208.4090909090909,301.0622727272727,745.5909090909091,69.65272954545455,14.956818181818182,17.268636363636368,63.81681818181819,196.01499999999996,104.04954545454547,4.168636363636363,32.27538318181818
2026-10-07T21:50:00.000Z,MCT2408032,15.525556,73.828611,206.4,295.2348,694.68,67.52661079999999,14.588400000000004,16.970799999999993,62.765200000000014,193.2012,102.77520000000003,3.782800000000001,32.88037520000001
2026-10-07T22:00:00.000Z,MCT2408032,15.525556,73.828611,206.76,303.17639999999994,724.6,69.106506,14.6852,16.923600000000004,62.482000000000006,193.20120000000003,103.0008,3.8187999999999995,32.242016400000004
2026-10-07T22:10:00.000Z,MCT2408032,15.525556,73.828611,208.88,357.518,707.72,70.88659639999999,14.491600000000004,17.112,63.222000000000016,195.136,103.90760000000004,3.8100000000000005,31.6439864
2026-10-07T22:18:24.460Z,MCT2408032,15.525556,73.828611,204.57142857142858,309.097619047619,747.8095238095239,70.40802285714287,14.683333333333334,16.83809523809524,61.974285714285706,190.17761904761903,100.7104761904762,3.6666666666666665,31.737897142857143
2026-10-07T21:20:00.000Z,MCT2408036,15.171567,74.067106,53,120,597.5,90.84371999999999,9.809999999999999,6.91,19.47,56.99,30.145,11.75,27.335504999999998
2026-10-07T21:30:00.000Z,MCT2408036,15.171567,74.067106,54.1875,120,592.9375,90.735000625,9.721874999999999,6.5043750000000005,20.033125,59.20687499999999,31.5975,12.59875,27.33014
2026-10-07T21:40:00.000Z,MCT2408036,15.171567,74.067106,54.666666666666664,120,594.2,90.30533866666669,9.485999999999999,6.422666666666667,20.24733333333334,60.047333333333334,32.15,12.081999999999999,27.434887999999997
2026-10-07T21:50:00.000Z,MCT2408036,15.171567,74.067106,52.0625,120,614.75,89.93009874999998,9.870625,7.45125,18.913750000000004,55.37625000000001,29.288124999999997,11.651874999999999,27.333489375
2026-10-07T22:00:00.000Z,MCT2408036,15.171567,74.067106,50.666666666666664,120,638.4666666666667,89.82468733333332,10.437333333333331,7.737333333333334,18.06733333333333,52.41266666666665,27.458000000000006,11.793333333333333,26.999447999999997
2026-10-07T22:10:00.000Z,MCT2408036,15.171567,74.067106,49.9375,120,638.9375,89.49379312499997,10.540625,8.079375,17.695625,51.06999999999999,26.659374999999994,11.790000000000001,26.880356875000004
2026-10-07T22:18:24.460Z,MCT2408036,15.171567,74.067106,49.30769230769231,120,642.9230769230769,89.44607384615384,10.673846153846155,8.056153846153846,17.326923076923077,49.76461538461537,25.876153846153844,11.673076923076923,26.715096153846154
2026-10-07T21:20:00.000Z,MCT2408035,15.236111,74.125,44,190,634.6666666666666,89.33436999999999,17.637026666666667,7.323333333333333,11.536666666666667,34.97,18.616666666666664,3.83,26.666966666666667
2026-10-07T21:30:00.000Z,MCT2408035,15.236111,74.125,44.3125,190,630,89.12233625000003,17.776341875,7.535,11.718749999999995,35.116875000000014,18.561250000000005,3.8299999999999987,26.675233750000007
2026-10-07T21:40:00.000Z,MCT2408035,15.236111,74.125,44.5625,190,633.5,88.98739375000001,18.048384374999998,7.623125,11.481249999999998,34.62250000000001,18.372500000000006,3.8299999999999987,26.647082499999996
2026-10-07T21:50:00.000Z,MCT2408035,15.236111,74.125,44.125,190,624.9375,89.18194250000002,17.504299375,7.172499999999999,11.766249999999996,35.42312500000001,18.798125000000002,3.8299999999999987,26.540502500000006
2026-10-07T22:00:00.000Z,MCT2408035,15.236111,74.125,44.4375,190,587.5625,89.35074250000001,17.90248125,6.773750000000001,11.789999999999994,35.58750000000001,18.941250000000004,3.8299999999999987,26.427890625000003
2026-10-07T22:10:00.000Z,MCT2408035,15.236111,74.125,44.3125,190,603.875,89.45946187499999,17.796105624999996,7.1724999999999985,11.742499999999998,35.40062500000001,18.775000000000002,3.8299999999999987,26.320638125000002
2026-10-07T22:18:24.630Z,MCT2408035,15.236111,74.125,45.07692307692308,190,607.5384615384615,89.06988538461539,18.453809999999997,7.7930769230769235,11.526923076923074,34.7446153846154,18.403076923076927,3.8299999999999987,26.38426692307692
2026-10-07T21:20:00.000Z,MCT2408039,15.163611,74.110833,58,166.80333333333334,574.6666666666666,86.95908333333334,15.196666666666667,10.3,18.6,60.98,25.62,2.3,27.042346666666663
2026-10-07T21:30:00.000Z,MCT2408039,15.163611,74.110833,58.125,165.93625000000003,570.9375,86.87548249999998,14.220625,10.3,18.565,60.916250000000005,25.4325,2.3,27.071395000000003
2026-10-07T21:40:00.000Z,MCT2408039,15.163611,74.110833,58,164.57312500000003,570.625,86.81683062499998,14.33625,10.3,18.495,60.658125000000005,25.245,2.3,27.050613750000004
2026-10-07T21:50:00.000Z,MCT2408039,15.163611,74.110833,57.9375,161.01749999999998,567.6875,86.85879062499998,13.584375,10.3,18.459375,60.52875,25.27625,2.3,27.010396249999996
2026-10-07T22:00:00.000Z,MCT2408039,15.163611,74.110833,57.4,166.476,544.8,86.89906799999999,11.794666666666666,10.3,18.149999999999995,59.46333333333333,24.653333333333332,2.3,26.970848
2026-10-07T22:10:00.000Z,MCT2408039,15.163611,74.110833,57.8125,161.38500000000005,572.5625,86.83590312500002,14.463124999999998,10.3,18.002499999999998,59.106249999999996,24.5575,2.3,26.907167499999993
2026-10-07T22:18:24.631Z,MCT2408039,15.163611,74.110833,58.142857142857146,175.75071428571422,572.3571428571429,86.80886000000002,13.154285714285711,10.299999999999999,18.158571428571424,59.651428571428575,24.726428571428574,2.3000000000000003,26.868959285714293
2026-10-07T21:20:00.000Z,MCT2408031,15.290833,74.149167,50.666666666666664,140,721.3333333333334,87.24900333333333,7.16357,9.89801,19.52333333333333,51.156666666666666,28.096666666666668,4.793333333333334,25.66953666666667
2026-10-07T21:30:00.000Z,MCT2408031,15.290833,74.149167,49.75,140,723.3125,87.34182874999999,6.6956555625,9.4837475625,18.89875,49.48437500000001,27.144375000000004,5.053750000000001,25.654342499999995
2026-10-07T21:40:00.000Z,MCT2408031,15.290833,74.149167,49.3125,140,730.25,87.32656937499999,6.9797822499999995,10.246090000000002,18.572499999999998,48.56125,26.636875000000003,5.173125,25.633562499999996
2026-10-07T21:50:00.000Z,MCT2408031,15.290833,74.149167,49.3125,140,738,87.259335625,6.7574165625000004,10.019984562500001,18.661875000000002,48.643125000000005,26.606875,5.0375,25.614788750000006
2026-10-07T22:00:00.000Z,MCT2408031,15.290833,74.149167,49.625,140,728.875,87.32466187499998,6.90060175,12.339444187500003,18.72,49.159375000000004,27.024375000000003,5.25625,25.59133
2026-10-07T22:10:00.000Z,MCT2408031,15.290833,74.149167,49.8125,140,714.5,87.37091437499998,6.6866816875,11.817486125,18.87,49.320625,27.053125000000005,5.17875,25.614122499999993
2026-10-07T22:18:24.628Z,MCT2408031,15.290833,74.149167,50.76923076923077,140,705.6153846153846,87.40257153846156,6.763903153846154,11.157687923076923,19.156923076923082,50.29923076923077,27.657692307692304,5.128461538461538,25.66651153846154
2026-10-07T21:20:00.000Z,MCT2408038,15.188889,74.055556,57.5,233.33,829,88.51294,8.855,13.33,19.82,55.17,27.009999999999998,4.65,26.68127
2026-10-07T21:30:00.000Z,MCT2408038,15.188889,74.055556,57.5625,233.32999999999996,779,88.79999437500001,8.84,13.330000000000005,19.858749999999997,55.35624999999999,26.905624999999997,4.671874999999999,26.70607125
2026-10-07T21:40:00.000Z,MCT2408038,15.188889,74.055556,58.07142857142857,233.32999999999996,815.8571428571429,88.6306492857143,8.853571428571428,13.330000000000004,20.085714285714285,56.09285714285714,27.245714285714286,4.657857142857144,26.84827571428571
2026-10-07T21:50:00.000Z,MCT2408038,15.188889,74.055556,58.125,233.32999999999996,783.625,88.86722999999999,8.7275,13.330000000000005,20.2075,56.47437499999998,27.388125,4.688125,26.833434375000003
2026-10-07T22:00:00.000Z,MCT2408038,15.188889,74.055556,57.125,233.97062499999998,784.75,88.98643812499999,8.866874999999999,13.330000000000005,19.432499999999997,54.17624999999998,26.31812499999999,4.680000000000001,26.70607125
2026-10-07T22:10:00.000Z,MCT2408038,15.188889,74.055556,56.5625,233.65499999999997,773.0625,89.17765,8.84125,13.330000000000005,19.083749999999995,53.18062499999999,25.79875,4.693125,26.589434999999995
2026-10-07T22:18:24.671Z,MCT2408038,15.188889,74.055556,56.69230769230769,233.70384615384611,794.2307692307693,89.51943230769233,8.96153846153846,13.330000000000004,19.343076923076918,53.67692307692307,25.90384615384615,4.668461538461538,26.490692307692306
2026-10-07T21:20:00.000Z,MCT2408026,15.2467,74.198281,118,125,549.75,84.3491975,13.1439775,12.5,29.065,89.6975,47.25,50.300000000000004,27.2121625
2026-10-07T21:30:00.000Z,MCT2408026,15.2467,74.198281,117.91666666666667,125,551,84.25605500000002,13.137449583333336,12.5,29.104583333333334,90.385,47.856666666666676,50.456250000000004,27.234060416666676
2026-10-07T21:40:00.000Z,MCT2408026,15.2467,74.198281,117.9047619047619,125,547.3333333333334,84.0682723809524,13.004030000000004,12.5,28.89666666666667,89.24952380952382,46.97619047619047,50.328571428571436,27.205778095238095
2026-10-07T21:50:00.000Z,MCT2408026,15.2467,74.198281,117.96,125,546.84,83.99145520000002,13.161952000000003,12.5,29.0752,89.5544,47.0208,50.378000000000014,27.189639200000002
2026-10-07T22:00:00.000Z,MCT2408026,15.2467,74.198281,117.83333333333333,125,554.875,83.52585749999999,13.020295000000003,12.5,28.632083333333338,88.57041666666667,46.56916666666667,50.29916666666666,27.282322916666672
2026-10-07T22:10:00.000Z,MCT2408026,15.2467,74.198281,117.5,125,558.7083333333334,83.44257125000001,12.884837500000003,12.5,28.513749999999998,88.28916666666667,46.44958333333333,49.481666666666676,27.23093083333332
2026-10-07T22:18:24.671Z,MCT2408026,15.2467,74.198281,117.85714285714286,125,562.9047619047619,83.9443857142857,13.121539523809526,12.5,28.401904761904763,88.05285714285712,46.333333333333336,50.43523809523808,27.010172857142862
2026-10-08T02:18:35.716Z,MCT2408020,15.543475,74.039433,93,6779.421,777,90.09222,4.806492,8,32.47,97.86,51.12,3.66,24.93308
2026-10-08T01:20:00.000Z,MCT2408028,15.186944,74.096667,115.75,279.8125,606.25,89.04890749999998,17.9375,13.072499999999998,44.697500000000005,135.23000000000002,71.33,2.0775,24.84996
2026-10-08T01:30:00.000Z,MCT2408028,15.186944,74.096667,115.28,283.65119999999996,605.72,88.89562959999999,18.834799999999994,12.964399999999996,43.50960000000002,133.35920000000002,71.06079999999996,2.2464000000000004,24.861862799999997
2026-10-08T01:40:00.000Z,MCT2408028,15.186944,74.096667,115.12,282.36519999999996,605.68,88.59106240000003,18.941199999999995,12.793599999999996,43.30960000000002,132.32479999999998,70.42479999999998,2.3512000000000004,24.909483199999997
2026-10-08T01:50:00.000Z,MCT2408028,15.186944,74.096667,114.95833333333333,283.18625,608.2083333333334,88.49545458333331,19.197083333333328,12.723749999999995,43.366250000000015,132.70166666666668,70.70791666666663,2.4437499999999996,25.039881666666663
2026-10-08T02:00:00.000Z,MCT2408028,15.186944,74.096667,114.64,289.4668,607.88,87.94744760000002,19.484400000000004,12.488799999999996,43.30960000000002,132.44400000000002,70.46519999999998,2.2428000000000003,25.436300800000005
2026-10-08T02:10:00.000Z,MCT2408028,15.186944,74.096667,115.12,295.87800000000004,597.28,85.85241760000001,19.736,12.5124,42.94960000000002,131.4108,69.90759999999997,3.6087999999999996,26.2681384
2026-10-08T02:18:35.717Z,MCT2408028,15.186944,74.096667,111.95454545454545,309.62045454545455,589.9090909090909,83.52782318181818,19.515909090909084,12.294090909090908,41.6318181818182,126.36954545454546,66.9240909090909,4.549090909090908,27.148786818181815
2026-10-08T01:20:00.000Z,MCT2408056,15.579167,73.920833,110.66666666666667,180,586.6666666666666,89.68023999999998,6.760000000000001,9.329421,42.85333333333333,127.2,69.35333333333334,1.5599999999999998,25.101106666666666
2026-10-08T01:30:00.000Z,MCT2408056,15.579167,73.920833,113.0625,180,575,89.43275874999999,6.468124999999999,9,43.28187500000001,129.38375000000002,71.051875,1.5599999999999998,25.325215625
2026-10-08T01:40:00.000Z,MCT2408056,15.579167,73.920833,115.6875,180,585.0625,88.44570625,6.646249999999999,9,43.691874999999996,129.78125,70.875,1.5599999999999998,25.980786249999998
2026-10-08T01:50:00.000Z,MCT2408056,15.579167,73.920833,112.6875,180,573.625,87.415736875,6.533125,9,42.87125,127.84562500000001,70.17375,1.5599999999999998,26.71612625
2026-10-08T02:00:00.000Z,MCT2408056,15.579167,73.920833,103.5625,180,548.875,86.23318125,6.660625,9,35.951874999999994,106.559375,58.45937500000001,1.5712499999999998,27.30935875
2026-10-08T02:10:00.000Z,MCT2408056,15.579167,73.920833,103.8125,180,555.875,84.6605725,6.75625,9,36.71312499999999,107.468125,58.106874999999995,1.5606249999999997,27.78595625
2026-10-08T02:18:35.742Z,MCT2408056,15.579167,73.920833,106.6923076923077,180,545.8461538461538,83.91652384615385,6.895384615384614,9,38.83153846153846,115.66461538461537,63.51307692307691,1.5969230769230771,27.974057692307692
2026-10-08T01:20:00.000Z,MCT2408057,15.272222,74.104722,69.5,268.31,551.75,86.0963275,12.067499999999999,9.58,26.5175,74.9175,38.05,3.3600000000000003,25.95196
2026-10-08T01:30:00.000Z,MCT2408057,15.272222,74.104722,62.28,284.82199999999995,546.44,86.16400160000003,11.9324,9.754800000000003,21.2628,60.6128,30.9944,2.9568000000000008,25.95067359999999
2026-10-08T01:40:00.000Z,MCT2408057,15.272222,74.104722,74.16,212.6832,549.24,85.91192640000001,11.796800000000001,9.872800000000002,30.0356,84.3608,42.5728,3.162,26.020601599999996
2026-10-08T01:50:00.000Z,MCT2408057,15.272222,74.104722,74.54166666666667,266.67833333333334,538.5416666666666,85.72121625000004,12.124166666666667,9.712500000000004,29.648749999999996,85.07208333333334,43.724583333333335,2.856666666666667,26.076639999999998
2026-10-08T02:00:00.000Z,MCT2408057,15.272222,74.104722,71.96,255.3716,530.92,85.59454400000003,12.036799999999998,9.699200000000001,28.0576,80.06279999999998,41.001599999999996,3.1304000000000007,26.087955599999997
2026-10-08T02:10:00.000Z,MCT2408057,15.272222,74.104722,67.72,270.96919999999994,529.44,84.95611559999998,12.0212,9.720400000000005,25.101199999999995,71.46959999999999,36.506400000000006,2.992,26.2436884
2026-10-08T02:18:35.742Z,MCT2408057,15.272222,74.104722,69.95454545454545,254.56136363636367,526.3636363636364,84.4932881818182,11.975454545454546,9.786363636363639,26.654545454545453,75.74136363636363,38.615454545454554,2.919545454545455,26.461893636363637
2026-10-08T01:20:00.000Z,MCT2408055,15.585833,73.885556,78.66666666666667,46.089999999999996,880.6666666666666,88.07298000000002,9.486666666666666,4.736666666666667,29.83666666666667,85.96333333333332,47.26,23.566666666666666,25.065353333333334
2026-10-08T01:30:00.000Z,MCT2408055,15.585833,73.885556,76.75,50.886874999999996,890.0625,88.21300999999998,9.487499999999999,4.585,28.32,81.331875,44.776250000000005,23.473125000000003,24.997427499999997
2026-10-08T01:40:00.000Z,MCT2408055,15.585833,73.885556,76.0625,49.808749999999996,913.875,88.26498312499999,9.613125,5.039999999999999,26.133125,74.67125,40.81499999999998,23.403124999999996,25.091944375
2026-10-08T01:50:00.000Z,MCT2408055,15.585833,73.885556,100.8125,49.85375000000001,894.625,88.27833687500001,9.64625,4.245000000000001,40.68812500000001,117.928125,65.35375,23.131249999999998,25.39559875
2026-10-08T02:00:00.000Z,MCT2408055,15.585833,73.885556,99.375,48.95937500000001,869.25,88.04277812499997,9.765,4.065,44.535624999999996,127.303125,69.74125,23.218125,25.745506250000002
2026-10-08T02:10:00.000Z,MCT2408055,15.585833,73.885556,92.1875,48.018125000000005,856.5625,87.420505625,9.649375,3.8600000000000008,39.335625,112.04937499999997,61.094375,23.03125,26.248915
2026-10-08T02:18:35.772Z,MCT2408055,15.585833,73.885556,76.3076923076923,46.89076923076924,839.3076923076923,86.86851076923078,9.420769230769231,3.9592307692307696,28.346923076923076,81.02230769230769,44.30769230769231,22.94769230769231,26.681269999999998
2026-10-08T01:20:00.000Z,MCT2408053,15.263333,74.110833,115.66666666666667,110,712,88.00177000000001,7.706666666666666,20.823333333333334,32.446666666666665,111.49000000000001,72.19333333333333,37.370000000000005,25.354933333333335
2026-10-08T01:30:00.000Z,MCT2408053,15.263333,74.110833,136.0625,111.33234374999999,701.625,86.60606750000001,10.451874999999998,15.879999999999999,37.821875,129.98375000000001,84.176875,37.99999999999999,25.579935625
2026-10-08T01:40:00.000Z,MCT2408053,15.263333,74.110833,140.125,110,699.5625,84.41309375000002,7.786249999999999,20.031875000000003,38.394999999999996,132.474375,86.08125,37.710625,26.082005000000002
2026-10-08T01:50:00.000Z,MCT2408053,15.263333,74.110833,129.0625,134.31728750000002,696.75,83.09702249999998,9.899375,20.776874999999997,35.582499999999996,122.508125,79.524375,37.46,26.900463125000005
2026-10-08T02:00:00.000Z,MCT2408053,15.263333,74.110833,111.4375,110,678.6875,78.20610500000001,12.400000000000004,20.546875000000007,31.45,106.708125,68.456875,38.365,27.94549125
2026-10-08T02:10:00.000Z,MCT2408053,15.263333,74.110833,108,110,688.1875,75.08472874999998,10.853750000000002,21.5925,30.473125000000003,101.42062499999999,63.94499999999998,38.442499999999995,28.954991250000003
2026-10-08T02:18:35.938Z,MCT2408053,15.263333,74.110833,106.61538461538461,110,679.4615384615385,71.43189923076923,12.12923076923077,22.14923076923077,29.313076923076924,95.21000000000001,59.0053846153846,39.35923076923078,29.85177384615384
2026-10-08T01:20:00.000Z,MCT2408052,15.444425,74.063856,57,160,608,88.75708,24.530175,8,14.38,41.38,20.02,2,26.55257
2026-10-08T01:30:00.000Z,MCT2408052,15.444425,74.063856,57,160,619,88.81477750000002,24.311268125,8,12.7525,37.199375,18.378749999999997,2,26.582731874999997
2026-10-08T01:40:00.000Z,MCT2408052,15.444425,74.063856,57.0625,160,618.6875,88.99073,24.311268124999998,8,13.106875,38.040000000000006,18.682500000000005,2,26.643059374999996
2026-10-08T01:50:00.000Z,MCT2408052,15.444425,74.063856,56.9375,160,581.5,88.922065625,24.312013125,8,14.42375,41.099999999999994,19.784375,2,26.807960624999996
2026-10-08T02:00:00.000Z,MCT2408052,15.444425,74.063856,57,160,608.5625,88.33317187499999,24.292978124999998,8,13.295,38.4275,18.833750000000002,2,27.038548125000005
2026-10-08T02:10:00.000Z,MCT2408052,15.444425,74.063856,57,160,561.4375,88.14052937499997,24.388154999999998,8,12.586250000000001,36.530625,18.0125,2,27.11429375
2026-10-08T02:18:35.938Z,MCT2408052,15.444425,74.063856,57,160,587.5,87.63610500000003,24.316037142857137,8,11.492142857142857,33.74214285714286,16.764999999999997,2,27.28340928571428
2026-10-08T01:20:00.000Z,MCT2408021,15.500556,74.053333,50.5,375,567,81.760925,21.23,14.60481,19.285,55,32.614999999999995,4.29,25.12077
2026-10-08T01:30:00.000Z,MCT2408021,15.500556,74.053333,50.25,375,576.8125,81.896346875,21.26375,14.950937499999998,18.451874999999998,53.314375,31.935,4.2075,25.530333125000002
2026-10-08T01:40:00.000Z,MCT2408021,15.500556,74.053333,49.9375,375,584.3125,79.66284125,21.5225,15.429552500000003,17.231249999999996,50.46125,30.507500000000004,4.266875,26.600160000000002
2026-10-08T01:50:00.000Z,MCT2408021,15.500556,74.053333,50.25,375,548.4375,73.90550875,21.81125,15.412974374999997,16.78375,49.049375,29.583750000000002,4.540000000000001,27.80807625
2026-10-08T02:00:00.000Z,MCT2408021,15.500556,74.053333,50.5625,375,548.5,71.15368187499999,21.971250000000005,15.06913125,16.15875,47.25562499999999,28.5425,4.4818750000000005,29.408796875
2026-10-08T02:10:00.000Z,MCT2408021,15.500556,74.053333,51.6875,396.47625,550.375,68.513913125,22.331875,14.855496250000002,18.779999999999998,53.53312499999999,31.578750000000003,4.281875,31.327246249999998
2026-10-08T02:18:35.961Z,MCT2408021,15.500556,74.053333,50.30769230769231,375,535.8461538461538,64.5026476923077,21.81769230769231,13.948172307692309,16.408461538461538,47.56000000000001,28.49769230769231,4.486923076923077,33.05527769230769
2026-10-08T01:20:00.000Z,MCT2408043,15.221111,74.087222,111.5,118.935,611,87.14728,14.215,10.045,38.625,115.22999999999999,58.93,5.29,26.000225
2026-10-08T01:30:00.000Z,MCT2408043,15.221111,74.087222,113.125,148.36874999999998,639.375,87.215465,14.246875,10.135625,40.051874999999995,119.41375000000001,61.09,5.290000000000001,26.039774374999997
2026-10-08T01:40:00.000Z,MCT2408043,15.221111,74.087222,114.8125,118.49125000000001,646.1875,87.19162375,14.294374999999999,10.04375,41.71437499999999,124.40437499999999,63.331875,5.290000000000001,26.158421874999995
2026-10-08T01:50:00.000Z,MCT2408043,15.221111,74.087222,114.4375,109.37375,648.625,87.17922750000004,14.34875,10.108749999999999,41.395625,123.196875,62.849999999999994,5.290000000000001,26.342089374999997
2026-10-08T02:00:00.000Z,MCT2408043,15.221111,74.087222,114.53333333333333,130.9586666666667,650.3333333333334,87.00333733333332,14.32,10.007333333333333,41.285333333333334,123.08466666666665,62.85533333333332,5.290000000000001,26.61692
2026-10-08T02:10:00.000Z,MCT2408043,15.221111,74.087222,116.75,130.733125,646.5,86.58174937499999,14.353125000000002,9.95875,42.821875000000006,128.74875000000003,66.05437500000001,5.290000000000001,26.876333749999997
2026-10-08T02:18:35.962Z,MCT2408043,15.221111,74.087222,116.92307692307692,152.23,643.5384615384615,86.30921769230768,14.355384615384619,10.086923076923076,43.450769230769225,129.64076923076922,65.92538461538463,5.29,27.073146923076926
2026-10-08T01:20:00.000Z,MCT2408051,15.486528,74.033889,54.5,283.37,595.5,90.328735,22.12,5.19,17.41,55.005,29.869999999999997,4.39,24.536245
2026-10-08T01:30:00.000Z,MCT2408051,15.486528,74.033889,58.125,282.01625,602.375,90.26865312499999,22.070625,5.1899999999999995,19.859374999999993,62.383125,33.91375000000001,4.39,24.422965000000005
2026-10-08T01:40:00.000Z,MCT2408051,15.486528,74.033889,54.5,285.513125,559.0625,89.44181749999998,21.8,5.1899999999999995,17.527499999999996,55.08187500000001,29.906875000000003,4.39,24.394811875000002
2026-10-08T01:50:00.000Z,MCT2408051,15.486528,74.033889,54.375,282.2575000000001,574.5625,90.89187875000002,22.270625,5.1899999999999995,17.489374999999995,54.69375000000001,29.5575,4.39,24.573786875
2026-10-08T02:00:00.000Z,MCT2408051,15.486528,74.033889,54.0625,285.04937499999994,576.625,87.9636225,22.16,5.1899999999999995,17.333125000000003,54.22687500000001,29.40125,4.39,24.747400625000004
2026-10-08T02:10:00.000Z,MCT2408051,15.486528,74.033889,55.1875,280.96687499999996,596.9375,90.53854374999997,22.744374999999998,5.1899999999999995,18.035,56.47937499999999,30.60812500000001,4.39,25.163668750000003
2026-10-08T02:18:35.993Z,MCT2408051,15.486528,74.033889,55.785714285714285,255.96857142857138,617.2142857142857,90.46933428571428,22.18285714285714,5.1899999999999995,18.52285714285714,57.57928571428572,31.02428571428572,4.39,25.394257142857146
2026-10-08T01:20:00.000Z,MCT2408034,15.356389,74.123611,85,180,646.6666666666666,73.55933,6.150000000000001,3.5066666666666664,27.643333333333334,84.09333333333333,43.44333333333333,1.6666666666666667,29.720046666666665
2026-10-08T01:30:00.000Z,MCT2408034,15.356389,74.123611,84.2,180,642.64,73.63378920000001,6.150000000000002,3.9991999999999996,26.866799999999998,82.37760000000002,42.64320000000001,1.4384000000000001,29.7632332
2026-10-08T01:40:00.000Z,MCT2408034,15.356389,74.123611,85.83333333333333,180,646.6666666666666,73.67503958333332,6.150000000000002,4.244583333333334,28.062916666666663,85.73208333333332,44.42000000000001,1.147083333333333,29.905055
2026-10-08T01:50:00.000Z,MCT2408034,15.356389,74.123611,83.12,180,645.24,73.6051008,6.150000000000002,3.6904000000000003,26.1024,80.27720000000001,41.66880000000001,1.2071999999999996,30.061392800000004
2026-10-08T02:00:00.000Z,MCT2408034,15.356389,74.123611,85.24,180,636.8,73.4567876,6.150000000000002,4.082800000000001,27.596799999999998,84.5544,43.918,1.1743999999999997,30.284473999999996
2026-10-08T02:10:00.000Z,MCT2408034,15.356389,74.123611,86.58333333333333,180,634.1666666666666,72.24643416666666,6.150000000000002,2.4962500000000003,28.59541666666667,87.02291666666667,44.92791666666668,1.1216666666666664,31.10447833333333
2026-10-08T02:18:36.166Z,MCT2408034,15.356389,74.123611,89.80952380952381,180,631.6666666666666,69.51465619047619,6.150000000000001,2.8428571428571425,30.90190476190476,93.69285714285715,48.22142857142858,1.2238095238095237,32.425324761904754
2026-10-08T01:20:00.000Z,MCT2408050,15.553611,73.958333,90,86.03000000000002,655.6666666666666,92.69384666666667,11.196666666666667,4.37,30.540000000000003,94.46,49.330000000000005,2.8800000000000003,24.31102
2026-10-08T01:30:00.000Z,MCT2408050,15.553611,73.958333,89.0625,86.02999999999999,640,92.66523874999999,10.990000000000002,4.603125,30.061875000000004,92.743125,48.533125,2.9949999999999997,24.3793925
2026-10-08T01:40:00.000Z,MCT2408050,15.553611,73.958333,92.1875,86.02999999999999,632.125,92.69337062499999,10.960625000000002,4.685624999999999,31.546250000000004,98.111875,51.826875,3.00375,24.529546875000005
2026-10-08T01:50:00.000Z,MCT2408050,15.553611,73.958333,94.875,86.02999999999999,653.375,92.44732375,10.724375,4.619375,33.08,103.74687500000002,55.333124999999995,3.0018750000000005,24.75209375
2026-10-08T02:00:00.000Z,MCT2408050,15.553611,73.958333,93.0625,86.02999999999999,668.25,91.95522687499998,10.861875000000001,4.630625000000001,32.126875000000005,100.09625,53.048750000000005,2.94375,25.077197499999997
2026-10-08T02:10:00.000Z,MCT2408050,15.553611,73.958333,93.375,86.02999999999999,657.25,91.441195625,10.764999999999999,4.656874999999999,32.285624999999996,100.57875,53.3675,2.9324999999999997,25.557146874999994
2026-10-08T02:18:36.166Z,MCT2408050,15.553611,73.958333,91.76923076923077,86.02999999999999,658.9230769230769,90.99542769230769,10.926153846153849,4.6946153846153855,31.19,97.56615384615384,51.81461538461539,2.8515384615384614,26.00723846153846
2026-10-08T01:20:00.000Z,MCT2408030,15.142519,74.075003,92,163,550.5,80.96365499999999,9.094999999999999,6.2,34.21,102.19,56.325,0.375,26.06994
2026-10-08T01:30:00.000Z,MCT2408030,15.142519,74.075003,91.4,163,555.8,81.02748666666666,9.261333333333335,6.200000000000002,33.73933333333334,100.97200000000001,55.913333333333334,0.4386666666666667,26.001297333333333
2026-10-08T01:40:00.000Z,MCT2408030,15.142519,74.075003,123.21428571428571,163,566.4285714285714,81.30806642857144,9.421428571428573,6.200000000000002,49.80642857142857,150.41714285714286,83.91,0.6085714285714285,25.984903571428568
2026-10-08T01:50:00.000Z,MCT2408030,15.142519,74.075003,120.92857142857143,163,569.9285714285714,81.4721,9.760000000000002,6.200000000000002,50.87785714285713,152.37214285714282,84.45142857142858,0.9850000000000001,26.138886428571432
2026-10-08T02:00:00.000Z,MCT2408030,15.142519,74.075003,100.21428571428571,163,563.7142857142857,81.48081785714287,9.430000000000001,6.200000000000002,39.830714285714286,119.46071428571429,66.19571428571427,1.682857142857143,26.35109071428572
2026-10-08T02:10:00.000Z,MCT2408030,15.142519,74.075003,92.07142857142857,163,549.6428571428571,81.38218071428571,9.487142857142857,6.200000000000002,33.53857142857144,100.88571428571427,56.05214285714286,1.5635714285714288,26.56252642857143
2026-10-08T02:18:36.193Z,MCT2408030,15.142519,74.075003,88.25,163,544.75,81.333045,9.808333333333335,6.200000000000002,31.63166666666667,93.67500000000001,51.51166666666668,1.2566666666666666,26.750089999999997
2026-10-08T01:20:00.000Z,MCT2408023,15.499722,74.020833,131,171.48000000000002,527,91.00775,9.17,22.675,34.855000000000004,108.285,66.71,6.335,24.193044999999998
2026-10-08T01:30:00.000Z,MCT2408023,15.499722,74.020833,132.9375,166.22750000000002,522.0625,90.06552187500002,8.718750000000002,21.574375000000003,35.96625,110.89500000000002,67.706875,6.093749999999999,24.52418375
2026-10-08T01:40:00.000Z,MCT2408023,15.499722,74.020833,130.875,152.10062499999998,523.1875,87.670369375,8.431875,21.408125000000005,35.17187500000001,108.51937500000003,66.438125,5.9125,25.43380625
2026-10-08T01:50:00.000Z,MCT2408023,15.499722,74.020833,127.6875,160.615,515.125,82.089466875,8.75625,21.445625,34.775000000000006,106.38499999999999,64.71499999999999,5.987500000000001,27.325445625000004
2026-10-08T02:00:00.000Z,MCT2408023,15.499722,74.020833,123.5,178.116875,502.5,77.62627,8.968124999999999,20.125625,33.18937499999999,101.55562499999998,61.98875,6.305624999999999,29.162120000000005
2026-10-08T02:10:00.000Z,MCT2408023,15.499722,74.020833,124,167.751875,502.625,73.8153875,9.3575,19.385,33.42875,102.34562499999998,62.35375,6.996875,30.391483124999993
2026-10-08T02:18:36.193Z,MCT2408023,15.499722,74.020833,120.38461538461539,159.51230769230767,507.7692307692308,69.3121,9.321538461538465,18.89230769230769,32.75692307692307,99.26923076923075,60.11923076923077,6.936923076923076,32.22449384615384
2026-10-08T01:20:00.000Z,MCT2408027,15.275556,74.1075,101.66666666666667,662.3566666666666,519.6666666666666,89.78959333333334,6.580000000000001,13.14,32.873333333333335,99.22666666666667,52.04,2.9500000000000006,25.71601
2026-10-08T01:30:00.000Z,MCT2408027,15.275556,74.1075,100.9375,660.6431249999999,544.4375,89.72124499999998,6.579999999999999,12.677499999999997,32.665000000000006,97.40249999999997,50.826874999999994,2.9500000000000006,25.716009999999997
2026-10-08T01:40:00.000Z,MCT2408027,15.275556,74.1075,100.3125,657.246875,546.5625,90.08697875,6.579999999999999,12.416250000000002,32.23312500000001,95.61499999999998,49.77937499999999,2.9500000000000006,25.73477875
2026-10-08T01:50:00.000Z,MCT2408027,15.275556,74.1075,99.375,650.108125,523.5,89.777035,6.579999999999999,11.505625000000002,31.495,93.88875,49.10062499999998,2.9500000000000006,26.153058750000003
2026-10-08T02:00:00.000Z,MCT2408027,15.275556,74.1075,100.06666666666666,646.44,524.2,86.84769733333334,6.579999999999999,11.08066666666667,31.885333333333335,95.02266666666664,49.60799999999999,2.9500000000000006,26.669115333333334
2026-10-08T02:10:00.000Z,MCT2408027,15.275556,74.1075,97.9375,654.9918749999999,508.375,83.70451312499999,6.579999999999999,11.3175,30.326874999999994,90.87125000000003,47.67749999999999,2.9500000000000006,27.249700625
2026-10-08T02:18:36.216Z,MCT2408027,15.275556,74.1075,98.64285714285714,653.5885714285714,488.07142857142856,82.42086714285713,6.579999999999999,10.931428571428574,30.853571428571424,92.30642857142857,48.419999999999995,2.95,27.841112857142857
2026-10-08T01:20:00.000Z,MCT2408049,15.475278,74.055833,68,150,508.5,85.52603500000001,23.740000000000002,15.095,23.77,68.56,34.91,2.61,24.48262
2026-10-08T01:30:00.000Z,MCT2408049,15.475278,74.055833,66.625,159.8022125,517.875,85.73679375,24.326249999999995,16.375,23.047500000000003,66.263125,33.27875,2.61,24.589205
2026-10-08T01:40:00.000Z,MCT2408049,15.475278,74.055833,71.875,152.6766875,520.125,85.80307499999999,24.275,16.56625,26.641249999999992,76.89187500000003,38.793749999999996,2.61,24.860683749999996
2026-10-08T01:50:00.000Z,MCT2408049,15.475278,74.055833,73.6875,156.181875,520.75,85.66526750000001,24.578125,17.084375,28.2225,81.39249999999998,41.094375,2.61,25.3607425
2026-10-08T02:00:00.000Z,MCT2408049,15.475278,74.055833,74.15384615384616,157.2871384615385,521.8461538461538,85.08440692307691,24.217692307692307,18.794615384615387,28.662307692307692,82.2623076923077,41.372307692307686,2.61,25.883486923076923
2026-10-08T02:10:00.000Z,MCT2408049,15.475278,74.055833,79.33333333333333,151.70323333333332,523.8,83.92157066666667,24.558666666666664,18.54733333333333,32.148,91.87533333333333,45.93200000000001,2.61,26.615487999999996
2026-10-08T02:18:36.399Z,MCT2408049,15.475278,74.055833,75.3076923076923,151.81433846153848,512.6153846153846,83.11367538461538,24.455384615384613,18.91692307692308,29.076153846153847,83.55846153846154,41.96076923076923,2.61,27.276923846153846
2026-10-08T01:20:00.000Z,MCT2408040,15.528056,74.020833,19.5,100,569.5,88.77997,8.004999999999999,4.675,6.73,19.65,9.365,3.5,24.4719
2026-10-08T01:30:00.000Z,MCT2408040,15.528056,74.020833,18.8125,100,574.625,88.81477750000003,7.479375,4.69375,6.295624999999999,18.357499999999998,8.819374999999999,3.5,24.533566875
2026-10-08T01:40:00.000Z,MCT2408040,15.528056,74.020833,19,100,572.6875,88.82574375000002,7.612500000000001,4.624999999999999,6.422499999999999,18.753124999999997,8.976249999999999,3.5,24.725280625
2026-10-08T01:50:00.000Z,MCT2408040,15.528056,74.020833,19.0625,100,580.875,88.57397312499998,7.47625,4.630625,6.513125,18.949375,9.054999999999998,3.5,25.04099875
2026-10-08T02:00:00.000Z,MCT2408040,15.528056,74.020833,19.125,100,567.6875,88.30599250000002,7.390625,4.585625,6.679374999999999,19.409375,9.24625,3.5,25.41771875
2026-10-08T02:10:00.000Z,MCT2408040,15.528056,74.020833,19.5,100,547.125,87.85633562500001,7.463125,4.539375,6.7924999999999995,19.759375000000002,9.42375,3.5,25.792428125
2026-10-08T02:18:36.399Z,MCT2408040,15.528056,74.020833,19.384615384615383,100,536,87.52229307692306,7.313076923076924,4.538461538461538,6.720769230769231,19.623076923076926,9.388461538461538,3.5,26.127689999999998
2026-10-08T01:20:00.000Z,MCT2408044,15.313669,74.140042,49,214.29,548.5,90.523285,10.81,3.74,18.68,49,27.84,3.6717950000000004,24.504075
2026-10-08T01:30:00.000Z,MCT2408044,15.313669,74.140042,48.9375,214.29,546.1875,90.22144812500001,10.962500000000002,3.37875,18.680625,48.71875,27.57,3.7161858125000005,24.685730625
2026-10-08T01:40:00.000Z,MCT2408044,15.313669,74.140042,49,214.29,542.2307692307693,89.56168769230769,11.029230769230768,3.424615384615385,18.61307692307692,48.69230769230769,27.569999999999997,3.52790923076923,25.004853076923077
2026-10-08T01:50:00.000Z,MCT2408044,15.313669,74.140042,48.4375,214.29,533.9375,89.0055125,11.013125000000002,3.5075000000000003,17.99625,47.40625,27.030000000000005,3.3329327500000003,25.345995000000002
2026-10-08T02:00:00.000Z,MCT2408044,15.313669,74.140042,48,214.29,519.5625,88.12813,11.130625000000002,3.416875,17.819374999999997,46.75,26.72625,2.8714743124999997,25.98883
2026-10-08T02:10:00.000Z,MCT2408044,15.313669,74.140042,47.333333333333336,214.29,527.1333333333333,85.806538,11.256666666666664,3.3419999999999996,17.471999999999998,45.733333333333334,25.986,2.7884614666666665,27.332641333333335
2026-10-08T02:18:36.425Z,MCT2408044,15.313669,74.140042,46.92857142857143,214.29,530.8571428571429,82.46446285714285,10.912142857142856,3.3364285714285713,16.954285714285714,44.392857142857146,25.095714285714287,3.208150214285714,28.60029571428571
2026-10-08T01:20:00.000Z,MCT2408046,15.529167,74.07,65.25,95.52,717.25,84.11078,13.7375,0.4425,22.445,67.4925,33.115,3.8925,25.4800575
2026-10-08T01:30:00.000Z,MCT2408046,15.529167,74.07,65.76,95.52,712.88,83.76470920000003,13.577599999999997,0.44679999999999986,22.9116,68.79160000000003,33.922,3.841200000000001,25.6186276
2026-10-08T01:40:00.000Z,MCT2408046,15.529167,74.07,65.12,95.52,705.72,83.58923239999999,13.5956,0.42560000000000003,22.558399999999992,67.50359999999999,33.073999999999984,3.7952000000000004,25.725450799999997
2026-10-08T01:50:00.000Z,MCT2408046,15.529167,74.07,63.88,95.52,698.76,83.51263480000003,13.6532,0.41120000000000007,21.624000000000002,64.61760000000001,31.69440000000001,3.7228,25.943381600000002
2026-10-08T02:00:00.000Z,MCT2408046,15.529167,74.07,63.04,95.52,691.36,82.85162399999999,13.6276,0.33559999999999995,21.015200000000004,62.83999999999999,30.84680000000001,3.7956,26.307608000000002
2026-10-08T02:10:00.000Z,MCT2408046,15.529167,74.07,62.96,95.52,695.68,82.2553108,13.6708,0.36319999999999986,20.964400000000005,62.618,30.79960000000001,3.7268,26.701003600000004
2026-10-08T02:18:36.425Z,MCT2408046,15.529167,74.07,64.57142857142857,96.23380952380951,697.7142857142857,81.69771142857141,13.716190476190475,0.30761904761904757,22.249999999999996,66.39571428571428,32.37380952380953,3.4923809523809517,27.19760714285715
2026-10-08T01:20:00.000Z,MCT2408037,15.394444,74.118333,80.5,160,480,85.17889,10.32,14.32,25.275,85.86,42.345,3.9850000000000003,24.78829
2026-10-08T01:30:00.000Z,MCT2408037,15.394444,74.118333,78.5,160,486,85.20082624999998,9.936250000000001,14.379375000000003,24.483750000000008,81.978125,39.81500000000001,4.351875,24.801696250000006
2026-10-08T01:40:00.000Z,MCT2408037,15.394444,74.118333,77,160,481.5,85.30430249999999,9.710625000000002,14.435000000000002,23.601250000000004,78.75750000000001,38.17937500000001,4.406875,24.745389375
2026-10-08T01:50:00.000Z,MCT2408037,15.394444,74.118333,77.625,160,484.1875,85.47691562500002,9.827499999999999,14.439375000000002,24.065625,80.138125,38.69312500000001,4.240625,24.817113749999997
2026-10-08T02:00:00.000Z,MCT2408037,15.394444,74.118333,77.0625,160,480.3125,85.41445125000001,10.0775,14.453125,23.647499999999997,78.91250000000002,38.27375000000001,4.3575,24.965923125
2026-10-08T02:10:00.000Z,MCT2408037,15.394444,74.118333,75.875,160,487.875,85.69292375,9.668750000000001,14.470625000000004,22.950625000000002,76.45812500000001,36.963750000000005,3.86625,25.270249999999997
2026-10-08T02:18:36.439Z,MCT2408037,15.394444,74.118333,75,160,496.2857142857143,85.68079928571429,9.497857142857145,14.572142857142861,22.35357142857143,74.00571428571428,35.49785714285715,3.787142857142857,25.716010714285716
2026-10-08T01:20:00.000Z,MCT2408042,15.213889,74.071667,100,190.57666666666668,557,89.6955,25.643333333333334,15.300000000000002,32.76,97.88666666666666,50.71666666666666,3.72,26.30946666666667
2026-10-08T01:30:00.000Z,MCT2408042,15.213889,74.071667,102.46666666666667,197.6666666666666,559.6666666666666,89.42592533333331,25.686,14.636666666666668,35.36866666666666,103.84666666666668,53.20666666666667,3.679333333333333,26.517532666666664
2026-10-08T01:40:00.000Z,MCT2408042,15.213889,74.071667,101.75,151.005625,560.5625,89.111370625,25.350000000000005,14.549375000000001,34.8075,102.0875,52.100625,3.2762500000000006,26.883036875000005
2026-10-08T01:50:00.000Z,MCT2408042,15.213889,74.071667,99.4375,201.569375,561.25,89.391273125,25.414374999999996,14.676875000000003,32.589375000000004,95.874375,48.972500000000004,3.1968749999999995,27.147140625000002
2026-10-08T02:00:00.000Z,MCT2408042,15.213889,74.071667,99.3125,181.840625,541.25,89.08323687500001,25.099999999999998,14.85375,32.532500000000006,95.7025,48.915625,3.016875,27.512464375
2026-10-08T02:10:00.000Z,MCT2408042,15.213889,74.071667,101.75,134.30687500000002,540.625,88.54202562500001,24.985624999999995,15.135625000000001,34.693749999999994,101.34562500000001,51.47624999999999,3.2337499999999997,27.847624375
2026-10-08T02:18:36.637Z,MCT2408042,15.213889,74.071667,103.21428571428571,102.87428571428572,561,86.4775257142857,25.21357142857143,15.592142857142857,36.334999999999994,105.85642857142857,53.68714285714285,3.882142857142857,28.311487857142858
2026-10-08T01:20:00.000Z,MCT2408041,15.224628,74.171389,73.5,349.27435,650.5,88.87915,13.73,9.7,25.07,73.305,37.605000000000004,7.84,24.99743
2026-10-08T01:30:00.000Z,MCT2408041,15.224628,74.171389,75.25,292.43574375,654.3125,88.877718125,13.871875,9.7,26.026875,76.545,39.275625000000005,7.886874999999998,25.208579375
2026-10-08T01:40:00.000Z,MCT2408041,15.224628,74.171389,76.85714285714286,264.0470714285714,644.4285714285714,87.62629499999998,14.001428571428571,9.700000000000001,26.798571428571428,79.20642857142857,40.67142857142857,7.852857142857142,26.02704
2026-10-08T01:50:00.000Z,MCT2408041,15.224628,74.171389,75.875,278.964475,622.75,86.63944624999999,13.936875,9.7,26.43,77.96249999999999,40.08562500000001,7.6925,26.636358125
2026-10-08T02:00:00.000Z,MCT2408041,15.224628,74.171389,76.4375,242.3545,639.5625,85.10450812500001,13.959999999999997,9.7,26.430625000000003,77.75999999999999,39.832499999999996,7.680625,27.287908125
2026-10-08T02:10:00.000Z,MCT2408041,15.224628,74.171389,75,258.59315,650.8125,84.01207312500001,13.848749999999999,9.7,25.272499999999997,74.77312500000001,38.5675,7.789375000000001,27.706185625
2026-10-08T02:18:36.638Z,MCT2408041,15.224628,74.171389,75.76923076923077,227.5050846153846,617.0769230769231,83.74926230769232,13.833076923076923,9.700000000000001,25.93846153846154,76.51384615384616,39.380769230769225,7.8769230769230765,27.921256923076918
2026-10-08T01:20:00.000Z,MCT2408033,15.346944,74.007778,59.666666666666664,110,593.6666666666666,89.7489,7.876666666666666,3.9633333333333334,27.070000000000004,68.20333333333333,40.38999999999999,4.39,26.016313333333333
2026-10-08T01:30:00.000Z,MCT2408033,15.346944,74.007778,60.3125,110,595.125,89.680714375,7.7487499999999985,3.8874999999999997,27.008125,68.75187500000001,41.17625,4.39,26.089375625
2026-10-08T01:40:00.000Z,MCT2408033,15.346944,74.007778,61.0625,110,561,89.73125625,7.255624999999999,3.63375,27.536874999999995,69.935625,41.83625,4.39,26.239531875
2026-10-08T01:50:00.000Z,MCT2408033,15.346944,74.007778,60.9375,110,592.625,89.81565750000001,7.019374999999998,3.596875,27.346874999999997,69.679375,41.801249999999996,4.39,26.504306875000005
2026-10-08T02:00:00.000Z,MCT2408033,15.346944,74.007778,61.6875,110,558.6875,90.486091875,7.389375,3.134375,27.953124999999996,71.21812500000001,42.72,4.39,26.87499125
2026-10-08T02:10:00.000Z,MCT2408033,15.346944,74.007778,58.25,110,558.625,91.10550375000003,6.7262499999999985,2.609375,25.303124999999998,64.35999999999999,38.565625,4.39,27.317402499999996
2026-10-08T02:18:36.660Z,MCT2408033,15.346944,74.007778,57.23076923076923,110,578.2307692307693,90.27826384615383,7.285384615384616,3.173846153846154,24.52076923076923,62.052307692307686,37.150000000000006,4.39,27.770279999999996
2026-10-08T01:20:00.000Z,MCT2408024,15.148056,74.131667,100.25,212.50665,794,80.826325,18.67781,5.3860030000000005,36.97,111.18,58.2,3.3575,26.3032125
2026-10-08T01:30:00.000Z,MCT2408024,15.148056,74.131667,102.54166666666667,210.02871666666667,836.5,80.73699791666665,18.357871250000006,6.392195750000002,37.886666666666684,117.22041666666667,62.907916666666694,3.466666666666667,26.408227499999995
2026-10-08T01:40:00.000Z,MCT2408024,15.148056,74.131667,99.625,209.36794583333332,795.625,80.50429958333335,18.54982041666667,6.623978083333334,35.84500000000002,109.76708333333336,58.24458333333336,3.2712499999999998,26.700932499999997
2026-10-08T01:50:00.000Z,MCT2408024,15.148056,74.131667,97.38095238095238,210.57297619047617,750.047619047619,80.10025952380951,20.418384761904765,17.519067238095232,34.68428571428573,105.27285714285719,55.52952380952382,3.2257142857142846,27.225695714285717
2026-10-08T02:00:00.000Z,MCT2408024,15.148056,74.131667,95.73913043478261,208.5450130434783,747.4782608695652,79.38022304347824,18.86026478260869,11.675134391304343,33.796086956521755,101.89652173913046,53.30782608695654,2.978260869565216,28.200969565217385
2026-10-08T02:10:00.000Z,MCT2408024,15.148056,74.131667,94.70833333333333,204.41282500000003,783.0416666666666,76.87270833333334,18.907991666666664,13.458390000000001,33.17833333333335,99.69000000000004,52.085000000000015,2.9595833333333332,29.568110416666674
2026-10-08T02:18:36.663Z,MCT2408024,15.148056,74.131667,92.47368421052632,206.83939999999998,732.5263157894736,74.25761631578949,19.036454210526315,12.113615263157891,31.816315789473695,95.15105263157898,49.749473684210535,2.9415789473684204,30.667055789473686
2026-10-08T01:20:00.000Z,MCT2408045,15.619444,73.878889,57,178.12,795.5,85.78925,9.7,15.99,16.865000000000002,56.745000000000005,29.119999999999997,2.53,24.19841
2026-10-08T01:30:00.000Z,MCT2408045,15.619444,73.878889,58.75,178.11999999999995,787.9375,85.82262374999999,10.124374999999997,15.810624999999998,17.805625000000003,59.63187500000001,30.46312500000001,2.5300000000000002,24.284880624999996
2026-10-08T01:40:00.000Z,MCT2408045,15.619444,73.878889,60.5625,178.11999999999995,785.5,86.17500625000004,9.855,15.53,18.874375,63.128750000000004,32.23187500000001,2.5300000000000002,24.450448125
2026-10-08T01:50:00.000Z,MCT2408045,15.619444,73.878889,61.5625,178.11999999999995,772.625,86.55504499999999,10.064375000000002,15.385000000000002,19.220625,64.769375,33.292500000000004,2.5300000000000002,24.699808125000004
2026-10-08T02:00:00.000Z,MCT2408045,15.619444,73.878889,62.625,178.11999999999995,765.5,86.514993125,10.093125,15.475625000000003,20.039374999999996,67.30000000000001,34.49125,2.5300000000000002,25.177075000000002
2026-10-08T02:10:00.000Z,MCT2408045,15.619444,73.878889,60.9375,178.11999999999995,767.3125,87.013763125,9.617500000000001,14.945625000000001,18.969375,64.05562499999999,33.009375000000006,2.5300000000000002,25.635572500000002
2026-10-08T02:18:36.672Z,MCT2408045,15.619444,73.878889,58.642857142857146,178.11999999999995,770.7857142857143,87.72547714285714,9.67,14.34,17.543571428571433,59.35214285714286,30.533571428571427,2.5300000000000002,26.121267142857143
2026-10-08T01:20:00.000Z,MCT2408022,15.475833,74.038889,94.5,150,452,85.804505,3.755,12.131525,31.5,95,50,4.445501999999999,24.632775000000002
2026-10-08T01:30:00.000Z,MCT2408022,15.475833,74.038889,95.4375,150,459.6875,86.11635562499998,3.7499999999999996,11.890937500000003,32.1875,96.4375,50.375,4.3629059375,24.744049375
2026-10-08T01:40:00.000Z,MCT2408022,15.475833,74.038889,94.5625,150,453.9375,84.525628125,3.9725,11.962223750000001,31.5,94.8125,49.8125,4.3660862499999995,25.510893125
2026-10-08T01:50:00.000Z,MCT2408022,15.475833,74.038889,93.4375,150,458.75,82.053701875,3.9962500000000007,11.71523625,30.8125,92.5625,48.625,4.317137125,26.811981875
2026-10-08T02:00:00.000Z,MCT2408022,15.475833,74.038889,92.6875,150,470.5625,78.43546312500001,3.6587500000000004,11.726405625000002,30.5625,91.0625,47.5,4.2699854375,28.4837575
2026-10-08T02:10:00.000Z,MCT2408022,15.475833,74.038889,91.66666666666667,150,477.8666666666667,74.65236333333334,3.6773333333333342,11.786144666666667,29.8,88.8,46.06666666666667,4.312596133333333,30.072545999999996
2026-10-08T02:18:36.870Z,MCT2408022,15.475833,74.038889,90.07142857142857,150,477.92857142857144,70.53808571428571,3.9892857142857143,11.285284285714285,28.357142857142858,85.57142857142857,44.785714285714285,4.413285071428571,31.425592857142853
2026-10-08T01:20:00.000Z,MCT2408032,15.525556,73.828611,198.33333333333334,338.5133333333333,655,64.48035,14.780000000000001,17.746666666666666,58.85333333333333,178.26,93.90333333333332,3.7533333333333334,32.41562
2026-10-08T01:30:00.000Z,MCT2408032,15.525556,73.828611,203.36,326.11519999999996,667.48,64.76171919999999,14.822400000000005,17.6476,59.6888,183.01760000000002,97.11160000000001,3.6180000000000003,32.374153199999995
2026-10-08T01:40:00.000Z,MCT2408032,15.525556,73.828611,197.8,188.53279999999998,682.12,64.60882639999998,14.852000000000002,17.521600000000003,57.583200000000005,176.41920000000002,93.71440000000001,3.5416000000000003,32.44879800000002
2026-10-08T01:50:00.000Z,MCT2408032,15.525556,73.828611,198.96,178.92999999999995,682.76,67.27484040000002,14.7788,17.468400000000003,58.605999999999995,178.63880000000006,94.39519999999999,3.312,31.715200400000004
2026-10-08T02:00:00.000Z,MCT2408032,15.525556,73.828611,194.72,178.92999999999995,678.12,69.1135248,14.4448,17.191599999999998,56.8992,173.57440000000003,91.84639999999999,3.232800000000001,31.237289600000004
2026-10-08T02:10:00.000Z,MCT2408032,15.525556,73.828611,191.36,178.92999999999995,656.92,66.3709104,14.293600000000003,17.2212,55.47559999999999,169.42,89.80679999999998,3.4588000000000005,32.0978732
2026-10-08T02:18:36.874Z,MCT2408032,15.525556,73.828611,185.5,178.92999999999995,644.8636363636364,63.2485459090909,14.22909090909091,17.490454545454547,53.395454545454534,162.91409090909087,86.22409090909089,3.6509090909090913,32.97056363636363
2026-10-08T01:20:00.000Z,MCT2408036,15.171567,74.067106,53.5,120,593.5,87.69278,9.184999999999999,6.955,19.47,57.245,30.395,11.365,26.32198
2026-10-08T01:30:00.000Z,MCT2408036,15.171567,74.067106,52.0625,120,588.1875,87.83153875,10.0375,7.2562500000000005,18.419375000000002,54.07625,28.653750000000002,11.915625,26.321979374999998
2026-10-08T01:40:00.000Z,MCT2408036,15.171567,74.067106,52.53333333333333,120,589.1333333333333,87.02571599999997,9.758666666666668,6.700666666666666,18.770666666666667,55.38600000000001,29.483999999999998,12.283999999999999,26.611914000000002
2026-10-08T01:50:00.000Z,MCT2408036,15.171567,74.067106,51.375,120,586.375,86.11111187499999,10.071875,7.36125,18.05625,52.61937499999999,27.673125000000006,11.725624999999997,27.024473125
2026-10-08T02:00:00.000Z,MCT2408036,15.171567,74.067106,51.4375,120,586.25,84.818881875,9.67125,7.112499999999999,17.99125,52.653125,27.831875000000004,10.661249999999999,28.212948750000002
2026-10-08T02:10:00.000Z,MCT2408036,15.171567,74.067106,50.93333333333333,120,587.5333333333333,80.09212133333334,9.144666666666666,6.9639999999999995,17.891999999999996,51.839999999999996,27.086000000000006,10.066666666666666,30.511559999999996
2026-10-08T02:18:36.895Z,MCT2408036,15.171567,74.067106,49.84615384615385,120,584.1538461538462,74.96959076923076,9.645384615384616,7.10076923076923,17.12538461538462,49.295384615384606,25.719230769230766,10.220769230769232,32.07434307692308
2026-10-08T01:20:00.000Z,MCT2408035,15.236111,74.125,43.333333333333336,190,621,89.26825000000001,16.96428333333333,7.56,11.79,35.47333333333333,18.743333333333336,3.83,25.65166333333333
2026-10-08T01:30:00.000Z,MCT2408035,15.236111,74.125,43.875,190,624.0625,88.87152124999997,17.464771874999997,7.383125,11.813749999999995,35.56500000000001,18.845625000000002,4.048124999999999,25.89833625
2026-10-08T01:40:00.000Z,MCT2408035,15.236111,74.125,44.5,190,638.4375,88.27023,17.959447499999996,7.195,11.647499999999997,34.97625000000001,18.443125000000006,3.998124999999999,26.163783125
2026-10-08T01:50:00.000Z,MCT2408035,15.236111,74.125,44.125,190,649.1875,88.02275125000001,17.551383749999996,7.216875,11.386249999999999,34.385000000000005,18.185000000000002,4.190625,26.326671875
2026-10-08T02:00:00.000Z,MCT2408035,15.236111,74.125,41.1875,190,631.25,87.69802375000003,14.989069062499997,6.0062500000000005,11.623749999999996,35.023125000000014,18.5625,4.26,26.842145625
2026-10-08T02:10:00.000Z,MCT2408035,15.236111,74.125,42.1875,190,597.5625,86.59605437499998,15.852280625000002,5.86,11.813749999999997,35.51875000000001,18.798125000000002,4.404375000000001,27.43873
2026-10-08T02:18:36.904Z,MCT2408035,15.236111,74.125,44.38461538461539,190,589.7692307692307,85.46529,17.72049384615385,6.166153846153847,11.760769230769228,35.20923076923078,18.60769230769231,4.2130769230769225,27.988083076923072
2026-10-08T01:20:00.000Z,MCT2408031,15.290833,74.149167,52.5,140,691,87.46771,6.693412,14.71728,20,52.825,29.05,5.16,24.39682
2026-10-08T01:30:00.000Z,MCT2408031,15.290833,74.149167,53.125,140,685.5,87.51205812499998,6.51934625,14.556721875,20.744999999999997,54.374375,29.761249999999997,5.2775,24.444413750000002
2026-10-08T01:40:00.000Z,MCT2408031,15.290833,74.149167,53.1875,140,690.1875,87.37997375,6.483978812499999,14.632964187499997,20.744374999999998,54.158125,29.493125000000003,5.189374999999999,24.604622499999994
2026-10-08T01:50:00.000Z,MCT2408031,15.290833,74.149167,53.9375,140,689.1875,87.339918125,6.331819875000002,15.2778748125,20.923750000000002,54.918125,30.030000000000005,5.07125,24.819794999999996
2026-10-08T02:00:00.000Z,MCT2408031,15.290833,74.149167,60.1875,140,685.5625,87.0576325,6.3183591875000005,14.873348749999998,25.83375,67.30875,36.666250000000005,4.795,25.315160624999997
2026-10-08T02:10:00.000Z,MCT2408031,15.290833,74.149167,54.5625,140,684.0625,86.0715325,6.262800874999999,16.121016875000002,21.548124999999995,56.13999999999999,30.56625,4.49875,26.360188125000004
2026-10-08T02:18:36.903Z,MCT2408031,15.290833,74.149167,51.642857142857146,140,668.4285714285714,85.01867714285716,6.339888928571427,16.32155142857143,19.116428571428575,49.90642857142858,27.279285714285717,4.275714285714286,27.294900000000002
2026-10-08T01:20:00.000Z,MCT2408039,15.163611,74.110833,58.666666666666664,158.36333333333334,580,87.43211000000001,13.47,10.3,18.223333333333333,59.946666666666665,25.286666666666665,2.3,25.66953666666667
2026-10-08T01:30:00.000Z,MCT2408039,15.163611,74.110833,60.2,169.31666666666666,571.8666666666667,87.17169333333335,12.005333333333333,10.3,18.9,62.42933333333333,26.224,2.3,25.693132666666664
2026-10-08T01:40:00.000Z,MCT2408039,15.163611,74.110833,60,180.24750000000006,541.3125,86.89932312500001,13.090624999999998,10.3,18.775000000000002,61.88749999999999,25.934375000000003,2.3,25.691880624999996
2026-10-08T01:50:00.000Z,MCT2408039,15.163611,74.110833,59.9375,219.11187500000003,507.4375,86.39864312499998,13.055625,10.3,18.740000000000002,61.82249999999999,25.808125,2.3,25.701934999999995
2026-10-08T02:00:00.000Z,MCT2408039,15.163611,74.110833,60.25,208.394375,493.3125,86.044355,12.915624999999999,10.3,18.915000000000003,62.274375,26.091875,2.3,25.770308125
2026-10-08T02:10:00.000Z,MCT2408039,15.163611,74.110833,60.3125,131.37375000000003,511.5,86.20361750000002,14.314374999999998,10.3,18.880000000000003,62.14562499999999,25.996875,2.3,26.0665875
2026-10-08T02:18:37.098Z,MCT2408039,15.163611,74.110833,60.5,106.45357142857145,550.8571428571429,86.30041642857142,13.894285714285713,10.299999999999999,18.880714285714284,62.16357142857144,26.015000000000004,2.3000000000000003,26.390926428571422
2026-10-08T01:20:00.000Z,MCT2408038,15.188889,74.055556,57,233.33,797.6666666666666,89.19958333333334,8.783333333333333,13.33,18.786666666666665,52.35333333333333,25.349999999999998,4.706666666666666,26.259416666666667
2026-10-08T01:30:00.000Z,MCT2408038,15.188889,74.055556,56.06666666666667,233.82866666666663,786.8,89.09836999999999,8.955333333333334,13.330000000000005,18.04266666666667,50.16600000000001,24.286666666666665,4.671333333333333,26.24440333333333
2026-10-08T01:40:00.000Z,MCT2408038,15.188889,74.055556,55.5,233.32999999999996,791.875,88.872475,9.043124999999998,13.330000000000005,17.650000000000002,49.08000000000001,23.803124999999994,4.631875,26.397054374999996
2026-10-08T01:50:00.000Z,MCT2408038,15.188889,74.055556,55.8125,233.32999999999996,757.875,88.11954875,8.770624999999999,13.330000000000005,17.766250000000003,49.514375000000015,24.078125,4.6674999999999995,26.822038125
2026-10-08T02:00:00.000Z,MCT2408038,15.188889,74.055556,56.1875,233.32999999999996,756.875,87.51205875,8.919999999999998,13.330000000000005,18.1925,50.510000000000005,24.456250000000004,4.671875,27.144459375
2026-10-08T02:10:00.000Z,MCT2408038,15.188889,74.055556,56.266666666666666,233.32999999999996,776.7333333333333,86.34720866666666,8.633333333333333,13.330000000000005,18.16666666666667,50.564,24.61666666666667,4.642,27.776660666666668
2026-10-08T02:18:37.102Z,MCT2408038,15.188889,74.055556,62.92857142857143,233.32999999999996,754.9285714285714,84.68516285714286,8.949285714285715,13.330000000000004,22.827142857142857,64.045,31.25714285714286,4.518571428571428,28.59723357142857
2026-10-08T01:20:00.000Z,MCT2408026,15.2467,74.198281,118,125,611,84.099335,12.9207075,12.5,26.939999999999998,83.17249999999999,43.3925,50.675,26.292485
2026-10-08T01:30:00.000Z,MCT2408026,15.2467,74.198281,117.95833333333333,125,614.375,84.47603708333334,12.928712083333338,12.5,28.278333333333332,86.95958333333333,45.4425,50.68791666666666,26.140990833333337
2026-10-08T01:40:00.000Z,MCT2408026,15.2467,74.198281,118,125,610.7142857142857,84.85555238095233,12.94842857142857,12.5,28.851428571428578,89.01904761904761,46.700476190476195,50.69428571428571,26.071469999999998
2026-10-08T01:50:00.000Z,MCT2408026,15.2467,74.198281,118,125,583,84.57839666666668,12.860277083333337,12.5,29.57875,91.10875000000003,47.695,50.637499999999996,26.355941666666663
2026-10-08T02:00:00.000Z,MCT2408026,15.2467,74.198281,118,125,589.3333333333334,85.12008374999999,12.953072916666665,12.5,28.122083333333336,86.83916666666666,45.44375,50.56875,26.519945833333328
2026-10-08T02:10:00.000Z,MCT2408026,15.2467,74.198281,118,125,585,84.85784800000002,12.839857199999997,12.5,27.866400000000002,86.42159999999998,45.24480000000001,50.66000000000001,26.9129324
2026-10-08T02:18:37.127Z,MCT2408026,15.2467,74.198281,118,125,573.5238095238095,84.43593666666668,12.897439047619049,12.5,27.63761904761905,85.70619047619046,44.90904761904763,50.714285714285715,27.346737142857148
2026-10-08T08:40:00.000Z,MCT2408028,15.186944,74.096667,93.125,632.7925,429.9375,57.5313975,12.853124999999999,16.574374999999996,23.283750000000005,73.26999999999998,40.075625,10.037500000000001,40.019941875
2026-10-08T08:50:00.000Z,MCT2408028,15.186944,74.096667,95.2,628.3543999999998,432.4,58.3267816,12.97,15.9624,24.850400000000015,77.51799999999999,42.03200000000001,9.596400000000003,39.787341600000005
2026-10-08T09:00:00.000Z,MCT2408028,15.186944,74.096667,97.04166666666667,620.265,432.5833333333333,59.357844166666666,13.312916666666661,15.625416666666666,25.92875000000001,81.205,44.15625000000001,8.75125,39.52234000000001
2026-10-08T09:10:00.000Z,MCT2408028,15.186944,74.096667,96.44,604.3832,439.08,59.3326424,13.306399999999996,16.476399999999998,25.890000000000015,79.90359999999997,42.946000000000005,8.425199999999998,39.3806432
2026-10-08T09:20:00.000Z,MCT2408028,15.186944,74.096667,93.56,592.7259999999999,444.64,59.74157800000001,14.025199999999998,16.641600000000004,24.010000000000012,74.17639999999997,39.96479999999999,7.748000000000001,39.238212
2026-10-08T09:30:00.000Z,MCT2408028,15.186944,74.096667,94.64,584.3528000000001,443.56,61.2500604,14.4544,14.958400000000001,24.850000000000012,76.32519999999997,40.879599999999996,6.387199999999999,38.886002399999995
2026-10-08T09:33:42.669Z,MCT2408028,15.186944,74.096667,95.11111111111111,594.4677777777778,454.44444444444446,62.16185777777778,13.976666666666665,13.104444444444447,25.19222222222222,77.22444444444444,41.312222222222225,5.075555555555556,38.7910988888889
2026-10-08T08:40:00.000Z,MCT2408020,15.543475,74.039433,81.5,180,521.7,43.061583999999996,10.772783899999999,18.049903999999998,23.655,71.11,36.895,3.6599999999999993,43.490714000000004
2026-10-08T08:50:00.000Z,MCT2408020,15.543475,74.039433,81.0625,180,524.125,43.86763,10.526686499999999,18.67618125,23.4225,70.19,36.36375,3.6599999999999984,43.40437875
2026-10-08T09:00:00.000Z,MCT2408020,15.543475,74.039433,80.875,180,527,43.43609250000001,10.743603687499999,19.162161249999997,23.30625,69.95562500000001,36.3625,3.6599999999999984,43.4251575
2026-10-08T09:10:00.000Z,MCT2408020,15.543475,74.039433,81.3125,180,526.375,43.310208125,10.569862249999998,18.936548750000004,23.713125,71.00562500000001,36.71,3.6599999999999984,43.56324312499999
2026-10-08T09:20:00.000Z,MCT2408020,15.543475,74.039433,81.5625,180,520,42.493861249999995,11.221131875000003,18.579490000000003,23.945625000000003,71.470625,36.88312500000001,3.6599999999999984,43.686580625
2026-10-08T09:30:00.000Z,MCT2408020,15.543475,74.039433,84.375,191.5540875,536.8125,44.59099249999999,10.4231694375,15.590244375000001,25.335000000000004,76.71375,40.07625000000001,3.6599999999999984,43.41242062500001
2026-10-08T09:33:42.669Z,MCT2408020,15.543475,74.039433,86.66666666666667,251.96276666666668,544.6666666666666,46.004495,9.650090833333332,13.963088333333332,27.209999999999997,81.39333333333333,42.129999999999995,3.66,42.774278333333335
2026-10-08T08:40:00.000Z,MCT2408056,15.579167,73.920833,94.3,180,424.5,47.304291,7.462999999999999,24.136149999999997,28.526,81.87800000000001,43.580000000000005,1.5610000000000004,41.698550999999995
2026-10-08T08:50:00.000Z,MCT2408056,15.579167,73.920833,94.9375,180,437.5625,49.152893750000004,7.495625,21.742959374999998,29.031249999999993,83.278125,44.402499999999996,1.6562499999999998,40.96844124999999
2026-10-08T09:00:00.000Z,MCT2408056,15.579167,73.920833,94.875,180,434.5625,49.89199125,7.199375,18.6561039375,29.031249999999993,83.16437499999999,44.34375,1.9918749999999998,40.43084437499999
2026-10-08T09:10:00.000Z,MCT2408056,15.579167,73.920833,94.625,180,425.9375,49.22489499999999,7.373749999999999,21.658599374999998,28.79624999999999,82.595,44.049375,1.6218749999999997,40.560886249999996
2026-10-08T09:20:00.000Z,MCT2408056,15.579167,73.920833,94.4,180,429.6,49.31107533333333,7.39,18.741003333333328,28.71399999999999,82.15200000000002,43.67399999999999,1.6046666666666665,40.40295666666667
2026-10-08T09:30:00.000Z,MCT2408056,15.579167,73.920833,94.875,180,425.4375,49.81951125,7.470000000000001,18.88057625,28.913749999999993,83.10749999999997,44.34375,1.8756249999999992,40.38459
2026-10-08T09:33:42.685Z,MCT2408056,15.579167,73.920833,94.25,180,373.75,49.0346375,7.3950000000000005,21.349767500000002,28.619999999999997,81.97,43.58,1.56,40.0849625
2026-10-08T08:40:00.000Z,MCT2408055,15.585833,73.885556,75.5,116.05333333333333,537.3333333333334,41.904968333333336,8.918333333333335,4.703333333333334,21.213333333333335,58.99,31.584999999999997,22.985000000000003,42.70814166666667
2026-10-08T08:50:00.000Z,MCT2408055,15.585833,73.885556,74.83333333333333,109.09166666666665,554.5,42.22031666666667,8.3,5.7299999999999995,20.98,58.99,31.81333333333333,22.680000000000003,42.293436666666665
2026-10-08T09:00:00.000Z,MCT2408055,15.585833,73.885556,74.16666666666667,109.97666666666667,523.1666666666666,42.455553333333334,9.338333333333333,4.858333333333333,20.863333333333333,58.33166666666667,31.245000000000005,22.10166666666667,41.93593333333333
2026-10-08T09:10:00.000Z,MCT2408055,15.585833,73.885556,73.85714285714286,96.30428571428571,482.85714285714283,42.746382857142855,8.712857142857143,4.528571428571428,20.78,58.269999999999996,31.259999999999998,22.08142857142857,41.78527142857143
2026-10-08T09:20:00.000Z,MCT2408055,15.585833,73.885556,74.6,100.056,614.8,42.782348,8.883,5.867999999999999,21.259999999999998,58.88100000000001,31.425,22.578000000000003,41.327463
2026-10-08T09:30:00.000Z,MCT2408055,15.585833,73.885556,73.375,92.51375000000002,633,43.26490749999999,8.79375,5.941249999999999,21.4175,59.45750000000001,31.868749999999995,21.715,40.916154999999996
2026-10-08T09:33:42.697Z,MCT2408055,15.585833,73.885556,71.5,80.61500000000001,578,44.807955,8.79,4.67,21.33,58.879999999999995,31.355,20.435000000000002,40.58636
2026-10-08T08:40:00.000Z,MCT2408057,15.272222,74.104722,55.1875,417.42,432.1875,43.87144312499999,11.876875,9.68,16.165,45.728125,23.178124999999998,4.57875,41.79561375
2026-10-08T08:50:00.000Z,MCT2408057,15.272222,74.104722,55.458333333333336,415.56999999999994,434.625,43.401282916666666,12.093749999999998,9.572916666666666,16.31416666666666,46.034166666666664,23.337916666666672,3.9091666666666662,42.39621916666666
2026-10-08T09:00:00.000Z,MCT2408057,15.272222,74.104722,56.08,388.28240000000005,444.84,47.6770632,12.070799999999998,9.757999999999996,16.5912,47.134400000000014,23.998400000000007,2.3108000000000004,42.07350120000001
2026-10-08T09:10:00.000Z,MCT2408057,15.272222,74.104722,56.875,374.2070833333333,449.4166666666667,50.93944416666667,12.2475,9.838750000000001,17.058333333333326,48.67291666666668,24.81458333333333,1.6149999999999995,41.25489041666667
2026-10-08T09:20:00.000Z,MCT2408057,15.272222,74.104722,57.32,363.07120000000003,446.48,52.387451599999984,12.136800000000001,10.637599999999999,17.496799999999993,49.69040000000001,25.238400000000002,1.0031999999999996,40.7521696
2026-10-08T09:30:00.000Z,MCT2408057,15.272222,74.104722,56.88,360.2132000000001,448.4,53.424132799999995,12.178800000000003,10.0732,17.0916,48.7624,24.86240000000001,0.8516000000000001,40.15070479999999
2026-10-08T09:33:42.697Z,MCT2408057,15.272222,74.104722,56.77777777777778,365.75444444444446,449.77777777777777,53.704252222222216,12.557777777777778,9.936666666666667,17.14777777777778,48.75333333333333,24.66111111111111,1.2033333333333334,39.62288777777778
2026-10-08T08:40:00.000Z,MCT2408021,15.500556,74.053333,48,375,436.8,39.870208000000005,19.933,15.833656000000001,14.287,39.653000000000006,22.904,4.122,43.915431
2026-10-08T08:50:00.000Z,MCT2408021,15.500556,74.053333,47.333333333333336,375,441.2,39.60699533333333,19.253333333333334,15.763746666666668,14.286666666666667,40.000666666666675,23.238666666666663,4.276,43.915072666666674
2026-10-08T09:00:00.000Z,MCT2408021,15.500556,74.053333,47.875,375,432.3125,39.71628625000001,19.7575,15.810984375000002,14.376249999999997,39.64625,22.825625,4.147500000000001,44.00565374999999
2026-10-08T09:10:00.000Z,MCT2408021,15.500556,74.053333,47.1875,375,416.4375,39.58420250000001,19.361250000000002,15.50512875,14.228124999999999,39.158125000000005,22.468749999999996,4.093125000000001,44.101509375
2026-10-08T09:20:00.000Z,MCT2408021,15.500556,74.053333,47.5,375,415.5,39.329093125,19.57875,15.508550000000001,14.316249999999998,39.566875,22.798125000000002,4.13875,44.24562562499999
2026-10-08T09:30:00.000Z,MCT2408021,15.500556,74.053333,47.5,375,416.875,39.401573125,19.429999999999996,15.333777500000002,13.988750000000001,38.752500000000005,22.32125,4.1031249999999995,44.26841625
2026-10-08T09:33:42.920Z,MCT2408021,15.500556,74.053333,47.5,375,406.8333333333333,39.295715,19.415,15.776238333333334,14.286666666666667,39.205,22.459999999999997,4.158333333333332,44.356225
2026-10-08T08:40:00.000Z,MCT2408053,15.263333,74.110833,105.7,243.81757,456.6,43.758146999999994,27.276999999999997,13.180000000000001,21.395999999999997,69.226,42.641000000000005,37.031,41.53231000000001
2026-10-08T08:50:00.000Z,MCT2408053,15.263333,74.110833,105.4375,199.86908125,466.375,45.557064374999996,25.873749999999998,12.450000000000003,22.211875,71.22062500000001,43.7125,36.557500000000005,41.576418749999995
2026-10-08T09:00:00.000Z,MCT2408053,15.263333,74.110833,104.6875,153.69088125,465.4375,50.32925062499999,21.907500000000002,11.211250000000001,23.9925,76.81187500000001,46.955,34.574375,40.978495
2026-10-08T09:10:00.000Z,MCT2408053,15.263333,74.110833,103.75,117.82798749999999,473.6875,53.507848124999995,19.765624999999996,12.702499999999999,23.705624999999998,76.26375000000002,46.885625,32.634375,39.92542625
2026-10-08T09:20:00.000Z,MCT2408053,15.263333,74.110833,103.5,110,531.4375,55.388969374999995,15.938750000000002,8.404374999999998,23.475625,76.081875,47.02625,31.806250000000002,39.11367
2026-10-08T09:30:00.000Z,MCT2408053,15.263333,74.110833,103.57142857142857,110,471,56.35013714285715,16.385714285714283,10.10714285714286,23.941428571428567,77.43642857142858,47.62071428571428,32.419285714285714,38.61600642857143
2026-10-08T09:33:42.915Z,MCT2408053,15.263333,74.110833,104,110,489.1666666666667,56.83823833333333,17.716666666666665,5.3133333333333335,24.486666666666665,79.08,48.504999999999995,32.44166666666667,38.266160000000006
2026-10-08T08:40:00.000Z,MCT2408052,15.444425,74.063856,55,160,466.4,42.784637000000004,22.647232,8,9.266,26.413999999999998,12.739,2,42.36458
2026-10-08T08:50:00.000Z,MCT2408052,15.444425,74.063856,54.8125,160,459.8125,42.107624374999986,22.643423124999998,8,8.697500000000002,24.934375000000006,12.103125000000002,2,42.42101999999999
2026-10-08T09:00:00.000Z,MCT2408052,15.444425,74.063856,54.875,160,479,41.88684812500001,22.586318749999997,8,8.696875,25.108124999999994,12.276250000000001,2,42.569159375000005
2026-10-08T09:10:00.000Z,MCT2408052,15.444425,74.063856,54.75,160,482.6875,41.973632499999994,22.5292125,8,10.097500000000002,28.535000000000004,13.678125000000003,2,42.362703124999996
2026-10-08T09:20:00.000Z,MCT2408052,15.444425,74.063856,54.9375,160,479,42.514843750000004,22.795703125,8,10.243125,28.815625000000004,13.657500000000006,2,42.131444375
2026-10-08T09:30:00.000Z,MCT2408052,15.444425,74.063856,54.875,160,457.375,43.442291250000004,22.67197625,8,9.887500000000001,28.211874999999992,13.528125000000003,2,41.93369749999999
2026-10-08T09:33:42.916Z,MCT2408052,15.444425,74.063856,55.166666666666664,160,460.8333333333333,45.4946,22.992400000000004,8,9.143333333333333,26.438333333333336,12.945,2,41.86443166666667
2026-10-08T08:40:00.000Z,MCT2408051,15.486528,74.033889,49.7,376.29599999999994,507.5,52.578492000000004,16.369,5.1899999999999995,14.177000000000001,43.444,23.087000000000003,8.686,39.683306
2026-10-08T08:50:00.000Z,MCT2408051,15.486528,74.033889,49.6875,373.7799999999999,515.375,52.4774025,16.189999999999998,5.1899999999999995,14.379375000000005,43.622499999999995,23.0625,8.563125000000001,39.856384375
2026-10-08T09:00:00.000Z,MCT2408051,15.486528,74.033889,49.8125,358.61000000000007,516.5625,52.120250625,15.824375,5.1899999999999995,14.261875000000005,43.779374999999995,23.336249999999996,8.7525,40.09568624999999
2026-10-08T09:10:00.000Z,MCT2408051,15.486528,74.033889,49.9375,351.6706250000001,509.9375,52.237553125000005,15.334999999999999,5.1899999999999995,14.380000000000006,44.050625,23.491874999999993,9.837500000000002,39.91068
2026-10-08T09:20:00.000Z,MCT2408051,15.486528,74.033889,50.13333333333333,356.6613333333334,504,54.093687333333335,16.661333333333335,5.1899999999999995,14.468666666666671,44.12866666666666,23.48133333333333,7.950000000000001,39.694388666666676
2026-10-08T09:30:00.000Z,MCT2408051,15.486528,74.033889,51.6875,342.508125,514.4375,56.248706250000005,17.65375,5.1899999999999995,15.510000000000005,47.23500000000001,25.124999999999996,7.092499999999999,39.59629875
2026-10-08T09:33:42.945Z,MCT2408051,15.486528,74.033889,52,345.65250000000003,508.75,57.520432500000005,17.915000000000003,5.19,15.860000000000001,48.01,25.3575,6.7675,39.331520000000005
2026-10-08T08:40:00.000Z,MCT2408043,15.221111,74.087222,113.3,194.952,520.8,50.748199,13.681999999999999,8.847999999999999,39.26,117.03099999999999,59.825999999999986,5.29,40.887735000000006
2026-10-08T08:50:00.000Z,MCT2408043,15.221111,74.087222,112.93333333333334,173.03266666666667,518.4,51.914733999999996,13.693333333333333,8.789333333333333,38.92066666666666,115.44333333333334,58.759333333333316,5.290000000000001,40.279264
2026-10-08T09:00:00.000Z,MCT2408043,15.221111,74.087222,113,145.99187500000002,507.25,53.569835624999996,13.826875000000001,8.912499999999998,38.705,115.39125000000001,58.929999999999986,5.290000000000001,39.778628749999996
2026-10-08T09:10:00.000Z,MCT2408043,15.221111,74.087222,113.125,148.1525,508.5625,53.60464500000001,13.804375,8.907499999999999,38.785,115.550625,58.85062499999998,5.290000000000001,39.5835625
2026-10-08T09:20:00.000Z,MCT2408043,15.221111,74.087222,113.375,155.281875,514.1875,54.195445625000005,13.771875,8.841875,39.021875,115.954375,58.92999999999999,5.290000000000001,39.28661125
2026-10-08T09:30:00.000Z,MCT2408043,15.221111,74.087222,114.26666666666667,152.34933333333336,530.8666666666667,55.22232933333335,13.802,8.772,40.019999999999996,119.30600000000001,61.06333333333332,5.290000000000001,38.963654
2026-10-08T09:33:42.936Z,MCT2408043,15.221111,74.087222,113.66666666666667,155.88333333333333,523.3333333333334,55.780294999999995,13.765,8.641666666666666,39.471666666666664,116.94666666666666,59.35666666666666,5.29,38.709466666666664
2026-10-08T08:40:00.000Z,MCT2408030,15.142519,74.075003,80.7,163,444.5,57.933561999999995,7.564,6.200000000000001,26.146000000000004,76.732,41.745999999999995,3.8259999999999996,38.775965
2026-10-08T08:50:00.000Z,MCT2408030,15.142519,74.075003,81.125,163,442.25,59.14358500000001,7.679375000000001,6.200000000000002,26.298750000000005,77.21187499999999,41.945,3.3731250000000004,38.42726187499999
2026-10-08T09:00:00.000Z,MCT2408030,15.142519,74.075003,81.75,163,438.875,60.26701375000001,7.681250000000001,6.200000000000002,26.825625000000006,78.69500000000001,42.77374999999999,2.409375,38.052553124999996
2026-10-08T09:10:00.000Z,MCT2408030,15.142519,74.075003,81.13333333333334,163,443.06666666666666,61.07458533333333,8.048666666666668,6.200000000000002,26.240000000000006,77.43066666666665,42.345333333333336,2.1293333333333333,37.894002
2026-10-08T09:20:00.000Z,MCT2408030,15.142519,74.075003,81.1875,163,442,61.27790875,7.85125,6.200000000000002,26.240000000000006,77.2675,42.241875,2.17,37.720748125
2026-10-08T09:30:00.000Z,MCT2408030,15.142519,74.075003,80.75,163,439.25,61.01135437500001,7.829375,6.200000000000002,26.063750000000006,76.46937500000001,41.64999999999999,2.1275,37.544454375
2026-10-08T09:33:43.165Z,MCT2408030,15.142519,74.075003,81,163,441.5,62.336484999999996,8.055,6.2,26.24,76.64,41.65,3.0199999999999996,37.465355
2026-10-08T08:40:00.000Z,MCT2408034,15.356389,74.123611,81.73333333333333,208.8076533333333,490.4,41.251383333333344,11.650666666666668,2.3386666666666667,24.48866666666667,75.15133333333333,38.94199999999999,1.437333333333333,44.317617333333345
2026-10-08T08:50:00.000Z,MCT2408034,15.356389,74.123611,81.32,207.52554800000001,498.52,41.297973600000006,10.8324,2.202,24.391600000000004,74.4628,38.443599999999996,1.4727999999999997,44.17004119999999
2026-10-08T09:00:00.000Z,MCT2408034,15.356389,74.123611,81.91666666666667,188.46059583333331,499.4166666666667,42.36845416666666,9.795833333333333,2.700416666666667,24.534166666666668,75.06625,38.793333333333344,1.6733333333333336,44.08408
2026-10-08T09:10:00.000Z,MCT2408034,15.356389,74.123611,82.375,184.72312499999998,496.625,42.64756291666667,9.043333333333335,3.5187500000000003,24.647916666666664,75.925,39.4975,1.7658333333333334,43.96029541666666
2026-10-08T09:20:00.000Z,MCT2408034,15.356389,74.123611,83.88,180,503.96,45.2670908,7.9932000000000025,6.837999999999998,25.519999999999996,79.0016,41.256400000000006,3.47,43.60718959999999
2026-10-08T09:30:00.000Z,MCT2408034,15.356389,74.123611,84.125,180,500.6666666666667,46.26357708333331,7.736250000000002,8.492916666666664,25.74749999999999,79.44166666666668,41.41374999999999,3.322916666666666,42.98028875000001
2026-10-08T09:33:43.165Z,MCT2408034,15.356389,74.123611,84.66666666666667,180,509.3333333333333,47.976272222222214,6.634444444444444,9.612222222222222,25.924444444444447,80.13111111111111,41.67444444444445,5.286666666666666,42.67358333333334
2026-10-08T08:40:00.000Z,MCT2408050,15.553611,73.958333,79.6,105.6,435.1,46.316283999999996,12.904,4.59,23.325,70.41799999999999,36.059999999999995,5.148,41.743598000000006
2026-10-08T08:50:00.000Z,MCT2408050,15.553611,73.958333,82.3125,91.65875,447.0625,48.591656875,12.461250000000003,5.413749999999999,24.865625,75.2475,38.695,3.9450000000000003,41.41822375
2026-10-08T09:00:00.000Z,MCT2408050,15.553611,73.958333,82.625,86.02999999999999,465.125,50.10942812499999,12.375625000000003,4.8875,25.290625,76.32187499999999,39.173125000000006,1.8487500000000001,41.20908500000001
2026-10-08T09:10:00.000Z,MCT2408050,15.553611,73.958333,83.375,86.02999999999999,472.25,50.844235,12.515625000000002,4.995625,25.55625,76.7525,39.3325,1.4912500000000002,41.065638750000005
2026-10-08T09:20:00.000Z,MCT2408050,15.553611,73.958333,83.1875,86.02999999999999,466.625,50.930540625000006,12.458750000000002,5.001250000000001,25.290625,76.160625,39.01375000000001,1.2781250000000002,40.99994812500001
2026-10-08T09:30:00.000Z,MCT2408050,15.553611,73.958333,83.125,86.02999999999999,455.3125,51.238102500000004,12.334375000000005,4.86875,25.396874999999998,76.48375000000001,39.22625,1.2025000000000001,40.985871875
2026-10-08T09:33:43.164Z,MCT2408050,15.553611,73.958333,83.6,86.03,479.6,50.834410000000005,12.559999999999999,5.378,25.619999999999997,77.11800000000001,39.63,1.8920000000000001,40.806224
2026-10-08T08:40:00.000Z,MCT2408027,15.275556,74.1075,93,854.445,500.7,45.998903,8.842,15.078,26.727999999999998,79.35100000000001,41.006,5.582,41.71249400000001
2026-10-08T08:50:00.000Z,MCT2408027,15.275556,74.1075,94.0625,850.9412500000001,494.8125,46.499294375000005,8.351875,15.036875000000002,27.489375000000006,81.50625,42.180625000000006,5.356875,41.522122499999995
2026-10-08T09:00:00.000Z,MCT2408027,15.275556,74.1075,96.25,852.879375,491.125,50.910515624999995,6.579999999999999,14.266874999999995,28.785625,85.571875,44.158125000000005,3.8231250000000006,41.317005625
2026-10-08T09:10:00.000Z,MCT2408027,15.275556,74.1075,97.0625,850.6268749999999,513.125,52.39347749999999,6.692500000000001,14.576874999999998,29.216875,87.420625,45.45374999999999,3.7550000000000003,40.846443125
2026-10-08T09:20:00.000Z,MCT2408027,15.275556,74.1075,101.75,851.3024999999998,506.25,54.05573250000001,6.588749999999999,15.227500000000001,33.160000000000004,98.384375,51.075624999999995,3.5818749999999997,40.148641875
2026-10-08T09:30:00.000Z,MCT2408027,15.275556,74.1075,99.38461538461539,855.4200000000001,497.15384615384613,55.46005615384615,6.579999999999999,14.80615384615385,31.102307692307686,92.27692307692308,47.96307692307692,3.0346153846153854,39.51838615384616
2026-10-08T09:33:43.190Z,MCT2408027,15.275556,74.1075,98.5,856.39,493.5,55.23352,7.245,15.54,31.064999999999998,90.195,45.945,3.215,39.03658
2026-10-08T08:40:00.000Z,MCT2408023,15.499722,74.020833,116.28571428571429,199.32142857142858,428,49.482048571428564,12.14285714285714,29.004285714285718,29.331428571428575,90.64428571428572,55.72142857142858,4.681428571428571,39.25874285714286
2026-10-08T08:50:00.000Z,MCT2408023,15.499722,74.020833,115.0625,210.61249999999995,429.25,50.553839374999995,12.036874999999998,29.351875,29.149999999999995,89.84187500000002,55.009375,4.465624999999999,39.210863124999996
2026-10-08T09:00:00.000Z,MCT2408023,15.499722,74.020833,117.875,201.41625,433.375,50.644439999999996,11.742499999999996,30.216875,30.26125,92.61125000000001,56.640624999999986,4.577500000000001,39.16125937499999
2026-10-08T09:10:00.000Z,MCT2408023,15.499722,74.020833,119.3125,185.099375,430.9375,51.093618750000005,11.372499999999999,32.330625000000005,30.81625,94.27125,57.546875,4.591875,39.196786249999995
2026-10-08T09:20:00.000Z,MCT2408023,15.499722,74.020833,121.3125,168.19375,437.4375,53.265138750000006,10.971874999999999,32.794375,31.924999999999997,97.12062499999999,58.906250000000014,3.5275,39.307388124999996
2026-10-08T09:30:00.000Z,MCT2408023,15.499722,74.020833,126.8125,153.8725,437.0625,54.67514437500001,10.481874999999997,35.2425,33.58562500000001,102.42499999999997,62.081250000000004,3.375,39.204159999999995
2026-10-08T09:33:43.191Z,MCT2408023,15.499722,74.020833,128.16666666666666,150.79,439.5,55.663311666666665,10.908333333333333,34.86666666666667,34.00833333333333,103.64,62.83833333333334,2.8233333333333337,38.96329666666667
2026-10-08T08:40:00.000Z,MCT2408040,15.528056,74.020833,20.4,100,418.4,42.62213100000001,9.331,4.796,5.340000000000001,15.334999999999999,7.226000000000001,3.5,43.07887
2026-10-08T08:50:00.000Z,MCT2408040,15.528056,74.020833,20.625,100,413.1875,42.258304374999994,9.636875000000002,4.88875,5.382500000000001,15.48375,7.279374999999999,4.085624999999999,42.944539375
2026-10-08T09:00:00.000Z,MCT2408040,15.528056,74.020833,20.6,100,409.73333333333335,42.349508666666665,9.463333333333333,4.752666666666667,5.433333333333334,15.60333333333333,7.336666666666664,3.917333333333333,42.670245333333334
2026-10-08T09:10:00.000Z,MCT2408040,15.528056,74.020833,19.625,100,416.375,44.56810437499999,8.650000000000002,4.34125,5.8199999999999985,16.88375,8.006875,3.561875,42.18641
2026-10-08T09:20:00.000Z,MCT2408040,15.528056,74.020833,20.0625,100,423.4375,45.913737499999996,8.964375,3.955625,6.007499999999999,17.496875,8.264375000000001,3.5,41.69037312500001
2026-10-08T09:30:00.000Z,MCT2408040,15.528056,74.020833,19.375,100,421.1875,47.58362187499999,8.374374999999999,3.6862500000000002,6.119999999999998,17.71625,8.39875,3.5,41.009331875
2026-10-08T09:33:43.399Z,MCT2408040,15.528056,74.020833,19.166666666666668,100,424.1666666666667,49.06642666666667,8.403333333333334,3.471666666666667,6.086666666666666,17.716666666666665,8.416666666666668,3.5,40.73293666666667
2026-10-08T08:40:00.000Z,MCT2408049,15.475278,74.055833,62.3,150,424.9,40.380615,23.177,10.816999999999998,19.398000000000003,56.456999999999994,28.694000000000006,2.61,43.016663
2026-10-08T08:50:00.000Z,MCT2408049,15.475278,74.055833,62.2,150,419.1333333333333,39.657348000000006,23.04533333333333,11.322,19.372000000000007,56.38133333333333,28.692666666666657,2.61,43.132137333333326
2026-10-08T09:00:00.000Z,MCT2408049,15.475278,74.055833,61.75,150,423.25,39.61138125,23.03625,12.340625,19.070625000000003,55.826249999999995,28.675624999999993,2.61,42.96062625
2026-10-08T09:10:00.000Z,MCT2408049,15.475278,74.055833,61.875,150.18943124999998,422.5,39.179366249999994,23.204375000000006,12.104999999999999,19.07125,55.72937499999999,28.531874999999996,2.61,42.85270499999999
2026-10-08T09:20:00.000Z,MCT2408049,15.475278,74.055833,61.9375,150,422.3125,40.15974375,23.213750000000005,13.924375,19.26375,56.018125,28.482499999999995,2.62125,42.93515312499999
2026-10-08T09:30:00.000Z,MCT2408049,15.475278,74.055833,61.4375,150,422.3125,40.016693125,22.845625,12.766874999999999,18.879375000000003,55.06,28.196249999999996,2.61,43.00955875
2026-10-08T09:33:43.408Z,MCT2408049,15.475278,74.055833,62.333333333333336,150,423,40.101888333333335,22.805000000000003,15.274999999999999,19.55,56.68666666666667,28.771666666666665,2.61,43.02810333333333
2026-10-08T08:40:00.000Z,MCT2408044,15.313669,74.140042,45.6,214.29000000000002,428.8,47.305054999999996,9.520999999999999,4.384,15.804000000000002,40.95,22.97,2.8249999,41.102237
2026-10-08T08:50:00.000Z,MCT2408044,15.313669,74.140042,45.9375,214.29,423.25,46.51502937500001,9.331874999999998,5.580625,15.984375000000002,41.65625,23.442500000000003,3.85713125,41.035473749999994
2026-10-08T09:00:00.000Z,MCT2408044,15.313669,74.140042,46.375,214.29,418.6875,46.93417,9.45875,6.2875,16.019375000000004,41.5625,23.341250000000002,3.1975159999999994,40.92084812500001
2026-10-08T09:10:00.000Z,MCT2408044,15.313669,74.140042,46.2,214.29,420.6666666666667,46.67537466666666,9.75,3.8606666666666665,15.861333333333336,41.233333333333334,23.204000000000004,2.795299066666666,41.08221733333333
2026-10-08T09:20:00.000Z,MCT2408044,15.313669,74.140042,47.3125,214.29,425.4375,49.215358125,9.844375,6.854374999999999,16.487500000000004,43,24.220000000000002,2.3458333125,41.236568749999996
2026-10-08T09:30:00.000Z,MCT2408044,15.313669,74.140042,47.5625,214.29,430,51.15179437500001,10.091874999999998,7.3168750000000005,16.883750000000003,43.90625,24.625625,2.3,40.7874575
2026-10-08T09:33:43.409Z,MCT2408044,15.313669,74.140042,47.25,214.29,433.5,51.806015,10.295,4.265,16.5225,43.25,24.455,2.3,40.5086025
2026-10-08T08:40:00.000Z,MCT2408046,15.529167,74.07,57.625,104.074375,593.5625,43.52049375000001,12.734999999999998,1.2575,17.424374999999998,51.10562500000001,24.500624999999996,3.115625,42.831928125000005
2026-10-08T08:50:00.000Z,MCT2408046,15.529167,74.07,57.84,102.56319999999998,606.2,43.054565999999994,12.761999999999999,1.2368000000000001,17.145599999999995,50.929199999999994,24.778399999999998,3.534,43.025887999999995
2026-10-08T09:00:00.000Z,MCT2408046,15.529167,74.07,57.56,109.01839999999999,605.04,41.929686399999994,12.736400000000001,1.2992,17.019599999999997,50.52800000000001,24.53600000000001,3.9835999999999996,43.120696399999986
2026-10-08T09:10:00.000Z,MCT2408046,15.529167,74.07,57.96,117.70960000000001,607.12,41.593078,12.8304,1.2656,17.321999999999992,51.061600000000006,24.560399999999994,3.9288000000000007,43.34120800000001
2026-10-08T09:20:00.000Z,MCT2408046,15.529167,74.07,57.64,104.5908,605.24,42.181152399999995,12.743599999999999,1.2636,17.095199999999995,50.706399999999995,24.608799999999995,3.2268,43.613623600000004
2026-10-08T09:30:00.000Z,MCT2408046,15.529167,74.07,58.16,106.38159999999999,606.56,42.06365879999999,12.7324,1.2484000000000004,17.321999999999992,51.3296,24.8752,3.248,43.67797560000001
2026-10-08T09:33:43.429Z,MCT2408046,15.529167,74.07,58.666666666666664,95.56666666666666,604.2222222222222,42.58568222222223,12.98777777777778,1.3833333333333333,17.56,51.97222222222222,25.07111111111111,2.84,43.81878666666667
2026-10-08T08:40:00.000Z,MCT2408037,15.394444,74.118333,72.4,186.34022,451.3,43.26147400000001,11.296000000000001,14.196000000000002,20.144,66.644,31.854999999999997,4.029,42.761408
2026-10-08T08:50:00.000Z,MCT2408037,15.394444,74.118333,72.4375,187.94814999999997,446,42.67649125,11.931249999999999,14.363125000000004,20.162499999999998,66.849375,32.042500000000004,4.890625000000001,42.967999375000005
2026-10-08T09:00:00.000Z,MCT2408037,15.394444,74.118333,72.625,179.751825,457,42.944471875,11.436875,14.304375000000002,20.162499999999994,67.05312499999998,32.230000000000004,4.256874999999999,43.077929999999995
2026-10-08T09:10:00.000Z,MCT2408037,15.394444,74.118333,72.3125,181.07585625,454.25,43.62634874999999,11.398125,14.253750000000002,20.162499999999998,66.644375,31.948750000000008,3.8618749999999995,43.13624624999999
2026-10-08T09:20:00.000Z,MCT2408037,15.394444,74.118333,72.75,187.108625,445,43.364090625,11.805625,14.41,20.347499999999997,67.20625,32.136250000000004,3.7962499999999997,42.860079375000005
2026-10-08T09:30:00.000Z,MCT2408037,15.394444,74.118333,72.75,184.951825,444.9375,43.368856875000006,11.700624999999997,14.349375000000002,20.3475,67.61562500000001,32.511250000000004,3.43875,42.384822500000006
2026-10-08T09:33:43.435Z,MCT2408037,15.394444,74.118333,74.16666666666667,167.7189,439.1666666666667,45.851908333333334,11.31,14.446666666666667,21.06,70.19,33.855,1.715,42.180825
2026-10-08T08:40:00.000Z,MCT2408041,15.224628,74.171389,70.4,371.87451,491.5,45.35040299999999,13.193000000000001,9.700000000000001,21.991999999999997,65.04299999999999,33.32199999999999,7.981,40.77512000000001
2026-10-08T08:50:00.000Z,MCT2408041,15.224628,74.171389,70.5,313.43697499999996,495,44.943850624999996,13.195625,9.7,22.083124999999992,65.154375,33.26125,7.875,40.70567625
2026-10-08T09:00:00.000Z,MCT2408041,15.224628,74.171389,70.5,405.34108124999995,493.3125,44.060272499999996,13.075,9.7,22.184375,65.053125,33.210625,7.952500000000001,40.631940625
2026-10-08T09:10:00.000Z,MCT2408041,15.224628,74.171389,70.25,361.69122500000003,492.9375,44.23765499999999,13.210625,9.7,22.03249999999999,64.648125,32.85625,7.715624999999999,41.241930625
2026-10-08T09:20:00.000Z,MCT2408041,15.224628,74.171389,71.26666666666667,314.4751733333333,499.4,44.613911333333334,13.296666666666665,9.7,22.586,66.636,34.07733333333333,7.567333333333334,41.65350533333333
2026-10-08T09:30:00.000Z,MCT2408041,15.224628,74.171389,74.375,260.9296875,506.25,49.665015625,13.130625000000002,9.7,24.715624999999996,72.950625,37.555,6.998750000000001,41.025418124999995
2026-10-08T09:33:43.648Z,MCT2408041,15.224628,74.171389,74,221.95765000000003,503.25,51.60765,13.3825,9.7,24.26,72.09,37.2025,6.549999999999999,40.33968
2026-10-08T08:40:00.000Z,MCT2408033,15.346944,74.007778,51.1,110,426.6,44.502776999999995,11.378,2.3089999999999997,18.909999999999997,46.975,27.707,4.39,41.995636000000005
2026-10-08T08:50:00.000Z,MCT2408033,15.346944,74.007778,51.0625,110,448.25,46.061556875,10.202499999999999,1.6175,18.863750000000003,46.98812499999999,27.797500000000003,4.39,41.611945625
2026-10-08T09:00:00.000Z,MCT2408033,15.346944,74.007778,51.1875,110,440.375,46.45208749999999,10.209375,2.0618749999999997,18.90125,46.98937499999999,27.723124999999996,4.39,41.26002937500001
2026-10-08T09:10:00.000Z,MCT2408033,15.346944,74.007778,50.625,110,450.3125,46.951336875,10.61,1.8181249999999998,18.523125000000004,46.21874999999999,27.354999999999997,4.39,41.07100125000001
2026-10-08T09:20:00.000Z,MCT2408033,15.346944,74.007778,50.75,110,450,48.06093499999999,9.586875,1.9968749999999997,18.711875,46.506874999999994,27.42875,4.39,40.92084875
2026-10-08T09:30:00.000Z,MCT2408033,15.346944,74.007778,51.2,110,450.1333333333333,48.132079999999995,9.892666666666667,1.8259999999999998,18.90933333333333,46.87200000000001,27.610666666666663,4.39,40.819806666666665
2026-10-08T09:33:43.650Z,MCT2408033,15.346944,74.007778,50.5,110,422,48.4605275,10.0425,1.7325,18.485,45.89750000000001,27.06,4.39,40.5944025
2026-10-08T08:40:00.000Z,MCT2408042,15.213889,74.071667,96.8,220.04500000000002,428.2,51.927702999999994,26.049,18.104000000000003,30.029999999999994,87.73299999999999,44.732,2.652,40.771903
2026-10-08T08:50:00.000Z,MCT2408042,15.213889,74.071667,96.8125,240.1725,439,53.157848125,26.033124999999995,18.123749999999994,30.14375,87.66562499999999,44.46999999999999,1.6843749999999997,40.35040562499999
2026-10-08T09:00:00.000Z,MCT2408042,15.213889,74.071667,96.25,244.34624999999997,438.1875,53.669018124999994,26.830000000000005,18.489375000000003,29.68875,86.58250000000001,44.07125,1.6106250000000002,39.893251875
2026-10-08T09:10:00.000Z,MCT2408042,15.213889,74.071667,96.75,244.50000000000003,435.5625,54.624121875,26.248125000000005,19.531249999999996,29.973124999999996,87.494375,44.527499999999996,1.1237500000000002,39.537979375000006
2026-10-08T09:20:00.000Z,MCT2408042,15.213889,74.071667,96.8125,248.339375,431.125,55.571121250000004,26.310000000000002,20.821874999999995,30.143749999999997,87.78,44.52625,1.0637500000000002,39.222930000000005
2026-10-08T09:30:00.000Z,MCT2408042,15.213889,74.071667,96.5625,219.52937500000002,429.75,56.501908125,26.3125,19.1775,29.859374999999993,87.20875,44.46937499999999,0.524375,38.9085525
2026-10-08T09:33:43.648Z,MCT2408042,15.213889,74.071667,97.16666666666667,221.29833333333332,431,57.162486666666666,26.433333333333337,18.511666666666667,30.333333333333332,88.46333333333332,44.945,0.31333333333333335,38.755945
2026-10-08T08:40:00.000Z,MCT2408045,15.619444,73.878889,54.6,178.11999999999998,669,45.358795,12.892,13.337,14.849999999999998,49.278,24.822,2.5300000000000002,42.58444300000001
2026-10-08T08:50:00.000Z,MCT2408045,15.619444,73.878889,55.0625,178.11999999999995,673,46.211285,13.131250000000001,12.68,15.162499999999996,50.154375,25.341249999999995,2.5300000000000002,42.2011575
2026-10-08T09:00:00.000Z,MCT2408045,15.619444,73.878889,55,178.11999999999995,675.125,46.998065624999995,12.570000000000002,12.6275,15.068749999999996,49.798125000000006,25.093124999999997,2.5300000000000002,41.50536437499999
2026-10-08T09:10:00.000Z,MCT2408045,15.619444,73.878889,55.375,178.11999999999995,669.375,47.575993125,12.469999999999999,12.3925,15.320624999999996,50.581875,25.481249999999996,2.5300000000000002,41.069660000000006
2026-10-08T09:20:00.000Z,MCT2408045,15.619444,73.878889,54.75,178.11999999999995,671.9375,48.16488625000001,11.996875000000003,12.358125000000001,14.849999999999996,49.156875,24.702499999999997,2.5300000000000002,40.698301875
2026-10-08T09:30:00.000Z,MCT2408045,15.619444,73.878889,55.3125,178.11999999999995,660.25,48.620264999999996,11.474375000000002,12.151250000000001,15.287499999999996,50.688750000000006,25.730624999999993,2.5300000000000002,40.47575375
2026-10-08T09:33:43.674Z,MCT2408045,15.619444,73.878889,55.8,178.12,671.2,49.108641999999996,12.198,12.810000000000002,15.3,51.21600000000001,26.238,2.53,40.402956
2026-10-08T08:40:00.000Z,MCT2408022,15.475833,74.038889,89,150,473.8,43.27139100000001,6.5680000000000005,12.726707999999999,27.1,80.3,41.4,4.6420797,41.911982
2026-10-08T08:50:00.000Z,MCT2408022,15.475833,74.038889,89.1875,150,481.125,43.574374375,6.348750000000001,12.680034375000002,27.375,81.0625,41.75,4.5618271875,42.073795624999995
2026-10-08T09:00:00.000Z,MCT2408022,15.475833,74.038889,89.5,150,479.9375,43.34453937500001,6.45125,12.627697500000002,27.375,81.4375,42.0625,4.540016812499999,42.28025375000001
2026-10-08T09:10:00.000Z,MCT2408022,15.475833,74.038889,89,150,481.06666666666666,42.883564666666665,6.462,12.651807999999997,27.066666666666666,80.4,41.6,4.590373733333333,42.250536
2026-10-08T09:20:00.000Z,MCT2408022,15.475833,74.038889,89.6875,150,477.4375,42.880100625,6.591875,12.595131250000001,27.625,81.8125,42.1875,4.5646111875,42.177025
2026-10-08T09:30:00.000Z,MCT2408022,15.475833,74.038889,90.25,150,476.75,45.234720625,6.069999999999999,13.114460000000001,27.75,82.75,42.875,4.3331768125,42.148201250000014
2026-10-08T08:40:00.000Z,MCT2408032,15.525556,73.828611,161.0625,211.15249999999997,701.5,41.67942312500001,15.201250000000002,9.311875,45.6525,136.095,70.605625,5.046250000000001,41.817065625
2026-10-08T08:50:00.000Z,MCT2408032,15.525556,73.828611,160.8,211.37520000000004,670.12,41.932434400000005,15.480400000000005,9.021600000000001,46.1904,136.7092,70.4992,4.7776,41.69683680000001
2026-10-08T09:00:00.000Z,MCT2408032,15.525556,73.828611,163.56,216.0488,631.6,41.7932752,15.356,10.0676,47.216800000000006,139.83760000000004,72.1408,4.2476,41.85814120000002
2026-10-08T09:10:00.000Z,MCT2408032,15.525556,73.828611,160.84,232.54359999999997,625.32,41.664490400000005,14.9252,10.234400000000003,45.7904,136.2548,70.49879999999999,4.4832,41.976117600000016
2026-10-08T09:20:00.000Z,MCT2408032,15.525556,73.828611,159.95238095238096,230.25761904761907,659.5238095238095,41.73167142857143,14.156190476190478,9.456666666666669,44.74952380952381,133.8295238095238,69.56857142857142,4.7995238095238095,41.97372761904764
2026-10-08T09:30:00.000Z,MCT2408032,15.525556,73.828611,162,220.01083333333338,693.1666666666666,43.7865675,15.111250000000005,9.765833333333333,45.74041666666667,135.94708333333332,70.13291666666666,3.7512499999999993,41.300918333333335
2026-10-08T09:33:43.897Z,MCT2408032,15.525556,73.828611,166.5,178.93000000000004,683.6666666666666,45.629385000000006,15.128333333333336,9.971666666666664,47.22666666666667,140.5666666666667,72.905,2.1016666666666666,40.86878666666667
2026-10-08T08:40:00.000Z,MCT2408036,15.171567,74.067106,47.4,120,542.1,54.301972,11.697000000000001,4.216,14.947999999999999,43.668,23.000000000000004,10.274,39.062323
2026-10-08T08:50:00.000Z,MCT2408036,15.171567,74.067106,47.75,120,543.6875,54.61697,11.568124999999998,4.3025,15.196875,44.136250000000004,23.081250000000004,10.09125,38.840181875
2026-10-08T09:00:00.000Z,MCT2408036,15.171567,74.067106,47.6,120,546.7333333333333,55.593627999999995,11.063999999999998,3.722666666666667,15.158666666666667,44.106666666666676,23.16866666666667,9.704,38.52392199999999
2026-10-08T09:10:00.000Z,MCT2408036,15.171567,74.067106,48,120,545,57.0455025,10.811250000000001,3.24625,15.361874999999996,44.83375000000001,23.58875,10.26375,38.200022499999996
2026-10-08T09:20:00.000Z,MCT2408036,15.171567,74.067106,47.625,120,549.875,57.365936250000004,10.679375,3.3743749999999997,14.966874999999998,43.85125000000001,23.113125,9.827499999999999,38.073333749999996
2026-10-08T09:30:00.000Z,MCT2408036,15.171567,74.067106,48.06666666666667,120,544.2,58.418538,10.310666666666666,3.3533333333333326,15.613999999999997,45.28800000000001,23.709333333333333,9.927999999999999,37.82607733333334
2026-10-08T09:33:43.898Z,MCT2408036,15.171567,74.067106,47.5,120,550,58.282736666666665,9.901666666666666,3.846666666666667,14.913333333333336,43.565,22.968333333333334,9.938333333333333,37.83358500000001
2026-10-08T08:40:00.000Z,MCT2408031,15.290833,74.149167,46.2,250.26017999999993,546.9,48.289246,9.112753399999999,22.416763000000003,14.572999999999999,38.175,20.999000000000002,7.37,40.247445
2026-10-08T08:50:00.000Z,MCT2408031,15.290833,74.149167,46.375,207.05079999999998,548,50.06126750000001,8.4784099375,19.834421250000005,14.879999999999999,38.995625,21.51625,4.8774999999999995,40.550833125000004
2026-10-08T09:00:00.000Z,MCT2408031,15.290833,74.149167,46.3125,225.81406875,548.6875,49.6097025,8.760821374999999,22.559379375000002,14.733124999999998,38.6975,21.3375,5.8725,40.17076000000001
2026-10-08T09:10:00.000Z,MCT2408031,15.290833,74.149167,46.25,201.46447500000002,542.25,50.725025,8.430109687500002,18.63608625,14.732499999999998,38.698125,21.338124999999998,4.5024999999999995,40.30214312500001
2026-10-08T09:20:00.000Z,MCT2408031,15.290833,74.149167,47.4375,174.05675,547.6875,53.099674375,8.355415875,28.112441875,15.444375000000003,40.677499999999995,22.49875,4.054999999999999,40.095686875
2026-10-08T09:30:00.000Z,MCT2408031,15.290833,74.149167,47.5625,144.35716875,553.5625,55.56301500000001,8.118401375,26.956265000000002,15.682500000000003,41.275625,22.7675,4.009999999999999,39.48033249999999
2026-10-08T09:33:43.899Z,MCT2408031,15.290833,74.149167,48.4,140,552.4,56.66479400000001,7.717482599999999,31.082088,15.998000000000001,42.258,23.334,4.01,38.961508
2026-10-08T08:40:00.000Z,MCT2408039,15.163611,74.110833,55.2,183.37499999999997,451.7,45.844786000000006,3.281,10.299999999999999,15.387,50.232,20.799999999999997,2.3000000000000003,41.493701
2026-10-08T08:50:00.000Z,MCT2408039,15.163611,74.110833,56.125,90.30625000000002,470.9375,48.725646875,4.450625,10.3,15.923124999999999,52.39,21.730625000000007,2.3,41.444364375
2026-10-08T09:00:00.000Z,MCT2408039,15.163611,74.110833,56.6875,63.495,469.5,50.604386875,4.541875,10.3,16.204375,53.42374999999999,22.32625,2.3,41.13199875000001
2026-10-08T09:10:00.000Z,MCT2408039,15.163611,74.110833,57.1875,46.26999999999999,473.8125,52.611391250000004,7.623749999999999,10.3,16.524374999999996,54.32937499999999,22.546875000000007,2.3,40.639984999999996
2026-10-08T09:20:00.000Z,MCT2408039,15.163611,74.110833,56.4375,46.26999999999999,478.9375,53.25703,7.603125,10.3,16.030625,52.90874999999999,22.07625000000001,2.3,40.460335625
2026-10-08T09:30:00.000Z,MCT2408039,15.163611,74.110833,55.875,47.56999999999999,468.6875,52.770179375,6.6675,10.3,15.71125,51.87375,21.666250000000005,2.3,40.335658125
2026-10-08T09:33:43.915Z,MCT2408039,15.163611,74.110833,56.333333333333336,49.385,470.1666666666667,52.12327,9.145,10.299999999999999,15.969999999999999,52.541666666666664,21.855,2.3000000000000003,40.207405
2026-10-08T08:40:00.000Z,MCT2408035,15.236111,74.125,64.1,220.92835,458.6,41.242737,34.599148,11.98,8.712,26.076999999999998,13.659,3.829999999999999,42.89332699999999
2026-10-08T08:50:00.000Z,MCT2408035,15.236111,74.125,63.3125,220.39886249999995,449.75,41.543048125,33.85998125,11.510625000000001,8.868749999999999,26.369375000000005,13.771875000000003,3.8299999999999987,42.29567
2026-10-08T09:00:00.000Z,MCT2408035,15.236111,74.125,56.1875,191.1100625,460.625,46.880765,27.708800000000004,7.956875000000001,9.7,28.984375,15.164375,7.321249999999999,41.888785625000004
2026-10-08T09:10:00.000Z,MCT2408035,15.236111,74.125,54,190,456.625,49.943965625,25.992257499999997,5.40125,9.9375,29.69375,15.565625,9.184375000000001,41.02742812500001
2026-10-08T09:20:00.000Z,MCT2408035,15.236111,74.125,51.9375,190,444.1875,52.490276875,24.092610624999995,4.586875,9.795000000000002,29.316875,15.376249999999999,10.095000000000002,39.920733125
2026-10-08T09:30:00.000Z,MCT2408035,15.236111,74.125,50.75,190,461.8125,54.441494375000005,23.0933775,3.3856249999999997,9.818749999999998,29.362500000000004,15.4,11.465000000000002,39.176008124999996
2026-10-08T09:33:43.915Z,MCT2408035,15.236111,74.125,47.333333333333336,190,473.5,54.91054333333333,20.413255,2.155,10.08,30.251666666666665,15.911666666666669,11.131666666666666,38.856045
2026-10-08T08:40:00.000Z,MCT2408026,15.2467,74.198281,118,171.92628,430.06666666666666,41.91768400000001,13.690352666666666,12.584666666666665,24.697333333333333,74.59733333333334,38.378,51.164,42.781788666666664
2026-10-08T08:50:00.000Z,MCT2408026,15.2467,74.198281,118,171.86947499999997,422.25,42.07376874999999,13.760967083333332,12.532499999999999,24.848750000000006,75.395,38.81416666666667,51.275000000000006,42.875719583333336
2026-10-08T09:00:00.000Z,MCT2408026,15.2467,74.198281,118,165.1766125,421.625,43.288112500000004,13.713123333333336,12.5,25.045416666666664,76.24249999999999,39.376250000000006,51.337916666666665,42.65094
2026-10-08T09:10:00.000Z,MCT2408026,15.2467,74.198281,118.29166666666667,164.83214583333333,425.1666666666667,41.90496875,13.783240833333332,13.729583333333336,25.006249999999994,76.00041666666668,39.17541666666667,52.129999999999995,42.68579833333333
2026-10-08T09:20:00.000Z,MCT2408026,15.2467,74.198281,118.08,165.805344,419.44,41.79174799999999,13.8593664,14.2936,25.216399999999993,76.67439999999999,39.46039999999999,51.694799999999994,42.2691268
2026-10-08T09:30:00.000Z,MCT2408026,15.2467,74.198281,118.25,138.39602916666664,426.6666666666667,46.71498333333334,13.591931666666667,12.511249999999999,26.821250000000003,82.00333333333332,42.46958333333334,52.02916666666665,41.69104541666666
2026-10-08T09:33:44.143Z,MCT2408026,15.2467,74.198281,118.55555555555556,125,427.1111111111111,50.560937777777774,13.38842111111111,12.5,27.62222222222222,85.53666666666668,44.67888888888889,52.3111111111111,41.48428444444445
2026-10-08T08:40:00.000Z,MCT2408038,15.188889,74.055556,56.7,233.32999999999998,625.5,50.207275,9.236,14.542000000000002,17.34,48.904999999999994,23.865,4.391,41.203053
2026-10-08T08:50:00.000Z,MCT2408038,15.188889,74.055556,57.625,233.32999999999996,628.8125,51.10554125000001,9.078124999999998,16.056250000000002,18.0375,50.63437499999999,24.732499999999998,4.32625,41.079044374999995
2026-10-08T09:00:00.000Z,MCT2408038,15.188889,74.055556,58.875,233.32999999999996,638.375,51.59000875,9.084375000000001,16.151875,19.006249999999994,53.18187499999999,25.972499999999997,4.327500000000001,40.88800312499999
2026-10-08T09:10:00.000Z,MCT2408038,15.188889,74.055556,57.5,233.32999999999996,644,51.93523750000001,8.919374999999999,16.354375,17.99875,50.385625000000005,24.593750000000004,4.330625,40.722433124999995
2026-10-08T09:20:00.000Z,MCT2408038,15.188889,74.055556,60.875,233.32999999999996,618.6875,53.32664875,8.773749999999998,17.649375,20.285000000000004,57.095000000000006,27.935625000000005,4.255,40.599095625000004
2026-10-08T09:30:00.000Z,MCT2408038,15.188889,74.055556,60.875,233.32999999999996,658.75,53.760093125000004,8.88375,16.830000000000002,20.246249999999996,56.78437499999999,27.766250000000003,4.27125,40.408053125
2026-10-08T09:33:44.144Z,MCT2408038,15.188889,74.055556,58.833333333333336,233.33,660,54.218811666666674,8.798333333333334,14.878333333333332,19.096666666666668,53.01666666666667,25.721666666666668,4.171666666666667,40.29141666666666
2026-10-08T16:10:00.000Z,MCT2408028,15.186944,74.096667,111.88,564.5684,547.56,85.92138720000003,20.258400000000005,13.011599999999996,38.591600000000014,119.2416,64.25919999999999,4.943599999999999,27.81298480000001
2026-10-08T16:20:00.000Z,MCT2408028,15.186944,74.096667,110.12,566.962,549.56,85.8258676,20.26440000000001,12.878799999999995,37.554000000000016,115.54079999999998,62.1132,5.066400000000001,27.7662188
2026-10-08T16:30:00.000Z,MCT2408028,15.186944,74.096667,110.92,563.7976,556.12,85.99127120000001,20.367600000000003,12.651999999999996,37.95240000000002,117.01440000000001,63.06760000000001,4.9243999999999994,27.7052992
2026-10-08T16:40:00.000Z,MCT2408028,15.186944,74.096667,111.2,549.1432000000001,558.36,86.16766360000001,20.174800000000005,12.231599999999998,38.19280000000001,117.4916,63.146800000000006,4.8508,27.610918799999993
2026-10-08T16:50:00.000Z,MCT2408028,15.186944,74.096667,111.16,529.3956000000001,561.24,86.43591320000003,20.219200000000008,12.117599999999998,38.352800000000016,118.00640000000001,63.425599999999974,4.9656,27.516113199999992
2026-10-08T16:59:54.703Z,MCT2408028,15.186944,74.096667,110.54166666666667,511.3904166666667,571.125,86.67488833333336,20.48166666666667,12.209166666666667,37.829583333333346,116.41958333333334,62.63,4.5145833333333325,27.419962083333342
2026-10-08T16:10:00.000Z,MCT2408020,15.543475,74.039433,110.0625,303.27865625,665.8125,82.68837312499998,8.33554425,18.513694374999996,44.758750000000006,136.125,71.501875,3.6599999999999984,29.697704375
2026-10-08T16:20:00.000Z,MCT2408020,15.543475,74.039433,111.3125,282.08748125000005,673,82.84286812500002,8.478854937500001,18.389823749999994,45.800000000000004,139.73624999999998,73.59437499999999,3.6599999999999984,29.564982500000003
2026-10-08T16:30:00.000Z,MCT2408020,15.543475,74.039433,113.5,267.22358125,672.9375,83.00880812499999,8.483276437499999,18.55854875,47.30999999999999,145.96812500000001,77.605,3.6599999999999984,29.461083125
2026-10-08T16:40:00.000Z,MCT2408020,15.543475,74.039433,117.8125,299.95881875,680.0625,83.23721249999997,8.493810000000002,18.739304999999998,49.921875,153.54312499999997,81.37999999999998,3.6599999999999984,29.359193125
2026-10-08T16:50:00.000Z,MCT2408020,15.543475,74.039433,115,292.87090625,690.0625,83.45655875,8.66755125,18.74183,47.83250000000001,147.656875,78.58999999999997,3.6599999999999984,29.217084999999997
2026-10-08T16:59:54.714Z,MCT2408020,15.543475,74.039433,112.25,262.83956875,688.0625,83.92958000000002,8.496020875000001,18.704550624999996,46.729375,142.88062500000004,75.27999999999999,3.6599999999999984,29.048836875000006
2026-10-08T16:10:00.000Z,MCT2408055,15.585833,73.885556,94.3125,45.830000000000005,727.6875,80.39144875000001,9.534375,3.051875,38.416250000000005,110.27937500000002,60.53937500000001,21.307499999999997,29.407458125000005
2026-10-08T16:20:00.000Z,MCT2408055,15.585833,73.885556,88.4375,45.830000000000005,743.625,80.09819500000002,9.471250000000001,3.649375,33.918125,97.738125,53.85125,21.805625,29.208370625
2026-10-08T16:30:00.000Z,MCT2408055,15.585833,73.885556,86,45.830000000000005,764.3125,79.96706312499998,9.554375,2.15375,32.56187499999999,92.886875,50.739999999999995,22.401875,29.002585624999995
2026-10-08T16:40:00.000Z,MCT2408055,15.585833,73.885556,86.5,45.830000000000005,768.1875,80.020470625,9.628125,2.0781249999999996,32.781875,93.87187500000002,51.464375,22.463749999999997,28.855784375000006
2026-10-08T16:50:00.000Z,MCT2408055,15.585833,73.885556,85.875,45.830000000000005,768.25,80.381913125,9.4675,2.9168749999999997,32.17,92.31187500000001,50.61250000000001,22.339375000000004,28.75255375
2026-10-08T16:59:54.733Z,MCT2408055,15.585833,73.885556,84.86666666666666,45.830000000000005,747.2,80.47613466666665,9.476666666666665,3.525333333333333,31.61,90.616,49.623333333333335,22.44,28.666127333333336
2026-10-08T16:10:00.000Z,MCT2408057,15.272222,74.104722,76.36,281.0383999999999,514.72,79.1531988,11.9676,9.817600000000004,30.1552,86.6216,44.674,0.28479999999999994,31.464662399999995
2026-10-08T16:20:00.000Z,MCT2408057,15.272222,74.104722,72.88,289.0188,509.48,79.3491208,12.0536,9.814400000000004,28.009599999999995,79.86120000000003,40.8032,0.3716,31.329098000000002
2026-10-08T16:30:00.000Z,MCT2408057,15.272222,74.104722,70.20833333333333,285.6575,517.2083333333334,80.45121375000001,12.181666666666665,9.863333333333335,26.1725,74.49375000000002,38.005833333333335,0.6225,30.94851791666666
2026-10-08T16:40:00.000Z,MCT2408057,15.272222,74.104722,72.13636363636364,271.0904545454545,520.8181818181819,81.39298000000001,11.990454545454543,9.820454545454547,27.360000000000003,78.41363636363634,40.30227272727273,0.786818181818182,30.57448045454546
2026-10-08T16:50:00.000Z,MCT2408057,15.272222,74.104722,74.20833333333333,263.21750000000003,523.1666666666666,81.91351291666669,12.062083333333332,9.931666666666668,28.977916666666662,82.59791666666668,42.27166666666666,0.7245833333333332,30.35550833333333
2026-10-08T16:59:54.733Z,MCT2408057,15.272222,74.104722,72.96,272.5416,532.16,83.29748560000002,12.030400000000002,9.885600000000004,27.962,79.67960000000001,40.736000000000004,0.6992000000000002,30.001759600000014
2026-10-08T16:10:00.000Z,MCT2408056,15.579167,73.920833,137.4375,180,573.5625,84.87705687500001,6.593749999999999,9.0867075,50.7875,150.955625,82.53374999999998,1.7543749999999996,28.408012499999998
2026-10-08T16:20:00.000Z,MCT2408056,15.579167,73.920833,142,180,568.1875,85.02010625,6.63,9.309418125,52.8425,156.42125,85.169375,1.5693749999999997,28.284000624999997
2026-10-08T16:30:00.000Z,MCT2408056,15.579167,73.920833,138.8125,180,547.375,85.21799437499999,6.4125000000000005,9,51.78625,153.11875,83.41000000000001,1.5856249999999996,28.141892499999994
2026-10-08T16:40:00.000Z,MCT2408056,15.579167,73.920833,141.75,180,550.5625,85.23420749999998,6.592500000000001,9.074236875,51.961875,154.314375,84.40749999999998,1.5737499999999998,28.060786249999996
2026-10-08T16:50:00.000Z,MCT2408056,15.579167,73.920833,138.1875,180,551.625,85.31669937499998,6.605624999999999,9,50.435,149.70375,81.83,1.5681249999999998,27.98705125
2026-10-08T16:59:54.733Z,MCT2408056,15.579167,73.920833,134.13333333333333,180,546.4,85.65140866666667,6.593999999999999,9,49.794,147.54,80.47399999999999,1.5599999999999998,27.866038
2026-10-08T16:10:00.000Z,MCT2408053,15.263333,74.110833,140.25,114.03505,738.9375,87.67895187500001,9.058125,17.255,38.79875,132.230625,85.0975,36.095625,29.103801875000002
2026-10-08T16:20:00.000Z,MCT2408053,15.263333,74.110833,131.3125,127.48099375000001,749.1875,87.73426562499999,7.602499999999998,15.977500000000001,36.32875,123.90625000000001,79.80812500000002,36.733125,29.037441250000004
2026-10-08T16:30:00.000Z,MCT2408053,15.263333,74.110833,127.75,112.93426875,749.5,88.00224687499998,6.658125,16.748125,35.6375,120.8075,77.69312500000001,36.685625,28.963036875000004
2026-10-08T16:40:00.000Z,MCT2408053,15.263333,74.110833,130.28571428571428,127.98745,756.6428571428571,88.32928642857142,9.095,18.56714285714286,36.53357142857143,123.62,79.04214285714286,36.45285714285714,28.923582857142854
2026-10-08T16:50:00.000Z,MCT2408053,15.263333,74.110833,127.125,118.35655625,738.5625,88.46478062499999,6.988125000000001,15.1475,35.40937499999999,120.199375,77.27062500000001,37.0075,28.873883125000003
2026-10-08T16:59:54.929Z,MCT2408053,15.263333,74.110833,120.875,110,763.25,88.69747562500001,6.944999999999999,15.476875,33.69,114.48812500000003,73.46249999999999,36.66625000000001,28.839694375000004
2026-10-08T16:00:00.000Z,MCT2408052,15.444425,74.063856,57,160,618,82.59253,24.31368,8,14.72,44.48,22.78,2,29.60922
2026-10-08T16:10:00.000Z,MCT2408052,15.444425,74.063856,56.9375,160,624.1875,82.67883749999999,24.256575624999996,8,16.1175,47.58625,23.753124999999997,2,29.559619375000004
2026-10-08T16:20:00.000Z,MCT2408052,15.444425,74.063856,56.8,160,643.5333333333333,82.76495399999999,24.19185666666667,8,15.296666666666665,45.74666666666668,23.127333333333333,2,29.415456
2026-10-08T16:30:00.000Z,MCT2408052,15.444425,74.063856,56.8125,160,636.0625,83.15281312500002,24.199470625000004,8,16.369999999999997,47.113125,22.932499999999997,2,29.291489374999994
2026-10-08T16:40:00.000Z,MCT2408052,15.444425,74.063856,56.875,160,647.375,83.700221875,24.237541250000003,8,16.138125000000002,46.701875,22.868125,2,29.209041875000004
2026-10-08T16:50:00.000Z,MCT2408052,15.444425,74.063856,56.875,160,646.125,84.34061500000001,24.275612499999994,8,17.22625,49.849374999999995,24.4225,2,29.100449999999995
2026-10-08T16:59:54.945Z,MCT2408052,15.444425,74.063856,56.75,160,628.3125,84.48366625,24.170918125000007,8,16.202499999999997,46.79,22.890625000000004,2,29.029397500000005
2026-10-08T16:10:00.000Z,MCT2408043,15.221111,74.087222,140.375,80.155,615.5,82.86384937499999,14.221250000000001,9.594375000000001,50.73874999999999,153.3725,79.1875,5.290000000000001,29.723175625000003
2026-10-08T16:20:00.000Z,MCT2408043,15.221111,74.087222,132.2,85.466,621.8666666666667,82.50911533333334,14.154000000000002,9.900000000000002,47.705333333333336,144.028,74.30199999999999,5.290000000000001,29.729341999999995
2026-10-08T16:30:00.000Z,MCT2408043,15.221111,74.087222,132,100.44125,624.375,82.488101875,14.150000000000002,9.829375,47.33312500000001,143.79562499999997,74.22125000000001,5.290000000000001,29.649441250000006
2026-10-08T16:40:00.000Z,MCT2408043,15.221111,74.087222,127.125,127.94875,638.125,82.107109375,14.123125000000002,9.991249999999999,45.513125,138.08312500000002,71.17999999999999,5.290000000000001,29.589783750000002
2026-10-08T16:50:00.000Z,MCT2408043,15.221111,74.087222,125.125,143.310625,632.875,81.78810625,14.089375000000002,9.842500000000001,45.43500000000002,136.55437500000002,69.9,5.290000000000001,29.436950624999998
2026-10-08T16:59:54.962Z,MCT2408043,15.221111,74.087222,125.06666666666666,147.004,641.2,82.08746333333332,14.037333333333333,9.857333333333335,44.580666666666666,135.27266666666668,69.86266666666668,5.290000000000001,29.226693333333333
2026-10-08T16:10:00.000Z,MCT2408051,15.486528,74.033889,67.375,355.46500000000003,634,93.694250625,21.754375000000003,5.1899999999999995,24.291249999999998,77.49250000000002,42.820625,4.723750000000001,28.125134999999993
2026-10-08T16:20:00.000Z,MCT2408051,15.486528,74.033889,67.375,355.0025000000001,625.625,93.84111687500001,21.75125,5.1899999999999995,23.746875,76.71625,42.81937500000001,4.45375,28.057433749999994
2026-10-08T16:30:00.000Z,MCT2408051,15.486528,74.033889,66.2,357.2533333333334,627.4,94.06917333333334,21.926666666666666,5.1899999999999995,23.052,74.53866666666667,41.568000000000005,4.535333333333333,27.99545266666667
2026-10-08T16:40:00.000Z,MCT2408051,15.486528,74.033889,66.625,356.29749999999996,638.75,94.29697374999999,21.945,5.1899999999999995,23.436874999999997,75.123125,41.73062500000001,4.7837499999999995,27.919349375
2026-10-08T16:50:00.000Z,MCT2408051,15.486528,74.033889,66.75,355.65000000000003,636.75,94.74710875,21.95125,5.1899999999999995,23.165,75.395,42.35249999999999,4.5475,27.826845625
2026-10-08T16:59:54.962Z,MCT2408051,15.486528,74.033889,66.93333333333334,356.76,643.4,95.12559000000002,21.766000000000002,5.1899999999999995,23.588666666666665,75.73866666666667,42.106666666666676,4.739999999999999,27.749487333333338
2026-10-08T16:10:00.000Z,MCT2408021,15.500556,74.053333,54.625,375,542.1875,78.64860875000001,22.691875,16.26946375,20.6875,60.027499999999996,35.92125,3.8181249999999998,29.929631875000002
2026-10-08T16:20:00.000Z,MCT2408021,15.500556,74.053333,54.9375,375,555.4375,79.3075975,22.55875,15.906491249999998,20.954375,60.70499999999999,36.278124999999996,3.88125,29.840480625
2026-10-08T16:30:00.000Z,MCT2408021,15.500556,74.053333,53.46666666666667,375,570.5333333333333,79.59214266666666,22.426000000000002,15.404139333333331,20.16,58.118000000000016,34.76199999999999,3.884666666666667,29.633532666666667
2026-10-08T16:40:00.000Z,MCT2408021,15.500556,74.053333,54.142857142857146,375,556.8571428571429,79.81161571428571,22.342857142857145,15.563711428571425,20.410714285714285,59.25714285714286,35.542142857142856,3.947142857142857,29.537210714285717
2026-10-08T16:50:00.000Z,MCT2408021,15.500556,74.053333,53.875,375,559.875,80.38382,22.468125,15.62976625,20.240625,58.890000000000015,35.41375,3.9,29.47381875
2026-10-08T16:59:54.962Z,MCT2408021,15.500556,74.053333,53.6,375,565.3333333333334,80.70451,22.311333333333334,15.358749333333334,20.16,58.46666666666668,35.141333333333336,3.9386666666666668,29.317497999999997
2026-10-08T16:10:00.000Z,MCT2408050,15.553611,73.958333,109.1875,86.02999999999999,606.3125,88.28119625000001,10.605,4.248125,42.995,133.909375,70.74937500000001,1,27.7852875
2026-10-08T16:20:00.000Z,MCT2408050,15.553611,73.958333,108.875,86.02999999999999,633.125,88.50817062500002,10.814375000000002,4.294375,42.46375,132.728125,70.37749999999998,1,27.696801250000004
2026-10-08T16:30:00.000Z,MCT2408050,15.553611,73.958333,107.93333333333334,86.02999999999999,618.4666666666667,88.54905066666667,10.916666666666664,4.240666666666667,41.732,129.55466666666666,68.32333333333332,1,27.57645799999999
2026-10-08T16:40:00.000Z,MCT2408050,15.553611,73.958333,106.625,86.02999999999999,629.5,88.96641187499999,10.869375,4.3306249999999995,40.29312500000001,125.96562499999999,66.924375,1,27.4320275
2026-10-08T16:50:00.000Z,MCT2408050,15.553611,73.958333,106.9375,86.02999999999999,605.75,89.11995437499999,10.6875,4.241875,40.24000000000001,125.59062499999999,66.65875,1,27.312711875000005
2026-10-08T16:59:55.154Z,MCT2408050,15.553611,73.958333,107.4,86.02999999999999,616.7333333333333,89.03733466666668,10.812,4.335999999999999,40.942,127.32199999999997,67.30333333333333,1.0326666666666666,27.253992
2026-10-08T16:10:00.000Z,MCT2408034,15.356389,74.123611,105.84,180,604.92,74.72174160000003,6.150000000000002,2.1652,40.791599999999995,127.61920000000002,67.17400000000002,1.5196,32.33125199999999
2026-10-08T16:20:00.000Z,MCT2408034,15.356389,74.123611,105.875,180,602.8333333333334,74.99365166666665,6.150000000000002,2.4200000000000004,40.517500000000005,127.19208333333334,67.2375,1.62375,32.264578333333326
2026-10-08T16:30:00.000Z,MCT2408034,15.356389,74.123611,105.79166666666667,180,612.5833333333334,75.07312625000002,6.150000000000002,2.7525,40.13833333333334,126.44958333333334,67.08125,1.3870833333333332,32.15687708333334
2026-10-08T16:40:00.000Z,MCT2408034,15.356389,74.123611,104.24,180,611.96,75.06658880000003,6.150000000000002,2.7676,38.935199999999995,121.65480000000001,64.17240000000001,1.3843999999999996,32.0811416
2026-10-08T16:50:00.000Z,MCT2408034,15.356389,74.123611,102.5,180,613.3333333333334,74.58230083333333,6.150000000000002,2.755833333333333,37.25625,116.60208333333331,61.64875000000003,1.274583333333333,32.21899541666667
2026-10-08T16:59:55.177Z,MCT2408034,15.356389,74.123611,100.96,180,616.64,73.3359376,6.150000000000002,2.928,36.1312,112.31439999999996,59.10960000000002,1.3655999999999997,32.5478976
2026-10-08T16:10:00.000Z,MCT2408030,15.142519,74.075003,90.375,163,514.1875,80.14396937500001,9.18375,6.200000000000002,31.926875000000003,96.088125,53.364999999999995,3.8125,28.479063124999993
2026-10-08T16:20:00.000Z,MCT2408030,15.142519,74.075003,90.375,163,520.875,80.24220312499999,9.123125,6.200000000000002,31.868125000000003,96.145,53.48375,4.05375,28.468339999999994
2026-10-08T16:30:00.000Z,MCT2408030,15.142519,74.075003,91.2,163,531.6,80.20707333333333,9.108,6.200000000000002,32.49,97.68933333333335,54.33533333333333,3.990666666666667,28.408726666666666
2026-10-08T16:40:00.000Z,MCT2408030,15.142519,74.075003,91.5,163,540.25,80.261753125,9.239999999999998,6.200000000000002,32.276250000000005,98.08312500000001,55.02125000000001,3.966875,28.330254999999994
2026-10-08T16:50:00.000Z,MCT2408030,15.142519,74.075003,89.26666666666667,163,533,80.31133999999999,9.272666666666664,6.200000000000002,31.36866666666667,93.674,51.74666666666666,4.174666666666666,28.322209999999988
2026-10-08T16:59:55.188Z,MCT2408030,15.142519,74.075003,89.125,163,540.3125,80.27843562500003,9.21625,6.200000000000002,31.400000000000002,93.29500000000002,51.353124999999984,4.3125,28.259198749999996
2026-10-08T16:10:00.000Z,MCT2408023,15.499722,74.020833,197.5625,150.51,480.875,86.64326062500001,8.103124999999999,25.112499999999997,46.65562500000001,147.54187499999998,92.538125,4.7993749999999995,28.84237562500001
2026-10-08T16:20:00.000Z,MCT2408023,15.499722,74.020833,200.25,150.51,493.0625,87.34707250000002,7.954374999999999,24.367500000000003,46.89375,149.443125,94.16937499999999,4.6637499999999985,28.810871249999998
2026-10-08T16:30:00.000Z,MCT2408023,15.499722,74.020833,238.1875,150.51,500,87.660355,7.915624999999999,23.28625,64.32,205.8,130.14875,4.680625,28.607766249999997
2026-10-08T16:40:00.000Z,MCT2408023,15.499722,74.020833,273.06666666666666,150.50999999999996,508.1333333333333,88.23065133333333,7.9913333333333325,23.276666666666664,87.11333333333336,282.506,180.39533333333333,4.450666666666666,28.50596933333334
2026-10-08T16:50:00.000Z,MCT2408023,15.499722,74.020833,267.875,150.51,505.3125,88.437121875,8.261875,21.7625,73.8275,251.86874999999998,167.2175,4.483750000000001,28.478395625000005
2026-10-08T16:59:55.189Z,MCT2408023,15.499722,74.020833,203.875,150.51,515.1875,88.76947624999998,8.392499999999998,21.628125,47.36812499999999,150.945625,95.075625,4.528749999999999,28.410694999999993
2026-10-08T16:10:00.000Z,MCT2408027,15.275556,74.1075,115.0625,689.573125,566.0625,87.06049625000003,6.579999999999999,12.739375,42.34562499999999,129.18875,68.55312500000001,2.9500000000000006,29.18088875
2026-10-08T16:20:00.000Z,MCT2408027,15.275556,74.1075,115.1875,680.8306249999999,595.5625,87.11580687500002,6.579999999999999,12.741875000000002,42.714999999999996,129.4975,68.30625,2.9500000000000006,29.185581250000002
2026-10-08T16:30:00.000Z,MCT2408027,15.275556,74.1075,115.875,680.100625,566.4375,87.341828125,6.579999999999999,12.959999999999999,43.33124999999999,130.8525,68.74,2.9500000000000006,29.074979375
2026-10-08T16:40:00.000Z,MCT2408027,15.275556,74.1075,116.71428571428571,679.8585714285716,579.4285714285714,87.57343357142854,6.579999999999999,13.19785714285714,43.32357142857143,131.66285714285718,69.52285714285713,2.95,29.014745714285713
2026-10-08T16:50:00.000Z,MCT2408027,15.275556,74.1075,117.875,678.5075,599.875,87.87636187500001,6.579999999999999,13.070624999999996,43.700624999999995,133.130625,70.59125,2.9500000000000006,28.925498125
2026-10-08T16:59:55.189Z,MCT2408027,15.275556,74.1075,122.3125,683.764375,592.75,88.05040875,6.579999999999999,13.129374999999996,44.870000000000005,137.44375000000002,73.24625,2.9500000000000006,28.787409375
2026-10-08T16:10:00.000Z,MCT2408040,15.528056,74.020833,23.3125,100,541.875,84.821741875,7.041874999999999,4.434375,8.969999999999999,26.58,12.935624999999998,3.5,29.128603125
2026-10-08T16:20:00.000Z,MCT2408040,15.528056,74.020833,22.875,100,545.875,85.39442375000002,7.056249999999998,4.4625,8.754999999999999,25.700625000000002,12.400000000000002,3.5,28.969068749999995
2026-10-08T16:30:00.000Z,MCT2408040,15.528056,74.020833,23.076923076923077,100,546.6923076923077,85.66658846153847,7.194615384615384,4.4946153846153845,8.753076923076922,26.07153846153846,12.722307692307691,3.5,28.880743076923068
2026-10-08T16:40:00.000Z,MCT2408040,15.528056,74.020833,22.9375,100,536.875,85.69435374999999,7.152499999999999,4.508125,8.642499999999998,25.743125,12.4775,3.5,28.817573749999998
2026-10-08T16:50:00.000Z,MCT2408040,15.528056,74.020833,22.625,100,552.8125,85.95995312500001,7.136874999999999,4.52875,8.605,25.32625,12.243124999999997,3.5,28.706301250000003
2026-10-08T16:59:55.377Z,MCT2408040,15.528056,74.020833,23.0625,100,555.125,86.15974812500001,7.374374999999997,4.575,8.754999999999999,25.830625,12.500625,3.5,28.595699375
2026-10-08T16:00:00.000Z,MCT2408049,15.475278,74.055833,93,150,528,82.16528,23.68,19.9,38.33,113.38,58.31,2.61,29.22312
2026-10-08T16:10:00.000Z,MCT2408049,15.475278,74.055833,90.66666666666667,154.5232,530.3333333333334,82.41247666666668,24.261333333333333,19.074666666666666,37.56666666666667,109.288,55.59866666666665,2.61,29.15733733333333
2026-10-08T16:20:00.000Z,MCT2408049,15.475278,74.055833,89.4375,152.731625,534.3125,82.629723125,24.115625,18.7525,36.70312499999999,106.91000000000001,54.473125,2.61,29.100450624999993
2026-10-08T16:30:00.000Z,MCT2408049,15.475278,74.055833,89.61538461538461,153.85317692307692,527.5384615384615,82.7222276923077,24.165384615384617,20.967692307692307,36.62384615384615,107.1276923076923,54.88615384615385,2.61,29.044090769230777
2026-10-08T16:40:00.000Z,MCT2408049,15.475278,74.055833,91.13333333333334,152.99156666666664,523.6,82.66526400000001,24.208000000000006,20.029333333333334,37.209333333333326,109.034,55.955333333333336,2.61,29.05866666666667
2026-10-08T16:50:00.000Z,MCT2408049,15.475278,74.055833,89.4,153.59164666666663,525,83.015198,24.25133333333333,19.428,36.33933333333333,105.81600000000003,53.85999999999999,2.61,28.918527333333333
2026-10-08T16:59:55.400Z,MCT2408049,15.475278,74.055833,88.5625,152.06399375,527.625,83.05362999999998,24.154999999999998,18.515,35.937499999999986,104.13375000000003,52.79437499999999,2.61,28.859806875000004
2026-10-08T16:00:00.000Z,MCT2408044,15.313669,74.140042,56,214.29,546,85.19415,11.36,3.32,22.41,61.5,36.22,2.3,29.37327
2026-10-08T16:10:00.000Z,MCT2408044,15.313669,74.140042,56.4375,214.29,554.625,85.19081625000001,11.386874999999998,4.163125,23.167500000000004,61.65625,35.475625,2.3,29.381984375000005
2026-10-08T16:20:00.000Z,MCT2408044,15.313669,74.140042,55,214.29,545.6875,85.7172425,11.34,3.9575,21.946250000000003,58.65625,33.886250000000004,2.3,29.237865
2026-10-08T16:30:00.000Z,MCT2408044,15.313669,74.140042,52.4,214.29,538.0666666666667,88.63145,11.553333333333331,3.5866666666666664,19.884000000000004,54.63333333333333,32.178000000000004,2.3,28.80841333333333
2026-10-08T16:40:00.000Z,MCT2408044,15.313669,74.140042,54.142857142857146,214.29,552.4285714285714,89.45407999999999,11.469999999999999,3.6692857142857145,21.097857142857144,57.92857142857143,34.129999999999995,2.3292124285714286,28.48385285714286
2026-10-08T16:50:00.000Z,MCT2408044,15.313669,74.140042,53.5625,214.29,564.3125,90.31013999999999,11.448125,3.805625,20.686875,56.6875,33.376875000000005,2.3148236874999997,28.176079999999995
2026-10-08T16:59:55.415Z,MCT2408044,15.313669,74.140042,55,214.29,578.25,91.15986374999999,11.51375,3.6575,21.801874999999995,59.875,35.373124999999995,2.3,27.92739375
2026-10-08T16:00:00.000Z,MCT2408046,15.529167,74.07,83,207.19,713,80.16638,13.71,0.26,33.51,99.99,49,2.84,30.05968
2026-10-08T16:10:00.000Z,MCT2408046,15.529167,74.07,82.125,204.27291666666667,718.2916666666666,80.21501833333336,13.865833333333335,0.28124999999999994,32.21583333333334,97.16458333333334,48.14041666666666,2.8400000000000016,30.01186208333334
2026-10-08T16:20:00.000Z,MCT2408046,15.529167,74.07,80.92,195.5616,719.56,80.41570959999997,13.900000000000002,0.31519999999999987,31.660400000000003,94.7888,46.69959999999999,2.8400000000000016,29.89879760000001
2026-10-08T16:30:00.000Z,MCT2408046,15.529167,74.07,80.28,186.70199999999997,716.16,80.63543759999999,13.814000000000004,0.28599999999999987,31.08040000000001,93.58760000000001,46.33560000000001,2.8400000000000016,29.792405199999983
2026-10-08T16:40:00.000Z,MCT2408046,15.529167,74.07,79.33333333333333,173.24416666666664,708.375,80.81011124999996,13.835,0.2662499999999999,30.40000000000001,91.83999999999999,45.59458333333333,2.8400000000000016,29.753562916666667
2026-10-08T16:50:00.000Z,MCT2408046,15.529167,74.07,79.64,167.85800000000003,708.96,80.91497840000001,13.796400000000004,0.2851999999999999,30.44760000000001,91.6772,45.48959999999998,2.8512000000000013,29.646974800000002
2026-10-08T16:59:55.416Z,MCT2408046,15.529167,74.07,82.70833333333333,168.81125,719.375,81.28822083333331,13.827916666666669,0.28083333333333327,32.34708333333334,97.25624999999998,48.065,2.871666666666668,29.531019166666667
2026-10-08T16:10:00.000Z,MCT2408042,15.213889,74.071667,112.0625,172.89687500000005,502.3125,84.32726374999997,26.169375,15.266250000000001,44.191875,131.268125,67.81875000000001,1.7956249999999998,29.592465
2026-10-08T16:20:00.000Z,MCT2408042,15.213889,74.071667,110.1875,172.855625,504,84.4259675,26.119999999999997,14.731250000000003,42.371874999999996,125.62624999999997,64.801875,1.8087499999999999,29.499291874999994
2026-10-08T16:30:00.000Z,MCT2408042,15.213889,74.071667,108,186.235,504.5625,84.301990625,25.960000000000004,14.908750000000001,39.983125,119.01499999999999,61.324999999999996,1.8581249999999998,29.47784125
2026-10-08T16:40:00.000Z,MCT2408042,15.213889,74.071667,109.0625,181.415625,505.125,84.512275625,26.080000000000002,14.9,41.234375,122.32125,62.92,2.133125,29.35182
2026-10-08T16:50:00.000Z,MCT2408042,15.213889,74.071667,109.375,186.51000000000002,504.625,84.775489375,26.24,15.348125,41.74625,124.03,63.946250000000006,2.17125,29.219765624999997
2026-10-08T16:59:55.605Z,MCT2408042,15.213889,74.071667,107.875,199.56500000000005,511.125,85.01581625,26.160000000000004,15.210000000000003,40.09687500000001,119.58437500000002,61.837500000000006,2.279375,29.128602500000003
2026-10-08T16:10:00.000Z,MCT2408041,15.224628,74.171389,91.5,167.46919999999997,574.4375,85.48168562500001,13.734374999999998,9.7,31.68875000000001,94.17125000000001,48.68125,7.165,29.081680625
2026-10-08T16:20:00.000Z,MCT2408041,15.224628,74.171389,91.4375,165.38652500000003,551.0625,85.79925812500001,13.66875,9.7,31.637500000000003,94.02,48.63125000000001,7.216874999999999,28.963706250000005
2026-10-08T16:30:00.000Z,MCT2408041,15.224628,74.171389,90.875,188.98620625,589.0625,85.71199812499998,13.704374999999999,9.7,31.386250000000008,93.005,47.87,7.121249999999999,28.9020375
2026-10-08T16:40:00.000Z,MCT2408041,15.224628,74.171389,89.875,180.26993750000003,591.9375,86.14162999999996,13.745624999999999,9.7,30.426250000000007,90.976875,47.315,7.305624999999999,28.826958124999997
2026-10-08T16:50:00.000Z,MCT2408041,15.224628,74.171389,91.1875,177.12176875,576.75,86.19408000000001,13.859374999999998,9.7,31.43625000000001,93.76625000000001,48.528749999999995,7.365624999999999,28.804836249999997
2026-10-08T16:59:55.620Z,MCT2408041,15.224628,74.171389,90.375,205.01605625000005,585.1875,86.29326437499998,13.810625,9.7,30.931875000000005,91.99187500000001,47.61875,7.288749999999999,28.75054187500001
2026-10-08T16:10:00.000Z,MCT2408033,15.346944,74.007778,64.6875,110,515,84.04306750000002,6.906249999999999,2.98375,28.21875,72.019375,43.38125000000001,4.39,29.058220000000006
2026-10-08T16:20:00.000Z,MCT2408033,15.346944,74.007778,62.75,110,522.625,84.20376249999998,7.589999999999998,2.98,26.66625,68.26937500000001,41.066874999999996,4.39,28.984486250000007
2026-10-08T16:30:00.000Z,MCT2408033,15.346944,74.007778,62.5,110,544.5,84.404035,8.089375,2.9275,26.400624999999998,67.62937500000001,40.698125,4.39,28.951640624999996
2026-10-08T16:40:00.000Z,MCT2408033,15.346944,74.007778,62.875,110,547.4375,84.708255625,9.496875000000001,2.6925,26.818125,68.4625,41.104375000000005,4.39,28.881926874999998
2026-10-08T16:50:00.000Z,MCT2408033,15.346944,74.007778,62.875,110,535.25,85.03154937500001,10.169374999999999,2.264375,26.855,68.65375000000002,41.250625,4.39,28.749871875000004
2026-10-08T16:59:55.644Z,MCT2408033,15.346944,74.007778,62.5,110,532.1875,85.006279375,8.963750000000001,2.35375,26.666249999999998,68.01250000000002,40.77125,4.39,28.674126875000002
2026-10-08T16:10:00.000Z,MCT2408024,15.148056,74.131667,99.45,183.674705,727.25,80.76071100000001,20.9410155,17.2626258,33.920000000000016,103.19000000000003,54.50950000000002,2.7335000000000003,28.254640999999992
2026-10-08T16:20:00.000Z,MCT2408024,15.148056,74.131667,99.66666666666667,181.28003333333334,779.5714285714286,79.3685657142857,18.53216857142857,10.034356095238097,34.16047619047621,103.7961904761905,54.673333333333346,2.6461904761904766,28.733848095238095
2026-10-08T16:30:00.000Z,MCT2408024,15.148056,74.131667,98.61904761904762,180.12149047619044,747.0952380952381,78.85230952380955,18.09451333333333,11.145466761904762,33.636666666666684,101.51142857142861,53.29333333333335,2.6047619047619044,28.86153095238096
2026-10-08T16:50:00.000Z,MCT2408024,15.148056,74.131667,98.88888888888889,221.49419999999998,693.8888888888889,81.50830777777777,25.338974444444446,97.49319866666667,34.08111111111111,102.49444444444447,53.62555555555555,3.342222222222222,27.933723333333333
2026-10-08T16:59:55.644Z,MCT2408024,15.148056,74.131667,97.63636363636364,182.61148636363635,762.7727272727273,80.14418727272727,18.86743636363636,7.836809454545454,32.97000000000002,99.62181818181821,52.36909090909092,2.5895454545454544,28.339760909090913
2026-10-08T16:10:00.000Z,MCT2408037,15.394444,74.118333,83.25,160,483.125,82.543416875,10.00625,14.454374999999997,25.551874999999995,88.31375000000001,43.98562500000001,2.38875,28.53872312499999
2026-10-08T16:20:00.000Z,MCT2408037,15.394444,74.118333,82.8125,160,493.9375,82.75656249999999,10.049375,14.41375,25.504999999999995,87.24,43.04812500000001,2.5112500000000004,28.489120624999998
2026-10-08T16:30:00.000Z,MCT2408037,15.394444,74.118333,83.8125,160,495.8125,82.932515,10.1525,14.405625,26.015624999999996,89.59125000000002,44.45437500000001,2.5543750000000003,28.428791250000007
2026-10-08T16:40:00.000Z,MCT2408037,15.394444,74.118333,82.75,160,495,83.25199624999998,9.838125000000002,14.394999999999994,25.31875,87.293125,43.32937500000001,2.713125,28.373826250000008
2026-10-08T16:50:00.000Z,MCT2408037,15.394444,74.118333,83.0625,160,503.375,83.765548125,9.964375,14.422500000000003,25.690624999999997,88.21249999999999,43.65750000000001,2.6987500000000004,28.245123125
2026-10-08T16:59:55.814Z,MCT2408037,15.394444,74.118333,83.6875,160,498.0625,83.71881937499998,10.048124999999999,14.358125000000001,25.831249999999994,89.18312500000002,44.36062500000001,2.6837500000000003,28.200211875000004
2026-10-08T16:00:00.000Z,MCT2408045,15.619444,73.878889,80,253.78,769,82.69171,9.13,14.54,29.19,99.81,52.02,2.53,28.41874
2026-10-08T16:10:00.000Z,MCT2408045,15.619444,73.878889,79.3076923076923,238.41923076923078,761.3076923076923,82.85368846153847,8.859999999999998,15.139999999999999,28.767692307692307,97.56846153846155,50.369230769230775,2.5300000000000002,28.36676384615385
2026-10-08T16:20:00.000Z,MCT2408045,15.619444,73.878889,79,211.81437500000004,774.0625,82.95206375,9.521875000000001,15.494999999999997,28.659375,97.27437499999999,50.29,2.5300000000000002,28.341651250000005
2026-10-08T16:30:00.000Z,MCT2408045,15.619444,73.878889,78.125,199.13250000000002,789.0625,83.200019375,9.289374999999998,15.543124999999996,28.155625,95.454375,49.33625,2.5300000000000002,28.22099
2026-10-08T16:40:00.000Z,MCT2408045,15.619444,73.878889,77.0625,190.53500000000003,786.25,83.34116312500001,9.36375,15.713749999999997,27.275000000000006,92.63937500000002,48.061875,2.5300000000000002,28.157980625
2026-10-08T16:50:00.000Z,MCT2408045,15.619444,73.878889,76.3125,180.33812499999996,791.875,83.56718499999997,9.280000000000001,15.706874999999998,26.581875000000007,90.501875,46.863125,2.5300000000000002,28.041346875000002
2026-10-08T16:59:55.825Z,MCT2408045,15.619444,73.878889,76.8125,178.11999999999995,789.1875,83.80465124999999,9.328125000000002,15.788124999999997,26.898125000000004,91.535,47.49812500000001,2.5300000000000002,27.8979
2026-10-08T16:10:00.000Z,MCT2408022,15.475833,74.038889,110.5625,150,494,84.29722187500002,3.68875,12.01455875,43.8125,133.25,70.25,4.0545078750000005,28.918796874999995
2026-10-08T16:20:00.000Z,MCT2408022,15.475833,74.038889,111.26666666666667,150,485.2,84.80250933333335,3.603333333333334,12.533801333333335,44.333333333333336,135.8,71.93333333333334,4.0809932,28.88635333333333
2026-10-08T16:30:00.000Z,MCT2408022,15.475833,74.038889,111,150,486.9375,85.61663125,3.6056250000000003,12.1670425,44.125,135.1875,71.75,4.079268062500001,28.802155624999994
2026-10-08T16:40:00.000Z,MCT2408022,15.475833,74.038889,111.625,150,491.75,86.13352125000002,3.72125,12.38278125,44.75,137,72.5,4.08538,28.701610000000002
2026-10-08T16:50:00.000Z,MCT2408022,15.475833,74.038889,111.5625,150,493.625,86.29421687500002,4.070625000000001,11.920055625,44.75,136.75,72.375,4.0930679375,28.547438125
2026-10-08T16:59:55.850Z,MCT2408022,15.475833,74.038889,111.86666666666666,150,502.06666666666666,86.40366466666666,3.984666666666666,11.729515999999997,45.06666666666667,137.86666666666667,72.86666666666666,4.109361066666667,28.46163733333334
2026-10-08T16:10:00.000Z,MCT2408036,15.171567,74.067106,56.75,120,594.6875,85.21656375,9.436250000000001,5.602500000000001,20.526875,60.44187499999998,32.167500000000004,11.202499999999999,28.563525000000006
2026-10-08T16:20:00.000Z,MCT2408036,15.171567,74.067106,55.86666666666667,120,597.4666666666667,85.229758,9.279333333333334,5.884666666666667,19.965333333333326,58.69466666666666,31.171999999999993,11.197333333333331,28.47879733333333
2026-10-08T16:30:00.000Z,MCT2408036,15.171567,74.067106,56.4375,120,592.75,84.92760000000003,9.13125,5.789999999999999,20.198750000000004,59.83999999999999,32.008750000000006,11.343125,28.494482500000004
2026-10-08T16:40:00.000Z,MCT2408036,15.171567,74.067106,56.375,120,603.625,85.15791312500002,9.225624999999999,6.24,20.2325,59.61749999999999,31.660625000000003,11.127500000000001,28.421420625
2026-10-08T16:50:00.000Z,MCT2408036,15.171567,74.067106,56,120,621.3333333333334,85.438802,9.372666666666666,6.658666666666665,19.894666666666673,59.00066666666666,31.576000000000008,11.158666666666669,28.33651200000001
2026-10-08T16:59:55.877Z,MCT2408036,15.171567,74.067106,55.75,120,626.25,85.51649312499998,9.09375,6.436249999999999,19.834375,58.60375,31.279999999999998,11.349375,28.239088125
2026-10-08T16:10:00.000Z,MCT2408032,15.525556,73.828611,197.72,178.92999999999995,515.52,55.973875600000014,15.029599999999999,15.200799999999994,55.873999999999995,168.9084,88.618,3.638,36.207729199999996
2026-10-08T16:20:00.000Z,MCT2408032,15.525556,73.828611,193,178.92999999999995,508.16,55.29791239999999,14.830399999999997,15.936799999999998,54.05119999999999,163.21959999999999,85.78679999999999,3.5368000000000013,36.4029268
2026-10-08T16:30:00.000Z,MCT2408032,15.525556,73.828611,193.24,179.7556,511.24,54.529480400000004,14.692,14.710000000000003,53.87919999999999,163.27719999999997,85.89959999999999,4.226800000000001,36.378475200000004
2026-10-08T16:40:00.000Z,MCT2408032,15.525556,73.828611,192.32,178.92999999999995,501.44,53.8880004,14.545199999999996,15.015600000000001,54.05039999999999,162.99119999999994,85.38959999999999,4.760400000000001,36.2446232
2026-10-08T16:50:00.000Z,MCT2408032,15.525556,73.828611,192.16,178.92999999999995,507.36,53.712524,14.741999999999997,14.921999999999999,53.936399999999985,162.64999999999998,85.27599999999997,4.6952,36.17254960000001
2026-10-08T16:59:55.876Z,MCT2408032,15.525556,73.828611,191.4,178.92999999999995,506.24,52.225708399999995,14.881199999999996,14.207200000000002,53.594399999999986,161.62639999999993,84.76799999999999,5.4604,36.19829040000001
2026-10-08T16:10:00.000Z,MCT2408031,15.290833,74.149167,59.8125,140,627.25,85.75729625,6.728779312500001,9.69363525,24.791249999999998,64.5925,35.089375,4.009999999999999,28.379858125
2026-10-08T16:20:00.000Z,MCT2408031,15.290833,74.149167,59,140,632.5,85.86363249999998,6.51538725,8.5715415625,24.197499999999998,63.01625,34.255625,4.009999999999999,28.326904375
2026-10-08T16:30:00.000Z,MCT2408031,15.290833,74.149167,59.125,140,640.5,85.907026875,6.8017576875,8.829112125,24.198125000000005,63.369375,34.701875,4.009999999999999,28.247133749999993
2026-10-08T16:40:00.000Z,MCT2408031,15.290833,74.149167,61.8125,140,634.5,86.02432687499997,6.850057999999999,9.202174374999998,26.13125,68.559375,37.588750000000005,4.009999999999999,28.201551249999994
2026-10-08T16:50:00.000Z,MCT2408031,15.290833,74.149167,60.75,140,643.375,86.04387625,6.99099975,9.85584125,25.326875,66.141875,36.10125,4.009999999999999,28.184123125
2026-10-08T16:59:56.034Z,MCT2408031,15.290833,74.149167,60.125,140,649.5,86.06914937499998,6.900601750000002,8.172538812500001,25.030000000000005,65.46124999999999,35.743750000000006,4.009999999999999,28.11307
2026-10-08T16:10:00.000Z,MCT2408035,15.236111,74.125,42.0625,190,580.3125,84.6996725,15.535479375,5.849375,14.592500000000003,45.33062499999999,24.598749999999995,5.61875,29.506665000000005
2026-10-08T16:20:00.000Z,MCT2408035,15.236111,74.125,42.875,190,585.0625,84.8575075,16.262669374999998,6.20625,14.449999999999998,44.930624999999985,24.409999999999997,5.266874999999999,29.406116875000006
2026-10-08T16:30:00.000Z,MCT2408035,15.236111,74.125,42.9375,190,584.625,85.07303624999999,16.52483,5.9037500000000005,14.236249999999998,44.43374999999999,24.221249999999998,4.560625,29.2854575
2026-10-08T16:40:00.000Z,MCT2408035,15.236111,74.125,42.42857142857143,190,567.6428571428571,85.09388,16.081390714285714,6.054285714285713,13.472857142857142,41.885,22.66785714285714,4.454999999999999,29.282104999999998
2026-10-08T16:50:00.000Z,MCT2408035,15.236111,74.125,42.625,190,570.9375,85.25423500000001,16.27255125,6.154999999999999,13.66625,42.42937499999999,22.972499999999997,4.44625,29.203008125000004
2026-10-08T16:59:56.057Z,MCT2408035,15.236111,74.125,43.875,190,578.4375,85.57180812500002,17.407805624999998,6.7250000000000005,13.5475,42.123124999999995,22.83125,4.704375,29.121899999999997
2026-10-08T16:10:00.000Z,MCT2408039,15.163611,74.110833,63.875,46.86687499999999,517.6875,83.452266875,16.515,10.3,20.32625,67.570625,28.761874999999993,2.3,28.678147500000005
2026-10-08T16:20:00.000Z,MCT2408039,15.163611,74.110833,63.9375,47.059374999999996,510.4375,83.46037125000001,16.295625,10.3,20.360000000000003,67.50625000000001,28.636249999999993,2.3,28.5903375
2026-10-08T16:30:00.000Z,MCT2408039,15.163611,74.110833,64,47.224374999999995,514.0625,83.69592999999999,15.350000000000001,10.3,20.394375000000004,67.76437500000002,28.76312499999999,2.3,28.49716375
2026-10-08T16:40:00.000Z,MCT2408039,15.163611,74.110833,64.0625,50.14999999999999,517,83.96391437499997,16.43625,10.3,20.289375,67.313125,28.606249999999992,2.3,28.389243124999997
2026-10-08T16:50:00.000Z,MCT2408039,15.163611,74.110833,64.75,56.58999999999999,520.5,84.12031562499999,16.088125000000005,10.3,20.501250000000002,68.15312499999999,28.981249999999992,2.3,28.316178125
2026-10-08T16:59:56.077Z,MCT2408039,15.163611,74.110833,64.875,59.419374999999995,498.625,84.25287750000003,16.13625,10.3,20.640625000000004,68.53999999999999,29.13874999999999,2.3,28.256517499999994
2026-10-08T16:00:00.000Z,MCT2408038,15.188889,74.055556,68,233.33,675,81.45575,8.17,13.33,26.64,74.55,36.38,4.44,29.9846
2026-10-08T16:10:00.000Z,MCT2408038,15.188889,74.055556,70.66666666666667,374.03000000000003,676.4,81.67445866666668,8.278666666666668,13.330000000000005,28.409333333333333,80.31799999999998,39.278,4.44,29.948135333333333
2026-10-08T16:20:00.000Z,MCT2408038,15.188889,74.055556,64.6875,241.08374999999995,688.25,81.81910062499999,8.44125,13.330000000000005,24.198750000000004,68.89875,34.033125,4.462500000000001,29.849865625000003
2026-10-08T16:30:00.000Z,MCT2408038,15.188889,74.055556,60.4375,233.32999999999996,643.9375,81.420464375,8.62875,13.330000000000005,21.680000000000003,61.19624999999999,29.93375,4.54,29.715131875
2026-10-08T16:40:00.000Z,MCT2408038,15.188889,74.055556,59.785714285714285,233.32999999999996,601.4285714285714,81.04757785714285,8.662142857142857,13.330000000000004,21.192857142857143,59.71357142857142,29.28857142857143,4.563571428571429,29.710344285714285
2026-10-08T16:50:00.000Z,MCT2408038,15.188889,74.055556,60.5,233.32999999999996,630.4375,81.39471437500002,8.546875000000002,13.330000000000005,21.602500000000003,61.13375,30.105,4.551875000000001,29.596486249999998
2026-10-08T16:59:56.103Z,MCT2408038,15.188889,74.055556,62,233.32999999999996,627.8125,81.90254625,8.674375000000001,13.330000000000005,22.687500000000007,63.99125000000001,31.278749999999995,4.588124999999999,29.40946875
2026-10-08T16:00:00.000Z,MCT2408026,15.2467,74.198281,117,125,592,82.02795,12.69218,12.5,33.08,102.51,54,49.55,30.242
2026-10-08T16:10:00.000Z,MCT2408026,15.2467,74.198281,117.25,125,591.9583333333334,81.95483958333334,13.192964166666668,12.5,32.29416666666667,100.37916666666665,52.91624999999999,49.918749999999996,30.246472083333334
2026-10-08T16:20:00.000Z,MCT2408026,15.2467,74.198281,117.29166666666667,125,587.2083333333334,81.97232291666664,13.190676250000001,12.5,32.68833333333333,102.07083333333333,53.962500000000006,49.943750000000016,30.259431250000002
2026-10-08T16:30:00.000Z,MCT2408026,15.2467,74.198281,117.4,125,584.48,82.21868960000002,13.0855304,12.5,32.8552,102.74600000000002,54.387599999999985,50.00599999999999,30.1973864
2026-10-08T16:40:00.000Z,MCT2408026,15.2467,74.198281,117.375,125,598.5416666666666,82.942845,13.124529583333336,12.5,33.7125,106.50416666666666,56.77416666666667,49.981249999999996,29.893882916666666
2026-10-08T16:50:00.000Z,MCT2408026,15.2467,74.198281,117.33333333333333,125,617.0416666666666,82.96923166666666,13.09532666666667,12.5,33.122499999999995,103.80291666666669,54.92541666666668,49.98750000000001,29.807187083333332
2026-10-08T16:59:56.108Z,MCT2408026,15.2467,74.198281,117.23809523809524,125,600.4761904761905,82.83267333333332,13.169604761904766,12.5,32.58761904761904,102.42190476190474,54.415238095238095,49.971428571428575,29.840575714285716
