time,device_id,latitude,longitude,aqi,co,co2,hum,no2,o3,pm1,pm10,pm25,so2,temp
2026-08-11T18:30:00.000Z,MCT2408028,15.186944,74.096667,41.84,641.966,473.12,92.2690432,18.0948,12.469199999999995,14.982000000000003,51.0296,29.506000000000007,1.6432,27.0772396
2026-08-11T18:40:00.000Z,MCT2408028,15.186944,74.096667,41.24,636.3896000000001,461.2,91.6300044,17.794800000000006,13.045600000000004,9.989200000000004,36.432,22.1508,1.3516000000000004,26.998733200000007
2026-08-11T18:41:20.072Z,MCT2408028,15.186944,74.096667,41.333333333333336,633.5766666666667,446.3333333333333,91.38159,17.793333333333333,12.796666666666667,9.99,35.46666666666666,21.209999999999997,1.7233333333333334,26.956546666666668
2026-08-11T18:30:00.000Z,MCT2408020,15.543475,74.039433,22.9375,180,517.75,88.081878125,9.261860875000002,19.3176675,6.088125,19.862499999999997,10.917500000000002,3.6599999999999984,27.613682500000003
2026-08-11T18:40:00.000Z,MCT2408020,15.543475,74.039433,23.25,180,517,88.29168687500002,9.337677187499999,19.406783124999997,6.665625,21.377499999999998,11.847500000000002,3.6599999999999984,27.586868749999994
2026-08-11T18:41:20.072Z,MCT2408020,15.543475,74.039433,23,180,519,88.272615,9.305036,19.52115,6.03,19.105,10.22,3.66,27.5929
2026-08-11T18:30:00.000Z,MCT2408056,15.579167,73.920833,22.4375,180,708.6875,88.864368125,6.759375,10.28946575,7.275,23.793750000000003,14.292500000000002,1.6043749999999997,27.798692499999998
2026-08-11T18:40:00.000Z,MCT2408056,15.579167,73.920833,21.6875,180,707.75,89.079421875,6.9575,10.939847249999998,6.746249999999998,22.485624999999995,13.589375000000002,1.6312499999999999,27.726963750000003
2026-08-11T18:41:20.099Z,MCT2408056,15.579167,73.920833,24.5,180,714,89.17287999999999,6.9,9.394366,8.45,27.775,16.4,1.56,27.705515
2026-08-11T18:30:00.000Z,MCT2408057,15.272222,74.104722,29.92,343.28,444.76,84.3326424,12.4724,8.965600000000002,3.6003999999999996,11.669999999999998,6.641200000000001,2.0687999999999995,28.711313600000004
2026-08-11T18:40:00.000Z,MCT2408057,15.272222,74.104722,30,339.20439999999996,450,85.2725824,12.376399999999999,9.020800000000003,4.172799999999999,13.615599999999999,7.838399999999998,2.0460000000000003,28.688147599999997
2026-08-11T18:41:20.096Z,MCT2408057,15.272222,74.104722,30,339.3966666666667,448.3333333333333,85.38489,12.65,9.133333333333333,3.973333333333333,13.003333333333332,7.383333333333333,1.7633333333333334,28.67614
2026-08-11T18:30:00.000Z,MCT2408055,15.585833,73.885556,19.583333333333332,91.28583333333334,620.0833333333334,88.13337833333333,8.644166666666669,28.624364999999997,6.173333333333335,18.584999999999997,10.734999999999998,1.2758333333333334,27.726073333333336
2026-08-11T18:40:00.000Z,MCT2408055,15.585833,73.885556,19.25,92.67999999999999,642.0833333333334,88.23255916666666,8.4325,27.616094999999998,5.766666666666666,17.434166666666666,10.108333333333333,1.0600000000000003,27.726964999999996
2026-08-11T18:41:20.106Z,MCT2408055,15.585833,73.885556,19,90.44,646,88.40613,8.43,23.87405,6.29,20.39,12.27,1.11,27.73233
2026-08-11T18:30:00.000Z,MCT2408052,15.444425,74.063856,23.5625,160,713.375,88.14243687500002,3.6500878125000007,8,8.696250000000001,24.330624999999998,11.45625,2,27.701493125000002
2026-08-11T18:40:00.000Z,MCT2408052,15.444425,74.063856,23.5625,160,716.125,88.32506437500001,3.6362720625000002,8,8.69625,24.286875000000002,11.414375,2,27.66864875
2026-08-11T18:41:20.275Z,MCT2408052,15.444425,74.063856,23.5,160,701.5,88.27643,3.5578950000000003,8,8.53,23.62,11.05,2,27.684065
2026-08-11T18:30:00.000Z,MCT2408053,15.263333,74.110833,41.625,208.10880000000003,707.6875,92.549843125,15.344999999999999,23.926250000000003,4.590000000000002,13.7325,8.038124999999999,6.3618749999999995,27.072734375000007
2026-08-11T18:40:00.000Z,MCT2408053,15.263333,74.110833,46,231.73635625,723.4375,91.97143874999999,19.081875000000004,24.103125000000006,4.590000000000002,12.033749999999996,6.06375,6.263125,27.008385
2026-08-11T18:41:20.275Z,MCT2408053,15.263333,74.110833,49,224.88735,737,92.29712,21.625,23.545,4.59,12.64,6.77,6.29,26.992295
2026-08-11T18:30:00.000Z,MCT2408043,15.221111,74.087222,33,197.54666666666665,488.26666666666665,85.33961866666667,14.094000000000001,10.229999999999999,6.837999999999998,25.147333333333336,15.114000000000003,5.290000000000001,27.923952666666665
2026-08-11T18:40:00.000Z,MCT2408043,15.221111,74.087222,33,207.24062499999997,479.3125,84.85226,14.1025,10.123124999999998,6.409374999999999,23.174374999999998,13.930000000000001,5.290000000000001,27.806065000000004
2026-08-11T18:41:20.300Z,MCT2408043,15.221111,74.087222,33,208.13,498,85.293335,14.135,10.44,6.33,25.105,16.009999999999998,5.29,27.662615000000002
2026-08-11T18:30:00.000Z,MCT2408021,15.500556,74.053333,48.4375,375,502.125,88.890595,21.196250000000006,14.46715125,4.139374999999999,13.369375000000003,8.69125,4.205,27.221543749999995
2026-08-11T18:40:00.000Z,MCT2408021,15.500556,74.053333,48.5625,375,497.125,88.81763812500002,21.301875000000003,14.542256875,4.05,13.015624999999998,8.4225,4.22,27.265119999999996
2026-08-11T18:41:20.298Z,MCT2408021,15.500556,74.053333,48.5,375,495.5,88.70367,21.395,14.837845,4.525,14.565000000000001,9.525,4.205,27.28188
2026-08-11T18:30:00.000Z,MCT2408051,15.486528,74.033889,51.9375,356.40625,541.9375,97.74021624999999,22.033125,5.1899999999999995,5.560625000000001,17.985000000000003,10.189375000000004,4.39,26.393703125000002
2026-08-11T18:40:00.000Z,MCT2408051,15.486528,74.033889,52.25,358.20875,542.25,97.86467062499999,22.226874999999996,5.1899999999999995,4.430625,14.799999999999995,8.516250000000001,4.39,26.38297875
2026-08-11T18:41:20.305Z,MCT2408051,15.486528,74.033889,52,356.02,536.5,97.84369,22.07,5.19,4.35,14.29,8.09,4.39,26.37024
2026-08-11T18:30:00.000Z,MCT2408034,15.356389,74.123611,24.32,180,470.08,77.69140639999999,8.282799999999998,4.8696,7.290399999999998,24.044800000000006,13.351199999999999,1.2635999999999998,30.711761199999998
2026-08-11T18:40:00.000Z,MCT2408034,15.356389,74.123611,23.333333333333332,181.22773333333336,465.1666666666667,77.64709166666667,9.034583333333332,5.461666666666667,6.569583333333331,21.138333333333332,11.484583333333333,1.2870833333333331,30.66787958333333
2026-08-11T18:41:20.475Z,MCT2408034,15.356389,74.123611,22,181.09473333333335,461.6666666666667,78.00217333333335,8.476666666666667,5.7,6.38,19.69333333333333,10.313333333333334,1.33,30.574483333333333
2026-08-11T18:30:00.000Z,MCT2408050,15.553611,73.958333,27.4375,86.02999999999999,514,90.96245375000002,11.313125000000001,4.174999999999999,6.894375000000002,22.541874999999994,12.706875,2.285625,27.196741875
2026-08-11T18:40:00.000Z,MCT2408050,15.553611,73.958333,27.733333333333334,86.02999999999999,529.2,91.37497800000001,11.452000000000002,4.0826666666666656,6.676000000000002,21.297333333333334,11.796666666666669,2.354,27.15031333333333
2026-08-11T18:41:20.475Z,MCT2408050,15.553611,73.958333,27.666666666666668,86.03000000000002,535.3333333333334,91.66388,11.353333333333333,4.096666666666667,6.79,21.183333333333334,11.626666666666665,2.64,27.11027
2026-08-11T18:30:00.000Z,MCT2408029,15.333611,74.206944,12.0625,295.89886875,576.25,91.868440625,2.9149999999999996,7.460625,3.0874999999999995,10.079374999999999,5.843749999999999,3.528125,27.651890624999997
2026-08-11T18:40:00.000Z,MCT2408029,15.333611,74.206944,12,300.6553923076923,570.6923076923077,91.85109307692309,3.3238461538461532,7.275384615384615,3.1669230769230774,10.182307692307692,5.78923076923077,3.5,27.604453076923086
2026-08-11T18:41:20.495Z,MCT2408029,15.333611,74.206944,12,301.45950000000005,571,92.407745,2.1,7.36,2.94,10.115,6.175,3.5,27.453475
2026-08-11T18:30:00.000Z,MCT2408030,15.142519,74.075003,26,167.30958,433.53333333333336,84.68298333333333,9.052666666666669,6.200000000000002,9.370000000000001,24.639999999999993,12.31,3.8713333333333333,27.248273333333334
2026-08-11T18:40:00.000Z,MCT2408030,15.142519,74.075003,26,167.8814625,430.8125,84.66105000000003,8.978750000000002,6.200000000000002,9.370000000000001,24.639999999999993,12.31,4.043125,27.296625
2026-08-11T18:41:20.496Z,MCT2408030,15.142519,74.075003,26,168.0616,426,84.56091,8.73,6.2,9.37,24.64,12.31,3.93,27.2926
2026-08-11T18:30:00.000Z,MCT2408023,15.499722,74.020833,31.75,171.50812500000006,554.3125,91.10884000000001,8.730625,19.589375,9.345624999999998,30.950625000000006,20.028125,5.000000000000001,26.655125625000007
2026-08-11T18:40:00.000Z,MCT2408023,15.499722,74.020833,32.875,170.72500000000002,553.375,91.026348125,8.669374999999999,19.905000000000005,9.346249999999998,31.819999999999997,21.3875,5.243125000000001,26.608203749999998
2026-08-11T18:41:20.497Z,MCT2408023,15.499722,74.020833,33,163.475,551.5,91.03064,9.315000000000001,19.365000000000002,8.235,31.03,21.75,5.705,26.53648
2026-08-11T18:30:00.000Z,MCT2408040,15.528056,74.020833,18.9375,100,457.375,88.32792500000001,8.054375,4.7162500000000005,3.07,8.42,3.7299999999999986,3.5,27.524531875
2026-08-11T18:40:00.000Z,MCT2408040,15.528056,74.020833,19,100,458.5625,88.43283125000002,8.103750000000002,4.758125,3.07,8.42,3.7299999999999986,3.5,27.476938125
2026-08-11T18:41:20.677Z,MCT2408040,15.528056,74.020833,19,100,454.5,88.49768,7.824999999999999,4.79,3.07,8.42,3.73,3.5,27.426665
2026-08-11T18:30:00.000Z,MCT2408027,15.275556,74.1075,26.4375,1177.5212499999998,596.875,90.027374375,6.579999999999999,12.830000000000004,5.546875000000001,19.899375000000006,11.981875000000002,2.9500000000000006,27.456157499999993
2026-08-11T18:40:00.000Z,MCT2408027,15.275556,74.1075,27,1171.49875,606.5625,90.42457999999999,6.579999999999999,12.827500000000006,5.978750000000001,21.006874999999997,12.414375,2.9500000000000006,27.432025624999998
2026-08-11T18:41:20.678Z,MCT2408027,15.275556,74.1075,27,1160.68,581,90.51947,6.58,12.690000000000001,5.915,21.189999999999998,12.844999999999999,2.95,27.458840000000002
2026-08-11T18:30:00.000Z,MCT2408044,15.313669,74.140042,24.133333333333333,214.29,479.73333333333335,90.43351266666669,10.74,3.32,2.8699999999999997,7.633333333333334,4.464666666666667,4.2784616,27.272581999999996
2026-08-11T18:40:00.000Z,MCT2408044,15.313669,74.140042,24.125,214.29,484.9375,90.45080562499999,10.744999999999997,3.32,2.8699999999999997,7.75,4.591249999999999,4.02299675,27.321425
2026-08-11T18:41:20.697Z,MCT2408044,15.313669,74.140042,24,214.29,491.5,90.523285,10.7,3.32,2.87,7.5,4.32,3.4153849999999997,27.33014
2026-08-11T18:30:00.000Z,MCT2408049,15.475278,74.055833,56.4375,150,500.3125,86.64421499999999,24.091875,11.065624999999999,7.811250000000002,23.988125,12.900625,2.61,27.918009375000004
2026-08-11T18:40:00.000Z,MCT2408049,15.475278,74.055833,56.25,150,508.5625,86.83924249999997,23.950625,11.409374999999999,7.476250000000002,22.599375000000002,11.988749999999998,2.61,27.873097500000004
2026-08-11T18:41:20.697Z,MCT2408049,15.475278,74.055833,56,150,512,86.97943000000001,23.94,10.725,7.67,22.22,11.51,2.61,27.83958
2026-08-11T18:30:00.000Z,MCT2408037,15.394444,74.118333,25.5,161.34824375,452.125,85.60757,10.830625,214.41937500000006,3.9975,15.739999999999998,8.616249999999999,3.5268750000000004,27.118316875000005
2026-08-11T18:40:00.000Z,MCT2408037,15.394444,74.118333,25.3125,160.095825,460,85.6838625,10.602500000000003,214.83250000000004,3.9512499999999995,15.790625,8.757499999999999,3.5500000000000007,27.112954374999994
2026-08-11T18:41:20.699Z,MCT2408037,15.394444,74.118333,25.5,160.2627,466.5,85.6748,10.625,215.32,3.72,14.719999999999999,8.245000000000001,3.5300000000000002,27.12636
2026-08-11T18:30:00.000Z,MCT2408042,15.213889,74.071667,61.4375,296.58562499999994,449.8125,83.44559124999999,26.273750000000003,14.842500000000003,4.8912499999999985,17.1,10.020000000000001,5.05125,28.495823125
2026-08-11T18:40:00.000Z,MCT2408042,15.213889,74.071667,60.9375,291.30875,450.5625,85.68004812500001,25.824375,14.822500000000002,4.777499999999999,16.92875,10.076875000000001,3.8750000000000004,28.1284875
2026-08-11T18:41:20.879Z,MCT2408042,15.213889,74.071667,61.333333333333336,300.49,458,86.29786999999999,26.28333333333333,14.553333333333333,6.37,21.583333333333332,12.146666666666667,3.3033333333333332,28.093406666666667
2026-08-11T18:30:00.000Z,MCT2408041,15.224628,74.171389,32.8125,414.12225624999996,469.0625,90.13418624999998,13.803749999999999,9.7,8.090000000000002,20.958750000000002,9.605,7.865000000000001,27.312040625
2026-08-11T18:40:00.000Z,MCT2408041,15.224628,74.171389,33,421.7586266666667,462.6666666666667,90.64204933333333,13.92533333333333,9.7,8.090000000000002,20.52,9.168666666666669,7.787333333333333,27.19535933333334
2026-08-11T18:41:20.879Z,MCT2408041,15.224628,74.171389,33,428.29929999999996,452.6666666666667,90.36433666666666,14.016666666666666,9.7,8.09,20.25,8.9,7.91,27.26043
2026-08-11T18:30:00.000Z,MCT2408033,15.346944,74.007778,21.9375,115.11208124999999,515.5625,88.18010624999998,9.586875000000001,48.04499562500001,3.6756250000000006,10.801250000000001,7.170625,4.39,27.74104125
2026-08-11T18:40:00.000Z,MCT2408033,15.346944,74.007778,22.0625,114.94647499999999,507.75,88.38943874999998,9.788125,46.454256875,3.7512500000000006,10.833124999999999,7.096875000000001,4.39,27.704174375
2026-08-11T18:41:20.903Z,MCT2408033,15.346944,74.007778,21.5,112.18715,516,88.53964500000001,9.42,45.850905,3.64,10.77,7.06,4.39,27.6787
2026-08-11T18:30:00.000Z,MCT2408045,15.619444,73.878889,27.0625,178.11999999999995,503.0625,86.34190187500002,10.958125,16.905625,3.3956250000000012,12.015624999999998,6.397499999999999,2.5300000000000002,27.25707749999999
2026-08-11T18:40:00.000Z,MCT2408045,15.619444,73.878889,27.6875,178.11999999999995,505.5,86.45252625,11.424375,16.791875,3.4268750000000012,12.1225,6.468750000000001,2.5300000000000002,27.255735625000003
2026-08-11T18:41:20.908Z,MCT2408045,15.619444,73.878889,26.5,178.12,495,86.52167,10.535,17.31,3.27,11.98,6.505,2.53,27.23898
2026-08-11T18:30:00.000Z,MCT2408024,15.148056,74.131667,40.625,218.99282916666664,576.375,80.69567124999999,17.610814583333333,5.241402333333334,5,16.40666666666667,9.40666666666667,2.478333333333333,28.774896666666667
2026-08-11T18:40:00.000Z,MCT2408024,15.148056,74.131667,41,218.802768,530.88,80.54815439999994,17.8757592,5.12640704,5,17.070000000000004,10.070000000000004,2.488,28.816420000000008
2026-08-11T18:41:20.908Z,MCT2408024,15.148056,74.131667,40.333333333333336,220.5979,556,80.28845333333334,17.420843333333334,5,5,16.323333333333334,9.323333333333332,2.486666666666667,28.829863333333332
2026-08-11T18:30:00.000Z,MCT2408032,15.525556,73.828611,35.04,207.12600000000003,705.12,84.54138239999996,14.736800000000002,42.90039999999999,7.120000000000002,17.126799999999996,7.136400000000002,2.9084000000000003,28.992743999999995
2026-08-11T18:40:00.000Z,MCT2408032,15.525556,73.828611,35.32,215.6568,679.12,83.5870972,14.992800000000003,42.4296,7.120000000000002,17.240399999999994,7.250000000000003,3.1284000000000005,29.083263199999998
2026-08-11T18:41:21.082Z,MCT2408032,15.525556,73.828611,36.25,232.0325,697.75,81.68463,16.027500000000003,44.04750000000001,7.12,17.07,7.08,3.7275,29.09978
2026-08-11T18:30:00.000Z,MCT2408022,15.475833,74.038889,34.8125,150,463.125,90.18091625000002,4.323125,11.285391249999998,11.1875,35.0625,19.125,4.2129979375,27.029835000000002
2026-08-11T18:40:00.000Z,MCT2408022,15.475833,74.038889,43.4,150,464.6,90.47064466666666,4.140666666666665,11.296050666666666,16.866666666666667,52.266666666666666,28.133333333333333,4.219085666666667,26.95583266666667
2026-08-11T18:41:21.082Z,MCT2408022,15.475833,74.038889,34,150,461.3333333333333,90.60593333333333,4.173333333333333,11.58969,10.333333333333334,33.666666666666664,19,4.244690666666666,26.91722
2026-08-11T18:30:00.000Z,MCT2408036,15.171567,74.067106,36.333333333333336,120,529.7333333333333,89.06632533333331,10.625333333333334,7.803333333333333,3.5780000000000003,12.597333333333331,7.734666666666667,11.163333333333334,27.617926666666666
2026-08-11T18:40:00.000Z,MCT2408036,15.171567,74.067106,36.0625,120,534.875,89.66020875000001,10.496875,7.854999999999999,4.013125,13.076249999999998,7.567499999999999,11.0425,27.4434225
2026-08-11T18:41:21.106Z,MCT2408036,15.171567,74.067106,37,120,538,90.53473,10.105,7.43,4.475,14.690000000000001,8.36,11.395,27.19071
2026-08-11T18:30:00.000Z,MCT2408031,15.290833,74.149167,18.25,185.5513125,453.75,87.58024625,7.536818812500001,7.384256249999998,4.910625,13.177499999999998,7.4399999999999995,4.940625,26.885048124999997
2026-08-11T18:40:00.000Z,MCT2408031,15.290833,74.149167,17.875,192.74813125,444.25,87.51587187499997,7.309966125,9.86495425,4.6425,12.716874999999998,7.381875,4.987500000000001,26.810644375
2026-08-11T18:41:21.107Z,MCT2408031,15.290833,74.149167,18,192.76665,442,87.39905,7.3986485,6,4.76,12.61,7.14,5.0649999999999995,26.793885
2026-08-11T18:30:00.000Z,MCT2408035,15.236111,74.125,49.125,190,619.875,89.406055625,19.792246875,63.62993499999999,3.799999999999999,10.19,4.909999999999998,3.8299999999999987,27.717581874999997
2026-08-11T18:40:00.000Z,MCT2408035,15.236111,74.125,48.8125,190,599.8125,90.06790437500001,19.54985,59.57741562499999,3.799999999999999,10.19,4.909999999999998,3.8299999999999987,27.48029
2026-08-11T18:41:21.107Z,MCT2408035,15.236111,74.125,49.666666666666664,190,605.3333333333334,89.95998000000002,20.222593333333336,57.231586666666665,3.7999999999999994,10.19,4.91,3.83,27.499953333333334
2026-08-11T18:30:00.000Z,MCT2408039,15.163611,74.110833,29,357.9512500000001,459.8125,85.18842937499998,11.072499999999998,10.3,9.019999999999998,28.94,11.759999999999998,2.3,27.558046250000007
2026-08-11T18:40:00.000Z,MCT2408039,15.163611,74.110833,29,367.06624999999997,453,85.399669375,11.394999999999996,10.3,9.019999999999998,28.94,11.759999999999998,2.3,27.583517500000006
2026-08-11T18:41:21.282Z,MCT2408039,15.163611,74.110833,29,369.33,433.3333333333333,85.34674333333334,10.456666666666665,10.3,9.02,28.94,11.76,2.3,27.62507666666667
2026-08-11T18:30:00.000Z,MCT2408038,15.188889,74.055556,23.5625,412.0175,583.75,88.60830625000001,9.786875,13.330000000000005,6.350000000000001,18.70125,9.459999999999999,4.7856250000000005,27.930744999999998
2026-08-11T18:40:00.000Z,MCT2408038,15.188889,74.055556,23.1875,417.51125,582.5625,88.93255687500002,9.731875,13.330000000000005,5.950000000000002,16.961875000000003,8.125625,4.770625000000001,27.856340624999998
2026-08-11T18:41:21.282Z,MCT2408038,15.188889,74.055556,23,421.06,593.5,89.096585,9.655,13.33,5.95,16.9,7.94,4.8149999999999995,27.844945000000003
2026-08-11T18:30:00.000Z,MCT2408026,15.2467,74.198281,32.541666666666664,125,522.25,85.08797666666669,13.52053625,12.5,6.2245833333333325,21.035416666666666,11.892499999999998,1.758333333333333,28.906730000000007
2026-08-11T18:40:00.000Z,MCT2408026,15.2467,74.198281,32.416666666666664,125,514.3333333333334,85.75745666666666,13.493888750000004,12.5,4.808333333333336,15.757083333333332,8.797083333333335,2.0795833333333333,28.70697375
2026-08-11T18:41:21.305Z,MCT2408026,15.2467,74.198281,32.333333333333336,125,487,85.30604999999998,13.482446666666666,12.5,4.73,15.47,8.68,2.23,28.66183666666667
2026-08-11T19:00:00.000Z,MCT2408020,15.543475,74.039433,23.571428571428573,180,523.4285714285714,88.70094857142858,9.282890642857144,19.058934285714283,7.353571428571428,22.567857142857143,12.212857142857144,3.659999999999999,27.531617142857147
2026-08-11T19:10:00.000Z,MCT2408020,15.543475,74.039433,22.8125,180,522.25,88.52772124999998,9.322721749999998,19.40678375,5.973749999999999,19.513749999999998,10.685,3.6599999999999984,27.523191875000006
2026-08-11T19:20:00.000Z,MCT2408020,15.543475,74.039433,22.9375,180,525.25,88.26879999999998,9.422337250000002,19.354948125,5.6274999999999995,18.4075,9.929375000000002,3.6599999999999984,27.48900375
2026-08-11T19:30:00.000Z,MCT2408020,15.543475,74.039433,22.8125,180,511,88.2463875,9.342098875,19.575510624999996,5.5699999999999985,17.069375,8.650625,3.6599999999999984,27.397841250000003
2026-08-11T19:40:00.000Z,MCT2408020,15.543475,74.039433,22.8125,180,517.5,88.435690625,9.2552278125,19.354948125000004,5.5699999999999985,17.419375,8.999374999999999,3.6599999999999984,27.378401250000007
2026-08-11T19:50:00.000Z,MCT2408020,15.543475,74.039433,22.75,180,522.8125,88.427585625,9.264071374999999,19.632396249999996,5.6274999999999995,17.884375000000002,9.406249999999996,3.6599999999999984,27.364994374999995
2026-08-11T19:51:18.001Z,MCT2408020,15.543475,74.039433,22.5,180,522,88.532015,9.322721999999999,18.767825000000002,5.57,18.64,10.22,3.66,27.34623
2026-08-11T19:00:00.000Z,MCT2408028,15.186944,74.096667,41.77272727272727,636.96,460.1363636363636,92.06823636363634,18.205,12.670909090909094,8.990000000000002,31.096818181818186,18.391363636363636,1.872272727272727,26.92551
2026-08-11T19:10:00.000Z,MCT2408028,15.186944,74.096667,41.64,638.81,464.56,92.1347648,18.126799999999996,12.6528,6.750000000000001,24.779200000000007,15.190000000000005,1.9728,26.946395200000005
2026-08-11T19:20:00.000Z,MCT2408028,15.186944,74.096667,41.916666666666664,630.9333333333333,474.875,92.46337583333332,18.342499999999998,12.072083333333332,7.615000000000001,27.220833333333335,16.48541666666667,2.0383333333333327,26.864937916666662
2026-08-11T19:30:00.000Z,MCT2408028,15.186944,74.096667,41.84,630.1036,473.96,92.6056524,18.2592,12.2196,5.869999999999999,20.961999999999993,12.6852,1.9656000000000002,26.8224136
2026-08-11T19:40:00.000Z,MCT2408028,15.186944,74.096667,41.76,631.3752,476.24,92.5662844,18.2072,12.260399999999999,4.989999999999998,18.494399999999995,11.534,1.8387999999999998,26.8104012
2026-08-11T19:50:00.000Z,MCT2408028,15.186944,74.096667,41.6,627.5219999999999,468.76,92.82995599999998,18.072000000000003,12.7696,5.0699999999999985,17.6988,10.619199999999996,1.9412000000000003,26.768789600000005
2026-08-11T19:51:18.002Z,MCT2408028,15.186944,74.096667,42,630.4933333333333,472,92.84643333333334,18.44,12.520000000000001,4.99,16.236666666666665,9.276666666666666,1.8566666666666667,26.792096666666666
2026-08-11T19:00:00.000Z,MCT2408056,15.579167,73.920833,22.285714285714285,180,718.5714285714286,89.35162785714286,6.941428571428572,10.994298714285716,6.9728571428571415,23.419999999999998,14.260714285714286,1.6328571428571426,27.690192142857146
2026-08-11T19:10:00.000Z,MCT2408056,15.579167,73.920833,21.3125,180,718.5,89.19863,6.7625,10.8056039375,6.511249999999999,21.86,13.179375000000002,1.6699999999999997,27.702831250000003
2026-08-11T19:20:00.000Z,MCT2408056,15.579167,73.920833,20.8125,180,723.3125,89.03269312500001,6.966875,10.5115900625,6.1,20.4375,12.183125000000002,1.6031249999999997,27.743721874999995
2026-08-11T19:30:00.000Z,MCT2408056,15.579167,73.920833,20.5,180,724.4375,89.13044187500002,7.03125,10.891724937499998,5.865,19.81125,11.773125000000002,1.6199999999999997,27.703501875000004
2026-08-11T19:40:00.000Z,MCT2408056,15.579167,73.920833,21,180,728.5333333333333,89.38726733333336,6.845333333333333,11.874490533333335,6.256666666666666,21.07,12.682000000000004,1.7973333333333332,27.71445066666667
2026-08-11T19:50:00.000Z,MCT2408056,15.579167,73.920833,21,180,745.5,89.583916875,6.965625000000001,10.5597123125,6.041249999999998,20.7225,12.475000000000003,1.6081249999999996,27.700150000000004
2026-08-11T19:51:18.020Z,MCT2408056,15.579167,73.920833,19.5,180,743,89.615385,6.99,11.1619715,5.16,18.215,11.25,1.56,27.69479
2026-08-11T19:00:00.000Z,MCT2408057,15.272222,74.104722,30,341.9513636363637,453.1363636363636,85.31587590909093,12.538181818181819,8.942727272727275,3.4695454545454543,11.666818181818185,6.717272727272728,1.9627272727272724,28.720499090909087
2026-08-11T19:10:00.000Z,MCT2408057,15.272222,74.104722,29.96,337.45240000000007,456.68,85.35681120000001,12.4628,8.855200000000004,4.3864,13.910399999999997,7.860399999999999,1.9719999999999995,28.737913199999998
2026-08-11T19:20:00.000Z,MCT2408057,15.272222,74.104722,30,342.40799999999996,460.04,85.44531200000002,12.5824,8.894400000000001,3.3155999999999994,11.194400000000003,6.4872000000000005,2.036,28.715175199999994
2026-08-11T19:30:00.000Z,MCT2408057,15.272222,74.104722,30,339.216,455.24,85.28875800000002,12.5216,8.830000000000002,3.267199999999999,10.900000000000002,6.3092,2.06,28.66884399999999
2026-08-11T19:40:00.000Z,MCT2408057,15.272222,74.104722,30,340.0649999999999,456.0833333333333,85.22212791666671,12.460833333333333,8.898750000000003,3.40375,11.330416666666666,6.502916666666668,1.9975000000000003,28.69892791666665
2026-08-11T19:50:00.000Z,MCT2408057,15.272222,74.104722,29.96,345.1444,448.64,84.7302856,12.483999999999998,8.917200000000003,3.411599999999999,11.578399999999998,6.686799999999998,2.1275999999999997,28.791109200000005
2026-08-11T19:51:18.020Z,MCT2408057,15.272222,74.104722,30,339.88,452.6666666666667,84.65500999999999,12.58,8.816666666666668,3.3800000000000003,11.12,6.273333333333333,2.1966666666666668,28.82986
2026-08-11T19:00:00.000Z,MCT2408055,15.585833,73.885556,19.76923076923077,92.7576923076923,652.8461538461538,88.77351307692305,8.682307692307692,27.009689999999996,6.506153846153846,19.077692307692303,10.75,1.146923076923077,27.62177846153846
2026-08-11T19:10:00.000Z,MCT2408055,15.585833,73.885556,19.625,94.935,652.3125,88.47097749999999,8.743750000000002,28.213264999999996,6.42125,19.244374999999998,10.991875,1.3268749999999998,27.668646874999997
2026-08-11T19:20:00.000Z,MCT2408055,15.585833,73.885556,19.6,96.50466666666668,657.8666666666667,88.62025933333332,8.739333333333336,28.567431999999997,5.730666666666668,17.106666666666666,9.903999999999996,1.2733333333333334,27.565734000000003
2026-08-11T19:30:00.000Z,MCT2408055,15.585833,73.885556,19.625,95.58125000000001,665.1875,88.78807437499998,8.656875,29.446565625,5.7650000000000015,17.311875,10.094999999999999,1.246875,27.463531874999997
2026-08-11T19:40:00.000Z,MCT2408055,15.585833,73.885556,19.333333333333332,97.04466666666667,663.3333333333334,88.94628866666663,8.615333333333334,30.115776666666665,5.546666666666667,16.75533333333333,9.722,1.248,27.417012
2026-08-11T19:50:00.000Z,MCT2408055,15.585833,73.885556,19.5,95.23374999999999,666.5,88.89393312499998,8.5775,29.268845624999997,5.853125000000002,17.47625,10.051874999999999,1.3062500000000004,27.466883749999997
2026-08-11T19:51:18.047Z,MCT2408055,15.585833,73.885556,20,94.575,668,88.93256,8.945,31.994275,5.59,15.79,8.86,1.4100000000000001,27.43203
2026-08-11T19:00:00.000Z,MCT2408052,15.444425,74.063856,24.071428571428573,160,701.7857142857143,88.4551742857143,3.7202005000000007,8,9.006428571428572,25.246428571428574,11.885714285714284,2,27.641931428571432
2026-08-11T19:10:00.000Z,MCT2408052,15.444425,74.063856,24,160,734.125,88.47479250000002,3.7086844375000005,8,8.948125000000001,24.978125000000006,11.736874999999998,2,27.611001250000005
2026-08-11T19:20:00.000Z,MCT2408052,15.444425,74.063856,26.25,160,709.9375,87.93310437500001,3.715965000000001,8,10.388125,29.461875000000003,14.088125000000003,2,27.588210000000004
2026-08-11T19:30:00.000Z,MCT2408052,15.444425,74.063856,25.125,160,656.9375,87.90306499999997,3.681622937500001,8,9.573125000000001,27.13375,12.989375,2,27.344886875
2026-08-11T19:40:00.000Z,MCT2408052,15.444425,74.063856,24.875,160,699.8125,88.36368937499999,3.710175562500001,8,9.513750000000002,26.725,12.706875000000004,2,27.308020624999997
2026-08-11T19:50:00.000Z,MCT2408052,15.444425,74.063856,25.125,160,682.125,88.39420562499998,3.7547806875000007,8,9.55375,27.025625000000005,12.92375,2,27.377060625000006
2026-08-11T19:51:18.216Z,MCT2408052,15.444425,74.063856,25,160,698,88.478605,3.704211,8,9.37,26.9,13.120000000000001,2,27.39449
2026-08-11T19:00:00.000Z,MCT2408053,15.263333,74.110833,46.57142857142857,219.88257142857142,691.2857142857143,92.82627285714285,19.63571428571429,23.980000000000008,4.590000000000002,12.154999999999998,6.204999999999999,6.246428571428571,26.888112142857143
2026-08-11T19:10:00.000Z,MCT2408053,15.263333,74.110833,44.4375,232.85050625,700.375,93.16400999999999,17.881250000000005,24.860000000000007,4.590000000000002,12.518749999999999,6.628125,6.0581249999999995,26.893092499999995
2026-08-11T19:20:00.000Z,MCT2408053,15.263333,74.110833,45.4375,196.70045,690.3125,93.24459499999998,18.783124999999995,26.339375000000004,4.762500000000001,14.52375,8.602500000000001,6.21875,26.931298125
2026-08-11T19:30:00.000Z,MCT2408053,15.263333,74.110833,47.125,225.53069375,708.75,93.197863125,20.34375,26.365625000000005,4.590000000000002,13.306875,7.545625,6.227500000000001,26.901804374999998
2026-08-11T19:40:00.000Z,MCT2408053,15.263333,74.110833,45.625,204.57770625,675.5,93.39003,18.7975,25.898750000000003,4.590000000000002,12.033749999999998,6.06375,5.904999999999999,26.889068749999996
2026-08-11T19:50:00.000Z,MCT2408053,15.263333,74.110833,45.375,237.35218124999997,701.4375,93.117279375,18.855,26.214375000000004,4.590000000000002,12.215624999999996,6.275625,6.2299999999999995,26.928618125000003
2026-08-11T19:51:18.216Z,MCT2408053,15.263333,74.110833,51,241.036,693,92.94561999999999,23.12,26.174999999999997,4.59,11.67,5.64,6.32,26.95476
2026-08-11T19:00:00.000Z,MCT2408021,15.500556,74.053333,48.57142857142857,375,491.07142857142856,89.14890428571428,21.26214285714286,14.494814285714288,4.288571428571428,13.509285714285713,8.639999999999999,4.243571428571429,27.170027142857144
2026-08-11T19:10:00.000Z,MCT2408021,15.500556,74.053333,48.3125,375,503.75,89.24297687499998,21.070625000000003,14.310364375000004,3.511249999999999,11.46625,7.498749999999999,4.244375,27.127032499999995
2026-08-11T19:20:00.000Z,MCT2408021,15.500556,74.053333,48.6875,375,500.4375,89.222473125,21.30625,14.6139375,3.600624999999999,11.738125000000002,7.677499999999999,4.278125000000001,27.146468750000004
2026-08-11T19:30:00.000Z,MCT2408021,15.500556,74.053333,48.375,375,486.4375,89.49045500000001,21.22625,14.457150625,3.0068749999999995,10.215625000000003,6.75375,4.301875,27.086812500000004
2026-08-11T19:40:00.000Z,MCT2408021,15.500556,74.053333,48.46666666666667,375,487,89.64616066666667,21.195999999999994,14.572808666666667,3.0793333333333326,10.521333333333335,7.014666666666668,4.2573333333333325,27.105982
2026-08-11T19:50:00.000Z,MCT2408021,15.500556,74.053333,48.125,375,496.4375,89.624924375,20.975625000000004,14.414597500000005,2.9481249999999997,10.136249999999999,6.724999999999999,4.23,27.087482500000004
2026-08-11T19:51:18.234Z,MCT2408021,15.500556,74.053333,47.5,375,499.5,89.607755,20.71,14.488295,2.86,9.57,6.19,4.300000000000001,27.08882
2026-08-11T19:00:00.000Z,MCT2408043,15.221111,74.087222,33,198.87642857142853,489.07142857142856,85.62957285714286,14.178571428571429,10.319999999999999,6.329999999999999,22.805000000000003,13.724285714285715,5.29,27.61588500000001
2026-08-11T19:10:00.000Z,MCT2408043,15.221111,74.087222,33,198.77562500000002,480.125,85.80402687499998,14.166874999999997,10.313749999999999,6.329999999999999,22.930625000000003,13.850000000000001,5.290000000000001,27.614353750000006
2026-08-11T19:20:00.000Z,MCT2408043,15.221111,74.087222,33,201.72687499999998,478.6875,86.03100374999998,14.195625,10.431250000000002,6.409374999999999,23.978125000000006,14.730000000000002,5.290000000000001,27.619715625
2026-08-11T19:30:00.000Z,MCT2408043,15.221111,74.087222,33,201.5353333333333,484.4,86.223104,14.145999999999999,10.352666666666668,6.414666666666665,24.116666666666667,14.858000000000002,5.290000000000001,27.637948
2026-08-11T19:40:00.000Z,MCT2408043,15.221111,74.087222,33,203.19312499999998,491.75,86.30422937499999,14.199374999999998,10.3625,6.329999999999999,22.691249999999997,13.610000000000003,5.290000000000001,27.680043125
2026-08-11T19:50:00.000Z,MCT2408043,15.221111,74.087222,33,200.65375000000003,496.25,86.532158125,14.146875000000001,10.414375000000003,6.329999999999999,24.219375000000007,15.130625000000002,5.290000000000001,27.665296249999997
2026-08-11T19:51:18.234Z,MCT2408043,15.221111,74.087222,33,185.45499999999998,489.5,86.44919,14.26,10.295,6.33,23.17,14.09,5.29,27.68943
2026-08-11T19:00:00.000Z,MCT2408051,15.486528,74.033889,52,345.185,550.1428571428571,97.71780357142858,22.069999999999997,5.1899999999999995,5.510714285714287,18.067857142857143,10.312142857142856,4.39,26.298232142857152
2026-08-11T19:10:00.000Z,MCT2408051,15.486528,74.033889,52,347.4825,541.3125,97.7611975,22.082499999999996,5.1899999999999995,5.2875,17.169375,9.645000000000003,4.429375,26.260982500000008
2026-08-11T19:20:00.000Z,MCT2408051,15.486528,74.033889,51.9375,354.14812500000005,547.25,97.84559499999997,22.036249999999995,5.1899999999999995,4.975,15.847499999999998,8.789375000000001,4.39,26.291816249999993
2026-08-11T19:30:00.000Z,MCT2408051,15.486528,74.033889,52.266666666666666,354.8393333333333,532.7333333333333,97.92659600000002,22.23733333333333,5.1899999999999995,5.141333333333334,16.822,9.5,4.39,26.300887999999993
2026-08-11T19:40:00.000Z,MCT2408051,15.486528,74.033889,52.125,348.8318750000001,528,98.00438437500001,22.146874999999998,5.1899999999999995,4.781875000000001,15.926874999999994,9.176875000000003,4.39,26.329353125
2026-08-11T19:50:00.000Z,MCT2408051,15.486528,74.033889,51.9375,351.040625,529.1875,97.99246500000001,22.029999999999994,5.1899999999999995,4.821875000000001,15.81125,9.100625000000003,4.39,26.371584374999998
2026-08-11T19:51:18.259Z,MCT2408051,15.486528,74.033889,52.5,349.94,530,98.01535000000001,22.39,5.19,4.665,16.16,9.645,4.39,26.39169
2026-08-11T19:00:00.000Z,MCT2408034,15.356389,74.123611,25.095238095238095,182.5265857142857,474.42857142857144,78.22851619047621,7.792380952380953,4.996190476190476,8.116666666666667,26.302380952380947,14.331428571428571,1.1980952380952379,30.499914285714286
2026-08-11T19:10:00.000Z,MCT2408034,15.356389,74.123611,35.416666666666664,180,472.9583333333333,78.40176708333333,8.267083333333334,5.372499999999999,14.3175,46.73500000000001,25.550833333333333,1.1733333333333331,30.422986249999994
2026-08-11T19:20:00.000Z,MCT2408034,15.356389,74.123611,43.4,180,481.24,78.46502720000001,7.8672,5.4319999999999995,19.504399999999997,62.6088,33.756,1.1171999999999997,30.406309199999995
2026-08-11T19:30:00.000Z,MCT2408034,15.356389,74.123611,25.875,184.184025,481.875,78.48123791666664,7.484583333333333,5.2558333333333325,8.202083333333333,27.235416666666666,15.236249999999998,1.2087499999999998,30.45337291666667
2026-08-11T19:40:00.000Z,MCT2408034,15.356389,74.123611,23.36,192.97350800000004,480.2,78.5123284,7.741999999999998,5.2216,6.671199999999996,21.569199999999995,11.8132,1.2679999999999998,30.456501600000006
2026-08-11T19:50:00.000Z,MCT2408034,15.356389,74.123611,22.4,192.51957600000003,481.28,78.4711304,7.4308000000000005,5.574,6.379999999999998,19.580399999999997,10.2004,1.3155999999999997,30.4582176
2026-08-11T19:51:18.427Z,MCT2408034,15.356389,74.123611,22,199.34156666666664,486.6666666666667,78.34804666666668,7.846666666666667,5.066666666666666,6.38,18.44666666666667,9.066666666666668,1.2866666666666668,30.449353333333335
2026-08-11T19:00:00.000Z,MCT2408050,15.553611,73.958333,27.928571428571427,86.02999999999999,538.3571428571429,91.78976428571427,11.647857142857145,4.075714285714286,6.849285714285715,21.407857142857146,11.667142857142858,2.4514285714285715,27.055115714285712
2026-08-11T19:10:00.000Z,MCT2408050,15.553611,73.958333,27.625,86.02999999999999,497.6875,92.188876875,11.426875,4.03125,6.628125,21.789999999999996,12.175625,2.4856250000000006,27.007043750000005
2026-08-11T19:20:00.000Z,MCT2408050,15.553611,73.958333,27.5625,86.02999999999999,520,92.30474749999998,11.30375,4.121250000000001,6.5775000000000015,21.52375,12.175624999999998,2.4600000000000004,27.003693750000004
2026-08-11T19:30:00.000Z,MCT2408050,15.553611,73.958333,27.6875,86.02999999999999,556.25,92.67477375000001,11.461250000000001,4.125,6.205625,20.2875,11.325625,2.37375,26.939343125000008
2026-08-11T19:40:00.000Z,MCT2408050,15.553611,73.958333,27.8125,86.02999999999999,570.625,92.55985562499998,11.517499999999998,4.045624999999999,6.470625,20.341250000000002,11.059375000000001,2.3793749999999996,26.984253749999997
2026-08-11T19:50:00.000Z,MCT2408050,15.553611,73.958333,27.5625,86.02999999999999,525.375,92.39058,11.335,4.1175,6.099375,20.072499999999998,11.219375,2.616875,27.006375
2026-08-11T19:51:18.428Z,MCT2408050,15.553611,73.958333,27,86.03,520,92.19412,11.05,4.03,5.515000000000001,18.03,9.785,2.465,27.051285
2026-08-11T19:00:00.000Z,MCT2408029,15.333611,74.206944,12.214285714285714,294.32509999999996,589.2142857142857,92.47968285714288,3.1750000000000003,7.251428571428572,2.982142857142857,9.745000000000001,5.711428571428571,3.5,27.41440714285715
2026-08-11T19:10:00.000Z,MCT2408029,15.333611,74.206944,12,286.10447500000004,584.625,92.46687750000004,2.76,7.1475,2.9399999999999995,9.321874999999999,5.366250000000001,3.5,27.374381249999995
2026-08-11T19:20:00.000Z,MCT2408029,15.333611,74.206944,12,280.8191625,582.625,92.46353875000003,2.9724999999999997,7.448750000000001,2.9768749999999997,9.213125,5.183125,3.504375,27.344217499999996
2026-08-11T19:30:00.000Z,MCT2408029,15.333611,74.206944,12,281.83029999999997,579.125,92.46782812500003,2.6912499999999997,7.271250000000001,2.9768749999999997,9.46625,5.440000000000001,3.501875,27.32812812500001
2026-08-11T19:40:00.000Z,MCT2408029,15.333611,74.206944,12,280.32367500000004,584.6875,92.5860825,3.6324999999999994,7.18125,2.9399999999999995,9.141250000000001,5.183749999999999,3.5,27.337514374999998
2026-08-11T19:50:00.000Z,MCT2408029,15.333611,74.206944,12,278.68232,574.2666666666667,92.45886066666668,2.8926666666666656,7.502,2.9399999999999995,9.403333333333332,5.450666666666666,3.5,27.366962
2026-08-11T19:51:18.451Z,MCT2408029,15.333611,74.206944,12,282.3459666666667,565.6666666666666,92.35052666666667,2.0233333333333334,7.18,2.94,8.67,4.71,3.5,27.36052666666667
2026-08-11T19:00:00.000Z,MCT2408030,15.142519,74.075003,26,168.3934846153846,429.84615384615387,84.42064538461537,9.100769230769231,6.200000000000002,9.370000000000001,24.639999999999993,12.31,4.112307692307692,27.194422307692307
2026-08-11T19:10:00.000Z,MCT2408030,15.142519,74.075003,26,164.86763125000002,431.9375,84.43884,8.995625000000002,6.200000000000002,9.370000000000001,24.639999999999993,12.31,4.1656249999999995,27.141106875
2026-08-11T19:20:00.000Z,MCT2408030,15.142519,74.075003,26,169.26452,426.73333333333335,84.50445666666666,9.056000000000001,6.200000000000002,9.370000000000001,24.639999999999993,12.31,4.207333333333334,27.08238733333333
2026-08-11T19:30:00.000Z,MCT2408030,15.142519,74.075003,26,169.59250625,429.125,84.582845625,8.988125,6.200000000000002,9.370000000000001,24.639999999999993,12.31,4.125,27.0358675
2026-08-11T19:40:00.000Z,MCT2408030,15.142519,74.075003,26,169.31893333333335,433.93333333333334,84.71299133333333,9.001333333333333,6.200000000000002,9.370000000000001,24.639999999999993,12.31,4.211333333333333,26.98943666666666
2026-08-11T19:50:00.000Z,MCT2408030,15.142519,74.075003,26,168.43179999999998,437.8666666666667,84.81827733333333,8.886666666666667,6.200000000000002,9.370000000000001,24.639999999999993,12.31,4.167333333333333,26.968703333333334
2026-08-11T19:51:18.451Z,MCT2408030,15.142519,74.075003,26,166.09225,441.5,84.86990499999999,8.695,6.2,9.37,24.64,12.31,4.23,26.97085
2026-08-11T19:00:00.000Z,MCT2408023,15.499722,74.020833,34.714285714285715,203.20071428571427,543.0714285714286,91.27259999999998,8.576428571428572,20.562857142857144,9.505714285714287,33.92285714285713,23.510714285714283,5.238571428571428,26.407015714285713
2026-08-11T19:10:00.000Z,MCT2408023,15.499722,74.020833,33.5625,189.31562499999995,548.875,91.32103437499998,8.633125,19.989375000000003,9.028749999999999,32.29562500000001,22.112499999999997,4.874375,26.454701874999998
2026-08-11T19:20:00.000Z,MCT2408023,15.499722,74.020833,30,230.63733333333332,537.8,91.24019399999999,8.661333333333333,20.733333333333334,7.096666666666666,25.752666666666666,17.69,5.328666666666667,26.46462466666667
2026-08-11T19:30:00.000Z,MCT2408023,15.499722,74.020833,28.625,235.17187499999997,535.6875,91.27287312499999,8.976874999999998,20.5025,6.340000000000002,22.95375,16.13125,5.375625,26.522403749999995
2026-08-11T19:40:00.000Z,MCT2408023,15.499722,74.020833,27.8125,236.86125,531.375,91.28097937499997,8.716874999999998,21.108124999999998,6.340000000000002,22.241875,15.315625,5.49375,26.61423625
2026-08-11T19:50:00.000Z,MCT2408023,15.499722,74.020833,26.625,240.95937500000005,527.4375,91.243785,8.624374999999999,21.498124999999998,6.340000000000002,21.055000000000003,13.95625,5.1125,26.685960625
2026-08-11T19:51:18.466Z,MCT2408023,15.499722,74.020833,27,242.72,526,91.21375,9.08,21.375,6.34,21.53,14.5,4.825,26.70272
2026-08-11T19:00:00.000Z,MCT2408040,15.528056,74.020833,18.928571428571427,100,467,88.67097642857142,7.952142857142858,4.805714285714286,3.07,8.42,3.729999999999999,3.5,27.346227142857146
2026-08-11T19:10:00.000Z,MCT2408040,15.528056,74.020833,18.9375,100,471.125,88.71845500000002,8.12625,4.833125000000001,3.07,8.42,3.7299999999999986,3.5,27.345556249999998
2026-08-11T19:20:00.000Z,MCT2408040,15.528056,74.020833,18.8125,100,473.25,88.73323687499997,7.8975,4.798125,3.07,8.42,3.7299999999999986,3.5,27.387116250000002
2026-08-11T19:30:00.000Z,MCT2408040,15.528056,74.020833,19.0625,100,470.375,88.75040375000002,8.285625,4.833125,3.07,8.42,3.7299999999999986,3.5,27.432696874999994
2026-08-11T19:40:00.000Z,MCT2408040,15.528056,74.020833,19.066666666666666,100,470.53333333333336,88.7357166666667,8.184666666666667,4.772666666666667,3.07,8.42,3.7299999999999986,3.5,27.463487333333333
2026-08-11T19:50:00.000Z,MCT2408040,15.528056,74.020833,19.25,100,471.875,88.67935312500003,8.145,4.87125,3.07,8.42,3.7299999999999986,3.5,27.514475625
2026-08-11T19:51:18.640Z,MCT2408040,15.528056,74.020833,19,100,475.5,88.69604,8.004999999999999,4.890000000000001,3.07,8.42,3.73,3.5,27.512465
2026-08-11T19:00:00.000Z,MCT2408027,15.275556,74.1075,26.142857142857142,1167.7357142857143,619.6428571428571,90.58050285714286,6.579999999999999,12.777142857142861,5.775714285714287,19.715,11.435714285714287,2.95,27.480290000000004
2026-08-11T19:10:00.000Z,MCT2408027,15.275556,74.1075,27.375,1170.9125,597.875,90.51946999999998,6.579999999999999,12.827500000000006,6.473125,21.87,12.537500000000001,2.9500000000000006,27.529224375000002
2026-08-11T19:20:00.000Z,MCT2408027,15.275556,74.1075,29.875,1168.9806250000001,627.4375,90.62580499999997,6.579999999999999,12.707500000000005,8.321875,26.923124999999995,15.191875,2.9500000000000006,27.523861874999998
2026-08-11T19:30:00.000Z,MCT2408027,15.275556,74.1075,30,1168.6881250000001,633.25,90.65012374999999,6.579999999999999,12.766250000000003,8.383125000000001,27.169375000000002,15.375625000000003,2.9500000000000006,27.500398750000002
2026-08-11T19:40:00.000Z,MCT2408027,15.275556,74.1075,26.8125,1161.451875,603.5,90.71115999999996,6.579999999999999,12.800625000000004,6.288125000000001,20.884999999999994,11.796249999999999,2.9500000000000006,27.446773749999995
2026-08-11T19:50:00.000Z,MCT2408027,15.275556,74.1075,25.9375,1175.15625,648.25,90.71497499999998,6.579999999999999,12.710000000000006,5.733125,19.22,10.869999999999997,2.9500000000000006,27.42934499999999
2026-08-11T19:51:18.640Z,MCT2408027,15.275556,74.1075,24.5,1174.67,632.5,90.76361,6.58,12.71,5.425,16.755,8.89,2.95,27.4213
2026-08-11T19:00:00.000Z,MCT2408049,15.475278,74.055833,56.42857142857143,150,506.14285714285717,87.26444285714287,23.92214285714286,12.017142857142858,7.12,22.217142857142854,12.057857142857143,2.61,27.662615
2026-08-11T19:10:00.000Z,MCT2408049,15.475278,74.055833,56.8,150,508.53333333333336,87.44278866666669,24.298666666666666,11.271999999999998,7.054000000000001,21.808666666666664,11.715333333333332,2.61,27.646527999999993
2026-08-11T19:20:00.000Z,MCT2408049,15.475278,74.055833,56.625,150,519.875,87.54782062500003,24.126250000000002,11.49625,6.8518750000000015,20.635,10.836875,2.61,27.638484999999996
2026-08-11T19:30:00.000Z,MCT2408049,15.475278,74.055833,56.5625,150.08306875,505.75,87.73044937499999,24.116874999999997,12.362499999999999,6.8518750000000015,20.92375,11.22125,2.61,27.597594375
2026-08-11T19:40:00.000Z,MCT2408049,15.475278,74.055833,56.625,150,500.8125,87.77718000000003,24.193749999999998,11.520000000000001,6.659375,20.156875,10.6925,2.61,27.634461249999994
2026-08-11T19:50:00.000Z,MCT2408049,15.475278,74.055833,56.625,150,504.375,87.80912875000003,24.259999999999998,11.769375,5.94125,17.906875,9.590625000000001,2.61,27.677360625000006
2026-08-11T19:51:18.670Z,MCT2408049,15.475278,74.055833,56.5,150,505,87.75763,24.005000000000003,11.075,6.13,18.005000000000003,9.59,2.61,27.71088
2026-08-11T19:00:00.000Z,MCT2408044,15.313669,74.140042,24,214.29,480.2857142857143,90.74998714285712,10.694999999999997,3.32,2.87,7.642857142857143,4.474285714285714,3.965201285714286,27.176919999999992
2026-08-11T19:10:00.000Z,MCT2408044,15.313669,74.140042,24.2,214.29,483.53333333333336,90.83787000000001,10.766666666666667,3.32,2.8699999999999997,7.6,4.428666666666667,4.038376,27.144592666666668
2026-08-11T19:20:00.000Z,MCT2408044,15.313669,74.140042,24.1875,214.29,484.4375,91.13172937499999,10.74625,3.32,2.8699999999999997,7.65625,4.489374999999999,3.9558491874999993,27.04994562499999
2026-08-11T19:30:00.000Z,MCT2408044,15.313669,74.140042,24.25,214.29,480.75,91.23949375,10.813124999999998,3.32,2.8699999999999997,7.75,4.5912500000000005,4.199278625,27.031845625
2026-08-11T19:40:00.000Z,MCT2408044,15.313669,74.140042,24.133333333333333,214.29,490.06666666666666,91.07641533333332,10.767333333333331,3.348,2.8699999999999997,7.5,4.320000000000001,3.8274357999999995,27.098834666666672
2026-08-11T19:50:00.000Z,MCT2408044,15.313669,74.140042,24.4,214.29,492.6,90.80379133333334,10.846666666666666,3.376,2.8699999999999997,7.6,4.428,3.6805127999999994,27.163898666666665
2026-08-11T19:51:18.671Z,MCT2408044,15.313669,74.140042,24,214.29,489,90.50803,10.735,3.32,2.87,7.5,4.32,3.701923,27.276515
2026-08-11T19:00:00.000Z,MCT2408037,15.394444,74.118333,25.428571428571427,160.2461,466.7857142857143,85.73093571428572,10.718571428571432,215.0571428571429,4.09,16.119285714285713,8.777857142857142,3.4407142857142854,27.11257142857143
2026-08-11T19:10:00.000Z,MCT2408037,15.394444,74.118333,25.375,161.2989875,470.9375,85.810704375,10.705625000000001,214.28250000000006,3.8587499999999997,14.82125,8.05625,3.55,27.077426874999997
2026-08-11T19:20:00.000Z,MCT2408037,15.394444,74.118333,25.6875,162.05535,478.3125,85.785431875,10.875,213.94000000000003,3.8587499999999997,15.075,8.29,3.666875,27.103567500000008
2026-08-11T19:30:00.000Z,MCT2408037,15.394444,74.118333,25.6875,162.319925,477.375,85.76588124999999,10.851875000000001,213.52875000000003,3.905,14.923125,8.0575,3.5575,27.116977499999994
2026-08-11T19:40:00.000Z,MCT2408037,15.394444,74.118333,25.6875,161.53988750000002,478.125,85.69339812499999,10.873124999999998,214.00875000000002,3.9512499999999995,15.536249999999999,8.524375,3.5575,27.143116874999997
2026-08-11T19:50:00.000Z,MCT2408037,15.394444,74.118333,25.5625,161.4906375,477.125,85.78304625000001,10.851875000000001,214.21437500000005,3.7662499999999994,14.360625000000002,7.824375,3.57875,27.11496562500001
2026-08-11T19:51:18.680Z,MCT2408037,15.394444,74.118333,26,162.2696,478,85.81213,10.96,213.255,3.72,15.125,8.620000000000001,3.515,27.094185
2026-08-11T19:00:00.000Z,MCT2408042,15.213889,74.071667,60.785714285714285,294.70642857142855,453.85714285714283,86.63992285714288,25.922142857142855,14.352857142857143,4.81,17.720000000000002,10.801428571428573,3.550714285714286,28.165927857142854
2026-08-11T19:10:00.000Z,MCT2408042,15.213889,74.071667,60.6875,287.983125,452.6875,86.56935125,25.869999999999997,15.028125000000003,4.834375,17.841875,10.875,3.3662500000000004,28.275289374999996
2026-08-11T19:20:00.000Z,MCT2408042,15.213889,74.071667,61.0625,280.755,452.9375,86.83924125,26.02625,14.60875,4.606874999999999,16.81625,10.305000000000001,3.1618749999999998,28.320203125
2026-08-11T19:30:00.000Z,MCT2408042,15.213889,74.071667,61.5625,297.879375,456.9375,87.05953750000002,26.392500000000005,14.193125000000002,4.606874999999999,16.646250000000006,10.133750000000001,3.4075,28.318862499999994
2026-08-11T19:40:00.000Z,MCT2408042,15.213889,74.071667,61.0625,297.94999999999993,465.3125,87.26744062500002,26.106875000000002,13.808125,4.834374999999999,17.158125000000002,10.190625,3.2750000000000004,28.283331874999995
2026-08-11T19:50:00.000Z,MCT2408042,15.213889,74.071667,61.3125,295.23812499999997,464.0625,87.68276687499998,26.269999999999996,13.936875,4.6637499999999985,16.41625,9.792499999999997,3.2925,28.157980625
2026-08-11T19:51:18.855Z,MCT2408042,15.213889,74.071667,61,296.9,470.5,87.94454999999999,26.07,13.945,4.55,15.96,9.565,3.71,28.09162
2026-08-11T19:00:00.000Z,MCT2408041,15.224628,74.171389,32.857142857142854,439.17934285714284,450.7857142857143,90.50257642857143,13.835000000000003,9.700000000000001,8.090000000000002,20.25,8.900000000000002,7.916428571428571,27.264257142857137
2026-08-11T19:10:00.000Z,MCT2408041,15.224628,74.171389,33,440.5649875,455.3125,90.56524750000001,13.9475,9.7,8.090000000000002,20.4525,9.102500000000003,7.9087499999999995,27.27316375
2026-08-11T19:20:00.000Z,MCT2408041,15.224628,74.171389,32.75,443.5326749999999,447.4375,90.48132374999999,13.726875,9.7,8.090000000000002,20.25,8.900000000000002,7.9556249999999995,27.249703125000007
2026-08-11T19:30:00.000Z,MCT2408041,15.224628,74.171389,32.4375,443.06215625,448.75,90.48895312500001,13.5125,9.7,8.090000000000002,20.705625,9.353750000000002,7.886875,27.239647500000007
2026-08-11T19:40:00.000Z,MCT2408041,15.224628,74.171389,32.6875,433.69424999999995,460.375,90.51947000000004,13.743124999999997,9.7,8.090000000000002,24.60375000000001,13.243749999999999,7.841875000000002,27.207468749999997
2026-08-11T19:50:00.000Z,MCT2408041,15.224628,74.171389,32.5,435.53570625000003,459.3125,90.43316499999997,13.569375,9.7,8.090000000000002,23.743125000000006,12.383124999999998,7.915625,27.204786250000005
2026-08-11T19:51:18.855Z,MCT2408041,15.224628,74.171389,33,437.75509999999997,455.5,90.45844,13.815000000000001,9.7,8.09,22.275,10.915,8.219999999999999,27.2068
2026-08-11T19:00:00.000Z,MCT2408033,15.346944,74.007778,23.923076923076923,113.39024615384614,491.53846153846155,88.77996999999999,11.504615384615384,43.248380769230764,3.451538461538462,10.413846153846153,7.060000000000001,4.39,27.665503076923073
2026-08-11T19:10:00.000Z,MCT2408033,15.346944,74.007778,23,113.146625,475.625,88.82288375,10.596875,46.41001625,3.3731250000000004,9.904375,6.5806249999999995,4.39,27.685405625
2026-08-11T19:20:00.000Z,MCT2408033,15.346944,74.007778,23.5625,117.01783125,501.6875,88.84863374999998,11.131874999999999,50.625001250000004,3.2968750000000004,9.776249999999997,6.580625,4.39,27.73903
2026-08-11T19:30:00.000Z,MCT2408033,15.346944,74.007778,23.8125,122.1491875,499.5625,88.84386437499998,10.82,48.918488749999995,3.1062500000000006,9.231250000000001,6.3225,4.39,27.789979374999994
2026-08-11T19:40:00.000Z,MCT2408033,15.346944,74.007778,22.125,119.7309875,475.75,88.88296624999998,8.946875000000002,45.77278,3.0681250000000007,8.911875000000002,6.0275,4.39,27.790649999999992
2026-08-11T19:50:00.000Z,MCT2408033,15.346944,74.007778,22.25,121.38116874999999,482.4375,88.93446374999998,8.971875,49.1378025,3.0681250000000007,9.294374999999999,6.47,4.39,27.777911874999997
2026-08-11T19:51:18.883Z,MCT2408033,15.346944,74.007778,24.5,125.44805,474,88.848635,10.91,49.02109,3.03,8.465,5.585,4.39,27.79132
2026-08-11T19:00:00.000Z,MCT2408024,15.148056,74.131667,40.57142857142857,222.36753333333334,498.42857142857144,79.40562238095238,17.58096047619048,5.12540380952381,5,17.418571428571433,10.41857142857143,2.522380952380952,28.82067047619048
2026-08-11T19:10:00.000Z,MCT2408024,15.148056,74.131667,40.52,222.234532,555.96,79.38238639999997,17.53822080000001,5.18961056,5,16.550000000000004,9.550000000000004,2.5,28.761508399999993
2026-08-11T19:20:00.000Z,MCT2408024,15.148056,74.131667,40.458333333333336,221.5477625,516.1666666666666,79.69653874999999,17.518205,5.109728333333334,5,16.323333333333338,9.323333333333336,2.52,28.61714958333334
2026-08-11T19:30:00.000Z,MCT2408024,15.148056,74.131667,40.44,221.62969599999997,564,79.71502559999998,17.477127199999998,5.06320352,5,16.630000000000006,9.630000000000003,2.504800000000001,28.589050000000007
2026-08-11T19:40:00.000Z,MCT2408024,15.148056,74.131667,40.32,222.200608,537.36,79.94238240000001,17.3361704,5.185281440000001,5,16.150000000000006,9.150000000000002,2.5124,28.52469959999999
2026-08-11T19:50:00.000Z,MCT2408024,15.148056,74.131667,40.541666666666664,221.54294166666668,550.2083333333334,80.16574416666668,17.466675833333333,6.188672666666668,5,15.906666666666672,8.906666666666668,2.505833333333333,28.480853333333332
2026-08-11T19:51:18.883Z,MCT2408024,15.148056,74.131667,40.5,221.994925,576.5,80.147305,17.687595,5.772006,5,15.74,8.74,2.4625000000000004,28.4509125
2026-08-11T19:00:00.000Z,MCT2408045,15.619444,73.878889,27.642857142857142,178.11999999999995,507.2857142857143,86.76199214285715,11.46285714285714,16.877142857142857,3.557142857142858,12.55,6.747857142857143,2.5300000000000002,27.168495714285715
2026-08-11T19:10:00.000Z,MCT2408045,15.619444,73.878889,27.8125,178.11999999999995,503.6875,86.814446875,11.4375,16.793750000000003,3.6162500000000013,12.656875,6.788125000000001,2.5300000000000002,27.151832499999998
2026-08-11T19:20:00.000Z,MCT2408045,15.619444,73.878889,27.8,178.11999999999995,501.6,86.89754400000002,11.642,16.772000000000002,3.3533333333333344,12.131999999999998,6.561333333333333,2.5300000000000002,27.153885333333328
2026-08-11T19:30:00.000Z,MCT2408045,15.619444,73.878889,27.8125,178.11999999999995,502.375,86.92078250000002,11.547499999999998,16.841874999999998,3.490000000000001,12.478750000000002,6.751250000000001,2.5300000000000002,27.18132687499999
2026-08-11T19:40:00.000Z,MCT2408045,15.619444,73.878889,27.4375,178.11999999999995,519.375,86.92841250000001,11.17875,17.143124999999998,3.176250000000001,11.659375000000002,6.291250000000001,2.5300000000000002,27.17462375
2026-08-11T19:50:00.000Z,MCT2408045,15.619444,73.878889,27.6875,178.11999999999995,506.375,86.96750937499999,11.479375000000001,17.126250000000002,3.3643750000000012,11.980000000000002,6.398125000000001,2.5300000000000002,27.127700000000004
2026-08-11T19:51:18.885Z,MCT2408045,15.619444,73.878889,27,178.12,512.5,87.01758,10.85,17.91,3.27,11.98,6.505,2.53,27.11027
2026-08-11T19:00:00.000Z,MCT2408022,15.475833,74.038889,32.92857142857143,150,456.2857142857143,90.43118785714283,4.136428571428572,11.470882857142856,9.785714285714286,31.357142857142858,17.428571428571427,4.248240857142858,26.947100714285718
2026-08-11T19:10:00.000Z,MCT2408022,15.475833,74.038889,31.8125,150,455.1875,90.74406124999999,3.9662500000000005,11.49498,8.875,29,16.4375,4.248267,26.8723125
2026-08-11T19:20:00.000Z,MCT2408022,15.475833,74.038889,32.1875,150,453.75,90.75169062499997,3.9475,11.436244375000001,9.25,30,16.9375,4.2168049375,26.911189375
2026-08-11T19:30:00.000Z,MCT2408022,15.475833,74.038889,30.9375,150,450.375,90.68970125000001,4.0962499999999995,11.539029374999998,8.3125,27.375,15.625,4.2585823125,26.944036250000003
2026-08-11T19:40:00.000Z,MCT2408022,15.475833,74.038889,30.4375,150,451.1875,91.02348750000002,3.9831250000000002,11.559863125,8.0625,26.3125,15,4.225166124999999,26.875664375000003
2026-08-11T19:50:00.000Z,MCT2408022,15.475833,74.038889,29.5,150,447.625,90.72737125,4.141875,11.554780624999998,7.625,25.25,14.5,4.2141779999999995,27.021791874999995
2026-08-11T19:51:19.067Z,MCT2408022,15.475833,74.038889,29.5,150,446.5,90.70258,3.77,11.603915,7.5,25,14.5,4.238422,27.06737
2026-08-11T19:00:00.000Z,MCT2408036,15.171567,74.067106,36.142857142857146,120,525.7142857142857,90.13473071428572,10.60642857142857,7.716428571428572,5.187142857142857,15.778571428571428,8.647857142857143,11.064285714285715,27.09571785714286
2026-08-11T19:10:00.000Z,MCT2408036,15.171567,74.067106,36.333333333333336,120,525.2666666666667,89.82061866666668,10.628000000000002,8.067333333333332,4.3853333333333335,14.082666666666665,8.038666666666666,11.258666666666667,27.121712666666667
2026-08-11T19:20:00.000Z,MCT2408036,15.171567,74.067106,36.25,120,524.5,90.011638125,10.3875,7.663124999999999,4.17625,13.425625,7.69375,11.1325,27.078768125
2026-08-11T19:30:00.000Z,MCT2408036,15.171567,74.067106,36.75,120,521.6875,90.36354437499998,10.489999999999998,7.414375,3.880625,12.76,7.3774999999999995,11.410625,27.025814375
2026-08-11T19:40:00.000Z,MCT2408036,15.171567,74.067106,36.125,120,525.5,90.50754812500003,10.371874999999998,7.646874999999999,4.506874999999999,14.469375000000001,8.231874999999999,11.085625,27.048603124999996
2026-08-11T19:50:00.000Z,MCT2408036,15.171567,74.067106,36.13333333333333,120,522.7333333333333,90.48081533333337,10.711333333333332,7.584666666666666,6.210666666666667,18.945333333333334,10.369333333333335,11.026000000000003,27.097403333333332
2026-08-11T19:51:19.096Z,MCT2408036,15.171567,74.067106,36,120,525.3333333333334,90.60339333333333,9.726666666666667,7.37,4.736666666666667,15.703333333333333,9.12,11.049999999999999,27.121
2026-08-11T19:00:00.000Z,MCT2408031,15.290833,74.149167,18.142857142857142,187.7419142857143,451.5,87.38815000000001,7.460937500000001,6.662907928571429,4.626428571428571,12.421428571428574,7.074999999999998,4.945714285714287,26.768605
2026-08-11T19:10:00.000Z,MCT2408031,15.290833,74.149167,18.125,183.68513125000004,456.8125,87.42717999999998,7.3824164375,6.7276834375,4.701875,12.471874999999999,7.0225,4.838125000000001,26.74964374999999
2026-08-11T19:20:00.000Z,MCT2408031,15.290833,74.149167,17.75,182.25039374999997,456.5,87.45864999999998,7.155563625,6.518764374999999,4.494375,12.334375,7.173125000000001,4.6781250000000005,26.746962499999988
2026-08-11T19:30:00.000Z,MCT2408031,15.290833,74.149167,17.875,184.85338750000003,461.875,87.51825874999997,7.219568187500001,6.206981874999999,4.46625,11.818750000000001,6.5775,4.915,26.706742499999994
2026-08-11T19:40:00.000Z,MCT2408031,15.290833,74.149167,17.6875,185.30522499999998,463.3125,87.50442937499999,7.041015375000001,7.324231999999999,4.406874999999999,11.928125000000001,6.785625,5.03625,26.687301249999997
2026-08-11T19:50:00.000Z,MCT2408031,15.290833,74.149167,17.8125,185.90026875,472.0625,87.51205937499998,7.15107675,6.803243375,4.348125,11.710625000000002,6.608125,5.08,26.685289374999996
2026-08-11T19:51:19.096Z,MCT2408031,15.290833,74.149167,17.5,182.40404999999998,476,87.45245,6.8866130000000005,7.5493685,4.525,11.3,5.95,4.4,26.68127
2026-08-11T19:00:00.000Z,MCT2408035,15.236111,74.125,48.642857142857146,190,598.5714285714286,89.43064500000001,19.38310357142857,63.88800857142856,3.7999999999999994,10.19,4.909999999999998,3.8299999999999987,27.603630000000006
2026-08-11T19:10:00.000Z,MCT2408035,15.236111,74.125,48.875,190,584.875,89.37792250000001,19.6661075,63.11695749999999,3.799999999999999,10.19,4.909999999999998,3.8299999999999987,27.604968125000003
2026-08-11T19:20:00.000Z,MCT2408035,15.236111,74.125,49.3125,190,599.8125,89.17669562500002,20.034643749999997,65.22293749999999,3.799999999999999,10.19,4.909999999999998,3.8299999999999987,27.615693124999996
2026-08-11T19:30:00.000Z,MCT2408035,15.236111,74.125,50.25,190,584.6875,89.292568125,20.79148,67.88348812499999,3.799999999999999,10.19,4.909999999999998,3.8299999999999987,27.515816875000002
2026-08-11T19:40:00.000Z,MCT2408035,15.236111,74.125,49.5,190,601.6875,89.41368500000002,20.160783125,66.42635499999999,3.799999999999999,10.19,4.909999999999998,3.8299999999999987,27.509784375
2026-08-11T19:50:00.000Z,MCT2408035,15.236111,74.125,49.0625,190,605.125,89.58868437500001,19.792246875,67.88348812499999,3.799999999999999,10.402499999999998,5.121249999999998,3.8299999999999987,27.484313125
2026-08-11T19:51:19.119Z,MCT2408035,15.236111,74.125,50,190,631,89.80994,20.558965,65.317215,3.8,10.19,4.91,3.83,27.458840000000002
2026-08-11T19:00:00.000Z,MCT2408039,15.163611,74.110833,29,369.57785714285717,450.07142857142856,85.08570499999999,10.873571428571426,10.299999999999999,9.019999999999998,28.94,11.76,2.3000000000000003,27.66261571428572
2026-08-11T19:10:00.000Z,MCT2408039,15.163611,74.110833,29,373.39062499999994,445.125,85.03822625000001,10.596874999999997,10.3,9.019999999999998,28.94,11.759999999999998,2.3,27.612341875
2026-08-11T19:20:00.000Z,MCT2408039,15.163611,74.110833,29,384.71000000000004,448.9375,85.04919125,10.51625,10.3,9.019999999999998,28.94,11.759999999999998,2.3,27.590891875
2026-08-11T19:30:00.000Z,MCT2408039,15.163611,74.110833,29,380.81374999999997,448.4375,84.998649375,9.8125,10.3,9.019999999999998,28.94,11.759999999999998,2.3,27.620384375
2026-08-11T19:40:00.000Z,MCT2408039,15.163611,74.110833,29,386.63625,450.5625,85.24803374999999,11.047499999999998,10.3,9.019999999999998,28.94,11.759999999999998,2.3,27.535254374999994
2026-08-11T19:50:00.000Z,MCT2408039,15.163611,74.110833,29,385.4525,458.9375,85.21560999999998,9.883125,10.3,9.019999999999998,28.94,11.759999999999998,2.3,27.499728125000004
2026-08-11T19:51:19.272Z,MCT2408039,15.163611,74.110833,29,387.375,455,85.35818499999999,11.35,10.3,9.02,28.94,11.76,2.3,27.4642
2026-08-11T19:00:00.000Z,MCT2408026,15.2467,74.198281,32.142857142857146,125,513.7619047619048,85.84810095238093,13.283191428571431,12.5,5.269047619047622,18.098571428571432,10.42380952380952,2.1109523809523805,28.53160476190476
2026-08-11T19:10:00.000Z,MCT2408026,15.2467,74.198281,32.166666666666664,125,500.5416666666667,85.08893000000002,13.376533333333334,12.5,5.792083333333335,19.42416666666666,10.967500000000003,1.8279166666666669,28.82092708333334
2026-08-11T19:20:00.000Z,MCT2408026,15.2467,74.198281,32.44,125,514.44,85.54235839999997,13.4923756,12.5,7.335199999999998,24.334,13.6536,1.6860000000000002,28.755931600000007
2026-08-11T19:30:00.000Z,MCT2408026,15.2467,74.198281,32.333333333333336,125,519,85.61122541666667,13.415764166666667,12.5,4.886666666666669,17.288333333333334,10.164583333333333,1.73375,28.783387083333338
2026-08-11T19:40:00.000Z,MCT2408026,15.2467,74.198281,32.43478260869565,125,512.304347826087,85.2226791304348,13.476784347826088,12.5,4.975652173913046,17.029565217391305,9.768695652173914,1.796521739130435,28.88924304347826
2026-08-11T19:50:00.000Z,MCT2408026,15.2467,74.198281,32.458333333333336,125,501.25,85.33720291666667,13.437229583333334,12.5,4.9650000000000025,17.125833333333336,9.84375,1.940833333333333,28.779813333333337
2026-08-11T19:51:19.304Z,MCT2408026,15.2467,74.198281,32.5,125,505,85.2952425,13.446382499999999,12.5,4.73,15.715,8.9175,2.0149999999999997,28.780705
2026-08-11T19:00:00.000Z,MCT2408038,15.188889,74.055556,23,416.4528571428571,586.4285714285714,89.57233785714286,9.696428571428571,13.330000000000004,5.950000000000002,16.900000000000002,7.963571428571427,4.723571428571428,27.781361428571426
2026-08-11T19:10:00.000Z,MCT2408038,15.188889,74.055556,23,421.76250000000005,583.5,89.68405062500001,9.637500000000001,13.330000000000005,5.950000000000002,16.900000000000002,7.939999999999999,4.764374999999999,27.758470625000005
2026-08-11T19:20:00.000Z,MCT2408038,15.188889,74.055556,23.3125,392.79125000000005,575.9375,89.77751125,9.834375000000001,13.330000000000005,5.950000000000002,17.024375000000003,8.304374999999999,4.75,27.800035625000003
2026-08-11T19:30:00.000Z,MCT2408038,15.188889,74.055556,22.9375,410.40187499999996,594.4375,89.89481375,9.593125000000002,13.330000000000005,5.950000000000002,16.900000000000002,7.9606249999999985,4.735625,27.842934375
2026-08-11T19:40:00.000Z,MCT2408038,15.188889,74.055556,23,418.8943749999999,590.5625,89.68595812499997,9.60875,13.330000000000005,5.950000000000002,16.900000000000002,7.939999999999999,4.783125,27.878461249999997
2026-08-11T19:50:00.000Z,MCT2408038,15.188889,74.055556,22.9375,405.98999999999995,596.9375,89.74031875,9.584375000000001,13.330000000000005,5.950000000000002,16.900000000000002,7.939999999999999,4.74875,27.84963812500001
2026-08-11T19:51:19.303Z,MCT2408038,15.188889,74.055556,23,373.95500000000004,607,89.78323499999999,9.64,13.33,5.95,16.9,7.94,4.78,27.82886
2026-08-11T19:00:00.000Z,MCT2408032,15.525556,73.828611,34.95238095238095,217.49428571428572,711.8095238095239,85.48661333333335,14.734285714285715,42.74571428571429,7.120000000000002,17.408095238095235,7.416666666666668,3.28952380952381,28.56224761904762
2026-08-11T19:10:00.000Z,MCT2408032,15.525556,73.828611,34.68,206.38040000000004,695.52,86.25616600000004,14.534000000000002,42.55879999999999,7.120000000000002,17.1836,7.192800000000003,2.85,28.492095200000005
2026-08-11T19:20:00.000Z,MCT2408032,15.525556,73.828611,35.16,205.9384,694.6,86.37060600000002,14.9516,42.42920000000001,7.120000000000002,18.1492,8.154000000000002,2.6875999999999993,28.496385999999994
2026-08-11T19:30:00.000Z,MCT2408032,15.525556,73.828611,34.28,204.48960000000002,696.64,86.05596960000003,14.247600000000004,43.226000000000006,7.460799999999999,19.742000000000004,9.059199999999999,2.7156000000000002,28.5890504
2026-08-11T19:40:00.000Z,MCT2408032,15.525556,73.828611,34.6,208.32399999999998,703.44,86.01751760000003,14.506000000000006,42.51359999999999,7.120000000000002,17.581599999999995,7.588400000000003,2.6984000000000004,28.569746400000003
2026-08-11T19:50:00.000Z,MCT2408032,15.525556,73.828611,35.36,213.6072,705.64,85.7727656,15.023200000000005,42.77920000000001,7.120000000000002,17.126799999999996,7.136400000000004,2.744,28.591624400000015
2026-08-11T19:51:19.464Z,MCT2408032,15.525556,73.828611,33.666666666666664,215.75333333333333,702.6666666666666,85.57816333333334,13.726666666666668,44.870000000000005,7.12,17.07,7.080000000000001,2.813333333333333,28.604636666666664
2026-08-11T20:00:00.000Z,MCT2408020,15.543475,74.039433,23.0625,180,521.0625,88.62308875,9.5114180625,19.540754375000002,6.203749999999999,19.629375,10.568750000000001,3.6599999999999984,27.326788125
2026-08-11T20:10:00.000Z,MCT2408020,15.543475,74.039433,23,180,532,88.753740625,9.4527676875,19.639970625,6.203749999999999,19.047499999999996,9.987499999999997,3.6599999999999984,27.3455575
2026-08-11T20:20:00.000Z,MCT2408020,15.543475,74.039433,22.9375,180,530.75,88.607354375,9.5330059375,19.516099999999994,5.742499999999998,18.873749999999998,10.278125,3.6599999999999984,27.411916875000006
2026-08-11T20:29:44.496Z,MCT2408020,15.543475,74.039433,22.875,180,533,88.79856500000001,9.3941171875,19.639971250000002,5.915,19.2225,10.4525,3.6599999999999984,27.377059374999995
2026-08-11T20:00:00.000Z,MCT2408028,15.186944,74.096667,41.76,626.8271999999998,474.84,92.88824399999997,18.1976,12.5948,4.989999999999998,16.4652,9.5052,2.0176000000000003,26.779942000000002
2026-08-11T20:10:00.000Z,MCT2408028,15.186944,74.096667,41.56,622.7792000000001,479.92,93.0328988,18.042800000000003,12.5176,4.989999999999998,16.82400000000001,9.863199999999996,2.0756,26.768788
2026-08-11T20:20:00.000Z,MCT2408028,15.186944,74.096667,41.88,623.4715999999999,483.12,93.0213016,18.3108,12.443599999999998,4.989999999999998,15.908400000000002,8.948399999999998,1.8884,26.8215556
2026-08-11T20:29:44.497Z,MCT2408028,15.186944,74.096667,41.541666666666664,622.1754166666666,472.875,93.12173041666665,18.03291666666667,12.520000000000001,5.114999999999998,16.737083333333338,9.611249999999997,1.9970833333333333,26.847956249999992
2026-08-11T20:00:00.000Z,MCT2408056,15.579167,73.920833,20.75,180,739.5625,89.702649375,7.011875,11.197622937499998,6.041249999999998,20.32375,12.125000000000002,1.5906249999999997,27.6679775
2026-08-11T20:10:00.000Z,MCT2408056,15.579167,73.920833,20.4375,180,753.3125,89.78418937500001,6.936250000000001,11.466695812500001,5.80625,19.639374999999998,11.715000000000002,1.676875,27.679371874999998
2026-08-11T20:20:00.000Z,MCT2408056,15.579167,73.920833,20.1875,180,754.8125,90.083640625,6.909999999999999,10.535357625,5.512499999999999,18.956874999999993,11.363750000000001,1.5924999999999998,27.6465275
2026-08-11T20:29:44.510Z,MCT2408056,15.579167,73.920833,20.75,180,749.8125,90.26197812500003,6.836249999999999,11.221977187499999,5.806249999999999,20.153124999999996,12.181875000000003,1.6174999999999997,27.640493750000005
2026-08-11T20:00:00.000Z,MCT2408057,15.272222,74.104722,29.875,342.00291666666664,456.25,84.76944916666669,12.312083333333332,9.029166666666667,3.900416666666666,12.768749999999999,7.242499999999997,2.152083333333333,28.82405375
2026-08-11T20:10:00.000Z,MCT2408057,15.272222,74.104722,30,347.65160000000003,456.08,84.42541519999999,12.505600000000001,8.902400000000002,3.2919999999999994,11.014400000000002,6.3324,2.1396,28.896649200000002
2026-08-11T20:20:00.000Z,MCT2408057,15.272222,74.104722,30,336.80125000000004,471.9166666666667,84.64578958333337,12.545,8.875000000000002,3.279166666666667,10.766250000000005,6.1570833333333335,2.145,28.73601833333333
2026-08-11T20:29:44.517Z,MCT2408057,15.272222,74.104722,29.96,345.1536,461.08,85.11511319999998,12.488,8.811200000000003,3.219199999999999,10.314400000000003,5.844000000000002,2.2484,28.50067680000001
2026-08-11T20:00:00.000Z,MCT2408055,15.585833,73.885556,19.533333333333335,96.56666666666666,675.5333333333333,89.11973066666668,8.652666666666669,30.13740533333333,5.174666666666668,15.834,9.313333333333334,1.2786666666666668,27.380547999999997
2026-08-11T20:10:00.000Z,MCT2408055,15.585833,73.885556,19.3125,95.719375,684.5625,89.36743187500002,8.560000000000002,29.96421875,5.375,15.913125,9.115,1.1612500000000001,27.320086250000006
2026-08-11T20:20:00.000Z,MCT2408055,15.585833,73.885556,19.5,96.895625,684.625,89.57723875000002,8.578750000000001,29.806776250000002,5.5931250000000015,16.73625,9.6675,1.095,27.293273125
2026-08-11T20:29:44.525Z,MCT2408055,15.585833,73.885556,19.533333333333335,98.396,678.2,89.58206999999999,8.674666666666667,30.115777333333334,5.776666666666667,17.414666666666673,10.176666666666666,1.238,27.309048
2026-08-11T20:00:00.000Z,MCT2408052,15.444425,74.063856,25.25,160,704.6875,88.45190562500001,3.6676316250000003,8,9.617500000000001,27.437499999999996,13.268125000000005,2,27.403874999999996
2026-08-11T20:10:00.000Z,MCT2408052,15.444425,74.063856,24.8125,160,711.25,88.583034375,3.699166812500001,8,9.51125,26.573125000000005,12.514375000000003,2,27.410577499999995
2026-08-11T20:20:00.000Z,MCT2408052,15.444425,74.063856,24.5,160,689.625,88.37847125000002,3.7239911875000002,8,9.261875,26.099375,12.406875000000001,2,27.462861875000005
2026-08-11T20:29:44.702Z,MCT2408052,15.444425,74.063856,24.133333333333333,160,705.2,88.61008733333334,3.772584866666668,8,9.212000000000002,25.426,11.83066666666667,2,27.437033333333332
2026-08-11T20:00:00.000Z,MCT2408053,15.263333,74.110833,46.266666666666666,240.7897866666667,703,93.04429199999998,19.50133333333333,26.480000000000004,4.590000000000002,11.99333333333333,6.016666666666667,6.103333333333334,26.945823333333337
2026-08-11T20:10:00.000Z,MCT2408053,15.263333,74.110833,45.5,219.58825624999997,688.375,93.1520875,18.813124999999996,26.858750000000004,4.647500000000001,13.005624999999998,7.05,6.304375,26.91185937499999
2026-08-11T20:20:00.000Z,MCT2408053,15.263333,74.110833,45.4375,233.1799,707.875,93.52878999999999,18.869375,27.023125,4.590000000000002,12.579374999999997,6.698124999999999,6.0825,26.87633499999999
2026-08-11T20:29:44.701Z,MCT2408053,15.263333,74.110833,45.9375,239.84374375000004,718.875,93.63703187499998,19.241875000000004,27.845000000000002,4.590000000000002,11.912499999999998,5.922499999999999,6.1825,26.870970625000005
2026-08-11T20:00:00.000Z,MCT2408021,15.500556,74.053333,48.125,375,494.375,89.54290812500003,20.988125000000004,14.329493125000003,2.86,9.132499999999999,5.7124999999999995,4.23875,27.108262499999995
2026-08-11T20:10:00.000Z,MCT2408021,15.500556,74.053333,48.125,375,494.125,89.40891562499999,20.97,14.324929374999998,2.889375,9.184999999999999,5.741249999999999,4.299375,27.13440374999999
2026-08-11T20:20:00.000Z,MCT2408021,15.500556,74.053333,48.5625,375,496.0625,89.31879312499998,21.258750000000003,14.282376249999999,2.889375,9.2125,5.771249999999999,4.255625,27.129712499999997
2026-08-11T20:29:44.715Z,MCT2408021,15.500556,74.053333,48.13333333333333,375,499.26666666666665,89.36132599999999,21.042666666666666,14.253580666666664,2.8913333333333333,9.073333333333332,5.616,4.254,27.155317333333333
2026-08-11T20:00:00.000Z,MCT2408043,15.221111,74.087222,33,203.61933333333334,488.2,86.53946866666666,14.201333333333332,10.394666666666668,6.668666666666665,24.547333333333334,14.77266666666667,5.290000000000001,27.658683333333336
2026-08-11T20:10:00.000Z,MCT2408043,15.221111,74.087222,33,208.22375000000002,497.4375,86.48733437499999,14.174375000000001,10.365625,7.203124999999999,27.358124999999998,16.570625000000003,5.290000000000001,27.650549375000004
2026-08-11T20:20:00.000Z,MCT2408043,15.221111,74.087222,33,185.64874999999998,499.1875,86.57936375000001,14.178124999999998,10.433750000000002,7.282499999999999,28.9675,18.013125000000002,5.290000000000001,27.604297499999994
2026-08-11T20:29:44.720Z,MCT2408043,15.221111,74.087222,33,202.3466666666667,493.93333333333334,86.58575333333333,14.158000000000003,10.488666666666667,8.192,30.64266666666667,18.448,5.290000000000001,27.606486666666672
2026-08-11T20:00:00.000Z,MCT2408051,15.486528,74.033889,52.0625,348.269375,525.625,97.95336124999999,22.109999999999996,5.1899999999999995,4.586875,15.266249999999994,8.788750000000002,4.39,26.401078125
2026-08-11T20:10:00.000Z,MCT2408051,15.486528,74.033889,52.1875,345.0381250000001,520.875,97.84655124999998,22.186874999999997,5.1899999999999995,4.273124999999999,14.643749999999995,8.51625,4.39,26.38432
2026-08-11T20:20:00.000Z,MCT2408051,15.486528,74.033889,52.0625,344.3200000000001,534.5625,97.928089375,22.109999999999996,5.1899999999999995,4.390625,14.683749999999996,8.438750000000002,4.39,26.371581875
2026-08-11T20:29:44.733Z,MCT2408051,15.486528,74.033889,52.1875,348.06875,526.3125,98.213239375,22.189999999999998,5.1899999999999995,4.1175,13.904374999999996,7.935000000000001,4.39,26.445318125
2026-08-11T20:00:00.000Z,MCT2408050,15.553611,73.958333,27.625,86.02999999999999,549.375,92.32382312500002,11.39375,4.059374999999999,5.833124999999999,18.783125,10.210000000000003,2.6325000000000003,27.03721062499999
2026-08-11T20:10:00.000Z,MCT2408050,15.553611,73.958333,27.875,86.02999999999999,547.625,92.36626249999999,11.575000000000003,3.9987499999999994,6.099374999999999,19.427500000000002,10.58125,2.5868750000000005,27.026481875
2026-08-11T20:20:00.000Z,MCT2408050,15.553611,73.958333,27.75,86.02999999999999,544.375,92.45447562500001,11.511875000000002,4.032500000000001,5.993124999999999,19.159374999999997,10.421875000000004,2.5725000000000002,27.035868125000004
2026-08-11T20:29:44.899Z,MCT2408050,15.553611,73.958333,27.6875,86.02999999999999,540,92.34432687500001,11.368750000000002,4.2543750000000005,5.674375,20.18,11.750625000000001,2.62875,27.133064374999996
2026-08-11T20:00:00.000Z,MCT2408034,15.356389,74.123611,21.833333333333332,197.99650416666668,488.625,78.34454749999999,7.958333333333331,5.72125,6.379999999999998,18.366666666666664,8.986666666666666,1.340833333333333,30.447117500000004
2026-08-11T20:10:00.000Z,MCT2408034,15.356389,74.123611,21.92,183.79245200000003,485.12,78.33746399999998,7.726,5.190799999999999,6.379999999999998,18.944,9.564,1.3119999999999998,30.43676800000001
2026-08-11T20:20:00.000Z,MCT2408034,15.356389,74.123611,21.583333333333332,190.37407916666663,488.875,78.19736333333331,6.800416666666666,4.551666666666665,6.379999999999998,19.224999999999998,9.844999999999999,1.3479166666666664,30.433710833333336
2026-08-11T20:29:44.899Z,MCT2408034,15.356389,74.123611,21.791666666666668,196.63022916666668,484.5416666666667,78.21421083333331,7.7475,5.5945833333333335,6.379999999999998,18.522916666666664,9.142916666666665,1.2770833333333333,30.378299166666665
2026-08-11T20:00:00.000Z,MCT2408030,15.142519,74.075003,26,167.93399999999997,442,84.87181124999998,8.88,6.200000000000002,9.370000000000001,24.639999999999993,12.31,4.08125,26.993636875
2026-08-11T20:10:00.000Z,MCT2408030,15.142519,74.075003,26,167.74253333333328,442.06666666666666,84.93373599999998,9.030666666666667,6.200000000000002,9.370000000000001,24.639999999999993,12.31,3.932,26.993727999999994
2026-08-11T20:20:00.000Z,MCT2408030,15.142519,74.075003,26,169.44566,440.06666666666666,85.11989333333334,9.186000000000002,6.200000000000002,9.370000000000001,24.639999999999993,12.31,4.071999999999999,26.981573333333337
2026-08-11T20:29:44.913Z,MCT2408030,15.142519,74.075003,26,167.52056875,432.1875,85.22276250000002,8.986875000000001,6.200000000000002,9.370000000000001,24.639999999999993,12.31,3.84625,27.045251249999996
2026-08-11T20:00:00.000Z,MCT2408029,15.333611,74.206944,12,282.60113125,571.5,92.39486937499998,2.594375,7.29125,2.9399999999999995,8.995000000000001,5.03875,3.5,27.317403125
2026-08-11T20:10:00.000Z,MCT2408029,15.333611,74.206944,12,285.26229374999997,579.75,92.535059375,2.943749999999999,7.18875,2.9399999999999995,9.286249999999999,5.33,3.5,27.251044375000006
2026-08-11T20:20:00.000Z,MCT2408029,15.333611,74.206944,12.375,283.6668125,579.8125,92.67477499999998,4.136875,7.45375,2.9399999999999995,9.394375,5.4399999999999995,3.530625,27.224896249999993
2026-08-11T20:29:44.914Z,MCT2408029,15.333611,74.206944,12,282.65835625,580.625,92.68240374999998,3.3899999999999997,7.2162500000000005,2.9399999999999995,9.068125000000002,5.110625,3.5,27.23361375
2026-08-11T20:00:00.000Z,MCT2408023,15.499722,74.020833,26.125,241.900625,535.4375,91.28050375000001,8.896249999999998,21.354375000000005,6.340000000000002,20.421875,13.23125,5.235,26.728864999999995
2026-08-11T20:10:00.000Z,MCT2408023,15.499722,74.020833,26.9375,242.57937499999997,534.875,91.21899,8.914375,21.152499999999996,6.340000000000002,21.2925,14.228125,5.255625,26.746961874999993
2026-08-11T20:20:00.000Z,MCT2408023,15.499722,74.020833,26.625,245.82000000000002,529.125,91.14508,8.965625,20.84375,6.340000000000002,21.055000000000007,13.956249999999997,5.615625,26.78718187500001
2026-08-11T20:29:44.926Z,MCT2408023,15.499722,74.020833,30.466666666666665,232.45066666666668,531.6,91.138976,9.072,20.24533333333334,7.267333333333332,26.427333333333333,18.463333333333335,5.396666666666667,26.831422
2026-08-11T20:00:00.000Z,MCT2408027,15.275556,74.1075,25.125,1170.5506249999999,646.375,90.76790187499999,6.579999999999999,12.710000000000004,5.300625,17.619374999999998,10.065625,2.9500000000000006,27.42063062499999
2026-08-11T20:10:00.000Z,MCT2408027,15.275556,74.1075,26.1875,1170.6099999999997,620.125,90.76885687499997,6.579999999999999,12.739375000000003,5.733125000000001,19.715,11.364999999999998,2.9500000000000006,27.435379374999997
2026-08-11T20:20:00.000Z,MCT2408027,15.275556,74.1075,27.133333333333333,1169.4473333333333,640,90.67053333333332,6.579999999999999,12.676000000000004,6.312,21.685333333333336,12.648666666666665,2.9500000000000006,27.44489666666666
2026-08-11T20:29:45.094Z,MCT2408027,15.275556,74.1075,26.75,1170.07,626.625,90.72689562499998,6.579999999999999,12.678125000000001,6.04125,21.439374999999995,12.660625,2.9500000000000006,27.369687499999998
2026-08-11T20:00:00.000Z,MCT2408040,15.528056,74.020833,19,100,484.8125,88.74897312500002,8.096250000000001,4.895625,3.07,8.42,3.7299999999999986,3.5,27.484981874999995
2026-08-11T20:10:00.000Z,MCT2408040,15.528056,74.020833,18.875,100,482.375,88.75278875000002,7.971875000000001,4.86875,3.07,8.42,3.7299999999999986,3.5,27.505761250000003
2026-08-11T20:20:00.000Z,MCT2408040,15.528056,74.020833,19,100,476.3125,88.70844250000002,8.19625,4.860625000000001,3.07,8.42,3.7299999999999986,3.5,27.517826250000002
2026-08-11T20:29:45.096Z,MCT2408040,15.528056,74.020833,19.0625,100,478.9375,88.75564937500002,8.196250000000001,4.838125,3.07,8.42,3.7299999999999986,3.5,27.541958750000003
2026-08-11T20:00:00.000Z,MCT2408049,15.475278,74.055833,56.8125,150,506.8125,87.64318625000003,24.224999999999998,11.204999999999998,6.036875000000001,18.241250000000004,9.7825,2.61,27.71489937500001
2026-08-11T20:10:00.000Z,MCT2408049,15.475278,74.055833,56.875,150,512.25,87.43480937500003,24.411250000000003,11.450625,6.084375,18.001875000000002,9.496250000000003,2.61,27.728303749999995
2026-08-11T20:20:00.000Z,MCT2408049,15.475278,74.055833,56.6875,150.64785625000002,516.125,87.43624125000002,24.234374999999996,10.810625000000002,6.036250000000001,17.955000000000002,9.543125000000003,2.61,27.73500875
2026-08-11T20:29:45.109Z,MCT2408049,15.475278,74.055833,56.6875,150,516.3125,87.71995875000003,24.234375000000004,11.894374999999998,5.891875,17.763749999999998,9.59125,2.61,27.7403725
2026-08-11T20:00:00.000Z,MCT2408044,15.313669,74.140042,24.6,214.29,491.46666666666664,90.4782726666667,10.936,3.348,2.8699999999999997,7.566666666666666,4.3919999999999995,3.9588031999999993,27.31119266666666
2026-08-11T20:10:00.000Z,MCT2408044,15.313669,74.140042,24.9375,214.29,494.3125,90.65870687500002,11.037500000000001,3.34625,2.8699999999999997,7.75,4.590625000000001,4.0039260625,27.369688125
2026-08-11T20:20:00.000Z,MCT2408044,15.313669,74.140042,24.933333333333334,214.29,488.2,90.72292133333333,11.016666666666667,3.32,2.8699999999999997,7.633333333333334,4.464,4.003076733333334,27.366961333333332
2026-08-11T20:29:45.111Z,MCT2408044,15.313669,74.140042,24.785714285714285,214.29,494.2142857142857,90.59194857142859,11,3.3899999999999997,2.87,7.571428571428571,4.397142857142858,3.905585999999999,27.396787857142847
2026-08-11T20:00:00.000Z,MCT2408037,15.394444,74.118333,25.5625,160.5555625,481.75,85.85743312499999,10.831874999999998,213.73437500000006,3.7662499999999994,14.921875000000002,8.33875,3.6231249999999995,27.064021250000003
2026-08-11T20:10:00.000Z,MCT2408037,15.394444,74.118333,25.375,160,490.5,86.06008937500002,10.604375000000003,214.76375000000004,3.8124999999999996,15.178750000000003,8.476874999999998,3.554375,26.968164999999996
2026-08-11T20:20:00.000Z,MCT2408037,15.394444,74.118333,25.5,160.0145375,489.8125,86.145919375,10.830625000000001,214.28250000000006,3.8587499999999997,14.616249999999999,7.869375,3.585,26.939343125000008
2026-08-11T20:29:45.120Z,MCT2408037,15.394444,74.118333,25.533333333333335,160.75595333333334,491.6,86.080686,10.845333333333336,213.65600000000006,3.7199999999999993,13.955333333333334,7.547333333333333,3.6133333333333337,26.950114666666675
2026-08-11T20:00:00.000Z,MCT2408041,15.224628,74.171389,32.5625,448.23223125,451.9375,90.44413250000001,13.616249999999999,9.7,8.090000000000002,21.465,10.109375000000002,7.9437500000000005,27.216853125
2026-08-11T20:10:00.000Z,MCT2408041,15.224628,74.171389,32.5,445.18895624999993,457.875,90.37880187500004,13.551874999999999,9.7,8.090000000000002,20.908125000000002,9.555625000000003,7.840625,27.221546249999996
2026-08-11T20:20:00.000Z,MCT2408041,15.224628,74.171389,32.25,442.20519999999993,458.5,90.48752250000001,13.45625,9.7,8.090000000000002,21.060000000000002,9.706875000000002,7.9556249999999995,27.201435000000004
2026-08-11T20:29:45.290Z,MCT2408041,15.224628,74.171389,32.625,435.32310000000007,459.5625,90.49086000000001,13.705625,9.7,8.090000000000002,20.55375,9.203125000000004,7.830625000000001,27.19272
2026-08-11T20:00:00.000Z,MCT2408042,15.213889,74.071667,61.4375,295.129375,468.25,88.00081749999998,26.349999999999994,13.794375,4.6637499999999985,15.959375000000001,9.337499999999999,3.4943749999999993,28.04603875
2026-08-11T20:10:00.000Z,MCT2408042,15.213889,74.071667,61.375,296.35249999999996,462.875,88.187736875,26.31,13.338125000000002,4.6637499999999985,16.415625,9.792499999999999,3.580625,27.968283125000003
2026-08-11T20:20:00.000Z,MCT2408042,15.213889,74.071667,60.9375,297.591875,467.3125,88.30313125,26.03,13.998124999999998,5.061875,17.840625000000003,10.589375,3.5543750000000003,28.03866625
2026-08-11T20:29:45.290Z,MCT2408042,15.213889,74.071667,61.06666666666667,295.21666666666664,455.8666666666667,87.95955466666669,26.040000000000003,14.558666666666669,4.913999999999999,17.996,10.931333333333335,3.167333333333333,28.304339333333328
2026-08-11T20:00:00.000Z,MCT2408024,15.148056,74.131667,40.44,221.73862,584.64,80.3720692,17.4910332,6.046753480000001,5,15.950000000000005,8.950000000000003,2.4888000000000003,28.4140184
2026-08-11T20:10:00.000Z,MCT2408024,15.148056,74.131667,40.64,221.31378000000004,520.32,80.68365479999999,17.6598016,7.041847319999999,5.04,17.030000000000005,9.950000000000003,2.5,28.400719999999996
2026-08-11T20:20:00.000Z,MCT2408024,15.148056,74.131667,40.708333333333336,220.79408750000002,562.875,80.89403375,17.60677875,6.854257125000001,5,17.03166666666667,10.03166666666667,2.4929166666666664,28.40890625
2026-08-11T20:29:45.306Z,MCT2408024,15.148056,74.131667,40.88,220.67785199999994,574.24,81.08709559999994,17.7894368,6.318326360000001,5,16.270000000000003,9.270000000000003,2.5,28.4002912
2026-08-11T20:00:00.000Z,MCT2408033,15.346944,74.007778,24.625,124.56008125,462.875,88.98643937499997,11.060000000000002,51.977600625,3.0300000000000007,8.591875,5.733125,4.39,27.757800624999994
2026-08-11T20:10:00.000Z,MCT2408033,15.346944,74.007778,21.5,121.83980000000001,466.14285714285717,88.95217357142853,8.379285714285716,49.78162928571429,3.0300000000000007,8.828571428571427,6.007142857142858,4.39,27.79131642857143
2026-08-11T20:20:00.000Z,MCT2408033,15.346944,74.007778,21.375,120.6864875,531.8125,88.69175249999998,8.252500000000001,53.407382500000004,3.1062500000000006,8.559375,5.550624999999999,4.39,27.857009374999997
2026-08-11T20:29:45.306Z,MCT2408033,15.346944,74.007778,21.25,120.98995625,500.5,88.96498062499998,8.293750000000001,52.49811937499999,3.0300000000000007,8.111250000000002,5.1825,4.39,27.79266
2026-08-11T20:00:00.000Z,MCT2408045,15.619444,73.878889,27.6875,178.11999999999995,512.9375,87.06430687499997,11.401875,17.183125,3.207500000000001,11.481250000000001,6.078125000000001,2.5300000000000002,27.10960000000001
2026-08-11T20:10:00.000Z,MCT2408045,15.619444,73.878889,27.8125,178.11999999999995,521.75,87.14489375000002,11.609374999999998,17.128125,3.2700000000000014,11.730624999999998,6.2543750000000005,2.5300000000000002,27.13038125
2026-08-11T20:20:00.000Z,MCT2408045,15.619444,73.878889,27.875,178.11999999999995,521.25,86.99564124999998,11.621874999999998,17.227500000000003,3.1762500000000014,11.41,6.042500000000001,2.5300000000000002,27.214840624999994
2026-08-11T20:29:45.317Z,MCT2408045,15.619444,73.878889,27.875,178.11999999999995,526.5,87.10626875,11.615625,17.1825,3.2075000000000014,11.730625,6.326250000000001,2.5300000000000002,27.19205124999999
2026-08-11T20:00:00.000Z,MCT2408022,15.475833,74.038889,28.733333333333334,150,446.53333333333336,90.76106800000001,3.9593333333333334,11.671417333333334,6.8,23.733333333333334,13.933333333333334,4.249508666666667,27.091682
2026-08-11T20:10:00.000Z,MCT2408022,15.475833,74.038889,26.8125,150,449,90.68636312500003,4.003749999999999,11.48801375,5.5625,20.25,12.25,4.2177915625,27.1525025
2026-08-11T20:20:00.000Z,MCT2408022,15.475833,74.038889,27.375,150,445.4375,90.53997312500002,4.04125,11.543046875000002,6.0625,21.3125,12.5,4.252304812499999,27.211491249999998
2026-08-11T20:29:45.487Z,MCT2408022,15.475833,74.038889,26.875,150,443.25,90.58813375000003,3.9825,11.59858125,5.625,20.25,12.0625,4.255641875,27.239645625
2026-08-11T20:00:00.000Z,MCT2408032,15.525556,73.828611,35.32,216.7748,693.56,85.6741936,15.011200000000006,43.56399999999999,7.120000000000002,17.069999999999997,7.080000000000002,2.846799999999999,28.604493999999992
2026-08-11T20:10:00.000Z,MCT2408032,15.525556,73.828611,35.6,213.98519999999996,681.36,85.52404919999998,15.192000000000002,43.14439999999999,7.120000000000002,17.069999999999997,7.080000000000002,2.918,28.663695600000004
2026-08-11T20:20:00.000Z,MCT2408032,15.525556,73.828611,34.24,214.94279999999998,695.92,85.35742039999997,14.074000000000003,43.96639999999999,7.120000000000002,17.069999999999997,7.080000000000002,2.9339999999999993,28.66326640000001
2026-08-11T20:29:45.489Z,MCT2408032,15.525556,73.828611,35.125,216.32041666666666,715.5833333333334,85.46340625,14.937500000000005,43.81375,7.120000000000002,17.069999999999997,7.080000000000002,3.0400000000000005,28.60151083333334
2026-08-11T20:00:00.000Z,MCT2408036,15.171567,74.067106,36.1875,120,521,90.56620125,10.353125,7.510000000000001,5.4937499999999995,17.066874999999996,9.467500000000001,11.124374999999999,27.167249374999997
2026-08-11T20:10:00.000Z,MCT2408036,15.171567,74.067106,36.125,120,517.8125,90.58670625000003,10.254375,7.711249999999999,5.065624999999999,15.419374999999999,8.454999999999998,11.049375000000001,27.228920625
2026-08-11T20:20:00.000Z,MCT2408036,15.171567,74.067106,36.375,120,530.75,91.25236874999999,9.835,7.56375,5.656875,17.192500000000003,9.434999999999999,11.1875,27.157195625000004
2026-08-11T20:29:45.504Z,MCT2408036,15.171567,74.067106,35.93333333333333,120,524.4,90.52862600000002,10.573333333333332,7.878666666666665,5.648666666666666,17.122666666666667,9.322000000000001,10.974,27.33979333333333
2026-08-11T20:00:00.000Z,MCT2408031,15.290833,74.149167,17.6875,183.8041375,479.625,87.52398062500001,7.071895937500002,6.654348375,4.198125,11.166250000000002,6.279999999999999,4.760625,26.663170000000008
2026-08-11T20:10:00.000Z,MCT2408031,15.290833,74.149167,17.933333333333334,181.58498666666668,476.46666666666664,87.57452199999999,7.224098933333333,6.220780666666667,4.319333333333333,11.738666666666665,6.732,4.715333333333334,26.68770333333334
2026-08-11T20:20:00.000Z,MCT2408031,15.290833,74.149167,17.8125,181.1831375,478,87.505383125,7.2369878750000005,6.41590125,3.99,11.085,6.488124999999999,4.66625,26.763721249999996
2026-08-11T20:29:45.503Z,MCT2408031,15.290833,74.149167,17.8125,178.913475,476.375,87.62936187499999,7.2723551875000005,6.2079505625,4.3168750000000005,11.603125,6.576249999999999,4.645625,26.70808375
2026-08-11T20:00:00.000Z,MCT2408035,15.236111,74.125,49.25,190,606,89.84140499999998,19.888740624999997,68.50876499999998,3.8474999999999993,10.731874999999999,5.380624999999999,3.8299999999999987,27.48230125
2026-08-11T20:10:00.000Z,MCT2408035,15.236111,74.125,49.25,190,608,90.00591562500001,19.908504375,66.10193124999998,3.799999999999999,10.237499999999999,4.956249999999999,3.8299999999999987,27.484983124999992
2026-08-11T20:20:00.000Z,MCT2408035,15.236111,74.125,49.0625,190,602.875,90.15707499999996,19.646343749999996,68.18434187499999,3.799999999999999,10.19,4.909999999999998,3.8299999999999987,27.442083124999996
2026-08-11T20:29:45.508Z,MCT2408035,15.236111,74.125,49.1875,190,622.75,90.24624124999998,19.918386249999998,67.30534874999998,3.799999999999999,10.19,4.909999999999998,3.8299999999999987,27.393820000000005
2026-08-11T20:00:00.000Z,MCT2408038,15.188889,74.055556,23.1875,388.51750000000004,608.375,89.79134187499999,9.803125000000001,13.330000000000005,5.950000000000002,16.900000000000002,7.939999999999999,4.7612499999999995,27.8288575
2026-08-11T20:10:00.000Z,MCT2408038,15.188889,74.055556,23,418.4356249999999,590.9375,90.00114875,9.750625000000001,13.330000000000005,5.950000000000002,16.900000000000002,7.939999999999999,4.76375,27.759811875
2026-08-11T20:20:00.000Z,MCT2408038,15.188889,74.055556,23.25,423.00312500000007,607.9375,90.31586124999998,9.863125000000002,13.330000000000005,5.950000000000002,16.900000000000002,7.939999999999999,4.7475,27.746405625
2026-08-11T20:29:45.687Z,MCT2408038,15.188889,74.055556,23.333333333333332,421.25800000000004,606.2,90.3948566666667,9.930666666666667,13.330000000000005,5.950000000000002,16.900000000000002,7.939999999999999,4.783333333333333,27.80669333333334
2026-08-11T20:00:00.000Z,MCT2408039,15.163611,74.110833,29,384.974375,455.5625,85.43447875,10.620000000000001,10.3,9.019999999999998,28.94,11.759999999999998,2.3,27.4561575
2026-08-11T20:10:00.000Z,MCT2408039,15.163611,74.110833,29,369.765,463.125,85.62521499999998,10.794999999999998,10.3,9.019999999999998,28.94,11.759999999999998,2.3,27.444763750000003
2026-08-11T20:20:00.000Z,MCT2408039,15.163611,74.110833,29,379.05937499999993,462.9375,85.867924375,10.991249999999997,10.3,9.019999999999998,28.94,11.759999999999998,2.3,27.42331375000001
2026-08-11T20:29:45.687Z,MCT2408039,15.163611,74.110833,29,384.1373333333334,463.26666666666665,86.03084266666666,11.218666666666667,10.3,9.019999999999998,28.94,11.759999999999998,2.3,27.425592666666663
2026-08-11T20:00:00.000Z,MCT2408026,15.2467,74.198281,32.48,126.932652,508,85.10290480000002,13.558074000000003,12.5,4.730000000000003,15.3192,8.522400000000003,1.9936000000000005,28.848167599999996
2026-08-11T20:10:00.000Z,MCT2408026,15.2467,74.198281,32.416666666666664,125.54721666666667,507.8333333333333,85.39919249999998,13.489043333333335,12.5,4.730000000000003,15.393750000000004,8.595833333333331,1.8754166666666672,28.730656249999992
2026-08-11T20:20:00.000Z,MCT2408026,15.2467,74.198281,32.416666666666664,125.421925,504.5416666666667,85.88238708333334,13.522555833333335,12.5,4.730000000000003,14.992499999999994,8.192916666666667,1.89,28.582293749999995
2026-08-11T20:29:45.703Z,MCT2408026,15.2467,74.198281,32.21739130434783,125,507.60869565217394,85.84132521739127,13.34920130434783,12.5,4.730000000000003,15.222173913043479,8.424782608695653,2.0882608695652167,28.584740869565216
2026-08-11T20:40:00.000Z,MCT2408028,15.186944,74.096667,41.85,618.4169999999999,463.8,93.20692650000002,18.2825,12.561500000000004,4.989999999999999,17.3015,10.340999999999998,2.113,26.879683500000006
2026-08-11T20:50:00.000Z,MCT2408028,15.186944,74.096667,41.84,618.5096000000001,468.72,93.1989132,18.2752,12.421599999999998,4.989999999999998,15.987200000000003,9.026799999999998,1.9764,26.921083600000003
2026-08-11T21:00:00.000Z,MCT2408028,15.186944,74.096667,40.84,603.6835999999998,469.16,92.36578360000001,17.727999999999994,12.788000000000006,4.989999999999998,15.511200000000004,8.551200000000001,1.6260000000000008,26.895342799999998
2026-08-11T21:10:00.000Z,MCT2408028,15.186944,74.096667,40.2,586.4752000000001,441.76,91.54211359999998,17.283200000000008,13.514000000000001,4.989999999999998,14.555200000000003,7.594799999999999,0.32839999999999997,26.2750036
2026-08-11T21:20:00.000Z,MCT2408028,15.186944,74.096667,41.458333333333336,603.4333333333334,444.4166666666667,92.67254874999998,17.914583333333336,13.529583333333335,4.989999999999998,14.332500000000005,7.371666666666665,0.8016666666666666,25.972965416666664
2026-08-11T21:30:00.000Z,MCT2408028,15.186944,74.096667,41.68,612.0504,449.36,93.10644520000004,18.132799999999996,13.257600000000002,4.989999999999998,14.316000000000004,7.355999999999999,1.3651999999999997,25.954963999999997
2026-08-11T21:31:41.327Z,MCT2408028,15.186944,74.096667,41.5,611.0625,458.5,93.26605,17.955,12.935,4.99,15.905,8.945,1.7774999999999999,25.95196
2026-08-11T20:40:00.000Z,MCT2408020,15.543475,74.039433,22.76923076923077,180,531.3076923076923,88.88854076923076,9.310477846153846,19.57132923076923,5.7823076923076915,18.496923076923075,9.862307692307692,3.659999999999999,27.40397769230769
2026-08-11T20:50:00.000Z,MCT2408020,15.543475,74.039433,22.6875,180,532.4375,88.97118000000002,9.316089750000002,19.500949374999998,6.088750000000001,19.630624999999995,10.685,3.6599999999999984,27.416611874999997
2026-08-11T21:00:00.000Z,MCT2408020,15.543475,74.039433,22.9375,180,533.9375,89.0031275,9.474355375000002,19.701906875,5.742499999999998,18.930625,10.336249999999998,3.6599999999999984,27.42599499999999
2026-08-11T21:10:00.000Z,MCT2408020,15.543475,74.039433,23.4375,180,536.5,89.1557175,9.3592649375,19.8156775,7.4781249999999995,22.776250000000008,12.19625,3.6599999999999984,27.395161875000007
2026-08-11T21:20:00.000Z,MCT2408020,15.543475,74.039433,25.375,180,539.375,89.15714499999999,9.398539062500001,19.691806874999997,8.989374999999999,27.96,15.160625000000001,3.6599999999999984,27.43470875
2026-08-11T21:30:00.000Z,MCT2408020,15.543475,74.039433,25.25,180,547.25,89.19005062499998,9.478777437500002,19.92246875,8.697499999999998,27.4375,14.811874999999999,3.6599999999999984,27.418621249999994
2026-08-11T21:31:41.328Z,MCT2408020,15.543475,74.039433,23.666666666666668,180,552.6666666666666,89.15889666666665,9.90706,19.620563333333333,8.04,24.540000000000003,13.01,3.66,27.41058
2026-08-11T20:40:00.000Z,MCT2408056,15.579167,73.920833,20.46153846153846,180,751.0769230769231,90.30878,6.7423076923076914,10.588479153846153,5.702307692307693,19.688461538461535,11.894615384615387,1.5792307692307692,27.64075153846153
2026-08-11T20:50:00.000Z,MCT2408056,15.579167,73.920833,20.5,180,754.9375,90.18568437499998,6.8925,11.099618000000001,5.92375,19.81,11.773125000000004,1.6218749999999997,27.692107500000006
2026-08-11T21:00:00.000Z,MCT2408056,15.579167,73.920833,20.875,180,751.0625,90.27723562499999,6.868749999999999,11.8575410625,6.099999999999999,20.665625,12.358750000000002,1.7406249999999999,27.682722499999997
2026-08-11T21:10:00.000Z,MCT2408056,15.579167,73.920833,20.6875,180,752.25,90.07601124999998,7.116250000000001,11.602112187499998,6.099999999999998,20.381249999999998,12.066250000000002,1.6524999999999999,27.700150000000004
2026-08-11T21:20:00.000Z,MCT2408056,15.579167,73.920833,20.25,180,757.5625,90.12703187499997,7.0325,11.614582749999999,5.630000000000001,19.299999999999997,11.481875,1.63625,27.673341249999996
2026-08-11T21:30:00.000Z,MCT2408056,15.579167,73.920833,20.75,180,762.25,90.03643312500002,7.09375,11.8218894375,6.217499999999999,20.436875,12.123750000000003,1.5731249999999997,27.686075000000002
2026-08-11T21:31:41.336Z,MCT2408056,15.579167,73.920833,21,180,770.6666666666666,89.93455,6.956666666666667,14.033646666666668,6.57,20.95,12.183333333333332,1.5599999999999998,27.700149999999997
2026-08-11T20:40:00.000Z,MCT2408057,15.272222,74.104722,29.80952380952381,344.112857142857,460.85714285714283,85.74346904761907,12.336666666666666,8.940000000000001,3.492857142857142,11.604285714285714,6.616666666666669,2.373333333333333,28.376857619047623
2026-08-11T20:50:00.000Z,MCT2408057,15.272222,74.104722,29.96,333.61879999999996,470.76,86.1121232,12.418399999999997,9.018000000000002,4.7908,14.949599999999997,8.304000000000002,2.0724,28.4517716
2026-08-11T21:00:00.000Z,MCT2408057,15.272222,74.104722,30.041666666666668,348.92041666666677,454.25,85.27585041666666,12.602916666666665,9.015833333333335,3.1045833333333324,10.177500000000004,5.880000000000002,2.389583333333333,28.468788750000005
2026-08-11T21:10:00.000Z,MCT2408057,15.272222,74.104722,30,350.8104,448.44,83.78942920000001,12.541200000000002,8.955600000000002,3.003999999999999,9.228800000000003,5.112800000000002,2.2843999999999998,28.537141199999997
2026-08-11T21:20:00.000Z,MCT2408057,15.272222,74.104722,29.96,350.5624,440.76,84.13061639999997,12.4352,9.0164,2.9799999999999995,8.956399999999999,4.892000000000003,2.4168000000000003,28.451771200000007
2026-08-11T21:30:00.000Z,MCT2408057,15.272222,74.104722,30,350.15600000000006,442.92,84.44586039999999,12.507200000000003,8.954000000000002,2.9799999999999995,8.9796,4.914400000000001,2.53,28.429034400000006
2026-08-11T21:31:41.336Z,MCT2408057,15.272222,74.104722,30,348.005,447,84.8203125,12.5,8.870000000000001,2.98,8.34,4.29,2.3525,28.391925
2026-08-11T20:40:00.000Z,MCT2408055,15.585833,73.885556,19.5,100.60214285714287,659.4285714285714,89.62138000000002,8.617857142857144,30.242639999999998,5.045000000000001,15.697142857142852,9.297142857142859,1.2457142857142856,27.378402142857137
2026-08-11T20:50:00.000Z,MCT2408055,15.585833,73.885556,19.266666666666666,102.43066666666665,652.4666666666667,89.74839266666666,8.484666666666667,26.992368,4.851333333333335,15.526,9.314666666666664,1.4479999999999997,27.417012666666658
2026-08-11T21:00:00.000Z,MCT2408055,15.585833,73.885556,19.5,101.40437500000002,657.6875,89.74937937499999,8.6425,28.6092575,5.158750000000001,15.666249999999998,9.157499999999995,1.3475000000000001,27.442753125000003
2026-08-11T21:10:00.000Z,MCT2408055,15.585833,73.885556,19.375,101.52624999999999,663.25,89.68500875,8.501250000000002,29.54795,5.029375000000001,15.749374999999999,9.370624999999999,1.311875,27.468223124999998
2026-08-11T21:20:00.000Z,MCT2408055,15.585833,73.885556,19.3125,102.74187500000002,652,89.62539937499999,8.4675,29.426289375000003,5.332500000000001,16.654999999999998,9.922499999999998,1.32,27.49503749999999
2026-08-11T21:30:00.000Z,MCT2408055,15.585833,73.885556,19.5625,103.29875000000001,649.375,89.623015,8.703750000000003,29.466843124999997,5.461875000000002,16.736250000000002,9.881249999999998,1.2237500000000001,27.491684375000006
2026-08-11T21:31:41.385Z,MCT2408055,15.585833,73.885556,19.333333333333332,91.39666666666666,658.3333333333334,89.63446,8.576666666666668,31.940203333333333,5.13,15.13,8.633333333333333,1.2866666666666664,27.482076666666668
2026-08-11T20:40:00.000Z,MCT2408053,15.263333,74.110833,42,182.11364615384613,721.7692307692307,93.85821076923078,15.918461538461539,25.455384615384617,5.792307692307692,18.172307692307694,10.845384615384619,6.15076923076923,26.859471538461545
2026-08-11T20:50:00.000Z,MCT2408053,15.263333,74.110833,43.6875,220.94805624999998,727.1875,93.63035312499998,17.395625,27.64125,4.590000000000002,12.639999999999999,6.770000000000001,5.895625,26.885718124999997
2026-08-11T21:00:00.000Z,MCT2408053,15.263333,74.110833,47.8125,247.73577499999996,707.375,92.57034625,20.746250000000003,26.405,4.590000000000002,11.851874999999996,5.851875,6.604375,26.824720000000003
2026-08-11T21:10:00.000Z,MCT2408053,15.263333,74.110833,47.3125,255.48914999999997,697,92.29998,20.304375000000007,23.665000000000003,4.590000000000002,11.730624999999996,5.710625,6.561875,26.730875625000007
2026-08-11T21:20:00.000Z,MCT2408053,15.263333,74.110833,46.5625,252.50070625000006,719.375,92.513603125,19.786250000000006,24.938750000000006,4.590000000000002,11.730624999999996,5.710625,6.399375,26.691325625
2026-08-11T21:30:00.000Z,MCT2408053,15.263333,74.110833,46.25,247.6787625,710.375,93.11823187499999,19.613125000000004,25.859375000000004,4.590000000000002,11.669999999999996,5.64,6.345,26.652443125000005
2026-08-11T21:31:41.577Z,MCT2408053,15.263333,74.110833,50.666666666666664,248.35209999999998,733.6666666666666,93.15924,23.346666666666668,26.613333333333333,4.59,11.67,5.64,6.183333333333333,26.659816666666668
2026-08-11T20:40:00.000Z,MCT2408052,15.444425,74.063856,23.857142857142858,160,733.2142857142857,88.67588142857144,3.741102857142858,8,9.007857142857144,25.048571428571428,11.713571428571429,2,27.44581571428571
2026-08-11T20:50:00.000Z,MCT2408052,15.444425,74.063856,24.0625,160,702.5625,88.94876937499998,3.768026375000001,8,8.92625,24.978749999999998,11.737500000000002,2,27.43337
2026-08-11T21:00:00.000Z,MCT2408052,15.444425,74.063856,23.75,160,708.5625,89.21865999999999,3.7049561875000006,8,8.926874999999999,24.698124999999997,11.478124999999999,2,27.468224375000002
2026-08-11T21:10:00.000Z,MCT2408052,15.444425,74.063856,24.1875,160,729.5,89.13187375,3.734254375000001,8,9.239375,25.496875,11.823750000000002,2,27.547320000000006
2026-08-11T21:20:00.000Z,MCT2408052,15.444425,74.063856,23.6,160,732.8,89.11209933333333,3.7616375333333334,8,8.83,24.20666666666667,11.115333333333334,2,27.589326666666658
2026-08-11T21:30:00.000Z,MCT2408052,15.444425,74.063856,23.3125,160,748.3125,89.08037500000002,3.8199124375000006,8,8.569374999999999,23.727500000000003,11.002499999999998,2,27.601618125000005
2026-08-11T21:31:41.582Z,MCT2408052,15.444425,74.063856,23.666666666666668,160,748.3333333333334,89.14618,3.686783666666667,8,8.806666666666667,24.48333333333333,11.39,2,27.589326666666665
2026-08-11T20:40:00.000Z,MCT2408021,15.500556,74.053333,48,375,504.53846153846155,89.41848923076924,20.932307692307692,14.205160769230767,2.86,9.297692307692309,5.895384615384614,4.207692307692307,27.170496923076925
2026-08-11T20:50:00.000Z,MCT2408021,15.500556,74.053333,48,375,508.25,89.49570062500001,20.858125,14.238683124999998,2.9187499999999997,9.486249999999998,6.039999999999999,4.249375000000001,27.173951875000004
2026-08-11T21:00:00.000Z,MCT2408021,15.500556,74.053333,48.375,375,505.5625,89.586778125,21.080624999999998,14.212976250000002,2.86,9.239999999999998,5.8306249999999995,4.280625000000001,27.188029999999998
2026-08-11T21:10:00.000Z,MCT2408021,15.500556,74.053333,48.125,375,510.875,89.56627312500001,20.891875000000002,14.225259999999999,2.9187499999999997,9.456250000000002,6.01,4.2425,27.221546250000003
2026-08-11T21:20:00.000Z,MCT2408021,15.500556,74.053333,48.1875,375,517.625,89.53241875,21.028750000000002,14.22411875,2.9187499999999997,9.266874999999999,5.801249999999999,4.24125,27.231603125000007
2026-08-11T21:30:00.000Z,MCT2408021,15.500556,74.053333,48.0625,375,525.3125,89.47328812500001,20.974375000000006,14.191567499999998,2.86,9.348125,5.949999999999999,4.253125,27.229592499999995
2026-08-11T21:31:41.585Z,MCT2408021,15.500556,74.053333,48,375,528,89.493315,21.08,14.040485,3.0949999999999998,9.350000000000001,5.71,4.359999999999999,27.2068
2026-08-11T20:40:00.000Z,MCT2408051,15.486528,74.033889,52.07692307692308,345.55307692307696,527.7692307692307,98.18701230769231,22.11538461538461,5.1899999999999995,3.8253846153846145,12.90692307692308,7.23076923076923,4.39,26.552566153846154
2026-08-11T20:50:00.000Z,MCT2408051,15.486528,74.033889,52,341.8575000000001,538.8125,98.047299375,22.069999999999997,5.1899999999999995,3.8074999999999983,13.011249999999999,7.3531249999999995,4.39,26.589435624999997
2026-08-11T21:00:00.000Z,MCT2408051,15.486528,74.033889,51.9375,334.25812499999995,544.625,97.89518749999998,22.02375,5.1899999999999995,4.39125,14.526249999999997,8.12875,4.39,26.598818125
2026-08-11T21:10:00.000Z,MCT2408051,15.486528,74.033889,52.125,335.8081249999999,541.5625,97.78551500000002,22.146874999999998,5.1899999999999995,3.807499999999999,13.631874999999997,7.973749999999999,4.39,26.609543749999997
2026-08-11T21:20:00.000Z,MCT2408051,15.486528,74.033889,52.0625,335.0200000000001,541.6875,97.68871625,22.106874999999995,5.1899999999999995,3.8074999999999988,13.205,7.547499999999999,4.39,26.62562999999999
2026-08-11T21:30:00.000Z,MCT2408051,15.486528,74.033889,52.1875,334.04875000000004,535.4375,97.60336437500001,22.18375,5.1899999999999995,3.8849999999999993,13.476875,7.741874999999999,4.39,26.606863125
2026-08-11T21:31:41.632Z,MCT2408051,15.486528,74.033889,52,332.56666666666666,539.3333333333334,97.59446333333334,22.070000000000004,5.19,3.73,12.43,6.849999999999999,4.39,26.595469999999995
2026-08-11T20:40:00.000Z,MCT2408030,15.142519,74.075003,26,167.414675,435,85.20813833333332,8.938333333333334,6.200000000000002,9.370000000000001,24.639999999999997,12.31,3.775,27.11742083333333
2026-08-11T20:50:00.000Z,MCT2408030,15.142519,74.075003,26,168.17759375,435.0625,85.17126499999998,9.172500000000001,6.200000000000002,9.370000000000001,24.639999999999993,12.31,3.8587499999999997,27.153842500000003
2026-08-11T21:00:00.000Z,MCT2408030,15.142519,74.075003,26,169.27965625,430.4375,85.09210875,8.98375,6.200000000000002,9.370000000000001,24.639999999999993,12.31,3.85875,27.1840075
2026-08-11T21:10:00.000Z,MCT2408030,15.142519,74.075003,26,168.44851999999997,435,85.09140933333333,9.030666666666667,6.200000000000002,9.370000000000001,24.639999999999993,12.31,3.9266666666666667,27.175338666666672
2026-08-11T21:20:00.000Z,MCT2408030,15.142519,74.075003,26,167.35190624999998,432.625,85.08638625,9.005625000000002,6.200000000000002,9.370000000000001,24.639999999999993,12.31,3.975625,27.174623749999995
2026-08-11T21:30:00.000Z,MCT2408030,15.142519,74.075003,26,167.71395333333336,432.3333333333333,85.0400346666667,8.992666666666668,6.200000000000002,9.370000000000001,24.639999999999993,12.31,3.8793333333333337,27.178913333333337
2026-08-11T21:31:41.834Z,MCT2408030,15.142519,74.075003,26,168.27133333333333,436,85.04156,8.866666666666667,6.2,9.37,24.64,12.31,4.11,27.160323333333334
2026-08-11T20:40:00.000Z,MCT2408034,15.356389,74.123611,41.8,198.839725,495.9,78.4993605,6.769000000000001,4.767,16.131999999999998,51.4865,27.754,1.3594999999999997,30.340136
2026-08-11T20:50:00.000Z,MCT2408034,15.356389,74.123611,51.4,188.48789200000002,483.6,78.7225952,6.6448,4.597599999999998,20.6336,68.04799999999999,37.69320000000002,1.3696000000000002,30.30506639999999
2026-08-11T21:00:00.000Z,MCT2408034,15.356389,74.123611,31.04,186.773196,484.64,78.7402976,6.3400000000000025,4.2776,12.213199999999999,38.1124,20.101999999999997,1.2543999999999995,30.333378800000002
2026-08-11T21:10:00.000Z,MCT2408034,15.356389,74.123611,33.083333333333336,180,489.4166666666667,78.71012041666665,6.334583333333334,5.194999999999999,12.455416666666666,41.967083333333335,23.48,1.1666666666666665,30.37472458333333
2026-08-11T21:20:00.000Z,MCT2408034,15.356389,74.123611,23.88,189.482468,483.84,78.62219200000001,6.4284,4.8648,7.473599999999997,23.8964,12.902000000000001,1.3555999999999997,30.422610799999994
2026-08-11T21:30:00.000Z,MCT2408034,15.356389,74.123611,23.75,195.83825416666664,481.2916666666667,78.62810583333335,6.634583333333333,5.083749999999999,7.7087499999999975,23.6425,12.229583333333332,1.3866666666666667,30.42432708333334
2026-08-11T21:31:41.833Z,MCT2408034,15.356389,74.123611,32,180,480.75,78.6881875,6.435,5.4325,12.305,40.325,22.035,1.31,30.4216475
2026-08-11T20:40:00.000Z,MCT2408050,15.553611,73.958333,27.692307692307693,86.02999999999999,561,92.45733615384617,11.427692307692308,3.9838461538461543,5.090000000000002,17.106923076923078,9.357692307692307,2.7476923076923083,27.222474615384616
2026-08-11T20:50:00.000Z,MCT2408050,15.553611,73.958333,27.75,86.02999999999999,573.8125,92.45638187500002,11.567500000000003,3.9862500000000005,5.515000000000001,18.084375,9.890625,2.7393750000000003,27.23361375
2026-08-11T21:00:00.000Z,MCT2408050,15.553611,73.958333,27.9375,86.02999999999999,562.5625,92.42157437499998,11.739375000000003,3.9525000000000006,5.568125,18.246250000000003,10.04875,2.8218750000000004,27.24031812500001
2026-08-11T21:10:00.000Z,MCT2408050,15.553611,73.958333,27.8125,86.02999999999999,558.875,92.46592000000001,11.513750000000002,3.9093750000000007,5.2493750000000015,17.334375,9.410000000000002,2.7725,27.230261874999997
2026-08-11T21:20:00.000Z,MCT2408050,15.553611,73.958333,27.6875,86.02999999999999,567.125,92.50549687499998,11.519375000000002,4.048125,4.611875000000001,15.458124999999999,8.71625,2.746875,27.195403125000006
2026-08-11T21:30:00.000Z,MCT2408050,15.553611,73.958333,27.875,86.02999999999999,570.25,92.5202775,11.719375000000003,3.933125,4.877500000000001,16.743750000000002,9.464375000000004,2.7731250000000003,27.175292500000005
2026-08-11T21:31:41.830Z,MCT2408050,15.553611,73.958333,28,86.03,566,92.57178,11.725000000000001,3.93,4.24,14.17,8.075,2.615,27.179985000000002
2026-08-11T20:40:00.000Z,MCT2408029,15.333611,74.206944,12,270.5630846153846,585.0769230769231,92.58997076923076,3.191538461538461,7.167692307692308,2.94,9.071538461538463,5.113846153846154,3.5,27.215046153846153
2026-08-11T20:50:00.000Z,MCT2408029,15.333611,74.206944,12.0625,280.79626874999997,590,92.59561937499997,2.943749999999999,7.168750000000001,2.9399999999999995,9.032499999999999,5.07375,3.530625,27.173951874999997
2026-08-11T21:00:00.000Z,MCT2408029,15.333611,74.206944,12,283.970425,599.625,92.60610874999996,2.914999999999999,7.1475,2.9399999999999995,8.70625,4.74625,3.5,27.155182499999995
2026-08-11T21:10:00.000Z,MCT2408029,15.333611,74.206944,12,283.54087999999996,603.0666666666667,92.65875133333331,2.7273333333333336,7.177333333333333,2.9399999999999995,8.902000000000003,4.943333333333334,3.5,27.11956666666667
2026-08-11T21:20:00.000Z,MCT2408029,15.333611,74.206944,12.1875,280.65288125,606.4375,92.85406437499998,2.7881249999999995,7.28375,2.9399999999999995,8.8875,4.928124999999999,3.5,27.10423875
2026-08-11T21:30:00.000Z,MCT2408029,15.333611,74.206944,12,278.51009375,600.75,92.926065,3.156249999999999,7.175,2.9399999999999995,8.92375,4.9643749999999995,3.5,27.115634375000003
2026-08-11T21:31:41.881Z,MCT2408029,15.333611,74.206944,12,282.1628666666666,600,92.98376333333333,2.0233333333333334,7.253333333333333,2.94,8.863333333333333,4.903333333333333,3.5,27.13172333333333
2026-08-11T20:40:00.000Z,MCT2408043,15.221111,74.087222,33,205.10923076923075,504,86.41192230769231,14.143846153846154,10.543076923076926,7.89307692307692,30.106153846153845,18.32769230769231,5.29,27.68695230769231
2026-08-11T20:50:00.000Z,MCT2408043,15.221111,74.087222,33,210.44875,490.3125,85.49646750000002,14.1325,10.1075,6.885624999999999,23.575,13.450000000000001,5.290000000000001,27.852316249999998
2026-08-11T21:00:00.000Z,MCT2408043,15.221111,74.087222,33,218.13199999999998,487.6666666666667,85.69413133333335,14.105333333333332,10.135333333333332,6.329999999999999,19.740000000000002,10.676666666666668,5.290000000000001,27.146023333333336
2026-08-11T21:10:00.000Z,MCT2408043,15.221111,74.087222,33,202.550625,474.4375,86.7033425,14.125625,10.37375,6.329999999999999,19.87375,10.81,5.290000000000001,26.749644999999997
2026-08-11T21:20:00.000Z,MCT2408043,15.221111,74.087222,33,205.50125000000003,477.1875,86.80967500000001,14.174999999999999,10.355,6.329999999999999,19.6325,10.57,5.290000000000001,26.757018125000002
2026-08-11T21:30:00.000Z,MCT2408043,15.221111,74.087222,33,201.59874999999997,466.625,86.71001812499999,14.202499999999997,10.32875,7.281875,25.910625,15.291875000000001,5.290000000000001,26.81265375
2026-08-11T21:31:42.039Z,MCT2408043,15.221111,74.087222,33,191.45499999999998,493,86.71621999999999,14.17,10.43,8.87,30.255,17.29,5.29,26.885044999999998
2026-08-11T20:40:00.000Z,MCT2408027,15.275556,74.1075,25.384615384615383,1170.7615384615385,602.3846153846154,90.97664692307693,6.579999999999999,12.746153846153849,5.463076923076924,19.335384615384612,11.40230769230769,2.95,27.29672769230769
2026-08-11T20:50:00.000Z,MCT2408027,15.275556,74.1075,25.8125,1168.1931249999998,624.375,91.2518925,6.579999999999999,12.800625000000005,5.794375000000001,19.775,11.365,2.9500000000000006,27.27651625
2026-08-11T21:00:00.000Z,MCT2408027,15.275556,74.1075,25.1875,1170.1543749999996,625.25,91.259521875,6.579999999999999,12.707500000000005,5.485625000000002,18.480625,10.622499999999999,2.9500000000000006,27.208139375000002
2026-08-11T21:10:00.000Z,MCT2408027,15.275556,74.1075,24,1172.1906250000002,614.5,91.00012187500002,6.579999999999999,12.768750000000006,4.991875,16.326875,9.324375,2.9500000000000006,27.14378874999999
2026-08-11T21:20:00.000Z,MCT2408027,15.275556,74.1075,24,1172.68625,611.125,90.88281875000001,6.579999999999999,12.827500000000004,4.991875,16.203125,9.20125,2.9500000000000006,27.131723124999994
2026-08-11T21:30:00.000Z,MCT2408027,15.275556,74.1075,28.75,1166.75625,608.125,90.87805,6.579999999999999,12.832500000000005,8.260625,25.875000000000004,14.019375,2.9500000000000006,27.125019375
2026-08-11T21:31:42.088Z,MCT2408027,15.275556,74.1075,26.666666666666668,1169.3333333333333,632.3333333333334,90.95180666666666,6.580000000000001,12.71,6.903333333333333,22.340000000000003,12.516666666666666,2.9500000000000006,27.12457333333333
2026-08-11T20:40:00.000Z,MCT2408040,15.528056,74.020833,19,100,483.6923076923077,88.78349000000001,8.164615384615386,4.853076923076923,3.07,8.42,3.729999999999999,3.5,27.59455461538462
2026-08-11T20:50:00.000Z,MCT2408040,15.528056,74.020833,19,100,483.375,88.81525500000001,8.025625000000002,4.849375000000001,3.07,8.5075,3.8368749999999996,3.5,27.606979375
2026-08-11T21:00:00.000Z,MCT2408040,15.528056,74.020833,18.9375,100,472.25,88.85673750000002,7.989375,4.800625,3.07,9.054375,4.371875000000001,3.5,27.567431250000006
2026-08-11T21:10:00.000Z,MCT2408040,15.528056,74.020833,18.9375,100,468,88.87390437500002,8.13625,4.830000000000001,3.07,8.42,3.737499999999999,3.5,27.574133125000003
2026-08-11T21:20:00.000Z,MCT2408040,15.528056,74.020833,19.0625,100,471.875,88.89154812500003,8.164375,4.8175,3.07,8.42,3.7299999999999986,3.5,27.566088750000006
2026-08-11T21:30:00.000Z,MCT2408040,15.528056,74.020833,18.9375,100,480.625,88.87676562500002,8.103750000000002,4.900625,3.07,8.42,3.7299999999999986,3.5,27.623066250000004
2026-08-11T21:31:42.090Z,MCT2408040,15.528056,74.020833,19,100,486.3333333333333,88.86389000000001,8.076666666666666,4.923333333333333,3.07,8.42,3.73,3.5,27.64653
2026-08-11T20:40:00.000Z,MCT2408023,15.499722,74.020833,38.53846153846154,242.83076923076925,530.4615384615385,91.02887846153845,9.415384615384616,20.059230769230773,11.31076923076923,40.624615384615396,28.21923076923077,5.516153846153847,26.86359692307693
2026-08-11T20:50:00.000Z,MCT2408023,15.499722,74.020833,34.3125,244.94437499999998,530.5,90.91286187499999,9.244999999999997,20.142500000000002,9.02875,33.088125000000005,23.01875,5.569375,26.891079374999993
2026-08-11T21:00:00.000Z,MCT2408023,15.499722,74.020833,30.1875,240.29562499999997,533.375,90.86231625000002,8.838125,21.425,7.208125000000001,26.4375,18.396874999999998,5.805,26.902474374999994
2026-08-11T21:10:00.000Z,MCT2408023,15.499722,74.020833,25.5625,248.436875,532.8125,90.80366500000002,9.830624999999998,20.072499999999998,6.418750000000001,20.737499999999997,13.412500000000003,5.501250000000001,26.901805624999987
2026-08-11T21:20:00.000Z,MCT2408023,15.499722,74.020833,25.125,253.51,529.9375,90.708774375,9.939374999999998,20.128750000000004,6.340000000000002,19.63125,12.325,5.68625,26.875661875000006
2026-08-11T21:30:00.000Z,MCT2408023,15.499722,74.020833,24.5625,253.30874999999997,531.6875,90.6653825,9.93625,19.67875,6.340000000000002,19.076874999999998,11.690625,5.75625,26.850191249999998
2026-08-11T21:31:42.088Z,MCT2408023,15.499722,74.020833,24.666666666666668,256.9866666666667,529,90.71783333333333,9.799999999999999,20.19333333333333,6.34,19.843333333333334,12.566666666666668,5.55,26.820696666666663
2026-08-11T20:40:00.000Z,MCT2408049,15.475278,74.055833,56.92307692307692,150,514.6923076923077,87.74295692307693,24.322307692307692,11.243076923076924,5.426153846153847,16.970769230769232,9.267692307692311,2.61,27.774404615384615
2026-08-11T20:50:00.000Z,MCT2408049,15.475278,74.055833,56.375,150,515.625,87.69754625,24.100625,10.810625,5.081250000000001,16.374375,9.016875000000002,2.61,27.80673625
2026-08-11T21:00:00.000Z,MCT2408049,15.475278,74.055833,56.6875,150.0026375,518.375,87.70231375000002,24.218124999999993,11.3425,5.080625,16.229374999999997,8.873125000000002,2.61,27.827518750000007
2026-08-11T21:10:00.000Z,MCT2408049,15.475278,74.055833,56.6875,150,526.125,87.73426250000001,24.110000000000007,11.100000000000001,4.888749999999999,15.7025,8.536249999999999,2.61,27.812099999999997
2026-08-11T21:20:00.000Z,MCT2408049,15.475278,74.055833,56.625,150,540.6875,87.91737062500002,24.175625,10.449375,4.744374999999999,15.031250000000002,8.055625,2.61,27.707525625000002
2026-08-11T21:30:00.000Z,MCT2408049,15.475278,74.055833,56.375,150,541.875,87.87779312500001,24.034375,10.326875,4.696249999999999,15.080624999999998,8.104999999999999,2.61,27.680043749999996
2026-08-11T21:31:42.129Z,MCT2408049,15.475278,74.055833,57,150,536.3333333333334,88.00177000000001,24.393333333333334,12.81,4.8566666666666665,15.833333333333334,8.696666666666667,2.61,27.650103333333334
2026-08-11T20:40:00.000Z,MCT2408044,15.313669,74.140042,24.833333333333332,214.29,502.0833333333333,90.45907166666666,11.005,3.4291666666666667,2.8700000000000006,7.583333333333333,4.41,3.5363247500000003,27.380191666666672
2026-08-11T20:50:00.000Z,MCT2408044,15.313669,74.140042,24.875,214.29,500.4375,90.71688000000002,11.036875,3.4025,2.8699999999999997,7.65625,4.489375000000001,3.7706731250000005,27.339525
2026-08-11T21:00:00.000Z,MCT2408044,15.313669,74.140042,24.785714285714285,214.29,518.3571428571429,90.77505428571429,11.019285714285713,3.701428571428572,2.87,7.535714285714286,4.3585714285714285,3.6581499999999996,27.372274285714294
2026-08-11T21:10:00.000Z,MCT2408044,15.313669,74.140042,24.666666666666668,214.29,514.6666666666666,90.54693466666669,10.967333333333334,3.523333333333333,2.8699999999999997,7.7,4.536666666666666,3.7335896000000006,27.44203733333334
2026-08-11T21:20:00.000Z,MCT2408044,15.313669,74.140042,24.5625,214.29,507.75,90.63867937500001,10.87875,3.34625,2.8699999999999997,7.84375,4.6925,3.5977563749999995,27.455488749999994
2026-08-11T21:30:00.000Z,MCT2408044,15.313669,74.140042,24.428571428571427,214.29,497.7142857142857,90.82301,10.860000000000001,3.32,2.87,8.357142857142858,5.252142857142857,3.7547619285714284,27.417472142857143
2026-08-11T21:31:42.290Z,MCT2408044,15.313669,74.140042,24.333333333333332,214.29,503.3333333333333,90.46606666666666,10.68,3.32,2.8699999999999997,7.5,4.32,4.03547,27.4928
2026-08-11T20:40:00.000Z,MCT2408037,15.394444,74.118333,25.642857142857142,160.43157857142856,482.2857142857143,85.92003500000001,10.887857142857143,214.03785714285718,3.8257142857142847,14.134285714285719,7.4957142857142856,3.5107142857142857,27.012982142857144
2026-08-11T20:50:00.000Z,MCT2408037,15.394444,74.118333,25.533333333333335,160.27935333333335,488.06666666666666,86.03745333333335,10.866666666666669,214.426,4.016,15.265333333333333,8.193333333333332,3.631333333333333,26.997302666666666
2026-08-11T21:00:00.000Z,MCT2408037,15.394444,74.118333,25.1875,160,491.4375,86.26799125000001,10.580000000000002,214.96375000000003,6.178750000000001,22.947500000000005,12.17875,3.4406250000000007,26.951408125
2026-08-11T21:10:00.000Z,MCT2408037,15.394444,74.118333,25.375,160,492.625,86.32521375000002,10.74625,215.10625000000005,7.060625000000002,25.504375,13.302500000000002,3.5381249999999995,26.991628125000005
2026-08-11T21:20:00.000Z,MCT2408037,15.394444,74.118333,25.125,160,483.625,86.353343125,10.535000000000002,214.69437500000004,5.249375000000001,20.188125000000003,10.911875,3.539375,27.032516250000008
2026-08-11T21:30:00.000Z,MCT2408037,15.394444,74.118333,25.3125,160,497.9375,86.297554375,10.57875,214.83125000000004,4.1825,16.660625,9.178125,3.4968749999999997,27.071395000000006
2026-08-11T21:31:42.340Z,MCT2408037,15.394444,74.118333,25.333333333333332,160,500.3333333333333,86.27753,10.623333333333333,214.53333333333333,4.213333333333334,15.81,8.243333333333334,3.323333333333333,27.078099999999996
2026-08-11T20:40:00.000Z,MCT2408041,15.224628,74.171389,32.84615384615385,440.2686076923076,474.6923076923077,90.31289000000001,13.803846153846154,9.700000000000001,8.090000000000002,20.25,8.900000000000002,7.873846153846154,27.271150769230765
2026-08-11T20:50:00.000Z,MCT2408041,15.224628,74.171389,32.5625,448.21995000000004,470.6875,90.44556187500002,13.574375,9.7,8.090000000000002,20.25,8.900000000000002,7.943749999999999,27.205456875
2026-08-11T21:00:00.000Z,MCT2408041,15.224628,74.171389,32.4375,452.063475,473.5,90.70686687500002,13.545625,9.7,8.090000000000002,20.4525,9.101875000000001,7.954375,27.127029375000003
2026-08-11T21:10:00.000Z,MCT2408041,15.224628,74.171389,32.3125,466.2688875,454,90.58002937499998,13.4375,9.7,8.090000000000002,20.55375,9.202500000000002,8.14,26.88705625
2026-08-11T21:20:00.000Z,MCT2408041,15.224628,74.171389,32.5,475.77285625,436.5,90.87519124999999,13.550624999999998,9.7,8.090000000000002,20.25,8.900000000000002,8.166875,26.531788125000006
2026-08-11T21:30:00.000Z,MCT2408041,15.224628,74.171389,32.5625,471.75261875,435.4375,91.21183875,13.634374999999995,9.7,8.090000000000002,20.25,8.900000000000002,8.014375,26.445315625000006
2026-08-11T21:31:42.347Z,MCT2408041,15.224628,74.171389,33,467.8609,441.5,91.25189,13.79,9.7,8.09,20.25,8.9,7.99,26.439954999999998
2026-08-11T20:40:00.000Z,MCT2408042,15.213889,74.071667,61,288.8485714285714,461.64285714285717,88.28133357142858,26.034285714285712,13.727857142857143,5.264999999999999,19.21857142857143,11.64857142857143,3.4307142857142865,28.217256428571424
2026-08-11T20:50:00.000Z,MCT2408042,15.213889,74.071667,61.1875,303.28875000000005,462.375,86.34190000000002,26.156875000000007,14.74375,10.976875000000005,32.089999999999996,16.286875,4.833124999999999,28.113071249999997
2026-08-11T21:00:00.000Z,MCT2408042,15.213889,74.071667,61,308.58866666666665,450.6,86.83345466666668,25.84133333333334,14.421333333333335,4.731999999999999,15.259999999999998,8.563999999999998,4.766666666666667,27.347656000000004
2026-08-11T21:10:00.000Z,MCT2408042,15.213889,74.071667,61.3125,299.04499999999996,450.5,88.311236875,26.061249999999998,14.631875,4.606874999999999,15.502500000000001,8.996250000000002,4.153125000000001,27.011736874999997
2026-08-11T21:20:00.000Z,MCT2408042,15.213889,74.071667,60.8125,295.168125,454.9375,88.97547062500001,25.910000000000004,14.946250000000003,4.6637499999999985,16.1875,9.565,3.4124999999999996,26.999001249999996
2026-08-11T21:30:00.000Z,MCT2408042,15.213889,74.071667,60.625,285.946875,451.5,89.44992562500002,25.801874999999995,14.201250000000002,4.777499999999999,16.357499999999998,9.508125,3.5206249999999994,27.142448750000003
2026-08-11T21:31:42.347Z,MCT2408042,15.213889,74.071667,61,277.43666666666667,454.3333333333333,89.43864,26.036666666666665,14.246666666666668,4.55,16.416666666666668,10.02,3.516666666666666,27.278303333333337
2026-08-11T20:40:00.000Z,MCT2408033,15.346944,74.007778,21.46153846153846,123.06730769230768,485.46153846153845,89.11566076923077,8.416153846153847,46.22219846153847,3.357692307692308,10.05923076923077,6.833076923076923,4.39,27.85278153846154
2026-08-11T20:50:00.000Z,MCT2408033,15.346944,74.007778,21.5625,124.84336875,463.25,88.75278812500001,8.456875000000002,44.26393375000001,3.0681250000000007,8.975625000000003,6.10125,4.39,27.957556875000005
2026-08-11T21:00:00.000Z,MCT2408033,15.346944,74.007778,21.5,125.7675,442.1875,87.89162125000003,8.428125000000001,48.970256875000004,3.0300000000000007,7.950625000000002,4.999375000000001,4.39,28.00983937500001
2026-08-11T21:10:00.000Z,MCT2408033,15.346944,74.007778,21.5,125.0941125,485.375,87.71995875000002,8.521249999999998,50.848083125,3.0300000000000007,7.950000000000002,5,4.39,28.004477500000007
2026-08-11T21:20:00.000Z,MCT2408033,15.346944,74.007778,22,124.95833125,484.1875,87.52541000000002,8.839375,54.17639499999999,3.0300000000000007,7.950000000000001,5,4.39,27.948173125
2026-08-11T21:30:00.000Z,MCT2408033,15.346944,74.007778,21.5,126.38681875,483.3125,87.48535437499999,8.353125,53.455386250000004,3.0300000000000007,7.693125000000001,4.706874999999999,4.39,27.847625
2026-08-11T21:31:42.380Z,MCT2408033,15.346944,74.007778,21.333333333333332,125.71116666666667,488.6666666666667,87.54909333333335,8.243333333333332,51.86245,3.03,8.549999999999999,5.683333333333334,4.39,27.78238
2026-08-11T20:40:00.000Z,MCT2408024,15.148056,74.131667,40.857142857142854,220.47648095238097,537.7142857142857,81.00525095238095,17.734566190476194,5.909434714285716,5,15.46619047619048,8.466190476190476,2.4947619047619054,28.390136190476184
2026-08-11T20:50:00.000Z,MCT2408024,15.148056,74.131667,41.125,220.60270416666663,579.7916666666666,80.86478958333335,17.99542416666667,5.892256125000002,5,15.906666666666672,8.906666666666668,2.4991666666666674,28.450464583333332
2026-08-11T21:00:00.000Z,MCT2408024,15.148056,74.131667,40.96,221.652448,557.32,80.98181159999999,17.848935199999996,6.58008684,5,15.190000000000005,8.190000000000003,2.51,28.40886959999999
2026-08-11T21:10:00.000Z,MCT2408024,15.148056,74.131667,40.96,221.11104,577.48,81.2595196,17.8298632,7.14747504,5,15.230000000000004,8.230000000000002,2.5096,28.35138279999999
2026-08-11T21:20:00.000Z,MCT2408024,15.148056,74.131667,40.916666666666664,220.2765791666667,551.9166666666666,81.35402458333336,17.897747500000005,7.816258124999997,5,15.073333333333338,8.073333333333336,2.4962499999999994,28.38879583333333
2026-08-11T21:30:00.000Z,MCT2408024,15.148056,74.131667,40.52,220.40706000000006,593.48,81.19695919999997,17.4431604,7.493795399999998,5,15.350000000000005,8.350000000000001,2.5067999999999997,28.428603599999995
2026-08-11T21:31:42.538Z,MCT2408024,15.148056,74.131667,40.5,222.307,599.5,81.21161000000001,17.4653325,7.93650825,5,15.24,8.24,2.4875,28.39997
2026-08-11T20:40:00.000Z,MCT2408045,15.619444,73.878889,27.76923076923077,178.11999999999995,530.8461538461538,87.16547153846153,11.656153846153845,17.243076923076924,3.1361538461538463,11.103076923076921,5.7846153846153845,2.5300000000000002,27.186999230769228
2026-08-11T20:50:00.000Z,MCT2408045,15.619444,73.878889,27.5625,178.11999999999995,537.375,87.25790500000001,11.308124999999999,17.156875,3.113750000000001,11.303125,6.007500000000002,2.5300000000000002,27.194731875
2026-08-11T21:00:00.000Z,MCT2408045,15.619444,73.878889,27.9375,178.11999999999995,538.625,87.27125625,11.660624999999998,17.221875,3.176875000000001,11.231875000000002,5.865,2.5300000000000002,27.203446875000004
2026-08-11T21:10:00.000Z,MCT2408045,15.619444,73.878889,27.75,178.11999999999995,543.0625,87.312265,11.389375,17.1825,3.113750000000001,11.160624999999998,5.865625,2.5300000000000002,27.205456250000005
2026-08-11T21:20:00.000Z,MCT2408045,15.619444,73.878889,27.625,178.11999999999995,537.9375,87.38569750000002,11.299375,17.003125,3.082500000000001,10.946874999999999,5.6875,2.5300000000000002,27.18869999999999
2026-08-11T21:30:00.000Z,MCT2408045,15.619444,73.878889,27.6875,178.11999999999995,528.375,87.43814562499998,11.379374999999998,16.873125,3.082500000000001,10.875625000000001,5.6175000000000015,2.5300000000000002,27.160546250000003
2026-08-11T21:31:42.590Z,MCT2408045,15.619444,73.878889,27,178.12,528.6666666666666,87.44482,11.036666666666667,17.34,3.02,11.219999999999999,6.033333333333332,2.53,27.12457333333333
2026-08-11T20:40:00.000Z,MCT2408022,15.475833,74.038889,26.53846153846154,150,445.2307692307692,90.60926076923077,3.9753846153846144,11.545410769230772,5.384615384615385,19.384615384615383,11.615384615384615,4.288144000000001,27.271152307692304
2026-08-11T20:50:00.000Z,MCT2408022,15.475833,74.038889,25.8125,150,447.5,90.58336625000003,4.318125,11.431161874999999,5.4375,18.9375,11.0625,4.2511709374999995,27.292601875000003
2026-08-11T21:00:00.000Z,MCT2408022,15.475833,74.038889,25.3125,150,453.0625,90.51613187500001,4.388750000000001,11.196474375,5.375,18.25,10.5,4.2375922500000005,27.303326875
2026-08-11T21:10:00.000Z,MCT2408022,15.475833,74.038889,25.9375,150,461.75,90.48561500000001,4.4281250000000005,11.249875,5.625,19.0625,10.875,4.226843812499999,27.290589999999995
2026-08-11T21:20:00.000Z,MCT2408022,15.475833,74.038889,26.6875,150,452.4375,90.40026,4.23625,11.244791249999999,6.0625,20.9375,12.0625,4.2569325000000005,27.298635625000003
2026-08-11T21:30:00.000Z,MCT2408022,15.475833,74.038889,26.533333333333335,150,450,90.36332,4.235333333333332,11.378914,5.933333333333334,20.533333333333335,11.866666666666667,4.2544446,27.28902733333333
2026-08-11T21:31:42.602Z,MCT2408022,15.475833,74.038889,27,150,455.3333333333333,90.37450999999999,4.03,11.037150000000002,6,21,12,4.255359,27.278303333333337
2026-08-11T20:40:00.000Z,MCT2408032,15.525556,73.828611,34.57142857142857,210.09523809523805,708.3809523809524,85.65591333333332,14.427142857142858,43.45761904761905,7.120000000000002,17.137619047619044,7.147142857142859,2.9728571428571424,28.630172380952384
2026-08-11T20:50:00.000Z,MCT2408032,15.525556,73.828611,35.16,216.19760000000002,707.6,85.72882119999998,14.947199999999995,43.09759999999999,7.120000000000002,17.069999999999997,7.080000000000002,2.9456,28.6585484
2026-08-11T21:00:00.000Z,MCT2408032,15.525556,73.828611,34.88,220.26840000000004,700.56,85.49261519999999,14.625200000000005,43.02239999999999,7.120000000000002,17.297199999999997,7.306400000000002,3.0204000000000004,28.683429600000007
2026-08-11T21:10:00.000Z,MCT2408032,15.525556,73.828611,35.08,219.36279999999996,682.36,85.08154320000001,14.745600000000003,44.11199999999999,7.120000000000002,17.069999999999997,7.080000000000002,2.9415999999999998,28.822427600000005
2026-08-11T21:20:00.000Z,MCT2408032,15.525556,73.828611,35.2,223.96840000000003,681.56,84.56488080000001,14.867200000000004,43.0488,7.120000000000002,17.069999999999997,7.080000000000002,3.080800000000001,28.80784160000001
2026-08-11T21:30:00.000Z,MCT2408032,15.525556,73.828611,34.88,228.21360000000004,706.52,84.54870600000002,14.666000000000002,44.38040000000001,7.120000000000002,17.069999999999997,7.080000000000002,3.097200000000001,28.7516416
2026-08-11T21:31:42.602Z,MCT2408032,15.525556,73.828611,36.25,225.58,703.5,84.6009675,15.8825,42.3725,7.12,17.07,7.08,3.3024999999999998,28.74049
2026-08-11T20:40:00.000Z,MCT2408036,15.171567,74.067106,36.07692307692308,120,531,90.69201307692308,10.503846153846155,7.789230769230769,5.667692307692307,16.719230769230766,8.962307692307693,11.05,27.26125
2026-08-11T20:50:00.000Z,MCT2408036,15.171567,74.067106,36.1875,120,525.375,91.596169375,10.465625,7.592499999999999,4.11125,13.140000000000002,7.473125,11.105,27.113625625
2026-08-11T21:00:00.000Z,MCT2408036,15.171567,74.067106,36.375,120,519.625,90.25291874999998,10.750625,7.652499999999999,7.894374999999999,23.14375,12.221874999999999,11.146250000000002,27.48096
2026-08-11T21:10:00.000Z,MCT2408036,15.171567,74.067106,35.75,120,524.125,89.310210625,10.645,7.931875000000001,8.685625,26.627500000000005,14.595624999999998,10.7825,27.466883749999997
2026-08-11T21:20:00.000Z,MCT2408036,15.171567,74.067106,36,120,528.1333333333333,89.88826533333335,10.755999999999998,8.161333333333333,9.824666666666667,29.787999999999997,16.209999999999997,11.036666666666667,27.33621733333333
2026-08-11T21:30:00.000Z,MCT2408036,15.171567,74.067106,35.625,120,525.375,90.091746875,10.902500000000003,8.049375,7.3343750000000005,22.606250000000003,12.442499999999999,10.6875,27.346897500000004
2026-08-11T21:31:42.626Z,MCT2408036,15.171567,74.067106,36,120,527.3333333333334,90.16343333333333,10.770000000000001,8.270000000000001,8.770000000000001,25.836666666666662,13.676666666666668,10.916666666666666,27.34265333333333
2026-08-11T20:40:00.000Z,MCT2408031,15.290833,74.149167,18.153846153846153,175.78748461538459,480.3076923076923,87.62440846153847,7.417002153846155,6.476728769230769,4.397692307692307,11.703846153846152,6.558461538461539,4.956153846153845,26.667242307692312
2026-08-11T20:50:00.000Z,MCT2408031,15.290833,74.149167,18.3125,167.98426874999998,485.5625,87.69945500000001,7.6137561875,6.0142795625000005,4.3175,11.357499999999998,6.27875,4.9425,26.657135625000006
2026-08-11T21:00:00.000Z,MCT2408031,15.290833,74.149167,18.0625,174.60788125000005,496.25,88.043731875,7.38914675,6.683876,4.316875,11.738124999999998,6.7562500000000005,4.851875000000001,26.5860825
2026-08-11T21:10:00.000Z,MCT2408031,15.290833,74.149167,17.9375,189.93560624999998,465.3125,88.29788624999999,7.309966124999999,9.477324875,4.6431249999999995,12.634374999999999,7.261875000000001,4.998749999999999,26.555248125
2026-08-11T21:20:00.000Z,MCT2408031,15.290833,74.149167,17.6875,190.57520625,452.875,87.979835625,7.01910875,10.0307476875,4.7906249999999995,12.961249999999998,7.440000000000001,5.255000000000001,26.621609375
2026-08-11T21:30:00.000Z,MCT2408031,15.290833,74.149167,17.9375,191.77950625,450.3125,87.58262937500001,7.327385875000001,8.028200562499999,4.1987499999999995,11.439375000000002,6.57875,5.298749999999999,26.633004374999995
2026-08-11T21:31:42.783Z,MCT2408031,15.290833,74.149167,17.333333333333332,190.89919999999998,448,87.50586,6.986908666666667,6.1574816666666665,4.286666666666667,11.446666666666667,6.510000000000001,4.846666666666667,26.602616666666666
2026-08-11T20:40:00.000Z,MCT2408035,15.236111,74.125,48.69230769230769,190,610.2307692307693,90.37157846153846,19.370276923076922,66.0142669230769,3.7999999999999994,10.596153846153843,5.314615384615385,3.8299999999999987,27.37345230769231
2026-08-11T20:50:00.000Z,MCT2408035,15.236111,74.125,49,190,635.1875,90.40979875,19.782364999999995,65.61806874999999,3.799999999999999,10.378749999999998,5.096249999999999,3.8299999999999987,27.391139375
2026-08-11T21:00:00.000Z,MCT2408035,15.236111,74.125,49.125,190,623.8125,90.15611937499999,19.802128749999998,62.332241249999996,3.799999999999999,10.19,4.909999999999998,3.8299999999999987,27.350919375000004
2026-08-11T21:10:00.000Z,MCT2408035,15.236111,74.125,49.9375,190.93852499999997,598.5,89.82805687499999,20.558964999999997,60.82796999999999,3.799999999999999,10.19,4.909999999999998,3.8299999999999987,27.216184999999996
2026-08-11T21:20:00.000Z,MCT2408035,15.236111,74.125,50.4375,190.99046875,593.8125,89.48187249999998,20.927501250000002,63.582797499999984,3.799999999999999,10.19,4.909999999999998,3.8299999999999987,27.104240625000003
2026-08-11T21:30:00.000Z,MCT2408035,15.236111,74.125,50.25,190.7123125,591.5625,89.17574375,20.801361875,63.512089374999995,3.799999999999999,10.19,4.909999999999998,3.8299999999999987,27.086811875
2026-08-11T21:31:42.838Z,MCT2408035,15.236111,74.125,51,191.0255666666667,609,89.30894,21.51537666666667,63.64980666666667,3.7999999999999994,10.19,4.91,3.83,27.024473333333333
2026-08-11T20:40:00.000Z,MCT2408038,15.188889,74.055556,23.214285714285715,422.95714285714286,595.2142857142857,90.60339357142857,9.921428571428573,13.330000000000004,5.950000000000002,16.900000000000002,7.939999999999999,4.7700000000000005,27.810472857142855
2026-08-11T20:50:00.000Z,MCT2408038,15.188889,74.055556,23.333333333333332,424.6593333333333,593.1333333333333,90.510316,9.933333333333334,13.330000000000005,5.966000000000002,16.900000000000002,8.064666666666666,4.7620000000000005,27.830288666666664
2026-08-11T21:00:00.000Z,MCT2408038,15.188889,74.055556,24.6875,449.7975,571.875,88.72513125000002,9.991875,13.330000000000005,7.512500000000001,20.503124999999994,9.474999999999998,4.871874999999999,27.53994875
2026-08-11T21:10:00.000Z,MCT2408038,15.188889,74.055556,23.0625,458.6225,566.6875,88.81620749999998,9.744375,13.330000000000005,5.950000000000002,16.900000000000002,7.939999999999999,4.849375000000001,27.116975625
2026-08-11T21:20:00.000Z,MCT2408038,15.188889,74.055556,23.1875,451.765625,550.6875,89.37410625,9.899375000000001,13.330000000000005,5.950000000000002,16.900000000000002,7.939999999999999,4.838125000000001,27.023802499999995
2026-08-11T21:30:00.000Z,MCT2408038,15.188889,74.055556,23.0625,450.42375000000004,573.5625,89.754623125,9.783750000000001,13.330000000000005,5.950000000000002,16.900000000000002,7.939999999999999,4.831874999999999,27.012406249999998
2026-08-11T21:31:42.851Z,MCT2408038,15.188889,74.055556,23.333333333333332,442.5566666666667,570,89.94727,9.983333333333333,13.33,5.95,16.9,7.94,4.8500000000000005,27.017323333333337
2026-08-11T20:40:00.000Z,MCT2408039,15.163611,74.110833,29,387.98928571428576,465.2142857142857,86.02139928571428,9.882142857142856,10.299999999999999,9.019999999999998,28.94,11.76,2.3000000000000003,27.420536428571427
2026-08-11T20:50:00.000Z,MCT2408039,15.163611,74.110833,29,381.390625,472,86.01002124999998,10.643749999999999,10.3,9.019999999999998,28.94,11.759999999999998,2.3,27.44342375
2026-08-11T21:00:00.000Z,MCT2408039,15.163611,74.110833,29,386.22937499999995,462.0625,85.94517187499999,10.597499999999998,10.3,9.019999999999998,28.94,11.759999999999998,2.3,27.47827875
2026-08-11T21:10:00.000Z,MCT2408039,15.163611,74.110833,29,389.18187500000005,462.75,85.992855625,10.308124999999999,10.3,9.019999999999998,28.94,11.759999999999998,2.3,27.45682875
2026-08-11T21:20:00.000Z,MCT2408039,15.163611,74.110833,29,394.62066666666664,451.4,85.74957266666668,9.788666666666666,10.3,9.019999999999998,28.94,11.759999999999998,2.3,27.33550133333334
2026-08-11T21:30:00.000Z,MCT2408039,15.163611,74.110833,29,392.838125,450.6875,85.65859250000001,10.181874999999998,10.3,9.019999999999998,28.94,11.759999999999998,2.3,27.234281875
2026-08-11T21:31:42.849Z,MCT2408039,15.163611,74.110833,29,391.6433333333334,447.3333333333333,85.68498,9.593333333333334,10.3,9.02,28.94,11.76,2.3,27.196073333333334
2026-08-11T20:40:00.000Z,MCT2408026,15.2467,74.198281,32.7,125,512.9,86.10357649999999,13.579697,12.5,4.730000000000002,14.894499999999999,8.0975,2.194,28.505073000000003
2026-08-11T20:50:00.000Z,MCT2408026,15.2467,74.198281,32.208333333333336,125,516.9583333333334,86.35477583333335,13.328420833333338,12.5,4.730000000000003,15.192916666666669,8.395000000000001,1.8604166666666666,28.483981666666665
2026-08-11T21:00:00.000Z,MCT2408026,15.2467,74.198281,32.2,125,521.2,86.30590760000001,13.399999200000002,12.5,4.730000000000003,15.3204,8.522,2.0444000000000004,28.533709199999997
2026-08-11T21:10:00.000Z,MCT2408026,15.2467,74.198281,32.208333333333336,125.24702916666666,509.1666666666667,86.58206583333333,13.430905416666667,12.5,4.8087500000000025,15.91666666666667,8.999166666666666,2.5758333333333336,28.200210833333326
2026-08-11T21:20:00.000Z,MCT2408026,15.2467,74.198281,32.166666666666664,125,491.125,85.99301416666668,13.340130416666673,12.5,4.730000000000003,15.07125,8.274583333333334,2.9912499999999995,27.92538250000001
2026-08-11T21:30:00.000Z,MCT2408026,15.2467,74.198281,32.458333333333336,125,485.6666666666667,85.48152624999996,13.505933333333333,12.5,4.730000000000003,15.03208333333333,8.234166666666667,2.090416666666666,28.09921499999999
2026-08-11T21:31:42.868Z,MCT2408026,15.2467,74.198281,32.75,125,483.75,85.56036,13.769377500000001,12.5,4.73,14.51,7.71,2.0425,28.11843
2026-08-11T21:40:00.000Z,MCT2408028,15.186944,74.096667,41.8,610.2368000000001,458.84,93.33563279999997,18.2428,12.926799999999998,4.989999999999998,16.345200000000002,9.385199999999996,1.6527999999999998,25.983279600000007
2026-08-11T21:50:00.000Z,MCT2408028,15.186944,74.096667,41.8,607.5908000000001,456.16,93.411316,18.2396,12.724799999999998,6.710000000000001,23.664400000000004,14.314799999999998,1.7960000000000003,26.066076799999998
2026-08-11T22:00:00.000Z,MCT2408028,15.186944,74.096667,41.708333333333336,604.0912500000001,456.5,93.46060166666665,18.14708333333333,12.692916666666667,6.239999999999998,22.911249999999995,14.166666666666666,1.8774999999999997,26.072618750000004
2026-08-11T22:10:00.000Z,MCT2408028,15.186944,74.096667,41.56,602.6,462.36,93.42230239999999,18.013199999999998,12.619599999999998,8.070000000000004,29.71080000000001,18.370400000000004,1.8836000000000006,26.124849999999995
2026-08-11T22:20:00.000Z,MCT2408028,15.186944,74.096667,41.6,596.3672000000001,469.36,93.54315159999999,18.0456,12.51,8.950000000000003,31.50000000000001,18.8088,2.0216,26.156168
2026-08-11T22:27:43.276Z,MCT2408028,15.186944,74.096667,41.421052631578945,595.1178947368422,476.1578947368421,93.34314947368424,17.913157894736845,12.37684210526316,8.253157894736843,28.835789473684212,17.266315789473683,1.9152631578947368,26.199770526315795
2026-08-11T21:40:00.000Z,MCT2408020,15.543475,74.039433,25.9375,180,558.5625,89.207215625,9.506996375000002,19.758791249999998,9.74,29.239374999999995,15.160625000000001,3.6599999999999984,27.421301874999994
2026-08-11T21:50:00.000Z,MCT2408020,15.543475,74.039433,23.75,180,559.4375,89.29161375,9.537427749999999,19.991979999999998,7.943124999999998,24.173750000000005,12.835625,3.6599999999999984,27.455488750000008
2026-08-11T22:00:00.000Z,MCT2408020,15.543475,74.039433,23.9375,180,558.75,89.34120437499998,9.3963280625,19.66210125,8.059375,24.696875000000006,13.126249999999999,3.6599999999999984,27.4869925
2026-08-11T22:10:00.000Z,MCT2408020,15.543475,74.039433,24.125,180,554.4375,89.27921687499999,9.480987375,19.7663675,8.233125,25.164375000000007,13.475000000000001,3.6599999999999984,27.568770625000003
2026-08-11T22:20:00.000Z,MCT2408020,15.543475,74.039433,23.25,180,547.625,89.391750625,9.3919063125,19.672202499999997,7.361875,22.486250000000005,12.138125000000004,3.6599999999999984,27.578154999999995
2026-08-11T22:27:43.276Z,MCT2408020,15.543475,74.039433,23,180,549.75,89.42910583333332,9.189208583333334,19.923954166666665,7.420000000000001,22.60166666666667,12.1575,3.659999999999999,27.603629166666668
2026-08-11T21:40:00.000Z,MCT2408057,15.272222,74.104722,30,341.5967999999999,446.16,84.79559319999997,12.509199999999998,8.839200000000003,2.9799999999999995,8.866000000000001,4.803200000000001,2.3632,28.387849600000003
2026-08-11T21:50:00.000Z,MCT2408057,15.272222,74.104722,30,343.85720000000003,449.28,84.55908119999997,12.453199999999997,8.905600000000002,2.9799999999999995,8.708799999999998,4.6484000000000005,2.3527999999999993,28.453058400000003
2026-08-11T22:00:00.000Z,MCT2408057,15.272222,74.104722,30,355.1620833333333,444.625,84.02908125000002,12.543333333333335,8.952916666666669,2.979999999999999,8.60041666666667,4.542916666666668,2.3783333333333334,28.50409124999999
2026-08-11T22:10:00.000Z,MCT2408057,15.272222,74.104722,30,355.97280000000006,438.24,84.1266484,12.508,8.8892,2.9799999999999995,8.708400000000001,4.648000000000001,2.2688000000000006,28.417020800000003
2026-08-11T22:20:00.000Z,MCT2408057,15.272222,74.104722,30,344.2744,439.36,84.2963264,12.5324,8.862800000000002,3.1707999999999985,9.6128,5.268800000000002,2.4579999999999997,28.347094800000004
2026-08-11T22:27:43.300Z,MCT2408057,15.272222,74.104722,30,346.8121052631579,441.5263157894737,84.24851157894734,12.553684210526319,8.931578947368422,3.105789473684209,9.791578947368421,5.5042105263157906,2.4857894736842105,28.331244210526314
2026-08-11T21:40:00.000Z,MCT2408056,15.579167,73.920833,21.625,180,767.8125,89.97063000000003,6.883125,12.067781375000001,6.74625,22.315,13.355625000000002,1.6668749999999997,27.690767500000003
2026-08-11T21:50:00.000Z,MCT2408056,15.579167,73.920833,20.875,180,774.0625,89.9382075,7.035,11.466695812500001,6.1,20.438125,12.183125000000002,1.7537499999999995,27.700150000000004
2026-08-11T22:00:00.000Z,MCT2408056,15.579167,73.920833,20.8125,180,780.25,90.11463437500001,6.79875,11.429283875,6.1587499999999995,20.551874999999995,12.183125000000002,1.5974999999999995,27.703501875000004
2026-08-11T22:10:00.000Z,MCT2408056,15.579167,73.920833,20.25,180,780.375,90.28200562500002,6.960625,11.271273062499999,5.512499999999999,19.06875,11.598750000000003,1.593125,27.707523750000004
2026-08-11T22:20:00.000Z,MCT2408056,15.579167,73.920833,19.5,180,756.25,90.40789000000001,6.846875000000001,10.633362375,5.21875,17.644375000000004,10.544375000000002,1.6299999999999997,27.659933749999997
2026-08-11T22:27:43.300Z,MCT2408056,15.579167,73.920833,18.916666666666668,180,733.6666666666666,90.49976083333333,6.994999999999998,11.258606833333332,4.6899999999999995,16.390000000000004,10.309166666666668,1.6624999999999999,27.6295475
2026-08-11T21:40:00.000Z,MCT2408055,15.585833,73.885556,19.375,95.62437500000001,675.25,89.6645025,8.527500000000002,31.933445000000003,4.854375000000001,14.719374999999998,8.4775,1.2881249999999997,27.467554375000006
2026-08-11T21:50:00.000Z,MCT2408055,15.585833,73.885556,19.1875,103.27312500000001,675.8125,89.75605437499999,8.463750000000001,29.106632499999993,5.244375000000002,15.996249999999996,9.37,1.4693749999999999,27.440070624999993
2026-08-11T22:00:00.000Z,MCT2408055,15.585833,73.885556,19.25,100.51937500000001,698.4375,89.99351937500002,8.490625000000001,30.461593750000002,5.027500000000001,15.460624999999997,9.115,1.39,27.354271249999993
2026-08-11T22:10:00.000Z,MCT2408055,15.585833,73.885556,19.25,101.120625,702.125,90.11559062500001,8.44125,30.72042125,4.505625000000001,13.858124999999998,7.967499999999999,1.25375,27.329469999999997
2026-08-11T22:20:00.000Z,MCT2408055,15.585833,73.885556,19.25,103.676875,692.1875,90.16422687500001,8.505625000000002,29.964218749999997,4.68125,14.719374999999998,8.689999999999998,1.249375,27.329469999999997
2026-08-11T22:27:43.323Z,MCT2408055,15.585833,73.885556,19.666666666666668,105.96583333333332,675.4166666666666,90.12782750000001,8.7325,28.942431666666664,4.258333333333334,13.706666666666665,8.180000000000001,1.3358333333333334,27.377508333333328
2026-08-11T21:40:00.000Z,MCT2408053,15.263333,74.110833,46.625,253.673275,684.0625,93.16257812499998,19.748750000000005,24.148125,4.590000000000002,11.730624999999996,5.710625,6.49625,26.64305875
2026-08-11T21:50:00.000Z,MCT2408053,15.263333,74.110833,43.3125,246.60613124999998,693.625,93.10202125,16.955625,25.295625,4.590000000000002,12.094374999999998,6.133749999999999,6.568125,26.629653750000003
2026-08-11T22:00:00.000Z,MCT2408053,15.263333,74.110833,47,243.67750625000002,731.625,92.82450062500001,20.143749999999997,25.241250000000004,4.590000000000002,11.669999999999996,5.64,6.683749999999999,26.584743125
2026-08-11T22:10:00.000Z,MCT2408053,15.263333,74.110833,44.1875,243.63878125000002,697.5625,92.95324687499999,17.666875,25.379375000000003,4.590000000000002,11.791249999999998,5.78125,6.651875,26.541173124999993
2026-08-11T22:20:00.000Z,MCT2408053,15.263333,74.110833,43.3125,249.79024999999996,691.9375,92.91080875,16.951874999999998,24.570625000000007,4.590000000000002,11.730624999999998,5.710624999999999,6.62,26.565974374999996
2026-08-11T22:27:43.489Z,MCT2408053,15.263333,74.110833,45.666666666666664,246.40671666666665,689.3333333333334,92.93163166666666,19.09416666666667,24.912500000000005,4.590000000000001,11.67,5.64,6.340833333333333,26.494474166666663
2026-08-11T21:40:00.000Z,MCT2408052,15.444425,74.063856,23.5625,160,741.375,89.17526875000001,3.7928510000000006,8,8.736875000000001,24.073125,11.088749999999997,2,27.564748750000003
2026-08-11T21:50:00.000Z,MCT2408052,15.444425,74.063856,23.25,160,737.5625,89.15571749999997,3.762807000000001,8,8.549999999999999,23.576875,10.938749999999999,2,27.560725625000003
2026-08-11T22:00:00.000Z,MCT2408052,15.444425,74.063856,24.0625,160,759.6875,89.36743312499999,3.7452633750000004,8,8.820625,24.481875,11.370000000000001,2,27.534585625000002
2026-08-11T22:10:00.000Z,MCT2408052,15.444425,74.063856,23.9375,160,716.8125,89.405103125,3.705701750000001,8,8.569999999999999,23.705625000000005,11.00375,2,27.54397
2026-08-11T22:20:00.000Z,MCT2408052,15.444425,74.063856,24.8125,160,741.875,89.574379375,3.676403625000001,8,9.240625,25.431874999999998,11.760000000000002,2,27.531903125000003
2026-08-11T22:27:43.489Z,MCT2408052,15.444425,74.063856,26.23076923076923,160,692,89.71075538461538,3.710985153846155,8,9.879999999999997,28.301538461538467,13.700769230769229,2,27.507102307692307
2026-08-11T21:40:00.000Z,MCT2408021,15.500556,74.053333,48,375,529.8666666666667,89.55053666666669,20.922666666666665,14.086340666666667,2.9226666666666663,9.508000000000003,6.061333333333334,4.291333333333333,27.201077333333338
2026-08-11T21:50:00.000Z,MCT2408021,15.500556,74.053333,47.9375,375,527.6875,89.59679,20.884999999999998,14.152437500000001,2.9774999999999996,9.756874999999999,6.277499999999999,4.303125,27.184678125000005
2026-08-11T22:00:00.000Z,MCT2408021,15.500556,74.053333,48.1875,375,533.4375,89.5362325,20.996875,14.039344375,2.9187499999999997,9.701875000000001,6.278125,4.22,27.174623750000002
2026-08-11T22:10:00.000Z,MCT2408021,15.500556,74.053333,48.1875,375,526.625,89.59440625,20.971875,14.266671249999998,3.629999999999999,11.683750000000002,7.588124999999999,4.249375,27.14914999999999
2026-08-11T22:20:00.000Z,MCT2408021,15.500556,74.053333,48.0625,375,531.4375,89.74127312499999,20.905,14.180425625000003,3.391249999999999,11.005000000000003,7.171875,4.244375000000001,27.121667500000004
2026-08-11T22:27:43.512Z,MCT2408021,15.500556,74.053333,48.083333333333336,375,523.75,89.83600333333334,20.8825,14.171856666666669,3.1733333333333325,10.109166666666667,6.465833333333332,4.261666666666666,27.086142500000005
2026-08-11T21:40:00.000Z,MCT2408043,15.221111,74.087222,33,196.83599999999998,485.06666666666666,86.69154933333334,14.21133333333333,10.26,7.345999999999999,25.75,14.77266666666667,5.290000000000001,26.916508000000004
2026-08-11T21:50:00.000Z,MCT2408043,15.221111,74.087222,33,202.75625000000002,480.8125,86.44728187500003,14.220624999999997,10.400625000000002,6.647499999999999,23.816875,14.090000000000002,5.290000000000001,27.022460625
2026-08-11T22:00:00.000Z,MCT2408043,15.221111,74.087222,33,208.868,484.8666666666667,86.10205133333332,14.222666666666663,10.229999999999999,6.329999999999999,21.11466666666666,12.042000000000002,5.290000000000001,27.143877333333332
2026-08-11T22:10:00.000Z,MCT2408043,15.221111,74.087222,33,211.51062499999998,509,86.27561937499999,14.164374999999998,10.403125000000001,6.329999999999999,19.793750000000003,10.73,5.290000000000001,27.071394999999995
2026-08-11T22:20:00.000Z,MCT2408043,15.221111,74.087222,33,210.130625,494.0625,86.439653125,14.169999999999996,10.450625,6.329999999999999,19.954375,10.89,5.290000000000001,27.027825
2026-08-11T22:27:43.512Z,MCT2408043,15.221111,74.087222,33,207.4141666666667,474.6666666666667,86.55727083333335,14.251666666666665,10.274166666666666,6.329999999999999,21.243333333333336,12.17,5.29,27.05486
2026-08-11T21:40:00.000Z,MCT2408051,15.486528,74.033889,52.125,332.45,543.875,97.58142812500002,22.143749999999997,5.1899999999999995,3.7299999999999986,12.74,7.159374999999999,4.39,26.584071875000006
2026-08-11T21:50:00.000Z,MCT2408051,15.486528,74.033889,52.1875,329.25500000000005,550,97.51562625000001,22.189999999999998,5.1899999999999995,3.7299999999999986,12.623750000000003,7.0406249999999995,4.39,26.524414375000003
2026-08-11T22:00:00.000Z,MCT2408051,15.486528,74.033889,51.9375,332.36625,546.4375,97.70492937499999,22.029999999999998,5.1899999999999995,3.7687499999999985,12.856250000000001,7.23625,4.39,26.504975625
2026-08-11T22:10:00.000Z,MCT2408051,15.486528,74.033889,52.375,331.50812499999995,542.75,97.84798000000004,22.29125,5.1899999999999995,3.7299999999999986,12.8175,7.236249999999998,4.39,26.524414999999994
2026-08-11T22:20:00.000Z,MCT2408051,15.486528,74.033889,52.1875,324.518125,540,97.68823874999998,22.180624999999996,5.1899999999999995,4.663749999999999,15.071875,8.24625,4.39,26.500953750000004
2026-08-11T22:27:43.529Z,MCT2408051,15.486528,74.033889,51.666666666666664,326.265,550.8333333333334,97.69046416666667,21.852500000000003,5.1899999999999995,3.781666666666666,12.740000000000002,7.106666666666666,4.39,26.45336166666667
2026-08-11T21:40:00.000Z,MCT2408050,15.553611,73.958333,27.75,86.02999999999999,554.5625,92.57225562500001,11.454375,3.9725,4.505625,14.7075,8.075000000000001,2.8231249999999997,27.187358125000003
2026-08-11T21:50:00.000Z,MCT2408050,15.553611,73.958333,27.75,86.02999999999999,560.875,92.46830187500001,11.568125000000002,3.969375,4.293125000000001,13.8475,7.650000000000001,2.8712500000000003,27.215510625000004
2026-08-11T22:00:00.000Z,MCT2408050,15.553611,73.958333,27.75,86.02999999999999,552.125,92.52075687500002,11.450000000000003,4.0600000000000005,4.399375000000001,14.598749999999997,8.183125,2.8843749999999995,27.224898124999996
2026-08-11T22:10:00.000Z,MCT2408050,15.553611,73.958333,27.625,86.02999999999999,552.3125,92.55032062500001,11.338125000000002,4.154375000000001,4.399375000000001,15.565625000000002,9.144374999999998,2.8312500000000003,27.259086250000003
2026-08-11T22:20:00.000Z,MCT2408050,15.553611,73.958333,27.6875,86.02999999999999,511.25,92.423958125,11.420625000000001,4.051875,4.558750000000001,16.101250000000004,9.357500000000002,3.0456250000000002,27.288581875
2026-08-11T22:27:43.697Z,MCT2408050,15.553611,73.958333,27.416666666666668,86.02999999999999,543.4166666666666,92.49739083333333,11.238333333333332,3.8833333333333333,4.310833333333335,14.600000000000001,8.360000000000001,2.811666666666666,27.22556916666667
2026-08-11T21:40:00.000Z,MCT2408034,15.356389,74.123611,24.08,184.20235999999997,483.96,78.68994200000002,6.5760000000000005,5.458799999999999,7.583199999999997,24.270799999999998,13.089199999999998,1.2215999999999998,30.44534800000001
2026-08-11T21:50:00.000Z,MCT2408034,15.356389,74.123611,23.25,184.87822916666667,485.7916666666667,78.75876041666668,6.798333333333335,5.070833333333332,7.024999999999998,22.429999999999996,12.111666666666665,1.2641666666666664,30.42298750000001
2026-08-11T22:00:00.000Z,MCT2408034,15.356389,74.123611,21.2,201.36714,492.28,78.82238719999998,6.644399999999999,5.826799999999999,6.379999999999998,18.195199999999996,8.815199999999999,1.2824,30.420895599999998
2026-08-11T22:10:00.000Z,MCT2408034,15.356389,74.123611,21.208333333333332,201.12232916666667,492.75,78.88050999999997,6.56625,5.121666666666665,6.379999999999998,18.13208333333333,8.752083333333333,1.37625,30.390811666666668
2026-08-11T22:20:00.000Z,MCT2408034,15.356389,74.123611,21.16,204.37972000000002,489.68,78.68078520000003,6.628000000000001,5.010399999999999,6.379999999999998,18.270399999999995,8.890399999999998,1.5467999999999997,30.410599199999997
2026-08-11T22:27:43.697Z,MCT2408034,15.356389,74.123611,21.263157894736842,195.25229473684212,483.7894736842105,78.49393947368422,6.98578947368421,5.078421052631579,6.379999999999998,18.314210526315787,8.934210526315788,1.5863157894736837,30.401748947368418
2026-08-11T21:40:00.000Z,MCT2408029,15.333611,74.206944,12,280.81916875,599.4375,92.93751124999997,2.7600000000000002,7.29125,2.9399999999999995,9.06875,5.11,3.5,27.161886875
2026-08-11T21:50:00.000Z,MCT2408029,15.333611,74.206944,12.1875,270.93320625,599.9375,92.953724375,3.6606249999999996,7.263750000000001,2.9768749999999997,9.067499999999999,5.039374999999999,3.5,27.178644375000008
2026-08-11T22:00:00.000Z,MCT2408029,15.333611,74.206944,12.125,283.32010625,600.3125,92.94514124999998,2.9437499999999996,7.460624999999999,2.9399999999999995,8.815,4.855625,3.55375,27.19071
2026-08-11T22:10:00.000Z,MCT2408029,15.333611,74.206944,12.625,286.68880625,586.125,92.90413125,3.447499999999999,7.365,2.9399999999999995,8.85125,4.891874999999999,3.6568750000000003,27.200765624999995
2026-08-11T22:20:00.000Z,MCT2408029,15.333611,74.206944,12.1875,289.31294375,587.875,92.85597062499998,3.3218750000000004,7.28375,2.9399999999999995,8.706249999999999,4.746249999999999,3.5,27.208139375000002
2026-08-11T22:27:43.722Z,MCT2408029,15.333611,74.206944,12.083333333333334,283.06048333333337,598.3333333333334,92.76060583333334,2.605000000000001,7.176666666666667,2.94,8.67,4.71,3.5375,27.2184175
2026-08-11T21:40:00.000Z,MCT2408030,15.142519,74.075003,26,167.902375,437.375,85.0587275,9.065000000000001,6.200000000000002,9.370000000000001,24.639999999999993,12.31,3.986875,27.150491249999995
2026-08-11T21:50:00.000Z,MCT2408030,15.142519,74.075003,26,168.35674666666665,433.06666666666666,85.03749333333332,8.731333333333335,6.200000000000002,9.370000000000001,24.639999999999993,12.31,4.088,27.138874
2026-08-11T22:00:00.000Z,MCT2408030,15.142519,74.075003,26,169.29790625,432.8125,84.99674250000002,9.02875,6.200000000000002,9.370000000000001,24.639999999999993,12.31,4.1925,27.11027000000001
2026-08-11T22:10:00.000Z,MCT2408030,15.142519,74.075003,26,169.47664666666665,431.6,84.94034866666665,8.892,6.200000000000002,9.370000000000001,24.639999999999993,12.31,3.9706666666666663,27.105980666666674
2026-08-11T22:20:00.000Z,MCT2408030,15.142519,74.075003,26,169.36936666666668,434.6666666666667,84.905766,8.7,6.200000000000002,9.370000000000001,24.639999999999993,12.31,4.227333333333333,27.065943333333337
2026-08-11T22:27:43.722Z,MCT2408030,15.142519,74.075003,26,168.95514166666666,438.5,84.93475249999999,8.867500000000001,6.200000000000002,9.370000000000001,24.639999999999997,12.31,4.183333333333333,27.01732166666667
2026-08-11T21:40:00.000Z,MCT2408023,15.499722,74.020833,25.4375,245.50812499999998,531.125,90.73309187500003,9.57,20.1425,6.418750000000002,20.66,13.321875,5.596875,26.807290000000002
2026-08-11T21:50:00.000Z,MCT2408023,15.499722,74.020833,24.8125,252.124375,530.8125,90.76170312500001,9.883124999999998,19.535,6.340000000000002,19.155625,11.781249999999998,5.873749999999999,26.748304375
2026-08-11T22:00:00.000Z,MCT2408023,15.499722,74.020833,25.3125,252.24812500000002,530.625,90.86279124999999,9.55875,20.255625000000006,6.340000000000002,20.419375000000002,13.231250000000001,5.516875,26.734226249999995
2026-08-11T22:10:00.000Z,MCT2408023,15.499722,74.020833,31.333333333333332,248.23000000000002,533.5333333333333,90.79616266666669,9.780666666666665,19.666666666666668,8.111333333333334,29.551333333333336,20.59,5.652666666666667,26.755633999999997
2026-08-11T22:20:00.000Z,MCT2408023,15.499722,74.020833,41.625,219.12124999999997,530.25,90.7922225,9.564375,20.117500000000003,14.970624999999997,50.02625000000001,32.715624999999996,5.716874999999999,26.717467499999998
2026-08-11T22:27:43.734Z,MCT2408023,15.499722,74.020833,44.84615384615385,236.7907692307692,530.6153846153846,90.86044384615383,9.174615384615382,21.593846153846155,16.18307692307692,55.33615384615385,36.69615384615385,5.741538461538462,26.663117692307694
2026-08-11T21:40:00.000Z,MCT2408040,15.528056,74.020833,19,100,492.0625,88.88487250000003,8.045000000000002,4.914375,3.07,8.42,3.7299999999999986,3.5,27.642505625
2026-08-11T21:50:00.000Z,MCT2408040,15.528056,74.020833,19,100,484.4375,88.97356500000001,8.11625,4.882500000000001,3.07,8.42,3.7299999999999986,3.5,27.53123375
2026-08-11T22:00:00.000Z,MCT2408040,15.528056,74.020833,19.0625,100,473.6875,88.964981875,8.226250000000002,4.838125000000001,3.07,8.42,3.7299999999999986,3.5,27.556704375000002
2026-08-11T22:10:00.000Z,MCT2408040,15.528056,74.020833,19,100,470.5625,88.9173,8.19,4.8825,3.07,8.42,3.7299999999999986,3.5,27.624406250000007
2026-08-11T22:20:00.000Z,MCT2408040,15.528056,74.020833,18.8125,100,469.0625,88.92016125000002,7.851875000000001,4.804375000000001,3.24,9.823125,4.87125,3.5,27.604969375
2026-08-11T22:27:43.906Z,MCT2408040,15.528056,74.020833,18.833333333333332,100,462.3333333333333,88.890595,8.0675,4.716666666666667,3.4025,10.350833333333334,5.129166666666667,3.5,27.59737083333334
2026-08-11T21:40:00.000Z,MCT2408027,15.275556,74.1075,24.6875,1171.075625,625.1875,90.96197750000002,6.579999999999999,12.712500000000004,5.6712500000000015,18.665625000000006,10.49875,2.9500000000000006,27.114965000000005
2026-08-11T21:50:00.000Z,MCT2408027,15.275556,74.1075,24.6875,1166.021875,618.125,91.05305187500001,6.579999999999999,12.805625000000004,5.670625,18.6675,10.499375,2.9500000000000006,27.107590624999993
2026-08-11T22:00:00.000Z,MCT2408027,15.275556,74.1075,23.125,1172.1612499999999,600.0625,90.997261875,6.579999999999999,12.680625000000004,4.991875,15.710000000000003,8.708124999999999,2.9500000000000006,27.152503750000005
2026-08-11T22:10:00.000Z,MCT2408027,15.275556,74.1075,22.5,1171.355625,615.8125,90.77505437500002,6.579999999999999,12.710000000000004,4.9300000000000015,14.785625000000001,7.905625000000001,2.9500000000000006,27.155854374999997
2026-08-11T22:20:00.000Z,MCT2408027,15.275556,74.1075,22.375,1169.4462499999997,634.9375,90.80032687500002,6.579999999999999,12.707500000000003,4.9300000000000015,15.033749999999998,8.153749999999999,2.9500000000000006,27.093515000000004
2026-08-11T22:27:43.906Z,MCT2408027,15.275556,74.1075,25.416666666666668,1164.3491666666669,644.75,90.78713583333337,6.579999999999999,12.823333333333336,6.820833333333333,21.19333333333333,11.52833333333333,2.9499999999999997,27.05039166666666
2026-08-11T21:40:00.000Z,MCT2408049,15.475278,74.055833,56.6875,150,542.375,88.02370625,24.14375,11.12625,4.69625,15.031875000000001,8.05625,2.61,27.639152500000005
2026-08-11T21:50:00.000Z,MCT2408049,15.475278,74.055833,56.4375,150,542.5625,87.97554249999999,24.03125,10.594375000000001,4.6,14.842499999999998,7.9625,2.61,27.598935625
2026-08-11T22:00:00.000Z,MCT2408049,15.475278,74.055833,56.6875,150,545.8125,87.984603125,24.208125000000003,10.783750000000001,4.7924999999999995,15.175624999999998,8.10375,2.61,27.581507499999997
2026-08-11T22:10:00.000Z,MCT2408049,15.475278,74.055833,56.625,150,541.1875,88.14577437500003,24.125624999999996,10.778125,4.69625,14.935625,7.96,2.61,27.595584375
2026-08-11T22:20:00.000Z,MCT2408049,15.475278,74.055833,56.625,150.464575,532.5625,88.15578812499999,24.166875,10.795625000000001,5.079999999999999,16.08625,8.728750000000002,2.61,27.595583749999996
2026-08-11T22:27:43.932Z,MCT2408049,15.475278,74.055833,56.666666666666664,150,534.4166666666666,88.14673,24.109166666666667,10.865833333333333,4.985,15.894166666666665,8.6325,2.61,27.573238333333336
2026-08-11T21:40:00.000Z,MCT2408044,15.313669,74.140042,24.4,214.29,501.3333333333333,90.65476533333336,10.802,3.392,2.8699999999999997,7.733333333333333,4.572666666666667,3.858376066666666,27.409147333333326
2026-08-11T21:50:00.000Z,MCT2408044,15.313669,74.140042,24.5625,214.29,512.5,91.01442812500001,10.875,3.5162500000000003,3.1225,8.59375,5.1343749999999995,3.7600959374999996,27.33014
2026-08-11T22:00:00.000Z,MCT2408044,15.313669,74.140042,24.2,214.29,502.8666666666667,90.221416,10.719333333333333,3.813333333333334,2.8699999999999997,7.8,4.644666666666667,4.144273466666667,27.394132666666664
2026-08-11T22:10:00.000Z,MCT2408044,15.313669,74.140042,24.2,214.29,490.2,89.787558,10.746666666666666,3.8553333333333337,2.8699999999999997,7.733333333333333,4.573333333333333,4.338461266666667,27.352660666666665
2026-08-11T22:20:00.000Z,MCT2408044,15.313669,74.140042,24.142857142857142,214.29,485.57142857142856,89.84862714285715,10.675714285714287,3.373571428571428,2.87,7.678571428571429,4.513571428571429,4.409523571428571,27.281109999999995
2026-08-11T22:27:43.932Z,MCT2408044,15.313669,74.140042,24.363636363636363,214.29,484.3636363636364,90.03535000000001,10.796363636363639,3.4136363636363636,2.8700000000000006,7.909090909090909,4.765454545454546,4.4247084545454545,27.216549999999994
2026-08-11T21:40:00.000Z,MCT2408037,15.394444,74.118333,25.1875,160,497.3125,86.27228374999999,10.595,214.96812500000004,4.6925,17.681875,9.271875,3.405,27.086141875000003
2026-08-11T21:50:00.000Z,MCT2408037,15.394444,74.118333,25.25,160,493.625,86.13686,10.643125000000001,214.90000000000003,4.5075,17.068750000000005,9.085625,3.7031250000000004,27.11764625
2026-08-11T22:00:00.000Z,MCT2408037,15.394444,74.118333,25.1875,160,491.5,86.125894375,10.619375,214.96875000000006,4.46125,17.17125,9.2725,3.7281250000000004,27.126360624999997
2026-08-11T22:10:00.000Z,MCT2408037,15.394444,74.118333,25.3125,160,484.625,86.128755,10.704375000000002,214.62062500000005,3.9974999999999996,15.076875000000005,8.011875,3.6443750000000006,27.12836999999999
2026-08-11T22:20:00.000Z,MCT2408037,15.394444,74.118333,25.375,160,481.4375,86.195988125,10.705625000000001,214.26687500000006,3.95125,15.07625,8.104374999999997,3.5768750000000007,27.092844375
2026-08-11T22:27:43.936Z,MCT2408037,15.394444,74.118333,25.076923076923077,160,500.84615384615387,86.30980615384615,10.516923076923076,215.3092307692308,4.744615384615385,17.737692307692306,9.279230769230768,3.657692307692308,27.068198461538465
2026-08-11T21:40:00.000Z,MCT2408042,15.213889,74.071667,61.1875,284.20062499999995,454.125,89.3197475,26.103125000000002,14.463750000000001,4.6637499999999985,15.845,9.223749999999999,3.3243749999999994,27.361644375
2026-08-11T21:50:00.000Z,MCT2408042,15.213889,74.071667,61.0625,292.59499999999997,448.125,88.81143937499999,26.06,15.01375,4.834374999999999,17.100625,10.190625000000002,3.56,27.62909875
2026-08-11T22:00:00.000Z,MCT2408042,15.213889,74.071667,60.1875,288.66124999999994,450.25,88.37990312499998,25.46,14.660000000000002,4.891249999999999,17.211875,10.248125000000002,3.65625,27.8214825
2026-08-11T22:10:00.000Z,MCT2408042,15.213889,74.071667,60.875,290.01937499999997,446,87.32418312500002,25.939999999999998,15.055625000000001,5.744374999999999,20.008125,11.729375000000005,3.599375,28.143234374999995
2026-08-11T22:20:00.000Z,MCT2408042,15.213889,74.071667,60.625,300.344375,448.6875,87.08242812499999,25.693749999999998,15.225,4.720624999999998,16.93,10.190625,3.8912500000000003,28.300761875
2026-08-11T22:27:44.119Z,MCT2408042,15.213889,74.071667,60.75,300.0833333333333,448.75,87.09387000000002,25.851666666666663,14.362499999999997,4.625833333333333,15.578333333333333,9.034166666666666,3.8850000000000002,28.315957499999996
2026-08-11T21:40:00.000Z,MCT2408041,15.224628,74.171389,32.5625,464.3546625,437.25,91.22184999999999,13.63375,9.7,8.090000000000002,20.25,8.900000000000002,8.02125,26.456043125
2026-08-11T21:50:00.000Z,MCT2408041,15.224628,74.171389,32.875,458.87470625000003,433,91.14889375,13.769374999999997,9.7,8.090000000000002,20.25,8.900000000000002,8.015,26.478161874999998
2026-08-11T22:00:00.000Z,MCT2408041,15.224628,74.171389,32.5,469.22335,441.0625,91.229958125,13.587499999999997,9.7,8.090000000000002,20.25,8.900000000000002,8.0375,26.45671375
2026-08-11T22:10:00.000Z,MCT2408041,15.224628,74.171389,32.6875,462.95917499999996,443.375,91.04113124999998,13.713125000000002,9.7,8.090000000000002,20.25,8.900000000000002,7.956250000000001,26.522403124999993
2026-08-11T22:20:00.000Z,MCT2408041,15.224628,74.171389,32.375,463.7632125,448.625,91.014904375,13.563750000000002,9.7,8.090000000000002,20.25,8.900000000000002,8.035625,26.592116875000002
2026-08-11T22:27:44.119Z,MCT2408041,15.224628,74.171389,32.416666666666664,467.442675,443,90.86851750000001,13.464166666666666,9.700000000000001,8.090000000000002,20.25,8.900000000000002,7.980833333333333,26.604404999999996
2026-08-11T21:40:00.000Z,MCT2408045,15.619444,73.878889,27.375,178.11999999999995,529.75,87.48869249999998,11.226874999999998,17.2975,3.020000000000001,11.053749999999999,5.865,2.5300000000000002,27.107591875000008
2026-08-11T21:50:00.000Z,MCT2408045,15.619444,73.878889,27.625,178.11999999999995,541.3125,87.53113437499998,11.43,17.335624999999997,3.051250000000001,11.05375,5.828750000000001,2.5300000000000002,27.109601250000004
2026-08-11T22:00:00.000Z,MCT2408045,15.619444,73.878889,27.9375,178.11999999999995,550.3125,87.546391875,11.615625,17.400000000000002,3.020000000000001,10.590625,5.405625000000001,2.5300000000000002,27.102898749999998
2026-08-11T22:10:00.000Z,MCT2408045,15.619444,73.878889,27.625,178.11999999999995,557.125,87.387604375,11.421249999999999,17.310624999999998,3.020000000000001,10.76875,5.581250000000001,2.5300000000000002,27.14244875
2026-08-11T22:20:00.000Z,MCT2408045,15.619444,73.878889,27.75,178.11999999999995,564.5,87.45245312499999,11.5025,17.29875,3.020000000000001,10.76875,5.581875,2.5300000000000002,27.12099875
2026-08-11T22:27:44.149Z,MCT2408045,15.619444,73.878889,27.666666666666668,178.11999999999998,555.0833333333334,87.54528,11.505,17.252499999999998,3.1033333333333335,11.0775,5.795833333333333,2.5300000000000002,27.115635000000008
2026-08-11T21:40:00.000Z,MCT2408033,15.346944,74.007778,21.75,125.28524374999999,489.125,87.66845999999998,8.6575,54.08415000000001,3.0300000000000007,7.78875,4.8175,4.39,27.737691249999994
2026-08-11T21:50:00.000Z,MCT2408033,15.346944,74.007778,21.625,125.34906875,493.625,87.84870562499998,8.58125,55.105424375,3.0300000000000007,8.014375000000001,5.073124999999999,4.39,27.669318750000002
2026-08-11T22:00:00.000Z,MCT2408033,15.346944,74.007778,21.4375,123.73071875,507.4375,87.96886937499998,8.325625,56.15870062499999,3.0300000000000007,7.628125000000001,4.6343749999999995,4.39,27.64183625
2026-08-11T22:10:00.000Z,MCT2408033,15.346944,74.007778,21.6875,123.19443124999998,492.1875,87.932153125,8.55375,54.492659375,3.0300000000000007,7.949375,5.000625,4.39,27.655911250000003
2026-08-11T22:20:00.000Z,MCT2408033,15.346944,74.007778,21.625,125.21589375000002,458.9375,88.04420875000001,8.4825,52.874625625,3.0300000000000007,7.820625,4.854375,4.39,27.547321874999998
2026-08-11T22:27:44.147Z,MCT2408033,15.346944,74.007778,22.25,122.98070833333334,468.25,88.13083416666667,8.950000000000001,54.1214875,3.0300000000000007,7.95,5.000000000000001,4.39,27.45794666666667
2026-08-11T21:40:00.000Z,MCT2408024,15.148056,74.131667,40.96,220.842744,514.92,81.17956399999997,17.828570400000004,7.391342279999999,5,15.190000000000005,8.190000000000003,2.4976,28.41702119999999
2026-08-11T21:50:00.000Z,MCT2408024,15.148056,74.131667,40.875,220.8468375,571.1666666666666,81.25420583333332,17.84487291666667,8.036315874999996,5,15.240000000000004,8.240000000000002,2.5095833333333335,28.389242916666657
2026-08-11T22:00:00.000Z,MCT2408024,15.148056,74.131667,41.24,220.73898,551.52,81.06420880000002,18.026748000000005,6.52150096,5,15.630000000000004,8.630000000000003,2.5148,28.424314000000003
2026-08-11T22:10:00.000Z,MCT2408024,15.148056,74.131667,40.333333333333336,221.64307916666664,563.5,80.97986499999998,17.30971375,6.188672666666668,5,15.198333333333338,8.198333333333336,2.5091666666666668,28.40979958333334
2026-08-11T22:20:00.000Z,MCT2408024,15.148056,74.131667,40.28,221.38840399999998,596.24,81.2033684,17.37948280000001,7.503607799999997,5,14.990000000000004,7.990000000000002,2.5004000000000004,28.369400799999998
2026-08-11T22:27:44.148Z,MCT2408024,15.148056,74.131667,40.63157894736842,220.75874736842104,545.6842105263158,81.21120947368418,17.647174736842107,6.9871651578947365,5,15.042631578947372,8.042631578947368,2.5105263157894733,28.414786315789474
2026-08-11T21:40:00.000Z,MCT2408022,15.475833,74.038889,26.625,150,455.1875,90.36544937500001,4.119375000000001,11.325174999999998,5.8125,20.5625,11.9375,4.290625125,27.285899999999998
2026-08-11T21:50:00.000Z,MCT2408022,15.475833,74.038889,26.5625,150,460.25,90.34017875000002,4.339375,11.236256874999999,5.8125,20.625,12.0625,4.217865124999999,27.271152499999996
2026-08-11T22:00:00.000Z,MCT2408022,15.475833,74.038889,27.4375,150,457.4375,90.56000125000001,4.134375,11.344125625,6.3125,22.25,13,4.25143825,27.238975624999995
2026-08-11T22:10:00.000Z,MCT2408022,15.475833,74.038889,28,150,452.1875,90.54331125,4.239375,11.315010000000001,6.9375,23.375,13.4375,4.2866705625,27.253723125
2026-08-11T22:20:00.000Z,MCT2408022,15.475833,74.038889,28.125,150,452.4375,90.33111875000002,4.328124999999999,11.217558124999998,7.125,23.75,13.625,4.284744,27.253053125000005
2026-08-11T22:27:44.333Z,MCT2408022,15.475833,74.038889,28.583333333333332,150,453.5833333333333,90.29885583333333,4.4325,11.303799166666666,7.25,24.666666666666668,14.416666666666666,4.286381749999999,27.2166325
2026-08-11T21:40:00.000Z,MCT2408032,15.525556,73.828611,35.04,226.3656,709.32,84.80596959999998,14.761200000000004,43.309200000000004,7.120000000000002,17.069999999999997,7.080000000000002,3.1243999999999996,28.71989520000001
2026-08-11T21:50:00.000Z,MCT2408032,15.525556,73.828611,35.44,227.97119999999998,700.2,85.22528039999997,15.183200000000006,42.9856,7.120000000000002,17.069999999999997,7.080000000000002,3.1515999999999993,28.6735624
2026-08-11T22:00:00.000Z,MCT2408032,15.525556,73.828611,35.24,227.7128,704.8,85.1672972,14.874400000000003,43.08200000000001,7.120000000000002,17.069999999999997,7.080000000000002,3.1944000000000004,28.58561920000001
2026-08-11T22:10:00.000Z,MCT2408032,15.525556,73.828611,35.333333333333336,230.36750000000006,704.4583333333334,85.19733166666666,14.950416666666671,43.68833333333333,7.120000000000002,17.069999999999997,7.080000000000002,3.185416666666667,28.473256249999995
2026-08-11T22:20:00.000Z,MCT2408032,15.525556,73.828611,35.52,228.53639999999996,704.72,85.25122120000002,15.213200000000008,43.74999999999999,7.120000000000002,17.126799999999996,7.136400000000004,3.1956000000000007,28.448767599999996
2026-08-11T22:27:44.334Z,MCT2408032,15.525556,73.828611,35.75,225.93400000000005,695.9,85.4230345,15.381000000000004,42.90749999999999,7.120000000000002,17.069999999999997,7.08,3.109,28.41123
2026-08-11T21:40:00.000Z,MCT2408036,15.171567,74.067106,36,120,524.6875,90.33636687500001,10.84625,8.03,6.676875,20.105625000000003,10.9225,10.952499999999999,27.287239375
2026-08-11T21:50:00.000Z,MCT2408036,15.171567,74.067106,36.4375,120,524.4375,90.09365625000001,10.443124999999998,8.044374999999999,4.638125,14.12125,7.7575,11.12625,27.196744999999996
2026-08-11T22:00:00.000Z,MCT2408036,15.171567,74.067106,35.9375,120,526.4375,89.67260937500004,11.07625,8.218125,5.69125,16.74875,8.897499999999999,11.013125,27.196743749999996
2026-08-11T22:10:00.000Z,MCT2408036,15.171567,74.067106,36.333333333333336,120,528.5333333333333,89.50628600000002,10.658,7.986666666666666,3.8600000000000008,12.024,6.720666666666667,11.213999999999999,27.123143333333335
2026-08-11T22:20:00.000Z,MCT2408036,15.171567,74.067106,36.5625,120,524.75,89.37553750000001,10.371875,7.928125,4.308125,12.633749999999997,6.711874999999999,11.32125,27.118316249999996
2026-08-11T22:27:44.360Z,MCT2408036,15.171567,74.067106,36.583333333333336,120,516.8333333333334,89.74699499999998,11.316666666666668,7.732499999999999,3.2449999999999997,10.260833333333334,5.8258333333333345,11.433333333333335,26.9744225
2026-08-11T21:40:00.000Z,MCT2408031,15.290833,74.149167,17.8125,190.03232500000001,448.875,87.5192125,7.274598750000001,6.6524109375,4.435625,11.90125,6.756875,4.894375,26.57602875
2026-08-11T21:50:00.000Z,MCT2408031,15.290833,74.149167,18,190.43581875,456.6875,87.47724750000003,7.386903500000001,6.652410937499999,4.07875,10.975624999999999,6.27875,5.0268749999999995,26.50832625
2026-08-11T22:00:00.000Z,MCT2408031,15.290833,74.149167,18.125,186.90117499999997,457.125,87.47915562500002,7.5390624375,6.1631745,4.2281249999999995,11.248125,6.338749999999999,4.880624999999999,26.43928562500001
2026-08-11T22:10:00.000Z,MCT2408031,15.290833,74.149167,18.125,187.89350625000003,456,87.45960750000002,7.472814562500001,6.4311493125,4.40625,11.683749999999998,6.546875,5.064374999999999,26.403086875000003
2026-08-11T22:20:00.000Z,MCT2408031,15.290833,74.149167,18.125,184.49211250000002,457.8125,87.47963187499998,7.481788437500001,6.370156375,4.13875,11.113125000000002,6.3393749999999995,5.204375,26.33002374999999
2026-08-11T22:27:44.363Z,MCT2408031,15.290833,74.149167,18.076923076923077,183.82057692307689,457.15384615384613,87.51935923076924,7.525500076923077,6.017574846153847,4.1415384615384605,11.236153846153844,6.412307692307692,4.99,26.28609307692308
2026-08-11T21:40:00.000Z,MCT2408035,15.236111,74.125,50,190.56773125,610.8125,89.56341125,20.519437499999995,62.28510312499999,3.799999999999999,10.19,4.909999999999998,3.8299999999999987,26.980901875000008
2026-08-11T21:50:00.000Z,MCT2408035,15.236111,74.125,49.4375,190.14724375,606.125,89.87144812499999,20.024761874999996,62.63309499999999,3.799999999999999,10.19,4.909999999999998,3.8299999999999987,26.958780624999992
2026-08-11T22:00:00.000Z,MCT2408035,15.236111,74.125,49.5625,190,608.0625,89.89958249999998,20.160783125000002,65.54736124999998,3.799999999999999,10.19,4.909999999999998,3.8299999999999987,26.9916275
2026-08-11T22:10:00.000Z,MCT2408035,15.236111,74.125,50.0625,190.0082625,604.4375,89.89099874999998,20.6752225,67.05163187499998,3.799999999999999,10.19,4.909999999999998,3.8299999999999987,27.037208125000003
2026-08-11T22:20:00.000Z,MCT2408035,15.236111,74.125,49.4375,190.07071875,598.3125,89.80755437499998,20.141019375,66.07836124999999,3.799999999999999,10.19,4.909999999999998,3.8299999999999987,27.019110000000005
2026-08-11T22:27:44.367Z,MCT2408035,15.236111,74.125,49.583333333333336,190,612.5,89.87033583333333,20.16989,68.58917833333332,3.7999999999999994,10.19,4.909999999999999,3.8299999999999987,26.979785833333334
2026-08-11T21:40:00.000Z,MCT2408039,15.163611,74.110833,29,392.18249999999995,449.75,85.79019875000002,8.680000000000001,10.3,9.019999999999998,28.94,11.759999999999998,2.3,27.185349374999994
2026-08-11T21:50:00.000Z,MCT2408039,15.163611,74.110833,29,387.67375,449.9375,86.00382250000001,10.031874999999998,10.3,9.019999999999998,28.94,11.759999999999998,2.3,27.19004062499999
2026-08-11T22:00:00.000Z,MCT2408039,15.163611,74.110833,29,386.73437499999994,442.8125,85.93992750000001,9.038124999999997,10.3,9.019999999999998,28.94,11.759999999999998,2.3,27.24098562499999
2026-08-11T22:10:00.000Z,MCT2408039,15.163611,74.110833,29,389.30437500000005,448.25,85.88318437500001,10.343749999999998,10.3,9.019999999999998,28.94,11.759999999999998,2.3,27.271153124999994
2026-08-11T22:20:00.000Z,MCT2408039,15.163611,74.110833,29,391.47124999999994,447.5625,85.88127687500001,10.308124999999999,10.3,9.019999999999998,28.94,11.759999999999998,2.3,27.312042499999997
2026-08-11T22:27:44.542Z,MCT2408039,15.163611,74.110833,29,378.09666666666664,445.1666666666667,85.78352416666668,9.701666666666666,10.299999999999999,9.019999999999998,28.94,11.76,2.3000000000000003,27.368570000000005
2026-08-11T21:40:00.000Z,MCT2408038,15.188889,74.055556,23.125,441.72187500000007,571.1875,90.12655749999999,9.7725,13.330000000000005,5.950000000000002,16.900000000000002,7.939999999999999,4.808125,27.034527500000003
2026-08-11T21:50:00.000Z,MCT2408038,15.188889,74.055556,23.25,438.26812500000005,574.3125,90.06313624999999,9.768125,13.330000000000005,5.950000000000002,16.900000000000002,7.981249999999998,4.802499999999999,27.1008875
2026-08-11T22:00:00.000Z,MCT2408038,15.188889,74.055556,23,435.1268749999999,580.125,90.24671749999999,9.690000000000001,13.330000000000005,5.950000000000002,16.961875000000003,8.214999999999998,4.797499999999999,27.09016125
2026-08-11T22:10:00.000Z,MCT2408038,15.188889,74.055556,23.6875,424.405,589.75,90.41885625,9.740625,13.330000000000005,6.41875,19.01125,9.721250000000001,4.78125,27.116304375
2026-08-11T22:20:00.000Z,MCT2408038,15.188889,74.055556,29.4375,409.24125000000004,593.625,90.52805375000003,9.711250000000001,13.330000000000005,10.413750000000002,31.063750000000002,16.051250000000003,4.79,27.146468750000004
2026-08-11T22:27:44.542Z,MCT2408038,15.188889,74.055556,30.75,409.1733333333334,599.6666666666666,90.52201416666668,9.878333333333334,13.330000000000004,11.408333333333333,33.7975,17.36333333333333,4.815,27.17819666666667
2026-08-11T21:40:00.000Z,MCT2408026,15.2467,74.198281,32.416666666666664,125,487.5416666666667,85.55718374999998,13.542875833333335,12.5,4.730000000000003,15.032499999999997,8.233333333333334,1.9508333333333334,28.118429999999993
2026-08-11T21:50:00.000Z,MCT2408026,15.2467,74.198281,32.583333333333336,125,489.9583333333333,85.77589291666663,13.517978333333334,12.5,4.730000000000003,14.549999999999995,7.750416666666667,1.9720833333333332,28.116642499999994
2026-08-11T22:00:00.000Z,MCT2408026,15.2467,74.198281,32.458333333333336,125,496.0416666666667,85.90305083333332,13.432653749999998,12.5,4.730000000000003,14.831249999999999,8.0325,1.8979166666666663,28.118429999999993
2026-08-11T22:10:00.000Z,MCT2408026,15.2467,74.198281,32.6,128.876304,499.44,85.80389439999998,13.601483999999997,12.5,4.730000000000003,14.509999999999996,7.710000000000001,2.0668,28.114998399999994
2026-08-11T22:20:00.000Z,MCT2408026,15.2467,74.198281,32.416666666666664,125,500.1666666666667,86.38084125000005,13.505664583333335,12.5,4.730000000000003,14.509999999999996,7.710000000000001,2.0399999999999996,27.956662499999993
2026-08-11T22:27:44.566Z,MCT2408026,15.2467,74.198281,32.473684210526315,125,500.3157894736842,86.36385842105265,13.470520526315793,12.5,4.730000000000002,14.509999999999996,7.709999999999999,2.119473684210526,27.956429473684203
2026-08-11T22:30:00.000Z,MCT2408020,15.543475,74.039433,23,180,553.1666666666666,89.45898666666666,9.299140666666666,19.586896666666668,7.575,22.834999999999997,12.235,3.66,27.592903333333336
2026-08-11T22:40:00.000Z,MCT2408020,15.543475,74.039433,23,180,548,89.4837775,9.107496375,19.721511249999995,7.071874999999999,22.135,12.080000000000004,3.6599999999999984,27.585529374999993
2026-08-11T22:50:00.000Z,MCT2408020,15.543475,74.039433,22.8125,180,553.25,89.481870625,9.222587,19.689281249999997,6.664374999999999,21.028125,11.498750000000003,3.6599999999999984,27.586869999999994
2026-08-11T23:00:00.000Z,MCT2408020,15.543475,74.039433,22.533333333333335,180,564.6,89.506286,9.089610733333332,19.63276133333333,6.861999999999999,21.188666666666666,11.46,3.6599999999999984,27.599338666666664
2026-08-11T23:10:00.000Z,MCT2408020,15.543475,74.039433,22.8125,180,562.25,89.55244437500002,9.274605062500001,19.686755624999996,6.956250000000001,21.961250000000003,12.138125000000002,3.6599999999999984,27.567431874999997
2026-08-11T23:20:00.000Z,MCT2408020,15.543475,74.039433,22.9375,180,566,89.588681875,8.935966,19.713937499999997,7.5943749999999985,23.068125000000002,12.196250000000001,3.6599999999999984,27.570111874999995
2026-08-11T23:26:21.617Z,MCT2408020,15.543475,74.039433,23.636363636363637,180,563,89.60671454545454,9.093368636363637,19.66319454545454,8.012727272727274,24.4,12.756363636363638,3.6599999999999993,27.58022909090909
2026-08-11T22:30:00.000Z,MCT2408028,15.186944,74.096667,41.55555555555556,593.5588888888888,470.1111111111111,93.39914333333334,18.008888888888887,12.605555555555554,9.212222222222222,32.04,18.99777777777778,1.9166666666666667,26.18195888888889
2026-08-11T22:40:00.000Z,MCT2408028,15.186944,74.096667,41.52,591.238,475.36,93.4787608,18.004,12.616800000000001,9.550000000000002,33.448800000000006,19.803199999999997,1.8392000000000002,26.168611199999997
2026-08-11T22:50:00.000Z,MCT2408028,15.186944,74.096667,41.75,591.5633333333334,471.625,93.49429916666664,18.1875,12.554583333333333,6.823333333333334,25.438750000000002,15.697916666666673,1.9949999999999999,26.202664999999996
2026-08-11T23:00:00.000Z,MCT2408028,15.186944,74.096667,41.52,589.4467999999999,478.76,93.4387816,18.004,12.4844,5.349999999999999,19.567999999999994,12.0504,1.8900000000000003,26.230388399999995
2026-08-11T23:10:00.000Z,MCT2408028,15.186944,74.096667,41.4,585.3348,474.12,93.51171959999999,17.9268,12.685999999999996,5.589999999999999,19.9664,12.130799999999997,1.8123999999999998,26.164750000000005
2026-08-11T23:20:00.000Z,MCT2408028,15.186944,74.096667,41.44,585.3684000000001,469.44,93.41436799999995,17.92,12.581199999999999,4.989999999999998,16.3452,9.3852,1.7316,26.141152399999996
2026-08-11T23:26:21.619Z,MCT2408028,15.186944,74.096667,41.375,585.7049999999999,473.9375,93.36285000000001,17.94625,12.620000000000001,4.99,15.596249999999998,8.636249999999999,1.79125,26.156409999999997
2026-08-11T22:30:00.000Z,MCT2408056,15.579167,73.920833,19,180,732.6666666666666,90.50929833333333,7.0249999999999995,12.468700999999998,4.69,16.541666666666664,10.465000000000002,1.5600000000000003,27.626865
2026-08-11T22:40:00.000Z,MCT2408056,15.579167,73.920833,19.625,180,727.5625,90.4384075,7.048125000000001,10.976672125000002,4.98375,17.815625000000004,11.188125000000001,1.6937499999999999,27.641164999999994
2026-08-11T22:50:00.000Z,MCT2408056,15.579167,73.920833,19.3125,180,741.8125,90.6224675,6.961874999999999,11.6252930625,4.748749999999999,17.244375,11.071250000000001,1.6524999999999999,27.584189374999998
2026-08-11T23:00:00.000Z,MCT2408056,15.579167,73.920833,19.125,180,726.5,90.657276875,6.898749999999999,10.976672187500002,4.866249999999999,17.0175,10.602500000000001,1.6268749999999996,27.592231249999994
2026-08-11T23:10:00.000Z,MCT2408056,15.579167,73.920833,19.4375,180,726.875,90.79317500000003,6.995625,11.050322375,5.10125,17.531874999999996,10.718750000000002,1.7243750000000002,27.5506725
2026-08-11T23:20:00.000Z,MCT2408056,15.579167,73.920833,20.0625,180,718.0625,90.89283312499998,6.794375,10.486648875,5.21875,18.784999999999997,11.715625000000001,1.7449999999999997,27.576813749999992
2026-08-11T23:26:21.634Z,MCT2408056,15.579167,73.920833,19.7,180,702.7,90.81015000000001,6.877,10.9244127,4.877999999999999,17.576999999999998,11.151000000000002,1.7280000000000002,27.626151
2026-08-11T22:30:00.000Z,MCT2408057,15.272222,74.104722,30,356.3733333333333,439.1111111111111,83.92682555555555,12.475555555555555,8.96,2.98,9.174444444444443,5.102222222222223,2.2944444444444443,28.40562888888889
2026-08-11T22:40:00.000Z,MCT2408057,15.272222,74.104722,30,354.4004,438.04,83.81628519999998,12.568000000000001,8.886400000000002,2.9799999999999995,9.251200000000004,5.178800000000001,2.4312000000000005,28.3672552
2026-08-11T22:50:00.000Z,MCT2408057,15.272222,74.104722,30,354.80760000000004,437.48,84.86517440000001,12.536399999999999,8.830000000000002,3.003999999999999,9.590400000000006,5.466800000000002,2.5176000000000003,28.0939792
2026-08-11T23:00:00.000Z,MCT2408057,15.272222,74.104722,30,354.99240000000015,440.6,85.295166,12.511600000000001,8.915200000000002,3.051999999999999,9.680400000000002,5.466800000000002,2.4832000000000005,28.02276399999999
2026-08-11T23:10:00.000Z,MCT2408057,15.272222,74.104722,29.92,352.71160000000003,445.48,85.600342,12.435599999999999,8.9556,2.9799999999999995,9.636000000000003,5.556000000000003,2.3592,28.018046799999993
2026-08-11T23:20:00.000Z,MCT2408057,15.272222,74.104722,29.76,334.60880000000003,448.48,85.61163359999996,12.259199999999998,8.972800000000001,4.481599999999999,13.502,7.3268,2.246,28.1428848
2026-08-11T23:26:21.632Z,MCT2408057,15.272222,74.104722,30.0625,345.738125,458.25,86.21458374999999,12.553125000000001,8.95875,3.4643749999999986,10.813125,6.018125000000001,2.5174999999999996,28.008500625000003
2026-08-11T22:30:00.000Z,MCT2408055,15.585833,73.885556,19.833333333333332,106.76333333333336,662.8333333333334,90.03754666666667,8.896666666666667,31.886134999999996,3.8499999999999996,12.938333333333333,7.953333333333333,1.4750000000000003,27.428453333333334
2026-08-11T22:40:00.000Z,MCT2408055,15.585833,73.885556,19.6,102.77533333333332,666.7333333333333,89.97930733333335,8.658,29.753181333333334,4.106666666666667,13.246666666666666,7.908,1.3593333333333335,27.448474000000008
2026-08-11T22:50:00.000Z,MCT2408055,15.585833,73.885556,19.25,100.586875,668.1875,90.01545312500001,8.463750000000001,29.862835,4.199375000000002,13.5275,8.095,1.303125,27.436721249999998
2026-08-11T23:00:00.000Z,MCT2408055,15.585833,73.885556,19.1875,109.44624999999999,653.5625,89.943450625,8.44375,28.1321575,3.937500000000001,13.240624999999998,8.136875,1.5556249999999998,27.463533124999994
2026-08-11T23:10:00.000Z,MCT2408055,15.585833,73.885556,19.375,110.400625,652.25,89.88909187499998,8.526250000000001,29.147186249999997,3.8062500000000004,12.991875,8.094375,1.465625,27.493026249999996
2026-08-11T23:20:00.000Z,MCT2408055,15.585833,73.885556,19.5,112.91749999999999,648.9375,89.79658749999999,8.645625,27.117128750000003,3.7625000000000006,12.745625,7.925,1.48625,27.537267500000002
2026-08-11T23:26:21.636Z,MCT2408055,15.585833,73.885556,19.2,112.61399999999999,647.5,89.79772899999998,8.46,26.610689,4.0600000000000005,13.947,8.656,1.4679999999999997,27.547858
2026-08-11T22:30:00.000Z,MCT2408053,15.263333,74.110833,46.666666666666664,259.14976666666666,664.1666666666666,92.96087833333333,19.838333333333335,25.298333333333332,4.59,11.831666666666665,5.828333333333333,6.013333333333333,26.468555
2026-08-11T22:40:00.000Z,MCT2408053,15.263333,74.110833,43.5625,249.8472625,718.875,93.219321875,17.210625,27.667500000000004,4.590000000000002,12.033749999999996,6.063124999999999,6.086875,26.461403750000006
2026-08-11T22:50:00.000Z,MCT2408053,15.263333,74.110833,45.25,176.90596250000002,719.8125,93.56550562500003,18.685000000000002,27.871250000000003,4.590000000000002,11.730624999999996,5.710625,6.253749999999999,26.41917625
2026-08-11T23:00:00.000Z,MCT2408053,15.263333,74.110833,42.875,217.96523749999997,740.625,93.7338275,16.651875,27.528750000000006,4.590000000000002,12.216249999999999,6.2749999999999995,5.9775,26.425208124999997
2026-08-11T23:10:00.000Z,MCT2408053,15.263333,74.110833,42.8125,236.9474875,719.125,93.56741374999999,16.509375,28.818125000000002,4.590000000000002,11.791249999999996,5.78125,6.10375,26.508996875
2026-08-11T23:20:00.000Z,MCT2408053,15.263333,74.110833,44.4375,226.36331875000002,740.0625,93.81870624999999,17.982499999999998,27.956875000000004,4.820000000000001,13.431874999999998,7.26125,6.115,26.524413749999997
2026-08-11T23:26:21.804Z,MCT2408053,15.263333,74.110833,42.2,241.61485,710.5,93.599456,16.025000000000002,26.078000000000003,4.590000000000001,12.252,6.317,6.45,26.576162999999998
2026-08-11T22:30:00.000Z,MCT2408052,15.444425,74.063856,27.333333333333332,160,712.5,89.69041,3.756959,8,10.756666666666666,30.976666666666663,15.073333333333336,2,27.52855333333333
2026-08-11T22:40:00.000Z,MCT2408052,15.444425,74.063856,25.75,160,721,89.75462374999998,3.6691229375000005,8,9.69875,27.371875000000003,13.051875000000003,2,27.539947500000004
2026-08-11T22:50:00.000Z,MCT2408052,15.444425,74.063856,25.9375,160,696.5625,89.70646249999999,3.7327631875000007,8,9.96875,28.082500000000003,13.378125000000002,2,27.56072875
2026-08-11T23:00:00.000Z,MCT2408052,15.444425,74.063856,24.8125,160,736.4375,89.60394250000002,3.7327633124999995,8,9.221250000000001,25.733749999999997,12.103750000000002,2,27.5727925
2026-08-11T23:10:00.000Z,MCT2408052,15.444425,74.063856,24.3125,160,727.9375,89.67070249999999,3.7971492499999995,8,8.779375,24.308750000000003,11.283124999999998,2,27.534584374999994
2026-08-11T23:20:00.000Z,MCT2408052,15.444425,74.063856,24.5625,160,737.9375,89.59440687499998,3.7225000625,8,8.9475,24.826875000000005,11.565000000000003,2,27.50240875
2026-08-11T23:26:21.812Z,MCT2408052,15.444425,74.063856,24.4,160,715,89.67565799999998,3.7627369,8,8.931000000000001,24.551,11.322000000000001,2,27.477074000000005
2026-08-11T22:30:00.000Z,MCT2408043,15.221111,74.087222,33,206.87600000000003,488.6,86.69867,14.274000000000001,10.434,6.33,22.142000000000003,13.065999999999999,5.29,27.045922
2026-08-11T22:40:00.000Z,MCT2408043,15.221111,74.087222,34.25,200.51812500000003,494.1875,86.85927000000001,14.225624999999997,10.515625000000004,10.051875000000003,33.55437499999999,18.894999999999996,5.290000000000001,27.083460625000004
2026-08-11T22:50:00.000Z,MCT2408043,15.221111,74.087222,36,198.598125,501.5625,87.03522187499999,14.214999999999998,10.41,10.764999999999999,36.69250000000001,20.815625,5.290000000000001,27.086811875
2026-08-11T23:00:00.000Z,MCT2408043,15.221111,74.087222,33.4,202.90866666666668,513.8666666666667,87.10658533333331,14.217333333333332,10.452,8.443333333333333,29.953333333333333,17.506666666666668,5.290000000000001,27.057364
2026-08-11T23:10:00.000Z,MCT2408043,15.221111,74.087222,45.875,193.854375,508.875,87.10913,14.202499999999997,10.446250000000001,18.759375,60.83375000000001,33.306875000000005,5.290000000000001,27.078097500000002
2026-08-11T23:20:00.000Z,MCT2408043,15.221111,74.087222,45.0625,200.6275,505.6875,87.06955249999999,14.256874999999997,10.45,17.889374999999998,59.223125,32.82875,5.290000000000001,27.089491875000004
2026-08-11T23:26:21.821Z,MCT2408043,15.221111,74.087222,37.22222222222222,199.0288888888889,515.5555555555555,87.03029555555554,14.21888888888889,10.431111111111111,12.944444444444445,42.48555555555556,23.628888888888888,5.29,27.097165555555552
2026-08-11T22:30:00.000Z,MCT2408051,15.486528,74.033889,52,323.04,556.1666666666666,97.68092666666666,22.061666666666664,5.19,3.73,12.12,6.535,4.39,26.439954999999998
2026-08-11T22:40:00.000Z,MCT2408051,15.486528,74.033889,51.9375,326.32124999999996,548.4375,97.79362187499999,22.026874999999997,5.1899999999999995,3.7299999999999986,12.313750000000002,6.729374999999998,4.39,26.427219375000007
2026-08-11T22:50:00.000Z,MCT2408051,15.486528,74.033889,51.9375,327.66125,542.875,97.96766749999999,22.036249999999995,5.1899999999999995,3.885624999999999,13.206249999999999,7.468749999999999,4.39,26.417834375000005
2026-08-11T23:00:00.000Z,MCT2408051,15.486528,74.033889,52,326.69999999999993,537.5625,97.927610625,22.069999999999997,5.1899999999999995,3.8462499999999986,13.516874999999999,7.8187500000000005,4.39,26.435261250000003
2026-08-11T23:10:00.000Z,MCT2408051,15.486528,74.033889,51.9375,326.159375,527.375,97.91235124999999,22.026875,5.1899999999999995,4.003125,13.361874999999998,7.507499999999999,4.39,26.437943125000007
2026-08-11T23:20:00.000Z,MCT2408051,15.486528,74.033889,52.0625,324.75375,539.5,97.78885125000002,22.106875,5.1899999999999995,3.7687499999999985,12.391250000000001,6.768124999999999,4.39,26.43056875000001
2026-08-11T23:26:21.821Z,MCT2408051,15.486528,74.033889,51.9,320.5280000000001,546.7,97.74069099999997,22.005999999999993,5.1899999999999995,3.7299999999999995,11.996,6.409000000000001,4.39,26.391691
2026-08-11T22:30:00.000Z,MCT2408021,15.500556,74.053333,48.166666666666664,375,531.8333333333334,89.80994,20.933333333333334,14.118161666666666,2.86,8.913333333333334,5.473333333333334,4.27,27.079886666666667
2026-08-11T22:40:00.000Z,MCT2408021,15.500556,74.053333,48.125,375,531.6875,89.80230875,20.838124999999998,14.08075625,2.9187499999999997,9.403749999999999,5.949999999999999,4.265625,27.063350000000003
2026-08-11T22:50:00.000Z,MCT2408021,15.500556,74.053333,47.8125,375,527.375,89.80803125,20.843124999999997,14.091897500000002,2.86,9.239999999999997,5.830624999999999,4.209375,27.0459225
2026-08-11T23:00:00.000Z,MCT2408021,15.500556,74.053333,47.733333333333334,375,518.2666666666667,89.91471333333334,20.75866666666667,14.179553333333333,2.9226666666666663,9.160666666666666,5.680000000000001,4.223333333333333,27.023042666666665
2026-08-11T23:10:00.000Z,MCT2408021,15.500556,74.053333,47.6875,375,531.4375,90.11940374999999,20.709375,14.09418,2.86,9.184999999999999,5.771875,4.219375,26.986933749999995
2026-08-11T23:20:00.000Z,MCT2408021,15.500556,74.053333,48,375,537.5625,90.17042687499999,20.834374999999998,14.089616874999999,2.86,8.533125,5.0581249999999995,4.323125,26.95141000000001
2026-08-11T23:26:21.820Z,MCT2408021,15.500556,74.053333,47.7,375,532.6,90.18072799999997,20.811,14.128222,2.86,8.567,5.095000000000001,4.382000000000001,26.920439999999996
2026-08-11T22:30:00.000Z,MCT2408050,15.553611,73.958333,27.666666666666668,86.02999999999999,553.5,92.54761833333333,11.433333333333335,3.8416666666666663,4.381666666666668,14.026666666666666,7.649999999999999,2.7933333333333334,27.196071666666665
2026-08-11T22:40:00.000Z,MCT2408050,15.553611,73.958333,27.8125,86.02999999999999,569.25,92.415850625,11.652500000000002,3.9418749999999996,4.399375000000001,14.651875,8.23625,2.92,27.214171874999998
2026-08-11T22:50:00.000Z,MCT2408050,15.553611,73.958333,27.733333333333334,86.02999999999999,545.7333333333333,92.52600266666668,11.478666666666667,3.9353333333333333,4.296666666666668,14.484666666666667,8.276,2.731333333333333,27.161752666666665
2026-08-11T23:00:00.000Z,MCT2408050,15.553611,73.958333,27.8125,86.02999999999999,551.6875,92.41823625000002,11.603125000000002,4.004375,4.665000000000001,16.530625,9.621875000000001,2.8843749999999995,27.172611250000006
2026-08-11T23:10:00.000Z,MCT2408050,15.553611,73.958333,27.8125,86.02999999999999,522.25,92.386764375,11.575000000000001,4.02375,4.718125,16.369999999999997,9.355625,2.8593750000000004,27.20210437500001
2026-08-11T23:20:00.000Z,MCT2408050,15.553611,73.958333,27.5625,86.02999999999999,551.3125,92.661900625,11.333750000000002,4.13125,4.399375000000001,15.565625,9.143750000000002,2.851875,27.171941250000003
2026-08-11T23:26:21.988Z,MCT2408050,15.553611,73.958333,27.90909090909091,86.02999999999999,534.3636363636364,92.65708818181817,11.558181818181817,4.052727272727273,4.626363636363638,15.84636363636364,8.968181818181819,2.817272727272727,27.20387272727273
2026-08-11T22:30:00.000Z,MCT2408034,15.356389,74.123611,21.22222222222222,196.37272222222222,484.6666666666667,78.51334777777778,7.077777777777778,4.819999999999999,6.380000000000001,18.237777777777776,8.857777777777777,1.5022222222222221,30.35282777777778
2026-08-11T22:40:00.000Z,MCT2408034,15.356389,74.123611,21.32,198.14897599999998,487.24,78.82025160000002,6.634799999999999,5.077999999999999,6.379999999999998,18.757199999999997,9.377199999999998,1.4043999999999996,30.28490200000001
2026-08-11T22:50:00.000Z,MCT2408034,15.356389,74.123611,21.125,183.8623625,492.3333333333333,78.9049879166667,6.44,5.232916666666666,6.379999999999998,18.44583333333333,9.065833333333332,1.2879166666666664,30.275070833333345
2026-08-11T23:00:00.000Z,MCT2408034,15.356389,74.123611,21.32,195.58136,497.32,78.74334760000004,6.734,5.4716,6.379999999999998,18.382399999999997,9.0024,1.3571999999999997,30.272890799999995
2026-08-11T23:10:00.000Z,MCT2408034,15.356389,74.123611,21.12,187.174056,494.16,78.7052004,6.5132,4.9112,6.379999999999998,18.495999999999995,9.115999999999998,1.2559999999999998,30.260877599999986
2026-08-11T23:20:00.000Z,MCT2408034,15.356389,74.123611,21.166666666666668,186.89096666666669,496.5,78.79658625000002,6.514583333333333,5.201249999999998,6.379999999999998,18.366666666666664,8.986666666666666,1.3287499999999997,30.233065416666662
2026-08-11T23:26:21.997Z,MCT2408034,15.356389,74.123611,21.0625,190.3313,502.875,78.742545625,6.400625000000001,5.195625,6.379999999999999,18.289999999999996,8.909999999999998,1.201875,30.262112499999997
2026-08-11T22:30:00.000Z,MCT2408030,15.142519,74.075003,26,168.90498333333332,441.8333333333333,84.94746666666667,9.008333333333333,6.2,9.37,24.64,12.31,4.156666666666667,26.99766
2026-08-11T22:40:00.000Z,MCT2408030,15.142519,74.075003,26,169.79738125,438.375,84.99817374999998,9.010625,6.200000000000002,9.370000000000001,24.639999999999993,12.31,4.1656249999999995,26.963475000000006
2026-08-11T22:50:00.000Z,MCT2408030,15.142519,74.075003,26,169.63317999999998,439.8666666666667,85.076658,8.990666666666668,6.200000000000002,9.370000000000001,24.639999999999993,12.31,4.200666666666666,26.930092666666667
2026-08-11T23:00:00.000Z,MCT2408030,15.142519,74.075003,26,168.88311333333328,437.1333333333333,85.09090066666667,8.752,6.200000000000002,9.370000000000001,24.639999999999993,12.31,4.1419999999999995,26.89720333333333
2026-08-11T23:10:00.000Z,MCT2408030,15.142519,74.075003,26,169.14632500000005,427.6875,85.124059375,9.265625,6.200000000000002,9.370000000000001,24.639999999999993,12.31,4.114375000000001,26.854884375
2026-08-11T23:20:00.000Z,MCT2408030,15.142519,74.075003,26,167.79418666666666,441.53333333333336,85.14431066666667,8.784666666666668,6.200000000000002,9.370000000000001,24.639999999999993,12.31,3.9286666666666665,26.828562666666667
2026-08-11T23:26:22.014Z,MCT2408030,15.142519,74.075003,26,168.58498000000003,443.4,85.154482,9.047,6.200000000000001,9.370000000000001,24.639999999999997,12.31,4.086,26.771362999999997
2026-08-11T22:30:00.000Z,MCT2408023,15.499722,74.020833,45.333333333333336,244.5583333333333,525.3333333333334,90.89203833333333,9.290000000000001,20.31,16.900000000000002,56.98999999999999,37.21666666666667,5.418333333333333,26.64909
2026-08-11T22:40:00.000Z,MCT2408023,15.499722,74.020833,41.3125,231.01,525.75,90.91429249999996,9.914999999999997,20.433125,13.306249999999997,46.86,31.9,5.605625,26.666521874999997
2026-08-11T22:50:00.000Z,MCT2408023,15.499722,74.020833,37.3125,240.35374999999996,527.875,90.95196062499998,9.563124999999998,20.640625,11.089374999999999,38.865,26.643749999999997,5.563125,26.706742500000008
2026-08-11T23:00:00.000Z,MCT2408023,15.499722,74.020833,44.5,228.5,531.4375,91.01061187500001,9.4875,20.646250000000006,16.396874999999998,54.220625,35.344375,5.5337499999999995,26.702719374999997
2026-08-11T23:10:00.000Z,MCT2408023,15.499722,74.020833,49.4375,238.030625,529.75,91.12505187500003,9.241875,20.758125,17.663125,61.582499999999996,41.324999999999996,5.456875,26.66518187500001
2026-08-11T23:20:00.000Z,MCT2408023,15.499722,74.020833,48.125,233.71625,525.625,91.13935750000002,9.493125,20.774375000000003,18.218750000000004,60.94812500000001,39.875,5.563750000000001,26.661159375000008
2026-08-11T23:26:22.015Z,MCT2408023,15.499722,74.020833,35.9,248.546,524.5,91.10845599999999,9.947,20.643,10.139,36.349000000000004,25.084999999999997,5.551,26.666254
2026-08-11T22:30:00.000Z,MCT2408029,15.333611,74.206944,12.5,284.2866,620.6666666666666,92.75869833333333,4.271666666666667,7.14,2.94,8.67,4.71,3.5,27.187135
2026-08-11T22:40:00.000Z,MCT2408029,15.333611,74.206944,12,285.50266666666664,624.7333333333333,92.86016733333332,2.880666666666666,7.206666666666667,2.9399999999999995,8.747333333333334,4.787999999999999,3.5020000000000002,27.12743266666667
2026-08-11T22:50:00.000Z,MCT2408029,15.333611,74.206944,12,292.59884375,613.875,92.84738937499998,2.9437499999999996,7.2425,2.9399999999999995,8.778749999999999,4.819374999999999,3.5,27.105580000000007
2026-08-11T23:00:00.000Z,MCT2408029,15.333611,74.206944,12.0625,293.08285625,615.8125,92.90746999999999,3.69,7.25,2.9399999999999995,8.706249999999999,4.746249999999999,3.525625,27.051954375000005
2026-08-11T23:10:00.000Z,MCT2408029,15.333611,74.206944,12,292.23800625,623.1875,92.92845187499996,2.7600000000000002,7.1475,2.9399999999999995,8.815,4.855624999999999,3.5,27.006374374999996
2026-08-11T23:20:00.000Z,MCT2408029,15.333611,74.206944,12.25,289.07529999999997,618.375,92.98900937499998,2.789375,7.16875,2.9399999999999995,8.706249999999999,4.746249999999999,3.5999999999999996,26.948726875000006
2026-08-11T23:26:22.014Z,MCT2408029,15.333611,74.206944,12,291.01792,619.5,92.88229099999998,2.1930000000000005,7.294,2.9400000000000004,8.67,4.71,3.503,26.948324000000003
2026-08-11T22:30:00.000Z,MCT2408027,15.275556,74.1075,25.833333333333332,1153.8433333333335,647.5,90.79794499999998,6.579999999999999,12.866666666666669,6.903333333333333,21.521666666666665,11.858333333333334,2.9499999999999997,27.02626166666667
2026-08-11T22:40:00.000Z,MCT2408027,15.275556,74.1075,22.8125,1173.8725,631.25,90.76027187500002,6.579999999999999,12.827500000000006,4.991875,15.833750000000002,8.830625,2.9500000000000006,26.958111875
2026-08-11T22:50:00.000Z,MCT2408027,15.275556,74.1075,39,1152.765,610.3125,90.83132125,6.579999999999999,12.793125000000002,16.086250000000003,47.92937499999999,24.949999999999996,2.9500000000000006,26.89912312499999
2026-08-11T23:00:00.000Z,MCT2408027,15.275556,74.1075,23.375,1169.4731250000002,617.3125,90.70925062499998,6.579999999999999,13.001250000000004,5.238125000000001,16.943125,9.5725,2.9500000000000006,26.876333750000004
2026-08-11T23:10:00.000Z,MCT2408027,15.275556,74.1075,24.9375,1166.7024999999999,619.875,90.92049000000002,6.579999999999999,12.825000000000005,6.1643750000000015,19.959999999999997,11.177499999999998,2.9500000000000006,26.818016250000007
2026-08-11T23:20:00.000Z,MCT2408027,15.275556,74.1075,24.25,1170.274375,626.25,91.15414187500001,6.579999999999999,12.678125000000005,5.61,18.48125,10.313125,2.9500000000000006,26.805278125000005
2026-08-11T23:26:22.179Z,MCT2408027,15.275556,74.1075,24.3,1170.5149999999999,623.1,92.25363300000001,6.58,12.867,5.326,18.629,10.969000000000003,2.9499999999999997,26.574017000000005
2026-08-11T22:30:00.000Z,MCT2408040,15.528056,74.020833,18.833333333333332,100,446,88.83337333333333,8.075000000000001,4.711666666666667,3.07,9.003333333333332,4.281666666666667,3.5,27.641165
2026-08-11T22:40:00.000Z,MCT2408040,15.528056,74.020833,19.0625,100,437.0625,88.69270750000001,8.241875000000002,4.64125,3.07,8.5075,3.8099999999999987,3.5,27.67066
2026-08-11T22:50:00.000Z,MCT2408040,15.528056,74.020833,19.125,100,433.8125,88.44809,8.115,4.661874999999999,3.07,8.42,3.7299999999999986,3.5,27.795339374999998
2026-08-11T23:00:00.000Z,MCT2408040,15.528056,74.020833,18.875,100,433.1875,88.16437062499999,8.086250000000001,4.686874999999999,3.07,8.42,3.7299999999999986,3.5,27.87644875
2026-08-11T23:10:00.000Z,MCT2408040,15.528056,74.020833,19.125,100,424.9375,88.06375687499998,8.330625000000001,4.716875,3.07,8.42,3.7299999999999986,3.5,27.899909375000004
2026-08-11T23:20:00.000Z,MCT2408040,15.528056,74.020833,18.875,100,431.6875,87.998431875,8.110625,4.7231250000000005,3.07,8.42,3.7299999999999986,3.5,27.966941874999996
2026-08-11T23:26:22.187Z,MCT2408040,15.528056,74.020833,19,100,430.9,87.99871800000001,8.294,4.734999999999999,3.07,8.42,3.7299999999999995,3.5,27.948978
2026-08-11T22:30:00.000Z,MCT2408049,15.475278,74.055833,56.833333333333336,150,539.3333333333334,88.21285,24.253333333333334,11.251666666666667,4.985,15.701666666666668,8.441666666666668,2.61,27.56072833333333
2026-08-11T22:40:00.000Z,MCT2408049,15.475278,74.055833,56.625,150,542.5,88.22921874999997,24.12625,11.031875000000001,4.888749999999999,15.320000000000002,8.1525,2.61,27.557377499999994
2026-08-11T22:50:00.000Z,MCT2408049,15.475278,74.055833,56.875,150.68609375,542.75,88.30170124999998,24.370625000000004,10.908124999999998,4.69625,14.696875,7.769375,2.61,27.578156249999996
2026-08-11T23:00:00.000Z,MCT2408049,15.475278,74.055833,56.625,150.437325,549.625,88.09332249999997,24.099375,10.908750000000003,4.6,14.505625,7.625624999999999,2.61,27.621726250000005
2026-08-11T23:10:00.000Z,MCT2408049,15.475278,74.055833,56.733333333333334,150,544.9333333333333,87.89750333333332,24.171333333333333,10.184,4.6,15.321333333333333,8.441333333333334,2.61,27.597191999999996
2026-08-11T23:20:00.000Z,MCT2408049,15.475278,74.055833,56.875,150,523.875,87.90878812500002,24.274375,11.151875,5.36875,16.7075,9.064375000000004,2.61,27.568772499999994
2026-08-11T23:26:22.205Z,MCT2408049,15.475278,74.055833,56.81818181818182,152.31172727272727,524.9090909090909,87.90328363636362,24.235454545454544,11.95818181818182,5.369090909090908,16.78181818181818,9.140000000000002,2.61,27.55975454545455
2026-08-11T22:30:00.000Z,MCT2408044,15.313669,74.140042,24,214.29000000000002,488,90.099852,10.614,3.386,2.87,8.1,4.9719999999999995,4.2294871999999994,27.213234
2026-08-11T22:40:00.000Z,MCT2408044,15.313669,74.140042,24.2,214.29,486.06666666666666,89.93607666666666,10.716,3.6599999999999997,2.8699999999999997,7.6,4.428,4.253333266666667,27.178196666666665
2026-08-11T22:50:00.000Z,MCT2408044,15.313669,74.140042,24.428571428571427,214.29,491.5,89.85135428571428,10.802142857142858,3.410714285714286,3.0342857142857143,8.25,4.901428571428572,4.215018214285714,27.136318571428564
2026-08-11T23:00:00.000Z,MCT2408044,15.313669,74.140042,24.2,214.29,481,89.86995466666667,10.719333333333333,3.3546666666666667,2.8699999999999997,7.633333333333334,4.464,4.341025533333332,27.043062666666668
2026-08-11T23:10:00.000Z,MCT2408044,15.313669,74.140042,24.2,214.29,485.6,90.19903599999999,10.723333333333331,3.4233333333333333,2.986,8.366666666666667,5.044666666666667,3.9522221333333336,27.00373733333333
2026-08-11T23:20:00.000Z,MCT2408044,15.313669,74.140042,24.5,214.29,490.92857142857144,90.46878785714286,10.848571428571429,3.366428571428571,2.87,7.714285714285714,4.5528571428571425,3.916117214285715,26.990000000000002
2026-08-11T23:26:22.205Z,MCT2408044,15.313669,74.140042,24.1,214.29000000000002,491.4,90.60797,10.716,3.353,2.8700000000000006,7.55,4.3740000000000006,3.8420511999999993,27.00195
2026-08-11T22:30:00.000Z,MCT2408037,15.394444,74.118333,25,160,507,86.26354166666665,10.51,215.26500000000001,4.583333333333333,17.718333333333334,9.49,3.501666666666667,27.08524833333333
2026-08-11T22:40:00.000Z,MCT2408037,15.394444,74.118333,25.125,160,502,86.40102812500001,10.516875,215.69625000000002,4.1825,16.150000000000002,8.711875,3.686875,27.06737374999999
2026-08-11T22:50:00.000Z,MCT2408037,15.394444,74.118333,25.125,160,486.4375,86.47541312500002,10.509375,215.55875,3.9512499999999995,15.228750000000002,8.245,3.6393750000000002,27.07675750000001
2026-08-11T23:00:00.000Z,MCT2408037,15.394444,74.118333,25.25,160,486.4375,86.39292125000001,10.55375,215.49,3.7662499999999994,14.308125000000004,7.778125,3.5224999999999995,27.144459374999997
2026-08-11T23:10:00.000Z,MCT2408037,15.394444,74.118333,25.375,160,489,86.25034812499999,10.721875000000002,214.79250000000002,3.7199999999999993,13.543750000000001,7.169375,3.578125,27.196741875000004
2026-08-11T23:20:00.000Z,MCT2408037,15.394444,74.118333,25.3125,160,490.3125,86.191695625,10.685000000000002,214.32812500000003,3.7199999999999993,12.88,6.56125,3.66375,27.198083749999995
2026-08-11T23:26:22.206Z,MCT2408037,15.394444,74.118333,25.6,160.12705,485.1,86.23403900000001,10.788000000000002,214.939,3.7199999999999998,13.574000000000002,7.197,3.6439999999999997,27.160679999999996
2026-08-11T22:30:00.000Z,MCT2408042,15.213889,74.071667,61.5,300.71000000000004,450.5,87.19813833333332,26.34,13.784999999999998,4.701666666666667,15.501666666666667,8.806666666666667,3.516666666666667,28.273946666666664
2026-08-11T22:40:00.000Z,MCT2408042,15.213889,74.071667,61.9375,301.291875,454.9375,87.31560125000001,26.635624999999997,13.890625,4.549999999999999,15.331250000000002,8.939374999999998,3.6787500000000004,28.186804375
2026-08-11T22:50:00.000Z,MCT2408042,15.213889,74.071667,61.6875,301.33437499999997,465.5625,87.55163625,26.509999999999994,13.39875,4.549999999999999,14.705000000000004,8.31375,3.9631249999999993,27.973644375000003
2026-08-11T23:00:00.000Z,MCT2408042,15.213889,74.071667,62.0625,298.724375,471.375,88.16627749999998,26.756249999999998,13.37375,4.6637499999999985,16.1875,9.565,4.2593749999999995,27.701493125
2026-08-11T23:10:00.000Z,MCT2408042,15.213889,74.071667,61.875,297.334375,474.875,88.57731312500002,26.629999999999995,13.222500000000002,7.905625,25.82125,14.52,4.254375,27.499727500000006
2026-08-11T23:20:00.000Z,MCT2408042,15.213889,74.071667,61.625,294.125625,470.1875,89.35074125000003,26.469999999999995,13.527500000000002,12.000625000000001,38.247499999999995,20.896874999999998,4.020625,27.25975625
2026-08-11T23:26:22.365Z,MCT2408042,15.213889,74.071667,61.5,290.71,474,89.73135299999998,26.389999999999997,13.61,9.736999999999998,30.915000000000003,16.946,3.7999999999999994,27.155317000000004
2026-08-11T22:30:00.000Z,MCT2408041,15.224628,74.171389,32.8,465.39074,443.2,90.800234,13.64,9.7,8.09,20.25,8.9,7.862,26.59547
2026-08-11T22:40:00.000Z,MCT2408041,15.224628,74.171389,32.25,462.8467437499999,444.5,90.81511250000001,13.469999999999999,9.7,8.090000000000002,20.25,8.900000000000002,7.9425,26.603511250000007
2026-08-11T22:50:00.000Z,MCT2408041,15.224628,74.171389,32.25,464.1572,455.0625,90.73690999999997,13.474375,9.7,8.090000000000002,20.25,8.900000000000002,7.923125000000001,26.622951249999996
2026-08-11T23:00:00.000Z,MCT2408041,15.224628,74.171389,32.125,461.41532500000005,460.6875,90.68541249999997,13.448749999999999,9.7,8.090000000000002,20.300625,8.950625000000002,8.014375,26.622951249999993
2026-08-11T23:10:00.000Z,MCT2408041,15.224628,74.171389,32.3125,457.77304375,449.8125,90.74739749999998,13.469999999999999,9.7,8.090000000000002,21.2625,9.907500000000002,7.961875000000001,26.58809562500001
2026-08-11T23:20:00.000Z,MCT2408041,15.224628,74.171389,32.5625,463.6630625,448.5625,90.78459312500001,13.594374999999998,9.7,8.090000000000002,20.25,8.900000000000002,8.054375,26.53983312499999
2026-08-11T23:26:22.371Z,MCT2408041,15.224628,74.171389,32.7,460.26302000000004,456.2,90.93298600000001,13.670999999999998,9.700000000000001,8.090000000000002,20.25,8.900000000000002,8.023000000000001,26.562219999999996
2026-08-11T22:30:00.000Z,MCT2408024,15.148056,74.131667,40.666666666666664,220.06435555555552,599.3333333333334,81.03359,17.69925555555556,6.734006999999999,5,14.99,7.990000000000001,2.5022222222222226,28.468787777777777
2026-08-11T22:40:00.000Z,MCT2408024,15.148056,74.131667,40.583333333333336,220.88459583333338,551.6666666666666,80.90356958333336,17.530632083333334,7.423340833333331,5,15.240000000000004,8.240000000000002,2.51125,28.483533750000003
2026-08-11T22:50:00.000Z,MCT2408024,15.148056,74.131667,40.68,221.656888,593.72,81.16033919999998,17.6103336,6.9264072,5,15.150000000000004,8.150000000000002,2.5096000000000003,28.363396400000013
2026-08-11T23:00:00.000Z,MCT2408024,15.148056,74.131667,40.6,220.73914399999998,554.32,81.3373404,17.5547108,7.3881676800000005,5,14.990000000000004,7.990000000000002,2.5080000000000005,28.318349200000004
2026-08-11T23:10:00.000Z,MCT2408024,15.148056,74.131667,40.375,221.01137916666673,618.9166666666666,81.32159749999997,17.411425416666663,7.335257625,5,15.115000000000004,8.115000000000002,2.501666666666666,28.307911250000004
2026-08-11T23:20:00.000Z,MCT2408024,15.148056,74.131667,40.64,220.71570400000002,582.48,81.37151959999998,17.6423236,7.0418473200000005,5,15.110000000000005,8.110000000000003,2.5016,28.283170000000013
2026-08-11T23:26:22.393Z,MCT2408024,15.148056,74.131667,40.5,218.35270625,617.6875,81.458134375,17.44562,7.034632312499999,5,14.990000000000004,7.989999999999998,2.5287500000000005,28.206913749999995
2026-08-11T22:30:00.000Z,MCT2408045,15.619444,73.878889,28,178.12,560.8333333333334,87.58215,11.866666666666667,17.419999999999998,3.186666666666667,11.600000000000001,6.22,2.53,27.110270000000003
2026-08-11T22:40:00.000Z,MCT2408045,15.619444,73.878889,28.0625,178.11999999999995,562.6875,87.61743874999998,11.654375,17.380625000000002,3.020000000000001,10.6975,5.51125,2.5300000000000002,27.10625000000001
2026-08-11T22:50:00.000Z,MCT2408045,15.619444,73.878889,27.75,178.11999999999995,557.9375,87.65558874999998,11.46375,17.410625000000003,3.020000000000001,10.448125000000001,5.264375,2.5300000000000002,27.120326874999996
2026-08-11T23:00:00.000Z,MCT2408045,15.619444,73.878889,27.8125,178.11999999999995,551.9375,87.68038250000001,11.460625,17.65375,3.020000000000001,10.163125,4.982500000000001,2.5300000000000002,27.17261312499999
2026-08-11T23:10:00.000Z,MCT2408045,15.619444,73.878889,27.6875,178.11999999999995,555.5625,87.67084750000001,11.463125,17.408125000000002,3.020000000000001,10.34125,5.158750000000001,2.5300000000000002,27.18736
2026-08-11T23:20:00.000Z,MCT2408045,15.619444,73.878889,28,178.11999999999995,550.625,87.71328499999996,11.7675,17.4475,3.020000000000001,10.270000000000001,5.086875,2.5300000000000002,27.220876250000007
2026-08-11T23:26:22.393Z,MCT2408045,15.619444,73.878889,28.1,178.11999999999998,553.5,87.78891199999998,11.837,17.785999999999994,3.02,9.757000000000001,4.576999999999998,2.5300000000000002,27.258281999999998
2026-08-11T22:30:00.000Z,MCT2408033,15.346944,74.007778,22.333333333333332,122.66680000000001,498.5,88.20776500000001,9.141666666666667,53.87048333333333,3.03,7.608333333333333,4.608333333333333,4.39,27.423090000000002
2026-08-11T22:40:00.000Z,MCT2408033,15.346944,74.007778,21.6875,121.948925,504.25,88.37274875000001,8.5925,53.803654375,3.0300000000000007,7.693125,4.706875,4.39,27.387786875000003
2026-08-11T22:50:00.000Z,MCT2408033,15.346944,74.007778,22,123.02249375,499.3125,88.61879812500001,8.71875,55.261673125,3.0300000000000007,7.5968750000000025,4.596875,4.39,27.336172499999996
2026-08-11T23:00:00.000Z,MCT2408033,15.346944,74.007778,21.25,119.67771249999998,507.125,88.83384937500003,8.115,52.29386375,3.0681250000000007,8.335625,5.36625,4.39,27.31003125
2026-08-11T23:10:00.000Z,MCT2408033,15.346944,74.007778,21.6,116.48848666666666,464.4,89.07395266666668,8.502666666666668,52.896588666666666,3.0300000000000007,8.276000000000002,5.370666666666667,4.39,27.328354
2026-08-11T23:20:00.000Z,MCT2408033,15.346944,74.007778,21.5625,120.37062499999999,483.1875,89.14665500000002,8.432500000000003,52.70237375,3.0300000000000007,7.916874999999999,4.9643749999999995,4.39,27.322096874999996
2026-08-11T23:26:22.393Z,MCT2408033,15.346944,74.007778,21.363636363636363,114.56439999999999,471.3636363636364,89.31957454545453,8.195454545454545,50.472346363636355,3.471818181818182,9.464545454545455,5.988181818181818,4.39,27.339402727272727
2026-08-11T22:30:00.000Z,MCT2408022,15.475833,74.038889,27.833333333333332,150,456.6666666666667,90.64408333333334,4.243333333333333,11.266399999999999,7.166666666666667,23.166666666666668,13,4.277433666666667,27.103121666666663
2026-08-11T22:40:00.000Z,MCT2408022,15.475833,74.038889,28.0625,150,454.6875,90.44317625000002,4.270625,11.401794375,7,23.6875,13.6875,4.262739874999999,27.187358749999998
2026-08-11T22:50:00.000Z,MCT2408022,15.475833,74.038889,28.133333333333333,150,452.53333333333336,90.35518333333334,4.457333333333334,11.353010666666666,7.066666666666666,23.866666666666667,13.8,4.2362834,27.196788
2026-08-11T23:00:00.000Z,MCT2408022,15.475833,74.038889,26.6875,150,449.875,90.32635187500001,4.355625,11.310743750000002,5.875,20.6875,12.125,4.2685843125,27.184676874999994
2026-08-11T23:10:00.000Z,MCT2408022,15.475833,74.038889,26.9375,150,448.75,90.30918437500002,4.293749999999999,11.402610625000001,6.25,21.4375,12.375,4.2484238125000005,27.162558125000004
2026-08-11T23:20:00.000Z,MCT2408022,15.475833,74.038889,25.875,150,447.125,90.28915875000001,4.349999999999999,11.33477625,5.5625,19.625,11.5625,4.2503044375000005,27.155183750000003
2026-08-11T23:26:22.549Z,MCT2408022,15.475833,74.038889,26.2,150,445.9,90.34781000000001,4.209999999999999,11.354417999999999,6.3,20.9,11.7,4.256372000000001,27.147808999999995
2026-08-11T22:30:00.000Z,MCT2408032,15.525556,73.828611,35.22222222222222,226.66444444444446,672.7777777777778,85.53323666666668,14.932222222222224,42.92222222222222,7.12,17.069999999999997,7.079999999999999,3.092222222222222,28.38060555555556
2026-08-11T22:40:00.000Z,MCT2408032,15.525556,73.828611,36.04,228.19480000000004,695.08,85.42975,15.562000000000003,43.01,7.120000000000002,17.069999999999997,7.080000000000002,3.032400000000001,28.381843600000003
2026-08-11T22:50:00.000Z,MCT2408032,15.525556,73.828611,35.08,228.6832,689.84,85.55914240000001,14.766800000000005,43.512,7.120000000000002,17.069999999999997,7.080000000000002,3.0523999999999996,28.38184359999999
2026-08-11T23:00:00.000Z,MCT2408032,15.525556,73.828611,35.28,229.4308000000001,709.64,86.0205688,14.983600000000003,44.1124,7.120000000000002,17.1836,7.192800000000003,3.0120000000000005,28.3162032
2026-08-11T23:10:00.000Z,MCT2408032,15.525556,73.828611,34.72,226.02199999999996,697.12,85.95068319999999,14.544800000000002,43.0984,7.120000000000002,17.069999999999997,7.080000000000002,2.8700000000000006,28.374980000000004
2026-08-11T23:20:00.000Z,MCT2408032,15.525556,73.828611,35.64,224.26080000000002,684.32,85.8402096,15.276400000000006,43.74800000000001,7.120000000000002,17.1836,7.192800000000002,2.9663999999999997,28.508827599999996
2026-08-11T23:26:22.559Z,MCT2408032,15.525556,73.828611,36.125,236.500625,683.125,85.09878562500002,15.7275,43.35625,7.120000000000002,17.069999999999997,7.079999999999999,3.515625,28.3201975
2026-08-11T22:30:00.000Z,MCT2408036,15.171567,74.067106,37,120,520.6666666666666,90.00702833333332,11.183333333333335,7.716666666666666,2.893333333333333,9.12,5.1499999999999995,11.549999999999999,26.904709999999998
2026-08-11T22:40:00.000Z,MCT2408036,15.171567,74.067106,37,120,527.9375,90.34017999999998,10.588124999999998,7.777500000000002,5.7225,16.908125,9.056249999999999,11.5475,26.841477499999996
2026-08-11T22:50:00.000Z,MCT2408036,15.171567,74.067106,37,120,517.7333333333333,90.550496,10.733333333333333,7.664666666666667,3.9646666666666666,12.463333333333333,7.059333333333332,11.501999999999999,26.80282266666666
2026-08-11T23:00:00.000Z,MCT2408036,15.171567,74.067106,36.625,120,519.8125,90.28629812499997,10.606249999999998,7.687499999999999,4.21,13.203749999999998,7.440625000000001,11.448125000000001,26.800588124999994
2026-08-11T23:10:00.000Z,MCT2408036,15.171567,74.067106,37,120,521.9375,90.295834375,10.851874999999998,7.808749999999999,5.854375,17.3825,9.341249999999999,11.6625,26.750982500000003
2026-08-11T23:20:00.000Z,MCT2408036,15.171567,74.067106,37,120,519.125,90.5266225,10.454374999999999,7.91,4.737500000000001,14.785625000000001,8.200624999999999,11.592500000000001,26.651773750000004
2026-08-11T23:26:22.580Z,MCT2408036,15.171567,74.067106,37.2,120,523.9,90.40197700000002,10.491999999999999,7.803,6.052000000000001,17.782,9.371,11.651,26.633006
2026-08-11T22:30:00.000Z,MCT2408035,15.236111,74.125,49.666666666666664,190,619.1666666666666,90.02229,20.196241666666666,65.44291833333334,3.8000000000000003,10.19,4.91,3.8299999999999996,26.91901
2026-08-11T22:40:00.000Z,MCT2408035,15.236111,74.125,50.1875,190.18205,605,89.93010000000001,20.6752225,67.42319499999999,3.799999999999999,10.19,4.909999999999998,3.8299999999999987,26.891750625
2026-08-11T22:50:00.000Z,MCT2408035,15.236111,74.125,49.875,190.28288125,628.1875,90.00019562500002,20.529319375,66.91576375,3.799999999999999,10.19,4.909999999999998,3.8299999999999987,26.827400000000008
2026-08-11T23:00:00.000Z,MCT2408035,15.236111,74.125,49.9375,190.00245625,619.9375,90.11034375000003,20.53920125,67.44676499999998,3.799999999999999,10.19,4.909999999999998,3.8299999999999987,26.77981000000001
2026-08-11T23:10:00.000Z,MCT2408035,15.236111,74.125,49.875,190,595.5,90.37832750000003,20.558965,66.14906999999998,3.799999999999999,10.19,4.909999999999998,3.8299999999999987,26.742269999999998
2026-08-11T23:20:00.000Z,MCT2408035,15.236111,74.125,49.1875,190.093925,566,90.19379250000003,19.908504375,67.12234062499999,3.799999999999999,10.19,4.909999999999998,3.8299999999999987,26.857564374999995
2026-08-11T23:26:22.582Z,MCT2408035,15.236111,74.125,50.2,190,584.2,90.29440500000001,20.744977,66.723604,3.8,10.19,4.909999999999999,3.829999999999999,26.883977000000005
2026-08-11T22:30:00.000Z,MCT2408031,15.290833,74.149167,18,188.64485000000002,461.8333333333333,87.51857666666668,7.362753333333333,6,4.286666666666666,11.301666666666668,6.271666666666667,4.836666666666667,26.259418333333333
2026-08-11T22:40:00.000Z,MCT2408031,15.290833,74.149167,18.125,157.33679999999998,466.625,87.57166375,7.4026074375,6.936889874999999,6.516875,17.064999999999994,9.314375,4.928125,26.214059374999998
2026-08-11T22:50:00.000Z,MCT2408031,15.290833,74.149167,18.125,163.87003124999998,468.4375,87.578814375,7.475058,6.208919375,6.13125,15.869375,8.541875,5.0181249999999995,26.1778625
2026-08-11T23:00:00.000Z,MCT2408031,15.290833,74.149167,18.0625,142.53660000000002,471.375,87.60313312500001,7.446420875,6.503802874999999,6.606249999999999,17.09375,9.135625,4.7943750000000005,26.149704375000006
2026-08-11T23:10:00.000Z,MCT2408031,15.290833,74.149167,18,177.05725,470.5625,87.63460562500002,7.472814437500001,6.028559125,4.673750000000001,12.201875000000001,6.724374999999998,4.801875,26.128924374999997
2026-08-11T23:20:00.000Z,MCT2408031,15.290833,74.149167,18,183.37646875,475.625,87.713285,7.450907750000001,6.0142795625,4.614375,12.063750000000002,6.636875,4.796875,26.110825625
2026-08-11T23:26:22.582Z,MCT2408031,15.290833,74.149167,17.9,175.92168999999998,481.9,87.81255900000001,7.2288849000000015,6.3083237,4.287,11.475999999999999,6.523000000000001,4.738,26.136431999999996
2026-08-11T22:30:00.000Z,MCT2408039,15.163611,74.110833,29,384.2166666666667,449.5,85.78797666666667,9.718333333333332,10.299999999999999,9.019999999999998,28.94,11.76,2.3000000000000003,27.36410166666667
2026-08-11T22:40:00.000Z,MCT2408039,15.163611,74.110833,29,385.32124999999996,458.1875,85.76492625000002,9.291875,10.3,9.019999999999998,28.94,11.759999999999998,2.3,27.3448875
2026-08-11T22:50:00.000Z,MCT2408039,15.163611,74.110833,29,394.605,454.6875,85.78447625000001,9.766874999999999,10.3,9.019999999999998,28.94,11.759999999999998,2.3,27.27383375
2026-08-11T23:00:00.000Z,MCT2408039,15.163611,74.110833,29,391.99750000000006,451.0625,86.02814124999998,8.795000000000002,10.3,9.019999999999998,28.94,11.759999999999998,2.3,27.145129375
2026-08-11T23:10:00.000Z,MCT2408039,15.163611,74.110833,29,385.33750000000003,460.75,86.10825062499998,9.430625,10.3,9.019999999999998,28.94,11.759999999999998,2.3,27.062680625
2026-08-11T23:20:00.000Z,MCT2408039,15.163611,74.110833,29,384.985625,460.25,86.02766374999997,9.893124999999996,10.3,9.019999999999998,28.94,11.759999999999998,2.3,27.020450625000002
2026-08-11T23:26:22.733Z,MCT2408039,15.163611,74.110833,29,373.364,452.6,86.05246199999999,9.852,10.299999999999999,9.019999999999998,28.940000000000005,11.760000000000002,2.3000000000000003,26.984789
2026-08-11T22:30:00.000Z,MCT2408038,15.188889,74.055556,29.666666666666668,411.83500000000004,603,90.63772499999999,10.133333333333335,13.33,10.633333333333333,31.478333333333328,16.163333333333334,4.785,27.187136666666664
2026-08-11T22:40:00.000Z,MCT2408038,15.188889,74.055556,29.4375,400.50750000000005,593.5625,90.57001562500001,9.931875,13.330000000000005,10.490625,30.876249999999995,15.845,4.790625,27.23160187500001
2026-08-11T22:50:00.000Z,MCT2408038,15.188889,74.055556,36.9375,269.168125,590.9375,90.522331875,10.05625,13.330000000000005,16.21875,45.78812500000001,22.356249999999996,4.716875,27.255065
2026-08-11T23:00:00.000Z,MCT2408038,15.188889,74.055556,29.5625,283.3325,592.8125,90.35257625,9.919375,13.330000000000005,10.684375,30.441875000000003,15.089375,4.75,27.225568749999997
2026-08-11T23:10:00.000Z,MCT2408038,15.188889,74.055556,35.25,271.91375,566.4375,90.142290625,9.908750000000001,13.330000000000005,14.868125000000001,41.87375,20.358749999999997,4.748750000000001,27.195401250000003
2026-08-11T23:20:00.000Z,MCT2408038,15.188889,74.055556,27.625,274.1875,579.875,90.15373562499998,9.866250000000003,13.330000000000005,9.135,26.34125,13.088125,4.758125000000001,27.185348749999996
2026-08-11T23:26:22.741Z,MCT2408038,15.188889,74.055556,28.6,283.506,575.1,90.28982400000001,9.981000000000002,13.330000000000002,10.034,28.330000000000002,13.943999999999999,4.771,27.167115000000006
2026-08-11T22:30:00.000Z,MCT2408026,15.2467,74.198281,32.22222222222222,125,499.77777777777777,86.28176555555557,13.329743333333331,12.5,4.73,14.51,7.71,2.08,27.953983333333326
2026-08-11T22:40:00.000Z,MCT2408026,15.2467,74.198281,32.458333333333336,125,496.8333333333333,86.16721875,13.538301249999998,12.5,4.730000000000003,14.549999999999995,7.750416666666667,2.3791666666666664,27.929404166666668
2026-08-11T22:50:00.000Z,MCT2408026,15.2467,74.198281,32.208333333333336,125,501.2083333333333,86.01749083333333,13.370208750000003,12.5,4.730000000000003,14.951666666666666,8.153333333333334,2.185,27.906614166666674
2026-08-11T23:00:00.000Z,MCT2408026,15.2467,74.198281,32.541666666666664,125,508.5,85.96631125000003,13.548597083333334,12.5,4.730000000000003,14.79,7.992916666666669,2.1525000000000003,27.90572
2026-08-11T23:10:00.000Z,MCT2408026,15.2467,74.198281,32.166666666666664,125,509.6666666666667,86.35445583333335,13.385955000000001,12.5,5.831250000000002,18.25416666666667,9.8425,2.0225,27.84628583333333
2026-08-11T23:20:00.000Z,MCT2408026,15.2467,74.198281,32.52,125.4576,506.52,86.42431559999997,13.547608,12.5,6.4672,21.8184,12.266399999999999,2.1287999999999996,27.850306799999995
2026-08-11T23:26:22.766Z,MCT2408026,15.2467,74.198281,32.666666666666664,125,499,86.14121466666668,13.598835333333334,12.5,5.043333333333335,17.278000000000002,9.836000000000002,2.2179999999999995,27.960417999999997
