time,device_id,latitude,longitude,aqi,co,co2,hum,no2,o3,pm1,pm10,pm25,so2,temp
2026-08-19T18:30:00.000Z,MCT2408056,15.579167,73.920833,21.125,180,617.75,89.45564624999999,6.909375,10.18133775,7.215,22.88375,13.413750000000002,1.5862499999999997,27.327459375000004
2026-08-19T18:40:00.000Z,MCT2408056,15.579167,73.920833,22.875,180,622.0625,89.721244375,6.847500000000001,10.1920478125,8.209999999999999,25.614375,14.820625000000001,1.5743749999999999,27.235626249999996
2026-08-19T18:50:00.000Z,MCT2408056,15.579167,73.920833,22.75,180,623.0625,89.95394062499999,6.875625,10.830545437500001,8.386874999999998,25.500000000000004,14.586250000000001,1.5599999999999998,27.20881125000001
2026-08-19T19:00:00.000Z,MCT2408056,15.579167,73.920833,21.6875,180,632.875,89.947741875,6.922499999999999,10.5121768125,7.5081250000000015,23.623124999999998,13.825000000000003,1.5599999999999998,27.239647500000004
2026-08-19T19:10:00.000Z,MCT2408056,15.579167,73.920833,21.5,180,644.5,90.19188187499998,6.86,10.218162937499999,7.274375000000002,23.281875,13.824375000000002,1.5756249999999998,27.156523749999995
2026-08-19T19:15:55.095Z,MCT2408056,15.579167,73.920833,20.5,180,637.5,90.10824599999998,6.941,10.868309499999999,6.664,21.496000000000002,12.651000000000002,1.5600000000000003,27.14781
2026-08-19T18:30:00.000Z,MCT2408028,15.186944,74.096667,41.875,586.5591666666667,452.0833333333333,91.49666916666668,18.314999999999998,13.00416666666667,4.989999999999998,14.002083333333337,7.040416666666668,1.4991666666666665,26.55793
2026-08-19T18:40:00.000Z,MCT2408028,15.186944,74.096667,41.24,580.9540000000001,446.56,91.35351599999996,17.85,13.086800000000004,4.989999999999998,12.725600000000002,5.765599999999998,1.3196,26.517389199999997
2026-08-19T18:50:00.000Z,MCT2408028,15.186944,74.096667,41.56,582.5772,453.72,91.45544399999999,18.045599999999993,12.733200000000002,4.989999999999998,12.9648,6.0047999999999995,1.2216,26.486930400000002
2026-08-19T19:00:00.000Z,MCT2408028,15.186944,74.096667,41.76,577.8728000000001,457.84,91.5796496,18.274799999999995,13.126,4.989999999999998,12.128800000000005,5.1688,1.1508000000000003,26.42386760000001
2026-08-19T19:10:00.000Z,MCT2408028,15.186944,74.096667,41.56,577.346,453.52,91.6428216,18.046,13.0572,5.1099999999999985,14.079200000000005,6.957999999999999,1.28,26.3715296
2026-08-19T19:15:55.093Z,MCT2408028,15.186944,74.096667,41.285714285714285,572.717857142857,442.2857142857143,91.39739357142855,17.81714285714286,13.072857142857144,4.990000000000001,12.85357142857143,5.893571428571428,0.832857142857143,26.33730071428571
2026-08-19T18:30:00.000Z,MCT2408057,15.272222,74.104722,29.76,312.36319999999995,457.64,82.52386559999997,12.295600000000002,9.084400000000002,5.053599999999999,15.197199999999999,8.1928,2.3344,29.174210799999997
2026-08-19T18:40:00.000Z,MCT2408057,15.272222,74.104722,29.68,317.37479999999994,461.04,82.77380439999999,12.173199999999998,8.999600000000001,5.0055999999999985,15.063999999999995,8.1712,2.2984000000000004,29.151046
2026-08-19T18:50:00.000Z,MCT2408057,15.272222,74.104722,29.96,323.1928,454.28,81.9782104,12.356799999999998,9.031200000000002,4.625599999999999,13.955599999999999,7.661199999999999,2.1595999999999997,29.395150000000005
2026-08-19T19:00:00.000Z,MCT2408057,15.272222,74.104722,29.64,324.35200000000003,452.52,82.16345199999999,12.209999999999997,9.030000000000001,4.5287999999999995,13.5928,7.3283999999999985,2.3084000000000002,29.335517199999995
2026-08-19T19:10:00.000Z,MCT2408057,15.272222,74.104722,29.92,328.71960000000007,461.16,81.347718,12.325599999999998,8.884000000000002,4.1964,12.664800000000003,6.752000000000001,2.2608,29.589488800000005
2026-08-19T19:15:55.094Z,MCT2408057,15.272222,74.104722,29.8,332.14,458.46666666666664,81.975566,12.275333333333332,9.031333333333333,3.8159999999999994,11.947333333333336,6.494000000000001,2.356666666666667,29.376130666666665
2026-08-19T18:30:00.000Z,MCT2408020,15.543475,74.039433,23.3125,183.04425625,464.6875,88.75040374999999,9.316089875,19.620365625,8.524375,26.3875,14.288750000000002,3.6599999999999984,27.4655425
2026-08-19T18:40:00.000Z,MCT2408020,15.543475,74.039433,23.0625,182.60085625,470,88.76089499999998,9.2292191875,19.684825624999995,8.407499999999999,25.863125000000007,13.823749999999999,3.6599999999999984,27.41191875000001
2026-08-19T18:50:00.000Z,MCT2408020,15.543475,74.039433,22.9375,180,474.75,88.68460124999997,9.2292194375,19.637446249999996,8.001249999999999,25.398749999999996,13.940000000000001,3.6599999999999984,27.438059375000005
2026-08-19T19:00:00.000Z,MCT2408020,15.543475,74.039433,42.6875,221.26111875000004,472.75,88.73276062499998,9.30945775,19.806171874999997,20.46625,65.18,35.606874999999995,3.6599999999999984,27.459509375000003
2026-08-19T19:10:00.000Z,MCT2408020,15.543475,74.039433,48.625,237.00981250000004,475.625,88.83861999999999,9.172779312500001,19.709481249999996,24.640625,76.36375,40.776875,3.6599999999999984,27.434039374999998
2026-08-19T19:15:55.092Z,MCT2408020,15.543475,74.039433,35,180,480.6666666666667,88.97155000000002,9.26665788888889,19.49250111111111,15.666666666666666,48.97888888888889,26.33,3.6599999999999997,27.45466888888889
2026-08-19T18:30:00.000Z,MCT2408055,15.585833,73.885556,19.5625,83.24687499999999,781.9375,89.54052562500001,8.641875,7.09375,6.071250000000002,18.298750000000002,10.564999999999998,1.1543750000000002,27.007716250000005
2026-08-19T18:40:00.000Z,MCT2408055,15.585833,73.885556,19.5,82.2775,787.0625,89.58629999999998,8.783750000000001,7.483750000000001,6.028125000000001,17.804374999999997,10.053124999999996,1.0875,27.0016825
2026-08-19T18:50:00.000Z,MCT2408055,15.585833,73.885556,19.4375,77.33062499999998,801.9375,89.60966499999998,8.686875000000002,7.5531250000000005,6.727499999999998,19.901875,11.289375,1.2437500000000001,26.98559437499999
2026-08-19T19:00:00.000Z,MCT2408055,15.585833,73.885556,19.4375,77.7925,812.9375,89.70742000000003,8.621250000000002,7.6725,6.7275,19.203125,10.65125,1.2568749999999997,26.945376250000002
2026-08-19T19:10:00.000Z,MCT2408055,15.585833,73.885556,19.5625,80.695625,817.125,89.64161562500001,8.665000000000001,7.4675,6.246875000000001,18.010625,10.053125,1.22625,26.938673125000005
2026-08-19T19:15:55.106Z,MCT2408055,15.585833,73.885556,19.555555555555557,80.77666666666667,825.1111111111111,89.5352777777778,8.644444444444446,7.932222222222224,5.746666666666666,16.959999999999997,9.69111111111111,1.3511111111111112,26.96131444444444
2026-08-19T18:30:00.000Z,MCT2408052,15.444425,74.063856,16.75,160,495.9375,89.91960812500001,3.642807062500001,8,5.646249999999998,16.293750000000006,8.024375,2,27.493026249999993
2026-08-19T18:40:00.000Z,MCT2408052,15.444425,74.063856,16.5,160,458.75,89.91245562499998,3.6596054375000007,8,5.602499999999999,16.336875000000003,8.066875,2,27.519165624999992
2026-08-19T18:50:00.000Z,MCT2408052,15.444425,74.063856,16.25,160,476.9375,89.7231525,3.7577630625,8,5.498749999999999,15.841250000000002,7.764375000000001,2,27.531233125000004
2026-08-19T19:00:00.000Z,MCT2408052,15.444425,74.063856,16.25,160,468.75,89.64543062499997,3.6721053125000007,8,5.477499999999999,15.798125000000002,7.74375,2,27.487663125
2026-08-19T19:10:00.000Z,MCT2408052,15.444425,74.063856,16.125,160,439.0625,89.79229187499998,3.6471053125,8,5.4137499999999985,15.711875,7.721875000000001,2,27.385775624999997
2026-08-19T19:15:55.301Z,MCT2408052,15.444425,74.063856,16.11111111111111,160,456.8888888888889,89.89131666666665,3.682807111111111,8,5.351111111111112,15.517777777777777,7.592222222222222,2,27.323586666666667
2026-08-19T18:30:00.000Z,MCT2408021,15.500556,74.053333,49.733333333333334,375,501.6666666666667,88.93662533333332,21.284666666666666,14.561854666666669,2.86,8.203333333333333,4.6979999999999995,4.225333333333334,27.041632000000007
2026-08-19T18:40:00.000Z,MCT2408021,15.500556,74.053333,49.625,375,507.8125,89.01838624999999,21.3425,14.435740624999998,2.9481249999999997,9.1575,5.653124999999999,4.263750000000001,27.035868125
2026-08-19T18:50:00.000Z,MCT2408021,15.500556,74.053333,49.5625,375,517,88.87724187499998,21.275625,14.423457499999998,3.421874999999999,10.788125000000003,6.87375,4.19875,27.086811875000002
2026-08-19T19:00:00.000Z,MCT2408021,15.500556,74.053333,49.4375,375,521.1875,88.86102875000003,21.072499999999998,14.362919375000002,3.361874999999999,10.92375,7.1118749999999995,4.253125000000001,27.039220000000004
2026-08-19T19:10:00.000Z,MCT2408021,15.500556,74.053333,49.25,375,521.375,88.81143999999999,21.080625000000005,14.362919374999999,3.420624999999999,11.899375,8.125,4.231249999999999,27.011065625
2026-08-19T19:15:55.301Z,MCT2408021,15.500556,74.053333,49.5,375,516.1,88.841766,21.254,14.352127,3.4279999999999995,11.649,7.81,4.221,27.001948
2026-08-19T18:30:00.000Z,MCT2408053,15.263333,74.110833,44.625,210.31038124999998,745.3125,92.79398312500001,19.801250000000003,25.583125000000003,4.590000000000002,12.943749999999994,7.12125,6.2275,26.575358125
2026-08-19T18:40:00.000Z,MCT2408053,15.263333,74.110833,42.6875,215.76434999999998,755.125,92.57368437500001,18.325625,27.01,4.590000000000002,12.276249999999997,6.3462499999999995,6.448124999999999,26.612225000000002
2026-08-19T18:50:00.000Z,MCT2408053,15.263333,74.110833,42.5625,200.78899374999995,741.625,92.799705625,18.126250000000002,27.048750000000005,4.590000000000002,13.186249999999998,7.404375,6.3568750000000005,26.632334375
2026-08-19T19:00:00.000Z,MCT2408053,15.263333,74.110833,42.375,199.27926249999993,755.3125,92.80304312500003,17.997500000000002,27.186875000000004,4.590000000000002,12.700624999999999,6.840624999999999,6.465624999999999,26.639708124999995
2026-08-19T19:10:00.000Z,MCT2408053,15.263333,74.110833,44.8125,196.65891875000003,787.6875,92.78492312500002,20.015625,27.17437500000001,4.590000000000002,13.064375000000005,7.2631250000000005,6.4425,26.671883125000008
2026-08-19T19:15:55.301Z,MCT2408053,15.263333,74.110833,41,213.13062222222223,758.3333333333334,92.91933777777778,16.735555555555557,26.683333333333337,4.59,13.394444444444444,7.646666666666666,6.347777777777777,26.64909111111111
2026-08-19T18:30:00.000Z,MCT2408050,15.553611,73.958333,27.692307692307693,86.02999999999999,537.6153846153846,91.54415692307693,11.441538461538462,4.01,6.723076923076923,21.205384615384617,11.583076923076923,2.2746153846153847,26.83307307692308
2026-08-19T18:40:00.000Z,MCT2408050,15.553611,73.958333,27.6875,86.02999999999999,555,91.53608625,11.400625000000002,4.020625000000001,6.364375,20.555625,11.37875,2.5606249999999995,26.791873749999997
2026-08-19T18:50:00.000Z,MCT2408050,15.553611,73.958333,27.75,86.02999999999999,563.0625,92.00863249999999,11.48375,3.9974999999999996,6.311875,20.12625,11.060000000000002,2.51375,26.648421875000004
2026-08-19T19:00:00.000Z,MCT2408050,15.553611,73.958333,27.8125,86.02999999999999,549.25,92.22273124999998,11.517499999999998,4.00375,6.099374999999999,19.427500000000002,10.581875000000002,2.395,26.610213750000007
2026-08-19T19:10:00.000Z,MCT2408050,15.553611,73.958333,27.6875,86.02999999999999,558.6875,92.32334499999997,11.428750000000003,4.135000000000002,5.83375,18.72875,10.156875,2.4687500000000004,26.59479875
2026-08-19T19:15:55.306Z,MCT2408050,15.553611,73.958333,27.555555555555557,86.02999999999999,572.2222222222222,92.24370999999998,11.41,4.067777777777778,5.562222222222222,18.03222222222222,9.734444444444444,2.4877777777777776,26.595470000000002
2026-08-19T18:30:00.000Z,MCT2408034,15.356389,74.123611,25.708333333333332,185.02947916666673,476.25,77.08124458333336,7.635833333333333,4.197083333333333,6.379999999999998,18.83458333333333,9.454583333333334,1.3687499999999997,30.81892291666666
2026-08-19T18:40:00.000Z,MCT2408034,15.356389,74.123611,25.708333333333332,196.09415833333333,467.375,77.0561325,8.449583333333331,4.488333333333333,6.379999999999998,18.52458333333333,9.144583333333332,1.4545833333333331,30.746082499999996
2026-08-19T18:50:00.000Z,MCT2408034,15.356389,74.123611,25.44,196.04520799999997,465.12,77.3819588,8.175999999999998,5.063600000000001,6.379999999999998,18.345199999999995,8.9652,1.4456,30.653848400000005
2026-08-19T19:00:00.000Z,MCT2408034,15.356389,74.123611,25.375,188.44781666666665,468.0833333333333,77.25894625,7.754166666666666,5.322916666666666,6.379999999999998,18.249999999999996,8.869999999999997,1.4554166666666666,30.684412916666655
2026-08-19T19:10:00.000Z,MCT2408034,15.356389,74.123611,25.36,185.53002400000005,474.92,77.33282559999998,7.7227999999999986,5.0367999999999995,6.379999999999998,18.269999999999996,8.889999999999997,1.4647999999999997,30.618670000000005
2026-08-19T19:15:55.508Z,MCT2408034,15.356389,74.123611,25.933333333333334,189.49816666666666,478.2,77.38318,8.278,4.224,6.379999999999999,19.13133333333333,9.751333333333333,1.543333333333333,30.612376666666666
2026-08-19T18:30:00.000Z,MCT2408023,15.499722,74.020833,26.1875,223.84937499999998,442.4375,91.14889500000004,8.833124999999999,19.074375,6.340000000000002,18.918125,11.509375000000002,5.243124999999999,26.485536250000003
2026-08-19T18:40:00.000Z,MCT2408023,15.499722,74.020833,28.125,216.136875,447.375,91.182753125,8.634999999999998,19.251875000000002,6.340000000000002,20.658749999999998,13.503125,5.249374999999999,26.426549375
2026-08-19T18:50:00.000Z,MCT2408023,15.499722,74.020833,29.4375,225.02999999999997,445.375,91.33581625000001,7.939375,19.084375,6.340000000000002,22.083125000000003,15.134374999999999,5.104375,26.380969999999994
2026-08-19T19:00:00.000Z,MCT2408023,15.499722,74.020833,27.75,231.83124999999995,451.8125,91.44548625000003,8.214374999999999,19.000625000000003,6.340000000000002,20.501875,13.321874999999999,5.090000000000001,26.377616875000005
2026-08-19T19:10:00.000Z,MCT2408023,15.499722,74.020833,26.3125,232.68812500000004,451.6875,91.50127749999997,7.748125000000002,19.509375000000002,6.340000000000002,18.996875,11.600000000000001,5.019375,26.325331249999998
2026-08-19T19:15:55.511Z,MCT2408023,15.499722,74.020833,26.555555555555557,225.3366666666667,457.8888888888889,91.63844666666665,8.104444444444445,19.60333333333333,6.34,19.27888888888889,11.92222222222222,4.944444444444445,26.27610222222222
2026-08-19T18:30:00.000Z,MCT2408030,15.142519,74.075003,27,164.87155333333334,430.73333333333335,84.36661666666667,9.032666666666668,6.200000000000002,9.370000000000001,24.639999999999993,12.31,4.321333333333333,26.56615333333333
2026-08-19T18:40:00.000Z,MCT2408030,15.142519,74.075003,27,164.61716875,430.125,84.33155312500001,9.01,6.200000000000002,9.370000000000001,24.639999999999993,12.31,4.189375,26.47079
2026-08-19T18:50:00.000Z,MCT2408030,15.142519,74.075003,27,164.56218666666666,433.3333333333333,84.427144,8.862,6.200000000000002,9.370000000000001,24.639999999999993,12.31,4.269333333333334,26.37667733333333
2026-08-19T19:00:00.000Z,MCT2408030,15.142519,74.075003,27,165.45700625,440.125,84.469836875,8.96875,6.200000000000002,9.370000000000001,24.639999999999993,12.31,4.266875,26.333376249999997
2026-08-19T19:10:00.000Z,MCT2408030,15.142519,74.075003,27,164.89901999999998,438.06666666666666,84.54463800000002,8.938666666666668,6.200000000000002,9.370000000000001,24.639999999999993,12.31,4.138666666666667,26.318763333333333
2026-08-19T19:15:55.509Z,MCT2408030,15.142519,74.075003,27,163.66068,445.7,84.60363800000002,8.944,6.200000000000001,9.370000000000001,24.639999999999997,12.31,4.297,26.330558999999994
2026-08-19T18:30:00.000Z,MCT2408029,15.333611,74.206944,12.1875,171.62323124999998,473.625,92.45972,2.915,7.660625000000001,3.3824999999999994,10.729375,5.991250000000001,3.535,27.153171249999996
2026-08-19T18:40:00.000Z,MCT2408029,15.333611,74.206944,12.25,162.60233749999998,459.4375,92.51503312499999,3.061249999999999,7.963749999999999,2.9399999999999995,8.959999999999999,5.001249999999999,3.5793749999999998,27.123008750000004
2026-08-19T18:50:00.000Z,MCT2408029,15.333611,74.206944,12.466666666666667,158.6191333333333,449.6666666666667,92.42885199999999,4.123333333333333,7.606666666666668,2.9399999999999995,8.747333333333334,4.787333333333334,3.6,27.133867333333335
2026-08-19T19:00:00.000Z,MCT2408029,15.333611,74.206944,12.75,156.7239375,454.8125,92.20795000000001,3.8368749999999996,7.61,2.9399999999999995,8.7425,4.783124999999999,3.6175,27.194730625
2026-08-19T19:10:00.000Z,MCT2408029,15.333611,74.206944,12,164.04028125000002,455.0625,92.32239124999998,2.874999999999999,7.503750000000001,2.9399999999999995,8.67,4.709999999999999,3.5,27.174622499999998
2026-08-19T19:15:55.509Z,MCT2408029,15.333611,74.206944,12.333333333333334,165.89471111111112,455.3333333333333,92.0945188888889,3.4022222222222225,7.555555555555555,2.9400000000000004,8.67,4.71,3.6044444444444443,27.19488111111111
2026-08-19T18:30:00.000Z,MCT2408043,15.221111,74.087222,33,184.093125,520.625,87.10865249999999,14.252499999999998,10.3275,6.329999999999999,21.563125000000007,12.49,5.290000000000001,27.092174375000006
2026-08-19T18:40:00.000Z,MCT2408043,15.221111,74.087222,33,202.54,529.625,87.05190999999998,14.23125,10.350625,6.329999999999999,20.358125,11.29,5.290000000000001,27.071394374999997
2026-08-19T18:50:00.000Z,MCT2408043,15.221111,74.087222,33,200.38933333333335,520.1333333333333,86.95349133333333,14.19533333333333,10.36533333333333,6.329999999999999,20.256000000000004,11.188666666666668,5.290000000000001,27.095257999999998
2026-08-19T19:00:00.000Z,MCT2408043,15.221111,74.087222,33,196.89062500000003,537,86.98992249999998,14.241874999999997,10.364375,6.329999999999999,20.438750000000002,11.370000000000001,5.290000000000001,27.108931875000007
2026-08-19T19:10:00.000Z,MCT2408043,15.221111,74.087222,33,197.14062500000003,529.4375,87.05810749999998,14.252499999999998,10.310625000000002,6.329999999999999,20.438125,11.370000000000001,5.290000000000001,27.09485687500001
2026-08-19T19:15:55.655Z,MCT2408043,15.221111,74.087222,33,203.84222222222218,544.2222222222222,87.08454444444445,14.323333333333332,10.314444444444442,6.329999999999999,20.74222222222222,11.672222222222224,5.29,27.086440000000003
2026-08-19T18:30:00.000Z,MCT2408040,15.528056,74.020833,19,100,459.9375,88.65360562500001,8.036875000000002,4.765,3.07,8.42,3.7299999999999986,3.5,27.307349999999996
2026-08-19T18:40:00.000Z,MCT2408040,15.528056,74.020833,19.125,100,473.25,88.76709437499999,8.104375000000001,4.785624999999999,3.07,8.42,3.7299999999999986,3.5,27.245009375
2026-08-19T18:50:00.000Z,MCT2408040,15.528056,74.020833,18.75,100,469.3125,88.88153499999999,7.833125000000002,4.786874999999999,3.07,8.42,3.7299999999999986,3.5,27.197415625000005
2026-08-19T19:00:00.000Z,MCT2408040,15.528056,74.020833,19.0625,100,479.125,88.79666062499997,8.136875000000002,4.808750000000001,3.07,8.42,3.7299999999999986,3.5,27.2336125
2026-08-19T19:10:00.000Z,MCT2408040,15.528056,74.020833,18.8125,100,476.375,88.79475312499999,7.9775,4.845625000000001,3.07,8.42,3.7299999999999986,3.5,27.214169999999996
2026-08-19T19:15:55.705Z,MCT2408040,15.528056,74.020833,19.11111111111111,100,473.22222222222223,88.78420888888888,8.158888888888889,4.866666666666666,3.07,8.42,3.73,3.5,27.223483333333334
2026-08-19T18:30:00.000Z,MCT2408027,15.275556,74.1075,21,1160.585,626,91.23520375000001,6.579999999999999,12.805625000000004,6.163750000000001,20.206249999999994,11.303125000000001,2.9500000000000006,26.992968124999997
2026-08-19T18:40:00.000Z,MCT2408027,15.275556,74.1075,21.0625,1159.211875,630.625,91.21279312500002,6.579999999999999,12.803125000000005,6.286250000000002,20.390625000000004,11.303124999999998,2.9500000000000006,27.003692499999996
2026-08-19T18:50:00.000Z,MCT2408027,15.275556,74.1075,22.4375,1153.738125,621.5,91.136975,6.579999999999999,12.800625000000005,7.335,22.980625000000003,12.784375,2.9500000000000006,27.035868750000006
2026-08-19T19:00:00.000Z,MCT2408027,15.275556,74.1075,21.5625,1158.640625,611.3125,91.20420812500002,6.579999999999999,12.715000000000003,6.902500000000002,21.193125,11.364375000000003,2.9500000000000006,26.992296874999994
2026-08-19T19:10:00.000Z,MCT2408027,15.275556,74.1075,27.8125,1160.6781250000001,648.375,91.33629000000002,6.579999999999999,12.739375000000006,10.972499999999997,33.63687500000001,18.033125,2.9500000000000006,26.964145624999993
2026-08-19T19:15:55.705Z,MCT2408027,15.275556,74.1075,22.88888888888889,1157.13,658.6666666666666,91.40702111111109,6.579999999999999,12.762222222222228,7.668888888888889,23.767777777777773,13.065555555555555,2.9499999999999997,26.957738888888887
2026-08-19T18:30:00.000Z,MCT2408044,15.313669,74.140042,25.8,214.29,473.1333333333333,94.47149600000002,10.801999999999998,3.32,2.8699999999999997,7.5,4.320000000000001,3.743076933333333,26.170042000000006
2026-08-19T18:40:00.000Z,MCT2408044,15.313669,74.140042,25.6875,214.29,472.125,94.53586937499998,10.795000000000002,3.32,2.8699999999999997,7.5,4.32,3.6264421874999995,26.1879175
2026-08-19T18:50:00.000Z,MCT2408044,15.313669,74.140042,25.4375,214.29,463.8125,94.49724562500002,10.678749999999997,3.32,2.8699999999999997,7.5,4.32,3.9572115624999995,26.179203750000003
2026-08-19T19:00:00.000Z,MCT2408044,15.313669,74.140042,25.866666666666667,214.29,462.2,94.42572133333334,10.926666666666666,3.32,2.8699999999999997,7.5,4.320000000000001,3.6830768666666667,26.203646666666668
2026-08-19T19:10:00.000Z,MCT2408044,15.313669,74.140042,25.866666666666667,214.29,475.3333333333333,94.22634066666664,10.828000000000001,3.32,2.8699999999999997,7.5,4.320000000000001,3.5892308,26.288018
2026-08-19T19:15:55.711Z,MCT2408044,15.313669,74.140042,25.666666666666668,214.29,483.1111111111111,93.9586322222222,10.736666666666668,3.32,2.8700000000000006,7.5,4.32,3.9112534444444447,26.382158888888892
2026-08-19T18:30:00.000Z,MCT2408049,15.475278,74.055833,56.625,150.27381875,494.875,87.50729062500001,24.059374999999996,12.363125,4.6,14.219374999999996,7.339374999999999,2.61,27.60765062500001
2026-08-19T18:40:00.000Z,MCT2408049,15.475278,74.055833,56.375,150,500.8125,87.44816312500001,24.01625,13.32375,4.1187499999999995,12.736875000000001,6.8131249999999985,2.61,27.612341875
2026-08-19T18:50:00.000Z,MCT2408049,15.475278,74.055833,56.46666666666667,150,497.4,87.36395266666668,23.924,11.825999999999999,3.983999999999999,12.513333333333332,6.857333333333332,2.61,27.625075999999996
2026-08-19T19:00:00.000Z,MCT2408049,15.475278,74.055833,56.8125,150,510.75,87.34754749999999,24.158125,11.915624999999999,3.878124999999999,11.825625000000002,6.379999999999999,2.61,27.683395625000006
2026-08-19T19:10:00.000Z,MCT2408049,15.475278,74.055833,56.4375,150,506.5625,87.21594125000001,24.008125,11.768749999999997,4.022499999999999,12.113125000000002,6.380625,2.61,27.66730812499999
2026-08-19T19:15:55.711Z,MCT2408049,15.475278,74.055833,56.7,150,511.2,87.09768499999998,24.13,11.735,3.829999999999999,11.028,5.677999999999999,2.61,27.622932
2026-08-19T18:30:00.000Z,MCT2408046,15.529167,74.07,31.04,95.52,915.16,89.96771319999999,13.502799999999997,0.7644,8.876399999999999,28.039999999999992,14.420399999999999,3.3259999999999996,27.3676784
2026-08-19T18:40:00.000Z,MCT2408046,15.529167,74.07,31,95.52,914.92,88.3707272,13.517199999999997,0.9519999999999997,7.713599999999998,24.129600000000003,12.411999999999995,3.2544,27.875618000000003
2026-08-19T18:50:00.000Z,MCT2408046,15.529167,74.07,30.96,95.52,915.04,87.32092279999999,13.354399999999998,1.0300000000000002,6.977199999999999,21.554000000000002,11.106,3.1868000000000007,28.176776400000005
2026-08-19T19:00:00.000Z,MCT2408046,15.529167,74.07,30.96,95.52,932.16,86.61321840000001,13.214400000000001,1.1228000000000002,7.181199999999999,22.175600000000003,11.323599999999997,3.245199999999999,28.356962000000003
2026-08-19T19:10:00.000Z,MCT2408046,15.529167,74.07,30.88,95.52,931.16,86.6806632,13.196399999999999,1.1836000000000004,6.546799999999998,19.9556,10.1132,3.3667999999999996,28.302905200000005
2026-08-19T19:15:55.854Z,MCT2408046,15.529167,74.07,30.866666666666667,95.52,924.7333333333333,87.849182,13.092000000000004,1.2713333333333332,5.480000000000001,17.552000000000003,9.314,3.577333333333334,27.934677333333337
2026-08-19T18:30:00.000Z,MCT2408042,15.213889,74.071667,60.9375,273.525,445.4375,89.037460625,26.001875000000002,14.562500000000002,4.549999999999999,13.736875000000003,7.346875000000001,4.110625,27.354940625
2026-08-19T18:40:00.000Z,MCT2408042,15.213889,74.071667,61.625,272.02875,448.5,89.37172250000002,26.426250000000007,14.0075,4.549999999999999,13.395625000000003,7.005625,3.5587499999999994,27.232271249999993
2026-08-19T18:50:00.000Z,MCT2408042,15.213889,74.071667,61.5,274.44937500000003,446.375,89.37363,26.343125000000008,14.13875,4.549999999999999,13.850625000000003,7.460625000000003,3.770624999999999,27.250371874999995
2026-08-19T19:00:00.000Z,MCT2408042,15.213889,74.071667,61.375,281.0975,448.75,89.01981687500002,26.259999999999998,14.568125,4.549999999999999,14.135000000000003,7.745000000000001,4.08875,27.281877500000007
2026-08-19T19:10:00.000Z,MCT2408042,15.213889,74.071667,61.3125,283.73,444.0625,89.16763812500002,26.235625,14.120625,4.549999999999999,13.395625000000003,7.005625000000002,3.7262500000000003,27.220204999999996
2026-08-19T19:15:55.909Z,MCT2408042,15.213889,74.071667,61.6,274.01599999999996,444.1,89.12862799999999,26.419,14.111,4.549999999999999,13.407,7.017,3.8609999999999998,27.199291
2026-08-19T18:30:00.000Z,MCT2408033,15.346944,74.007778,21.4375,110,476.8125,90.25101250000002,9.258125000000001,4.655625,4.128750000000001,11.248750000000001,7.17,4.39,27.515146875
2026-08-19T18:40:00.000Z,MCT2408033,15.346944,74.007778,20.25,111.31526250000002,511.0625,90.09460812500001,8.231875,4.578749999999999,3.5612500000000007,9.743750000000002,6.175,4.39,27.4735875
2026-08-19T18:50:00.000Z,MCT2408033,15.346944,74.007778,21.4375,114.42020625,471.4375,90.06313625000001,9.35125,4.890625,3.2968750000000004,9.201250000000003,5.916875,4.39,27.441413125000004
2026-08-19T19:00:00.000Z,MCT2408033,15.346944,74.007778,20.5625,116.77999375,489,90.03214312500002,8.692499999999999,4.986250000000001,3.1443750000000006,8.3975,5.293749999999998,4.39,27.389798125000006
2026-08-19T19:10:00.000Z,MCT2408033,15.346944,74.007778,20.1875,110.7887875,488.1875,90.23956749999999,8.345625000000002,4.924375,3.0300000000000007,8.239375,5.329375,4.39,27.2905925
2026-08-19T19:15:55.912Z,MCT2408033,15.346944,74.007778,19.88888888888889,110.53616666666667,499.22222222222223,90.39061888888891,8.100000000000001,4.508888888888889,3.366666666666667,9.232222222222223,5.946666666666667,4.39,27.274728888888887
2026-08-19T18:30:00.000Z,MCT2408037,15.394444,74.118333,25.375,160,499.6875,85.98474937499999,10.536875000000002,10.9875,5.528750000000001,19.01375,9.6,3.5450000000000004,27.2919325
2026-08-19T18:40:00.000Z,MCT2408037,15.394444,74.118333,25.1875,160,487.625,85.90082499999998,10.55625,10.726250000000002,4.970624999999999,17.836875000000003,9.084374999999998,3.5731249999999997,27.31002875
2026-08-19T18:50:00.000Z,MCT2408037,15.394444,74.118333,25.3125,160,485,85.911315,10.661250000000003,9.243125000000001,4.831250000000001,18.60375,9.9275,3.6918749999999996,27.295953750000002
2026-08-19T19:00:00.000Z,MCT2408037,15.394444,74.118333,25.25,160,480.9375,85.83597374999998,10.579375000000002,10.566874999999998,5.5756250000000005,19.165625000000002,9.64625,3.665624999999999,27.322096249999994
2026-08-19T19:10:00.000Z,MCT2408037,15.394444,74.118333,25.375,160,485.375,85.75348249999999,10.644375,11.935000000000002,5.528125,20.0875,10.490000000000002,3.688125,27.35427125
2026-08-19T19:15:55.906Z,MCT2408037,15.394444,74.118333,25.666666666666668,160,476.1111111111111,85.7477088888889,10.810000000000002,13.295555555555556,4.954444444444444,18.17,9.406666666666666,3.6555555555555554,27.289028888888886
2026-08-19T18:30:00.000Z,MCT2408041,15.224628,74.171389,32.8125,411.85844999999995,458.75,91.18465750000003,13.825624999999997,9.7,8.090000000000002,20.401875,9.051250000000003,8.076875000000001,26.799248125
2026-08-19T18:40:00.000Z,MCT2408041,15.224628,74.171389,32.75,417.5434374999999,462.625,91.16415312500001,13.77875,9.7,8.090000000000002,20.25,8.900000000000002,8.059999999999999,26.84751
2026-08-19T18:50:00.000Z,MCT2408041,15.224628,74.171389,32.625,413.30592499999995,467.625,90.92335249999996,13.698749999999999,9.7,8.090000000000002,20.25,8.900000000000002,8.024375000000001,26.94939749999999
2026-08-19T19:00:00.000Z,MCT2408041,15.224628,74.171389,32.75,411.7101124999999,473.9375,90.95482249999999,13.764375,9.7,8.090000000000002,20.25,8.900000000000002,8.103124999999999,26.905156250000005
2026-08-19T19:10:00.000Z,MCT2408041,15.224628,74.171389,32.8125,421.9982875,476.1875,91.01967375000001,13.725,9.7,8.090000000000002,20.300625,8.950625000000002,7.991249999999999,26.8548825
2026-08-19T19:15:55.910Z,MCT2408041,15.224628,74.171389,32.666666666666664,423.3459111111111,471.8888888888889,91.09591444444445,13.809999999999999,9.700000000000001,8.090000000000002,20.25,8.9,8.083333333333334,26.824272222222223
2026-08-19T18:30:00.000Z,MCT2408024,15.148056,74.131667,41,214.51742000000004,565.64,81.33032360000001,17.889664800000006,5.06320352,5.04,15.470000000000004,8.390000000000002,2.5036,27.814699999999988
2026-08-19T18:40:00.000Z,MCT2408024,15.148056,74.131667,40.92,214.95663999999996,603.2,81.18688920000001,17.840196400000004,5.04213568,5.04,15.790000000000004,8.710000000000003,2.5144000000000006,27.844302799999994
2026-08-19T18:50:00.000Z,MCT2408024,15.148056,74.131667,41.083333333333336,214.44933750000004,600.9166666666666,81.35784083333337,17.89877625,5.109728333333334,5,15.573333333333338,8.573333333333336,2.4870833333333335,27.7966825
2026-08-19T19:00:00.000Z,MCT2408024,15.148056,74.131667,40.96,215.73684799999995,606.04,81.42340160000002,17.7778092,5,5.04,16.310000000000006,9.230000000000002,2.492,27.7911048
2026-08-19T19:10:00.000Z,MCT2408024,15.148056,74.131667,40.88,215.442076,617.04,81.31628360000002,17.847644,5.14747488,5,16.270000000000003,9.270000000000003,2.4836,27.849450800000003
2026-08-19T19:15:56.050Z,MCT2408024,15.148056,74.131667,40.93333333333333,215.37875333333332,522.2666666666667,81.301634,17.824466666666662,5.140452266666667,5.466666666666667,17.723333333333336,9.79,2.496,27.863892666666665
2026-08-19T18:30:00.000Z,MCT2408032,15.525556,73.828611,36.2,206.1904,600.44,69.03570679999997,15.836000000000006,20.1684,7.120000000000002,22.074399999999997,12.062000000000003,2.8848000000000003,33.2613308
2026-08-19T18:40:00.000Z,MCT2408032,15.525556,73.828611,35.32,189.95479999999995,600.64,68.84527680000001,15.127600000000003,20.562799999999996,7.120000000000002,22.1892,12.174800000000003,2.7192000000000007,33.36729759999999
2026-08-19T18:50:00.000Z,MCT2408032,15.525556,73.828611,35.28,184.43040000000002,603.44,68.84313879999999,15.052400000000008,20.383200000000002,7.120000000000002,21.961199999999998,11.948400000000003,2.7340000000000004,33.45181040000001
2026-08-19T19:00:00.000Z,MCT2408032,15.525556,73.828611,36.16,214.2992,592.12,69.27465919999999,15.823999999999998,19.888399999999997,7.4612,23.724800000000002,13.0812,3.1484000000000005,33.1107508
2026-08-19T19:10:00.000Z,MCT2408032,15.525556,73.828611,36.04,224.69400000000005,579.12,70.4074696,15.726400000000003,20.09599999999999,7.404000000000002,24.576799999999995,13.988400000000004,3.0984000000000003,32.540604800000004
2026-08-19T19:15:56.124Z,MCT2408032,15.525556,73.828611,36,220.90071428571426,588.0714285714286,69.81710642857142,15.566428571428572,20.042142857142856,7.221428571428573,23.977142857142855,13.752857142857144,3.097857142857143,32.758568571428576
2026-08-19T18:30:00.000Z,MCT2408036,15.171567,74.067106,36.93333333333333,120,439.8666666666667,89.48746799999999,10.459999999999999,7.254666666666668,4.632000000000001,14.623333333333331,8.206,11.587333333333333,26.72131
2026-08-19T18:40:00.000Z,MCT2408036,15.171567,74.067106,36.875,120,450.875,90.18043875000002,10.286875000000002,7.505000000000001,8.65125,26.311249999999998,14.309374999999998,11.515,26.415152499999998
2026-08-19T18:50:00.000Z,MCT2408036,15.171567,74.067106,36.6875,120,457.1875,91.03159437499997,10.341875,7.75125,7.99375,24.125625000000003,13.106874999999997,11.385,26.195291875
2026-08-19T19:00:00.000Z,MCT2408036,15.171567,74.067106,36.4,120,459.3333333333333,91.333782,10.26666666666667,7.987333333333333,7.965333333333334,24.21466666666667,13.238,11.220666666666666,26.151450000000004
2026-08-19T19:10:00.000Z,MCT2408036,15.171567,74.067106,36.75,120,456.1875,91.53227062499997,10.465625000000001,7.916875,9.638125,28.908125000000002,15.576875,11.444375000000003,26.143003125000003
2026-08-19T19:15:56.115Z,MCT2408036,15.171567,74.067106,36.5,120,462.3,91.69516000000002,10.418,7.76,12.105999999999998,35.663000000000004,18.945,11.334999999999997,26.126783
2026-08-19T18:30:00.000Z,MCT2408022,15.475833,74.038889,25.75,150,428.125,90.06838312499998,4.44125,11.390060624999998,5.25,17.0625,9.5625,4.2164086875,26.737579374999996
2026-08-19T18:40:00.000Z,MCT2408022,15.475833,74.038889,25.916666666666668,150,429.25,90.06615666666669,4.241666666666667,11.352241666666666,5.416666666666667,18,10.166666666666666,4.2362219166666675,26.75098583333333
2026-08-19T18:50:00.000Z,MCT2408022,15.475833,74.038889,26.25,150,426.5,90.27818999999998,4.098749999999999,11.422628125,5.625,19,10.8125,4.25971625,26.700038125
2026-08-19T19:00:00.000Z,MCT2408022,15.475833,74.038889,25.875,150,430.5625,90.63486499999999,4.11375,11.44051125,5.5625,18.25,10.1875,4.2541484375000005,26.66853
2026-08-19T19:10:00.000Z,MCT2408022,15.475833,74.038889,25.125,150,433.375,90.807479375,4.020625,11.350527499999998,5,16.75,9.75,4.239906124999999,26.612226249999996
2026-08-19T19:15:56.113Z,MCT2408022,15.475833,74.038889,26.1,150,433.4,90.933747,3.9810000000000003,11.36767,5.6,18.8,10.7,4.272315900000001,26.566511
2026-08-19T18:30:00.000Z,MCT2408045,15.619444,73.878889,27.8125,178.11999999999995,611.625,86.323301875,11.460624999999999,17.095625000000002,5.160000000000001,17.18125,8.695,2.5300000000000002,27.066702499999998
2026-08-19T18:40:00.000Z,MCT2408045,15.619444,73.878889,27.5625,178.11999999999995,610.5625,86.34857437500003,11.316875,16.988750000000003,5.032500000000001,16.75375,8.554374999999999,2.5300000000000002,27.065359999999995
2026-08-19T18:50:00.000Z,MCT2408045,15.619444,73.878889,27.25,178.11999999999995,606.25,86.38767687500001,11.054374999999999,17.294375,4.8425,15.898749999999998,8.095625,2.5300000000000002,27.065361874999997
2026-08-19T19:00:00.000Z,MCT2408045,15.619444,73.878889,27.5625,178.11999999999995,604.9375,86.372895,11.469375000000001,16.988750000000003,4.81125,15.969999999999999,8.200000000000001,2.5300000000000002,27.10759000000001
2026-08-19T19:10:00.000Z,MCT2408045,15.619444,73.878889,27.5625,178.11999999999995,598.125,86.44489749999998,11.276250000000001,16.73625,4.68625,15.578125000000002,7.988125000000002,2.5300000000000002,27.086141249999997
2026-08-19T19:15:56.107Z,MCT2408045,15.619444,73.878889,27.6,178.11999999999998,601.5,86.52472100000001,11.356,17.345999999999997,4.430000000000001,15.115000000000004,7.861,2.5300000000000002,27.071662000000003
2026-08-19T18:30:00.000Z,MCT2408031,15.290833,74.149167,18,160.56116249999997,476.3125,87.55878937500002,7.38466,6.3711250625,5.862499999999999,14.944999999999997,7.947500000000001,4.528125,26.632336249999998
2026-08-19T18:40:00.000Z,MCT2408031,15.290833,74.149167,17.8125,176.13506250000003,467.125,87.58310625000001,7.226298375,7.771598875,4.791875000000001,12.30875,6.666249999999998,5.01125,26.615576249999997
2026-08-19T18:50:00.000Z,MCT2408031,15.290833,74.149167,38.75,214.01380000000003,468.625,87.521595625,7.1909311250000005,8.1608779375,21.576875,57.2825,31.815625000000008,4.9937499999999995,26.653783750000002
2026-08-19T19:00:00.000Z,MCT2408031,15.290833,74.149167,37,149.2514375,467.75,87.502519375,7.083113375000001,7.175337187499999,21.012500000000003,55.515625,30.654999999999998,5.0675,26.630324999999996
2026-08-19T19:10:00.000Z,MCT2408031,15.290833,74.149167,18.0625,164.15453125000002,466.5625,87.63126812500002,7.2549353125,6.0428386875,5.565,14.346874999999994,7.769375000000001,4.809375,26.567314374999995
2026-08-19T19:15:56.242Z,MCT2408031,15.290833,74.149167,18,174.098,467.6,87.69201500000001,7.3277028,6.7401838,4.811,12.693999999999999,7.001,4.905,26.502161000000008
2026-08-19T18:30:00.000Z,MCT2408039,15.163611,74.110833,29,362.05375000000004,459.4375,86.63992375000002,10.446874999999995,10.3,9.019999999999998,28.94,11.759999999999998,2.3,26.75299374999999
2026-08-19T18:40:00.000Z,MCT2408039,15.163611,74.110833,29,372.0725,456.625,86.55933875000001,10.968124999999999,10.3,9.019999999999998,28.94,11.759999999999998,2.3,26.75366499999999
2026-08-19T18:50:00.000Z,MCT2408039,15.163611,74.110833,29,366.525625,450.875,86.37146499999999,9.614999999999998,10.3,9.019999999999998,28.94,11.759999999999998,2.3,26.776457500000006
2026-08-19T19:00:00.000Z,MCT2408039,15.163611,74.110833,29,371.93250000000006,449.0625,86.35239,10.02,10.3,9.019999999999998,28.94,11.759999999999998,2.3,26.771765
2026-08-19T19:10:00.000Z,MCT2408039,15.163611,74.110833,29,347.925625,439.0625,86.44727937500002,10.505624999999998,10.3,9.019999999999998,28.94,11.759999999999998,2.3,26.76506125
2026-08-19T19:15:56.332Z,MCT2408039,15.163611,74.110833,29,372.51111111111106,454.3333333333333,86.45300222222221,11.396666666666667,10.299999999999999,9.019999999999998,28.940000000000005,11.760000000000002,2.3000000000000003,26.781373333333338
2026-08-19T18:30:00.000Z,MCT2408035,15.236111,74.125,46.5625,190,555.875,90.709253125,18.63722875,9.290625,3.799999999999999,10.19,4.909999999999998,3.8299999999999987,27.017768125000003
2026-08-19T18:40:00.000Z,MCT2408035,15.236111,74.125,47.3125,190,555.0625,90.67921249999999,19.29757125,9.645625,3.799999999999999,10.19,4.909999999999998,3.8299999999999987,27.048604374999996
2026-08-19T18:50:00.000Z,MCT2408035,15.236111,74.125,47.25,190,556,90.62771249999999,19.16155,9.690000000000001,3.799999999999999,10.19,4.909999999999998,3.8299999999999987,27.092844375000006
2026-08-19T19:00:00.000Z,MCT2408035,15.236111,74.125,48,190,558.375,90.59481,19.792246875000004,9.693750000000001,3.799999999999999,10.19,4.909999999999998,3.8299999999999987,27.0915025
2026-08-19T19:10:00.000Z,MCT2408035,15.236111,74.125,47.4375,190,554,90.62437437500002,19.287689375,9.743125000000001,3.799999999999999,10.19,4.909999999999998,3.8299999999999987,27.055976875000002
2026-08-19T19:15:56.332Z,MCT2408035,15.236111,74.125,46.2,190,557,90.582032,18.354723,9.886,3.8,10.19,4.909999999999999,3.829999999999999,27.043777999999996
2026-08-19T18:30:00.000Z,MCT2408038,15.188889,74.055556,23.125,433.75187500000004,639.5,90.10271437500002,9.752500000000001,13.330000000000005,5.950000000000002,16.900000000000002,7.939999999999999,4.852499999999999,26.779809375
2026-08-19T18:40:00.000Z,MCT2408038,15.188889,74.055556,23.125,423.74125,650.6875,90.51231812500001,9.805,13.330000000000005,5.950000000000002,16.900000000000002,7.939999999999999,4.809375,26.75232625
2026-08-19T18:50:00.000Z,MCT2408038,15.188889,74.055556,23.25,415.215625,649.5625,90.53234562499999,9.86125,13.330000000000005,5.950000000000002,16.900000000000002,7.939999999999999,4.8306249999999995,26.779137500000004
2026-08-19T19:00:00.000Z,MCT2408038,15.188889,74.055556,23.1875,412.44500000000005,642.625,90.4331625,9.778125000000001,13.330000000000005,5.950000000000002,16.900000000000002,7.939999999999999,4.845625,26.795226250000006
2026-08-19T19:10:00.000Z,MCT2408038,15.188889,74.055556,23.125,409.365,646.375,90.534729375,9.690000000000001,13.330000000000005,5.950000000000002,16.900000000000002,7.9606249999999985,4.8306249999999995,26.807290625000004
2026-08-19T19:15:56.345Z,MCT2408038,15.188889,74.055556,22.9,400.916,654.7,90.53625600000001,9.641000000000002,13.330000000000002,5.950000000000001,17.098000000000003,8.38,4.816999999999999,26.822843999999996
2026-08-19T18:30:00.000Z,MCT2408026,15.2467,74.198281,30.833333333333332,125,474.5416666666667,85.86585833333332,13.106225416666668,12.5,4.730000000000003,14.87083333333333,8.072916666666668,2.174166666666667,28.38030458333333
2026-08-19T18:40:00.000Z,MCT2408026,15.2467,74.198281,31.095238095238095,125,469.6190476190476,85.61994619047617,13.511596190476192,12.5,4.8642857142857165,15.337142857142855,8.262857142857145,2.1119047619047615,28.468788095238097
2026-08-19T18:50:00.000Z,MCT2408026,15.2467,74.198281,31.041666666666668,125,475.2916666666667,85.20623208333332,13.3945675,12.5,4.76916666666667,15.03208333333333,8.153333333333334,1.8570833333333334,28.662730416666665
2026-08-19T19:00:00.000Z,MCT2408026,15.2467,74.198281,31.041666666666668,125,481.7083333333333,85.49773958333331,13.41462,12.5,4.730000000000003,14.509999999999996,7.710000000000001,1.9808333333333337,28.54341416666667
2026-08-19T19:10:00.000Z,MCT2408026,15.2467,74.198281,31.083333333333332,125,477.25,85.66590458333337,13.455263333333335,12.5,4.730000000000003,14.509999999999996,7.710000000000001,2.0729166666666656,28.40801250000001
2026-08-19T19:15:56.350Z,MCT2408026,15.2467,74.198281,31,125,479.2,85.893006,13.381673999999999,12.5,4.730000000000002,14.509999999999996,7.709999999999997,1.999333333333333,28.350096666666666
2026-08-19T19:20:00.000Z,MCT2408028,15.186944,74.096667,41.69565217391305,575.3160869565218,448.7826086956522,91.5865895652174,18.14782608695652,12.893043478260873,4.989999999999998,13.140869565217391,6.180434782608693,0.9326086956521742,26.32267869565217
2026-08-19T19:30:00.000Z,MCT2408028,15.186944,74.096667,41.583333333333336,575.1854166666666,462.6666666666667,91.86542333333337,18.151249999999994,12.701666666666666,4.989999999999998,12.635,5.674166666666665,1.2516666666666667,26.259864583333336
2026-08-19T19:40:00.000Z,MCT2408028,15.186944,74.096667,41.52,572.7143999999998,464.56,91.95684760000002,18.046399999999995,12.655599999999998,4.989999999999998,13.163200000000002,6.203199999999998,1.2656,26.2256696
2026-08-19T19:50:00.000Z,MCT2408028,15.186944,74.096667,41.72,571.7876,461.36,91.95410160000003,18.1588,12.7192,4.989999999999998,12.089200000000003,5.1292,1.1860000000000002,26.240256
2026-08-19T20:00:00.000Z,MCT2408028,15.186944,74.096667,41.56,573.2256000000001,466.4,91.96386639999999,18.0976,12.683200000000001,4.989999999999998,13.1632,6.203199999999999,1.3419999999999999,26.242400000000004
2026-08-19T20:10:00.000Z,MCT2408028,15.186944,74.096667,41.541666666666664,568.3295833333335,460.6666666666667,91.99544041666665,18.07375,12.7275,7.823333333333335,28.504166666666663,17.437499999999996,1.1879166666666667,26.241095416666656
2026-08-19T20:10:53.667Z,MCT2408028,15.186944,74.096667,41.666666666666664,570.3366666666666,456,92.07332333333333,18.116666666666664,12.520000000000001,8.323333333333332,31.486666666666668,19.88333333333333,1.11,26.25584333333333
2026-08-19T19:20:00.000Z,MCT2408056,15.579167,73.920833,20.285714285714285,180,638.7857142857143,90.03064285714287,6.871428571428571,10.390844785714288,6.569999999999999,21.145,12.382857142857146,1.56,27.151639285714282
2026-08-19T19:30:00.000Z,MCT2408056,15.579167,73.920833,19.9375,180,647.3125,89.99065812500001,6.958125000000001,10.954078125,6.334999999999999,20.095625,11.539375000000003,1.5843749999999996,27.151831875
2026-08-19T19:40:00.000Z,MCT2408056,15.579167,73.920833,20.25,180,635.5625,90.184253125,6.878125000000001,10.266284624999999,5.923749999999999,20.37875,12.360000000000001,1.5599999999999998,27.156523125
2026-08-19T19:50:00.000Z,MCT2408056,15.579167,73.920833,19.3125,180,645.25,90.13371000000001,6.922499999999999,10.204518375,5.57125,18.443749999999998,10.838125000000002,1.5856249999999998,27.201435625
2026-08-19T20:00:00.000Z,MCT2408056,15.579167,73.920833,19.5,180,638,89.8933825,6.859375,10.254988,5.571249999999999,18.841250000000002,11.188750000000002,1.5856249999999998,27.281876875
2026-08-19T20:10:00.000Z,MCT2408056,15.579167,73.920833,19.357142857142858,180,638.4285714285714,89.87696785714286,6.906428571428571,10.236753214285713,5.4957142857142856,18.735714285714284,11.17857142857143,1.5742857142857145,27.24970214285715
2026-08-19T20:10:53.680Z,MCT2408056,15.579167,73.920833,20,180,640,90.19141,7.09,9,5.63,20.04,12.18,1.56,27.17462
2026-08-19T19:20:00.000Z,MCT2408057,15.272222,74.104722,29.91304347826087,330.89695652173924,458.0869565217391,82.23859173913041,12.326521739130431,8.991739130434784,4.04391304347826,12.413478260869566,6.71391304347826,2.3808695652173917,29.301457826086963
2026-08-19T19:30:00.000Z,MCT2408057,15.272222,74.104722,29.76,333.6104,455.76,82.75183079999996,12.2304,9.0204,3.5063999999999993,11.2172,6.220800000000001,2.472,29.137746400000005
2026-08-19T19:40:00.000Z,MCT2408057,15.272222,74.104722,29.904761904761905,330.38857142857137,457.4761904761905,83.72131666666668,12.380476190476191,9.011428571428572,4.343333333333334,13.892857142857146,7.828095238095237,2.6390476190476195,28.774706666666663
2026-08-19T19:50:00.000Z,MCT2408057,15.272222,74.104722,29.96,336.5308,450.28,84.694274,12.346799999999996,8.9736,3.2439999999999998,10.358000000000004,5.776400000000001,2.3588000000000005,28.458635599999997
2026-08-19T20:00:00.000Z,MCT2408057,15.272222,74.104722,29.88,337.63719999999995,453.16,85.02203319999997,12.298399999999997,9.068800000000001,3.003999999999999,8.912400000000002,4.803200000000001,2.2824,28.432036800000002
2026-08-19T20:10:00.000Z,MCT2408057,15.272222,74.104722,29.863636363636363,337.25999999999993,456.72727272727275,84.96076272727271,12.315909090909093,9.031818181818183,3.0890909090909076,9.56090909090909,5.281818181818183,2.2418181818181817,28.490888636363646
2026-08-19T20:10:53.680Z,MCT2408057,15.272222,74.104722,30,327.26,458,84.782165,12.43,9.03,3.2800000000000002,10.175,5.53,2.5949999999999998,28.568885
2026-08-19T19:20:00.000Z,MCT2408020,15.543475,74.039433,31.666666666666668,184.0645666666667,483.2,88.97833133333334,9.224164733333335,19.641476,13.604666666666665,42.24800000000001,22.552666666666664,3.6599999999999984,27.467062000000002
2026-08-19T19:30:00.000Z,MCT2408020,15.543475,74.039433,25.125,232.22246875000002,488.8125,88.96927000000001,9.3116679375,19.7094825,9.393124999999998,29.416249999999994,15.857500000000002,3.6599999999999984,27.49704874999999
2026-08-19T19:40:00.000Z,MCT2408020,15.543475,74.039433,38,249.76144374999998,499,88.95782750000001,9.283448062499998,19.575510625,17.510624999999997,54.986875000000005,29.740000000000002,3.6599999999999984,27.499729999999992
2026-08-19T19:50:00.000Z,MCT2408020,15.543475,74.039433,31.875,193.98100000000002,490.625,88.97022500000001,9.255228375000002,19.798596874999998,13.16,41.704375000000006,22.537499999999998,3.6599999999999984,27.491685625000002
2026-08-19T20:00:00.000Z,MCT2408020,15.543475,74.039433,27.9375,189.32889375000002,497.3125,89.02554,9.2530173125,19.99450375,10.726249999999999,33.900000000000006,18.414375000000003,3.6599999999999984,27.472915625000002
2026-08-19T20:10:00.000Z,MCT2408020,15.543475,74.039433,23.214285714285715,180,495.57142857142856,89.12547142857144,8.898401285714288,19.243106428571426,7.752142857142856,24.098571428571432,13.076428571428574,3.659999999999999,27.436623571428562
2026-08-19T20:10:53.667Z,MCT2408020,15.543475,74.039433,22,180,495,89.22247,9.305036,19.77899,6.49,21.44,12.08,3.66,27.44275
2026-08-19T19:20:00.000Z,MCT2408055,15.585833,73.885556,19.466666666666665,80.12666666666668,833.5333333333333,89.56783066666668,8.574666666666667,7.923333333333335,5.7313333333333345,16.79866666666667,9.54,1.2659999999999998,26.940817999999997
2026-08-19T19:30:00.000Z,MCT2408055,15.585833,73.885556,19.5,79.7875,829.375,89.73173499999999,8.558125000000002,7.938749999999999,6.246875000000001,18.215625000000003,10.179374999999999,1.1331249999999997,26.88839999999999
2026-08-19T19:40:00.000Z,MCT2408055,15.585833,73.885556,19.5,81.14812500000001,831.9375,89.80803062499999,8.560625000000002,7.6675,5.506250000000001,16.158749999999998,9.157499999999999,1.2906250000000001,26.85622625
2026-08-19T19:50:00.000Z,MCT2408055,15.585833,73.885556,19.3125,79.52124999999998,851.1875,89.95155749999998,8.44375,7.8774999999999995,5.766250000000001,16.447499999999998,9.114999999999998,1.2806250000000001,26.843488125000007
2026-08-19T20:00:00.000Z,MCT2408055,15.585833,73.885556,19.375,81.68375,841.1875,90.03452812499998,8.56375,7.591875000000002,5.722500000000001,16.366874999999997,9.157500000000002,1.2412500000000002,26.854215625000005
2026-08-19T20:10:00.000Z,MCT2408055,15.585833,73.885556,19.428571428571427,83.005,832.5,90.01484,8.645714285714288,7.666428571428573,5.592142857142858,16.40142857142857,9.34642857142857,1.1750000000000003,26.842915
2026-08-19T19:20:00.000Z,MCT2408053,15.263333,74.110833,40.733333333333334,218.63513333333333,766.9333333333333,92.965454,16.60266666666666,26.83066666666667,4.590000000000002,13.416,7.672666666666667,6.381333333333333,26.636936666666667
2026-08-19T19:30:00.000Z,MCT2408053,15.263333,74.110833,42.625,226.04941875,756.0625,92.78873875000001,18.183750000000003,26.733125,4.590000000000002,12.761249999999995,6.910625,6.501875,26.64305875
2026-08-19T19:40:00.000Z,MCT2408053,15.263333,74.110833,40.375,223.44945624999997,751.625,92.85215749999999,16.338124999999998,26.845625000000005,4.590000000000002,12.458124999999999,6.557499999999999,6.543125,26.622949999999996
2026-08-19T19:50:00.000Z,MCT2408053,15.263333,74.110833,42.875,227.34585625,766.125,92.993301875,18.386249999999997,26.858750000000004,4.590000000000002,12.336874999999996,6.416874999999998,6.34375,26.64775250000001
2026-08-19T20:00:00.000Z,MCT2408053,15.263333,74.110833,44.5,223.50929374999998,770.25,93.07722374999999,19.88875,26.694375000000004,4.590000000000002,13.125000000000004,7.333124999999999,6.314374999999999,26.67523437499999
2026-08-19T20:10:00.000Z,MCT2408053,15.263333,74.110833,42.57142857142857,226.20818571428566,750.5,93.11237142857142,18.050714285714285,26.97142857142857,4.590000000000002,13.333571428571434,7.5757142857142865,6.487857142857144,26.66747928571429
2026-08-19T20:10:53.881Z,MCT2408053,15.263333,74.110833,36,228.3784,753,93.25079,12.61,18.21,4.59,15.56,10.15,6.69,26.64909
2026-08-19T19:20:00.000Z,MCT2408052,15.444425,74.063856,16.266666666666666,160,471.46666666666664,89.90962866666665,3.766409466666667,8,5.418666666666667,15.748,7.753333333333333,2,27.313338666666674
2026-08-19T19:30:00.000Z,MCT2408052,15.444425,74.063856,16.3125,160,441.8125,90.088886875,3.68964925,8,5.4775,15.862500000000002,7.809374999999999,2,27.296624374999997
2026-08-19T19:40:00.000Z,MCT2408052,15.444425,74.063856,16.4,160,544.4,90.31347533333334,3.7180351333333346,8.0040788,5.508666666666667,15.977333333333338,7.8919999999999995,2,27.294030666666664
2026-08-19T19:50:00.000Z,MCT2408052,15.444425,74.063856,16.875,160,599.5,90.36163499999998,3.6530701875000005,8,5.834374999999998,16.723750000000003,8.151875,2,27.324778750000004
2026-08-19T20:00:00.000Z,MCT2408052,15.444425,74.063856,16.6875,160,664.375,90.30584812499997,3.672851062500001,8,5.583749999999999,16.143125000000005,7.981249999999998,2,27.362316875000005
2026-08-19T20:10:00.000Z,MCT2408052,15.444425,74.063856,16.666666666666668,160,660.2,90.21124333333333,3.649965,8,5.598666666666666,16.253333333333337,8.053333333333331,2,27.39913933333334
2026-08-19T19:20:00.000Z,MCT2408021,15.500556,74.053333,49.642857142857146,375,516.4285714285714,88.97724142857145,21.353571428571428,14.42562642857143,3.4685714285714275,11.79857142857143,7.924999999999999,4.284285714285715,26.986167857142856
2026-08-19T19:30:00.000Z,MCT2408021,15.500556,74.053333,49.25,375,526.375,89.07655937500003,21.01375,14.392046875,3.6912499999999993,11.955000000000004,7.7675,4.21,26.935991875000003
2026-08-19T19:40:00.000Z,MCT2408021,15.500556,74.053333,49.125,375,528.625,88.95019812500001,20.981875000000002,14.337212500000001,3.689999999999999,12.118750000000002,7.97625,4.248125,26.923255624999996
2026-08-19T19:50:00.000Z,MCT2408021,15.500556,74.053333,49.3125,375,523.5625,89.31211749999999,21.004375000000003,14.290096875000001,3.1549999999999994,10.380624999999998,6.755,4.243125000000001,26.888400624999996
2026-08-19T20:00:00.000Z,MCT2408021,15.500556,74.053333,49.5,375,518.8125,89.59536,21.106875,14.421176874999999,2.9187499999999997,9.348749999999999,5.890624999999999,4.219375,26.899794999999994
2026-08-19T20:10:00.000Z,MCT2408021,15.500556,74.053333,49.142857142857146,375,516.4285714285714,89.43010142857143,21.029285714285713,14.365564285714285,3.0949999999999993,10.062142857142858,6.494999999999999,4.237857142857144,26.942501428571425
2026-08-19T19:20:00.000Z,MCT2408050,15.553611,73.958333,27.666666666666668,86.02999999999999,559.7333333333333,92.21624599999997,11.420666666666667,4.069999999999999,5.429999999999999,17.746000000000002,9.640666666666668,2.380666666666667,26.599044000000003
2026-08-19T19:30:00.000Z,MCT2408050,15.553611,73.958333,27.6875,86.02999999999999,568.875,92.12927187499999,11.486250000000002,4.044375,5.727500000000001,18.245000000000005,9.785000000000004,2.379375,26.607533750000005
2026-08-19T19:40:00.000Z,MCT2408050,15.553611,73.958333,27.8125,86.02999999999999,574.4375,92.29187312499998,11.538750000000002,4.015624999999999,5.355625,17.387500000000003,9.357500000000002,2.48,26.620268750000005
2026-08-19T19:50:00.000Z,MCT2408050,15.553611,73.958333,27.75,86.02999999999999,577,92.55556687499998,11.53625,3.9768750000000006,5.568125,17.708750000000002,9.411250000000003,2.485,26.611553750000006
2026-08-19T20:00:00.000Z,MCT2408050,15.553611,73.958333,27.5625,86.02999999999999,593.3125,92.45542749999998,11.4275,4.078749999999999,5.727499999999999,18.461249999999996,9.996250000000002,2.4281249999999996,26.64976375000001
2026-08-19T20:10:00.000Z,MCT2408050,15.553611,73.958333,28,86.02999999999999,587.2142857142857,92.5227314285714,11.545,3.9385714285714286,5.393571428571429,17.479285714285716,9.479285714285718,2.3985714285714286,26.67207428571429
2026-08-19T20:10:53.912Z,MCT2408050,15.553611,73.958333,28,86.03,477,92.70148,11.49,4.17,5.94,18.89,10.21,3.06,26.63837
2026-08-19T19:20:00.000Z,MCT2408034,15.356389,74.123611,25.782608695652176,190.2276478260869,481.60869565217394,77.44600565217392,8.023043478260869,4.546086956521739,6.379999999999998,19.24565217391304,9.865652173913043,1.4799999999999998,30.60805608695652
2026-08-19T19:30:00.000Z,MCT2408034,15.356389,74.123611,25.333333333333332,193.53297916666668,474.125,77.58383166666667,7.997083333333332,3.950833333333333,6.379999999999998,18.756666666666664,9.376666666666667,1.6316666666666666,30.581632083333332
2026-08-19T19:40:00.000Z,MCT2408034,15.356389,74.123611,59.36,245.380188,470.92,77.6538708,7.266800000000001,3.91,26.540399999999998,85.5672,46.43280000000001,2.9656000000000002,30.576627199999997
2026-08-19T19:50:00.000Z,MCT2408034,15.356389,74.123611,30.08,183.83042799999998,477.28,77.90075639999998,7.569599999999999,4.1815999999999995,9.332399999999998,28.284400000000005,14.627199999999998,1.3391999999999995,30.548740399999996
2026-08-19T20:00:00.000Z,MCT2408034,15.356389,74.123611,30.125,187.71726249999998,473.9583333333333,77.94146,7.89875,4.56,9.265416666666663,28.29083333333335,14.689583333333333,1.4725,30.558839583333324
2026-08-19T20:10:00.000Z,MCT2408034,15.356389,74.123611,26.136363636363637,181.8945681818182,462.77272727272725,77.83664181818182,7.381818181818184,4.302272727272728,6.58681818181818,20.547272727272723,10.91090909090909,1.607272727272727,30.609583181818177
2026-08-19T19:20:00.000Z,MCT2408030,15.142519,74.075003,27,163.3702142857143,444.7142857142857,84.61432,8.972142857142858,6.200000000000002,9.370000000000001,24.639999999999993,12.31,4.104285714285715,26.335769285714285
2026-08-19T19:30:00.000Z,MCT2408030,15.142519,74.075003,27,163.23146,445.93333333333334,84.61635466666667,9.116000000000001,6.200000000000002,9.370000000000001,24.639999999999993,12.31,3.906666666666666,26.37095866666666
2026-08-19T19:40:00.000Z,MCT2408030,15.142519,74.075003,27,163.91750624999997,449.25,84.59524499999998,9.090625000000001,6.200000000000002,9.370000000000001,24.639999999999993,12.31,4.1125,26.37560437500001
2026-08-19T19:50:00.000Z,MCT2408030,15.142519,74.075003,27,164.65695000000002,445.1875,84.624331875,8.964375,6.200000000000002,9.370000000000001,24.639999999999993,12.31,4.088749999999999,26.341418749999995
2026-08-19T20:00:00.000Z,MCT2408030,15.142519,74.075003,27,166.86776,449.06666666666666,84.81166666666667,9.209999999999999,6.200000000000002,9.370000000000001,24.639999999999993,12.31,4.107333333333333,26.355941999999995
2026-08-19T20:10:00.000Z,MCT2408030,15.142519,74.075003,27,165.2960285714286,441.2857142857143,84.90369071428572,9.294285714285715,6.200000000000002,9.370000000000001,24.639999999999993,12.31,3.753571428571429,26.513497857142855
2026-08-19T20:10:54.112Z,MCT2408030,15.142519,74.075003,27,176.5317,443,84.83557,9.69,6.2,9.37,24.64,12.31,6.69,26.58474
2026-08-19T19:20:00.000Z,MCT2408029,15.333611,74.206944,12.2,165.65631333333332,458.2,92.166912,3.212,7.485333333333334,2.9399999999999995,8.747333333333334,4.787333333333333,3.5626666666666664,27.15960733333333
2026-08-19T19:30:00.000Z,MCT2408029,15.333611,74.206944,12.133333333333333,170.48111999999998,462.8666666666667,92.33933466666667,2.778,7.436000000000001,2.9399999999999995,8.67,4.709999999999999,3.506666666666667,27.048781333333334
2026-08-19T19:40:00.000Z,MCT2408029,15.333611,74.206944,12.5,157.65498124999996,465.1875,92.54411999999998,4.108124999999999,7.39375,2.9399999999999995,8.706249999999999,4.746249999999999,3.536875,26.984253124999995
2026-08-19T19:50:00.000Z,MCT2408029,15.333611,74.206944,12.3125,149.0096,469.6875,92.61564562499998,3.6324999999999994,7.571250000000001,2.9399999999999995,8.706249999999999,4.74625,3.5556249999999996,26.9909575
2026-08-19T20:00:00.000Z,MCT2408029,15.333611,74.206944,12.6875,152.0344125,471.3125,92.81496437499997,4.069375,7.6575,2.9399999999999995,8.70625,4.74625,3.530625,26.975538750000005
2026-08-19T20:10:00.000Z,MCT2408029,15.333611,74.206944,12,151.4118,474.07142857142856,92.88185714285714,2.411428571428572,7.521428571428571,2.94,8.67,4.71,3.5,26.964718571428566
2026-08-19T20:10:54.113Z,MCT2408029,15.333611,74.206944,12,148.5997,468,92.77777,1.87,8.66,2.94,8.67,4.71,3.5,27.00302
2026-08-19T19:20:00.000Z,MCT2408023,15.499722,74.020833,27.333333333333332,218.6126666666667,457.53333333333336,91.65472399999997,7.921333333333334,19.59066666666667,6.340000000000002,20.010666666666665,12.76,4.940666666666668,26.27729333333334
2026-08-19T19:30:00.000Z,MCT2408023,15.499722,74.020833,26.875,220.91312500000004,462.5,91.66578749999998,7.360625,19.274375000000003,6.340000000000002,19.471249999999998,12.14375,5.0268749999999995,26.27371875000001
2026-08-19T19:40:00.000Z,MCT2408023,15.499722,74.020833,29.5625,214.518125,461.375,91.67913999999998,7.6899999999999995,18.947499999999998,6.655625000000002,23.43,16.040625,4.92625,26.283100000000005
2026-08-19T19:50:00.000Z,MCT2408023,15.499722,74.020833,29.75,217.81,461.8125,91.68772374999996,7.363749999999999,18.896875,6.576250000000002,23.905625000000004,16.674999999999994,4.685,26.289804375000006
2026-08-19T20:00:00.000Z,MCT2408023,15.499722,74.020833,28.9375,200.79562500000003,468.9375,91.71108499999998,7.594375,18.318125,6.576875000000001,22.955000000000002,15.678124999999998,4.665000000000001,26.32533249999999
2026-08-19T20:10:00.000Z,MCT2408023,15.499722,74.020833,28.714285714285715,217.51785714285714,456.5,91.68894857142855,7.71857142857143,19.023571428571433,6.610000000000001,22.88714285714286,15.432142857142859,4.945714285714287,26.367177142857148
2026-08-19T19:20:00.000Z,MCT2408043,15.221111,74.087222,33,198.63933333333335,539.9333333333333,87.08725733333333,14.280666666666663,10.361333333333334,6.752666666666666,21.80133333333333,12.127333333333334,5.290000000000001,27.092398000000006
2026-08-19T19:30:00.000Z,MCT2408043,15.221111,74.087222,33,192.524,536.9333333333333,87.0236813333333,14.21733333333333,10.399333333333335,7.26,23.002000000000002,12.468666666666667,5.290000000000001,27.13458333333333
2026-08-19T19:40:00.000Z,MCT2408043,15.221111,74.087222,33,205.611875,534.1875,86.98706062499998,14.198749999999997,10.430625000000001,6.329999999999999,19.47125,10.41,5.290000000000001,27.11965750000001
2026-08-19T19:50:00.000Z,MCT2408043,15.221111,74.087222,33,207.18624999999997,518.8125,87.03093249999998,14.215,10.471875,6.329999999999999,20.19625,11.13,5.290000000000001,27.076756874999997
2026-08-19T20:00:00.000Z,MCT2408043,15.221111,74.087222,33,208.11500000000004,527.0625,87.05715562500002,14.240624999999996,10.327500000000002,6.409374999999999,21.888125,12.65,5.290000000000001,26.999669375
2026-08-19T20:10:00.000Z,MCT2408043,15.221111,74.087222,33,208.01000000000002,524.7333333333333,87.04301066666667,14.187333333333335,10.436000000000002,6.329999999999999,20.255999999999997,11.188666666666668,5.290000000000001,26.978711999999994
2026-08-19T20:10:54.273Z,MCT2408043,15.221111,74.087222,33,208.43,547.5,87.00232,14.254999999999999,10.58,6.33,21.245,12.17,5.29,26.99766
2026-08-19T19:20:00.000Z,MCT2408027,15.275556,74.1075,22.333333333333332,1161.806,628.5333333333333,91.45788466666667,6.579999999999999,12.809333333333338,7.296000000000001,22.672666666666668,12.452000000000002,2.9500000000000006,26.958692
2026-08-19T19:30:00.000Z,MCT2408027,15.275556,74.1075,20.375,1160.5549999999998,633,91.584725625,6.579999999999999,12.712500000000004,5.856250000000001,19.159375,10.623125,2.9500000000000006,26.948727500000004
2026-08-19T19:40:00.000Z,MCT2408027,15.275556,74.1075,20.1875,1158.39375,627.3125,91.86701312500001,6.579999999999999,12.861875000000005,5.731875000000001,18.545000000000005,10.313749999999997,2.9500000000000006,26.882366875000002
2026-08-19T19:50:00.000Z,MCT2408027,15.275556,74.1075,19.75,1161.5106250000001,627.9375,91.698214375,6.579999999999999,12.775625000000003,5.424999999999999,17.866874999999997,10.004999999999999,2.9500000000000006,26.944034375000005
2026-08-19T20:00:00.000Z,MCT2408027,15.275556,74.1075,19.4375,1162.435,608.6875,91.74160500000002,6.579999999999999,12.842500000000003,5.301250000000001,17.065,9.447500000000002,2.9500000000000006,26.95476062500001
2026-08-19T20:10:00.000Z,MCT2408027,15.275556,74.1075,19.357142857142858,1163.1192857142855,627.2142857142857,91.76033714285714,6.579999999999999,12.712857142857146,5.212857142857144,16.756428571428575,9.314285714285715,2.95,26.966250714285707
2026-08-19T20:10:54.299Z,MCT2408027,15.275556,74.1075,19,1157.33,535,91.83173,6.58,14.62,4.93,15.77,8.89,2.95,26.9923
2026-08-19T19:20:00.000Z,MCT2408040,15.528056,74.020833,19.066666666666666,100,473.2,88.786074,8.2,4.857333333333333,3.07,8.42,3.7299999999999986,3.5,27.218953333333328
2026-08-19T19:30:00.000Z,MCT2408040,15.528056,74.020833,18.875,100,475.5,88.72751562499997,7.9275,4.828749999999999,3.07,8.42,3.7299999999999986,3.5,27.246350000000003
2026-08-19T19:40:00.000Z,MCT2408040,15.528056,74.020833,18.875,100,483.625,88.69366187499999,7.938125000000001,4.82875,3.07,8.42,3.7299999999999986,3.5,27.249702499999994
2026-08-19T19:50:00.000Z,MCT2408040,15.528056,74.020833,18.875,100,480.5,88.79999687499998,7.970625000000002,4.779375,3.07,8.42,3.7299999999999986,3.5,27.234284375000005
2026-08-19T20:00:00.000Z,MCT2408040,15.528056,74.020833,18.9375,100,476.9375,88.8410025,8.036875,4.8149999999999995,3.07,8.42,3.7299999999999986,3.5,27.257746875
2026-08-19T20:10:00.000Z,MCT2408040,15.528056,74.020833,18.857142857142858,100,485.7857142857143,88.78923285714284,7.865000000000001,4.784285714285715,3.07,8.42,3.729999999999999,3.5,27.313286428571427
2026-08-19T19:20:00.000Z,MCT2408044,15.313669,74.140042,25.428571428571427,214.29,475.85714285714283,94.0491557142857,10.702142857142857,3.32,2.87,7.5,4.32,3.9126374285714287,26.348026428571426
2026-08-19T19:30:00.000Z,MCT2408044,15.313669,74.140042,25.466666666666665,214.29,469.46666666666664,94.14953533333332,10.686000000000002,3.32,2.8699999999999997,7.5,4.320000000000001,3.6903419333333334,26.29731266666666
2026-08-19T19:40:00.000Z,MCT2408044,15.313669,74.140042,25.875,214.29,464.5,94.38375937500001,10.833124999999999,3.32,2.8699999999999997,7.5,4.32,3.8593748125,26.208697500000007
2026-08-19T19:50:00.000Z,MCT2408044,15.313669,74.140042,25.4375,214.29,470.625,94.469113125,10.686874999999999,3.32,2.8699999999999997,7.5,4.32,4.1140224375,26.113508124999996
2026-08-19T20:00:00.000Z,MCT2408044,15.313669,74.140042,25.333333333333332,214.29,458.6666666666667,94.20751866666667,10.671333333333333,3.32,2.8699999999999997,7.5,4.320000000000001,4.135897333333333,26.063504000000002
2026-08-19T20:10:00.000Z,MCT2408044,15.313669,74.140042,25.285714285714285,214.29,462,94.26168857142856,10.645714285714286,3.32,2.87,7.5,4.32,4.138644642857143,26.077598571428574
2026-08-19T20:10:54.328Z,MCT2408044,15.313669,74.140042,26,214.29,473,94.33417,10.79,3.32,2.87,7.5,4.32,4.997436,26.11284
2026-08-19T19:20:00.000Z,MCT2408049,15.475278,74.055833,56.57142857142857,150,512.5,87.09822999999999,23.98785714285714,11.514999999999999,3.8299999999999987,11.215,5.865,2.61,27.61358642857143
2026-08-19T19:30:00.000Z,MCT2408049,15.475278,74.055833,56.5625,150,518.6875,87.202115,24.106875,10.923125,3.878124999999999,11.393125000000001,5.947500000000001,2.61,27.587538749999997
2026-08-19T19:40:00.000Z,MCT2408049,15.475278,74.055833,56.6875,150.28876875,521.1875,87.50347562500002,24.166874999999997,11.368125,3.9262499999999987,11.488750000000001,5.947500000000001,2.61,27.527211875
2026-08-19T19:50:00.000Z,MCT2408049,15.475278,74.055833,56.875,150.4571,522.125,87.70804000000001,24.344374999999992,11.978125000000002,3.8299999999999987,11.346250000000001,5.995625,2.61,27.50107
2026-08-19T20:00:00.000Z,MCT2408049,15.475278,74.055833,56.5625,150.1410875,534.375,87.736649375,24.091249999999995,10.722499999999998,3.8299999999999987,10.962500000000002,5.610625000000001,2.61,27.492356249999993
2026-08-19T20:10:00.000Z,MCT2408049,15.475278,74.055833,56.642857142857146,150,516,87.81593928571428,24.2,11.416428571428572,4.1049999999999995,12.476428571428572,6.579999999999999,2.61,27.45807357142857
2026-08-19T20:10:54.328Z,MCT2408049,15.475278,74.055833,57,150,517,88.14673,24.21,8.64,3.83,10.72,5.37,2.61,27.4213
2026-08-19T19:20:00.000Z,MCT2408046,15.529167,74.07,30.782608695652176,95.52,928.9130434782609,88.64064913043478,13.015652173913047,1.296086956521739,5.416086956521739,17.24304347826087,9.071739130434782,3.619565217391305,27.693626956521747
2026-08-19T19:30:00.000Z,MCT2408046,15.529167,74.07,30.88,95.52,939.08,90.5551752,13.210799999999999,1.1196,5.438,17.5992,9.2176,3.4224,27.170333599999996
2026-08-19T19:40:00.000Z,MCT2408046,15.529167,74.07,31,95.52,946.84,91.44201599999998,13.437600000000002,0.9756000000000001,5.4632000000000005,17.376000000000005,9.0968,3.3156000000000008,26.972563600000004
2026-08-19T19:50:00.000Z,MCT2408046,15.529167,74.07,31,95.52,943.56,91.84454439999998,13.332799999999997,0.8739999999999999,5.563999999999998,17.687199999999997,9.218,3.322,26.827132399999993
2026-08-19T20:00:00.000Z,MCT2408046,15.529167,74.07,31,95.5868,946.96,92.16101120000002,13.438400000000001,0.8295999999999998,5.3876,17.198000000000004,9.0964,3.3352000000000004,26.7546308
2026-08-19T20:10:00.000Z,MCT2408046,15.529167,74.07,31,96.66181818181818,947.7272727272727,92.35676772727271,13.470909090909089,0.7554545454545454,5.3463636363636375,17.118636363636366,8.879999999999999,3.356818181818183,26.752447272727263
2026-08-19T20:10:54.485Z,MCT2408046,15.529167,74.07,31.5,96.77000000000001,942.5,92.37341,13.92,0.8,5.06,16.66,8.77,3.565,26.750985
2026-08-19T19:20:00.000Z,MCT2408037,15.394444,74.118333,25.4,160,473.93333333333334,85.767884,10.624,13.812000000000003,5.252666666666668,18.862,9.74,3.6199999999999997,27.266864000000005
2026-08-19T19:30:00.000Z,MCT2408037,15.394444,74.118333,25.5,160,473.0625,85.805934375,10.728125000000002,13.42625,5.4818750000000005,19.524375000000003,10.068125,3.76375,27.189369999999997
2026-08-19T19:40:00.000Z,MCT2408037,15.394444,74.118333,25.125,160,485.6875,85.99094812499999,10.475624999999999,13.488125,5.343125000000001,18.91,9.740624999999998,3.6799999999999993,27.102229375
2026-08-19T19:50:00.000Z,MCT2408037,15.394444,74.118333,25.3125,160,482.5625,86.10443437500001,10.643749999999999,13.492499999999998,4.830625,17.580625000000005,8.991249999999999,3.7150000000000003,27.01709875
2026-08-19T20:00:00.000Z,MCT2408037,15.394444,74.118333,25.5625,160,482.625,86.11730937499999,10.768750000000002,13.789374999999998,4.32125,16.14875,8.476249999999999,3.6474999999999995,27.026484374999995
2026-08-19T20:10:00.000Z,MCT2408037,15.394444,74.118333,25.285714285714285,160,476.35714285714283,86.11622,10.665714285714287,12.692857142857141,4.460714285714285,17.055,9.098571428571427,3.5264285714285712,27.07273571428571
2026-08-19T20:10:54.507Z,MCT2408037,15.394444,74.118333,25,160,480,86.02576,10.62,14.49,4.46,15.54,7.5,3.4,27.13172
2026-08-19T19:20:00.000Z,MCT2408033,15.346944,74.007778,20.533333333333335,111.21816000000003,483.6,90.42283133333332,8.624666666666666,4.366666666666665,3.5160000000000005,9.779333333333334,6.274,4.39,27.27186866666666
2026-08-19T19:30:00.000Z,MCT2408033,15.346944,74.007778,20.4375,110.4742375,486.0625,90.54140374999999,8.50375,4.368125,3.5243750000000005,9.711875,6.175,4.39,27.274504999999998
2026-08-19T19:40:00.000Z,MCT2408033,15.346944,74.007778,19.75,111.30841874999999,465.625,90.49133625000002,7.937500000000001,4.26875,3.4481250000000006,9.520624999999999,6.065000000000001,4.39,27.3328225
2026-08-19T19:50:00.000Z,MCT2408033,15.346944,74.007778,20.1875,117.49798749999998,461.875,90.26007187499998,8.316250000000002,4.493125,3.0300000000000007,7.371875,4.340625,4.39,27.288581874999995
2026-08-19T20:00:00.000Z,MCT2408033,15.346944,74.007778,20.375,116.97699374999999,461.6875,90.28010062499999,8.51125,4.7143749999999995,3.0300000000000007,6.987500000000001,3.8987499999999993,4.39,27.251711874999998
2026-08-19T20:10:00.000Z,MCT2408033,15.346944,74.007778,20.285714285714285,118.54932142857145,485.64285714285717,90.31783499999999,8.444285714285716,4.872857142857143,3.0300000000000007,6.849285714285715,3.740714285714286,4.39,27.193774285714287
2026-08-19T19:20:00.000Z,MCT2408041,15.224628,74.171389,32.733333333333334,428.02416,472.6,91.15372866666668,13.815999999999999,9.7,8.090000000000002,20.25,8.900000000000002,8.066666666666666,26.796387333333332
2026-08-19T19:30:00.000Z,MCT2408041,15.224628,74.171389,32.5625,427.8930375,472.5,91.24140249999998,13.668125,9.7,8.090000000000002,20.25,8.900000000000002,7.92375,26.807291874999997
2026-08-19T19:40:00.000Z,MCT2408041,15.224628,74.171389,32.625,429.18365625,469.4375,91.35679562499999,13.764999999999997,9.7,8.090000000000002,20.25,8.900000000000002,7.897500000000001,26.818688124999994
2026-08-19T19:50:00.000Z,MCT2408041,15.224628,74.171389,32.8125,429.4605,478.5625,91.39637375,13.76375,9.7,8.090000000000002,20.25,8.900000000000002,8.041875000000001,26.826730625
2026-08-19T20:00:00.000Z,MCT2408041,15.224628,74.171389,32.9375,429.1109062499999,471.9375,91.18466000000002,13.858125,9.7,8.090000000000002,20.25,8.900000000000002,7.878125,26.882366875000002
2026-08-19T20:10:00.000Z,MCT2408041,15.224628,74.171389,32.857142857142854,434.11077142857147,469.92857142857144,91.44807642857143,13.78357142857143,9.700000000000001,8.090000000000002,20.25,8.900000000000002,7.945,26.781628571428573
2026-08-19T20:10:54.544Z,MCT2408041,15.224628,74.171389,32,437.1731,474,91.435,13.42,9.7,8.09,20.25,8.9,7.58,26.80997
2026-08-19T19:20:00.000Z,MCT2408042,15.213889,74.071667,61.5,268.80071428571426,444.92857142857144,89.1200192857143,26.357857142857146,14.032857142857143,4.614999999999999,13.680000000000001,7.160000000000001,3.987857142857142,27.189944285714287
2026-08-19T19:30:00.000Z,MCT2408042,15.213889,74.071667,61,274.9225,441.4375,89.14951562500002,26.066875,13.77,4.606874999999999,14.931875000000002,8.427499999999998,3.819375,27.12501937500001
2026-08-19T19:40:00.000Z,MCT2408042,15.213889,74.071667,60.8125,287.23437499999994,448.25,89.12853375000003,25.946875,13.49875,4.549999999999999,14.248750000000003,7.858750000000002,3.914375,27.092845625
2026-08-19T19:50:00.000Z,MCT2408042,15.213889,74.071667,61.375,283.79749999999996,451.875,89.29018562499999,26.291249999999998,13.362499999999999,4.549999999999999,13.9075,7.517500000000001,3.69125,27.080779375
2026-08-19T20:00:00.000Z,MCT2408042,15.213889,74.071667,61.625,285.798125,453.5625,89.50142375000001,26.445,13.663125,4.6637499999999985,14.250000000000004,7.6312500000000005,4.0268749999999995,27.049943750000004
2026-08-19T20:10:00.000Z,MCT2408042,15.213889,74.071667,61.5,287.24071428571426,452.64285714285717,89.53963642857143,26.357857142857142,13.714285714285717,8.515,27.034285714285712,14.773571428571428,3.962142857142858,27.06354142857143
2026-08-19T20:10:54.543Z,MCT2408042,15.213889,74.071667,61,276.59,452,89.61157,26.02,13.19,7.28,22.8,12.76,4.66,27.17462
2026-08-19T19:20:00.000Z,MCT2408024,15.148056,74.131667,41.130434782608695,215.8902608695652,498.7391304347826,81.27861347826091,17.935360434782613,5.183198608695653,5.521739130434782,18.1204347826087,10.076956521739133,2.5000000000000004,27.870358695652172
2026-08-19T19:30:00.000Z,MCT2408024,15.148056,74.131667,41.041666666666664,216.32167083333334,506.5,81.3161970833333,17.938512500000005,5.065837,5.7075,18.990000000000006,10.656666666666672,2.4987500000000002,27.85433041666666
2026-08-19T19:40:00.000Z,MCT2408024,15.148056,74.131667,40.88,215.63717600000004,519.08,81.36114639999998,17.854102400000002,5.18961056,5.56,18.630000000000006,10.510000000000002,2.5024,27.856314399999995
2026-08-19T19:50:00.000Z,MCT2408024,15.148056,74.131667,40.8,215.55259200000003,606,81.35595959999999,17.772946800000003,5.35815328,5.36,17.870000000000005,10.150000000000004,2.506,27.869613200000003
2026-08-19T20:00:00.000Z,MCT2408024,15.148056,74.131667,40.76,216.29495199999997,605.88,81.27935880000001,17.68662520000001,5.273881920000001,5.28,17.590000000000003,10.030000000000003,2.5084000000000004,27.893207200000003
2026-08-19T20:10:00.000Z,MCT2408024,15.148056,74.131667,40.68181818181818,216.44194090909087,618.6363636363636,81.14745227272728,17.655255454545458,5.047881454545455,5.045454545454546,17.217272727272732,10.126363636363639,2.5140909090909096,27.853720454545453
2026-08-19T20:10:54.699Z,MCT2408024,15.148056,74.131667,40,215.8849,518,81.14294,17.25114,5,5,15.99,8.99,2.52,27.82886
2026-08-19T19:20:00.000Z,MCT2408045,15.619444,73.878889,27.571428571428573,178.11999999999995,608.5714285714286,86.5669,11.303571428571427,17.134999999999998,4.53,15.400000000000004,7.997142857142856,2.5300000000000002,27.06584
2026-08-19T19:30:00.000Z,MCT2408045,15.619444,73.878889,28,178.11999999999995,612.375,86.72432374999998,11.615624999999998,17.1125,4.341875,14.723125000000001,7.670625000000001,2.5300000000000002,27.053295625000004
2026-08-19T19:40:00.000Z,MCT2408045,15.619444,73.878889,27.9375,178.11999999999995,598.8125,86.78774312499996,11.66375,17.123125,4.026875000000001,13.868125000000001,7.353125,2.5300000000000002,27.036538124999996
2026-08-19T19:50:00.000Z,MCT2408045,15.619444,73.878889,27.6875,178.11999999999995,606.875,86.93556187499999,11.353749999999998,17.3275,4.185625000000001,14.081875000000002,7.353125000000001,2.5300000000000002,26.992969374999998
2026-08-19T20:00:00.000Z,MCT2408045,15.619444,73.878889,27.6875,178.11999999999995,605.0625,87.0004125,11.40125,17.404999999999998,3.933750000000001,13.191250000000004,6.928750000000001,2.5300000000000002,26.961461875
2026-08-19T20:10:00.000Z,MCT2408045,15.619444,73.878889,27.928571428571427,178.11999999999995,615.6428571428571,87.02248499999999,11.61357142857143,17.253571428571426,4.027142857142858,13.608571428571432,7.110714285714286,2.5300000000000002,26.953226428571423
2026-08-19T19:20:00.000Z,MCT2408036,15.171567,74.067106,36.357142857142854,120,462.2142857142857,91.75761214285714,10.225714285714288,7.545714285714289,11.993571428571427,35.42357142857143,18.88785714285714,11.220714285714283,26.10134785714286
2026-08-19T19:30:00.000Z,MCT2408036,15.171567,74.067106,36.0625,120,452.125,91.45311750000002,10.360624999999999,7.941249999999998,7.435625000000002,22.923124999999995,12.694999999999999,11.034375,26.188587500000004
2026-08-19T19:40:00.000Z,MCT2408036,15.171567,74.067106,36.1875,120,462.375,91.401141875,10.23875,7.987499999999999,7.79625,23.46,12.759374999999999,11.113125000000002,26.18858625
2026-08-19T19:50:00.000Z,MCT2408036,15.171567,74.067106,36.4,120,460.06666666666666,91.61301666666664,10.52,7.811333333333334,8.105333333333334,23.607333333333333,12.427999999999997,11.267999999999999,26.129283333333326
2026-08-19T20:00:00.000Z,MCT2408036,15.171567,74.067106,36.3125,120,456.4375,91.76592375000001,10.546874999999998,7.8587500000000015,6.480625000000001,18.933125,10.004999999999999,11.173125,26.169147499999998
2026-08-19T20:10:00.000Z,MCT2408036,15.171567,74.067106,35.642857142857146,120,460.07142857142856,91.60229857142858,10.428571428571429,8.112857142857141,4.322857142857144,13.02714285714286,7.0928571428571425,10.70142857142857,26.260692857142857
2026-08-19T20:10:54.764Z,MCT2408036,15.171567,74.067106,38,120,458,91.38922,9.71,7.79,2.63,8.61,5.07,12.19,26.39169
2026-08-19T19:20:00.000Z,MCT2408022,15.475833,74.038889,26.214285714285715,150,432.14285714285717,90.9712392857143,4.087142857142857,11.442196428571426,5.642857142857143,19,10.857142857142858,4.237926928571428,26.57401857142857
2026-08-19T19:30:00.000Z,MCT2408022,15.475833,74.038889,25.375,150,434.625,90.73976999999998,4.424999999999999,11.17564125,5.25,17.1875,9.6875,4.220096,26.660487500000006
2026-08-19T19:40:00.000Z,MCT2408022,15.475833,74.038889,25.625,150,448.5625,90.77267125,4.24125,11.247740624999999,5.625,17.6875,9.5625,4.187933500000001,26.663167500000004
2026-08-19T19:50:00.000Z,MCT2408022,15.475833,74.038889,26.5,150,445.25,90.70400687499999,4.026250000000001,11.317959374999997,6.0625,20.1875,11.375,4.2379058125,26.705401874999993
2026-08-19T20:00:00.000Z,MCT2408022,15.475833,74.038889,25.6875,150,447.75,90.713545,4.015000000000001,11.225841875,5.6875,19.125,10.8125,4.1890304375000005,26.724841249999994
2026-08-19T20:10:00.000Z,MCT2408022,15.475833,74.038889,26.142857142857142,150,438.57142857142856,90.70911857142856,3.94,11.29876642857143,5.857142857142857,19.714285714285715,11.142857142857142,4.225505785714286,26.749452142857137
2026-08-19T19:20:00.000Z,MCT2408032,15.525556,73.828611,35.95652173913044,219.27652173913043,585.9130434782609,69.2550195652174,15.61956521739131,19.896521739130428,7.30521739130435,24.61304347826086,14.219130434782612,2.9586956521739127,32.93120347826086
2026-08-19T19:30:00.000Z,MCT2408032,15.525556,73.828611,35.76,227.102,585,68.45129399999998,15.423200000000007,19.940799999999992,7.233600000000003,24.180399999999995,13.931200000000004,3.0011999999999994,33.243742399999995
2026-08-19T19:40:00.000Z,MCT2408032,15.525556,73.828611,35.708333333333336,219.9166666666666,598.2916666666666,68.77696625000002,15.45458333333334,19.88666666666666,7.771666666666667,26.667916666666667,15.514166666666666,2.8175000000000003,33.23921833333333
2026-08-19T19:50:00.000Z,MCT2408032,15.525556,73.828611,36.4,216.77880000000002,604.68,69.15869079999999,15.854800000000003,20.336399999999994,7.176800000000003,24.520799999999998,14.384000000000006,2.5104,33.242882400000006
2026-08-19T20:00:00.000Z,MCT2408032,15.525556,73.828611,35.80769230769231,219.4634615384615,596,69.53804846153844,15.541153846153849,20.140384615384605,7.229230769230772,23.63307692307692,13.395000000000001,2.5207692307692318,33.200891923076924
2026-08-19T20:10:00.000Z,MCT2408032,15.525556,73.828611,35.86363636363637,218.82363636363635,591.0909090909091,69.60660636363639,15.526363636363635,20.229545454545445,7.24909090909091,25.020454545454548,14.736818181818178,2.5840909090909094,33.26550590909091
2026-08-19T19:20:00.000Z,MCT2408031,15.290833,74.149167,18.071428571428573,216.57615714285717,468.07142857142856,87.71130571428571,7.304989142857143,6.512383214285714,5.001428571428571,13.134999999999996,7.212142857142857,4.817857142857143,26.49358142857144
2026-08-19T19:30:00.000Z,MCT2408031,15.290833,74.149167,32.4375,168.9412625,478,87.73044874999998,7.195418000000001,6.2507892499999995,17.5,45.653125,24.85125,4.9925,26.5096675
2026-08-19T19:40:00.000Z,MCT2408031,15.290833,74.149167,20.1875,154.27173750000003,485.1875,87.7972075,7.195418125000001,6.6238518125,8.184375,21.304999999999996,11.547500000000001,4.88,26.517039999999998
2026-08-19T19:50:00.000Z,MCT2408031,15.290833,74.149167,20.1875,154.11089375,483,88.061373125,7.071896,8.728580625,8.0375,21.467499999999998,11.963750000000001,4.8825,26.456041874999997
2026-08-19T20:00:00.000Z,MCT2408031,15.290833,74.149167,22.6875,140.7489375,479.3125,87.85299687499997,6.9354411874999995,9.551915750000001,10.000624999999998,26.1425,14.254999999999999,5.1325,26.531118125
2026-08-19T20:10:00.000Z,MCT2408031,15.290833,74.149167,17.857142857142858,160.06513571428567,470,87.8644407142857,7.010436714285715,7.651714071428571,5.849999999999999,15.497142857142856,8.574285714285711,5.05,26.493579999999998
2026-08-19T20:10:54.910Z,MCT2408031,15.290833,74.149167,18,153.1406,465,87.94073,7.151605,6,7.14,17.83,9.05,4.98,26.47749
2026-08-19T19:20:00.000Z,MCT2408035,15.236111,74.125,46.785714285714285,190,560.5714285714286,90.64535642857143,18.840347142857144,9.607142857142858,3.7999999999999994,10.19,4.909999999999998,3.8299999999999987,27.02370714285714
2026-08-19T19:30:00.000Z,MCT2408035,15.236111,74.125,48.5,190,554.875,90.8532575,20.180546875,9.830625000000001,3.799999999999999,10.19,4.909999999999998,3.8299999999999987,26.965485000000005
2026-08-19T19:40:00.000Z,MCT2408035,15.236111,74.125,47.75,190,552.4375,90.99630875,19.539968124999998,9.834375000000001,3.799999999999999,10.19,4.909999999999998,3.834999999999999,26.9266075
2026-08-19T19:50:00.000Z,MCT2408035,15.236111,74.125,47.5625,190,554.0625,91.13602062500001,19.327216874999998,9.523750000000001,3.799999999999999,10.19,4.909999999999998,3.8299999999999987,26.926606875000004
2026-08-19T20:00:00.000Z,MCT2408035,15.236111,74.125,46.375,190,551.3125,91.241401875,18.40471375,9.25375,3.823749999999999,10.308125,4.980624999999999,3.8299999999999987,26.913871874999998
2026-08-19T20:10:00.000Z,MCT2408035,15.236111,74.125,48.142857142857146,190,548.5714285714286,91.23826785714287,19.826875,9.401428571428571,3.7999999999999994,10.19,4.909999999999998,3.8299999999999987,26.875087857142855
2026-08-19T20:10:54.917Z,MCT2408035,15.236111,74.125,50,190,541,91.36633,21.56808,10.3,3.8,10.19,4.91,3.83,26.88505
2026-08-19T19:20:00.000Z,MCT2408039,15.163611,74.110833,29,370.066,451.46666666666664,86.462666,10.859999999999998,10.3,9.019999999999998,28.94,11.759999999999998,2.3,26.779228666666672
2026-08-19T19:30:00.000Z,MCT2408039,15.163611,74.110833,29,370.7593750000001,430.9375,86.51546937500002,10.505624999999998,10.3,9.019999999999998,28.94,11.759999999999998,2.3,26.777128125000004
2026-08-19T19:40:00.000Z,MCT2408039,15.163611,74.110833,29,363.78999999999996,455.1875,86.52929687500003,10.170625,10.3,9.019999999999998,28.94,11.759999999999998,2.3,26.805950000000003
2026-08-19T19:50:00.000Z,MCT2408039,15.163611,74.110833,29,370.3225,456.25,86.40579625000002,10.472499999999997,10.3,9.019999999999998,28.94,11.759999999999998,2.3,26.79053375
2026-08-19T20:00:00.000Z,MCT2408039,15.163611,74.110833,29,364.5018749999999,459.5,86.55790687500001,10.64375,10.3,9.019999999999998,28.94,11.759999999999998,2.3,26.769752499999996
2026-08-19T20:10:00.000Z,MCT2408039,15.163611,74.110833,29,363.955,458.07142857142856,86.62248500000001,10.728571428571426,10.299999999999999,9.019999999999998,28.94,11.76,2.3000000000000003,26.737195000000003
2026-08-19T19:20:00.000Z,MCT2408026,15.2467,74.198281,31,125,477.8181818181818,85.94356772727272,13.310355454545453,12.5,4.730000000000003,14.597272727272726,7.798181818181818,1.9668181818181816,28.34512409090909
2026-08-19T19:30:00.000Z,MCT2408026,15.2467,74.198281,31,125,474.375,86.13447583333333,13.357624166666668,12.5,4.730000000000003,14.630416666666664,7.8308333333333335,2.0687499999999996,28.301207083333328
2026-08-19T19:40:00.000Z,MCT2408026,15.2467,74.198281,31,125,478.12,86.07794200000001,13.410721999999996,12.5,4.730000000000003,14.664399999999995,7.8644,2.1643999999999997,28.314916799999992
2026-08-19T19:50:00.000Z,MCT2408026,15.2467,74.198281,31.083333333333332,125,474,84.27322124999999,13.414351250000001,12.5,4.730000000000003,14.509999999999996,7.710000000000001,2.205,28.863382083333335
2026-08-19T20:00:00.000Z,MCT2408026,15.2467,74.198281,31.041666666666668,125,469.5833333333333,84.79774208333335,13.375658750000001,12.5,4.730000000000003,14.509999999999996,7.710000000000001,2.0837499999999998,28.663624999999996
2026-08-19T20:10:00.000Z,MCT2408026,15.2467,74.198281,30.904761904761905,126.16269523809524,461.14285714285717,86.06935428571428,13.254352380952382,12.5,4.730000000000002,14.509999999999996,7.71,2.6895238095238096,28.24611285714285
2026-08-19T20:10:54.982Z,MCT2408026,15.2467,74.198281,31,125,456,86.372895,13.37936,12.5,4.73,14.51,7.71,1.96,28.19351
2026-08-19T19:20:00.000Z,MCT2408038,15.188889,74.055556,23.785714285714285,396.2078571428572,655.4285714285714,90.542905,9.707142857142857,13.330000000000004,6.771428571428572,19.739285714285717,10.008571428571429,4.856428571428572,26.824528571428566
2026-08-19T19:30:00.000Z,MCT2408038,15.188889,74.055556,38.6875,384.338125,654.25,90.65203250000002,9.616875,13.330000000000005,17.6925,52.559375,26.903750000000002,4.80875,26.814665625000004
2026-08-19T19:40:00.000Z,MCT2408038,15.188889,74.055556,45.125,373.909375,657.375,90.89092562499998,9.477500000000001,13.330000000000005,21.563750000000002,65.17125000000001,34.13625,4.8725,26.82203812499999
2026-08-19T19:50:00.000Z,MCT2408038,15.188889,74.055556,41,380.90125,665.0625,90.81653687499998,9.660625000000003,13.330000000000005,19.354999999999993,56.47374999999999,28.523124999999993,4.857499999999999,26.84415875
2026-08-19T20:00:00.000Z,MCT2408038,15.188889,74.055556,35.5,401.59312500000004,663.8125,90.7721925,9.58375,13.330000000000005,15.525625,45.291875,22.941875,4.867500000000001,26.900464375000002
2026-08-19T20:10:00.000Z,MCT2408038,15.188889,74.055556,30.142857142857142,415.6764285714286,657.4285714285714,90.87914214285715,9.453571428571427,13.330000000000004,11.592857142857143,34.720714285714294,18.07,4.875714285714286,26.92718142857143
2026-08-19T20:10:54.982Z,MCT2408038,15.188889,74.055556,33,410.49,656,91.06116,9.87,13.33,13.63,39.76,20.39,4.82,26.92795
2026-08-19T20:20:00.000Z,MCT2408028,15.186944,74.096667,41.4375,571.03,450.8125,92.024844375,18.011875,13.177499999999997,6.427499999999999,23.553124999999998,14.415,1.1687500000000002,26.287794374999997
2026-08-19T20:30:00.000Z,MCT2408028,15.186944,74.096667,41.4,570.2687999999999,455.52,91.98797799999998,17.9424,12.805199999999997,7.430000000000002,27.245600000000003,16.821200000000005,1.2084,26.31189839999999
2026-08-19T20:40:00.000Z,MCT2408028,15.186944,74.096667,41.52,564.6012,459.24,91.94952480000003,17.968,12.592,8.070000000000002,29.115600000000008,17.893199999999993,1.3212000000000004,26.320478799999997
2026-08-19T20:50:00.000Z,MCT2408028,15.186944,74.096667,41.32,556.3888,466.44,92.04718000000001,17.897999999999996,12.5864,9.310000000000002,33.488800000000005,20.3208,0.9540000000000001,26.223095999999995
2026-08-19T21:00:00.000Z,MCT2408028,15.186944,74.096667,41.28,552.1831999999998,471.28,92.15093960000002,17.8624,12.482000000000001,9.990000000000004,35.000400000000006,20.718399999999995,1.0455999999999996,26.1523076
2026-08-19T21:10:00.000Z,MCT2408028,15.186944,74.096667,41.6,556.1448,475.44,92.22784400000005,18.052000000000007,12.612,8.550000000000002,30.586400000000005,18.5312,1.1816000000000002,26.121847600000002
2026-08-19T21:13:39.724Z,MCT2408028,15.186944,74.096667,41.77777777777778,557.4022222222222,472.22222222222223,92.34289555555556,18.233333333333334,12.42111111111111,9.101111111111111,32.041111111111114,19.218888888888888,1.338888888888889,26.105687777777778
2026-08-19T20:20:00.000Z,MCT2408020,15.543475,74.039433,23.5,180,487.2,88.823456,9.4201002,19.830560999999996,8.347,24.978,13.103,3.6599999999999993,27.494232999999998
2026-08-19T20:30:00.000Z,MCT2408020,15.543475,74.039433,25.75,180,486.9375,89.04747499999999,9.2922913125,19.674725624999997,9.856249999999998,29.531875,15.393125,3.6599999999999984,27.435379374999997
2026-08-19T20:40:00.000Z,MCT2408020,15.543475,74.039433,28.875,180,481.75,88.991685,9.376950875,19.830828125,11.710625,35.6475,18.530625000000004,3.6599999999999984,27.45682875
2026-08-19T20:50:00.000Z,MCT2408020,15.543475,74.039433,35.3125,180,488.875,88.97880750000002,9.3420989375,19.940143125,15.595624999999998,48.81062500000001,26.195,3.6599999999999984,27.484980625000002
2026-08-19T21:00:00.000Z,MCT2408020,15.543475,74.039433,28.75,180,482.1875,88.95640000000002,9.200999249999999,19.830827499999998,11.361249999999997,35.473124999999996,18.880000000000003,3.6599999999999984,27.4856525
2026-08-19T21:10:00.000Z,MCT2408020,15.543475,74.039433,26.3125,180,484.875,88.9635475,9.2292191875,19.773941249999996,9.79875,30.055624999999996,16.032500000000002,3.6599999999999984,27.455490000000005
2026-08-19T21:13:39.725Z,MCT2408020,15.543475,74.039433,27.833333333333332,180,485.6666666666667,88.96815666666667,9.322722,19.679576666666662,10.82,32.61666666666667,17.04,3.66,27.483863333333332
2026-08-19T20:20:00.000Z,MCT2408057,15.272222,74.104722,29.8125,331.27312500000005,458.375,85.01581437499999,12.293125,8.956875,3.279999999999999,10.212500000000002,5.567500000000001,2.2343749999999996,28.500516249999997
2026-08-19T20:30:00.000Z,MCT2408057,15.272222,74.104722,29.88,334.1924000000001,460.32,84.71991040000003,12.3816,8.9556,3.2439999999999998,10.110000000000003,5.533200000000002,2.2984000000000004,28.597202000000003
2026-08-19T20:40:00.000Z,MCT2408057,15.272222,74.104722,29.76,327.8508,467.08,83.93804960000001,12.3016,8.9308,4.006399999999998,12.4384,6.840000000000001,2.2048,28.8352996
2026-08-19T20:50:00.000Z,MCT2408057,15.272222,74.104722,29.72,316.7883999999999,471.84,83.0075676,12.2676,8.942800000000002,5.244800000000001,15.447199999999995,8.1928,2.2964,29.045512399999996
2026-08-19T21:00:00.000Z,MCT2408057,15.272222,74.104722,29.92,325.4784,467.6,82.67584239999996,12.3752,8.915600000000003,4.2672,12.824000000000002,6.907599999999999,2.3028000000000004,29.05623680000001
2026-08-19T21:10:00.000Z,MCT2408057,15.272222,74.104722,29.92,332.32920000000007,466.04,82.4222412,12.383199999999999,8.940800000000003,3.4823999999999997,11.060000000000002,6.1108,2.2416,29.097850400000002
2026-08-19T21:13:39.726Z,MCT2408057,15.272222,74.104722,29.77777777777778,331.95444444444445,460.77777777777777,81.77448777777778,12.246666666666666,8.955555555555556,3.842222222222222,11.81,6.334444444444445,2.283333333333333,29.304151111111107
2026-08-19T20:20:00.000Z,MCT2408055,15.585833,73.885556,19.3,82.63799999999999,798.6,89.79773,8.594000000000001,7.963999999999999,5.733,16.644,9.268,1.084,26.951542999999997
2026-08-19T20:30:00.000Z,MCT2408055,15.585833,73.885556,19.25,84.310625,820.625,89.99208874999997,8.508125000000001,7.597500000000001,5.94,17.147500000000004,9.625625,1.2350000000000003,26.84616937500001
2026-08-19T20:40:00.000Z,MCT2408055,15.585833,73.885556,19.375,83.89125000000001,828.125,90.12035750000001,8.506875,7.770625000000001,5.679375000000001,16.446875,9.243125,1.2400000000000002,26.769753749999992
2026-08-19T20:50:00.000Z,MCT2408055,15.585833,73.885556,19.375,84.66375,839.8125,90.09937499999998,8.565000000000001,7.877499999999998,5.245,15.213749999999996,8.605,1.184375,26.760369375
2026-08-19T21:00:00.000Z,MCT2408055,15.585833,73.885556,19.375,88.745,824,90.32205875,8.528750000000002,7.347500000000001,5.375000000000001,15.706874999999997,8.944999999999999,1.0518750000000001,26.70003875
2026-08-19T21:10:00.000Z,MCT2408055,15.585833,73.885556,19.625,86.178125,842.3125,90.21000437499998,8.6475,7.5493749999999995,5.417500000000001,16.037499999999998,9.284999999999998,1.234375,26.732886249999996
2026-08-19T21:13:39.734Z,MCT2408055,15.585833,73.885556,19.666666666666668,89.35166666666667,827.5,90.16597666666667,8.583333333333334,7.5200000000000005,5.13,15.9,9.426666666666666,1.1533333333333333,26.754561666666664
2026-08-19T20:20:00.000Z,MCT2408056,15.579167,73.920833,19.90909090909091,180,648.6363636363636,90.15950272727274,6.86090909090909,11.464788272727274,5.715454545454546,19.294545454545453,11.41909090909091,1.6245454545454547,27.152196363636367
2026-08-19T20:30:00.000Z,MCT2408056,15.579167,73.920833,19.933333333333334,180,649.5333333333333,90.041362,6.935999999999999,11.567135533333333,5.755333333333332,19.91733333333333,12.058000000000002,1.5599999999999998,27.158177333333338
2026-08-19T20:40:00.000Z,MCT2408056,15.579167,73.920833,19.5,180,652.0625,90.18425249999999,6.891250000000001,10.462881062500001,5.629999999999999,19.125625,11.363125000000002,1.6118749999999997,27.137083749999995
2026-08-19T20:50:00.000Z,MCT2408056,15.579167,73.920833,20.125,180,661,90.38977062500001,6.992500000000001,10.8424291875,6.041250000000002,20.20875,11.948750000000002,1.5974999999999997,27.088151874999998
2026-08-19T21:00:00.000Z,MCT2408056,15.579167,73.920833,20.375,180,655.0625,90.61865187499998,6.73125,11.2213905625,6.276249999999999,21.177500000000002,12.709375000000001,1.6331249999999997,27.045252499999997
2026-08-19T21:10:00.000Z,MCT2408056,15.579167,73.920833,20.3125,180,651.75,90.64869374999999,6.814375,11.246918374999998,6.334999999999999,20.95,12.416875000000003,1.5937499999999998,27.033856875000005
2026-08-19T21:13:39.735Z,MCT2408056,15.579167,73.920833,20.5,180,643.1666666666666,90.46352,6.956666666666667,13.251173333333334,6.413333333333334,21.253333333333334,12.651666666666666,1.586666666666667,27.065583333333333
2026-08-19T20:20:00.000Z,MCT2408043,15.221111,74.087222,33,211.715,541,87.071748,14.197,10.408000000000001,6.329999999999999,20.342000000000002,11.274000000000001,5.29,26.94618
2026-08-19T20:30:00.000Z,MCT2408043,15.221111,74.087222,33,209.635625,550.25,87.015194375,14.234374999999998,10.438749999999999,6.329999999999999,20.27625,11.209999999999999,5.290000000000001,26.901134374999998
2026-08-19T20:40:00.000Z,MCT2408043,15.221111,74.087222,33,207.31199999999998,555.2,87.18135666666667,14.199999999999998,10.479999999999999,6.329999999999999,20.17,11.103333333333332,5.290000000000001,26.787091999999998
2026-08-19T20:50:00.000Z,MCT2408043,15.221111,74.087222,33,202.945,556.9375,87.3218,14.21375,10.513750000000002,6.329999999999999,20.358125,11.290000000000001,5.290000000000001,26.735566250000005
2026-08-19T21:00:00.000Z,MCT2408043,15.221111,74.087222,33,200.66937500000003,568.25,87.39856937500001,14.203124999999998,10.50875,6.329999999999999,20.43875,11.370000000000001,5.290000000000001,26.705399999999994
2026-08-19T21:10:00.000Z,MCT2408043,15.221111,74.087222,33,198.07375000000002,565.6875,87.73235624999998,14.235624999999997,10.382500000000002,6.329999999999999,22.369375,13.290000000000001,5.290000000000001,26.695344375
2026-08-19T21:13:39.931Z,MCT2408043,15.221111,74.087222,33,199.25600000000003,565.6,87.71032599999998,14.206,10.32,6.33,22.914,13.834,5.29,26.749914
2026-08-19T20:20:00.000Z,MCT2408053,15.263333,74.110833,39.3,224.35023,761.6,92.745728,15.360000000000003,27.774,4.590000000000001,13.029000000000002,7.220000000000001,6.467999999999999,26.768144999999997
2026-08-19T20:30:00.000Z,MCT2408053,15.263333,74.110833,42.9375,217.75268124999997,782.375,92.88363000000001,18.444375,27.023125000000004,4.590000000000002,12.821874999999999,6.980624999999999,6.501250000000001,26.696687500000003
2026-08-19T20:40:00.000Z,MCT2408053,15.263333,74.110833,43.125,220.87344999999996,775.5,92.88124562500002,18.571875,28.364375000000003,4.590000000000002,13.125000000000004,7.333749999999999,6.363125,26.609544999999994
2026-08-19T20:50:00.000Z,MCT2408053,15.263333,74.110833,42.25,228.10671250000001,771,92.88029,17.826875,28.88375,4.590000000000002,13.124999999999998,7.333749999999999,6.266875000000001,26.557929999999995
2026-08-19T21:00:00.000Z,MCT2408053,15.263333,74.110833,37.8125,206.96436874999998,786.625,93.04766062499999,14.080624999999998,26.382500000000004,4.590000000000002,12.943125,7.121874999999998,6.53,26.507656875000002
2026-08-19T21:10:00.000Z,MCT2408053,15.263333,74.110833,42.4375,213.73030625000004,760.0625,93.10821999999999,18.08625,28.2125,4.590000000000002,13.307499999999997,7.544375,6.260000000000001,26.480845000000002
2026-08-19T21:13:39.929Z,MCT2408053,15.263333,74.110833,43,221.07733333333337,722.6666666666666,92.99775166666666,18.46666666666667,28.84,4.59,14.26,8.646666666666667,6.195,26.477491666666666
2026-08-19T20:20:00.000Z,MCT2408050,15.553611,73.958333,27.8,86.02999999999999,580.2,92.30551,11.513,3.9559999999999995,5.4300000000000015,17.601000000000003,9.443000000000001,2.501,26.672688
2026-08-19T20:30:00.000Z,MCT2408050,15.553611,73.958333,27.625,86.02999999999999,586.9375,92.10256999999999,11.398750000000001,3.980625,5.143125000000001,16.958125000000003,9.197500000000002,2.506874999999999,26.66987312500001
2026-08-19T20:40:00.000Z,MCT2408050,15.553611,73.958333,27.875,86.02999999999999,580.9375,92.33002124999997,11.491875000000002,4.01375,5.090000000000002,16.6375,8.87625,2.7681250000000004,26.57133625
2026-08-19T20:50:00.000Z,MCT2408050,15.553611,73.958333,27.875,86.02999999999999,595.6875,92.52647687499999,11.660000000000002,3.9537500000000003,5.143125000000001,16.798125000000002,8.983125000000001,2.7506249999999994,26.498272499999995
2026-08-19T21:00:00.000Z,MCT2408050,15.553611,73.958333,27.9375,86.02999999999999,579.625,92.65856249999999,11.563125000000003,3.9993749999999992,5.036875,16.530625,8.982500000000002,2.70875,26.482854375000002
2026-08-19T21:10:00.000Z,MCT2408050,15.553611,73.958333,27.625,86.02999999999999,572.3125,92.68478812499998,11.373750000000001,3.90125,5.302500000000002,17.281875000000003,9.3025,2.5993749999999998,26.494250625000006
2026-08-19T21:13:39.936Z,MCT2408050,15.553611,73.958333,27.833333333333332,86.02999999999999,581.6666666666666,92.65824333333335,11.585,3.91,5.09,16.31833333333333,8.501666666666667,2.515,26.49894
2026-08-19T20:20:00.000Z,MCT2408052,15.444425,74.063856,16.8,160,665.6,90.16851899999999,3.5811931,8,5.654999999999999,16.243000000000002,7.972999999999999,2,27.453478000000008
2026-08-19T20:30:00.000Z,MCT2408052,15.444425,74.063856,16.125,160,663.75,90.3473325,3.715965,8,5.392499999999999,15.625625000000001,7.6575000000000015,2,27.42398499999999
2026-08-19T20:40:00.000Z,MCT2408052,15.444425,74.063856,16.25,160,673.9375,90.46892499999998,3.726973687500001,8,5.434999999999999,15.776875000000002,7.765624999999999,2,27.397171250000007
2026-08-19T20:50:00.000Z,MCT2408052,15.444425,74.063856,16.6875,160,651.8125,90.52852937499998,3.6866666875000003,8,5.625624999999999,16.207500000000003,7.981874999999999,2,27.381083750000002
2026-08-19T21:00:00.000Z,MCT2408052,15.444425,74.063856,17.125,160,669.5,90.57382999999999,3.708684375,8,5.876874999999999,16.983125,8.368125000000001,2,27.378402500000004
2026-08-19T21:10:00.000Z,MCT2408052,15.444425,74.063856,16.75,160,654.75,90.51279374999999,3.7628070625000007,8,5.604374999999999,16.293125000000003,8.08875,2,27.386447500000006
2026-08-19T21:13:39.931Z,MCT2408052,15.444425,74.063856,16.166666666666668,160,674.8333333333334,90.57160499999999,3.803742833333333,8,5.406666666666667,15.918333333333331,7.938333333333333,2,27.392701666666667
2026-08-19T20:20:00.000Z,MCT2408034,15.356389,74.123611,28.133333333333333,184.11948666666666,462.06666666666666,77.41725799999999,7.939333333333335,4.649333333333334,7.837999999999998,24.38333333333333,12.812666666666667,1.5079999999999998,30.70961666666666
2026-08-19T20:30:00.000Z,MCT2408034,15.356389,74.123611,30.32,180,467.52,77.58154200000003,7.420399999999997,4.903200000000001,9.003999999999996,28.661200000000004,15.4528,1.3439999999999999,30.669720400000003
2026-08-19T20:40:00.000Z,MCT2408034,15.356389,74.123611,26.76,182.53270400000002,473.12,77.45520080000001,8.504399999999999,5.0363999999999995,6.962799999999998,21.5304,11.324000000000002,1.4856,30.694172799999997
2026-08-19T20:50:00.000Z,MCT2408034,15.356389,74.123611,25.64,194.02405600000003,468.04,77.4140044,9.552,6.064,6.379999999999998,19.467999999999996,10.088,1.7804,30.63454319999999
2026-08-19T21:00:00.000Z,MCT2408034,15.356389,74.123611,25.6,190.300784,473.8,77.4420776,9.7416,5.945199999999999,6.379999999999998,19.2812,9.9012,1.64,30.618240000000004
2026-08-19T21:10:00.000Z,MCT2408034,15.356389,74.123611,25.666666666666668,191.8172625,474.7916666666667,77.46303416666667,9.86458333333333,6.374583333333331,6.379999999999998,19.576249999999998,10.19625,1.4658333333333335,30.617382499999994
2026-08-19T21:13:40.129Z,MCT2408034,15.356389,74.123611,25.666666666666668,202.01344444444442,472.77777777777777,77.47320777777779,10.547777777777778,5.706666666666667,6.380000000000001,19.275555555555556,9.895555555555555,1.6099999999999999,30.614997777777774
2026-08-19T20:20:00.000Z,MCT2408029,15.333611,74.206944,12.666666666666666,156.26525555555554,426.3333333333333,92.45140222222224,3.5400000000000005,8.065555555555555,2.9400000000000004,8.67,4.71,3.841111111111111,27.12934
2026-08-19T20:30:00.000Z,MCT2408029,15.333611,74.206944,12.3125,155.70134374999998,461.5,92.55508874999998,3.3993749999999996,7.48125,2.9399999999999995,8.67,4.709999999999999,3.5,27.076756875
2026-08-19T20:40:00.000Z,MCT2408029,15.333611,74.206944,12.066666666666666,148.26656666666668,461.8666666666667,92.84694399999998,2.6340000000000003,7.721333333333334,2.9399999999999995,8.67,4.709999999999999,3.5,27.00588133333333
2026-08-19T20:50:00.000Z,MCT2408029,15.333611,74.206944,12.125,144.34846875000002,455.1875,92.82974624999999,3.4099999999999997,7.27125,2.9399999999999995,8.67,4.709999999999999,3.501875,27.014419375000003
2026-08-19T21:00:00.000Z,MCT2408029,15.333611,74.206944,12.125,136.8544125,466.8125,92.64807187499997,2.1587500000000004,7.2975,2.9399999999999995,8.778749999999999,4.819374999999999,3.55625,27.084799375000006
2026-08-19T21:10:00.000Z,MCT2408029,15.333611,74.206944,12,136.81455,472.4375,92.54793624999999,2.6331249999999997,7.4,2.9399999999999995,8.67,4.709999999999999,3.5,27.11027000000001
2026-08-19T21:13:40.134Z,MCT2408029,15.333611,74.206944,12,135.67426,465.6,92.611448,3.0460000000000003,7.206,2.94,8.67,4.71,3.5,27.110270000000003
2026-08-19T20:20:00.000Z,MCT2408030,15.142519,74.075003,27,168.15828000000002,439.7,84.56396500000001,9.181000000000001,6.200000000000001,9.370000000000001,24.639999999999997,12.31,4.113000000000001,26.737040999999998
2026-08-19T20:30:00.000Z,MCT2408030,15.142519,74.075003,27,167.64166874999998,437,84.62671375000001,9.266874999999999,6.200000000000002,9.370000000000001,24.639999999999993,12.31,3.9187499999999997,26.773774375000002
2026-08-19T20:40:00.000Z,MCT2408030,15.142519,74.075003,27,166.70527333333334,438.8,84.72519933333334,8.979333333333333,6.200000000000002,9.370000000000001,24.639999999999993,12.31,3.85,26.813546666666657
2026-08-19T20:50:00.000Z,MCT2408030,15.142519,74.075003,27,168.1898625,440.5,84.74688,9.246250000000002,6.200000000000002,9.370000000000001,24.639999999999993,12.31,3.960625,26.83879625
2026-08-19T21:00:00.000Z,MCT2408030,15.142519,74.075003,27,167.75214666666668,437.6666666666667,84.77656999999999,9.024666666666667,6.200000000000002,9.370000000000001,24.639999999999993,12.31,4.087333333333334,26.884332666666662
2026-08-19T21:10:00.000Z,MCT2408030,15.142519,74.075003,27,167.85621249999997,434.9375,84.66104937500002,8.946250000000003,6.200000000000002,9.370000000000001,24.639999999999993,12.31,3.99125,26.982243750000002
2026-08-19T21:13:40.133Z,MCT2408030,15.142519,74.075003,27,169.09266666666664,435.3333333333333,84.63339333333333,8.936666666666667,6.2,9.37,24.64,12.31,4.116666666666666,27.015536666666673
2026-08-19T20:20:00.000Z,MCT2408023,15.499722,74.020833,27.6,227.80199999999996,455.6,91.68295300000001,7.641999999999999,18.833000000000002,6.340000000000001,21.022999999999996,13.919999999999998,4.721000000000001,26.370240000000003
2026-08-19T20:30:00.000Z,MCT2408023,15.499722,74.020833,27.625,223.42625,454.25,91.68867749999998,7.693124999999998,18.003125,6.7356250000000015,21.61,13.865624999999998,4.75375,26.377616874999994
2026-08-19T20:40:00.000Z,MCT2408023,15.499722,74.020833,25.3125,228.0875,453.3125,91.65243500000003,8.130625,17.934375,6.340000000000002,18.680625,11.2375,4.690624999999999,26.380969999999994
2026-08-19T20:50:00.000Z,MCT2408023,15.499722,74.020833,25.75,228.40312499999996,456.5,91.5842475,8.233125,17.945,6.340000000000002,18.997500000000002,11.6,4.9975,26.40979250000001
2026-08-19T21:00:00.000Z,MCT2408023,15.499722,74.020833,25,229.11187500000003,455.5625,91.5828175,7.795000000000001,18.57625,6.340000000000002,18.9175,11.509375,5.101875000000001,26.448000000000008
2026-08-19T21:10:00.000Z,MCT2408023,15.499722,74.020833,25,237.34124999999995,450.5,91.61238000000002,7.786249999999998,19.025625,6.340000000000002,19.31375,11.9625,5.034375,26.440625625000003
2026-08-19T21:13:40.135Z,MCT2408023,15.499722,74.020833,24.4,237.554,450.2,91.584534,8.458,18.565999999999995,6.34,18.996000000000002,11.6,4.9079999999999995,26.466770000000004
2026-08-19T20:20:00.000Z,MCT2408021,15.500556,74.053333,49.3,375,509.8,89.56884600000001,20.955,14.427511999999998,4.241,13.086999999999998,8.238,4.235,26.986934999999995
2026-08-19T20:30:00.000Z,MCT2408021,15.500556,74.053333,49.1875,375,519.4375,89.62158499999998,21.016250000000003,14.352916875000002,4.376875,13.830624999999998,8.899375,4.218125,26.962804375000008
2026-08-19T20:40:00.000Z,MCT2408021,15.500556,74.053333,49.25,375,523.3125,89.57485562499998,20.99375,14.308083125000001,4.168749999999999,13.260624999999997,8.541875,4.177499999999999,26.955430625
2026-08-19T20:50:00.000Z,MCT2408021,15.500556,74.053333,49,375,520.5333333333333,89.67871266666664,20.892666666666667,14.239262,4.160666666666666,13.391333333333332,8.698666666666668,4.195333333333333,26.917935999999994
2026-08-19T21:00:00.000Z,MCT2408021,15.500556,74.053333,49.3125,375,529.5625,89.57580937499998,20.970625000000002,14.209554375,4.465624999999999,14.183749999999998,9.167499999999999,4.255,26.928618124999996
2026-08-19T21:10:00.000Z,MCT2408021,15.500556,74.053333,49.125,375,534.75,89.76368375000001,20.909374999999997,14.274391875,4.348125,13.396874999999998,8.421874999999998,4.233124999999999,26.91454062499999
2026-08-19T21:13:40.279Z,MCT2408021,15.500556,74.053333,49.166666666666664,375,542.6666666666666,89.78069166666667,20.883333333333333,14.419743333333331,4.4433333333333325,14.203333333333331,9.286666666666667,4.28,26.91901
2026-08-19T20:20:00.000Z,MCT2408027,15.275556,74.1075,19.4,1158.252,638.1,91.57995799999999,6.58,12.612,5.425,17.053,9.189,2.9499999999999997,27.062011000000002
2026-08-19T20:30:00.000Z,MCT2408027,15.275556,74.1075,19.125,1161.1737500000002,627.1875,91.60999625000002,6.579999999999999,12.685625000000005,5.177500000000001,16.387500000000003,9.015625,2.9500000000000006,27.031846249999997
2026-08-19T20:40:00.000Z,MCT2408027,15.275556,74.1075,19.125,1161.7343749999998,611.875,91.59044687500001,6.579999999999999,12.773750000000005,5.1775,16.449375,9.078125,2.9500000000000006,26.986265624999994
2026-08-19T20:50:00.000Z,MCT2408027,15.275556,74.1075,19.75,1155.7675000000002,628.0625,91.60332000000001,6.579999999999999,12.771250000000006,5.548125000000001,17.743125,9.69625,2.9500000000000006,26.945375625000004
2026-08-19T21:00:00.000Z,MCT2408027,15.275556,74.1075,19.3125,1157.6418749999998,652.1875,91.54371750000003,6.579999999999999,12.893750000000004,5.363125,17.066249999999997,9.326249999999998,2.9500000000000006,26.931969374999998
2026-08-19T21:10:00.000Z,MCT2408027,15.275556,74.1075,19.1875,1155.5106250000001,628.9375,91.505093125,6.579999999999999,12.739375000000004,5.3012500000000005,16.510625,8.891874999999999,2.9500000000000006,26.901134999999996
2026-08-19T21:13:40.333Z,MCT2408027,15.275556,74.1075,19.5,1159.5566666666666,634.3333333333334,91.55834166666666,6.579999999999999,12.866666666666669,5.425000000000001,17.415,9.553333333333333,2.9499999999999997,26.8636
2026-08-19T20:20:00.000Z,MCT2408049,15.475278,74.055833,56.9,152.09283,517.4,87.94989000000001,24.25,11.325,4.369,13.253,6.831999999999999,2.61,27.468494000000003
2026-08-19T20:30:00.000Z,MCT2408049,15.475278,74.055833,56.5625,150,509.5625,88.141959375,24.050624999999997,12.12125,4.31125,13.166874999999997,6.860624999999998,2.61,27.436049999999994
2026-08-19T20:40:00.000Z,MCT2408049,15.475278,74.055833,56.75,150,499.875,88.32315874999999,24.217499999999994,12.964374999999999,4.359375,13.692499999999997,7.290624999999999,2.61,27.454148125000007
2026-08-19T20:50:00.000Z,MCT2408049,15.475278,74.055833,56.8125,150,518.3125,88.31314499999999,24.2525,11.282499999999999,4.1187499999999995,12.641250000000001,6.7174999999999985,2.61,27.517157500000003
2026-08-19T21:00:00.000Z,MCT2408049,15.475278,74.055833,56.75,150,515.3125,88.27595062499998,24.265625000000004,11.9475,4.070624999999999,12.784999999999997,6.956874999999998,2.61,27.550002500000005
2026-08-19T21:10:00.000Z,MCT2408049,15.475278,74.055833,56.75,151.01704999999998,503.8125,88.32887999999998,24.182499999999997,12.175,4.215,13.406250000000002,7.291249999999999,2.61,27.564079999999997
2026-08-19T21:13:40.335Z,MCT2408049,15.475278,74.055833,56.2,150,491,88.267274,23.994,12.668000000000001,4.446,13.636000000000001,7.062,2.61,27.599338
2026-08-19T20:20:00.000Z,MCT2408040,15.528056,74.020833,19,100,481.7,88.797517,8.046000000000001,4.811999999999999,3.07,8.42,3.7299999999999995,3.5,27.316196
2026-08-19T20:30:00.000Z,MCT2408040,15.528056,74.020833,18.9375,100,488.3125,88.90299062499997,8.08,4.891249999999999,3.07,8.42,3.7299999999999986,3.5,27.22489875
2026-08-19T20:40:00.000Z,MCT2408040,15.528056,74.020833,18.875,100,490.125,88.99216062499998,8.030000000000001,4.896249999999999,3.07,8.42,3.7299999999999986,3.5,27.14512875
2026-08-19T20:50:00.000Z,MCT2408040,15.528056,74.020833,18.9375,100,498.875,89.03126312499998,8.104375000000001,4.87375,3.07,8.42,3.7299999999999986,3.5,27.10289937500001
2026-08-19T21:00:00.000Z,MCT2408040,15.528056,74.020833,18.875,100,496.1875,89.03555499999997,8.052500000000002,4.85875,3.07,8.42,3.7299999999999986,3.5,27.123008749999997
2026-08-19T21:10:00.000Z,MCT2408040,15.528056,74.020833,18.875,100,494,89.05796812499999,7.910000000000001,4.8775,3.07,8.42,3.7299999999999986,3.5,27.171941249999996
2026-08-19T21:13:40.332Z,MCT2408040,15.528056,74.020833,19,100,495,89.03428333333333,8.135,4.875,3.07,8.42,3.73,3.5,27.221098333333334
2026-08-19T20:20:00.000Z,MCT2408044,15.313669,74.140042,25.2,214.29000000000002,462.7,94.09460399999998,10.65,3.3199999999999994,2.8700000000000006,7.5,4.32,4.1480768,26.186844999999998
2026-08-19T20:30:00.000Z,MCT2408044,15.313669,74.140042,25.266666666666666,214.29,457.8666666666667,94.01068066666667,10.66333333333333,3.32,2.8699999999999997,7.5,4.320000000000001,4.062051133333333,26.14930466666667
2026-08-19T20:40:00.000Z,MCT2408044,15.313669,74.140042,25.625,214.29,462.25,94.04806562500002,10.738125,3.32,2.8699999999999997,7.5,4.32,3.9752404375,26.17920375
2026-08-19T20:50:00.000Z,MCT2408044,15.313669,74.140042,25.133333333333333,214.29,467.6,94.22328666666665,10.594666666666665,3.32,2.8699999999999997,7.5,4.320000000000001,3.9667519999999996,26.056354
2026-08-19T21:00:00.000Z,MCT2408044,15.313669,74.140042,25.5,214.29,470.9375,94.17538125,10.708749999999998,3.3668750000000003,2.8699999999999997,7.5,4.32,3.9220352499999995,26.005588750000005
2026-08-19T21:10:00.000Z,MCT2408044,15.313669,74.140042,25.4,214.29,465.1333333333333,94.43182466666666,10.686666666666666,3.32,2.8699999999999997,7.5,4.320000000000001,4.0249572,25.974125333333337
2026-08-19T21:13:40.334Z,MCT2408044,15.313669,74.140042,25.5,214.29,464.5,94.47149833333333,10.658333333333333,3.32,2.8700000000000006,7.5,4.32,3.8963675,25.97341
2026-08-19T20:20:00.000Z,MCT2408046,15.529167,74.07,31.125,97.20124999999999,950.1875,92.49834249999999,13.6025,0.8068749999999999,5.375000000000001,17.221249999999998,9.07375,3.381249999999999,26.71947875
2026-08-19T20:30:00.000Z,MCT2408046,15.529167,74.07,31.2,95.6472,939.88,92.5128776,13.646000000000004,0.6456000000000001,5.438,17.152400000000004,8.806400000000002,3.3772000000000006,26.7675004
2026-08-19T20:40:00.000Z,MCT2408046,15.529167,74.07,31.12,95.68719999999999,943.24,90.9897464,13.6808,0.8512000000000001,5.740399999999998,17.6428,8.9756,3.2676,27.359525600000005
2026-08-19T20:50:00.000Z,MCT2408046,15.529167,74.07,31,95.52,949.52,89.6713868,13.517199999999995,0.8771999999999999,5.5388,17.465600000000006,9.0964,3.3575999999999997,27.7717984
2026-08-19T21:00:00.000Z,MCT2408046,15.529167,74.07,30.96,95.52,941.56,89.10742239999999,13.364,1.0016,5.085200000000001,15.550000000000004,7.885600000000002,3.3591999999999995,28.005176799999994
2026-08-19T21:10:00.000Z,MCT2408046,15.529167,74.07,30.96,95.52,936.44,89.04943839999999,13.238800000000001,1.0792,5.236400000000001,16.440400000000007,8.4192,3.5124,27.918947199999998
2026-08-19T21:13:40.473Z,MCT2408046,15.529167,74.07,30.77777777777778,95.52,942.2222222222222,90.28465333333332,13.147777777777778,1.0944444444444443,5.13,16.044444444444444,8.13,3.5844444444444443,27.470161111111114
2026-08-19T20:20:00.000Z,MCT2408041,15.224628,74.171389,32.7,433.69614999999993,475,91.15194500000001,13.697,9.700000000000001,8.090000000000002,20.25,8.900000000000002,7.932,26.882902
2026-08-19T20:30:00.000Z,MCT2408041,15.224628,74.171389,32.75,441.21218124999996,470.625,91.230434375,13.751875,9.7,8.090000000000002,20.25,8.900000000000002,8.018125,26.839465624999992
2026-08-19T20:40:00.000Z,MCT2408041,15.224628,74.171389,32.6875,440.9911062500001,466.375,91.3339075,13.77,9.7,8.090000000000002,20.25,8.900000000000002,7.94625,26.846838750000007
2026-08-19T20:50:00.000Z,MCT2408041,15.224628,74.171389,32.75,444.9074,464.8125,91.370149375,13.735624999999999,9.7,8.090000000000002,20.25,8.900000000000002,7.9975000000000005,26.816676249999997
2026-08-19T21:00:00.000Z,MCT2408041,15.224628,74.171389,32.75,442.56706875,473.875,91.39112875000001,13.7225,9.7,8.090000000000002,20.25,8.900000000000002,8.025,26.767741249999993
2026-08-19T21:10:00.000Z,MCT2408041,15.224628,74.171389,32.8125,441.9482125,477.4375,91.46313125000003,13.723749999999999,9.7,8.090000000000002,20.25,8.900000000000002,7.924375,26.728193750000003
2026-08-19T21:13:40.538Z,MCT2408041,15.224628,74.171389,32.666666666666664,441.20683333333335,484.1666666666667,91.39939333333335,13.655000000000001,9.700000000000001,8.090000000000002,20.25,8.9,7.993333333333333,26.71166
2026-08-19T20:20:00.000Z,MCT2408037,15.394444,74.118333,25.4,160,473.2,86.02346999999999,10.623999999999999,14.156999999999996,4.386,16.764,8.991999999999999,3.7520000000000002,27.159607
2026-08-19T20:30:00.000Z,MCT2408037,15.394444,74.118333,25.5625,160.16606875,474.5625,86.19551249999999,10.726875000000001,12.553125000000001,4.41375,16.966250000000002,9.0375,3.728125,27.085471874999996
2026-08-19T20:40:00.000Z,MCT2408037,15.394444,74.118333,25.125,160.51733125,459.3125,86.31424375,10.580000000000002,14.247500000000002,4.09,16.098749999999995,8.7575,3.574375,27.057318125
2026-08-19T20:50:00.000Z,MCT2408037,15.394444,74.118333,25.1875,160.16607499999998,449.4375,86.247009375,10.51375,12.55125,4.41375,17.325,9.413124999999999,3.7125000000000004,27.118985624999993
2026-08-19T21:00:00.000Z,MCT2408037,15.394444,74.118333,25.25,160.22071875,456.875,86.2040925,10.58125,12.581249999999999,4.50625,17.785625000000003,9.694374999999999,3.7356249999999998,27.155855625
2026-08-19T21:10:00.000Z,MCT2408037,15.394444,74.118333,25.5,160.206175,460.8125,86.18311062499998,10.829375,10.077500000000002,4.321875,17.020625,9.36625,3.7349999999999994,27.200094374999992
2026-08-19T21:13:40.539Z,MCT2408037,15.394444,74.118333,32.833333333333336,160,458.1666666666667,86.18597166666667,10.399999999999999,11.693333333333333,13.876666666666667,45.79333333333333,21.858333333333334,3.6366666666666667,27.21037166666667
2026-08-19T20:20:00.000Z,MCT2408042,15.213889,74.071667,61.3,281.643,456.6,89.23010300000001,26.28,13.222,6.643000000000001,20.611,11.204,3.85,27.241121999999997
2026-08-19T20:30:00.000Z,MCT2408042,15.213889,74.071667,61.625,275.22125000000005,453.5,89.449448125,26.420000000000005,13.391250000000001,5.289374999999999,17.270625,9.451249999999998,3.6887499999999998,27.148480625
2026-08-19T20:40:00.000Z,MCT2408042,15.213889,74.071667,61.875,267.210625,457.6875,89.68548187500002,26.5925,12.871875,4.720624999999999,15.161875000000002,8.4275,3.6387500000000004,27.074074999999997
2026-08-19T20:50:00.000Z,MCT2408042,15.213889,74.071667,61.875,268.541875,459.125,89.81041375,26.58625,12.92625,4.606874999999999,14.818750000000001,8.31375,3.6975000000000002,27.04525125
2026-08-19T21:00:00.000Z,MCT2408042,15.213889,74.071667,61.375,270.749375,459.0625,89.81184500000002,26.294375,13.1725,4.720624999999998,15.558750000000003,8.825625000000002,3.7800000000000002,27.037209374999996
2026-08-19T21:10:00.000Z,MCT2408042,15.213889,74.071667,61.5,267.95687499999997,472.9375,89.88003249999998,26.358750000000004,13.424374999999998,5.1187499999999995,16.586250000000003,9.11,3.7475000000000005,27.005705000000003
2026-08-19T21:13:40.538Z,MCT2408042,15.213889,74.071667,61.833333333333336,276.495,482.1666666666667,89.89386,26.58666666666667,12.718333333333332,4.701666666666667,14.591666666666669,7.896666666666667,3.688333333333334,27.022683333333337
2026-08-19T20:20:00.000Z,MCT2408033,15.346944,74.007778,20.4,119.82860999999998,500.3,89.95337000000002,8.470000000000002,4.99,3.0300000000000002,6.924000000000001,3.825,4.39,27.213234
2026-08-19T20:30:00.000Z,MCT2408033,15.346944,74.007778,20.375,119.03883124999999,478,89.94011499999998,8.493125000000001,4.854375,3.0300000000000007,7.116250000000001,4.04625,4.39,27.142448125
2026-08-19T20:40:00.000Z,MCT2408033,15.346944,74.007778,20.4375,119.93266249999999,489.1875,89.97682999999998,8.535625000000001,4.903125,3.0300000000000007,7.24375,4.19375,4.39,27.080776875
2026-08-19T20:50:00.000Z,MCT2408033,15.346944,74.007778,20.375,118.83791875,491.75,90.14849125,8.430000000000003,4.96875,3.0681250000000007,7.308124999999999,4.193125,4.39,26.978220625000002
2026-08-19T21:00:00.000Z,MCT2408033,15.346944,74.007778,20.625,118.1977375,485.875,90.37451125000001,8.705000000000002,4.99875,3.0300000000000007,7.565000000000001,4.56,4.39,26.917893124999996
2026-08-19T21:10:00.000Z,MCT2408033,15.346944,74.007778,20.25,117.52860000000001,478,90.56572375000002,8.398125,4.871874999999999,3.1062500000000006,8.110000000000001,5.036250000000001,4.39,26.944034375000005
2026-08-19T21:13:40.544Z,MCT2408033,15.346944,74.007778,20.166666666666668,117.02791666666667,490.1666666666667,90.76996833333334,8.241666666666667,4.69,3.1316666666666664,8.635,5.585,4.39,26.995873333333332
2026-08-19T20:20:00.000Z,MCT2408024,15.148056,74.131667,40.375,218.57397499999996,592.125,81.22686937499999,17.4496575,5.0329185,5.5,18.552500000000002,10.5525,2.5324999999999998,27.788640624999996
2026-08-19T20:30:00.000Z,MCT2408024,15.148056,74.131667,40.708333333333336,218.8332916666667,563.7916666666666,81.47069125000003,17.60543166666667,5.131674,5.166666666666667,17.28166666666667,9.948333333333336,2.5137500000000004,27.757802083333342
2026-08-19T20:40:00.000Z,MCT2408024,15.148056,74.131667,40.64,216.398712,604.76,81.57934720000002,17.560864,5.08427136,5.36,17.870000000000005,10.150000000000004,2.5188000000000006,27.7696528
2026-08-19T20:50:00.000Z,MCT2408024,15.148056,74.131667,40.68,216.65795999999997,609.08,81.44293199999997,17.568615599999998,5.12640704,5.08,17.390000000000004,10.230000000000004,2.516,27.853311599999998
2026-08-19T21:00:00.000Z,MCT2408024,15.148056,74.131667,40.791666666666664,217.12327500000004,603.625,81.25007375000001,17.712844583333336,5.329185000000001,5.125,17.990000000000006,10.740000000000002,2.520833333333333,27.923594999999995
2026-08-19T21:10:00.000Z,MCT2408024,15.148056,74.131667,40.84,216.85838000000004,554.48,81.16339080000002,17.795895200000004,5.210678400000001,5.08,16.310000000000006,9.150000000000002,2.5136,27.951981600000003
2026-08-19T21:13:40.669Z,MCT2408024,15.148056,74.131667,40.666666666666664,217.17058888888891,491.6666666666667,81.46083555555555,17.64268666666667,5,5.222222222222222,17.656666666666666,10.212222222222222,2.542222222222222,27.871755555555556
2026-08-19T20:20:00.000Z,MCT2408036,15.171567,74.067106,36.2,120,455.7,90.784975,10.373000000000001,7.779000000000001,5.684,16.616,8.764999999999999,11.122,26.557929
2026-08-19T20:30:00.000Z,MCT2408036,15.171567,74.067106,36.4,120,460.93333333333334,90.85516400000002,10.399999999999997,7.9653333333333345,5.718666666666667,17.089333333333336,9.253999999999998,11.322666666666665,26.56829866666666
2026-08-19T20:40:00.000Z,MCT2408036,15.171567,74.067106,35.9375,120,457.875,91.56755875000002,10.215625000000001,7.918125,7.104999999999998,20.99125,11.176250000000001,10.946875,26.484195624999998
2026-08-19T20:50:00.000Z,MCT2408036,15.171567,74.067106,36,120,453.9375,91.81694312500001,10.270000000000001,7.613124999999998,8.783125,26.438124999999996,14.27875,10.938749999999999,26.580051250000004
2026-08-19T21:00:00.000Z,MCT2408036,15.171567,74.067106,36.333333333333336,120,454.6666666666667,91.75238133333332,9.807333333333332,7.85,9.825333333333333,29.95733333333333,16.345999999999997,11.176666666666668,26.72274133333333
2026-08-19T21:10:00.000Z,MCT2408036,15.171567,74.067106,35.75,120,462.0625,91.85175312499997,10.355,8.034375,8.125000000000002,24.316249999999997,13.106874999999999,10.803125000000001,26.72886562500001
2026-08-19T21:13:40.742Z,MCT2408036,15.171567,74.067106,35.8,120,465.4,91.912598,10.144,8.092,8.733999999999998,25.330000000000002,13.170000000000002,10.734,26.726318000000003
2026-08-19T20:20:00.000Z,MCT2408045,15.619444,73.878889,27.9,178.11999999999998,613.1,86.777252,11.656,17.115999999999996,4.128000000000001,13.803999999999998,7.126,2.5300000000000002,27.025545000000005
2026-08-19T20:30:00.000Z,MCT2408045,15.619444,73.878889,27.75,178.11999999999995,618.4375,86.84734687499999,11.544375,17.160625,3.8693750000000016,13.013125,6.787500000000002,2.5300000000000002,26.966155625000003
2026-08-19T20:40:00.000Z,MCT2408045,15.619444,73.878889,27.75,178.11999999999995,615.5,87.09768812499999,11.623750000000001,17.21,3.9337500000000007,12.977500000000003,6.717500000000001,2.5300000000000002,26.858233749999993
2026-08-19T20:50:00.000Z,MCT2408045,15.619444,73.878889,28,178.11999999999995,613.3125,87.18494625,11.660625,17.485625000000002,3.7431250000000014,12.763750000000002,6.7175,2.5300000000000002,26.832090624999996
2026-08-19T21:00:00.000Z,MCT2408045,15.619444,73.878889,27.9375,178.11999999999995,616.4375,87.28413187499999,11.746875000000001,17.17875,3.7437500000000012,12.835,6.787500000000001,2.5300000000000002,26.829409999999992
2026-08-19T21:10:00.000Z,MCT2408045,15.619444,73.878889,27.875,178.11999999999995,636.4375,87.318935,11.631250000000001,17.388125000000002,3.775625000000001,12.835,6.752500000000001,2.5300000000000002,26.843486875000004
2026-08-19T21:13:40.736Z,MCT2408045,15.619444,73.878889,28,178.12,642,87.34436833333332,11.668333333333335,17.151666666666667,3.606666666666667,12.170000000000002,6.315,2.53,26.879685
2026-08-19T20:20:00.000Z,MCT2408022,15.475833,74.038889,25.9,150,435.3,90.630097,4.225,11.384336999999999,5.6,19.4,11.3,4.317183099999999,26.820697000000003
2026-08-19T20:30:00.000Z,MCT2408022,15.475833,74.038889,26.625,150,434.75,90.86708437499999,4.150625,11.352660000000002,6.3125,20.9375,11.625,4.258776,26.763049999999996
2026-08-19T20:40:00.000Z,MCT2408022,15.475833,74.038889,26.5,150,435.4375,90.96626749999999,4.108124999999999,11.332642499999997,6.0625,20.8125,12,4.264933812500001,26.769083124999995
2026-08-19T20:50:00.000Z,MCT2408022,15.475833,74.038889,26,150,441.53333333333336,91.02250133333332,4.195333333333333,11.237952666666667,5.866666666666666,19.733333333333334,11.066666666666666,4.2395478,26.759923333333337
2026-08-19T21:00:00.000Z,MCT2408022,15.475833,74.038889,25.375,150,440.375,91.13458999999999,4.1825,11.374559374999999,5.625,19,10.75,4.268114124999999,26.761039375
2026-08-19T21:10:00.000Z,MCT2408022,15.475833,74.038889,26.6875,150,435.5625,91.09262937499999,3.961875,11.337976249999999,6.25,21.8125,12.5625,4.2469305625,26.793213125
2026-08-19T21:13:40.737Z,MCT2408022,15.475833,74.038889,26.333333333333332,150,435.1666666666667,91.08022999999999,4.528333333333333,11.193776666666666,6,21,12.166666666666666,4.242502666666667,26.749196666666666
2026-08-19T20:20:00.000Z,MCT2408032,15.525556,73.828611,36,223.34375,569.625,71.87990687499999,15.67625,19.638125000000002,7.563750000000001,26.401874999999997,15.484375,2.9000000000000004,32.5264475
2026-08-19T20:30:00.000Z,MCT2408032,15.525556,73.828611,36.16,227.24919999999997,573.96,71.17346279999998,15.772800000000002,19.588799999999996,8.315199999999999,27.8204,15.798799999999998,2.797200000000001,32.5637712
2026-08-19T20:40:00.000Z,MCT2408032,15.525556,73.828611,36.52,234.97119999999998,578.64,71.42004359999999,16.161199999999997,19.513199999999994,8.371199999999998,27.195199999999986,14.892400000000002,3.3591999999999995,32.165226000000004
2026-08-19T20:50:00.000Z,MCT2408032,15.525556,73.828611,36,228.68320000000006,601.12,69.65307680000001,15.656399999999998,19.896399999999993,7.120000000000002,22.5304,12.515200000000004,3.0208,32.70791520000001
2026-08-19T21:00:00.000Z,MCT2408032,15.525556,73.828611,35.92,231.09040000000002,571.76,69.9945676,15.554400000000003,19.499599999999997,7.176800000000003,24.463599999999996,14.328000000000001,3.1559999999999993,32.60023480000001
2026-08-19T21:10:00.000Z,MCT2408032,15.525556,73.828611,35.96,227.5004,579.28,71.23052959999998,15.556,19.441599999999998,8.541599999999995,29.527199999999997,16.873999999999995,3.0875999999999992,32.127903599999996
2026-08-19T21:13:40.737Z,MCT2408032,15.525556,73.828611,36.111111111111114,222.45777777777775,578.8888888888889,71.35358333333333,15.72444444444445,19.528888888888886,9.175555555555555,30.025555555555556,16.672222222222224,2.6533333333333338,32.130811111111115
2026-08-19T20:20:00.000Z,MCT2408031,15.290833,74.149167,22.9,140,469.4,87.779754,7.1830659,7.333983999999999,10.190999999999999,26.739000000000004,14.668000000000003,4.724,26.579381
2026-08-19T20:30:00.000Z,MCT2408031,15.290833,74.149167,18,145.98523749999998,468.4375,87.826291875,7.2768422500000005,6,5.713749999999999,14.809999999999999,7.976875000000001,4.801874999999998,26.549885624999998
2026-08-19T20:40:00.000Z,MCT2408031,15.290833,74.149167,18.0625,169.89881875000003,471.9375,87.79625562499999,7.398120625000001,6.3720938125,5.000624999999999,12.798124999999999,6.845000000000001,4.809375,26.488216875000003
2026-08-19T20:50:00.000Z,MCT2408031,15.290833,74.149167,34.5625,195.93099374999997,478.1875,87.78480749999997,7.395877312500001,6.385404625,18.750625,48.858125,26.6375,4.9018749999999995,26.426548125
2026-08-19T21:00:00.000Z,MCT2408031,15.290833,74.149167,33.9375,148.42844374999999,479,87.80293000000002,7.453151312500001,6.34159725,18.42375,47.88125000000001,25.981875000000002,4.746875,26.332704999999994
2026-08-19T21:10:00.000Z,MCT2408031,15.290833,74.149167,23.4375,141.53163125,478.4375,87.84250500000003,7.4576381875,6,10.267499999999998,26.87624999999999,14.703124999999998,4.6899999999999995,26.291816250000004
2026-08-19T21:13:40.865Z,MCT2408031,15.290833,74.149167,22.166666666666668,141.20011666666667,478.1666666666667,87.90513333333332,7.674197333333335,6.473210833333333,9.368333333333334,24.566666666666666,13.413333333333332,4.471666666666667,26.27550666666667
2026-08-19T20:20:00.000Z,MCT2408026,15.2467,74.198281,31,125,463.2,86.06695600000002,13.322135999999999,12.5,4.730000000000002,14.509999999999996,7.709999999999997,2.1666666666666665,28.290033999999995
2026-08-19T20:30:00.000Z,MCT2408026,15.2467,74.198281,31,125,458.1666666666667,85.39569624999997,13.416907083333333,12.5,4.730000000000003,14.509999999999996,7.710000000000001,1.8829166666666666,28.514815
2026-08-19T20:40:00.000Z,MCT2408026,15.2467,74.198281,31.041666666666668,125,461.9166666666667,86.06803624999999,13.322701249999996,12.5,4.730000000000003,14.509999999999996,7.710000000000001,2.06875,28.33293666666667
2026-08-19T20:50:00.000Z,MCT2408026,15.2467,74.198281,31,125,463.5833333333333,85.78670249999999,13.486486249999999,12.5,4.730000000000003,14.509999999999996,7.710000000000001,1.9462500000000003,28.459402500000007
2026-08-19T21:00:00.000Z,MCT2408026,15.2467,74.198281,31.041666666666668,125,465.2916666666667,85.46881083333331,13.44268125,12.5,4.730000000000003,14.549999999999997,7.750416666666667,2.1054166666666667,28.535817916666662
2026-08-19T21:10:00.000Z,MCT2408026,15.2467,74.198281,31.083333333333332,125,468.6666666666667,85.1194483333333,13.436086666666666,12.5,4.730000000000003,14.509999999999996,7.710000000000001,2.2045833333333333,28.58363416666668
2026-08-19T21:13:40.942Z,MCT2408026,15.2467,74.198281,31,125,466.22222222222223,85.24586222222221,13.278604444444447,12.5,4.73,14.51,7.71,2.1377777777777784,28.515262222222223
2026-08-19T20:20:00.000Z,MCT2408038,15.188889,74.055556,33.4,396.853,651.5,90.93756300000001,9.466,13.330000000000002,13.815999999999997,41.253,21.274,4.807999999999999,26.985863000000002
2026-08-19T20:30:00.000Z,MCT2408038,15.188889,74.055556,26.625,408.6737499999999,650.0625,91.0315925,9.530625000000002,13.330000000000005,9.0575,27.706874999999993,14.675625,4.831250000000001,26.98358187499999
2026-08-19T20:40:00.000Z,MCT2408038,15.188889,74.055556,23.4375,424.788125,653,91.24950750000002,9.690625,13.330000000000005,6.573750000000001,19.633124999999996,10.265625,4.8081249999999995,27.023131250000002
2026-08-19T20:50:00.000Z,MCT2408038,15.188889,74.055556,22.9375,438.945625,645.1875,91.28717875000001,9.611875,13.330000000000005,5.950000000000002,16.961875000000003,8.104999999999999,4.845625,27.117645624999994
2026-08-19T21:00:00.000Z,MCT2408038,15.188889,74.055556,23.125,444.4150000000001,640.4375,91.31388375000002,9.766250000000001,13.330000000000005,5.950000000000002,16.900000000000002,7.939999999999999,4.793125,27.198083124999993
2026-08-19T21:10:00.000Z,MCT2408038,15.188889,74.055556,27.0625,425.82000000000005,642.9375,91.30100812500002,9.650625000000002,13.330000000000005,9.438749999999999,27.895624999999995,14.323125000000001,4.811875,27.208139999999993
2026-08-19T21:13:40.942Z,MCT2408038,15.188889,74.055556,30.666666666666668,402.73499999999996,640,91.32819,9.770000000000001,13.33,12.286666666666667,35.95166666666667,18.279999999999998,4.853333333333333,27.20322333333333
2026-08-19T20:20:00.000Z,MCT2408039,15.163611,74.110833,29,375.55499999999995,460.3,86.69332900000002,10.238,10.299999999999999,9.019999999999998,28.940000000000005,11.760000000000002,2.3000000000000003,26.785305
2026-08-19T20:30:00.000Z,MCT2408039,15.163611,74.110833,29,381.8525,449.8125,86.62848000000001,10.19375,10.3,9.019999999999998,28.94,11.759999999999998,2.3,26.858234374999995
2026-08-19T20:40:00.000Z,MCT2408039,15.163611,74.110833,29,383.34875000000005,445.0625,86.74435062500002,10.366249999999997,10.3,9.019999999999998,28.94,11.759999999999998,2.3,26.844828125
2026-08-19T20:50:00.000Z,MCT2408039,15.163611,74.110833,29,387.385625,444.375,86.82922750000002,10.483125000000001,10.3,9.019999999999998,28.94,11.759999999999998,2.3,26.8414775
2026-08-19T21:00:00.000Z,MCT2408039,15.163611,74.110833,29.1875,384.115625,445.0625,86.97466500000003,10.897499999999999,10.3,9.019999999999998,28.94,11.759999999999998,2.3,26.833433749999994
2026-08-19T21:10:00.000Z,MCT2408039,15.163611,74.110833,29,377.95562500000005,430.9375,87.03665375000001,10.218124999999999,10.3,9.019999999999998,28.94,11.759999999999998,2.3,26.850861250000005
2026-08-19T21:13:40.942Z,MCT2408039,15.163611,74.110833,29,384.23,436.5,86.96671500000001,9.655,10.299999999999999,9.019999999999998,28.94,11.76,2.3000000000000003,26.872533333333337
2026-08-19T20:20:00.000Z,MCT2408035,15.236111,74.125,47.2,190,559.9,91.17331,19.146203999999997,9.32,3.8,10.19,4.909999999999999,3.829999999999999,26.956905
2026-08-19T20:30:00.000Z,MCT2408035,15.236111,74.125,47.375,190,547.625,91.16081750000001,19.171431874999996,9.502500000000001,3.799999999999999,10.19,4.909999999999998,3.8299999999999987,26.95811062499999
2026-08-19T20:40:00.000Z,MCT2408035,15.236111,74.125,48,190,542.1875,91.05686812499998,19.675989374999997,9.941875000000001,3.799999999999999,10.19,4.909999999999998,3.8299999999999987,26.976208749999998
2026-08-19T20:50:00.000Z,MCT2408035,15.236111,74.125,48.4375,190,544.3125,91.04113124999999,20.180546874999997,9.735000000000001,3.799999999999999,10.19,4.909999999999998,3.8299999999999987,26.951408750000006
2026-08-19T21:00:00.000Z,MCT2408035,15.236111,74.125,47.75,190,550.3125,91.01251750000002,19.559731875,10.045625000000001,3.799999999999999,10.19,4.909999999999998,3.8299999999999987,26.90515687499999
2026-08-19T21:10:00.000Z,MCT2408035,15.236111,74.125,48.125,190,560.5625,90.95577750000001,19.831774375,10.14875,3.799999999999999,10.19,4.909999999999998,3.8299999999999987,26.858234375
2026-08-19T21:13:40.941Z,MCT2408035,15.236111,74.125,48.666666666666664,190,559.1666666666666,91.00012,20.248944999999996,10.073333333333332,3.8000000000000003,10.19,4.91,3.8299999999999996,26.808183333333332
2026-08-19T21:20:00.000Z,MCT2408020,15.543475,74.039433,27.066666666666666,180,487.8,88.97019266666668,9.321542933333335,19.905734,10.326666666666664,31.18933333333333,16.357999999999997,3.6599999999999984,27.487080666666667
2026-08-19T21:30:00.000Z,MCT2408020,15.543475,74.039433,28.9375,180,498.875,89.04366000000002,9.43339075,19.905388125,11.303125,35.00625,18.58875,3.6599999999999984,27.49503687499999
2026-08-19T21:40:00.000Z,MCT2408020,15.543475,74.039433,39.5625,180,492.6875,89.03603187500002,9.1705685625,19.900338749999996,17.857499999999998,56.035,30.204375,3.6599999999999984,27.52453125
2026-08-19T21:50:00.000Z,MCT2408020,15.543475,74.039433,27.3125,180,498.9375,89.080853125,9.4505569375,19.997028750000002,10.088125,31.395,16.786875000000002,3.6599999999999984,27.533245625
2026-08-19T22:00:00.000Z,MCT2408020,15.543475,74.039433,23.5625,180,488.875,89.09563437499999,9.4571894375,19.93761875,7.593749999999999,23.99875,13.068125000000002,3.6599999999999984,27.515817499999997
2026-08-19T22:10:00.000Z,MCT2408020,15.543475,74.039433,29.25,180,506.25,89.111371875,9.485409125,20.09119625,11.536249999999999,35.7075,18.879999999999992,3.6599999999999984,27.554695624999994
2026-08-19T22:10:47.600Z,MCT2408020,15.543475,74.039433,31,180,508,89.06989,9.756555,19.26331,12.06,38.21,20.45,3.66,27.55
2026-08-19T21:20:00.000Z,MCT2408028,15.186944,74.096667,41.40909090909091,557.8695454545455,476.45454545454544,92.31099,17.999999999999996,12.314545454545453,9.490000000000002,33.26590909090908,19.791818181818176,1.3027272727272727,26.124050454545454
2026-08-19T21:30:00.000Z,MCT2408028,15.186944,74.096667,41.52,556.6036,479.88,92.3599856,18.029200000000003,12.34,7.870000000000001,26.9656,15.866400000000008,1.3672,26.154024400000008
2026-08-19T21:40:00.000Z,MCT2408028,15.186944,74.096667,41.68,557.2896,485.68,92.4094232,18.161599999999996,12.306799999999999,7.430000000000002,26.49,16.064000000000004,1.4392000000000003,26.211941200000002
2026-08-19T21:50:00.000Z,MCT2408028,15.186944,74.096667,41.4,558.1972000000001,482.64,92.34716719999999,17.903200000000005,12.1616,6.43,23.188000000000002,14.116800000000001,1.4952,26.26899799999999
2026-08-19T22:00:00.000Z,MCT2408028,15.186944,74.096667,41.4,558.0468,474.36,92.42712159999999,17.9784,12.413599999999999,6.830000000000001,23.784000000000006,14.156399999999998,1.3319999999999999,26.292164399999994
2026-08-19T22:10:00.000Z,MCT2408028,15.186944,74.096667,41.44,555.976,484.72,92.51684439999997,17.978399999999997,12.4488,6.43,22.593199999999996,13.482000000000003,1.4420000000000002,26.321765600000006
2026-08-19T22:10:47.600Z,MCT2408028,15.186944,74.096667,41.5,556.105,490,92.49548,17.955,12.075,6.49,24.365000000000002,14.91,1.53,26.35952
2026-08-19T21:20:00.000Z,MCT2408057,15.272222,74.104722,29.652173913043477,325.8139130434783,461.04347826086956,81.52408130434786,12.228260869565217,8.98913043478261,4.45695652173913,13.470434782608695,7.219565217391305,2.3352173913043477,29.397984782608688
2026-08-19T21:30:00.000Z,MCT2408057,15.272222,74.104722,29.6,313.0656000000001,468.36,81.53906320000002,12.187199999999997,9.0312,5.2212,15.379199999999996,8.1704,2.3112,29.462932800000004
2026-08-19T21:40:00.000Z,MCT2408057,15.272222,74.104722,29.56,303.5180000000001,471.6,82.44726639999998,12.121999999999996,8.949600000000002,5.5539999999999985,16.441999999999997,8.768000000000002,2.4896000000000003,29.230840000000004
2026-08-19T21:50:00.000Z,MCT2408057,15.272222,74.104722,29.84,330.6032,478.08,83.35028160000003,12.291599999999995,8.8948,3.5771999999999995,11.352800000000004,6.3088,2.3364,29.02792319999999
2026-08-19T22:00:00.000Z,MCT2408057,15.272222,74.104722,30,339.20479999999986,472.96,83.62768520000002,12.396399999999998,8.954400000000001,3.1959999999999993,10.290000000000004,5.7984,2.3884,28.9584244
2026-08-19T22:10:00.000Z,MCT2408057,15.272222,74.104722,29.8,341.4115999999999,470.88,83.8764028,12.282799999999998,8.830000000000002,3.3155999999999994,10.787600000000003,6.087200000000001,2.3139999999999996,28.858894000000006
2026-08-19T22:10:47.655Z,MCT2408057,15.272222,74.104722,30,341.15,468.5,84.000155,12.43,8.74,2.98,9.895,5.8100000000000005,2.5999999999999996,28.78875
2026-08-19T21:20:00.000Z,MCT2408056,15.579167,73.920833,20.5,180,646.4285714285714,90.50693571428572,6.977857142857142,11.468142,6.569999999999999,21.275,12.51714285714286,1.6007142857142855,27.06660642857143
2026-08-19T21:30:00.000Z,MCT2408056,15.579167,73.920833,21.5,180,661.625,90.4908625,6.895625000000001,11.246918562500001,7.273750000000001,23.282500000000002,13.590000000000002,1.5599999999999998,27.073405
2026-08-19T21:40:00.000Z,MCT2408056,15.579167,73.920833,22.3125,180,665.875,90.45175812500001,6.735,11.3698646875,7.7425,24.705000000000005,14.468750000000002,1.5699999999999998,27.092843750000007
2026-08-19T21:50:00.000Z,MCT2408056,15.579167,73.920833,21.0625,180,661.6875,90.63868000000001,6.942500000000001,11.111501749999999,6.8050000000000015,21.916249999999998,12.946250000000001,1.5912499999999996,27.102228124999996
2026-08-19T22:00:00.000Z,MCT2408056,15.579167,73.920833,21.3125,180,654.8125,90.78983749999999,6.85375,10.2164021875,6.74625,22.258125000000003,13.355000000000002,1.560625,27.086141250000008
2026-08-19T22:10:00.000Z,MCT2408056,15.579167,73.920833,22.5,180,652.5,90.73309375,6.845,10.8792545,7.685000000000001,24.305624999999996,14.35375,1.5599999999999998,27.1431175
2026-08-19T22:10:47.655Z,MCT2408056,15.579167,73.920833,24,180,663,90.70258,6.89,9.988263,9.38,27.32,15,1.56,27.15317
2026-08-19T21:20:00.000Z,MCT2408055,15.585833,73.885556,19.466666666666665,89.81333333333333,827.6,90.21175133333331,8.556000000000001,7.566000000000001,5.454666666666667,16.49133333333333,9.541333333333332,1.1853333333333333,26.755634
2026-08-19T21:30:00.000Z,MCT2408055,15.585833,73.885556,19.4375,88.13749999999997,855.8125,90.33064187499998,8.528125000000001,7.900625000000001,5.201250000000001,15.542499999999997,8.945,1.3825,26.7395875
2026-08-19T21:40:00.000Z,MCT2408055,15.585833,73.885556,19.3125,89.36624999999998,857.8125,90.198558125,8.493750000000002,7.613125,5.027500000000002,14.926249999999996,8.52,1.2650000000000001,26.799916875000008
2026-08-19T21:50:00.000Z,MCT2408055,15.585833,73.885556,19.5,90.634375,845.25,90.200943125,8.551875,7.67375,5.113750000000002,15.214374999999997,8.690000000000001,1.2212500000000002,26.822708125000005
2026-08-19T22:00:00.000Z,MCT2408055,15.585833,73.885556,19.125,92.79375000000002,851.9375,90.20809625,8.330625,7.797499999999999,4.9418750000000005,14.884374999999997,8.562499999999998,1.13875,26.834103125000002
2026-08-19T22:10:00.000Z,MCT2408055,15.585833,73.885556,19.6875,99.99875,811.9375,90.258640625,8.780000000000001,6.948125000000001,5.158750000000001,15.624999999999996,9.072499999999996,1.191875,26.901135000000004
2026-08-19T22:10:47.707Z,MCT2408055,15.585833,73.885556,20,99.94,824,90.16089,8.78,8.07,4.2,14.47,8.86,1.91,26.97085
2026-08-19T21:20:00.000Z,MCT2408052,15.444425,74.063856,16.466666666666665,160,639,90.58101466666663,3.7413334000000007,8,5.463333333333333,16.114666666666672,8.076,2,27.384122000000005
2026-08-19T21:30:00.000Z,MCT2408052,15.444425,74.063856,16.5625,160,666.3125,90.44603875,3.7738159375000007,8,5.4987499999999985,16.141875,8.067499999999999,2,27.367006249999996
2026-08-19T21:40:00.000Z,MCT2408052,15.444425,74.063856,16.5625,160,670.4375,90.60815999999998,3.7422808125,8,5.519999999999999,16.16375,8.067499999999999,2,27.356281875
2026-08-19T21:50:00.000Z,MCT2408052,15.444425,74.063856,16.875,160,648.4375,90.589565,3.7232456875,8,5.604999999999999,16.530000000000005,8.346874999999999,2,27.33617125000001
2026-08-19T22:00:00.000Z,MCT2408052,15.444425,74.063856,16.8125,160,655.0625,90.69446937499998,3.7532895000000006,8,5.519374999999999,16.379375000000003,8.26,2,27.328128125
2026-08-19T22:10:00.000Z,MCT2408052,15.444425,74.063856,16.875,160,619,90.62294312499999,3.6851755625000004,8,5.748749999999999,17.046250000000004,8.58625,2,27.400522499999994
2026-08-19T22:10:47.850Z,MCT2408052,15.444425,74.063856,19,160,642,90.49658,3.780351,8,6.69,20,10.01,2,27.43203
2026-08-19T21:20:00.000Z,MCT2408053,15.263333,74.110833,41.333333333333336,218.06306666666666,745.5333333333333,93.11142800000002,17.15533333333333,28.92066666666667,4.590000000000002,13.41733333333333,7.670666666666666,6.238666666666666,26.483927333333334
2026-08-19T21:30:00.000Z,MCT2408053,15.263333,74.110833,40.5,210.52856875000003,776.5,93.195004375,16.455,28.96125,4.590000000000002,13.671249999999999,7.966874999999998,6.210000000000001,26.51570125
2026-08-19T21:40:00.000Z,MCT2408053,15.263333,74.110833,42.1875,222.2811125,776.8125,93.18785125000002,17.928749999999997,29.994999999999997,4.590000000000002,13.853124999999999,8.178125,6.173749999999999,26.53312999999999
2026-08-19T21:50:00.000Z,MCT2408053,15.263333,74.110833,39.9375,221.91581874999997,778.9375,93.27415812499999,16.053749999999997,28.377499999999998,4.590000000000002,13.671249999999999,7.966874999999999,6.288125000000001,26.52977875
2026-08-19T22:00:00.000Z,MCT2408053,15.263333,74.110833,39.1875,205.72213125000002,789.875,93.544525,15.339375000000002,27.871250000000003,5.049375000000001,15.251875000000002,9.024375000000001,6.428125,26.522402500000002
2026-08-19T22:10:00.000Z,MCT2408053,15.263333,74.110833,41.625,211.2422375,772.0625,93.42769937500002,17.513125000000002,26.898125000000004,4.590000000000002,13.975625,8.319375,6.544999999999999,26.566644999999994
2026-08-19T22:10:47.850Z,MCT2408053,15.263333,74.110833,45,224.8874,661,93.19739,20.37,27.49,4.59,13.61,7.9,7.24,26.58474
2026-08-19T21:20:00.000Z,MCT2408021,15.500556,74.053333,49.2,375,539.8666666666667,89.74127266666666,20.946666666666662,14.319372,4.351333333333333,14.086666666666664,9.207333333333334,4.229333333333334,26.92008333333333
2026-08-19T21:30:00.000Z,MCT2408021,15.500556,74.053333,49.125,375,541.9375,89.71218625,20.950000000000003,14.207273125,4.168749999999999,13.450000000000001,8.750625,4.172499999999999,26.899124375
2026-08-19T21:40:00.000Z,MCT2408021,15.500556,74.053333,49.25,375,543.8125,89.65687187500001,21.081875000000004,14.265530625,4.463749999999999,14.401875000000004,9.465625,4.1987499999999995,26.8729825
2026-08-19T21:50:00.000Z,MCT2408021,15.500556,74.053333,49.25,375,535.25,89.95298875,21.01,14.306942500000002,4.258125,13.504999999999997,8.691249999999998,4.2025,26.854214374999998
2026-08-19T22:00:00.000Z,MCT2408021,15.500556,74.053333,49.125,375,523.5625,90.189499375,20.908125,14.280095625000001,4.789999999999999,15.542499999999997,10.178750000000003,4.238125000000001,26.858904375
2026-08-19T22:10:00.000Z,MCT2408021,15.500556,74.053333,49.125,375,526.375,90.07791812500002,20.91375,14.264390000000002,6.396875,20.298125000000002,13.006874999999999,4.260625000000001,26.940683749999998
2026-08-19T22:10:47.904Z,MCT2408021,15.500556,74.053333,49,375,530,89.97015,21.08,14.58655,7.62,24.35,15.71,4.19,26.96012
2026-08-19T21:20:00.000Z,MCT2408043,15.221111,74.087222,33,201.98428571428576,564.4285714285714,87.65626785714282,14.251428571428571,10.373571428571429,6.329999999999999,21.794285714285714,12.718571428571428,5.29,26.785457857142863
2026-08-19T21:30:00.000Z,MCT2408043,15.221111,74.087222,33,204.0575,560.25,87.571185625,14.251249999999997,10.503125000000002,6.409374999999999,22.209374999999994,12.97,5.290000000000001,26.890410000000006
2026-08-19T21:40:00.000Z,MCT2408043,15.221111,74.087222,33,203.50625000000002,570.625,87.33467187499998,14.231249999999996,10.575625000000004,6.329999999999999,20.921875,11.85,5.290000000000001,26.978219999999997
2026-08-19T21:50:00.000Z,MCT2408043,15.221111,74.087222,33,199.66187499999998,574.4375,87.48917000000002,14.268124999999998,10.545625,6.329999999999999,21.404375,12.330000000000002,5.290000000000001,26.960793124999995
2026-08-19T22:00:00.000Z,MCT2408043,15.221111,74.087222,33,201.408,573.6666666666666,87.67269,14.257999999999997,10.45,6.414666666666665,21.802,12.554,5.290000000000001,26.99587266666667
2026-08-19T22:10:00.000Z,MCT2408043,15.221111,74.087222,33,188.539375,580.5625,87.760011875,14.245624999999997,10.479375000000003,6.568124999999998,23.415000000000003,13.850000000000001,5.290000000000001,27.078768125
2026-08-19T22:10:47.905Z,MCT2408043,15.221111,74.087222,33,201.26,575,87.58978,14.17,10.12,6.33,20.6,11.53,5.29,27.14245
2026-08-19T21:20:00.000Z,MCT2408050,15.553611,73.958333,27.8,86.02999999999999,574,92.63993466666666,11.449333333333334,3.8986666666666663,4.920000000000001,16.088,8.672666666666666,2.677333333333334,26.494650666666665
2026-08-19T21:30:00.000Z,MCT2408050,15.553611,73.958333,27.625,86.02999999999999,573.0625,92.71768874999998,11.399375000000003,4.000000000000001,5.090000000000001,17.118750000000002,9.410625000000001,2.43875,26.484865625
2026-08-19T21:40:00.000Z,MCT2408050,15.553611,73.958333,27.8125,86.02999999999999,593.9375,93.02095874999999,11.48375,4.046875,5.143125000000001,17.173750000000002,9.41,2.681875,26.481514375
2026-08-19T21:50:00.000Z,MCT2408050,15.553611,73.958333,27.5,86.02999999999999,593.1875,92.84118937499998,11.338125000000002,3.981875,4.930625000000001,15.943124999999997,8.4475,2.52,26.53379937499999
2026-08-19T22:00:00.000Z,MCT2408050,15.553611,73.958333,27.6875,86.02999999999999,558,93.02954125000001,11.42875,4.063750000000001,5.40875,17.226875000000003,9.144375,2.4606250000000003,26.570665625000004
2026-08-19T22:10:00.000Z,MCT2408050,15.553611,73.958333,28,86.02999999999999,597.0625,92.99997687499999,11.598125000000001,4.119375000000001,4.930625000000001,15.779375000000002,8.34375,2.715,26.62496
2026-08-19T22:10:47.953Z,MCT2408050,15.553611,73.958333,28,86.03,608,92.7854,11.52,3.93,5.09,17.17,9.36,2.42,26.64909
2026-08-19T21:20:00.000Z,MCT2408030,15.142519,74.075003,27,169.4094866666667,434.4,84.70231133333333,8.98,6.200000000000002,9.370000000000001,24.639999999999993,12.31,4.1066666666666665,27.01446466666668
2026-08-19T21:30:00.000Z,MCT2408030,15.142519,74.075003,27,168.30508,435.93333333333334,84.800982,9.276666666666669,6.200000000000002,9.370000000000001,24.639999999999993,12.31,4.268000000000001,27.06236666666667
2026-08-19T21:40:00.000Z,MCT2408030,15.142519,74.075003,27,168.34112499999998,440.5,84.764523125,9.088125000000002,6.200000000000002,9.370000000000001,24.639999999999993,12.31,3.693125,27.14915
2026-08-19T21:50:00.000Z,MCT2408030,15.142519,74.075003,27,169.20521250000002,441.8125,84.67153874999998,8.91375,6.200000000000002,9.370000000000001,24.639999999999993,12.31,4.1775,27.224898750000005
2026-08-19T22:00:00.000Z,MCT2408030,15.142519,74.075003,27,169.28003333333336,436.8666666666667,84.47546266666664,8.960666666666668,6.200000000000002,9.370000000000001,24.639999999999993,12.31,4.1913333333333345,27.299039333333337
2026-08-19T22:10:00.000Z,MCT2408030,15.142519,74.075003,27,169.84323125000003,439.25,84.40546749999999,9.025625,6.200000000000002,9.370000000000001,24.639999999999993,12.31,4.129375,27.308690000000002
2026-08-19T22:10:48.099Z,MCT2408030,15.142519,74.075003,27,168.8275,443,84.40833,8.79,6.2,9.37,24.64,12.31,4.4,27.31405
2026-08-19T21:20:00.000Z,MCT2408034,15.356389,74.123611,25.652173913043477,194.32936956521735,474.69565217391306,77.54916739130432,9.586086956521738,5.916521739130435,6.379999999999998,19.529999999999998,10.15,1.477391304347826,30.62950652173913
2026-08-19T21:30:00.000Z,MCT2408034,15.356389,74.123611,25.583333333333332,201.21855416666665,472.875,77.32697624999999,9.96291666666667,5.860416666666667,6.379999999999998,19.419999999999998,10.04,1.6333333333333337,30.686200833333334
2026-08-19T21:40:00.000Z,MCT2408034,15.356389,74.123611,26.12,202.953216,475,77.41125640000003,8.8212,5.486000000000001,6.379999999999998,20.517999999999997,11.138,1.4467999999999999,30.64955799999999
2026-08-19T21:50:00.000Z,MCT2408034,15.356389,74.123611,29,180.0479875,474.0833333333333,77.71925291666666,8.300416666666667,5.5995833333333325,7.8587500000000015,25.907083333333333,14.492916666666666,1.4095833333333336,30.63883249999999
2026-08-19T22:00:00.000Z,MCT2408034,15.356389,74.123611,27.44,182.88278000000003,474.12,77.63647320000001,9.1668,5.264799999999999,6.925999999999999,22.8456,12.864399999999998,1.5252,30.637974399999997
2026-08-19T22:10:00.000Z,MCT2408034,15.356389,74.123611,26.76,187.97398399999997,482.96,77.66332960000004,8.7888,6.1099999999999985,6.525599999999997,21.607599999999998,12.076799999999999,1.4572,30.61309279999999
2026-08-19T22:10:48.100Z,MCT2408034,15.356389,74.123611,26.5,198.5898,482.5,77.76312,10.58,5.78,6.38,21.57,12.190000000000001,1.835,30.601295
2026-08-19T21:20:00.000Z,MCT2408029,15.333611,74.206944,12,133.07148571428573,464.64285714285717,92.6366257142857,2.865714285714286,7.203571428571428,2.94,8.67,4.71,3.5,27.12099642857143
2026-08-19T21:30:00.000Z,MCT2408029,15.333611,74.206944,12,135.88068124999998,469.125,92.80685749999998,2.87625,7.50875,2.9399999999999995,8.67,4.709999999999999,3.5,27.063350625
2026-08-19T21:40:00.000Z,MCT2408029,15.333611,74.206944,12.066666666666666,140.9449866666666,463.3333333333333,92.86322133333333,2.5713333333333335,7.3020000000000005,2.9399999999999995,8.747333333333334,4.787333333333333,3.522,27.048782000000006
2026-08-19T21:50:00.000Z,MCT2408029,15.333611,74.206944,12.375,139.34390624999997,465.375,92.65474687499999,2.8074999999999997,7.24875,2.9399999999999995,8.778749999999999,4.818749999999999,3.5793749999999998,27.075416875
2026-08-19T22:00:00.000Z,MCT2408029,15.333611,74.206944,12,134.17035,475.8125,92.928929375,2.5762499999999995,7.305,2.9399999999999995,8.706249999999999,4.746249999999999,3.5,26.993638749999995
2026-08-19T22:10:00.000Z,MCT2408029,15.333611,74.206944,12.6,134.72699333333335,474.53333333333336,93.147032,3.0679999999999996,7.700666666666668,2.9399999999999995,9.056666666666668,5.098666666666667,3.6226666666666665,26.972278000000003
2026-08-19T22:10:48.153Z,MCT2408029,15.333611,74.206944,12,147.3611,477,93.02191,1.87,7.14,2.94,9.25,5.29,3.5,27.0352
2026-08-19T21:20:00.000Z,MCT2408023,15.499722,74.020833,25.666666666666668,237.99666666666664,445.2,91.52298866666668,8.008000000000003,18.790666666666663,6.340000000000002,20.094666666666665,12.856666666666666,5.081999999999999,26.451754
2026-08-19T21:30:00.000Z,MCT2408023,15.499722,74.020833,35.13333333333333,189.18000000000004,455.1333333333333,91.51637666666667,7.871333333333334,18.38533333333333,10.900666666666668,36.474666666666664,24.070000000000004,5.113333333333333,26.38740466666666
2026-08-19T21:40:00.000Z,MCT2408023,15.499722,74.020833,39.9375,155.62374999999997,463.8125,91.63145374999996,7.594374999999999,17.934375000000003,14.336874999999997,46.5425,29.815625000000004,4.726875000000001,26.378958124999997
2026-08-19T21:50:00.000Z,MCT2408023,15.499722,74.020833,29,215.06687500000004,460.375,91.70107249999998,7.931874999999998,18.315,6.734375000000002,24.142500000000002,16.674999999999997,5.055,26.380969999999994
2026-08-19T22:00:00.000Z,MCT2408023,15.499722,74.020833,26.4375,240.17812499999994,449.6875,91.64814250000002,7.973124999999999,18.706249999999997,6.340000000000002,21.13375,14.046875000000002,5.17125,26.377616875000005
2026-08-19T22:10:00.000Z,MCT2408023,15.499722,74.020833,24.375,246.11375000000004,446.125,91.54419437499999,8.116875,18.398125,6.340000000000002,19.47125,12.143750000000002,5.106249999999999,26.379628749999995
2026-08-19T22:10:48.154Z,MCT2408023,15.499722,74.020833,24,241.55,443,91.41211,8.91,17.66,6.34,19,11.6,4.78,26.38097
2026-08-19T21:20:00.000Z,MCT2408027,15.275556,74.1075,19.666666666666668,1157.768,651.9333333333333,91.60132000000002,6.579999999999999,12.804000000000006,5.654666666666668,17.94133333333333,9.75,2.9500000000000006,26.86002266666667
2026-08-19T21:30:00.000Z,MCT2408027,15.275556,74.1075,19.75,1158.741875,630,91.68343124999998,6.579999999999999,12.710000000000004,5.486250000000002,17.86625,9.942499999999999,2.9500000000000006,26.854883750000003
2026-08-19T21:40:00.000Z,MCT2408027,15.275556,74.1075,20.375,1159.9468749999999,630.5625,91.74064687499998,6.579999999999999,12.712500000000002,5.855625,18.913749999999997,10.56125,2.9500000000000006,26.850861875000003
2026-08-19T21:50:00.000Z,MCT2408027,15.275556,74.1075,21.1875,1153.43875,651.9375,91.80597874999998,6.579999999999999,12.707500000000005,6.409375000000002,20.638125,11.426874999999999,2.9500000000000006,26.881695624999992
2026-08-19T22:00:00.000Z,MCT2408027,15.275556,74.1075,21.1875,1156.996875,642.0625,92.06013124999998,6.579999999999999,12.599375000000002,6.1018750000000015,20.514375,11.673125000000002,2.9500000000000006,26.897784374999993
2026-08-19T22:10:00.000Z,MCT2408027,15.275556,74.1075,21,1157.359375,616.875,91.96190250000001,6.579999999999999,12.538750000000002,5.918125000000001,19.959374999999998,11.303125000000001,2.9500000000000006,27.025143124999996
2026-08-19T22:10:48.201Z,MCT2408027,15.275556,74.1075,22,1163.19,666,91.77832,6.58,12.24,6.9,21.69,11.86,2.95,27.04592
2026-08-19T21:20:00.000Z,MCT2408040,15.528056,74.020833,19,100,498.6,89.01698866666662,8.144,4.866666666666668,3.07,8.42,3.7299999999999986,3.5,27.222529333333338
2026-08-19T21:30:00.000Z,MCT2408040,15.528056,74.020833,18.875,100,502.8125,89.0989725,8.08,4.845625,3.07,8.42,3.7299999999999986,3.5,27.145799375000006
2026-08-19T21:40:00.000Z,MCT2408040,15.528056,74.020833,19,100,508,89.05510687499999,8.124375,4.944374999999999,3.07,8.42,3.7299999999999986,3.5,27.179985624999993
2026-08-19T21:50:00.000Z,MCT2408040,15.528056,74.020833,19.0625,100,507.125,89.07560812499999,8.104375,4.907500000000001,3.07,8.463750000000001,3.764374999999999,3.5,27.1819975
2026-08-19T22:00:00.000Z,MCT2408040,15.528056,74.020833,19.125,100,514.4375,89.10183062499999,8.346875,4.825000000000001,3.07,8.42,3.7299999999999986,3.5,27.186018125
2026-08-19T22:10:00.000Z,MCT2408040,15.528056,74.020833,18.875,100,505.4375,89.08848187499999,8.09125,4.885000000000002,3.07,8.42,3.7299999999999986,3.5,27.23428375
2026-08-19T22:10:48.346Z,MCT2408040,15.528056,74.020833,19,100,509,89.08514,8.17,4.84,3.07,8.42,3.73,3.5,27.26043
2026-08-19T21:20:00.000Z,MCT2408049,15.475278,74.055833,56.6,150,495.8666666666667,88.231668,24.146,11.987999999999998,4.137999999999999,12.921999999999999,6.959999999999998,2.61,27.612208000000006
2026-08-19T21:30:00.000Z,MCT2408049,15.475278,74.055833,56.666666666666664,150,502.93333333333334,88.058736,24.09266666666667,12.606666666666666,4.086666666666667,13.074,7.2139999999999995,2.61,27.617927333333338
2026-08-19T21:40:00.000Z,MCT2408049,15.475278,74.055833,56.75,150,509.625,88.05517750000001,24.185624999999998,11.08625,3.974374999999999,12.592500000000001,6.955624999999999,2.61,27.62038625000001
2026-08-19T21:50:00.000Z,MCT2408049,15.475278,74.055833,56.5,150,520.3125,88.05136062499999,23.999375,11.454375,4.1187499999999995,12.73625,6.812499999999999,2.61,27.627086875
2026-08-19T22:00:00.000Z,MCT2408049,15.475278,74.055833,56.875,151.78753749999998,494.25,88.29359375,24.228749999999998,14.345625,4.215,14.123125,8.008125,2.61,27.480961249999996
2026-08-19T22:10:00.000Z,MCT2408049,15.475278,74.055833,56.625,150,477,88.152928125,24.125625,14.6075,4.359375,14.554375000000002,8.1525,2.61,27.434038125
2026-08-19T22:10:48.346Z,MCT2408049,15.475278,74.055833,57.5,150,484,88.05899,24.880000000000003,12.72,4.6,14.17,7.29,2.61,27.458840000000002
2026-08-19T21:20:00.000Z,MCT2408046,15.529167,74.07,30.91304347826087,95.52,950.6086956521739,90.5350595652174,13.213478260869564,1.1200000000000003,5.114782608695653,15.598695652173914,7.810000000000001,3.5573913043478265,27.401718260869565
2026-08-19T21:30:00.000Z,MCT2408046,15.529167,74.07,30.88,95.52,945.2,89.42999279999998,13.2388,1.1324000000000003,5.2364,16.394800000000004,8.395199999999999,3.44,27.795393599999993
2026-08-19T21:40:00.000Z,MCT2408046,15.529167,74.07,30.84,95.52,945.6,88.8428336,13.1576,1.1360000000000001,5.312000000000001,16.260800000000007,8.2024,3.5112,27.9794364
2026-08-19T21:50:00.000Z,MCT2408046,15.529167,74.07,30.88,95.52,946.36,88.5654296,13.111200000000004,1.1684,5.1608,15.994400000000008,8.1768,3.5344000000000007,28.049792799999995
2026-08-19T22:00:00.000Z,MCT2408046,15.529167,74.07,30.76,95.52,943.56,88.62890639999999,13.070000000000002,1.2160000000000004,5.236400000000001,16.128000000000007,8.1288,3.5384,28.024052400000002
2026-08-19T22:10:00.000Z,MCT2408046,15.529167,74.07,30.96,95.52,949.24,88.42749000000002,13.1656,1.1636000000000002,5.2364,15.996000000000004,8.1528,3.5184,28.11028119999999
2026-08-19T22:10:48.404Z,MCT2408046,15.529167,74.07,30.5,95.52,955.5,88.58923,12.92,1.0950000000000002,5.06,14.44,7.26,3.61,28.054085
2026-08-19T21:20:00.000Z,MCT2408044,15.313669,74.140042,25.466666666666665,214.29,466.93333333333334,94.45471266666667,10.677333333333332,3.32,2.8699999999999997,7.5,4.320000000000001,4.011880199999999,25.974125333333337
2026-08-19T21:30:00.000Z,MCT2408044,15.313669,74.140042,25.625,214.29,471.5,94.52299375000001,10.803125,3.32,2.8699999999999997,7.5,4.32,3.654086500000001,25.970729375
2026-08-19T21:40:00.000Z,MCT2408044,15.313669,74.140042,25.933333333333334,214.29,473.46666666666664,94.75886933333335,10.883999999999999,3.5106666666666664,2.8699999999999997,7.5,4.320000000000001,3.768546866666667,25.961256000000002
2026-08-19T21:50:00.000Z,MCT2408044,15.313669,74.140042,25.866666666666667,214.29,475.2,94.83262133333334,10.848666666666666,3.32,2.8699999999999997,7.5,4.320000000000001,3.8333331999999998,25.961256666666667
2026-08-19T22:00:00.000Z,MCT2408044,15.313669,74.140042,25.533333333333335,214.29,469.46666666666664,94.51422133333335,10.767999999999999,3.32,2.8699999999999997,7.5,4.320000000000001,3.9849570666666665,26.157886666666666
2026-08-19T22:10:00.000Z,MCT2408044,15.313669,74.140042,25.666666666666668,214.29,470.8,93.88555733333334,10.741999999999997,3.32,2.8699999999999997,7.5,4.320000000000001,3.9223929333333327,26.355942666666667
2026-08-19T22:10:48.405Z,MCT2408044,15.313669,74.140042,25.5,214.29,466,93.77722,10.71,3.32,2.87,7.5,4.32,3.8435895,26.332704999999997
2026-08-19T21:20:00.000Z,MCT2408037,15.394444,74.118333,28.785714285714285,160,456.64285714285717,86.14019714285715,10.456428571428571,9.575714285714287,10.35357142857143,35.980714285714285,18.09428571428572,3.6464285714285714,27.226717857142866
2026-08-19T21:30:00.000Z,MCT2408037,15.394444,74.118333,25.375,160.07025,456.75,86.17309937499999,10.706250000000002,6.0181249999999995,5.901875000000001,22.946875,12.693125000000002,3.69625,27.18668875
2026-08-19T21:40:00.000Z,MCT2408037,15.394444,74.118333,25.25,162.72529375,451.25,86.250824375,10.538125,5.805625,5.481875000000001,21.669999999999998,12.036875000000002,3.94,27.13842625
2026-08-19T21:50:00.000Z,MCT2408037,15.394444,74.118333,25.375,163.77073125,442.6875,86.22126,10.603125,7.27375,4.923750000000001,20.6475,11.849375000000002,3.8437499999999996,27.1538425
2026-08-19T22:00:00.000Z,MCT2408037,15.394444,74.118333,25.25,161.81094375,450.0625,86.12017125,10.558750000000002,7.47625,4.92375,18.655625,9.880625,3.785,27.164566875
2026-08-19T22:10:00.000Z,MCT2408037,15.394444,74.118333,25.3125,160.0419875,463.6875,86.00429937499999,10.623125000000002,5.987500000000001,4.970000000000001,19.830624999999998,10.958750000000002,3.7924999999999995,27.205457500000005
2026-08-19T22:10:48.454Z,MCT2408037,15.394444,74.118333,25,160,470,86.06009,10.62,5.345000000000001,4.83,18.4,9.74,3.7350000000000003,27.2068
2026-08-19T21:20:00.000Z,MCT2408042,15.213889,74.071667,61.666666666666664,277.7186666666667,481.06666666666666,89.94166933333335,26.46666666666666,12.789333333333333,4.610666666666665,14.348000000000003,7.836,3.646000000000001,27.02161266666667
2026-08-19T21:30:00.000Z,MCT2408042,15.213889,74.071667,61.5,276.475,481.0625,90.03929687499999,26.343125,13.1125,4.891249999999999,15.503125,8.484375000000002,3.634375,27.062679999999997
2026-08-19T21:40:00.000Z,MCT2408042,15.213889,74.071667,61.625,271.10625,487.4375,90.146585625,26.420000000000005,13.041875000000001,4.720624999999998,14.762500000000003,8.029375,3.708124999999999,27.106920624999997
2026-08-19T21:50:00.000Z,MCT2408042,15.213889,74.071667,61.375,278.59000000000003,486.0625,90.255300625,26.266250000000007,13.30125,4.777499999999999,15.104375000000001,8.256875,3.7175000000000007,27.171941250000003
2026-08-19T22:00:00.000Z,MCT2408042,15.213889,74.071667,60.75,281.000625,460.75,90.40169125,25.804375,14.206249999999999,5.346249999999999,18.695625,10.931875000000002,4.012499999999999,27.373040000000003
2026-08-19T22:10:00.000Z,MCT2408042,15.213889,74.071667,61.1875,286.42437500000005,447.4375,90.19379062499999,26.111874999999998,14.359375,5.403124999999999,18.980000000000004,11.102500000000001,3.721875,27.669988125
2026-08-19T22:10:48.599Z,MCT2408042,15.213889,74.071667,60,292.04,450,89.91675,25.33,14.12,5.46,20.06,11.84,3.88,27.78596
2026-08-19T21:20:00.000Z,MCT2408041,15.224628,74.171389,32.8,440.20356,481,91.38922000000001,13.746,9.7,8.090000000000002,20.25,8.900000000000002,7.882666666666667,26.70772666666667
2026-08-19T21:30:00.000Z,MCT2408041,15.224628,74.171389,32.8125,440.95898124999997,478,91.40829250000002,13.804374999999999,9.7,8.090000000000002,20.25,8.900000000000002,7.975625000000001,26.667862500000005
2026-08-19T21:40:00.000Z,MCT2408041,15.224628,74.171389,32.75,441.8074312499999,487,91.44739250000003,13.713125,9.7,8.090000000000002,20.25,8.900000000000002,8.004375000000001,26.667190000000005
2026-08-19T21:50:00.000Z,MCT2408041,15.224628,74.171389,32.6875,444.830875,488.6875,91.51844312500002,13.691874999999998,9.7,8.090000000000002,20.25,8.900000000000002,7.919375,26.673223750000005
2026-08-19T22:00:00.000Z,MCT2408041,15.224628,74.171389,32.9375,442.3223499999999,490.125,91.49650812500003,13.885625000000001,9.7,8.090000000000002,20.25,8.900000000000002,7.9775,26.681268749999997
2026-08-19T22:10:00.000Z,MCT2408041,15.224628,74.171389,32.625,442.01244999999994,495.3125,91.73063625,13.631875,9.7,8.090000000000002,20.25,8.900000000000002,7.851250000000001,26.610886250000004
2026-08-19T22:10:48.599Z,MCT2408041,15.224628,74.171389,33,450.4913,492,91.47314,14.19,9.7,8.09,20.25,8.9,7.78,26.64909
2026-08-19T21:20:00.000Z,MCT2408024,15.148056,74.131667,40.95652173913044,217.173252173913,498.4347826086956,81.57085130434784,17.853837391304346,5.06869947826087,5.130434782608695,17.85956521739131,10.598695652173918,2.5104347826086957,27.859632173913045
2026-08-19T21:30:00.000Z,MCT2408024,15.148056,74.131667,40.5,216.0160833333333,606.125,81.63154250000001,17.530314583333332,5.416967666666667,5.291666666666667,18.40666666666667,10.823333333333336,2.4908333333333332,27.92225458333334
2026-08-19T21:40:00.000Z,MCT2408024,15.148056,74.131667,40.8,216.35554800000003,626.16,81.52929800000003,17.708282,5.46349248,5.32,17.990000000000006,10.350000000000001,2.4956000000000005,28.007752399999994
2026-08-19T21:50:00.000Z,MCT2408024,15.148056,74.131667,40.64,216.227796,565,81.53601119999999,17.598023600000005,5.37922112,5.16,17.190000000000005,9.870000000000003,2.494,28.0721004
2026-08-19T22:00:00.000Z,MCT2408024,15.148056,74.131667,41.04,216.53465599999998,579.8,82.19641,17.9391332,5.358153280000002,5.4792,18.190000000000005,10.310000000000002,2.5172,27.905218400000003
2026-08-19T22:10:00.000Z,MCT2408024,15.148056,74.131667,40.625,216.89099583333328,610.75,82.36110458333336,17.625299166666668,5.065837,6.246250000000001,21.198333333333338,12.073333333333338,2.5270833333333327,27.830198749999997
2026-08-19T22:10:48.655Z,MCT2408024,15.148056,74.131667,40.5,214.9876,610.5,82.42468,17.48955,5.526696,6.99,25.485,15.49,2.52,27.82886
2026-08-19T21:20:00.000Z,MCT2408033,15.346944,74.007778,20.266666666666666,117.31618666666668,480.53333333333336,90.80887733333333,8.355333333333336,4.441333333333334,3.192666666666667,8.788000000000002,5.645333333333332,4.39,27.05307266666667
2026-08-19T21:30:00.000Z,MCT2408033,15.346944,74.007778,19.6875,118.95025625,477.8125,90.97198875000001,7.838750000000002,3.7012499999999995,3.4100000000000006,10.064375,6.765,4.39,27.346898125
2026-08-19T21:40:00.000Z,MCT2408033,15.346944,74.007778,20,122.13029374999999,469.1875,91.10454999999999,8.186875,4.1674999999999995,3.2968750000000004,9.615625000000001,6.396249999999999,4.39,27.447445000000002
2026-08-19T21:50:00.000Z,MCT2408033,15.346944,74.007778,20.25,122.00686875,474,90.89712374999998,8.343125,4.46625,3.1443750000000006,8.8475,5.806875,4.39,27.462863750000004
2026-08-19T22:00:00.000Z,MCT2408033,15.346944,74.007778,20.75,123.011425,485.625,90.74787375,8.738124999999998,4.558125,3.1825000000000006,9.23125,6.175,4.39,27.439401875
2026-08-19T22:10:00.000Z,MCT2408033,15.346944,74.007778,20.8125,122.415525,489,90.44794250000001,8.820625,4.8687499999999995,3.0300000000000007,8.111250000000002,5.182499999999999,4.39,27.45683062500001
2026-08-19T22:10:48.654Z,MCT2408033,15.346944,74.007778,21,119.3185,475,90.32111,9.03,4.42,3.03,8.21,5.29,4.39,27.44275
2026-08-19T21:20:00.000Z,MCT2408045,15.619444,73.878889,27.933333333333334,178.11999999999995,638.6666666666666,87.35683066666665,11.680000000000001,17.036,3.622666666666668,12.398000000000001,6.524000000000001,2.5300000000000002,26.896487999999998
2026-08-19T21:30:00.000Z,MCT2408045,15.619444,73.878889,27.5625,178.11999999999995,637.25,87.467711875,11.346874999999999,17.274375000000003,3.9656250000000006,13.084375,6.788125000000002,2.5300000000000002,26.909179374999994
2026-08-19T21:40:00.000Z,MCT2408045,15.619444,73.878889,28.0625,178.11999999999995,635.3125,87.543055625,11.77625,17.305,3.8068750000000016,12.9775,6.893125,2.5300000000000002,26.93934312500001
2026-08-19T21:50:00.000Z,MCT2408045,15.619444,73.878889,27.8125,178.11999999999995,635.1875,87.54782499999999,11.47,17.4125,3.5537500000000013,12.05125,6.255000000000002,2.5300000000000002,26.961462499999996
2026-08-19T22:00:00.000Z,MCT2408045,15.619444,73.878889,27.9375,178.11999999999995,618.8125,87.56308062499997,11.660625,17.203125,3.2706250000000012,11.374375,5.899375000000001,2.5300000000000002,26.987606875
2026-08-19T22:10:00.000Z,MCT2408045,15.619444,73.878889,27.866666666666667,178.11999999999995,631.2,87.47483399999997,11.659999999999998,17.37066666666667,3.220000000000001,11.41,5.993333333333334,2.5300000000000002,27.030908666666665
2026-08-19T22:10:48.700Z,MCT2408045,15.619444,73.878889,28,178.12,650.5,87.40668,11.780000000000001,17.04,3.27,11.41,5.9350000000000005,2.53,27.06201
2026-08-19T21:20:00.000Z,MCT2408022,15.475833,74.038889,26.071428571428573,150,436.07142857142856,91.05461928571427,4.210714285714286,11.219737142857143,6.071428571428571,20.642857142857142,11.785714285714286,4.231605785714286,26.74025928571429
2026-08-19T21:30:00.000Z,MCT2408022,15.475833,74.038889,26.375,150,434.4375,91.072123125,4.188749999999999,11.324108125,6.25,21.5,12.4375,4.2509680625,26.7007075
2026-08-19T21:40:00.000Z,MCT2408022,15.475833,74.038889,26.5,150,433,91.05638749999999,4.140624999999999,11.259224999999997,6.375,21.4375,12.1875,4.2555219375,26.717468124999996
2026-08-19T21:50:00.000Z,MCT2408022,15.475833,74.038889,26.5,150,433,90.98486249999999,4.0375,11.352408749999999,6.375,21.5625,12.1875,4.252461375,26.779808749999997
2026-08-19T22:00:00.000Z,MCT2408022,15.475833,74.038889,25.6875,150,431.3125,90.71592749999998,4.195625,11.510479375,5.875,20.375,11.6875,4.2710916875,26.84684
2026-08-19T22:10:00.000Z,MCT2408022,15.475833,74.038889,24.75,150,430.4375,90.61292749999998,4.328749999999999,11.277108750000002,5.5625,19,10.875,4.246303625,26.849520625
2026-08-19T22:10:48.849Z,MCT2408022,15.475833,74.038889,24,150,431,90.62628,4.09,10.74096,5,17,10,4.210177,26.84215
2026-08-19T21:20:00.000Z,MCT2408032,15.525556,73.828611,35.65217391304348,220.52304347826086,585.0434782608696,71.07711956521739,15.302608695652179,19.587391304347825,8.419130434782607,28.26,16.125217391304346,2.531304347826087,32.2793047826087
2026-08-19T21:30:00.000Z,MCT2408032,15.525556,73.828611,36.12,220.39600000000002,571.92,72.32519479999999,15.685200000000002,19.406399999999998,8.370799999999996,30.152800000000003,17.7796,2.6296,31.956729999999997
2026-08-19T21:40:00.000Z,MCT2408032,15.525556,73.828611,36.28,218.1036,628,76.3840328,15.896,19.3384,9.111999999999997,30.2676,16.930799999999998,2.8547999999999996,30.865772399999997
2026-08-19T21:50:00.000Z,MCT2408032,15.525556,73.828611,35.52,210.14480000000003,597.32,76.40234439999999,15.172000000000004,19.004800000000003,10.7084,34.4744,19.3084,2.5907999999999998,30.919397600000003
2026-08-19T22:00:00.000Z,MCT2408032,15.525556,73.828611,34.92,213.02079999999995,590.32,76.09075999999999,14.792400000000002,18.8232,9.682799999999997,32.20040000000001,18.1196,2.3747999999999996,31.02364360000001
2026-08-19T22:10:00.000Z,MCT2408032,15.525556,73.828611,35.6,214.71760000000003,606.08,77.0529792,15.256400000000003,18.936,10.538,32.94000000000001,17.8364,2.5084,30.753804400000007
2026-08-19T22:10:48.849Z,MCT2408032,15.525556,73.828611,33.5,215.245,583.5,76.94678,13.705,18.585,9.97,34.845,20.525,2.565,30.762169999999998
2026-08-19T21:20:00.000Z,MCT2408031,15.290833,74.149167,19.266666666666666,156.97526,478.8,87.91327199999999,7.4451012,6.412131666666666,6.413333333333336,16.782666666666668,9.206,4.590000000000001,26.278008666666672
2026-08-19T21:30:00.000Z,MCT2408031,15.290833,74.149167,21.4375,207.44754375,488.6875,87.97411250000002,7.224055,6.0142795625,7.708750000000001,20.271250000000002,11.189374999999998,4.83375,26.28779374999999
2026-08-19T21:40:00.000Z,MCT2408031,15.290833,74.149167,19.6875,153.28496875,492,87.97697250000002,7.3627533125,6.5952927500000005,6.964999999999998,18.015625000000004,9.702499999999995,4.746875,26.33940875
2026-08-19T21:50:00.000Z,MCT2408031,15.290833,74.149167,19.125,144.39083749999998,486,87.996524375,7.334116187499999,6.057118249999999,6.726875000000001,17.336874999999996,9.345625000000002,4.92875,26.383649374999994
2026-08-19T22:00:00.000Z,MCT2408031,15.290833,74.149167,17.8125,166.57799375,484.8125,88.02561375,7.162293999999999,7.0274108125,4.8812500000000005,12.6625,6.904374999999999,4.8575,26.409789375
2026-08-19T22:10:00.000Z,MCT2408031,15.290833,74.149167,20.5,165.95015625,488.0625,88.009399375,7.267868375000001,6.25272675,7.202499999999999,18.505,9.970000000000002,4.8725,26.417165625
2026-08-19T22:10:48.904Z,MCT2408031,15.290833,74.149167,19,140,492,87.97125,7.115709,6,7.14,18.26,9.52,4.45,26.41314
2026-08-19T21:20:00.000Z,MCT2408036,15.171567,74.067106,35.92857142857143,120,463.2142857142857,91.98649285714285,10.390000000000002,7.9957142857142856,6.729285714285714,20.37142857142857,11.072857142857144,10.872857142857143,26.71804285714286
2026-08-19T21:30:00.000Z,MCT2408036,15.171567,74.067106,35.6875,120,462,92.15931374999998,9.938750000000002,7.930624999999999,5.855625,18.362499999999997,10.258125,10.766250000000001,26.72149125
2026-08-19T21:40:00.000Z,MCT2408036,15.171567,74.067106,36.266666666666666,120,462.3333333333333,92.50006,10.088,7.823333333333332,3.8233333333333333,12.799333333333331,7.464666666666668,11.217333333333334,26.727747333333333
2026-08-19T21:50:00.000Z,MCT2408036,15.171567,74.067106,35.125,120,463.9375,92.303795,10.315625,8.084999999999999,6.4799999999999995,19.029375,10.068750000000001,10.436875,26.825389375000004
2026-08-19T22:00:00.000Z,MCT2408036,15.171567,74.067106,35.6875,120,466.625,92.23322249999998,10.451875,8.1375,4.966874999999998,15.196874999999999,8.295625000000001,10.834375000000001,26.875661250000007
2026-08-19T22:10:00.000Z,MCT2408036,15.171567,74.067106,35.93333333333333,120,470.2,91.92277066666665,10.604000000000001,7.956666666666666,8.281333333333334,23.706666666666667,12.260000000000002,10.981333333333335,26.978713333333328
2026-08-19T22:10:48.902Z,MCT2408036,15.171567,74.067106,37,120,463,91.72491,10.17,7.48,2.63,10.13,6.59,11.37,27.06737
2026-08-19T21:20:00.000Z,MCT2408035,15.236111,74.125,48.785714285714285,190,560.0714285714286,91.03881500000001,20.414805714285713,10.17357142857143,3.7999999999999994,10.19,4.909999999999998,3.8299999999999987,26.792352142857148
2026-08-19T21:30:00.000Z,MCT2408035,15.236111,74.125,47.6875,190,563.25,91.07546250000003,19.423710625,10.104375000000001,3.799999999999999,10.19,4.909999999999998,3.8299999999999987,26.79924937500001
2026-08-19T21:40:00.000Z,MCT2408035,15.236111,74.125,47.625,190,565.8125,91.10550062500002,19.4335925,10.14125,3.799999999999999,10.19,4.909999999999998,3.8299999999999987,26.826729999999998
2026-08-19T21:50:00.000Z,MCT2408035,15.236111,74.125,48.125,190,564.9375,91.09262687500001,19.948031874999998,10.270625,3.799999999999999,10.19,4.909999999999998,3.8299999999999987,26.874992499999998
2026-08-19T22:00:00.000Z,MCT2408035,15.236111,74.125,48.25,190,566.75,91.11456062500002,20.044525625,10.185625000000002,3.799999999999999,10.19,4.909999999999998,3.8299999999999987,26.89644124999999
2026-08-19T22:10:00.000Z,MCT2408035,15.236111,74.125,48.3125,190,565.25,91.17321562500001,20.044525625000002,9.863750000000001,3.799999999999999,10.19,4.909999999999998,3.8299999999999987,26.91319937499999
2026-08-19T22:10:48.948Z,MCT2408035,15.236111,74.125,50,190,568,91.25189,21.56808,10.3,3.8,10.19,4.91,3.83,26.9065
2026-08-19T21:20:00.000Z,MCT2408038,15.188889,74.055556,32.142857142857146,393.555,639.2857142857143,91.38377285714283,9.72857142857143,13.330000000000004,13.319999999999999,38.839999999999996,19.643571428571427,4.835,27.209095714285706
2026-08-19T21:30:00.000Z,MCT2408038,15.188889,74.055556,30.625,401.224375,653.3125,91.47076,9.543125000000002,13.330000000000005,11.925,34.79125000000001,17.601875,4.810625000000001,27.260428124999994
2026-08-19T21:40:00.000Z,MCT2408038,15.188889,74.055556,32.0625,397.9575,663.5,91.357275,9.821250000000001,13.330000000000005,12.89375,37.526875,19.08375,4.7875,27.2919325
2026-08-19T21:50:00.000Z,MCT2408038,15.188889,74.055556,36.3125,387.00374999999997,658.25,91.3439225,9.662500000000001,13.330000000000005,15.644375000000004,45.788125,23.184375000000003,4.813124999999999,27.32745750000001
2026-08-19T22:00:00.000Z,MCT2408038,15.188889,74.055556,35.5,376.9475,661.5,91.3758675,9.634375000000002,13.330000000000005,15.141250000000003,44.23500000000001,22.459999999999997,4.824375,27.356953125000004
2026-08-19T22:10:00.000Z,MCT2408038,15.188889,74.055556,35.375,373.300625,660.1875,91.21326812500001,9.695,13.330000000000005,14.947499999999998,43.675625,22.115000000000002,4.788750000000001,27.407226249999997
2026-08-19T22:10:49.097Z,MCT2408038,15.188889,74.055556,31,382.68,656,91.18323,9.84,13.33,12.39,35.79,18.19,4.83,27.4213
2026-08-19T21:20:00.000Z,MCT2408039,15.163611,74.110833,29,383.4033333333333,447.73333333333335,86.98553466666667,10.590666666666666,10.3,9.019999999999998,28.94,11.759999999999998,2.3,26.877897333333333
2026-08-19T21:30:00.000Z,MCT2408039,15.163611,74.110833,29,381.10875,450.75,87.144416875,10.192499999999997,10.3,9.019999999999998,28.94,11.759999999999998,2.3,26.858235000000004
2026-08-19T21:40:00.000Z,MCT2408039,15.163611,74.110833,29,377.78999999999996,454.5625,87.16492249999999,10.319999999999999,10.3,9.019999999999998,28.94,11.759999999999998,2.3,26.902475625
2026-08-19T21:50:00.000Z,MCT2408039,15.163611,74.110833,29,382.38374999999996,452.5,87.19019437499999,10.366874999999999,10.3,9.019999999999998,28.94,11.759999999999998,2.3,26.9788925
2026-08-19T22:00:00.000Z,MCT2408039,15.163611,74.110833,29,387.98687500000005,460.5625,87.24979812499998,9.778124999999998,10.3,9.019999999999998,28.94,11.759999999999998,2.3,27.01575875
2026-08-19T22:10:00.000Z,MCT2408039,15.163611,74.110833,29,383.1806250000001,454.8125,87.14823124999998,9.616249999999999,10.3,9.019999999999998,28.94,11.759999999999998,2.3,27.094856249999996
2026-08-19T22:10:49.095Z,MCT2408039,15.163611,74.110833,29,379.08,448,87.11676,6.64,10.3,9.02,28.94,11.76,2.3,27.121
2026-08-19T21:20:00.000Z,MCT2408026,15.2467,74.198281,31.08695652173913,125,471.2173913043478,85.09563391304346,13.441536956521741,12.5,4.730000000000003,14.509999999999996,7.710000000000001,2.1421739130434783,28.55722956521739
2026-08-19T21:30:00.000Z,MCT2408026,15.2467,74.198281,31.083333333333332,125,477.1666666666667,84.83843083333335,13.464146249999999,12.5,4.730000000000003,14.509999999999996,7.710000000000001,2.1445833333333337,28.623405833333326
2026-08-19T21:40:00.000Z,MCT2408026,15.2467,74.198281,31.083333333333332,125,475.9583333333333,85.29397000000002,13.48877375,12.5,4.730000000000003,14.549999999999995,7.750416666666667,2.172916666666667,28.480853749999998
2026-08-19T21:50:00.000Z,MCT2408026,15.2467,74.198281,31,125,475.5833333333333,85.97489416666667,13.41260125,12.5,4.730000000000003,14.509999999999996,7.710000000000001,2.0925,28.286459166666674
2026-08-19T22:00:00.000Z,MCT2408026,15.2467,74.198281,31.08,125,480.88,86.1102908,13.4291336,12.5,4.730000000000003,14.509999999999996,7.710000000000001,2.1056000000000004,28.2376964
2026-08-19T22:10:00.000Z,MCT2408026,15.2467,74.198281,31.041666666666668,125,483.875,86.21807999999999,13.318394583333331,12.5,4.730000000000003,14.509999999999996,7.710000000000001,2.3400000000000003,28.21361666666667
2026-08-19T22:10:49.151Z,MCT2408026,15.2467,74.198281,31,125,475.5,85.861725,13.351905,12.5,4.73,14.51,7.71,2.325,28.31685
2026-08-19T22:20:00.000Z,MCT2408028,15.186944,74.096667,41.21739130434783,556.9513043478261,477.60869565217394,92.51671391304347,17.811739130434784,12.335652173913042,8.163913043478262,28.619565217391305,17.07304347826087,1.5486956521739126,26.409878695652175
2026-08-19T22:30:00.000Z,MCT2408028,15.186944,74.096667,41.16,553.6471999999999,484.28,92.44665479999999,17.821199999999997,12.279199999999998,10.706800000000003,38.739599999999996,23.3428,1.3276000000000001,26.4804952
2026-08-19T22:40:00.000Z,MCT2408028,15.186944,74.096667,41.375,555.5012500000001,481.8333333333333,92.47386708333335,17.934583333333336,12.275,13.733333333333334,48.18291666666667,28.4575,1.3566666666666665,26.569995416666675
2026-08-19T22:50:00.000Z,MCT2408028,15.186944,74.096667,41.08,552.8063999999999,481.24,92.4194944,17.7764,12.386399999999998,12.9448,45.898399999999995,27.398400000000002,1.2864000000000002,26.616060400000002
2026-08-19T23:00:00.000Z,MCT2408028,15.186944,74.096667,41.44,551.0980000000001,484.68,92.33801279999997,17.941999999999997,12.454399999999998,10.910000000000002,38.937999999999995,23.342799999999997,1.2432,26.656384400000007
2026-08-19T23:10:00.000Z,MCT2408028,15.186944,74.096667,41.2,546.3348000000002,487.76,92.33679120000002,17.7848,12.347999999999997,10.350000000000001,35.91400000000001,21.195199999999996,1.1704,26.647376800000007
2026-08-19T23:11:04.972Z,MCT2408028,15.186944,74.096667,41.666666666666664,549.1766666666666,489,92.35561,18.116666666666664,11.973333333333334,8.656666666666666,31.153333333333336,18.886666666666667,0.9733333333333333,26.67054
2026-08-19T22:20:00.000Z,MCT2408056,15.579167,73.920833,25.428571428571427,180,665.5,90.67750857142858,6.813571428571428,10.32159592857143,9.45,29.66571428571429,17.07071428571429,1.5914285714285714,27.165429285714286
2026-08-19T22:30:00.000Z,MCT2408056,15.579167,73.920833,27.8125,180,673.3125,90.88091250000001,6.821249999999999,11.0384385625,11.671249999999997,34.723124999999996,18.977500000000003,1.5768749999999998,27.107590624999997
2026-08-19T22:40:00.000Z,MCT2408056,15.579167,73.920833,28.5,180,680.875,90.84228937499998,6.870625,10.536531437499999,11.729999999999999,35.860625000000006,19.973750000000003,1.5599999999999998,27.157863750000004
2026-08-19T22:50:00.000Z,MCT2408056,15.579167,73.920833,25.5,180,675.625,90.75884312500003,6.847499999999999,11.2100934375,9.909374999999997,29.827500000000004,16.517500000000002,1.5868749999999998,27.240986874999997
2026-08-19T23:00:00.000Z,MCT2408056,15.579167,73.920833,23,180,681.0625,90.55809500000001,6.916874999999999,10.902435437500001,8.035,24.874375,14.292500000000002,1.6356249999999997,27.332150625
2026-08-19T23:10:00.000Z,MCT2408056,15.579167,73.920833,20.0625,180,688.3125,90.62866625000001,6.91375,10.536531250000001,5.629999999999999,18.841874999999998,11.071875,1.6606249999999998,27.34220625
2026-08-19T23:11:04.973Z,MCT2408056,15.579167,73.920833,20.5,180,694.5,90.55380500000001,6.79,10.66784,5.63,19.585,11.715,1.56,27.35695
2026-08-19T22:20:00.000Z,MCT2408057,15.272222,74.104722,30,342.5899999999999,472.2608695652174,84.35790478260871,12.403913043478262,8.883913043478262,3.6039130434782605,11.283478260869565,6.16,2.323478260869565,28.692457391304348
2026-08-19T22:30:00.000Z,MCT2408057,15.272222,74.104722,29.92,341.24799999999993,474.28,84.95794759999998,12.384399999999998,8.803200000000002,3.7204,11.669600000000003,6.443200000000001,2.326400000000001,28.51354720000001
2026-08-19T22:40:00.000Z,MCT2408057,15.272222,74.104722,29.88,341.12039999999996,471.32,84.88409400000002,12.350400000000002,8.868400000000003,3.339599999999999,10.923600000000004,6.176400000000001,2.3128,28.5658848
2026-08-19T22:50:00.000Z,MCT2408057,15.272222,74.104722,29.84,339.6115999999999,479,84.4403704,12.384400000000001,8.858000000000002,3.3631999999999995,10.8564,6.0884,2.2144,28.69158039999999
2026-08-19T23:00:00.000Z,MCT2408057,15.272222,74.104722,29.96,331.2952,480.12,84.34728919999999,12.381999999999998,8.882000000000003,3.3388,10.562000000000003,5.8664,2.2603999999999997,28.742632000000008
2026-08-19T23:10:00.000Z,MCT2408057,15.272222,74.104722,29.72,326.4528,480.32,84.35278360000001,12.268799999999997,8.835200000000002,3.7916,11.918400000000002,6.553199999999999,2.2332,28.767084800000003
2026-08-19T23:11:04.973Z,MCT2408057,15.272222,74.104722,30,323.625,484,84.31295499999999,12.28,8.885,4.47,13.57,7.475,2.08,28.80484
2026-08-19T22:20:00.000Z,MCT2408020,15.543475,74.039433,25,180,499.53333333333336,89.06988600000001,9.647941133333335,20.05133133333333,8.409999999999998,26.219333333333335,14.126000000000001,3.6599999999999984,27.514253333333333
2026-08-19T22:30:00.000Z,MCT2408020,15.543475,74.039433,23.25,180,504.75,89.21865999999997,9.43118075,19.900338749999996,7.24625,22.4275,12.138125000000002,3.6599999999999984,27.483640625000003
2026-08-19T22:40:00.000Z,MCT2408020,15.543475,74.039433,24.25,180,480.5625,89.19195812499999,9.509208062500003,19.95974875,7.24875,23.299999999999997,12.660625,3.6599999999999984,27.495038749999992
2026-08-19T22:50:00.000Z,MCT2408020,15.543475,74.039433,70.3125,248.1371375,490.5,89.27874124999998,9.3398881875,20.051389375,34.49625000000001,116.55375000000001,66.62374999999999,3.6599999999999984,27.50039999999999
2026-08-19T23:00:00.000Z,MCT2408020,15.543475,74.039433,55.93333333333333,198.45947333333334,506.6,89.43558533333335,9.43015686666667,19.966413333333332,27.211333333333336,86.79866666666665,47.52066666666667,3.6599999999999984,27.50996266666667
2026-08-19T23:10:00.000Z,MCT2408020,15.543475,74.039433,46.5625,180,511.6875,89.50523687500001,9.4029605,19.89781375,21.742499999999996,68.09187499999999,36.65125,3.6599999999999984,27.553354999999993
2026-08-19T23:11:04.973Z,MCT2408020,15.543475,74.039433,48,180,513,89.516205,9.5307955,20.294674999999998,22.725,71.295,38.565,3.66,27.56073
2026-08-19T22:20:00.000Z,MCT2408055,15.585833,73.885556,19.266666666666666,99.02133333333335,829.2666666666667,90.102902,8.472000000000001,7.347333333333335,4.898666666666667,15.175333333333331,8.950666666666667,1.3266666666666667,27.000162
2026-08-19T22:30:00.000Z,MCT2408055,15.585833,73.885556,19.375,101.77937500000002,815.3125,90.124170625,8.530000000000001,7.447500000000002,5.373750000000001,16.326249999999995,9.583124999999997,1.299375,26.997658749999996
2026-08-19T22:40:00.000Z,MCT2408055,15.585833,73.885556,19.4375,97.936875,824.375,90.12464874999999,8.547500000000001,7.6031249999999995,5.201875000000001,16.078125,9.498750000000001,1.265625,27.039889374999998
2026-08-19T22:50:00.000Z,MCT2408055,15.585833,73.885556,19.4375,99.53750000000001,832.75,90.05264749999998,8.5975,7.678750000000001,5.331875000000002,15.913124999999997,9.199999999999998,1.414375,27.089491875000004
2026-08-19T23:00:00.000Z,MCT2408055,15.585833,73.885556,19.4375,97.15937499999998,844.125,90.046926875,8.57625,7.895000000000001,5.373750000000001,15.626249999999995,8.9025,1.349375,27.09418625
2026-08-19T23:10:00.000Z,MCT2408055,15.585833,73.885556,19.4375,98.40999999999998,847.875,90.09603874999999,8.595,7.64625,4.810625,14.596249999999998,8.435,1.195625,27.069382499999996
2026-08-19T23:11:05.014Z,MCT2408055,15.585833,73.885556,19,97.77,846,90.07697,8.16,8.07,3.5,11.18,6.82,1.55,27.06737
2026-08-19T22:20:00.000Z,MCT2408053,15.263333,74.110833,39.857142857142854,228.56338571428572,760.1428571428571,93.2453442857143,15.862857142857141,28.31642857142857,4.590000000000002,12.570714285714283,6.689285714285715,6.626428571428571,26.554865714285707
2026-08-19T22:30:00.000Z,MCT2408053,15.263333,74.110833,38.625,216.23732500000006,812.4375,93.35522000000003,14.965625000000001,28.074375,4.590000000000002,12.943124999999998,7.121875,6.40125,26.54921625
2026-08-19T22:40:00.000Z,MCT2408053,15.263333,74.110833,41.5,208.96256875,790.4375,93.31277999999998,17.313125,27.884375000000002,4.590000000000002,13.003749999999998,7.193125,6.544374999999999,26.53178875000001
2026-08-19T22:50:00.000Z,MCT2408053,15.263333,74.110833,37.875,216.48296875,772.625,93.44725187499998,14.194374999999999,28.719375,4.590000000000002,13.125,7.333124999999998,6.401875,26.504305000000002
2026-08-19T23:00:00.000Z,MCT2408053,15.263333,74.110833,40.3125,194.149075,781.6875,93.44009749999998,16.27,28.5025,4.647500000000002,14.341875,8.60125,6.255,26.521063125
2026-08-19T23:10:00.000Z,MCT2408053,15.263333,74.110833,38.9375,154.13076875,807,93.55215437499999,15.138125,27.922499999999996,7.05875,23.517500000000005,14.735624999999999,6.244375,26.511679375000007
2026-08-19T23:11:05.235Z,MCT2408053,15.263333,74.110833,42,117.545,808,93.5636,17.4,27.49,12.86,39.86,23.69,7.32,26.53112
2026-08-19T22:20:00.000Z,MCT2408052,15.444425,74.063856,17,160,627.9333333333333,90.52913266666665,3.7007252,8,5.687999999999999,16.94466666666667,8.605333333333334,2,27.38984266666667
2026-08-19T22:30:00.000Z,MCT2408052,15.444425,74.063856,16.5,160.02208124999999,624.6875,90.322539375,3.7357456875000006,8,5.414374999999999,16.12,8.1325,2,27.411247499999998
2026-08-19T22:40:00.000Z,MCT2408052,15.444425,74.063856,15.9375,160.6009,639.625,90.311094375,3.7665351875000006,8,4.997499999999999,15.020624999999999,7.527500000000001,2,27.417949999999998
2026-08-19T22:50:00.000Z,MCT2408052,15.444425,74.063856,16,160,613.6875,90.29487937499998,3.5885088125,8,5.102499999999999,15.258124999999998,7.592500000000001,2,27.412589375
2026-08-19T23:00:00.000Z,MCT2408052,15.444425,74.063856,16.125,160,620.3125,90.33684249999997,3.7144737500000002,8,5.227499999999998,15.344999999999999,7.550000000000001,2,27.384435000000003
2026-08-19T23:10:00.000Z,MCT2408052,15.444425,74.063856,16,160.44737500000002,615.6875,90.57144562499998,3.7109211875000003,8,5.040624999999998,15,7.398125,2,27.351589999999998
2026-08-19T23:11:05.237Z,MCT2408052,15.444425,74.063856,16,160,636,90.6568,3.64,8,5.02,15.17,7.59,2,27.35695
2026-08-19T22:20:00.000Z,MCT2408043,15.221111,74.087222,33,202.40714285714287,588.8571428571429,87.45081928571429,14.214999999999998,10.51357142857143,6.329999999999999,20.599999999999998,11.530000000000001,5.29,27.15393928571429
2026-08-19T22:30:00.000Z,MCT2408043,15.221111,74.087222,33,203.96062500000005,585.5625,87.418121875,14.225624999999996,10.505625000000002,6.409374999999999,20.841250000000002,11.61,5.290000000000001,27.085470625
2026-08-19T22:40:00.000Z,MCT2408043,15.221111,74.087222,33,203.82533333333336,584.4,87.53891866666667,14.227999999999998,10.556000000000001,6.329999999999999,20.428000000000004,11.359333333333334,5.290000000000001,26.98371666666667
2026-08-19T22:50:00.000Z,MCT2408043,15.221111,74.087222,33,203.236875,578.25,87.51110500000003,14.208749999999997,10.475624999999999,6.329999999999999,20.678749999999997,11.610000000000001,5.290000000000001,26.954089375
2026-08-19T23:00:00.000Z,MCT2408043,15.221111,74.087222,33.3125,192.91624999999996,590.3125,87.56498750000003,14.159999999999998,10.56,8.46875,28.0025,15.6125,5.290000000000001,26.93465125
2026-08-19T23:10:00.000Z,MCT2408043,15.221111,74.087222,33,192.37312500000002,587.125,87.627453125,14.224375,10.57625,7.995624999999998,28.081875000000004,16.17125,5.290000000000001,26.974870625
2026-08-19T23:11:05.237Z,MCT2408043,15.221111,74.087222,33,179.02,586,87.70422,14.34,10.71,7.6,29.61,17.93,5.29,27.01375
2026-08-19T22:20:00.000Z,MCT2408050,15.553611,73.958333,27.714285714285715,86.02999999999999,583.3571428571429,92.78322142857141,11.445000000000002,4.019285714285714,4.96857142857143,16.438571428571432,8.929999999999998,2.5800000000000005,26.645262857142857
2026-08-19T22:30:00.000Z,MCT2408050,15.553611,73.958333,27.6875,86.02999999999999,598.125,92.84405187499998,11.453750000000001,3.967499999999999,5.143125,16.852500000000003,9.090000000000002,2.645,26.628983749999996
2026-08-19T22:40:00.000Z,MCT2408050,15.553611,73.958333,27.8125,86.02999999999999,571.625,92.77205062499998,11.566875,3.9693750000000003,4.824375,15.7275,8.502500000000001,2.5575,26.633676875000003
2026-08-19T22:50:00.000Z,MCT2408050,15.553611,73.958333,27.875,86.02999999999999,604.375,92.96850624999999,11.604375000000003,3.93375,4.771250000000001,15.459375,8.288125,2.611875,26.623621249999996
2026-08-19T23:00:00.000Z,MCT2408050,15.553611,73.958333,27.75,86.02999999999999,608.5,93.18641999999997,11.569375000000003,3.919375,4.505625,14.706249999999999,8.076875,2.7481250000000004,26.608873125
2026-08-19T23:10:00.000Z,MCT2408050,15.553611,73.958333,27.9375,86.02999999999999,590.125,92.94180187499997,11.676875000000003,3.9362500000000002,4.824375000000001,15.779999999999998,8.503124999999999,2.558125,26.685291874999994
2026-08-19T23:11:05.262Z,MCT2408050,15.553611,73.958333,28,86.03,536,92.77777,11.52,3.93,4.24,15.46,9.36,2.8,26.74562
2026-08-19T22:20:00.000Z,MCT2408034,15.356389,74.123611,27,199.78289999999998,481.3636363636364,77.75965363636362,9.212272727272726,5.522272727272728,6.586818181818182,22.039090909090906,12.40227272727273,1.7368181818181818,30.63542045454545
2026-08-19T22:30:00.000Z,MCT2408034,15.356389,74.123611,27.32,201.559744,481.24,77.8601692,8.4868,5.153200000000001,6.744,22.5448,12.7884,1.4836,30.661998400000012
2026-08-19T22:40:00.000Z,MCT2408034,15.356389,74.123611,26.958333333333332,199.89420000000004,479.4583333333333,77.84482041666665,7.19,4.833333333333333,6.683333333333333,21.96083333333333,12.228333333333332,1.647916666666667,30.72552625
2026-08-19T22:50:00.000Z,MCT2408034,15.356389,74.123611,26.68,184.11202799999998,480.52,77.81927359999997,7.93,4.747999999999999,6.525599999999998,21.644399999999997,12.0764,1.5207999999999995,30.725490000000004
2026-08-19T23:00:00.000Z,MCT2408034,15.356389,74.123611,26.36,194.92767200000003,475.92,77.54431200000003,8.908,5.650000000000001,6.452799999999999,20.968399999999995,11.5128,1.5963999999999998,30.73492800000001
2026-08-19T23:10:00.000Z,MCT2408034,15.356389,74.123611,26.791666666666668,190.5607166666667,474,77.58001708333335,8.930416666666668,5.563333333333333,6.7591666666666645,21.412499999999998,11.485833333333332,1.5220833333333335,30.684860000000004
2026-08-19T23:11:05.484Z,MCT2408034,15.356389,74.123611,34.666666666666664,180,477.3333333333333,77.67156666666666,8.476666666666667,6.333333333333333,12.456666666666665,36.88666666666666,18.44,1.3666666666666665,30.649556666666665
2026-08-19T22:20:00.000Z,MCT2408030,15.142519,74.075003,27,170.47352857142852,440.57142857142856,84.38216999999999,8.967142857142857,6.200000000000002,9.370000000000001,24.639999999999993,12.31,4.228571428571429,27.337034999999997
2026-08-19T22:30:00.000Z,MCT2408030,15.142519,74.075003,27,170.50600666666668,435.53333333333336,84.24556466666668,8.995333333333333,6.200000000000002,9.370000000000001,24.639999999999993,12.31,4.318666666666667,27.354808000000002
2026-08-19T22:40:00.000Z,MCT2408030,15.142519,74.075003,27,170.67377500000003,437.5,84.09790437500001,8.74125,6.200000000000002,9.370000000000001,24.639999999999993,12.31,4.346875,27.346898749999998
2026-08-19T22:50:00.000Z,MCT2408030,15.142519,74.075003,27,171.46032666666667,436.6,84.10111533333333,8.948000000000002,6.200000000000002,9.370000000000001,24.639999999999993,12.31,4.417333333333334,27.34265333333333
2026-08-19T23:00:00.000Z,MCT2408030,15.142519,74.075003,27,170.49875,431.8125,84.14701874999997,8.84125,6.200000000000002,9.370000000000001,24.639999999999993,12.31,4.380625,27.332820625
2026-08-19T23:10:00.000Z,MCT2408030,15.142519,74.075003,27,170.62727333333333,433.46666666666664,84.21555533333331,8.684666666666667,6.200000000000002,9.370000000000001,24.639999999999993,12.31,4.255999999999999,27.356236000000003
2026-08-19T23:11:05.491Z,MCT2408030,15.142519,74.075003,27,169.5159,424,84.20996,8.76,6.2,9.37,24.64,12.31,4.28,27.383765
2026-08-19T22:20:00.000Z,MCT2408029,15.333611,74.206944,12.071428571428571,144.81829285714284,474.35714285714283,92.79738928571427,2.2342857142857144,7.18,2.94,9.000714285714286,5.043571428571428,3.5235714285714286,27.07350071428571
2026-08-19T22:30:00.000Z,MCT2408029,15.333611,74.206944,12,137.45610624999998,485.875,92.86407874999998,2.72125,7.175000000000001,2.9399999999999995,8.77875,4.819374999999999,3.504375,27.032515000000004
2026-08-19T22:40:00.000Z,MCT2408029,15.333611,74.206944,12.5625,142.77576249999998,489,92.94800312499996,3.4487499999999995,7.19625,2.9399999999999995,8.851249999999999,4.891875,3.5,27.039889375000005
2026-08-19T22:50:00.000Z,MCT2408029,15.333611,74.206944,12.1875,140.55015000000003,489.8125,93.10297374999998,2.975,7.670625,2.9399999999999995,8.77875,4.818749999999999,3.5,27.011735625
2026-08-19T23:00:00.000Z,MCT2408029,15.333611,74.206944,12.125,137.8143875,470.25,93.08294687499999,3.1287499999999997,7.9275,2.9399999999999995,8.778749999999999,4.819375,3.51625,26.984925
2026-08-19T23:10:00.000Z,MCT2408029,15.333611,74.206944,12.3125,125.06665,456.25,93.07150312499999,2.8568749999999996,7.34625,2.9399999999999995,8.778749999999999,4.81875,3.6381250000000005,26.982243124999997
2026-08-19T23:11:05.493Z,MCT2408029,15.333611,74.206944,14,137.8285,459,92.96851,6.37,7.36,2.94,8.67,4.71,4.36,27.02447
2026-08-19T22:20:00.000Z,MCT2408023,15.499722,74.020833,23.714285714285715,241.96499999999997,448.35714285714283,91.51074571428572,8.052142857142856,18.486428571428572,6.340000000000002,18.63571428571428,11.185714285714287,5.202142857142857,26.380969999999994
2026-08-19T22:30:00.000Z,MCT2408023,15.499722,74.020833,24.3125,243.913125,444.5,91.49507875,8.203749999999998,18.448124999999997,6.340000000000002,19.391875,12.053125000000001,5.320625,26.380969999999994
2026-08-19T22:40:00.000Z,MCT2408023,15.499722,74.020833,23.625,234.878125,454.375,91.47028062500003,8.6025,17.81125,6.7356250000000015,19.234374999999996,11.237500000000002,5.228125,26.381639999999997
2026-08-19T22:50:00.000Z,MCT2408023,15.499722,74.020833,24.6875,234.82062499999998,451.25,91.53894875,8.04875,17.949375,7.131250000000002,21.8475,13.503125,4.999375,26.380969999999994
2026-08-19T23:00:00.000Z,MCT2408023,15.499722,74.020833,25.266666666666666,226.40066666666672,459.3333333333333,91.62064333333335,8.198666666666666,17.426666666666666,6.928666666666668,22.121333333333332,13.92,4.924666666666667,26.430303333333335
2026-08-19T23:10:00.000Z,MCT2408023,15.499722,74.020833,24.0625,227.3675,457.25,91.60761000000001,7.971875000000001,18.043750000000003,6.340000000000002,19.075625,11.690625000000004,5.024374999999999,26.485536875000008
2026-08-19T23:11:05.519Z,MCT2408023,15.499722,74.020833,23.5,230.02499999999998,457,91.61047,8.239999999999998,17.189999999999998,6.34,18.365000000000002,10.875,4.97,26.49894
2026-08-19T22:20:00.000Z,MCT2408021,15.500556,74.053333,49.2,375,536.4,89.967102,20.985333333333333,14.319372666666665,8.063333333333333,25.477999999999998,16.284666666666666,4.241333333333333,26.966558000000003
2026-08-19T22:30:00.000Z,MCT2408021,15.500556,74.053333,49.13333333333333,375,541.7333333333333,90.02203400000003,20.93933333333333,14.210624000000001,7.332666666666667,23.73866666666667,15.364000000000003,4.199333333333333,26.975135999999996
2026-08-19T22:40:00.000Z,MCT2408021,15.500556,74.053333,49.1875,375,553.625,90.04215437500002,20.981875,14.2835175,6.932499999999999,21.765625,13.691250000000002,4.200625,27.005701874999996
2026-08-19T22:50:00.000Z,MCT2408021,15.500556,74.053333,49.25,375,552.875,89.93391312500002,20.996875000000003,14.236402499999999,6.277499999999999,19.809999999999995,12.619375000000002,4.208125,27.016428124999997
2026-08-19T23:00:00.000Z,MCT2408021,15.500556,74.053333,49.125,375,543.25,90.00877812499999,20.954375,14.167001875000002,5.38375,17.283749999999998,11.310000000000002,4.280625,27.001009999999994
2026-08-19T23:10:00.000Z,MCT2408021,15.500556,74.053333,49.375,375,559.9375,90.039295625,21.015000000000004,14.134451249999998,5.443124999999999,17.257500000000004,11.191875,4.281875000000001,27.014418750000008
2026-08-19T23:11:05.684Z,MCT2408021,15.500556,74.053333,49.5,375,568,90.04263499999999,21.23,14.157,5.71,18.7,12.379999999999999,4.155,27.029835
2026-08-19T22:20:00.000Z,MCT2408049,15.475278,74.055833,56.57142857142857,150,482.07142857142856,88.14672857142855,24.113571428571426,12.642142857142858,4.05,13.406428571428572,7.619285714285714,2.61,27.485652142857138
2026-08-19T22:30:00.000Z,MCT2408049,15.475278,74.055833,56.75,150,485.5625,88.195841875,24.218125,12.249375,4.070625,12.880624999999997,7.052499999999998,2.61,27.536596249999995
2026-08-19T22:40:00.000Z,MCT2408049,15.475278,74.055833,56.6875,150,494.6875,88.038010625,24.100624999999997,12.430625,4.0225,12.353125,6.619999999999999,2.61,27.57279375
2026-08-19T22:50:00.000Z,MCT2408049,15.475278,74.055833,56.6875,150.17844374999999,500.6875,88.06566562499998,24.108125,11.05375,3.878124999999999,12.017499999999998,6.571875,2.61,27.569441875
2026-08-19T23:00:00.000Z,MCT2408049,15.475278,74.055833,56.5625,150,502.75,88.02656625,24.09125,11.665625,3.926249999999999,12.209375,6.668124999999999,2.61,27.58955125
2026-08-19T23:10:00.000Z,MCT2408049,15.475278,74.055833,57,150,511.3125,88.166754375,24.410624999999996,10.69625,3.8299999999999987,12.01875,6.668749999999999,2.61,27.619045000000007
2026-08-19T23:11:05.745Z,MCT2408049,15.475278,74.055833,58,150,520,88.303135,25.085,11.815000000000001,4.215,13.024999999999999,6.91,2.61,27.619715
2026-08-19T22:20:00.000Z,MCT2408027,15.275556,74.1075,20.928571428571427,1160.6142857142859,627.2142857142857,91.85788357142859,6.579999999999999,12.746428571428577,5.987857142857144,19.995714285714286,11.294285714285715,2.95,27.006087142857137
2026-08-19T22:30:00.000Z,MCT2408027,15.275556,74.1075,20,1156.7775,639.6875,91.93806312500003,6.579999999999999,12.656250000000004,5.363125000000001,18.111250000000002,10.375625,2.9500000000000006,26.986935
2026-08-19T22:40:00.000Z,MCT2408027,15.275556,74.1075,20.1875,1155.2618750000001,641.25,91.887039375,6.579999999999999,12.651250000000003,5.732500000000002,18.54375,10.251875000000002,2.9500000000000006,26.997659999999996
2026-08-19T22:50:00.000Z,MCT2408027,15.275556,74.1075,20.125,1154.08375,666.0625,91.78690375000001,6.579999999999999,12.744375000000005,5.54875,18.358124999999998,10.251874999999998,2.9500000000000006,27.003021874999998
2026-08-19T23:00:00.000Z,MCT2408027,15.275556,74.1075,22.125,1147.52375,659.0625,91.80597874999998,6.579999999999999,12.744375000000003,7.089375000000001,22.425,12.351874999999998,2.9500000000000006,27.007045
2026-08-19T23:10:00.000Z,MCT2408027,15.275556,74.1075,20.125,1155.191875,668.875,91.81694499999998,6.579999999999999,12.717500000000003,5.671250000000001,18.54375,10.313125,2.9500000000000006,27.019109375000003
2026-08-19T23:11:05.743Z,MCT2408027,15.275556,74.1075,20,1142.32,677,91.77832,6.58,12.71,5.92,18.73,9.88,2.95,27.0352
2026-08-19T22:20:00.000Z,MCT2408044,15.313669,74.140042,25.428571428571427,214.29,466.85714285714283,93.87258928571428,10.66214285714286,3.32,2.87,7.5,4.32,3.9278388571428566,26.299764285714286
2026-08-19T22:30:00.000Z,MCT2408044,15.313669,74.140042,25.4,214.29,463.2,93.94201666666663,10.648666666666664,3.3353333333333333,2.8699999999999997,7.5,4.320000000000001,4.004957133333334,26.312328
2026-08-19T22:40:00.000Z,MCT2408044,15.313669,74.140042,25.533333333333335,214.29,470.73333333333335,93.90895600000002,10.696666666666665,3.32,2.8699999999999997,7.5,4.320000000000001,4.0089742,26.392407333333335
2026-08-19T22:50:00.000Z,MCT2408044,15.313669,74.140042,25.5,214.29,471.375,94.08859687500002,10.699374999999998,3.34625,2.8699999999999997,7.5,4.32,3.9237980000000006,26.3373975
2026-08-19T23:00:00.000Z,MCT2408044,15.313669,74.140042,25.8125,214.29,476.5625,94.48484874999998,10.8125,3.366875,2.8699999999999997,7.5,4.32,3.7918268125000005,26.254278125
2026-08-19T23:10:00.000Z,MCT2408044,15.313669,74.140042,25.25,214.29,476.5625,94.55828187499998,10.679375,3.32,2.8699999999999997,7.5,4.32,3.9381409375000005,26.236849999999997
2026-08-19T23:11:05.772Z,MCT2408044,15.313669,74.140042,25.5,214.29,481,94.64316,10.8,3.32,2.87,7.5,4.32,3.7891025000000003,26.19328
2026-08-19T22:20:00.000Z,MCT2408040,15.528056,74.020833,19.066666666666666,100,512.3333333333334,89.06428999999999,8.152666666666669,4.882666666666666,3.07,8.42,3.7299999999999986,3.5,27.24898733333334
2026-08-19T22:30:00.000Z,MCT2408040,15.528056,74.020833,19,100,514.8125,89.06034937499999,8.27,4.944375000000001,3.07,8.42,3.7299999999999986,3.5,27.207466249999992
2026-08-19T22:40:00.000Z,MCT2408040,15.528056,74.020833,19.0625,100,512.1875,89.07274687499999,8.16875,4.920625000000001,3.07,8.42,3.7299999999999986,3.5,27.196742499999992
2026-08-19T22:50:00.000Z,MCT2408040,15.528056,74.020833,18.9375,100,515.125,89.17001812499998,8.083125,4.914375000000001,3.07,8.42,3.7299999999999986,3.5,27.159206249999997
2026-08-19T23:00:00.000Z,MCT2408040,15.528056,74.020833,18.875,100,518.75,89.1824175,8.07375,4.888125,3.07,8.42,3.7299999999999986,3.5,27.20210625
2026-08-19T23:10:00.000Z,MCT2408040,15.528056,74.020833,19,100,528.5,89.20339624999997,8.172500000000001,4.91625,3.07,8.42,3.7299999999999986,3.5,27.23495375000001
2026-08-19T23:11:05.744Z,MCT2408040,15.528056,74.020833,19,100,532,89.16907,7.78,4.92,3.07,8.42,3.73,3.5,27.2497
2026-08-19T22:20:00.000Z,MCT2408046,15.529167,74.07,30.727272727272727,95.52,951.5,88.88261863636365,13.034545454545453,1.1863636363636365,5.060000000000001,15.095909090909094,7.560000000000001,3.4936363636363628,27.95804454545454
2026-08-19T22:30:00.000Z,MCT2408046,15.529167,74.07,30.68,95.52,950.48,88.4818108,12.981600000000004,1.2104000000000001,5.060000000000001,14.795200000000001,7.232400000000002,3.5248000000000004,28.0592308
2026-08-19T22:40:00.000Z,MCT2408046,15.529167,74.07,30.64,95.52,948.64,89.0628668,12.969200000000003,1.1924000000000001,5.060000000000001,14.573200000000002,7.124800000000002,3.6012,27.871327199999993
2026-08-19T22:50:00.000Z,MCT2408046,15.529167,74.07,30.6,95.52,946.72,88.23461879999996,12.965600000000002,1.1856000000000004,5.060000000000001,14.484399999999999,6.918000000000003,3.4203999999999994,28.13645
2026-08-19T23:00:00.000Z,MCT2408046,15.529167,74.07,30.6,95.52,935.68,89.29510559999999,12.9648,1.1416000000000002,5.060000000000001,14.084800000000003,6.5684,3.6635999999999997,27.760643599999998
2026-08-19T23:10:00.000Z,MCT2408046,15.529167,74.07,30.88,95.52,942.64,89.06378120000001,13.146400000000003,1.2256000000000002,5.060000000000001,14.218,6.7984,3.4344,27.8739012
2026-08-19T23:11:05.934Z,MCT2408046,15.529167,74.07,31,95.52,955.3333333333334,89.08768666666667,13.173333333333334,1.1733333333333333,5.06,14.07,6.653333333333333,3.766666666666667,27.818129999999996
2026-08-19T22:20:00.000Z,MCT2408037,15.394444,74.118333,25.285714285714285,160.14180714285712,458,86.05954714285713,10.622857142857143,4.451428571428572,4.884285714285715,19.509285714285713,10.811428571428573,3.7864285714285715,27.20143357142857
2026-08-19T22:30:00.000Z,MCT2408037,15.394444,74.118333,25.3125,164.61751875,440.8125,85.928005,10.602500000000001,5.843125,4.2299999999999995,16.9175,9.459375,4.11,27.186018749999995
2026-08-19T22:40:00.000Z,MCT2408037,15.394444,74.118333,25.625,167.3710625,429.9375,85.73726875,10.893125000000001,5.025625,4.09,16.303749999999997,8.944374999999999,4.1825,27.180656250000006
2026-08-19T22:50:00.000Z,MCT2408037,15.394444,74.118333,25.0625,166.8292375,435.125,85.830255,10.363750000000001,7.0131250000000005,4.1362499999999995,17.3775,9.834375,4.058750000000001,27.173952500000002
2026-08-19T23:00:00.000Z,MCT2408037,15.394444,74.118333,25,161.87660624999998,437.375,85.95804625,10.41375,11.741874999999999,4.5062500000000005,18.298125000000002,10.161875,3.8500000000000005,27.16255625
2026-08-19T23:10:00.000Z,MCT2408037,15.394444,74.118333,25.0625,163.28543125,438.375,85.91704,10.3925,11.513125,4.1825,17.070625,9.5525,3.718125,27.21685500000001
2026-08-19T23:11:06.003Z,MCT2408037,15.394444,74.118333,25,161.98534999999998,442,85.89606,10.62,13.85,4.46,17.58,9.365,3.9450000000000003,27.24434
2026-08-19T22:20:00.000Z,MCT2408042,15.213889,74.071667,60.785714285714285,270.95214285714286,450.14285714285717,89.76634142857145,25.815714285714282,14.572857142857144,7.345000000000001,24.365714285714287,13.666428571428568,3.826428571428572,27.83192428571429
2026-08-19T22:30:00.000Z,MCT2408042,15.213889,74.071667,61.4375,285.764375,453.9375,89.84999187499999,26.268750000000004,14.059999999999995,4.834374999999999,16.871875000000003,9.90625,3.7600000000000002,27.75579125
2026-08-19T22:40:00.000Z,MCT2408042,15.213889,74.071667,61.375,281.006875,468.625,90.04930937499999,26.26,12.946250000000003,4.720624999999999,15.330625000000003,8.655000000000001,3.678125,27.608319375
2026-08-19T22:50:00.000Z,MCT2408042,15.213889,74.071667,61.875,280.75437500000004,481.5,90.046925625,26.580000000000005,12.97875,4.606874999999999,14.875625,8.370625,3.9187499999999997,27.5198375
2026-08-19T23:00:00.000Z,MCT2408042,15.213889,74.071667,61.5,273.06500000000005,479.5625,90.19092875,26.339999999999996,13.260625,6.369999999999999,20.291875,11.046250000000002,3.9743749999999998,27.476269374999994
2026-08-19T23:10:00.000Z,MCT2408042,15.213889,74.071667,61.125,285.198125,455.5,90.01402187500003,26.099999999999998,14.051875,5.232499999999999,18.183125000000004,10.532500000000002,4.061875000000001,27.629099375000003
2026-08-19T23:11:06.027Z,MCT2408042,15.213889,74.071667,61.5,287.625,448,89.58105499999999,26.34,14.12,5.46,19.15,10.93,3.905,27.7645
2026-08-19T22:20:00.000Z,MCT2408033,15.346944,74.007778,20.714285714285715,121.93952142857144,467.35714285714283,90.36851714285716,8.714285714285715,4.866428571428571,3.0300000000000007,8.464285714285714,5.585714285714286,4.39,27.379169285714283
2026-08-19T22:30:00.000Z,MCT2408033,15.346944,74.007778,20.6875,122.6109,470.125,90.28868,8.735,4.775625,3.2581250000000006,8.974375,5.7718750000000005,4.39,27.347568125
2026-08-19T22:40:00.000Z,MCT2408033,15.346944,74.007778,20.4375,121.37776250000002,503.625,90.49228999999998,8.563125000000001,4.924999999999999,3.3350000000000004,9.520625,6.211875000000001,4.39,27.24166000000001
2026-08-19T22:50:00.000Z,MCT2408033,15.346944,74.007778,20.75,120.84700625,506.8125,90.56333937499998,8.73875,4.96875,3.4875000000000003,9.77625,6.211875,4.39,27.227578749999992
2026-08-19T23:00:00.000Z,MCT2408033,15.346944,74.007778,20.6875,116.55673125,476.75,90.62866437499999,8.731875,4.79,3.8268750000000007,10.736875,6.875625000000001,4.39,27.209478125000004
2026-08-19T23:10:00.000Z,MCT2408033,15.346944,74.007778,20.5625,117.74316875000001,473.5,90.77886999999998,8.645,4.658125000000001,4.545000000000001,12.305625,7.943750000000001,4.39,27.219535000000004
2026-08-19T23:11:06.027Z,MCT2408033,15.346944,74.007778,20,117.10175000000001,474.5,90.77505500000001,8.26,4.69,3.9400000000000004,11.024999999999999,7.06,4.39,27.233615
2026-08-19T22:20:00.000Z,MCT2408041,15.224628,74.171389,32.714285714285715,444.2479,480.35714285714283,91.50802000000002,13.684285714285712,9.700000000000001,8.090000000000002,20.25,8.900000000000002,8.032857142857143,26.638369285714283
2026-08-19T22:30:00.000Z,MCT2408041,15.224628,74.171389,32.375,443.88603750000004,470.3125,91.45311750000002,13.527499999999998,9.7,8.090000000000002,20.25,8.900000000000002,8.06,26.635018125000002
2026-08-19T22:40:00.000Z,MCT2408041,15.224628,74.171389,33,440.06706875,477.3125,91.58186500000001,13.825,9.7,8.090000000000002,20.25,8.900000000000002,8.069374999999999,26.61758875
2026-08-19T22:50:00.000Z,MCT2408041,15.224628,74.171389,32.625,446.5400375000001,476.5,91.66197249999999,13.721874999999999,9.7,8.090000000000002,20.25,8.900000000000002,8.031875000000001,26.633676875000003
2026-08-19T23:00:00.000Z,MCT2408041,15.224628,74.171389,32.75,443.06593749999996,484.25,91.59855375000002,13.813749999999997,9.7,8.090000000000002,20.25,8.900000000000002,8.030625,26.687971875000006
2026-08-19T23:10:00.000Z,MCT2408041,15.224628,74.171389,32.875,444.59747500000003,482.5625,91.52798062500003,13.808749999999998,9.7,8.090000000000002,20.25,8.900000000000002,8.006875,26.736907499999994
2026-08-19T23:11:06.028Z,MCT2408041,15.224628,74.171389,33,442.41875,471,91.47314,13.875,9.7,8.09,20.25,8.9,8.004999999999999,26.74562
2026-08-19T22:20:00.000Z,MCT2408024,15.148056,74.131667,40.54545454545455,216.23922272727276,612.5,82.47080636363637,17.489206363636367,5.383051636363637,6.134545454545455,21.217272727272732,12.12636363636364,2.5063636363636363,27.873708181818184
2026-08-19T22:30:00.000Z,MCT2408024,15.148056,74.131667,40.88,216.472092,542.24,82.4844984,17.786853600000004,5.526695999999999,6.276800000000001,21.510000000000005,12.270000000000005,2.5080000000000005,27.9472624
2026-08-19T22:40:00.000Z,MCT2408024,15.148056,74.131667,40.76,215.15103200000001,602.36,82.3975208,17.7134488,5.484560319999999,5.5988,19.350000000000005,11.270000000000003,2.5024,28.069097599999996
2026-08-19T22:50:00.000Z,MCT2408024,15.148056,74.131667,40.333333333333336,215.98611250000002,612.3333333333334,82.24094166666666,17.42218958333334,5.504750333333334,5.291666666666667,18.490000000000006,10.906666666666668,2.4987500000000002,28.1626725
2026-08-19T23:00:00.000Z,MCT2408024,15.148056,74.131667,40.76,216.20895199999998,543.68,82.22265560000004,17.698250800000004,5.484560320000001,5.08,17.750000000000004,10.590000000000002,2.4944,28.220533200000006
2026-08-19T23:10:00.000Z,MCT2408024,15.148056,74.131667,40.96,215.905652,558.28,82.13812200000002,17.8556988,5.189610560000001,5.48,19.790000000000006,11.830000000000005,2.5188,28.321782
2026-08-19T23:11:06.183Z,MCT2408024,15.148056,74.131667,41,215.6583,607,82.08899,17.69567,5.263348000000001,6.495,22.49,12.99,2.505,28.38656
2026-08-19T22:20:00.000Z,MCT2408045,15.619444,73.878889,27.785714285714285,178.11999999999995,651.5,87.42793142857143,11.558571428571426,17.342142857142857,3.3064285714285724,11.450714285714286,5.935714285714286,2.5300000000000002,27.068136428571425
2026-08-19T22:30:00.000Z,MCT2408045,15.619444,73.878889,27.9375,178.11999999999995,644.0625,87.4906,11.460624999999999,17.259999999999998,3.3968750000000014,11.374375,5.758750000000001,2.5300000000000002,27.066033125
2026-08-19T22:40:00.000Z,MCT2408045,15.619444,73.878889,27.75,178.11999999999995,627.6875,87.56212624999999,11.544375,16.9,3.2075000000000014,11.659375,6.255624999999999,2.5300000000000002,27.074747499999997
2026-08-19T22:50:00.000Z,MCT2408045,15.619444,73.878889,27.9375,178.11999999999995,605,87.67513687499999,11.621875000000001,17.445,3.1450000000000014,11.374375,6.043125000000002,2.5300000000000002,27.057318124999995
2026-08-19T23:00:00.000Z,MCT2408045,15.619444,73.878889,27.9375,178.11999999999995,594.5,87.74427812499997,11.538124999999999,17.27375,3.113750000000001,11.267500000000004,5.971875000000001,2.5300000000000002,27.064691875
2026-08-19T23:10:00.000Z,MCT2408045,15.619444,73.878889,27.6875,178.11999999999995,588.375,87.79005749999999,11.489374999999999,17.483124999999998,3.270625000000001,11.623750000000001,6.15,2.5300000000000002,27.043911874999996
2026-08-19T23:11:06.257Z,MCT2408045,15.619444,73.878889,28,178.12,588.5,87.77289,11.445,17.62,3.02,10.84,5.65,2.53,27.01375
2026-08-19T22:20:00.000Z,MCT2408032,15.525556,73.828611,35.63636363636363,215.58227272727274,612.0909090909091,77.4874231818182,15.280909090909093,18.620454545454553,10.033181818181816,31.935909090909092,17.502272727272725,2.7590909090909093,30.55010409090909
2026-08-19T22:30:00.000Z,MCT2408032,15.525556,73.828611,35.72,213.208,628.72,77.7863152,15.261600000000005,18.633200000000002,10.082799999999999,31.12,16.647599999999997,2.6223999999999994,30.419180000000004
2026-08-19T22:40:00.000Z,MCT2408032,15.525556,73.828611,35.24,210.0844,605.2,77.00079399999996,14.969600000000005,18.453200000000002,11.5636,35.8408,19.364400000000003,2.5924,30.727633600000008
2026-08-19T22:50:00.000Z,MCT2408032,15.525556,73.828611,37.44,205.142,595.92,75.8762208,15.195600000000004,18.689200000000007,16.004400000000004,47.3332,24.3484,2.4088,31.020641200000014
2026-08-19T23:00:00.000Z,MCT2408032,15.525556,73.828611,36.24,212.8464,621.72,77.3798212,15.495200000000004,18.6356,13.556399999999998,40.0516,20.836799999999997,2.5484000000000004,30.6409764
2026-08-19T23:10:00.000Z,MCT2408032,15.525556,73.828611,35.88,216.46880000000002,608.72,76.43621800000001,15.213200000000004,18.388400000000004,13.044400000000005,39.938,21.178399999999996,2.606,30.88636400000001
2026-08-19T23:11:06.287Z,MCT2408032,15.525556,73.828611,36,223.96666666666667,592.3333333333334,76.3644,15.373333333333335,18.656666666666666,8.54,27.02333333333333,14.156666666666666,2.626666666666667,30.99275666666667
2026-08-19T22:20:00.000Z,MCT2408036,15.171567,74.067106,35.714285714285715,120,458.07142857142856,91.51783142857144,10.526428571428571,7.8964285714285705,5.337857142857144,16.572142857142858,9.154285714285715,10.926428571428572,27.170791428571427
2026-08-19T22:30:00.000Z,MCT2408036,15.171567,74.067106,36.2,120,450.6666666666667,91.49349066666666,10.209333333333335,7.6240000000000006,5.438666666666666,16.717333333333332,9.186666666666667,11.064666666666666,27.241120666666667
2026-08-19T22:40:00.000Z,MCT2408036,15.171567,74.067106,36.25,120,456.125,91.20516187500002,10.175625,7.588124999999999,5.822499999999999,17.476875,9.403125000000001,11.10625,27.305339375
2026-08-19T22:50:00.000Z,MCT2408036,15.171567,74.067106,36.4,120,452.3333333333333,91.19238133333334,10.204,7.781333333333333,6.807333333333334,20.463999999999995,11.111333333333333,11.251333333333337,27.314051999999997
2026-08-19T23:00:00.000Z,MCT2408036,15.171567,74.067106,35.75,120,454.5625,91.56803624999998,10.625,7.942499999999998,6.084999999999999,18.616249999999997,10.259375,10.845625000000002,27.235625
2026-08-19T23:10:00.000Z,MCT2408036,15.171567,74.067106,36.06666666666667,120,454.06666666666666,91.59928266666665,10.642666666666665,8.067333333333332,6.069999999999999,18.508666666666667,10.131333333333334,11.012,27.22396133333333
2026-08-19T23:11:06.287Z,MCT2408036,15.171567,74.067106,35,120,450,91.57233,10.695,8.09,7.63,22.29,11.65,10.495000000000001,27.22825
2026-08-19T22:20:00.000Z,MCT2408022,15.475833,74.038889,24.357142857142858,150,432.35714285714283,90.6475357142857,4.335,11.121486428571428,5.428571428571429,18.357142857142858,10.5,4.265539571428571,26.829890000000002
2026-08-19T22:30:00.000Z,MCT2408022,15.475833,74.038889,24.4375,150,434.1875,90.71974187499997,4.3575,11.18712375,5.5625,19.125,11.0625,4.26321,26.802599375
2026-08-19T22:40:00.000Z,MCT2408022,15.475833,74.038889,24.6875,150,435.6875,90.73452249999997,4.16,11.225840625,5.875,19.6875,11.0625,4.253051437499999,26.785840000000004
2026-08-19T22:50:00.000Z,MCT2408022,15.475833,74.038889,23.25,150,436.8125,90.81892374999998,4.371874999999998,11.115023749999999,5.0625,17,9.875,4.280899937500001,26.752326249999992
2026-08-19T23:00:00.000Z,MCT2408022,15.475833,74.038889,23.1875,150,436.625,91.012519375,4.220625,11.37562625,5.1875,17.5625,10.1875,4.269801187500001,26.738919374999995
2026-08-19T23:10:00.000Z,MCT2408022,15.475833,74.038889,23.375,150,436.0625,91.07879999999997,4.311249999999999,11.276040624999998,5.375,18.3125,10.5625,4.249087562500001,26.793214374999994
2026-08-19T23:11:06.286Z,MCT2408022,15.475833,74.038889,23.5,150,432.5,91.05353,4.23,11.15964,5,18.5,11.5,4.238422,26.836785
2026-08-19T22:20:00.000Z,MCT2408031,15.290833,74.149167,23.928571428571427,212.03403571428572,484,87.97942500000002,7.6271415000000005,6.016319500000001,10.748571428571427,27.794999999999995,15,4.906428571428572,26.39092571428571
2026-08-19T22:30:00.000Z,MCT2408031,15.290833,74.149167,22.9375,144.86525,489.25,88.02466,7.3341161875,6.41590125,9.821875,25.734374999999996,14.137500000000001,4.772500000000001,26.373594375
2026-08-19T22:40:00.000Z,MCT2408031,15.290833,74.149167,18,150.0655125,495.6875,88.07424875,7.338603187500001,6.0295278125,5.893125,15.0275,7.946875,4.783125,26.381638124999995
2026-08-19T22:50:00.000Z,MCT2408031,15.290833,74.149167,21.25,140.77928125,496.5625,88.08998187499998,7.2392311875,6.028559125,8.6925,22.661875,12.409999999999998,4.591874999999999,26.40308625
2026-08-19T23:00:00.000Z,MCT2408031,15.290833,74.149167,22,140,504.5,88.076633125,7.074139499999999,6.2212614375,8.899375,23.153125000000003,12.53,4.835625,26.419173750000002
2026-08-19T23:10:00.000Z,MCT2408031,15.290833,74.149167,22.875,141.68108124999998,503.625,88.00129312500002,7.1774703125,6.281285874999999,9.403749999999997,24.78125,13.630625000000002,4.948124999999999,26.45202125
2026-08-19T23:11:06.431Z,MCT2408031,15.290833,74.149167,21.5,143.7149,499,87.97125,6.904561,6,8.095,21.52,11.905000000000001,4.845000000000001,26.47749
2026-08-19T22:20:00.000Z,MCT2408035,15.236111,74.125,47.92857142857143,190,563.3571428571429,91.26388142857145,19.694009285714284,10.211428571428574,3.7999999999999994,10.19,4.909999999999998,3.8299999999999987,26.921053571428576
2026-08-19T22:30:00.000Z,MCT2408035,15.236111,74.125,49.1875,190,569.9375,91.310545625,20.821125625,10.396250000000002,3.799999999999999,10.19,4.909999999999998,3.8299999999999987,26.925937500000003
2026-08-19T22:40:00.000Z,MCT2408035,15.236111,74.125,48.8125,190,577.5625,91.39875687500002,20.4427075,10.489375000000003,3.799999999999999,10.19,4.909999999999998,3.8299999999999987,26.899795624999996
2026-08-19T22:50:00.000Z,MCT2408035,15.236111,74.125,48.3125,190,576.8125,91.35298187500001,20.0544075,10.141250000000001,3.799999999999999,10.19,4.909999999999998,3.8299999999999987,26.925265625
2026-08-19T23:00:00.000Z,MCT2408035,15.236111,74.125,47.625,190,573.1875,91.282410625,19.443474374999997,10.315000000000003,3.799999999999999,10.19,4.909999999999998,3.8299999999999987,26.929958125
2026-08-19T23:10:00.000Z,MCT2408035,15.236111,74.125,47,190,583.75,91.30815875000002,18.929034999999995,10.123750000000001,3.799999999999999,10.19,4.909999999999998,3.8299999999999987,26.89711187499999
2026-08-19T23:11:06.513Z,MCT2408035,15.236111,74.125,46.5,190,582,91.36633,18.540734999999998,9.945,3.8,10.19,4.91,3.83,26.91186
2026-08-19T22:20:00.000Z,MCT2408038,15.188889,74.055556,27.285714285714285,404.37428571428575,660.7142857142857,91.23554428571427,9.54214285714286,13.330000000000004,9.201428571428574,27.975,14.80285714285714,4.809285714285714,27.428197857142855
2026-08-19T22:30:00.000Z,MCT2408038,15.188889,74.055556,23.375,423.88999999999993,651.875,91.35870249999999,9.850625000000003,13.330000000000005,6.311250000000001,18.576874999999998,9.3775,4.8325000000000005,27.440069999999995
2026-08-19T22:40:00.000Z,MCT2408038,15.188889,74.055556,23.25,431.59625,646.6875,91.32818625,9.845,13.330000000000005,5.950000000000002,16.900000000000002,8.036249999999999,4.823125,27.450126250000004
2026-08-19T22:50:00.000Z,MCT2408038,15.188889,74.055556,23.1875,440.34062499999993,642,91.36251624999997,9.857500000000002,13.330000000000005,5.950000000000002,16.900000000000002,7.939999999999999,4.823125,27.430687499999998
2026-08-19T23:00:00.000Z,MCT2408038,15.188889,74.055556,23.375,441.77875000000006,642.625,91.31292624999999,9.790625,13.330000000000005,5.950000000000002,16.900000000000002,7.939999999999999,4.806875000000001,27.44677375
2026-08-19T23:10:00.000Z,MCT2408038,15.188889,74.055556,23.3125,437.6950000000001,643.25,91.26238124999998,9.873750000000001,13.330000000000005,5.950000000000002,16.900000000000002,7.939999999999999,4.798125,27.415270000000003
2026-08-19T23:11:06.543Z,MCT2408038,15.188889,74.055556,23.5,428.76,650.5,91.27478,10.04,13.33,5.95,16.9,7.94,4.82,27.38913
2026-08-19T22:20:00.000Z,MCT2408039,15.163611,74.110833,29,382.14599999999996,454.46666666666664,87.18542599999999,10.096666666666666,10.3,9.019999999999998,28.94,11.759999999999998,2.3,27.11885266666667
2026-08-19T22:30:00.000Z,MCT2408039,15.163611,74.110833,29,387.53249999999997,453.125,87.29366937500001,9.915624999999999,10.3,9.019999999999998,28.94,11.759999999999998,2.3,27.135743125
2026-08-19T22:40:00.000Z,MCT2408039,15.163611,74.110833,29,385.52562500000005,449.5625,87.28699312500001,10.215,10.3,9.019999999999998,28.94,11.759999999999998,2.3,27.22087625
2026-08-19T22:50:00.000Z,MCT2408039,15.163611,74.110833,29,395.94066666666663,448.6666666666667,87.15134800000001,9.68,10.3,9.019999999999998,28.94,11.759999999999998,2.3,27.304757333333335
2026-08-19T23:00:00.000Z,MCT2408039,15.163611,74.110833,29,389.91125,449.6875,87.17016625000002,10.192499999999997,10.3,9.019999999999998,28.94,11.759999999999998,2.3,27.316733125000003
2026-08-19T23:10:00.000Z,MCT2408039,15.163611,74.110833,29,388.32374999999996,450.0625,87.17255250000001,10.378124999999997,10.3,9.019999999999998,28.94,11.759999999999998,2.3,27.344216874999997
2026-08-19T23:11:06.542Z,MCT2408039,15.163611,74.110833,29,380.255,454,87.12820500000001,11.35,10.3,9.02,28.94,11.76,2.3,27.362315000000002
2026-08-19T22:20:00.000Z,MCT2408026,15.2467,74.198281,31.047619047619047,125,486.04761904761904,85.93892857142856,13.446458095238096,12.5,4.730000000000002,14.55571428571428,7.756190476190476,2.2447619047619045,28.27369095238095
2026-08-19T22:30:00.000Z,MCT2408026,15.2467,74.198281,31,127.08214583333334,490.9166666666667,86.30518458333331,13.431779166666665,12.5,4.730000000000003,14.509999999999996,7.710000000000001,2.08625,28.135412499999997
2026-08-19T22:40:00.000Z,MCT2408026,15.2467,74.198281,31.083333333333332,125,492.875,86.66281083333335,13.333601666666668,12.5,4.730000000000003,14.509999999999996,7.710000000000001,2.1333333333333333,28.11128041666666
2026-08-19T22:50:00.000Z,MCT2408026,15.2467,74.198281,31,125,498.68,86.93152,13.3934096,12.5,4.730000000000003,14.509999999999996,7.710000000000001,2.0831999999999997,28.040782800000002
2026-08-19T23:00:00.000Z,MCT2408026,15.2467,74.198281,31,125,504.8333333333333,86.84146333333335,13.46414625,12.5,4.730000000000003,14.589999999999996,7.790833333333335,2.05625,28.099215416666663
2026-08-19T23:10:00.000Z,MCT2408026,15.2467,74.198281,31.083333333333332,125,499.25,86.82811625000001,13.498801250000001,12.5,4.730000000000003,14.509999999999996,7.710000000000001,2.0808333333333335,28.109492916666664
2026-08-19T23:11:06.543Z,MCT2408026,15.2467,74.198281,31,125,501.6666666666667,87.16762,13.454996666666666,12.5,4.73,14.51,7.71,2.013333333333333,28.03620666666667
2026-08-19T23:30:00.000Z,MCT2408020,15.543475,74.039433,22.142857142857142,180,490.42857142857144,89.25626142857143,9.449200285714285,19.257535714285716,5.57,18.24142857142857,9.821428571428571,3.66,27.62507714285714
2026-08-19T23:40:00.000Z,MCT2408020,15.543475,74.039433,21.8125,180,471.9375,89.37362937500002,9.2662823125,19.540755625,5.5699999999999985,17.126875000000005,8.708749999999998,3.6599999999999984,27.584859999999992
2026-08-19T23:50:00.000Z,MCT2408020,15.543475,74.039433,21.625,180,474.625,89.58248499999999,9.305036,19.583086249999997,5.5699999999999985,17.126250000000002,8.70875,3.6599999999999984,27.52721375
2026-08-20T00:00:00.000Z,MCT2408020,15.543475,74.039433,21.75,180,477.8125,89.55339812499999,9.27902675,19.572985624999998,5.5699999999999985,17.00875,8.5925,3.6599999999999984,27.594914375000005
2026-08-20T00:10:00.000Z,MCT2408020,15.543475,74.039433,21.75,180,466.4375,89.04795124999998,9.3791619375,19.153990625000002,5.5699999999999985,16.660000000000004,8.243749999999999,3.6599999999999984,27.671999375000002
2026-08-20T00:20:00.000Z,MCT2408020,15.543475,74.039433,21.625,180,468.125,89.30448812499998,9.235851437500001,19.535704999999993,5.5699999999999985,16.953125,8.534374999999997,3.6599999999999984,27.6022875
2026-08-20T00:25:11.387Z,MCT2408020,15.543475,74.039433,23.75,180,466.875,89.35217,9.083698,19.2330075,7.307500000000001,22.135,11.49875,3.66,27.59960625
2026-08-19T23:30:00.000Z,MCT2408028,15.186944,74.096667,41.583333333333336,552.3100000000001,492.0833333333333,92.39502833333334,18.130833333333335,12.309166666666664,7.656666666666666,26.930833333333336,16.236666666666665,1.21,26.669646666666665
2026-08-19T23:40:00.000Z,MCT2408028,15.186944,74.096667,40.88,549.4052,485.72,92.33343519999998,17.6544,12.3504,8.230000000000002,28.95520000000001,17.377200000000002,1.1167999999999998,26.664965199999997
2026-08-19T23:50:00.000Z,MCT2408028,15.186944,74.096667,41.16,546.9488,490.4,92.3312988,17.736400000000003,12.205200000000001,7.990000000000002,28.676800000000007,17.378,1.01,26.642227199999997
2026-08-20T00:00:00.000Z,MCT2408028,15.186944,74.096667,41.36,549.0924,502.72,92.3865348,17.8976,12.098799999999999,8.270000000000003,29.034800000000008,17.377200000000002,1.1088,26.640512400000002
2026-08-20T00:10:00.000Z,MCT2408028,15.186944,74.096667,41.166666666666664,549.5104166666666,495,92.3556108333333,17.79166666666667,12.149166666666666,11.152916666666663,38.075416666666676,22.117916666666662,1.1724999999999999,26.61289583333333
2026-08-20T00:20:00.000Z,MCT2408028,15.186944,74.096667,41,545.9964000000001,479.92,92.41949520000001,17.6628,12.443999999999996,12.465200000000003,42.83560000000001,24.933200000000006,1.098,26.552138799999994
2026-08-20T00:25:11.387Z,MCT2408028,15.186944,74.096667,41.38461538461539,546.1592307692307,478.46153846153845,92.31237692307693,17.91846153846154,12.109230769230768,10.836153846153847,37.86076923076923,22.405384615384612,0.933076923076923,26.562467692307692
2026-08-19T23:30:00.000Z,MCT2408057,15.272222,74.104722,29.75,324.3733333333334,477.0833333333333,83.60660083333332,12.275,8.945833333333335,3.775833333333333,11.920833333333334,6.550000000000002,2.186666666666667,28.945162499999995
2026-08-19T23:40:00.000Z,MCT2408057,15.272222,74.104722,30,339.09759999999994,481.44,83.9124148,12.492799999999997,8.754400000000002,3.3875999999999995,11.058800000000002,6.2208000000000006,2.2428000000000003,28.85546160000001
2026-08-19T23:50:00.000Z,MCT2408057,15.272222,74.104722,29.88,332.1551999999998,483.08,84.4064948,12.2992,8.747200000000003,3.6251999999999986,11.376000000000001,6.264400000000003,2.2184,28.7765228
2026-08-20T00:00:00.000Z,MCT2408057,15.272222,74.104722,29.68,313.6495999999999,493.08,84.50384600000001,12.224399999999997,8.871200000000002,4.268,13.140799999999999,7.262799999999998,2.2364000000000006,28.75936319999999
2026-08-20T00:10:00.000Z,MCT2408057,15.272222,74.104722,29.96,339.7279999999999,492.16,84.5206292,12.535599999999999,8.778800000000002,3.3867999999999996,10.674400000000002,5.887600000000001,2.1576000000000004,28.707023199999995
2026-08-20T00:20:00.000Z,MCT2408057,15.272222,74.104722,30,340.98538461538453,500.03846153846155,84.51337653846157,12.514999999999997,8.771538461538466,3.256923076923076,10.30769230769231,5.703461538461538,2.177307692307692,28.657985769230756
2026-08-20T00:25:11.439Z,MCT2408057,15.272222,74.104722,30,332.1258333333334,493.5833333333333,84.529125,12.44,8.710833333333333,3.5774999999999992,11.825833333333334,6.735833333333335,2.289166666666667,28.667200000000005
2026-08-19T23:30:00.000Z,MCT2408056,15.579167,73.920833,18.125,180,691.5,90.55380375000001,6.86,12.21332125,4.8075,15.366249999999999,9.02125,1.6437500000000003,27.307349999999996
2026-08-19T23:40:00.000Z,MCT2408056,15.579167,73.920833,18.8125,180,699,90.602916875,6.9275,11.8094185,5.1012499999999985,16.505,9.664375000000001,1.5824999999999998,27.30667875
2026-08-19T23:50:00.000Z,MCT2408056,15.579167,73.920833,19.9375,180,678,90.736430625,6.88375,11.1726815625,5.629999999999999,18.498125,10.720625000000002,1.5724999999999998,27.283887500000002
2026-08-20T00:00:00.000Z,MCT2408056,15.579167,73.920833,19.875,180,662.5625,90.69637750000001,6.906249999999999,11.222564187499998,5.571249999999999,18.499999999999996,10.8375,1.6300000000000001,27.303998124999996
2026-08-20T00:10:00.000Z,MCT2408056,15.579167,73.920833,19.5625,180,650.75,90.81653875,6.9175,10.891724875,5.16,17.929375,11.012500000000001,1.62625,27.248360624999997
2026-08-20T00:20:00.000Z,MCT2408056,15.579167,73.920833,19.5625,180,648.9375,90.91047687500001,6.901250000000001,10.610768375,5.16,17.93,10.954375,1.614375,27.184006249999996
2026-08-20T00:25:11.438Z,MCT2408056,15.579167,73.920833,18.75,180,650,90.84944125,6.9725,10.8186615,4.925,16.503750000000004,9.9575,1.6112500000000003,27.21618375
2026-08-19T23:30:00.000Z,MCT2408055,15.585833,73.885556,19.125,102.59875000000001,810.75,90.05312375000001,8.26875,7.5375000000000005,4.4625,14.063749999999999,8.18,1.2075,26.968166249999996
2026-08-19T23:40:00.000Z,MCT2408055,15.585833,73.885556,19.3125,102.73750000000001,824.75,90.11653999999999,8.54875,7.7162500000000005,4.855000000000001,14.597499999999997,8.35,1.3718749999999997,26.937331874999998
2026-08-19T23:50:00.000Z,MCT2408055,15.585833,73.885556,19.4,102.49866666666667,826.0666666666667,90.09985,8.551333333333334,7.980666666666665,4.013333333333334,12.544,7.362666666666665,1.2666666666666666,26.96727199999999
2026-08-20T00:00:00.000Z,MCT2408055,15.585833,73.885556,19.5,103.29062499999999,828.9375,90.05836687499999,8.62875,7.463125000000001,4.5931250000000015,14.022499999999997,8.01,1.5056249999999998,26.993638125000004
2026-08-20T00:10:00.000Z,MCT2408055,15.585833,73.885556,19.5,105.65499999999999,804.9375,90.23575124999999,8.594375,7.191875000000001,4.853125000000001,15.379374999999998,9.157500000000002,1.4206250000000002,26.923254374999996
2026-08-20T00:20:00.000Z,MCT2408055,15.585833,73.885556,19.3125,104.05499999999999,818.3125,90.3892925,8.481875000000002,7.700625000000002,5.245,15.789999999999996,9.158749999999998,1.501875,26.814664999999998
2026-08-20T00:25:11.493Z,MCT2408055,15.585833,73.885556,19.444444444444443,102.78888888888888,820.5555555555555,90.4168977777778,8.506666666666668,7.136666666666667,4.974444444444444,15.132222222222222,8.784444444444444,1.3877777777777778,26.815931111111112
2026-08-19T23:30:00.000Z,MCT2408053,15.263333,74.110833,42.57142857142857,181.88064285714285,797.8571428571429,93.47532000000001,18.154285714285717,27.46857142857143,4.589999999999999,13.194285714285714,7.414285714285714,6.322857142857144,26.485154285714284
2026-08-19T23:40:00.000Z,MCT2408053,15.263333,74.110833,39,165.82066874999998,783.5,93.54404812499999,15.153749999999999,29.225625,5.566249999999999,17.621249999999996,10.78625,6.216875,26.469450625
2026-08-19T23:50:00.000Z,MCT2408053,15.263333,74.110833,40.0625,137.94763125,795.9375,93.55501499999998,15.195625000000003,28.125625,11.364374999999999,37.249375,23.405625000000004,6.284375,26.507656875000002
2026-08-20T00:00:00.000Z,MCT2408053,15.263333,74.110833,43.0625,171.03322500000002,802.75,93.38049250000002,18.65875,30.171875,8.66625,30.02,19.458749999999995,6.262499999999999,26.54318375
2026-08-20T00:10:00.000Z,MCT2408053,15.263333,74.110833,40.375,121.658925,842.25,93.25413,15.5825,30.248749999999998,16.183750000000003,54.448750000000004,34.475,6.156249999999999,26.51436
2026-08-20T00:20:00.000Z,MCT2408053,15.263333,74.110833,39,128.92241874999996,829.1875,93.29037125,14.967500000000001,30.83,12.85625,43.32812500000001,27.636249999999997,6.108125,26.452690625000002
2026-08-20T00:25:11.645Z,MCT2408053,15.263333,74.110833,38.666666666666664,123.96646666666668,822.6666666666666,93.50086777777776,14.602222222222224,28.974444444444444,14.89777777777778,48.17999999999999,29.704444444444448,5.848888888888888,26.440551111111112
2026-08-19T23:30:00.000Z,MCT2408052,15.444425,74.063856,16.75,160,630.375,90.78554625,3.5299123750000003,8,5.5625,16.25,8.11,2,27.3904675
2026-08-19T23:40:00.000Z,MCT2408052,15.444425,74.063856,16.375,160,610.6875,90.89855499999999,3.5819739375,8,5.415624999999999,15.948750000000002,7.959999999999999,2,27.387116875000007
2026-08-19T23:50:00.000Z,MCT2408052,15.444425,74.063856,16.3125,160,569.3125,90.75836624999998,3.6413160000000007,8,5.330624999999999,15.905000000000001,8.003125,2,27.435378749999998
2026-08-20T00:00:00.000Z,MCT2408052,15.444425,74.063856,16,160.0141625,575.8125,90.60911562499999,3.8853946875000003,8.214003187500001,5.185,15.236874999999998,7.485000000000001,2,27.479619375
2026-08-20T00:10:00.000Z,MCT2408052,15.444425,74.063856,16,160,553.4375,90.66681187499998,3.804780750000001,8.03243675,5.164374999999999,15.323125000000001,7.593125,2,27.43269749999999
2026-08-20T00:20:00.000Z,MCT2408052,15.444425,74.063856,16,160,538.0625,90.87328312499999,4.168289562500001,8.8688025,5.2262499999999985,15.431250000000002,7.635000000000001,2,27.409235624999997
2026-08-20T00:25:11.646Z,MCT2408052,15.444425,74.063856,16.5,160,588.75,90.89712249999998,3.81131575,8.016613875000001,5.60375,16.29375,7.98125,2,27.425325
2026-08-19T23:30:00.000Z,MCT2408043,15.221111,74.087222,33,188.86000000000004,564,87.81212285714284,14.271428571428572,10.35,8.141428571428571,28.50714285714286,16.834285714285716,5.29,27.019877142857148
2026-08-19T23:40:00.000Z,MCT2408043,15.221111,74.087222,33,196.70937500000005,566.9375,87.74189312500003,14.263124999999997,10.5225,7.122499999999999,25.025625,14.650000000000002,5.290000000000001,27.046593124999998
2026-08-19T23:50:00.000Z,MCT2408043,15.221111,74.087222,33.6875,181.01125,569.5625,87.70756125000003,14.25875,10.520625,8.31,27.760625,15.7725,5.290000000000001,27.084800625
2026-08-20T00:00:00.000Z,MCT2408043,15.221111,74.087222,38.53333333333333,171.70666666666665,569,87.70625866666667,14.275333333333329,10.52266666666667,14.439333333333332,46.434,25.109333333333332,5.290000000000001,27.108126666666674
2026-08-20T00:10:00.000Z,MCT2408043,15.221111,74.087222,36.625,190.02937500000002,554.875,87.76144375000001,14.268749999999997,10.483125,12.744375000000002,42.405,23.78,5.290000000000001,27.059329374999997
2026-08-20T00:20:00.000Z,MCT2408043,15.221111,74.087222,33,185.281875,553.0625,87.79196187500001,14.279375,10.466875000000003,9.500000000000002,33.151250000000005,19.456875,5.290000000000001,27.039219375000002
2026-08-20T00:25:11.699Z,MCT2408043,15.221111,74.087222,35.25,171.66750000000002,556.5,87.68896625000001,14.2375,10.50375,13.138750000000002,43.13,23.860000000000003,5.29,27.08211875
2026-08-19T23:30:00.000Z,MCT2408021,15.500556,74.053333,49.375,375,561,90.14181750000002,21.15625,14.235261249999999,5.711250000000001,18.045,11.607499999999998,4.2025,27.062009999999997
2026-08-19T23:40:00.000Z,MCT2408021,15.500556,74.053333,49,375,559.6875,90.35305312500003,20.841874999999998,14.221837500000001,5.801249999999999,18.994375,12.468750000000004,4.233125000000001,27.013076874999996
2026-08-19T23:50:00.000Z,MCT2408021,15.500556,74.053333,226.0625,1074.383125,570.625,90.2419525,20.966250000000002,14.078474374999997,79.521875,300.135625,214.701875,2.9199999999999995,27.016427500000002
2026-08-20T00:00:00.000Z,MCT2408021,15.500556,74.053333,299.6875,2367.5456249999997,570.5625,90.086979375,20.773125000000004,13.987665,117.855625,394.67375,263.30375,1.9250000000000007,27.06134
2026-08-20T00:10:00.000Z,MCT2408021,15.500556,74.053333,134.375,2153.27875,558.5625,90.00782374999999,20.866874999999997,14.044782499999998,62.08374999999999,192.90874999999997,122.26187499999997,2.9525,27.069383749999997
2026-08-20T00:20:00.000Z,MCT2408021,15.500556,74.053333,49.666666666666664,432.44533333333334,544.4666666666667,90.11663800000001,20.990000000000002,14.162802000000001,12.285999999999998,36.52133333333333,22.350000000000005,3.9906666666666655,27.03162266666666
2026-08-20T00:25:11.698Z,MCT2408021,15.500556,74.053333,49.22222222222222,375,541.8888888888889,90.19564555555556,20.987777777777776,14.172753333333334,4.76111111111111,14.976666666666667,9.683333333333334,4.096666666666668,27.003019999999996
2026-08-19T23:30:00.000Z,MCT2408050,15.553611,73.958333,27.875,86.02999999999999,591.375,92.95133999999999,11.692499999999999,3.86,5.196249999999999,16.958750000000002,9.0375,2.6475000000000004,26.72953375
2026-08-19T23:40:00.000Z,MCT2408050,15.553611,73.958333,27.875,86.02999999999999,580.9375,92.88791937499997,11.573125000000001,4.000625,4.665,15.726249999999999,8.76875,2.735625,26.710764375
2026-08-19T23:50:00.000Z,MCT2408050,15.553611,73.958333,27.75,86.02999999999999,597.25,93.06530312499999,11.48375,4.011875000000001,4.718125000000001,15.780000000000001,8.71625,2.8099999999999996,26.670542500000007
2026-08-20T00:00:00.000Z,MCT2408050,15.553611,73.958333,27.6875,86.02999999999999,587.4375,93.11251062499998,11.341875,3.9693750000000003,5.62125,18.408749999999998,10.154375000000002,2.571875,26.682610625000002
2026-08-20T00:10:00.000Z,MCT2408050,15.553611,73.958333,27.6875,86.02999999999999,571.1875,93.08008437499998,11.388125,4.08125,5.993124999999999,19.158749999999998,10.422500000000003,2.58375,26.676576875000002
2026-08-20T00:20:00.000Z,MCT2408050,15.553611,73.958333,27.6,86.02999999999999,561.3333333333334,92.92018666666665,11.480000000000002,4.025333333333334,5.826666666666668,19.69333333333333,11.173333333333334,2.6866666666666665,26.70987
2026-08-20T00:25:11.746Z,MCT2408050,15.553611,73.958333,27.77777777777778,86.02999999999999,584,92.86762888888887,11.466666666666667,3.947777777777778,5.562222222222222,18.985555555555557,10.682222222222224,2.4555555555555557,26.71582777777778
2026-08-19T23:30:00.000Z,MCT2408030,15.142519,74.075003,27,169.5472125,432.875,84.13271624999999,8.808750000000002,6.200000000000001,9.37,24.64,12.31,4.01875,27.43470875
2026-08-19T23:40:00.000Z,MCT2408030,15.142519,74.075003,27,170.57126666666665,433.6666666666667,84.09602933333332,8.605333333333332,6.200000000000002,9.370000000000001,24.639999999999993,12.31,4.244000000000001,27.447042
2026-08-19T23:50:00.000Z,MCT2408030,15.142519,74.075003,27.25,168.08055,432.0625,84.01636499999998,8.70625,6.200000000000002,9.42875,25.32375,12.9,4.270625,27.460180000000005
2026-08-20T00:00:00.000Z,MCT2408030,15.142519,74.075003,31.3125,164.23149375000003,431,83.87522312500002,8.763124999999999,6.200000000000002,10.601875000000001,33.3025,19.348124999999996,4.34375,27.466214375000003
2026-08-20T00:10:00.000Z,MCT2408030,15.142519,74.075003,29.666666666666668,164.25250666666668,430.3333333333333,83.81272133333333,8.767333333333335,6.200000000000002,10.184666666666665,30.41533333333334,16.97666666666667,4.503333333333333,27.433457333333326
2026-08-20T00:20:00.000Z,MCT2408030,15.142519,74.075003,29.125,163,432.4375,83.82562874999998,8.625624999999998,6.200000000000002,9.898750000000001,29.309375,16.211875,4.225,27.432028125
2026-08-20T00:25:11.902Z,MCT2408030,15.142519,74.075003,33.375,163,431.375,83.83993500000001,8.46875,6.200000000000001,12.182500000000001,37.52375,21.182499999999997,4.3375,27.488334999999996
2026-08-19T23:30:00.000Z,MCT2408034,15.356389,74.123611,28.166666666666668,180,472.3333333333333,77.70526666666667,7.702500000000001,5.7825,7.441666666666667,23.915833333333328,13.126666666666665,1.5166666666666666,30.709438333333328
2026-08-19T23:40:00.000Z,MCT2408034,15.356389,74.123611,27.28,182.249688,482,77.73779359999999,7.709599999999998,5.3836,6.925999999999998,22.545199999999994,12.488399999999999,1.5148,30.721628400000004
2026-08-19T23:50:00.000Z,MCT2408034,15.356389,74.123611,26.958333333333332,193.42284166666664,483.375,77.7500883333333,7.7275,5.166666666666667,6.455833333333332,21.922499999999996,12.464166666666666,1.5354166666666664,30.737144583333333
2026-08-20T00:00:00.000Z,MCT2408034,15.356389,74.123611,26.44,197.83293999999998,480.48,77.8088988,7.3431999999999995,4.7052,6.379999999999998,20.9312,11.5512,1.5171999999999997,30.749943600000005
2026-08-20T00:10:00.000Z,MCT2408034,15.356389,74.123611,36.875,184.5490166666667,480.9166666666667,77.63787166666667,7.550416666666666,5.476666666666666,13.594583333333333,42.24125,22.23,1.3641666666666665,30.78585416666667
2026-08-20T00:20:00.000Z,MCT2408034,15.356389,74.123611,36,184.02758799999995,491.84,77.71978799999998,7.312399999999998,5.797199999999999,13.197200000000002,40.852000000000004,21.4904,1.4276,30.767962000000015
2026-08-20T00:25:11.902Z,MCT2408034,15.356389,74.123611,40.07692307692308,181.4380769230769,497.38461538461536,77.74258076923076,7.305384615384616,5.179230769230769,15.774615384615386,49.197692307692314,26.036923076923074,1.225384615384615,30.75020615384615
2026-08-19T23:30:00.000Z,MCT2408029,15.333611,74.206944,13.285714285714286,142.0200857142857,473.14285714285717,92.86823285714287,3.9728571428571438,7.437142857142858,2.9400000000000004,8.752857142857144,4.792857142857144,4.094285714285714,27.033665714285714
2026-08-19T23:40:00.000Z,MCT2408029,15.333611,74.206944,12.3125,148.37625,471.125,92.76537312499998,3.3500000000000005,7.24875,2.9399999999999995,9.14125,5.1825,3.5,27.071393749999995
2026-08-19T23:50:00.000Z,MCT2408029,15.333611,74.206944,12.25,146.57745,474.875,93.08628437499998,3.2068749999999993,7.378125000000001,2.9399999999999995,9.0325,5.073125,3.5,26.9936375
2026-08-20T00:00:00.000Z,MCT2408029,15.333611,74.206944,12.266666666666667,143.6895,482.6666666666667,92.99037599999998,2.966,7.381333333333333,2.9399999999999995,9.095333333333334,5.136666666666667,3.5,27.036627333333332
2026-08-20T00:10:00.000Z,MCT2408029,15.333611,74.206944,12,151.1922625,483.5625,93.05195187499997,2.372499999999999,7.1675,2.9399999999999995,8.85125,4.892499999999999,3.5,27.03653750000001
2026-08-20T00:20:00.000Z,MCT2408029,15.333611,74.206944,15.3125,171.35125,479.375,93.182604375,2.51875,7.2025,6.323749999999999,19.148125,10.405,3.5,27.03050625
2026-08-20T00:25:11.956Z,MCT2408029,15.333611,74.206944,13.75,171.11026249999998,473.375,92.96182875000001,2.8600000000000003,7.182499999999999,5.2212499999999995,16.69,9.486249999999998,3.5,27.102227500000005
2026-08-19T23:30:00.000Z,MCT2408023,15.499722,74.020833,24.857142857142858,235.73999999999998,455.7142857142857,91.57451,7.902857142857143,18.00142857142857,6.339999999999999,20.985714285714288,13.878571428571428,5.017142857142858,26.51732714285714
2026-08-19T23:40:00.000Z,MCT2408023,15.499722,74.020833,23.5,241.115,447.5625,91.55325500000002,7.915000000000001,18.581875000000004,6.340000000000002,19.63125,12.325000000000001,5.14625,26.51704
2026-08-19T23:50:00.000Z,MCT2408023,15.499722,74.020833,23.625,232.80375000000004,454.1875,91.58186500000001,8.005625,18.269375,6.418750000000002,19.868125,12.415625000000002,5.167500000000001,26.519722500000007
2026-08-20T00:00:00.000Z,MCT2408023,15.499722,74.020833,24.6875,237.815625,457.3125,91.59187750000001,7.563125,17.814999999999998,6.654999999999999,21.45,13.684375000000001,4.8100000000000005,26.5391625
2026-08-20T00:10:00.000Z,MCT2408023,15.499722,74.020833,24.25,223.1225,454.9375,91.63193000000003,7.665000000000001,18.4725,6.498125000000002,20.581249999999997,13.140625,4.762499999999999,26.553909375
2026-08-20T00:20:00.000Z,MCT2408023,15.499722,74.020833,35.5,166.47562499999998,469.5625,91.63145250000001,7.5600000000000005,17.634375,11.326875,39.260625,26.4625,4.9275,26.521063125000005
2026-08-20T00:25:11.955Z,MCT2408023,15.499722,74.020833,39.875,162.97375000000002,480.5,91.68963000000001,7.16625,17.8125,13.465,47.0175,31.718750000000004,4.7875,26.513689999999997
2026-08-19T23:30:00.000Z,MCT2408027,15.275556,74.1075,20.75,1149.15,690.25,91.76306,6.579999999999999,12.715000000000003,6.409999999999999,19.83875,10.6225,2.9499999999999997,26.965484999999997
2026-08-19T23:40:00.000Z,MCT2408027,15.275556,74.1075,20.125,1156.1525,692.75,91.81789687500002,6.579999999999999,12.651250000000003,5.9175,18.481875000000002,9.880624999999998,2.9500000000000006,26.948726875000006
2026-08-19T23:50:00.000Z,MCT2408027,15.275556,74.1075,19.3125,1155.4656250000003,669.625,91.90372812500001,6.579999999999999,12.626875000000004,5.3012500000000005,17.06625,9.44875,2.9500000000000006,26.966155624999995
2026-08-20T00:00:00.000Z,MCT2408027,15.275556,74.1075,19.8125,1147.5406249999999,689.3125,91.75400250000001,6.579999999999999,12.712500000000004,5.548125000000001,17.741875,9.695625,2.9500000000000006,27.007715
2026-08-20T00:10:00.000Z,MCT2408027,15.275556,74.1075,19.4375,1149.7693749999999,672.3125,91.75543187499997,6.579999999999999,12.678125000000003,5.239375,17.065,9.572499999999998,2.9500000000000006,26.984923749999997
2026-08-20T00:20:00.000Z,MCT2408027,15.275556,74.1075,19.625,1153.280625,675,91.8212375,6.579999999999999,12.653750000000004,5.363125,17.3725,9.633125,2.9500000000000006,26.931300625000006
2026-08-20T00:25:12.000Z,MCT2408027,15.275556,74.1075,19,1149.39375,694.25,91.83363499999999,6.579999999999999,12.592500000000001,5.05375,16.265,9.13875,2.9499999999999997,26.92660875
2026-08-19T23:30:00.000Z,MCT2408040,15.528056,74.020833,18.875,100,531.625,89.21198125000001,7.996250000000001,4.86625,3.07,8.42,3.73,3.5,27.33014
2026-08-19T23:40:00.000Z,MCT2408040,15.528056,74.020833,19.125,100,530.625,89.17145249999999,8.174375000000001,4.9225,3.07,8.42,3.7299999999999986,3.5,27.330808750000006
2026-08-19T23:50:00.000Z,MCT2408040,15.528056,74.020833,19.125,100,532.75,89.17097499999998,8.28625,4.886875000000001,3.07,8.42,3.7299999999999986,3.5,27.340194375000003
2026-08-20T00:00:00.000Z,MCT2408040,15.528056,74.020833,18.875,100,532.3125,89.13950250000003,8.040625,4.929375,3.07,8.42,3.7299999999999986,3.5,27.38175375
2026-08-20T00:10:00.000Z,MCT2408040,15.528056,74.020833,19.0625,100,528.4375,89.13282687499999,8.213750000000001,4.90375,3.07,8.42,3.7299999999999986,3.5,27.384435000000003
2026-08-20T00:20:00.000Z,MCT2408040,15.528056,74.020833,19,100,502.5,89.13282749999998,8.1925,4.8725000000000005,3.07,8.42,3.7299999999999986,3.5,27.375051250000006
2026-08-20T00:25:12.160Z,MCT2408040,15.528056,74.020833,19,100,497,89.11184500000002,8.04875,4.8925,3.07,8.42,3.73,3.5,27.390469999999997
2026-08-19T23:30:00.000Z,MCT2408049,15.475278,74.055833,56.5,150,501.625,88.22969624999999,24.072499999999998,11.88375,4.215,14.169999999999998,8.055,2.61,27.689428750000005
2026-08-19T23:40:00.000Z,MCT2408049,15.475278,74.055833,56.6875,150.464575,494.875,88.27452125000002,24.2275,12.311874999999999,4.4556249999999995,14.793750000000001,8.200625,2.61,27.684734999999996
2026-08-19T23:50:00.000Z,MCT2408049,15.475278,74.055833,56.875,150,500.375,88.15912625000001,24.368750000000002,11.09625,4.166874999999999,13.741874999999995,7.722499999999998,2.61,27.729646874999997
2026-08-20T00:00:00.000Z,MCT2408049,15.475278,74.055833,56.3125,150,507.8125,87.983650625,23.88125,11.466874999999998,4.070625,13.166875,7.338749999999999,2.61,27.785285624999997
2026-08-20T00:10:00.000Z,MCT2408049,15.475278,74.055833,56.5625,150.26898749999998,502.25,87.98317312500001,24.21875,11.916249999999998,4.31125,14.603124999999999,8.296875,2.61,27.777241250000003
2026-08-20T00:20:00.000Z,MCT2408049,15.475278,74.055833,56.6875,150.28876875,512.75,88.14958937500003,24.2175,11.612499999999999,4.4556249999999995,14.314375,7.76875,2.61,27.781933749999993
2026-08-20T00:25:12.161Z,MCT2408049,15.475278,74.055833,56.75,150,522.625,88.25640125000001,24.192499999999995,11.487499999999999,6.612500000000001,20.299999999999997,10.9325,2.61,27.7993625
2026-08-19T23:30:00.000Z,MCT2408044,15.313669,74.140042,25.857142857142858,214.29,490.42857142857144,94.67531142857145,10.782857142857143,3.32,2.8700000000000006,7.5,4.32,4.460622571428572,26.21856
2026-08-19T23:40:00.000Z,MCT2408044,15.313669,74.140042,25.533333333333335,214.29,475.53333333333336,94.39164133333334,10.709333333333332,3.360666666666667,2.8699999999999997,7.5,4.320000000000001,4.125384666666667,26.370242666666666
2026-08-19T23:50:00.000Z,MCT2408044,15.313669,74.140042,25.571428571428573,214.29,483.42857142857144,94.25678357142856,10.713571428571425,3.474285714285714,2.87,7.5,4.32,3.6347985,26.42003642857143
2026-08-20T00:00:00.000Z,MCT2408044,15.313669,74.140042,25.625,214.29,481.5625,94.19588437499999,10.830625000000001,3.32,2.8699999999999997,7.5,4.32,3.7543270000000004,26.464756875
2026-08-20T00:10:00.000Z,MCT2408044,15.313669,74.140042,25.733333333333334,214.29,475.1333333333333,94.24820866666666,10.8,3.32,2.8699999999999997,7.5,4.320000000000001,4.185726399999999,26.438883333333326
2026-08-20T00:20:00.000Z,MCT2408044,15.313669,74.140042,25.6,214.29,462.46666666666664,93.84741266666667,10.744000000000002,3.342,2.8699999999999997,7.5,4.320000000000001,4.1176922,26.54398866666666
2026-08-20T00:25:12.212Z,MCT2408044,15.313669,74.140042,25.625,214.29,468.5,93.73907374999999,10.73875,3.32,2.8700000000000006,7.5,4.32,4.310737,26.54854375
2026-08-19T23:30:00.000Z,MCT2408037,15.394444,74.118333,25,160.6755285714286,447.14285714285717,85.95491000000001,10.427142857142854,13.31,4.78,18.924285714285713,10.382857142857144,3.8842857142857143,27.260429999999992
2026-08-19T23:40:00.000Z,MCT2408037,15.394444,74.118333,24.875,160,447.8125,86.0777325,10.096875,12.874375,5.203125000000001,19.779375,10.630625000000002,4.046875,27.236294375000007
2026-08-19T23:50:00.000Z,MCT2408037,15.394444,74.118333,25,160,455.125,86.13829125,10.330000000000002,13.981874999999999,5.808750000000001,21.975625,11.896250000000002,4.005,27.23361437500001
2026-08-20T00:00:00.000Z,MCT2408037,15.394444,74.118333,25,160,468.6875,85.99333124999998,10.244375000000002,13.21,5.201875,19.625625,10.443125,3.7725000000000004,27.301986874999997
2026-08-20T00:10:00.000Z,MCT2408037,15.394444,74.118333,25.125,160,470.75,85.9780725,10.4325,14.38125,5.993125,21.414374999999996,11.099375000000002,3.754375,27.279196874999997
2026-08-20T00:20:00.000Z,MCT2408037,15.394444,74.118333,25.1875,160,470.6875,86.02432937499998,10.498125,14.424999999999999,5.761250000000001,20.596249999999998,10.724375,3.7537500000000006,27.220874999999996
2026-08-20T00:25:12.253Z,MCT2408037,15.394444,74.118333,25.22222222222222,160,466.22222222222223,85.98761,10.585555555555556,14.50111111111111,7.184444444444444,26.98555555555556,14.489999999999997,3.73,27.199647777777773
2026-08-19T23:30:00.000Z,MCT2408041,15.224628,74.171389,32.875,442.23355,497.75,91.41592500000002,13.654999999999998,9.700000000000001,8.090000000000002,20.25,8.9,7.97,26.71612875
2026-08-19T23:40:00.000Z,MCT2408041,15.224628,74.171389,32.6875,440.7416625,500.125,91.51367687500002,13.660625,9.7,8.090000000000002,20.25,8.900000000000002,7.896875,26.658478750000004
2026-08-19T23:50:00.000Z,MCT2408041,15.224628,74.171389,32.5,418.67344999999995,512.8125,91.57376000000002,13.626249999999999,9.7,8.090000000000002,20.25,8.900000000000002,7.9475,26.641720000000003
2026-08-20T00:00:00.000Z,MCT2408041,15.224628,74.171389,32.6875,425.9750374999999,512.375,91.502709375,13.659374999999997,9.7,8.090000000000002,20.25,8.900000000000002,7.878749999999999,26.695346250000004
2026-08-20T00:10:00.000Z,MCT2408041,15.224628,74.171389,32.6875,423.0914375,508.375,91.40972500000001,13.73125,9.7,8.090000000000002,20.300625,8.950625000000002,7.965625000000001,26.697358750000003
2026-08-20T00:20:00.000Z,MCT2408041,15.224628,74.171389,32.875,436.206525,511.3125,91.44501000000004,13.795624999999998,9.7,8.090000000000002,20.25,8.900000000000002,8.043750000000001,26.64574125
2026-08-20T00:25:12.416Z,MCT2408041,15.224628,74.171389,32.875,438.6469875,507.625,91.55230125,13.8875,9.700000000000001,8.090000000000002,20.25,8.9,8,26.6088725
2026-08-19T23:30:00.000Z,MCT2408042,15.213889,74.071667,61,291.535,444.75,88.55680749999999,26.02,14.14125,5.1187499999999995,17.67,10.247499999999999,4.0125,27.969621249999996
2026-08-19T23:40:00.000Z,MCT2408042,15.213889,74.071667,60.875,292.226875,436.625,88.38943812499998,25.936874999999997,14.249375000000002,4.948124999999999,18.64125,11.445000000000002,3.9768749999999997,27.995765625
2026-08-19T23:50:00.000Z,MCT2408042,15.213889,74.071667,61.0625,283.489375,442,88.21396187499998,26.06,13.986875,5.004999999999998,17.78375,10.531875,4.184375,28.017215000000004
2026-08-20T00:00:00.000Z,MCT2408042,15.213889,74.071667,61,273.813125,439.5,87.97316000000001,26.016875000000002,14.336875000000003,6.654375,22.115625,12.5275,4.199375000000001,28.086257500000002
2026-08-20T00:10:00.000Z,MCT2408042,15.213889,74.071667,61.4375,291.29249999999996,437.25,87.50347500000002,26.299999999999994,14.205625,4.834374999999999,17.326874999999998,10.36125,4.22,28.154629375000003
2026-08-20T00:20:00.000Z,MCT2408042,15.213889,74.071667,61.3125,285.811875,437.3125,87.41478375,26.22,13.880625000000002,5.1187499999999995,18.411250000000003,10.930625000000003,4.35875,28.12580625
2026-08-20T00:25:12.416Z,MCT2408042,15.213889,74.071667,61.25,257.04875,439,87.71185250000002,26.180000000000003,13.3225,5.005,17.66875,10.36125,3.9874999999999994,28.03799375
2026-08-19T23:30:00.000Z,MCT2408033,15.346944,74.007778,20.25,115.60512499999999,508.5,90.80175875,8.41625,4.91125,4.393750000000001,11.79375,7.5024999999999995,4.39,27.244339999999998
2026-08-19T23:40:00.000Z,MCT2408033,15.346944,74.007778,20.1875,113.81226249999999,480,90.86469874999997,8.335,4.688124999999999,5.150625,13.620625,8.565,4.39,27.25640562499999
2026-08-19T23:50:00.000Z,MCT2408033,15.346944,74.007778,20.375,113.51249999999999,472.6875,90.82321499999998,8.41375,4.678749999999999,5.529375000000001,14.422500000000003,8.97125,4.39,27.26243937499999
2026-08-20T00:00:00.000Z,MCT2408033,15.346944,74.007778,20.375,112.74657499999999,483.3125,90.5762125,8.485000000000001,4.59375,6.55375,17.34,10.808749999999998,4.39,27.295284374999994
2026-08-20T00:10:00.000Z,MCT2408033,15.346944,74.007778,20.625,111.37614375,466.1875,90.66061374999998,8.61875,4.75375,7.423124999999999,19.13375,11.615625,4.39,27.262439375000003
2026-08-20T00:20:00.000Z,MCT2408033,15.346944,74.007778,19.875,111.44301874999998,491.8125,90.75645812499998,8.155000000000001,4.739374999999999,6.8187500000000005,17.37125,10.440624999999999,4.39,27.238978125000006
2026-08-20T00:25:12.464Z,MCT2408033,15.346944,74.007778,19.875,113.9366625,504.375,90.70353250000001,8.11875,4.723750000000001,5.680000000000001,14.678749999999999,8.96875,4.39,27.234955000000003
2026-08-19T23:30:00.000Z,MCT2408024,15.148056,74.131667,40.583333333333336,216.86025833333335,583.3333333333334,81.69925416666668,17.603375000000003,5,5.915833333333334,20.823333333333338,12.073333333333332,2.4949999999999997,28.520624166666664
2026-08-19T23:40:00.000Z,MCT2408024,15.148056,74.131667,40.76,215.79158800000002,492.56,81.50793399999999,17.7658048,5.1685427200000005,5.798800000000001,20.510000000000005,12.030000000000005,2.5047999999999995,28.52770119999999
2026-08-19T23:50:00.000Z,MCT2408024,15.148056,74.131667,40.56,217.65973999999997,595.08,81.69867040000003,17.510409200000005,5.4213568,6.4752,22.190000000000005,12.710000000000004,2.5176000000000003,28.391281199999995
2026-08-20T00:00:00.000Z,MCT2408024,15.148056,74.131667,40.458333333333336,217.55730833333334,603.75,81.86169624999998,17.461608750000003,5.329185000000001,6.621249999999999,22.364166666666673,12.656250000000005,2.534166666666667,28.307910833333338
2026-08-20T00:10:00.000Z,MCT2408024,15.148056,74.131667,46.84,208.26740799999996,604.64,82.02002080000003,17.441868000000003,5.25281408,24.62120000000001,73.63640000000002,38.2488,2.5043999999999995,28.24455879999999
2026-08-20T00:20:00.000Z,MCT2408024,15.148056,74.131667,40.6,212.35039200000003,602.32,82.0874632,17.582521600000003,5.12640704,10.231200000000003,32.18160000000001,17.506000000000007,2.5100000000000002,28.1827832
2026-08-20T00:25:12.506Z,MCT2408024,15.148056,74.131667,40.46153846153846,215.4433846153846,494.61538461538464,81.89414692307693,17.52966307692308,5.121545230769231,5.844615384615385,20.60538461538462,12.066923076923077,2.5161538461538457,28.259507692307693
2026-08-19T23:30:00.000Z,MCT2408045,15.619444,73.878889,27.714285714285715,178.12000000000003,600.1428571428571,87.79686857142859,11.374285714285714,17.25,3.0914285714285716,11.084285714285713,5.814285714285714,2.53,26.9923
2026-08-19T23:40:00.000Z,MCT2408045,15.619444,73.878889,27.8125,178.11999999999995,589.25,87.93787249999998,11.5825,17.042500000000004,6.166250000000002,20.814999999999998,10.671875,2.5300000000000002,26.9902875
2026-08-19T23:50:00.000Z,MCT2408045,15.619444,73.878889,27.5625,178.11999999999995,568.4375,87.86157999999999,11.263125,17.3325,4.875000000000001,16.575625,8.659375,2.5300000000000002,27.046593749999996
2026-08-20T00:00:00.000Z,MCT2408045,15.619444,73.878889,28.0625,178.11999999999995,570.4375,87.62745312499999,11.838749999999997,17.343125,3.5862500000000015,12.906250000000002,7.069375000000001,2.5300000000000002,27.088153125000005
2026-08-20T00:10:00.000Z,MCT2408045,15.619444,73.878889,28.125,178.29749999999996,574.9375,87.54448374999998,11.893125000000001,17.236874999999998,3.3012500000000014,12.051249999999998,6.538124999999999,2.5300000000000002,27.034528125
2026-08-20T00:20:00.000Z,MCT2408045,15.619444,73.878889,27.75,178.35999999999993,584.4375,87.63365249999997,11.460625,17.296875,3.051250000000001,10.982500000000002,5.759375000000001,2.5300000000000002,26.9923
2026-08-20T00:25:12.673Z,MCT2408045,15.619444,73.878889,28.25,178.44874999999996,584.25,87.61743875,12.0125,17.263749999999998,3.27,11.41,5.935,2.53,26.981571250000002
2026-08-19T23:30:00.000Z,MCT2408022,15.475833,74.038889,24,150,446.875,91.00298249999999,4.51125,11.216241250000001,5.875,19.5,10.875,4.21017725,26.902475000000003
2026-08-19T23:40:00.000Z,MCT2408022,15.475833,74.038889,24.75,150,440.125,90.96912624999999,4.109375,11.136923125,6.125,21.0625,12.1875,4.242026500000001,26.909179374999994
2026-08-19T23:50:00.000Z,MCT2408022,15.475833,74.038889,26.466666666666665,150,438.1333333333333,91.06166666666667,4.108666666666666,11.284940666666666,7.2,24.333333333333332,14.066666666666666,4.2702656,26.86788866666667
2026-08-20T00:00:00.000Z,MCT2408022,15.475833,74.038889,26.6875,150,436.6875,91.052099375,4.0424999999999995,11.317959375,7.5625,24.9375,14.1875,4.276392125,26.907167500000003
2026-08-20T00:10:00.000Z,MCT2408022,15.475833,74.038889,26.6875,150,441.625,91.09453625,4.281874999999999,11.281375624999999,7.25,24.75,14.5,4.2154315,26.943366250000008
2026-08-20T00:20:00.000Z,MCT2408022,15.475833,74.038889,25.625,150,440.5625,91.12552812499999,4.477499999999999,11.120105624999999,6.8125,23.125,13.3125,4.226143125,26.962803124999994
2026-08-20T00:25:12.674Z,MCT2408022,15.475833,74.038889,25.25,150,444,91.1546175,4.10625,11.24560875,6.75,22.125,12.375,4.2726218750000005,26.97487125
2026-08-19T23:30:00.000Z,MCT2408032,15.525556,73.828611,38.666666666666664,210.90583333333336,592.25,74.92943666666667,15.04,18.456666666666663,17.561666666666664,50.3725,25.00833333333333,2.6675,31.1330775
2026-08-19T23:40:00.000Z,MCT2408032,15.525556,73.828611,42.12,212.80480000000003,614.16,74.9860236,15.074000000000003,18.442000000000004,20.445200000000003,57.1192,27.463599999999996,2.7303999999999995,31.079844800000004
2026-08-19T23:50:00.000Z,MCT2408032,15.525556,73.828611,45.083333333333336,218.38041666666663,597.0416666666666,72.95914666666667,15.313333333333338,18.808333333333334,22.66291666666667,63.231249999999996,30.730833333333326,2.780416666666667,31.764518333333342
2026-08-20T00:00:00.000Z,MCT2408032,15.525556,73.828611,38.26923076923077,221.6926923076923,594.1153846153846,71.69423153846157,15.395384615384618,19.322692307692304,16.648461538461543,48.41307692307693,24.554230769230774,2.7249999999999996,32.1952073076923
2026-08-20T00:10:00.000Z,MCT2408032,15.525556,73.828611,36.48,228.56079999999997,586.76,72.9706416,15.473600000000001,19.281999999999996,14.978800000000003,43.977199999999996,22.3664,2.8323999999999994,31.718203199999998
2026-08-20T00:20:00.000Z,MCT2408032,15.525556,73.828611,38.36,224.8956,596,74.52215560000002,15.436400000000006,18.855200000000004,16.744,49.0976,24.916000000000004,3.1812,31.276756400000007
2026-08-20T00:25:12.714Z,MCT2408032,15.525556,73.828611,36.53846153846154,223.6853846153846,598.3076923076923,75.53533999999999,14.81076923076923,19.126153846153848,13.801538461538463,42.11923076923077,22.21461538461538,2.976923076923077,31.063706923076925
2026-08-19T23:30:00.000Z,MCT2408046,15.529167,74.07,30.916666666666668,95.52,928,88.57206583333334,13.180833333333334,1.1133333333333333,5.0600000000000005,14.07,6.6025,3.6916666666666664,27.97543333333333
2026-08-19T23:40:00.000Z,MCT2408046,15.529167,74.07,30.88,95.52,930.32,88.39605760000002,13.134400000000003,1.1184000000000003,5.060000000000001,14.1292,6.616400000000002,3.5588000000000006,28.04421599999999
2026-08-19T23:50:00.000Z,MCT2408046,15.529167,74.07,30.84,95.52,929.64,88.22668399999996,13.144400000000003,1.13,5.060000000000001,14.129199999999996,6.616800000000001,3.5848,28.127441599999997
2026-08-20T00:00:00.000Z,MCT2408046,15.529167,74.07,30.8,95.52,928.2,88.72351,13.096400000000001,1.1612000000000002,5.060000000000001,14.0848,6.677600000000001,3.6731999999999996,27.982868399999997
2026-08-20T00:10:00.000Z,MCT2408046,15.529167,74.07,30.84,95.52,930.64,88.62921120000001,13.091600000000003,1.1424000000000005,5.060000000000001,14.2624,6.798000000000002,3.6068000000000002,28.01504239999999
2026-08-20T00:20:00.000Z,MCT2408046,15.529167,74.07,30.76,95.52,924.92,89.40740960000001,13.123600000000001,1.1420000000000001,5.060000000000001,14.395599999999996,6.894400000000002,3.7272000000000007,27.684708800000006
2026-08-20T00:25:12.726Z,MCT2408046,15.529167,74.07,30.615384615384617,95.52,924.7692307692307,89.83751923076922,12.87846153846154,1.0061538461538464,5.0600000000000005,14.696153846153846,7.094615384615385,3.6815384615384614,27.496378461538463
2026-08-19T23:30:00.000Z,MCT2408036,15.171567,74.067106,36.42857142857143,120,452.42857142857144,91.78704,10.968571428571428,8,6.991428571428571,20.77,11.144285714285715,11.315714285714288,27.09801428571428
2026-08-19T23:40:00.000Z,MCT2408036,15.171567,74.067106,35.875,120,459.6875,91.81074375000003,10.754999999999999,8.275625,6.941250000000001,20.580000000000002,10.986875000000001,10.892500000000002,27.066032499999995
2026-08-19T23:50:00.000Z,MCT2408036,15.171567,74.067106,36.2,120,464.06666666666666,91.85766666666667,10.706666666666665,8.277333333333335,4.981999999999999,15.467333333333334,8.645333333333332,11.013333333333334,27.052357999999995
2026-08-20T00:00:00.000Z,MCT2408036,15.171567,74.067106,35.86666666666667,120,457.8,91.85563133333332,10.895333333333332,8.239333333333335,5.404000000000001,16.48,8.984,10.904666666666664,27.04449266666667
2026-08-20T00:10:00.000Z,MCT2408036,15.171567,74.067106,36.0625,120,461.25,91.73540437499999,10.80625,8.213124999999998,7.138124999999998,20.86625,11.018125000000005,11.003125,27.029166249999996
2026-08-20T00:20:00.000Z,MCT2408036,15.171567,74.067106,35.733333333333334,120,457.06666666666666,91.52298866666668,10.83,8.137999999999998,6.420666666666665,19.081999999999997,10.165333333333331,10.834000000000001,27.04663866666666
2026-08-20T00:25:12.758Z,MCT2408036,15.171567,74.067106,36.875,120,451.625,91.63908250000001,10.67375,8.338750000000001,4.867500000000001,14.944999999999999,8.29625,11.506250000000001,27.03788125
2026-08-19T23:30:00.000Z,MCT2408031,15.290833,74.149167,28.875,140,506.75,88.09332124999999,7.424514250000001,6.41590125,14.046249999999999,37.445,20.95375,4.8325000000000005,26.44129625
2026-08-19T23:40:00.000Z,MCT2408031,15.290833,74.149167,19.9375,171.38976875,508.625,88.11668750000003,7.0168653125,6.595292687500001,6.935000000000002,18.233125,10.031249999999998,4.819375,26.437273750000003
2026-08-19T23:50:00.000Z,MCT2408031,15.290833,74.149167,27.625,182.53821250000001,496.8125,88.11430375,7.043258937500001,6.8165541874999995,13.065,34.26562499999999,18.809374999999996,4.6175,26.450009374999997
2026-08-20T00:00:00.000Z,MCT2408031,15.290833,74.149167,20.625,150.76486250000002,499.6875,88.0828325,7.2128376875,6.222230124999999,7.619999999999998,19.810625000000005,10.744374999999998,4.78375,26.477491875000002
2026-08-20T00:10:00.000Z,MCT2408031,15.290833,74.149167,19.9375,168.30696875,500.4375,88.002246875,6.990471812500001,6.458739874999999,7.081875,18.531875,10.148125,4.855,26.517711875000003
2026-08-20T00:20:00.000Z,MCT2408031,15.290833,74.149167,21.8125,149.40514375,505.1875,88.046118125,7.160050562499999,6.1038317499999994,8.601875,22.555624999999996,12.321250000000001,4.849999999999999,26.483524999999997
2026-08-20T00:25:12.931Z,MCT2408031,15.290833,74.149167,19.875,149.28615,507.625,88.04373499999998,7.358266375,6,7.14375,18.425,9.881249999999998,4.925000000000001,26.456042500000002
2026-08-19T23:30:00.000Z,MCT2408035,15.236111,74.125,47.125,190,587.875,91.27191875,19.0452925,10.76,3.8000000000000003,10.19,4.91,3.829999999999999,26.843488750000002
2026-08-19T23:40:00.000Z,MCT2408035,15.236111,74.125,48.5,190,593.9375,91.34583062500002,20.19042875,10.488750000000003,3.799999999999999,10.19,4.909999999999998,3.8299999999999987,26.80260062500001
2026-08-19T23:50:00.000Z,MCT2408035,15.236111,74.125,48.8125,190,601.5,91.34106250000002,20.442707499999997,10.618125000000001,3.799999999999999,10.19,4.909999999999998,3.8299999999999987,26.787851875000005
2026-08-20T00:00:00.000Z,MCT2408035,15.236111,74.125,47.625,190,601.875,91.29242437500001,19.413828749999997,10.544375000000002,3.799999999999999,10.19,4.909999999999998,3.8299999999999987,26.81399374999999
2026-08-20T00:10:00.000Z,MCT2408035,15.236111,74.125,48.375,190,606.75,91.28384062500002,20.044525625,10.626875000000002,3.799999999999999,10.19,4.909999999999998,3.8299999999999987,26.79656625
2026-08-20T00:20:00.000Z,MCT2408035,15.236111,74.125,48.125,190,605.375,91.286224375,19.812010625,10.644375,3.799999999999999,10.19,4.909999999999998,3.8299999999999987,26.734226249999995
2026-08-20T00:25:12.930Z,MCT2408035,15.236111,74.125,48.625,190,600.625,91.452165,20.2869225,10.42625,3.8000000000000003,10.19,4.91,3.829999999999999,26.68662875
2026-08-19T23:30:00.000Z,MCT2408039,15.163611,74.110833,29,388.76857142857136,452,87.17343857142858,10.172857142857143,10.299999999999999,9.019999999999998,28.94,11.760000000000002,2.3000000000000003,27.327840000000002
2026-08-19T23:40:00.000Z,MCT2408039,15.163611,74.110833,29,388.23125,448.75,87.18733312500002,9.628124999999999,10.3,9.019999999999998,28.94,11.759999999999998,2.3,27.314053125000004
2026-08-19T23:50:00.000Z,MCT2408039,15.163611,74.110833,32.4375,326.556875,459.625,87.26934875000002,9.881875,10.3,10.604375000000003,35.464999999999996,15.179374999999997,2.3,27.273832499999997
2026-08-20T00:00:00.000Z,MCT2408039,15.163611,74.110833,29.875,342.41625000000005,455.9375,87.12391562500002,9.521874999999998,10.3,9.23125,30.490624999999998,12.831874999999997,2.3,27.318073749999996
2026-08-20T00:10:00.000Z,MCT2408039,15.163611,74.110833,29,365.76499999999993,444.625,86.98658437500002,10.216249999999999,10.3,9.019999999999998,28.94,11.816249999999998,2.3,27.339523750000005
2026-08-20T00:20:00.000Z,MCT2408039,15.163611,74.110833,29,376.36437499999994,463,87.00804125000002,9.371874999999998,10.3,9.019999999999998,28.94,11.759999999999998,2.3,27.294612500000003
2026-08-20T00:25:12.966Z,MCT2408039,15.163611,74.110833,29,356.58666666666676,460.3333333333333,87.08115666666666,9.323333333333332,10.299999999999999,9.019999999999998,28.940000000000005,11.760000000000002,2.3000000000000003,27.24851222222222
2026-08-19T23:30:00.000Z,MCT2408038,15.188889,74.055556,31.625,388.22125,646.75,91.393035,9.745000000000001,13.33,12.622499999999999,37.40125,19.222499999999997,4.788749999999999,27.319415000000003
2026-08-19T23:40:00.000Z,MCT2408038,15.188889,74.055556,38.875,336.1025,640.625,91.34630750000001,9.72,13.330000000000005,17.768124999999994,51.75249999999999,26.0075,4.798750000000001,27.318073124999998
2026-08-19T23:50:00.000Z,MCT2408038,15.188889,74.055556,41.8125,269.95625,652,91.344875,9.848125000000001,13.330000000000005,19.509999999999998,56.72062499999999,28.522499999999997,4.8256250000000005,27.342873749999995
2026-08-20T00:00:00.000Z,MCT2408038,15.188889,74.055556,41.75,245.52249999999998,658.9375,91.18418187500002,9.723750000000003,13.330000000000005,19.626249999999995,56.84499999999998,28.419375000000006,4.835000000000001,27.37974375000001
2026-08-20T00:10:00.000Z,MCT2408038,15.188889,74.055556,41.9375,300.18812499999996,657.8125,91.07832437499998,9.738750000000001,13.330000000000005,19.54875,57.03187499999999,28.695625000000003,4.83125,27.34488625000001
2026-08-20T00:20:00.000Z,MCT2408038,15.188889,74.055556,43.875,351.23374999999993,640.5625,91.22852624999997,9.714375,13.330000000000005,20.6725,60.75999999999999,30.795000000000005,4.851249999999999,27.303328125000004
2026-08-20T00:25:12.979Z,MCT2408038,15.188889,74.055556,41.75,344.31250000000006,640,91.23567624999998,9.645,13.33,19.665,57.03374999999999,28.592500000000005,4.81125,27.33013875
2026-08-19T23:30:00.000Z,MCT2408026,15.2467,74.198281,31,125,506,86.40375818181818,13.414375454545455,12.5,4.730000000000001,14.597272727272726,7.798181818181817,2.110909090909091,28.198382727272726
2026-08-19T23:40:00.000Z,MCT2408026,15.2467,74.198281,31.083333333333332,125,512.2083333333334,86.56553708333335,13.40143125,12.5,4.730000000000003,14.67,7.871666666666667,2.18875,28.13094333333333
2026-08-19T23:50:00.000Z,MCT2408026,15.2467,74.198281,31.2,125,506.2,86.74719280000001,13.5679576,12.5,4.918000000000003,16.2472,9.0632,2.2012,28.115856399999995
2026-08-20T00:00:00.000Z,MCT2408026,15.2467,74.198281,31.041666666666668,125,511.0833333333333,86.82843333333334,13.461858333333332,12.5,5.043333333333336,16.12,8.676666666666668,2.0883333333333334,28.080447499999995
2026-08-20T00:10:00.000Z,MCT2408026,15.2467,74.198281,31.04,125,522.28,86.02178840000002,13.5291976,12.5,4.842800000000003,15.6668,8.638800000000002,2.1364,28.2788788
2026-08-20T00:20:00.000Z,MCT2408026,15.2467,74.198281,31.041666666666668,125,516.2083333333334,86.16467666666665,13.493348750000004,12.5,5.594166666666669,19.02,10.727916666666665,2.2325000000000004,28.210041666666665
2026-08-20T00:25:13.010Z,MCT2408026,15.2467,74.198281,31,125.28676923076924,517.1538461538462,86.55453153846155,13.489860769230772,12.5,6.109230769230771,20.533846153846152,11.49769230769231,2.071538461538462,28.118429999999993
