time,device_id,latitude,longitude,aqi,co,co2,hum,no2,o3,pm1,pm10,pm25,so2,temp
2026-07-26T18:30:00.000Z,MCT2408028,15.186944,74.096667,41.52,659.6691999999999,494.52,94.16601519999999,17.961600000000004,12.283199999999995,8.710000000000003,29.870000000000008,17.57599999999999,1.7320000000000002,26.656813999999994
2026-07-26T18:40:00.000Z,MCT2408028,15.186944,74.096667,41.48,659.1580000000001,497.4,94.43395840000002,17.929199999999994,12.348799999999994,8.030000000000003,27.642800000000012,16.4232,1.8419999999999996,26.537980799999996
2026-07-26T18:47:50.493Z,MCT2408028,15.186944,74.096667,41.68421052631579,655.2931578947369,508.6842105263158,94.39198999999999,18.121052631578948,12.316842105263154,8.832105263157894,29.464210526315785,17.00578947368421,2.057894736842105,26.483701578947368
2026-07-26T18:30:00.000Z,MCT2408020,15.543475,74.039433,22.5,180,723.5625,87.75238374999999,9.0881195,19.2532075,5.6274999999999995,18.581875,10.10375,3.6599999999999984,28.404661875000002
2026-07-26T18:40:00.000Z,MCT2408020,15.543475,74.039433,22.8125,180,728.3125,87.90545000000003,9.32051175,19.416884375,5.5699999999999985,18.64,10.219999999999999,3.6599999999999984,28.34299125
2026-07-26T18:47:50.492Z,MCT2408020,15.543475,74.039433,22.75,180,727.0833333333334,87.936285,9.351505583333333,19.497584166666666,5.57,19.3375,10.917500000000002,3.659999999999999,28.31148666666667
2026-07-26T18:30:00.000Z,MCT2408056,15.579167,73.920833,22.625,180,746.4375,89.0236325,6.798125,10.484301499999997,5.453749999999999,19.696249999999996,12.242500000000001,1.5799999999999998,28.247802500000002
2026-07-26T18:40:00.000Z,MCT2408056,15.579167,73.920833,23.0625,180,757.3125,88.99883687500001,7.010000000000001,10.647006750000001,6.1,21.291249999999998,12.945000000000002,1.5599999999999998,28.259868749999992
2026-07-26T18:47:50.506Z,MCT2408056,15.579167,73.920833,22,180,750.3076923076923,89.16672153846154,6.295384615384614,22.989706000000005,5.485384615384616,19.056923076923077,11.534615384615385,2.1276923076923073,28.252082307692298
2026-07-26T18:30:00.000Z,MCT2408057,15.272222,74.104722,28.96,342.184,578.44,85.97815040000002,12.4352,9.262799999999997,2.9799999999999995,9.477200000000003,5.400400000000001,2.0003999999999995,28.320494000000007
2026-07-26T18:40:00.000Z,MCT2408057,15.272222,74.104722,28.68,340.1364,592.32,86.2662352,12.232399999999995,9.227999999999998,2.9799999999999995,9.047199999999998,4.980000000000002,1.8976000000000002,28.277593599999996
2026-07-26T18:47:50.509Z,MCT2408057,15.272222,74.104722,28.75,344.379,591.5,85.79229749999999,12.291,9.315499999999998,2.9799999999999986,9.6125,5.5325000000000015,1.8939999999999997,28.451984500000002
2026-07-26T18:30:00.000Z,MCT2408055,15.585833,73.885556,19.5625,102.946875,673.5625,86.973708125,8.643125,25.0870725,5.288125000000002,16.694374999999997,9.925624999999998,1.1062500000000002,28.395277499999995
2026-07-26T18:40:00.000Z,MCT2408055,15.585833,73.885556,19.25,104.72562500000001,672.3125,87.12629562500003,8.469375000000001,25.386453125,4.461875000000001,14.679374999999999,8.86,1.2393750000000001,28.373155000000008
2026-07-26T18:47:50.521Z,MCT2408055,15.585833,73.885556,19.416666666666668,105.40499999999997,669.4166666666666,87.50904000000001,8.538333333333334,25.227419166666667,4.491666666666666,14.691666666666665,8.86,1.3025,28.302548333333334
2026-07-26T18:30:00.000Z,MCT2408052,15.444425,74.063856,32.625,160,614.8125,88.04659312500002,3.6127631875000006,8,11.852499999999997,33.46875,15.921874999999998,2,28.144574375
2026-07-26T18:40:00.000Z,MCT2408052,15.444425,74.063856,31.25,160,647.375,87.920709375,3.7394737500000006,8,10.911249999999999,30.624999999999993,14.541250000000002,2,28.105696249999998
2026-07-26T18:47:50.702Z,MCT2408052,15.444425,74.063856,32.07692307692308,160,611.3846153846154,88.10975615384615,3.657004076923078,8,11.423846153846153,32.14692307692307,15.266153846153847,2,28.018607692307686
2026-07-26T18:30:00.000Z,MCT2408021,15.500556,74.053333,48.75,375,610.75,88.408034375,21.425625000000004,14.783007500000002,2.86,8.858750000000002,5.414375000000001,4.235,27.788638125000002
2026-07-26T18:40:00.000Z,MCT2408021,15.500556,74.053333,48.8,375,616.8666666666667,88.37459333333335,21.427333333333333,14.687354666666664,2.86,8.667333333333334,5.204666666666667,4.213333333333334,27.759497333333332
2026-07-26T18:47:50.702Z,MCT2408021,15.500556,74.053333,48.76923076923077,375,598.1538461538462,88.37619538461537,21.464615384615385,14.665609230769233,2.86,8.061538461538461,4.5430769230769235,4.195384615384615,27.73397769230769
2026-07-26T18:30:00.000Z,MCT2408043,15.221111,74.087222,57,172.44500000000002,688.125,86.14353625,24.360625,33.35625,7.599374999999999,26.55375,15.370000000000003,5.290000000000001,27.596925625000004
2026-07-26T18:40:00.000Z,MCT2408043,15.221111,74.087222,57,193.638125,679.5625,86.164516875,24.368125,33.75000000000001,6.568124999999998,22.771874999999998,13.21,5.290000000000001,27.564749999999997
2026-07-26T18:47:50.709Z,MCT2408043,15.221111,74.087222,56.916666666666664,195.41666666666666,692.1666666666666,86.42375750000001,24.301666666666666,33.39333333333334,6.541666666666665,23.49666666666667,13.983333333333334,5.29,27.528553333333335
2026-07-26T18:30:00.000Z,MCT2408053,15.263333,74.110833,44.25,220.94032500000006,642.4375,92.926544375,18.713125,22.956875,4.590000000000002,11.791249999999996,5.78125,6.661249999999999,26.637026875
2026-07-26T18:40:00.000Z,MCT2408053,15.263333,74.110833,43.125,208.78659374999998,614.75,93.05767625,17.59875,22.134999999999998,4.590000000000002,11.669999999999996,5.64,6.4712499999999995,26.585412499999997
2026-07-26T18:47:50.702Z,MCT2408053,15.263333,74.110833,43.92307692307692,228.04314615384615,641.7692307692307,93.15395846153845,18.31153846153846,24.119999999999997,4.590000000000002,11.893846153846154,5.90076923076923,6.514615384615386,26.517916923076918
2026-07-26T18:30:00.000Z,MCT2408051,15.486528,74.033889,52.0625,390.18125,659.625,96.33449937500004,22.11625,5.1899999999999995,3.7299999999999986,10.569999999999997,4.980000000000002,4.39,27.07206625
2026-07-26T18:40:00.000Z,MCT2408051,15.486528,74.033889,51.92307692307692,384.5561538461539,656.5384615384615,96.27907769230771,22.028461538461535,5.1899999999999995,3.729999999999999,10.569999999999997,4.980000000000002,4.39,27.04427307692308
2026-07-26T18:47:50.713Z,MCT2408051,15.486528,74.033889,52.166666666666664,383.7808333333334,653.3333333333334,96.22308083333336,22.185000000000002,5.1899999999999995,3.729999999999999,10.569999999999999,4.980000000000001,4.39,27.020002500000004
2026-07-26T18:30:00.000Z,MCT2408050,15.553611,73.958333,27.625,86.02999999999999,537.0625,90.926686875,11.320000000000002,4.159375,4.505625000000002,15.940625000000002,9.30375,2.0156250000000004,27.617703749999997
2026-07-26T18:40:00.000Z,MCT2408050,15.553611,73.958333,27.375,86.02999999999999,531.625,90.78125312499998,11.206875000000002,4.279375,4.7181250000000015,17.549374999999998,10.475000000000001,2.2456250000000004,27.684065
2026-07-26T18:47:50.901Z,MCT2408050,15.553611,73.958333,27.307692307692307,86.02999999999999,529.4615384615385,90.76947923076922,11.193846153846152,4.107692307692307,4.566923076923078,16.183846153846154,9.422307692307694,2.283846153846154,27.686127692307693
2026-07-26T18:30:00.000Z,MCT2408034,15.356389,74.123611,41.8,180.80896399999997,467.88,78.93621879999999,15.7004,4.288399999999998,6.379999999999998,19.881199999999996,10.501199999999999,1.2543999999999997,30.7173396
2026-07-26T18:40:00.000Z,MCT2408034,15.356389,74.123611,43.16,180.086164,471.84,78.78851280000002,16.802,5.312,6.379999999999998,18.981999999999996,9.601999999999999,1.3876,30.64054799999999
2026-07-26T18:47:50.901Z,MCT2408034,15.356389,74.123611,41.95,185.40574999999998,474.75,78.89875750000002,15.825,4.622499999999999,6.379999999999998,18.850999999999996,9.471,1.295,30.5541025
2026-07-26T18:30:00.000Z,MCT2408023,15.499722,74.020833,41.266666666666666,239.71866666666668,486.26666666666665,86.11425733333333,10.421333333333331,20.12333333333333,11.745999999999999,40.78,27.453333333333333,5.424000000000001,28.432322000000003
2026-07-26T18:40:00.000Z,MCT2408023,15.499722,74.020833,41.1875,234.60812499999997,488.3125,86.19884749999997,9.99375,20.3325,11.961874999999997,40.843125,27.1875,5.425625,28.382541250000003
2026-07-26T18:47:50.908Z,MCT2408023,15.499722,74.020833,37.30769230769231,236.4946153846154,485.61538461538464,86.16719461538462,10.06076923076923,19.99076923076923,9.066153846153846,32.73307692307692,22.75384615384616,5.396923076923078,28.37418846153847
2026-07-26T18:30:00.000Z,MCT2408027,15.275556,74.1075,25.6875,1172.5143750000002,593.0625,89.73459374999999,6.579999999999999,12.696875000000002,4.9300000000000015,14.911249999999999,8.03125,2.9500000000000006,27.3696875
2026-07-26T18:40:00.000Z,MCT2408027,15.275556,74.1075,25.5,1181.224375,581.3125,89.93057749999998,6.579999999999999,12.702500000000004,4.9300000000000015,15.218124999999999,8.338125,2.9500000000000006,27.3348325
2026-07-26T18:47:51.101Z,MCT2408027,15.275556,74.1075,25,1181.0941666666668,604,90.09794416666666,6.579999999999999,12.696666666666667,4.93,14.54,7.659999999999999,2.9499999999999997,27.28456
2026-07-26T18:30:00.000Z,MCT2408040,15.528056,74.020833,18.625,100,461.75,85.37916312500003,7.711875000000001,4.545624999999999,3.3025,9.582499999999998,4.555,3.5,28.928849999999997
2026-07-26T18:40:00.000Z,MCT2408040,15.528056,74.020833,18.8125,100,454.25,85.210840625,7.9731250000000005,4.636875,3.07,8.42,3.7299999999999986,3.5,28.874553749999997
2026-07-26T18:47:51.101Z,MCT2408040,15.528056,74.020833,18.75,100,457.1666666666667,84.99769416666666,7.960000000000001,4.675833333333334,3.0816666666666666,9.501666666666667,4.74,3.5,28.913879999999995
2026-07-26T18:30:00.000Z,MCT2408049,15.475278,74.055833,56.1875,150,511.8125,86.78297312499998,23.893124999999998,10.9125,6.131249999999999,18.577499999999997,10.068750000000001,2.61,28.281318125
2026-07-26T18:40:00.000Z,MCT2408049,15.475278,74.055833,56.5,150,502.5,86.81635187500001,24.093124999999997,10.836875000000001,5.749375000000001,18.195000000000004,10.117500000000001,2.61,28.195518749999998
2026-07-26T18:47:51.101Z,MCT2408049,15.475278,74.055833,56.416666666666664,150,504.5833333333333,86.81476500000001,23.910833333333333,11.77083333333333,5.304999999999999,17.10916666666667,9.525833333333333,2.61,28.113964166666662
2026-07-26T18:30:00.000Z,MCT2408030,15.142519,74.075003,26,163.43040000000002,448.875,86.17834562500005,8.854375000000001,6.200000000000002,9.370000000000001,24.639999999999993,12.31,3.4650000000000003,27.01911
2026-07-26T18:40:00.000Z,MCT2408030,15.142519,74.075003,26,163.67848125,450.4375,86.28134187499998,8.96,6.200000000000002,9.370000000000001,24.639999999999993,12.31,3.29,27.0057025
2026-07-26T18:47:51.255Z,MCT2408030,15.142519,74.075003,26,163.5508923076923,440.7692307692308,86.29161153846154,9.201538461538462,6.200000000000002,9.370000000000001,24.639999999999993,12.31,3.323846153846154,27.03932153846154
2026-07-26T18:30:00.000Z,MCT2408029,15.333611,74.206944,12.5625,522.16581875,730.3125,91.61667375000002,3.768124999999999,7.375000000000001,2.9399999999999995,8.923749999999998,4.964999999999999,3.6506250000000002,27.253053749999996
2026-07-26T18:40:00.000Z,MCT2408029,15.333611,74.206944,12.3125,551.8216875,733.125,91.69677999999999,3.1175,7.588125000000001,2.9399999999999995,8.77875,4.81875,3.658125,27.200094999999997
2026-07-26T18:47:51.256Z,MCT2408029,15.333611,74.206944,12.5,519.3513833333334,734.4166666666666,91.89975416666668,2.939166666666667,7.515,2.94,9.008333333333335,5.048333333333334,3.8266666666666667,27.13440416666667
2026-07-26T18:30:00.000Z,MCT2408044,15.313669,74.140042,24.0625,214.29,463,91.43404437499998,10.560624999999996,3.46375,2.8699999999999997,7.5,4.32,3.909695375,26.830752499999996
2026-07-26T18:40:00.000Z,MCT2408044,15.313669,74.140042,24.066666666666666,214.29,464.8,91.75695666666665,10.633999999999997,3.376,2.8699999999999997,7.5,4.320000000000001,3.9362391999999997,26.80782733333333
2026-07-26T18:47:51.302Z,MCT2408044,15.313669,74.140042,24.153846153846153,214.29,474.15384615384613,92.2877269230769,10.668461538461536,3.3846153846153846,2.87,7.5,4.32,3.652958461538461,26.78439692307692
2026-07-26T18:30:00.000Z,MCT2408037,15.394444,74.118333,25.25,160,487.5,85.80545750000002,10.622499999999999,214.55750000000006,3.7199999999999993,13.286875000000002,6.936875,3.501875,27.585530000000002
2026-07-26T18:40:00.000Z,MCT2408037,15.394444,74.118333,25.25,160,475.4375,85.90797812500001,10.581874999999998,214.76250000000005,3.7199999999999993,13.952500000000002,7.543124999999999,3.5018749999999996,27.55737625
2026-07-26T18:47:51.305Z,MCT2408037,15.394444,74.118333,25.23076923076923,160,484.61538461538464,86.00110923076923,10.621538461538462,214.81692307692313,3.7769230769230764,14.02692307692308,7.496153846153845,3.4523076923076923,27.549178461538467
2026-07-26T18:30:00.000Z,MCT2408046,15.529167,74.07,31.04,239.5796,677.16,92.12316919999999,13.484723200000001,13.41764732,5,12.08,5.08421056,3.5940000000000007,27.42559199999999
2026-07-26T18:40:00.000Z,MCT2408046,15.529167,74.07,31.04,237.04,663.76,91.85095159999996,13.479357200000004,12.30823664,5,12,5,3.8179999999999996,27.42945320000001
2026-07-26T18:47:51.304Z,MCT2408046,15.529167,74.07,31.1,237.04000000000002,658.9,91.61047450000001,13.471827999999999,12.254412700000003,5,12,5,3.814499999999999,27.463130999999997
2026-07-26T18:30:00.000Z,MCT2408041,15.224628,74.171389,32.6875,455.93251875,477.625,91.43833624999999,13.728750000000002,9.7,8.090000000000002,20.25,8.900000000000002,8.24625,26.459395625
2026-07-26T18:40:00.000Z,MCT2408041,15.224628,74.171389,32.75,463.01208125,489.875,91.51606062500001,13.713125000000002,9.7,8.090000000000002,20.25,8.900000000000002,8.204374999999999,26.375605
2026-07-26T18:47:51.452Z,MCT2408041,15.224628,74.171389,32.61538461538461,461.952423076923,477.61538461538464,91.66329307692308,13.729999999999999,9.700000000000001,8.090000000000002,20.25,8.900000000000002,8.223846153846154,26.307541538461535
2026-07-26T18:30:00.000Z,MCT2408042,15.213889,74.071667,60.25,277.23812499999997,471.5,91.06020375000001,25.123125,15,6.825,22.628124999999997,13.0425,3.583125,27.401862500000004
2026-07-26T18:40:00.000Z,MCT2408042,15.213889,74.071667,59.5625,281.87,468.25,91.29146937500005,24.535000000000004,15.412500000000003,7.336875000000001,24.110625,13.783124999999998,3.7924999999999995,27.377060625000006
2026-07-26T18:47:51.452Z,MCT2408042,15.213889,74.071667,59.92307692307692,280.9823076923077,462.38461538461536,91.38159076923078,24.840769230769233,14.94923076923077,6.720000000000001,22.449999999999996,12.827692307692306,3.5576923076923075,27.40727538461539
2026-07-26T18:30:00.000Z,MCT2408033,15.346944,74.007778,21.3125,110.557275,453.875,83.52331625,8.164375,45.945971875,3.3731250000000004,10.223749999999999,6.949375000000002,4.39,29.094416875000004
2026-07-26T18:40:00.000Z,MCT2408033,15.346944,74.007778,21.6875,110.1001625,447.875,83.61725374999999,8.490625,45.517699375,3.1825000000000006,9.7425,6.7650000000000015,4.39,29.073636875
2026-07-26T18:47:51.496Z,MCT2408033,15.346944,74.007778,23.53846153846154,115.82457692307692,452.7692307692308,83.54561538461539,10.047692307692309,46.300974615384604,3.217692307692308,9.82153846153846,6.787692307692309,4.39,29.026766153846154
2026-07-26T18:30:00.000Z,MCT2408024,15.148056,74.131667,40.6,215.56130800000003,654.44,81.66937319999995,17.576063200000004,7.149783280000004,5,15.390000000000004,8.390000000000002,2.49,28.050650400000006
2026-07-26T18:40:00.000Z,MCT2408024,15.148056,74.131667,40.541666666666664,214.8853875,647.7083333333334,81.41505833333335,17.535381250000007,6.673580916666668,5,16.53166666666667,9.53166666666667,2.4850000000000008,28.06167916666668
2026-07-26T18:47:51.499Z,MCT2408024,15.148056,74.131667,40.55,217.15884000000005,606.75,81.57858150000003,17.580927499999998,8.433621200000003,5,15.790000000000003,8.790000000000001,2.4830000000000005,27.991878500000002
2026-07-26T18:30:00.000Z,MCT2408045,15.619444,73.878889,27.125,178.11999999999995,510.875,85.38822625000002,11.108125,17.130625000000002,4.94,17.537499999999998,9.436874999999999,2.5300000000000002,27.922031875
2026-07-26T18:40:00.000Z,MCT2408045,15.619444,73.878889,27.8125,178.93812499999999,473.5625,85.51363312500001,11.378749999999998,15.91,3.5218750000000014,13.440624999999999,7.67,2.5300000000000002,27.926052500000004
2026-07-26T18:47:51.505Z,MCT2408045,15.619444,73.878889,27.692307692307693,183.5938461538462,450.61538461538464,85.22408307692308,11.488461538461538,15.969230769230771,3.058461538461539,11.673076923076925,6.43923076923077,2.5300000000000002,27.84453307692308
2026-07-26T18:30:00.000Z,MCT2408032,15.525556,73.828611,35.64,226.8892,558.6,65.81884760000001,15.239600000000005,45.86280000000001,7.120000000000002,24.6908,14.667200000000001,3.3771999999999998,33.87308999999999
2026-07-26T18:40:00.000Z,MCT2408032,15.525556,73.828611,35.68,224.20000000000005,549.24,66.0895376,15.439200000000001,46.7708,7.974400000000002,27.136400000000002,15.913599999999997,3.4928000000000003,33.7829988
2026-07-26T18:47:51.644Z,MCT2408032,15.525556,73.828611,36.1,226.529,549,66.140503,15.742500000000003,46.477000000000004,7.547500000000002,25.814500000000002,15.148000000000001,3.3880000000000003,33.764660500000005
2026-07-26T18:30:00.000Z,MCT2408022,15.475833,74.038889,25.6875,150,451.1875,88.067574375,4.480625,11.321159375,5.75,20.75,12.25,4.239860125,27.915328125000006
2026-07-26T18:40:00.000Z,MCT2408022,15.475833,74.038889,25,150,449.25,88.11287250000001,4.43,11.46347875,5.625,19.75,11.5,4.2650445,27.840923125000003
2026-07-26T18:47:51.644Z,MCT2408022,15.475833,74.038889,25.46153846153846,150,451.15384615384613,88.32924846153847,4.362307692307693,11.39063846153846,5.538461538461538,20.46153846153846,12.384615384615385,4.276889230769232,27.788431538461534
2026-07-26T18:30:00.000Z,MCT2408036,15.171567,74.067106,36.2,120,466.4,89.49255333333333,10.563999999999997,7.749333333333335,2.6653333333333338,9.964666666666664,6.349333333333334,11.069333333333333,27.525690666666673
2026-07-26T18:40:00.000Z,MCT2408036,15.171567,74.067106,36.6875,120,469.625,89.08371312499997,10.551250000000001,7.8774999999999995,2.663125,9.721249999999998,6.110625,11.385625000000001,27.604298125
2026-07-26T18:47:51.691Z,MCT2408036,15.171567,74.067106,36.416666666666664,120,464.4166666666667,89.19195666666667,10.604999999999999,7.8175,2.6299999999999994,9.669166666666667,6.121666666666667,11.2425,27.564301666666665
2026-07-26T18:30:00.000Z,MCT2408031,15.290833,74.149167,18,189.10634374999998,560.625,87.04475875000001,7.334116250000001,6.4759255625,4.258125,11.873750000000001,6.9643749999999995,4.910625,26.892421249999998
2026-07-26T18:40:00.000Z,MCT2408031,15.290833,74.149167,18.1875,180.31974375000001,570.6875,87.02187125,7.503695125,6.7289393125,4.258125,11.629375,6.696875,4.851875,26.866948750000002
2026-07-26T18:47:51.692Z,MCT2408031,15.290833,74.149167,17.916666666666668,178.27719999999997,570.25,87.08497,7.4009360000000015,6.258228083333333,4.2091666666666665,11.303333333333333,6.390000000000001,4.841666666666666,26.78316
2026-07-26T18:30:00.000Z,MCT2408035,15.236111,74.125,42.4375,190,582.9375,89.0431825,17.138088125000003,65.830193125,4.67875,13.325625000000002,6.74625,3.8299999999999987,27.059999375000004
2026-07-26T18:40:00.000Z,MCT2408035,15.236111,74.125,43.125,190,600.8125,89.17288062499999,17.6525275,67.24018812499999,3.799999999999999,10.19,4.909999999999998,3.8299999999999987,27.00436375
2026-07-26T18:47:51.700Z,MCT2408035,15.236111,74.125,42.84615384615385,190,567.5384615384615,89.50241307692308,17.46436923076923,67.95270384615384,3.7999999999999994,10.19,4.909999999999998,3.8299999999999987,26.928773076923076
2026-07-26T18:30:00.000Z,MCT2408038,15.188889,74.055556,34.3125,365.83437499999997,634.375,87.22833937499999,14.121875000000001,13.330000000000005,5.950000000000002,16.900000000000002,7.9606249999999985,4.6918750000000005,28.188144375
2026-07-26T18:40:00.000Z,MCT2408038,15.188889,74.055556,34.3125,349.303125,648.8125,87.35231750000001,14.05125,13.330000000000005,5.950000000000002,16.900000000000002,7.9606249999999985,4.69875,28.1077075
2026-07-26T18:47:51.843Z,MCT2408038,15.188889,74.055556,34.46153846153846,391.3384615384615,643.8461538461538,87.63673307692308,14.217692307692305,13.330000000000004,5.950000000000002,16.900000000000002,7.939999999999999,4.751538461538462,28.044182307692306
2026-07-26T18:30:00.000Z,MCT2408039,15.163611,74.110833,29,380.98437499999994,473.5625,86.354775,9.1425,10.3,9.019999999999998,28.94,11.759999999999998,2.3,27.21886625
2026-07-26T18:40:00.000Z,MCT2408039,15.163611,74.110833,29,366.8825,473.0625,86.33093250000002,10.644375,10.3,9.019999999999998,28.94,11.759999999999998,2.3,27.180656875000004
2026-07-26T18:47:51.842Z,MCT2408039,15.163611,74.110833,29,382.92846153846153,477.7692307692308,86.52870999999999,9.295384615384615,10.299999999999999,9.019999999999998,28.94,11.76,2.3000000000000003,27.159773076923077
2026-07-26T18:30:00.000Z,MCT2408026,15.2467,74.198281,30.92,125,641.96,90.28631639999999,13.246381999999999,12.5,5.296800000000003,17.409599999999998,9.756799999999998,2.5376000000000003,27.26171320000001
2026-07-26T18:40:00.000Z,MCT2408026,15.2467,74.198281,30.8,125,639.72,90.30004920000002,13.1441216,12.5,5.296000000000003,17.95,10.2592,2.5027999999999997,27.185777600000005
2026-07-26T18:47:51.892Z,MCT2408026,15.2467,74.198281,31,125,635.5263157894736,90.53834315789476,13.183395789473686,12.5,5.027894736842107,16.39105263157894,9.083157894736843,2.5073684210526315,27.101804736842112
2026-07-26T19:10:00.000Z,MCT2408020,15.543475,74.039433,23.923076923076923,180,723.2307692307693,88.08275923076923,9.14225853846154,19.177756153846154,7.28,24.160000000000004,13.653846153846153,3.659999999999999,28.219907692307704
2026-07-26T19:20:00.000Z,MCT2408020,15.543475,74.039433,28.875,180,717.3125,87.99509374999997,8.77770025,18.925853749999998,10.72375,34.71500000000001,19.111875,3.6599999999999984,28.220320000000008
2026-07-26T19:30:00.000Z,MCT2408020,15.543475,74.039433,33,180,717.625,87.91593874999998,8.9663968125,18.858868125,13.5075,42.98625,23.230625,3.6599999999999984,28.199541250000003
2026-07-26T19:40:00.000Z,MCT2408020,15.543475,74.039433,40.375,180,713.0625,87.83391999999999,8.716838874999999,18.772278125,18.032500000000002,57.02624999999999,30.844375000000003,3.6599999999999984,28.179430625
2026-07-26T19:50:00.000Z,MCT2408020,15.543475,74.039433,45.5625,180,718.1875,87.83630437499998,9.1705685625,19.560360624999998,20.758125,66.926875,36.65125000000001,3.6599999999999984,28.157981250000006
2026-07-26T20:00:00.000Z,MCT2408020,15.543475,74.039433,38.8125,180,718.375,87.96696250000001,9.287870374999999,19.495899374999997,16.5825,53.70562500000001,29.681874999999998,3.6599999999999984,28.13586125
2026-07-26T20:01:48.467Z,MCT2408020,15.543475,74.039433,33.5,180,718.5,88.01703,9.5484795,19.025665,12.525,42.405,24.16,3.66,28.134520000000002
2026-07-26T19:10:00.000Z,MCT2408028,15.186944,74.096667,41.8,652.2370000000001,502.8,95.08871400000001,18.241999999999997,12.109499999999999,7.838999999999997,27.742000000000008,16.454,2.4715,26.482854499999995
2026-07-26T19:20:00.000Z,MCT2408028,15.186944,74.096667,41.64,645.1540000000001,513.48,94.7412728,18.084400000000002,11.960799999999997,11.348000000000004,36.709999999999994,20.479199999999995,2.3280000000000003,26.543129600000007
2026-07-26T19:30:00.000Z,MCT2408028,15.186944,74.096667,41.6,639.0672,514.92,94.8029172,18.045600000000004,11.955199999999998,9.870000000000003,32.53440000000001,18.450799999999994,2.1736,26.48006680000001
2026-07-26T19:40:00.000Z,MCT2408028,15.186944,74.096667,41.56,636.5527999999999,522.76,94.9524544,18.003600000000006,11.963599999999996,9.750000000000004,32.37520000000001,18.530799999999996,2.0176000000000003,26.426013600000015
2026-07-26T19:50:00.000Z,MCT2408028,15.186944,74.096667,41.8,632.198,522.4,95.03851239999999,18.2396,12.064799999999996,10.428400000000002,33.88599999999999,18.927999999999997,2.1496,26.410139600000008
2026-07-26T20:00:00.000Z,MCT2408028,15.186944,74.096667,41.76,629.7696000000001,521.32,95.07940760000001,18.1976,11.826799999999999,10.109600000000004,33.64800000000001,19.2472,2.1028000000000002,26.3822544
2026-07-26T20:01:48.468Z,MCT2408028,15.186944,74.096667,41.8,633.27,514,95.13220400000002,18.246000000000002,11.972,6.590000000000001,25.456000000000003,15.907999999999998,2.0119999999999996,26.415287999999997
2026-07-26T19:10:00.000Z,MCT2408056,15.579167,73.920833,20.615384615384617,180,740.6923076923077,89.3474776923077,7.061538461538461,10.723004230769229,4.6899999999999995,16.81076923076923,10.742307692307692,1.56,28.16958307692308
2026-07-26T19:20:00.000Z,MCT2408056,15.579167,73.920833,20.6875,180,737.6875,89.30973250000001,6.951250000000001,10.9262020625,4.6899999999999995,16.788125,10.719375000000001,1.6493749999999996,28.134520000000006
2026-07-26T19:30:00.000Z,MCT2408056,15.579167,73.920833,20.8125,180,750.375,89.28493812500001,6.721874999999999,13.868838250000001,4.748749999999999,17.13,10.951875000000003,1.7756249999999998,28.133178750000003
2026-07-26T19:40:00.000Z,MCT2408056,15.579167,73.920833,19,180,750,89.31403,6.77,9,4.69,15.48,9.37,2.13,28.13988
2026-07-26T19:50:00.000Z,MCT2408056,15.579167,73.920833,19.857142857142858,180,699.4285714285714,90.99031285714285,6.390000000000001,17.840038999999997,4.69,16.26,10.174285714285714,2.761428571428571,27.602094285714283
2026-07-26T20:00:00.000Z,MCT2408056,15.579167,73.920833,19.4375,180,725.875,89.796108125,6.84625,11.6117959375,4.6899999999999995,15.707500000000001,9.605625000000002,2.1462499999999993,27.87309875
2026-07-26T20:01:48.478Z,MCT2408056,15.579167,73.920833,18.666666666666668,180,721.6666666666666,89.19195666666667,6.933333333333334,10.507824333333334,4.69,14.266666666666666,8.12,1.6300000000000001,27.93611
2026-07-26T19:10:00.000Z,MCT2408057,15.272222,74.104722,28.95,342.77900000000005,595.35,83.09492499999998,12.392500000000002,9.216999999999999,2.9799999999999986,9.414000000000001,5.338500000000002,1.8775,29.1378535
2026-07-26T19:20:00.000Z,MCT2408057,15.272222,74.104722,28.88,330.19000000000005,603.52,83.03381239999999,12.3232,9.241999999999996,3.051599999999999,9.318800000000001,5.135600000000002,2.0356,29.101282
2026-07-26T19:30:00.000Z,MCT2408057,15.272222,74.104722,28.88,341.70439999999985,602.48,83.95513919999999,12.392399999999999,9.197999999999999,3.051999999999999,10.019200000000005,5.799200000000001,2.0352,28.801406799999995
2026-07-26T19:40:00.000Z,MCT2408057,15.272222,74.104722,28.692307692307693,341.6665384615384,601.8076923076923,84.36489692307694,12.23076923076923,9.351153846153844,3.0030769230769225,9.525000000000006,5.405,2.089615384615384,28.730173846153846
2026-07-26T19:50:00.000Z,MCT2408057,15.272222,74.104722,29,342.9307999999999,599.76,84.6033324,12.271199999999999,9.331599999999996,3.0279999999999996,9.882800000000003,5.7096,1.9804000000000004,28.750783999999996
2026-07-26T20:00:00.000Z,MCT2408057,15.272222,74.104722,29.44,343.2323999999999,609.32,83.90753120000001,12.144800000000002,9.318,2.9799999999999995,9.408800000000003,5.3340000000000005,2.1088,28.989314
2026-07-26T20:01:48.478Z,MCT2408057,15.272222,74.104722,29.75,344.7325,607,83.733125,12.202499999999999,9.245000000000001,2.98,9.3325,5.2575,1.9075,29.0327475
2026-07-26T19:10:00.000Z,MCT2408055,15.585833,73.885556,19.076923076923077,105.63230769230768,677.5384615384615,87.52816153846153,8.435384615384617,25.391956923076926,4.523076923076923,14.877692307692305,9.016923076923076,1.193846153846154,28.27848384615385
2026-07-26T19:20:00.000Z,MCT2408055,15.585833,73.885556,19.4375,106.47250000000001,676.625,87.513488125,8.560625000000002,26.482586874999996,4.41875,14.473124999999998,8.732499999999998,1.37375,28.193506874999997
2026-07-26T19:30:00.000Z,MCT2408055,15.585833,73.885556,19.4375,107.27937499999999,674.1875,87.51920999999997,8.52375,23.574666875000002,4.768125,14.844374999999996,8.69,1.7443749999999998,28.189485625000003
2026-07-26T19:40:00.000Z,MCT2408055,15.585833,73.885556,19.5,105.45785714285714,673.4285714285714,88.24318500000001,8.584285714285715,24.303435714285715,4.699285714285715,15.177142857142854,9.102857142857143,1.4478571428571425,28.05178357142857
2026-07-26T19:50:00.000Z,MCT2408055,15.585833,73.885556,19.375,108.17937500000001,671.5625,89.321179375,8.558125000000002,20.250475625000007,4.156250000000001,13.65125,8.221874999999999,1.6843750000000002,27.659933749999993
2026-07-26T20:00:00.000Z,MCT2408055,15.585833,73.885556,19.3125,108.39874999999999,664.4375,89.26777249999998,8.537500000000001,22.9198475,3.5,10.568125000000002,6.175624999999999,1.5331249999999998,27.55670625
2026-07-26T20:01:48.489Z,MCT2408055,15.585833,73.885556,19.333333333333332,112.07333333333334,663.3333333333334,89.00122,8.450000000000001,21.11323,3.5,10.963333333333333,6.59,1.7599999999999998,27.567876666666667
2026-07-26T19:10:00.000Z,MCT2408053,15.263333,74.110833,41.84615384615385,212.79712307692307,633.7692307692307,92.94385538461539,16.517692307692304,24.073076923076922,4.590000000000002,11.819230769230767,5.813846153846153,6.517692307692308,26.45356846153846
2026-07-26T19:20:00.000Z,MCT2408053,15.263333,74.110833,43.5625,221.46747500000004,658.3125,93.08771562499999,17.99875,23.311874999999997,4.590000000000002,12.154999999999998,6.205,6.692499999999999,26.428560000000008
2026-07-26T19:30:00.000Z,MCT2408053,15.263333,74.110833,44.75,239.8627625,643.125,93.092959375,19.071875,22.476249999999997,4.590000000000002,12.033749999999998,6.06375,6.9425,26.441965000000007
2026-07-26T19:40:00.000Z,MCT2408053,15.263333,74.110833,45.625,236.46045000000004,620.375,93.29132562499998,19.8575,23.095625000000002,4.590000000000002,12.154999999999998,6.205,6.788750000000001,26.389011249999996
2026-07-26T19:50:00.000Z,MCT2408053,15.263333,74.110833,45.5625,242.42047499999998,662.875,93.40671750000003,19.828125000000004,22.627499999999998,4.590000000000002,12.458124999999995,6.5581249999999995,6.942500000000001,26.4339225
2026-07-26T20:00:00.000Z,MCT2408053,15.263333,74.110833,45.125,247.89555625,659.3125,93.1945275,19.471249999999998,22.91875,4.590000000000002,11.912499999999996,5.9225,6.759999999999999,26.47012
2026-07-26T20:01:48.659Z,MCT2408053,15.263333,74.110833,49.666666666666664,253.03303333333335,554.3333333333334,93.07277666666666,23.349999999999998,24.26,4.59,11.67,5.64,7.033333333333334,26.48822
2026-07-26T19:10:00.000Z,MCT2408052,15.444425,74.063856,30.615384615384617,160,668.9230769230769,88.71951846153846,3.586720692307693,8,10.470769230769228,29.443846153846152,13.993846153846155,2,28.021906923076923
2026-07-26T19:20:00.000Z,MCT2408052,15.444425,74.063856,31.6875,160,596,88.76566437499999,3.6618422500000007,8,11.24625,31.530625,14.908125,2,28.025259374999994
2026-07-26T19:30:00.000Z,MCT2408052,15.444425,74.063856,31.6875,160,619.125,88.713210625,3.709429875000001,8,11.225624999999997,31.680000000000003,15.101875,2,28.011183124999995
2026-07-26T19:40:00.000Z,MCT2408052,15.444425,74.063856,32,160,622.6875,88.59924749999998,3.7879825625000003,8.15137125,11.393124999999998,32.0025,15.166875,2,27.985040000000005
2026-07-26T19:50:00.000Z,MCT2408052,15.444425,74.063856,32.125,160,594.6875,88.58685,3.7728508125000007,8,11.496874999999998,32.411249999999995,15.38125,2,27.93543625
2026-07-26T20:00:00.000Z,MCT2408052,15.444425,74.063856,32.125,160,603.25,88.67315687499999,3.843772,8.1024525625,11.434999999999999,32.34625,15.445625,2,27.875778749999995
2026-07-26T20:01:48.660Z,MCT2408052,15.444425,74.063856,32.333333333333336,160,621,88.56126,3.737543666666667,8,11.483333333333333,32.29666666666667,15.299999999999999,2,27.857456666666668
2026-07-26T19:10:00.000Z,MCT2408043,15.221111,74.087222,57,189.6307692307692,690.9230769230769,86.3620376923077,24.314615384615387,33.550769230769234,7.013846153846154,26.045384615384616,15.666153846153849,5.29,27.555776923076923
2026-07-26T19:20:00.000Z,MCT2408043,15.221111,74.087222,57,196.685,686.4375,86.38004625000002,24.348749999999995,33.383125,7.441249999999998,28.001874999999995,16.891875000000002,5.290000000000001,27.643175624999998
2026-07-26T19:30:00.000Z,MCT2408043,15.221111,74.087222,56.875,202.02062500000005,685.75,86.309,24.348125,33.321250000000006,7.1237499999999985,26.6325,15.930625000000003,5.290000000000001,27.75579
2026-07-26T19:40:00.000Z,MCT2408043,15.221111,74.087222,57,195.20933333333335,694.0666666666667,86.34364866666668,24.313333333333336,33.79800000000001,7.091999999999998,26.606666666666662,15.96866666666667,5.290000000000001,27.790961333333332
2026-07-26T19:50:00.000Z,MCT2408043,15.221111,74.087222,57,195.05124999999998,679.4375,86.32711937500002,24.268125,33.945,7.758750000000001,28.645624999999995,17.13125,5.290000000000001,27.802715624999994
2026-07-26T20:00:00.000Z,MCT2408043,15.221111,74.087222,57,192.92125000000001,678.4375,86.30089312499999,24.284375,34.14375000000001,10.686250000000001,36.85375,21.379999999999995,5.290000000000001,27.835560625
2026-07-26T20:01:48.666Z,MCT2408043,15.221111,74.087222,57,194.75,652,86.24955333333334,24.256666666666664,33.95333333333333,13.083333333333334,42.486666666666665,23.486666666666668,5.29,27.836006666666666
2026-07-26T19:10:00.000Z,MCT2408021,15.500556,74.053333,48.76923076923077,375,630.6153846153846,88.61329461538459,21.37538461538462,14.469832307692307,2.86,8.22923076923077,4.726923076923077,4.223846153846154,27.553302307692306
2026-07-26T19:20:00.000Z,MCT2408021,15.500556,74.053333,48.8125,375,623.25,88.53344375,21.399375,14.477151875,2.86,7.963125,4.435625,4.260000000000001,27.529222499999996
2026-07-26T19:30:00.000Z,MCT2408021,15.500556,74.053333,48.9375,375,620.6875,88.557284375,21.453125,14.555679375,2.86,8.070625,4.5531250000000005,4.24,27.521847499999996
2026-07-26T19:40:00.000Z,MCT2408021,15.500556,74.053333,48.4375,375,623,88.68507999999999,21.18625,14.493999375000001,2.86,7.93625,4.40625,4.2162500000000005,27.52184875
2026-07-26T19:50:00.000Z,MCT2408021,15.500556,74.053333,48.5625,375,623.3125,88.80047250000001,21.208125000000003,14.438022499999999,2.86,7.963125000000001,4.435625,4.24125,27.497046250000004
2026-07-26T20:00:00.000Z,MCT2408021,15.500556,74.053333,48.5625,375,623.0625,88.78616687500002,21.298750000000002,14.38204625,2.86,7.881875,4.346875,4.274375,27.452807500000002
2026-07-26T20:01:48.666Z,MCT2408021,15.500556,74.053333,48.333333333333336,375,609,88.87151999999999,21.16,14.312353333333334,2.86,7.39,3.81,4.25,27.43917666666667
2026-07-26T19:10:00.000Z,MCT2408051,15.486528,74.033889,52.23076923076923,380.6484615384616,658.3076923076923,96.4216876923077,22.217692307692307,5.1899999999999995,3.729999999999999,10.569999999999997,4.980000000000002,4.39,26.888347692307697
2026-07-26T19:20:00.000Z,MCT2408051,15.486528,74.033889,52.25,380.39500000000004,655.125,96.52666624999998,22.239375,5.1899999999999995,3.7299999999999986,10.569999999999997,4.980000000000002,4.39,26.870971250000007
2026-07-26T19:30:00.000Z,MCT2408051,15.486528,74.033889,52.125,368.92125,653.625,96.17761937499999,22.153125,5.1899999999999995,3.7299999999999986,10.569999999999997,4.980000000000002,4.39,26.879685624999997
2026-07-26T19:40:00.000Z,MCT2408051,15.486528,74.033889,52,375.34499999999997,649.625,95.80807062500003,22.073124999999997,5.1899999999999995,3.7299999999999986,10.569999999999997,4.980000000000002,4.39,26.866950000000003
2026-07-26T19:50:00.000Z,MCT2408051,15.486528,74.033889,52,370.13625,644.0625,95.57775937500001,22.073124999999997,5.1899999999999995,3.7299999999999986,10.569999999999997,4.980000000000002,4.39,26.817345625000005
2026-07-26T20:00:00.000Z,MCT2408051,15.486528,74.033889,52.5,371.16687499999995,644.0625,95.655006875,22.389999999999997,5.1899999999999995,3.7299999999999986,10.569999999999997,4.980000000000002,4.39,26.759698124999993
2026-07-26T20:01:48.675Z,MCT2408051,15.486528,74.033889,52,368.70000000000005,649,95.795195,22.07,5.19,3.73,10.57,4.98,4.39,26.75635
2026-07-26T19:10:00.000Z,MCT2408050,15.553611,73.958333,27.384615384615383,86.02999999999999,528.7692307692307,91.14097076923076,11.202307692307691,4.079230769230769,4.305384615384616,14.533846153846154,8.305384615384616,2.3723076923076922,27.526078461538457
2026-07-26T19:20:00.000Z,MCT2408050,15.553611,73.958333,27.5625,86.02999999999999,532.8125,91.073076875,11.415000000000001,4.196875,4.611875,16.85375,10.049375000000001,2.3668749999999994,27.530563125
2026-07-26T19:30:00.000Z,MCT2408050,15.553611,73.958333,27.5,86.02999999999999,512.1875,91.145556875,11.258750000000001,4.23375,4.55875,15.88625,9.143750000000002,2.5112500000000004,27.544641875000003
2026-07-26T19:40:00.000Z,MCT2408050,15.553611,73.958333,27.5625,86.02999999999999,561.25,91.346784375,11.321250000000001,4.092499999999999,4.293125000000002,13.846875,7.651875,2.55,27.505763124999998
2026-07-26T19:50:00.000Z,MCT2408050,15.553611,73.958333,27.375,86.02999999999999,544.8125,91.26190375,11.173125000000002,4.419375,5.143125,18.515625,10.79375,2.661875,27.543970625
2026-07-26T20:00:00.000Z,MCT2408050,15.553611,73.958333,27.375,86.02999999999999,524.5625,91.374915625,11.228125,4.197500000000001,5.7275,20.126875000000002,11.696250000000001,2.6106250000000006,27.542629999999996
2026-07-26T20:01:48.854Z,MCT2408050,15.553611,73.958333,27.666666666666668,86.03000000000002,540.3333333333334,91.63082000000001,11.520000000000001,4.09,4.24,15.46,9.356666666666667,2.9033333333333338,27.550003333333336
2026-07-26T19:10:00.000Z,MCT2408034,15.356389,74.123611,41.75,190.20775000000003,479.9,78.95597899999999,15.663999999999996,4.8660000000000005,6.926,20.960499999999996,10.830499999999997,1.3169999999999997,30.395907500000003
2026-07-26T19:20:00.000Z,MCT2408034,15.356389,74.123611,41.25,185.15814166666667,483.7916666666667,79.44095208333336,15.367499999999993,4.500416666666667,6.455833333333332,20.240416666666665,10.782083333333334,1.2441666666666664,30.245576666666675
2026-07-26T19:30:00.000Z,MCT2408034,15.356389,74.123611,41.16,187.404328,490.12,79.73150639999997,15.296799999999996,4.808,6.379999999999998,18.420799999999996,9.040799999999997,1.2939999999999998,30.196958000000006
2026-07-26T19:40:00.000Z,MCT2408034,15.356389,74.123611,41.083333333333336,193.43758749999998,498.125,79.68096166666665,15.26666666666666,5.109999999999999,6.379999999999998,18.873749999999998,9.49375,1.1916666666666664,30.21474291666668
2026-07-26T19:50:00.000Z,MCT2408034,15.356389,74.123611,41,186.631125,483.8333333333333,79.95848041666666,15.199999999999994,4.506666666666667,6.759583333333333,20.669583333333332,10.781666666666668,1.3112499999999998,30.16960958333334
2026-07-26T20:00:00.000Z,MCT2408034,15.356389,74.123611,41,180.433488,477.44,80.19018640000004,15.199999999999994,3.4124,6.379999999999998,18.794799999999995,9.414799999999998,1.1623999999999999,30.165640800000002
2026-07-26T20:01:48.855Z,MCT2408034,15.356389,74.123611,41,194.7106,483,80.14158499999999,15.2,5.7,6.38,18.5225,9.1425,1.8275,30.161565000000003
2026-07-26T19:10:00.000Z,MCT2408023,15.499722,74.020833,34.53846153846154,245.41615384615383,487.7692307692308,86.15134923076923,10.533846153846154,19.97692307692308,7.699999999999999,28.253076923076925,19.51923076923077,5.635384615384615,28.284256923076928
2026-07-26T19:20:00.000Z,MCT2408023,15.499722,74.020833,34.125,243.20625,483.5,85.99953187499999,10.544999999999998,20.221250000000005,7.444374999999999,27.466250000000002,19.03125,5.5893749999999995,28.328245625
2026-07-26T19:30:00.000Z,MCT2408023,15.499722,74.020833,33.5625,234.94437500000004,477.375,85.96901312499998,10.1975,20.984375,7.525625000000002,26.754375,18.396874999999998,5.489375,28.347015625
2026-07-26T19:40:00.000Z,MCT2408023,15.499722,74.020833,31.125,247.62,487.875,85.690061875,10.441874999999998,19.910625000000003,6.340000000000002,22.163750000000004,15.224999999999998,5.666875000000001,28.346344374999997
2026-07-26T19:50:00.000Z,MCT2408023,15.499722,74.020833,31.625,244.94187499999998,493,85.543196875,10.318125,20.8125,6.340000000000002,22.63875,15.76875,5.508125,28.320872499999997
2026-07-26T20:00:00.000Z,MCT2408023,15.499722,74.020833,31.8125,239.821875,490.625,85.480255,10.575,20.235625000000002,6.340000000000002,22.876250000000006,16.040625,5.6075,28.336960000000005
2026-07-26T20:01:48.867Z,MCT2408023,15.499722,74.020833,31,252.01,488.5,85.47644,10.475,20.785,6.34,22.16,15.225,5.82,28.35439
2026-07-26T19:10:00.000Z,MCT2408030,15.142519,74.075003,26,163,449,86.33269076923078,8.970769230769232,6.200000000000002,9.370000000000001,24.639999999999993,12.31,3.014615384615384,27.125946153846158
2026-07-26T19:20:00.000Z,MCT2408030,15.142519,74.075003,26,163.31425625,450,86.31186000000001,9.07,6.200000000000002,9.370000000000001,24.639999999999993,12.31,3.3075,27.171269375
2026-07-26T19:30:00.000Z,MCT2408030,15.142519,74.075003,26,164.04486875,457.5,86.33665250000001,9.089375,6.200000000000002,9.370000000000001,24.639999999999993,12.31,3.298125,27.169260000000005
2026-07-26T19:40:00.000Z,MCT2408030,15.142519,74.075003,26,163.529075,451.6875,86.32568500000001,9.006875,6.200000000000002,9.370000000000001,24.639999999999993,12.31,3.369375,27.153843125
2026-07-26T19:50:00.000Z,MCT2408030,15.142519,74.075003,26,163.78416875000002,444,86.31376499999999,8.781875,6.200000000000002,9.370000000000001,24.639999999999993,12.31,3.535625,27.105579375000005
2026-07-26T20:00:00.000Z,MCT2408030,15.142519,74.075003,26,163.329825,446.6875,86.32139249999997,8.910000000000002,6.200000000000002,9.370000000000001,24.639999999999993,12.31,3.6093749999999996,27.043911249999997
2026-07-26T20:01:48.855Z,MCT2408030,15.142519,74.075003,26,163,444.6666666666667,86.35890666666667,8.579999999999998,6.2,9.37,24.64,12.31,3.433333333333333,26.999446666666667
2026-07-26T19:10:00.000Z,MCT2408040,15.528056,74.020833,18.928571428571427,100,464.92857142857144,86.00232285714286,8.025714285714287,4.776428571428572,4.046428571428571,12.38,6.255714285714286,3.5,28.584972857142855
2026-07-26T19:20:00.000Z,MCT2408040,15.528056,74.020833,18.6875,100,471.4375,86.129230625,7.777500000000002,4.766249999999999,4.015625,12.588750000000003,6.434374999999999,3.5,28.526657500000002
2026-07-26T19:30:00.000Z,MCT2408040,15.528056,74.020833,18.8125,100,468.3125,85.98522562500003,7.908125000000001,4.80125,3.9181249999999994,12.413125000000004,6.4331249999999995,3.5,28.504537500000005
2026-07-26T19:40:00.000Z,MCT2408040,15.528056,74.020833,19.066666666666666,100,465.4,85.88842866666668,8.242,4.819333333333333,6.277333333333333,20.279999999999994,10.681999999999999,3.5,28.53170666666667
2026-07-26T19:50:00.000Z,MCT2408040,15.528056,74.020833,19.125,100,466.375,86.13590562499998,8.39125,4.939375000000001,5.345625,16.841874999999998,8.6625,3.5,28.459625625
2026-07-26T20:00:00.000Z,MCT2408040,15.528056,74.020833,19.1875,100,465.8125,86.10205125000002,8.301875,4.816250000000001,3.9699999999999993,12.698125,6.623125,3.5,28.485768750000002
2026-07-26T20:01:49.050Z,MCT2408040,15.528056,74.020833,19,100,464.3333333333333,85.95963333333333,7.95,4.716666666666667,3.3633333333333333,10.996666666666668,5.77,3.5,28.522413333333333
2026-07-26T19:10:00.000Z,MCT2408027,15.275556,74.1075,25.53846153846154,1177.2946153846153,607.6153846153846,90.2876553846154,6.579999999999999,12.91769230769231,4.930000000000001,15.164615384615384,8.284615384615384,2.95,27.142447692307694
2026-07-26T19:20:00.000Z,MCT2408027,15.275556,74.1075,26.375,1179.4075,583,90.31872125000001,6.579999999999999,12.996250000000003,5.115625000000001,17.189999999999998,9.943749999999998,2.9500000000000006,27.1209975
2026-07-26T19:30:00.000Z,MCT2408027,15.275556,74.1075,26,1182.035625,600.625,90.43364062500004,6.579999999999999,13.059375000000003,4.9300000000000015,16.079375000000002,9.201249999999998,2.9500000000000006,27.078770000000002
2026-07-26T19:40:00.000Z,MCT2408027,15.275556,74.1075,25.9375,1177.404375,595.125,90.59767000000004,6.579999999999999,13.005625000000004,4.9300000000000015,16.265,9.386249999999999,2.9500000000000006,27.037879999999994
2026-07-26T19:50:00.000Z,MCT2408027,15.275556,74.1075,26.5625,1174.7493750000003,613.125,90.70066812500002,6.579999999999999,12.768750000000004,5.30125,17.496875000000003,9.880624999999998,2.9500000000000006,27.047263125000004
2026-07-26T20:00:00.000Z,MCT2408027,15.275556,74.1075,26.0625,1173.72,623.75,90.77362500000002,6.579999999999999,12.825000000000003,4.9300000000000015,16.57375,9.695625,2.9500000000000006,27.003693124999995
2026-07-26T20:01:49.049Z,MCT2408027,15.275556,74.1075,25,1174.38,626.5,90.85516,6.58,12.945,4.93,14.79,7.91,2.95,26.96012
2026-07-26T19:10:00.000Z,MCT2408044,15.313669,74.140042,24.083333333333332,214.29,470,92.70147833333333,10.719166666666666,3.32,3.83,10.333333333333334,5.993333333333332,3.7604701666666664,26.62138583333333
2026-07-26T19:20:00.000Z,MCT2408044,15.313669,74.140042,24.066666666666666,214.29,476.6666666666667,92.60839800000001,10.596666666666666,3.3546666666666667,2.8699999999999997,7.5,4.320000000000001,3.7823931333333336,26.669113333333335
2026-07-26T19:30:00.000Z,MCT2408044,15.313669,74.140042,24.0625,214.29,473.0625,92.31714687499998,10.604375,3.3725,2.8699999999999997,7.53125,4.35375,4.0158653125,26.661158125000004
2026-07-26T19:40:00.000Z,MCT2408044,15.313669,74.140042,24,214.29,470.6875,92.73342625000001,10.610624999999999,3.3581250000000002,2.8699999999999997,7.5,4.32,4.076202,26.48553625
2026-07-26T19:50:00.000Z,MCT2408044,15.313669,74.140042,24.2,214.29,473.8666666666667,93.05853333333334,10.722,3.32,2.8699999999999997,7.566666666666666,4.3919999999999995,3.7456410000000004,26.445318
2026-07-26T20:00:00.000Z,MCT2408044,15.313669,74.140042,24.0625,214.29,475.75,92.983764375,10.615625000000001,3.3874999999999997,2.8699999999999997,7.5,4.32,3.4641826250000003,26.408450625000004
2026-07-26T20:01:49.057Z,MCT2408044,15.313669,74.140042,24,214.29,483,93.11092333333333,10.67,3.32,2.8699999999999997,7.5,4.32,3.720940333333333,26.355943333333332
2026-07-26T19:10:00.000Z,MCT2408049,15.475278,74.055833,56.30769230769231,150,504.84615384615387,86.91369999999999,23.93153846153846,10.427692307692308,4.954615384615384,16.145384615384618,8.912307692307694,2.61,28.012831538461537
2026-07-26T19:20:00.000Z,MCT2408049,15.475278,74.055833,56.5,150,514.5625,87.23453812499999,23.99125,10.739375000000003,5.033124999999999,16.133124999999996,8.825000000000003,2.61,27.949514999999995
2026-07-26T19:30:00.000Z,MCT2408049,15.475278,74.055833,56.1875,150,515.25,87.32942875,23.950624999999995,10.733749999999999,4.69625,15.9925,9.016875,2.61,27.94280999999999
2026-07-26T19:40:00.000Z,MCT2408049,15.475278,74.055833,56.75,150,498.5,87.20449624999999,24.253125,11.34625,4.840624999999999,16.326874999999998,9.208750000000004,2.61,27.909965625
2026-07-26T19:50:00.000Z,MCT2408049,15.475278,74.055833,56.8125,150.37666875,500.5,87.08957937499999,24.22,11.45,4.6,15.513125,8.633125000000001,2.61,27.87108687500001
2026-07-26T20:00:00.000Z,MCT2408049,15.475278,74.055833,56.5,150.25404375,501.625,86.93460937499998,23.965625000000003,10.800624999999998,4.6,15.22375,8.343750000000002,2.61,27.824165625
2026-07-26T20:01:49.056Z,MCT2408049,15.475278,74.055833,57,150,492.6666666666667,86.88279333333334,24.3,11.043333333333335,4.8566666666666665,15.83,8.696666666666665,2.61,27.782383333333332
2026-07-26T19:10:00.000Z,MCT2408029,15.333611,74.206944,12.461538461538462,505.4212461538461,752.4615384615385,92.17270230769233,2.7146153846153847,7.511538461538462,2.94,8.803846153846154,4.844615384615385,3.676153846153846,26.982397692307693
2026-07-26T19:20:00.000Z,MCT2408029,15.333611,74.206944,12.1875,509.85634375,756.9375,92.204615625,3.2156249999999997,7.5306250000000015,2.9399999999999995,8.77875,4.81875,3.5862499999999997,26.938002500000003
2026-07-26T19:30:00.000Z,MCT2408029,15.333611,74.206944,12.1875,513.76360625,761.5625,92.270416875,2.6925000000000003,7.442500000000001,2.9399999999999995,8.67,4.709999999999999,3.58125,26.905154374999988
2026-07-26T19:40:00.000Z,MCT2408029,15.333611,74.206944,12.3125,510.3289375,758.3125,92.56844124999999,3.215,7.545625000000001,2.9399999999999995,8.67,4.709999999999999,3.5862499999999997,26.807291250000006
2026-07-26T19:50:00.000Z,MCT2408029,15.333611,74.206944,12.0625,516.1642437499999,762.5,92.70719749999998,2.6518749999999995,7.550625,2.9399999999999995,8.7425,4.7825,3.535,26.804610625000002
2026-07-26T20:00:00.000Z,MCT2408029,15.333611,74.206944,12.25,521.4926312499999,762.4375,92.6385325,3.293125,7.3012500000000005,2.9399999999999995,8.77875,4.819375,3.629375,26.84349
2026-07-26T20:01:49.193Z,MCT2408029,15.333611,74.206944,12,518.7778,757.6666666666666,92.63281,3.5233333333333334,7.213333333333334,2.94,8.67,4.71,3.5,26.845723333333336
2026-07-26T19:10:00.000Z,MCT2408042,15.213889,74.071667,59.92307692307692,280.0207692307692,461.38461538461536,90.5517469230769,24.923076923076923,15.842307692307694,8.54,28.623076923076926,16.259999999999998,3.6053846153846156,27.61022846153846
2026-07-26T19:20:00.000Z,MCT2408042,15.213889,74.071667,60.1875,293.74687499999993,451.3125,89.46613750000002,25.226875,15.51875,4.834374999999998,17.784375,10.816875000000001,3.5293749999999995,27.856339375
2026-07-26T19:30:00.000Z,MCT2408042,15.213889,74.071667,60.5625,292.26625,466.4375,89.590113125,25.706875,14.956875,5.858125,20.40625,12.013125000000002,4.0125,27.897231249999997
2026-07-26T19:40:00.000Z,MCT2408042,15.213889,74.071667,61,287.98062500000003,483.3125,89.77083500000002,26.039375,14.18,7.223125000000001,23.25625,13.156874999999998,4.09125,27.818802499999997
2026-07-26T19:50:00.000Z,MCT2408042,15.213889,74.071667,60.5625,289.70312499999994,488.4375,90.090314375,25.36,13.928125000000001,7.848749999999999,24.96625,13.839999999999998,3.985,27.741711874999996
2026-07-26T20:00:00.000Z,MCT2408042,15.213889,74.071667,60.5,289.453125,495.125,90.50897875000001,25.24,13.881875,10.237499999999997,32.261874999999996,17.594375,4.191875,27.639825
2026-07-26T20:01:49.249Z,MCT2408042,15.213889,74.071667,62,292.90000000000003,491.3333333333333,90.66697333333333,26.76,14.219999999999999,10.92,34.35333333333333,18.826666666666664,3.9066666666666663,27.578603333333334
2026-07-26T19:10:00.000Z,MCT2408046,15.529167,74.07,31.05,237.04000000000002,650.15,91.10197450000001,13.410039000000001,11.702941650000003,5,12,5,3.8800000000000003,27.534453000000003
2026-07-26T19:20:00.000Z,MCT2408046,15.529167,74.07,31.076923076923077,237.04,640.5384615384615,90.27180923076922,13.479324615384618,10.69626761538462,5,12,5,4.2092307692307696,27.562791538461532
2026-07-26T19:30:00.000Z,MCT2408046,15.529167,74.07,30.96,237.04,638.84,89.91491720000002,13.331881600000004,11.069412360000003,5,12,5,4.1092,27.61993080000001
2026-07-26T19:40:00.000Z,MCT2408046,15.529167,74.07,30.88,237.04,643.6,90.46423440000001,13.244318,16.141176799999997,5,12,5,3.9816,27.589041999999996
2026-07-26T19:50:00.000Z,MCT2408046,15.529167,74.07,30.96,237.04,643.28,90.62963880000002,13.262311200000001,15.52294232,5,12,5,4.0748,27.5010972
2026-07-26T20:00:00.000Z,MCT2408046,15.529167,74.07,30.96,237.04,646.32,90.53747519999999,13.349620800000002,13.43706076,5,12,5,4.0708,27.4723532
2026-07-26T20:01:49.246Z,MCT2408046,15.529167,74.07,31,237.04,648.25,90.45462,13.28717,12.76471,5,12,5,3.92,27.5071
2026-07-26T19:10:00.000Z,MCT2408037,15.394444,74.118333,25.384615384615383,160,473.38461538461536,86.2088623076923,10.700000000000001,215.32230769230773,3.7199999999999993,14.466923076923079,8.013846153846153,3.4623076923076925,27.43532846153846
2026-07-26T19:20:00.000Z,MCT2408037,15.394444,74.118333,25.1875,160,474.8125,86.06724124999997,10.601249999999999,214.90000000000003,3.7199999999999993,13.951875000000003,7.543125,3.5125,27.492356874999995
2026-07-26T19:30:00.000Z,MCT2408037,15.394444,74.118333,25.4375,160,471.0625,85.93658687500002,10.768125000000001,214.28187500000007,4.228750000000001,16.456250000000004,8.89875,3.5712500000000014,27.504420625
2026-07-26T19:40:00.000Z,MCT2408037,15.394444,74.118333,25.4375,160,472.6875,85.91322437499998,10.728750000000003,214.00937500000003,4.32125,17.274375,9.599375,3.6056249999999985,27.450796875
2026-07-26T19:50:00.000Z,MCT2408037,15.394444,74.118333,25.4375,160.07025,478.3125,86.0176525,10.625625000000003,214.69500000000005,4.09,16.15,8.851875,3.585,27.385105625000005
2026-07-26T20:00:00.000Z,MCT2408037,15.394444,74.118333,25.375,160.45703749999998,457.4375,86.134475625,10.666875000000001,214.96875000000006,3.8124999999999996,15.586874999999997,8.898124999999999,3.596249999999999,27.248359999999998
2026-07-26T20:01:49.246Z,MCT2408037,15.394444,74.118333,26,160.5598666666667,448.3333333333333,86.23938,10.956666666666665,214.53333333333333,3.72,13.9,7.5,3.633333333333333,27.156746666666667
2026-07-26T19:10:00.000Z,MCT2408041,15.224628,74.171389,32.61538461538461,434.0391692307693,493.0769230769231,91.49544384615382,13.706923076923074,9.700000000000001,8.090000000000002,20.25,8.900000000000002,8.159230769230767,26.39004230769231
2026-07-26T19:20:00.000Z,MCT2408041,15.224628,74.171389,32.625,450.1747749999999,503.3125,91.49460249999998,13.733125000000001,9.7,8.090000000000002,20.25,8.900000000000002,8.17625,26.441296249999997
2026-07-26T19:30:00.000Z,MCT2408041,15.224628,74.171389,32.75,445.18045625,492.625,91.62477749999998,13.749999999999998,9.7,8.090000000000002,20.25,8.900000000000002,8.18625,26.458053125
2026-07-26T19:40:00.000Z,MCT2408041,15.224628,74.171389,32.75,440.04250625,495.0625,91.59759812499999,13.768125,9.7,8.090000000000002,20.25,8.900000000000002,8.153125000000001,26.503635625000012
2026-07-26T19:50:00.000Z,MCT2408041,15.224628,74.171389,32.75,438.16795625,494.875,92.019599375,13.800624999999998,9.7,8.090000000000002,20.25,8.900000000000002,7.93,26.435932500000003
2026-07-26T20:00:00.000Z,MCT2408041,15.224628,74.171389,32.6875,429.89510624999997,494.0625,92.20127812499999,13.703125,9.7,8.090000000000002,20.25,8.900000000000002,7.77875,26.442636250000007
2026-07-26T20:01:49.250Z,MCT2408041,15.224628,74.171389,32.333333333333336,428.21363333333335,507.6666666666667,92.16742,13.583333333333334,9.7,8.09,20.25,8.9,8.103333333333333,26.473916666666668
2026-07-26T19:10:00.000Z,MCT2408033,15.346944,74.007778,21.923076923076923,114.65635384615385,444.2307692307692,83.11719615384617,8.826923076923077,48.39550692307692,3.264615384615385,9.94,6.833076923076924,4.39,29.011916923076917
2026-07-26T19:20:00.000Z,MCT2408033,15.346944,74.007778,21.5625,114.32245624999999,439.0625,83.304923125,8.485000000000001,51.272591250000005,3.1443750000000006,9.550625,6.617500000000001,4.39,28.934213125000003
2026-07-26T19:30:00.000Z,MCT2408033,15.346944,74.007778,21.625,113.74186875000001,453,83.7078525,8.496875000000001,51.256591875,3.2206250000000005,9.167499999999999,6.028124999999999,4.39,28.830311875
2026-07-26T19:40:00.000Z,MCT2408033,15.346944,74.007778,21.5,113.68891875000001,462.5,84.16609187499999,8.437500000000002,50.439575,3.1825000000000006,9.55125,6.543750000000001,4.39,28.74719187500001
2026-07-26T19:50:00.000Z,MCT2408033,15.346944,74.007778,21.75,119.12055000000001,449.25,84.39592749999998,8.5925,48.725529374999994,3.3350000000000004,9.872499999999999,6.6175,4.39,28.774003750000002
2026-07-26T20:00:00.000Z,MCT2408033,15.346944,74.007778,21.4375,119.74412500000001,452.875,84.37780687499998,8.216249999999999,51.02033312500001,3.1825000000000006,9.615,6.6175,4.39,28.806848125
2026-07-26T20:01:49.388Z,MCT2408033,15.346944,74.007778,21.666666666666668,121.2844,463.3333333333333,84.61431666666668,8.299999999999999,51.521089999999994,3.233333333333333,9.743333333333334,6.666666666666667,4.39,28.76551333333333
2026-07-26T19:10:00.000Z,MCT2408024,15.148056,74.131667,40.61904761904762,216.20173333333332,639.952380952381,81.99308000000003,17.616785238095233,7.008864428571428,5,15.27571428571429,8.275714285714287,2.49,28.052039523809526
2026-07-26T19:20:00.000Z,MCT2408024,15.148056,74.131667,40.708333333333336,217.4453208333333,574.375,81.85915458333334,17.603056666666667,7.094757375000001,5,15.490000000000004,8.490000000000002,2.49,28.117093333333344
2026-07-26T19:30:00.000Z,MCT2408024,15.148056,74.131667,40.44,216.87614000000002,614.6,81.76947000000001,17.484877200000003,6.464646720000001,5,15.190000000000005,8.190000000000003,2.5048,28.124009200000003
2026-07-26T19:40:00.000Z,MCT2408024,15.148056,74.131667,40.6,217.85447600000003,631.6,81.87750440000002,17.563449200000008,6.580086840000002,5,15.750000000000005,8.750000000000002,2.4916,28.099984799999998
2026-07-26T19:50:00.000Z,MCT2408024,15.148056,74.131667,40.708333333333336,218.25007083333335,606.1666666666666,81.79493791666668,17.691314166666665,6.132756375000002,5,15.073333333333338,8.073333333333336,2.5066666666666664,28.10234499999999
2026-07-26T20:00:00.000Z,MCT2408024,15.148056,74.131667,40.84,219.04760799999997,609.64,81.91717359999998,17.7092704,6.81096708,5,15.190000000000005,8.190000000000003,2.5228000000000006,28.024052400000002
2026-07-26T20:01:49.456Z,MCT2408024,15.148056,74.131667,40.6,216.59557999999998,650,81.92877,17.517856000000002,6.9754689999999995,9.99,32.18,17.785999999999998,2.484,27.97901
2026-07-26T19:10:00.000Z,MCT2408045,15.619444,73.878889,27.23076923076923,178.11999999999995,454.61538461538464,85.58501384615384,11.073846153846155,16.60076923076923,3.0200000000000005,10.62076923076923,5.435384615384616,2.5300000000000002,27.658903076923075
2026-07-26T19:20:00.000Z,MCT2408045,15.619444,73.878889,27.125,178.714375,466,85.75348249999999,11.023125,16.771875,3.020000000000001,10.840000000000002,5.6525,2.5300000000000002,27.65121999999999
2026-07-26T19:30:00.000Z,MCT2408045,15.619444,73.878889,27.3125,180.83249999999998,464.5,86.0867925,11.141250000000001,16.432499999999997,3.020000000000001,11.481250000000001,6.290625000000001,2.5300000000000002,27.65524187499999
2026-07-26T19:40:00.000Z,MCT2408045,15.619444,73.878889,27.1875,186.64874999999995,442.5,85.95137062499998,11.059375000000001,16.041875,3.020000000000001,10.198750000000002,5.016875000000001,2.5300000000000002,27.578155
2026-07-26T19:50:00.000Z,MCT2408045,15.619444,73.878889,27.25,185.268125,441.125,86.08106875,11.07625,16.36875,3.020000000000001,9.842500000000001,4.6625,2.5300000000000002,27.4253225
2026-07-26T20:00:00.000Z,MCT2408045,15.619444,73.878889,27.3125,182.93750000000003,448.875,86.34094750000001,11.077500000000002,16.18875,3.020000000000001,9.771249999999998,4.591249999999998,2.5300000000000002,27.360975
2026-07-26T20:01:49.457Z,MCT2408045,15.619444,73.878889,27,180.79999999999998,453.6666666666667,86.5471,10.88,16.19,3.02,9.7,4.52,2.53,27.331926666666664
2026-07-26T19:10:00.000Z,MCT2408032,15.525556,73.828611,36,229.9733333333333,569.3333333333334,67.51212190476191,15.689999999999998,46.11380952380952,7.79809523809524,24.449047619047615,13.483809523809528,3.524761904761904,33.147992380952374
2026-07-26T19:20:00.000Z,MCT2408032,15.525556,73.828611,36.08,221.74719999999996,578.44,68.2593372,15.652800000000003,45.510799999999996,7.2340000000000035,24.06440000000001,13.874799999999999,3.2816,32.9987796
2026-07-26T19:30:00.000Z,MCT2408032,15.525556,73.828611,35.56,217.53520000000003,584.48,68.75219680000001,15.230000000000002,45.62359999999999,7.120000000000002,24.178800000000003,14.158,2.9751999999999996,32.99062920000001
2026-07-26T19:40:00.000Z,MCT2408032,15.525556,73.828611,35.36,221.6772,588.56,69.7638548,15.029200000000005,45.03920000000001,7.120000000000002,22.0716,12.064000000000004,3.0720000000000005,32.635844
2026-07-26T19:50:00.000Z,MCT2408032,15.525556,73.828611,35.8,215.45559999999998,609.84,69.86975000000001,15.401600000000006,44.49,7.120000000000002,22.414,12.4036,2.9487999999999994,32.618254799999995
2026-07-26T20:00:00.000Z,MCT2408032,15.525556,73.828611,35.16,208.6692,600.64,68.98901280000001,14.833600000000004,44.33,7.120000000000002,20.0244,10.024800000000003,2.4572000000000003,33.297368
2026-07-26T20:01:49.461Z,MCT2408032,15.525556,73.828611,35.6,216.03000000000003,574.6,69.602722,15.459999999999999,45.178000000000004,7.12,19.058,9.062000000000001,2.4799999999999995,33.12276000000001
2026-07-26T19:10:00.000Z,MCT2408022,15.475833,74.038889,25.615384615384617,150,446.46153846153845,88.10740615384617,4.577692307692308,11.435664615384614,5.615384615384615,20.615384615384617,12.461538461538462,4.268153153846155,27.747179230769234
2026-07-26T19:20:00.000Z,MCT2408022,15.475833,74.038889,25.5,150,446.125,88.31457500000002,4.37125,11.506463125,5.75,20.375,12.0625,4.268888500000001,27.681383749999995
2026-07-26T19:30:00.000Z,MCT2408022,15.475833,74.038889,25.9375,150,449.5,87.99890875000001,4.477499999999999,11.400727500000002,5.8125,21.375,12.8125,4.2701420625,27.763833125000005
2026-07-26T19:40:00.000Z,MCT2408022,15.475833,74.038889,26.125,150,448.625,87.99986249999999,4.406874999999999,11.395393125,6.25,21.9375,12.8125,4.2966999375,27.65993375
2026-07-26T19:50:00.000Z,MCT2408022,15.475833,74.038889,27.4,150,445.6,87.96769333333334,4.376666666666666,11.432195333333334,7,24.333333333333332,14.333333333333334,4.3046806,27.603627333333332
2026-07-26T20:00:00.000Z,MCT2408022,15.475833,74.038889,30.8125,150,443.125,87.97125187500001,4.469375,11.520079375,9.3125,31.1875,18.0625,4.279756812500001,27.587540625
2026-07-26T20:01:49.457Z,MCT2408022,15.475833,74.038889,31.333333333333332,150,441.6666666666667,88.04246333333333,4.593333333333334,11.171016666666667,9.666666666666666,32.333333333333336,18.666666666666668,4.244690666666667,27.582180000000005
2026-07-26T19:10:00.000Z,MCT2408036,15.171567,74.067106,36.46153846153846,120,479.46153846153845,89.88153615384616,10.39230769230769,7.457692307692309,2.792307692307692,9.857692307692307,6.041538461538462,11.29384615384615,27.482351538461533
2026-07-26T19:20:00.000Z,MCT2408036,15.171567,74.067106,36.46666666666667,120,464.46666666666664,90.622212,10.212,7.555999999999999,2.912666666666667,10.401999999999997,6.3153333333333315,11.203999999999999,27.347657333333334
2026-07-26T19:30:00.000Z,MCT2408036,15.171567,74.067106,35.9375,120,467.0625,89.73697999999997,10.44375,7.905,2.8287500000000008,10.479375,6.555625,10.928125000000003,27.58619875
2026-07-26T19:40:00.000Z,MCT2408036,15.171567,74.067106,36.875,120,469.5625,90.05264562500001,10.675624999999998,7.439375,2.795625,10.418125,6.5550000000000015,11.535625,27.4823
2026-07-26T19:50:00.000Z,MCT2408036,15.171567,74.067106,36.86666666666667,120,460.8,89.93556799999998,10.228,7.426666666666666,2.7006666666666663,9.828000000000001,6.146,11.528666666666664,27.510676666666665
2026-07-26T20:00:00.000Z,MCT2408036,15.171567,74.067106,36.4375,120,459.8125,89.67785374999998,10.265625,7.4875,2.7625,10.511874999999998,6.71375,11.275624999999998,27.5432975
2026-07-26T20:01:49.573Z,MCT2408036,15.171567,74.067106,36.333333333333336,120,450.6666666666667,89.84299666666668,10.910000000000002,7.406666666666666,2.983333333333333,10.636666666666668,6.419999999999999,11.226666666666667,27.478499999999997
2026-07-26T19:10:00.000Z,MCT2408038,15.188889,74.055556,34.53846153846154,389.1730769230769,643.2307692307693,87.95247307692306,14.25923076923077,13.330000000000004,5.950000000000002,16.900000000000002,7.939999999999999,4.676153846153846,28.087907692307688
2026-07-26T19:20:00.000Z,MCT2408038,15.188889,74.055556,34.875,395.304375,645.8125,88.061375,14.398125000000002,13.330000000000005,5.950000000000002,16.900000000000002,7.939999999999999,4.746250000000001,28.084918125
2026-07-26T19:30:00.000Z,MCT2408038,15.188889,74.055556,34.4375,406.49249999999995,640.9375,88.15435875000001,14.1925,13.330000000000005,5.950000000000002,16.900000000000002,7.939999999999999,4.700625,28.070838750000007
2026-07-26T19:40:00.000Z,MCT2408038,15.188889,74.055556,34.5,423.773125,630.75,88.126225,14.3375,13.330000000000005,5.950000000000002,16.900000000000002,7.939999999999999,4.7368749999999995,28.07151125
2026-07-26T19:50:00.000Z,MCT2408038,15.188889,74.055556,34.5625,433.11687500000005,627,88.12193250000001,14.39625,13.330000000000005,5.950000000000002,16.900000000000002,7.939999999999999,4.765000000000001,28.061456875000005
2026-07-26T20:00:00.000Z,MCT2408038,15.188889,74.055556,34.8125,429.17437500000005,624.5625,88.13099312500003,14.580625000000003,13.330000000000005,5.950000000000002,16.900000000000002,7.939999999999999,4.773125,28.065478125000002
2026-07-26T20:01:49.661Z,MCT2408038,15.188889,74.055556,34.666666666666664,429.0333333333333,628,88.23574,14.549999999999999,13.33,5.95,16.9,7.94,4.716666666666667,28.068383333333333
2026-07-26T19:10:00.000Z,MCT2408039,15.163611,74.110833,29,377.53846153846155,481,86.62495846153845,10.005384615384616,10.299999999999999,9.019999999999998,28.94,11.76,2.3000000000000003,27.16472384615384
2026-07-26T19:20:00.000Z,MCT2408039,15.163611,74.110833,29.1875,368.27500000000003,474.75,86.610835625,10.771249999999998,10.3,9.019999999999998,28.94,11.759999999999998,2.3,27.22288812500001
2026-07-26T19:30:00.000Z,MCT2408039,15.163611,74.110833,29,372.72124999999994,485.3125,86.65995062500004,10.136874999999996,10.3,9.019999999999998,28.94,11.759999999999998,2.3,27.209479999999992
2026-07-26T19:40:00.000Z,MCT2408039,15.163611,74.110833,29,380.429375,475.1875,86.745303125,10.055625,10.3,9.019999999999998,28.94,11.759999999999998,2.3,27.180656874999997
2026-07-26T19:50:00.000Z,MCT2408039,15.163611,74.110833,29,387.850625,473.125,86.71097062499999,10.782499999999997,10.3,9.019999999999998,28.94,11.759999999999998,2.3,27.201436249999997
2026-07-26T20:00:00.000Z,MCT2408039,15.163611,74.110833,29,384.826875,480.625,86.73576812499999,9.038749999999999,10.3,9.019999999999998,28.94,11.759999999999998,2.3,27.202106249999993
2026-07-26T20:01:49.660Z,MCT2408039,15.163611,74.110833,29,388.6966666666667,476,86.64119333333333,10.456666666666665,10.3,9.02,28.94,11.76,2.3,27.210373333333337
2026-07-26T19:10:00.000Z,MCT2408035,15.236111,74.125,41.76923076923077,190,582.4615384615385,90.30467384615386,16.508553846153845,63.79257307692307,3.7999999999999994,10.21923076923077,4.938461538461538,3.8299999999999987,26.815747692307696
2026-07-26T19:20:00.000Z,MCT2408035,15.236111,74.125,42.5625,190,559.8125,90.28629624999999,17.234581875,66.61491,3.799999999999999,10.21375,4.933124999999999,3.8299999999999987,26.902475000000003
2026-07-26T19:30:00.000Z,MCT2408035,15.236111,74.125,42.3125,190,573,90.180918125,16.982303125,66.49706249999998,3.799999999999999,10.19,4.909999999999998,3.8299999999999987,26.962803749999996
2026-07-26T19:40:00.000Z,MCT2408035,15.236111,74.125,42.9375,190,577.25,90.162795625,17.506624375,66.89219437499999,3.799999999999999,10.19,4.909999999999998,3.8299999999999987,26.96280500000001
2026-07-26T19:50:00.000Z,MCT2408035,15.236111,74.125,42.375,190,574.3125,90.20857437499998,16.962539375,63.21123499999999,3.799999999999999,10.19,4.909999999999998,3.8299999999999987,26.950068750000007
2026-07-26T20:00:00.000Z,MCT2408035,15.236111,74.125,42.6875,190,564.25,90.26865249999999,17.360721250000005,65.91892374999999,3.799999999999999,10.19,4.909999999999998,3.8299999999999987,26.940013125000007
2026-07-26T20:01:49.659Z,MCT2408035,15.236111,74.125,43.333333333333336,190,593,90.32619,17.68973,68.33777333333333,3.7999999999999994,10.19,4.91,3.83,26.956546666666668
2026-07-26T19:10:00.000Z,MCT2408031,15.290833,74.149167,18.076923076923077,180.8952615384615,580.3846153846154,87.22767846153845,7.425285846153846,6.219597230769231,4.177692307692308,11.336153846153847,6.483846153846153,4.838461538461538,26.59051846153847
2026-07-26T19:20:00.000Z,MCT2408031,15.290833,74.149167,18.0625,176.29057499999996,587.25,87.25504375,7.462125125000001,6.41687,4.40625,11.791875,6.66625,4.824999999999999,26.539161875000005
2026-07-26T19:30:00.000Z,MCT2408031,15.290833,74.149167,18.125,186.71339375,577.9375,87.25599687499998,7.512668875000001,6.5790756875000005,4.37625,11.681875000000002,6.6075,4.9525,26.48888875
2026-07-26T19:40:00.000Z,MCT2408031,15.290833,74.149167,18.125,185.94673749999998,584.9375,87.359469375,7.5104254375,6.3568455,4.169375,11.140000000000002,6.249374999999999,4.961875000000001,26.43124
2026-07-26T19:50:00.000Z,MCT2408031,15.290833,74.149167,17.933333333333334,184.49249333333336,589.7333333333333,87.402102,7.419341066666667,6.394833466666666,4.034,10.926,6.253333333333332,4.846,26.408852000000007
2026-07-26T20:00:00.000Z,MCT2408031,15.290833,74.149167,18.125,181.25995000000003,590.5625,87.49250937500003,7.560969125000001,6.17842275,4.643750000000001,12.335625,6.905625,4.918124999999999,26.391691875000006
2026-07-26T20:01:49.668Z,MCT2408031,15.290833,74.149167,18,176.14676666666665,593.6666666666666,87.49822999999999,7.127674333333332,6,4.286666666666667,11.156666666666666,6.19,4.303333333333334,26.39169
2026-07-26T19:10:00.000Z,MCT2408026,15.2467,74.198281,30.952380952380953,125,638.9047619047619,90.66878761904765,13.30218619047619,12.5,4.730000000000002,14.601428571428569,7.802380952380952,2.4080952380952376,27.017322857142858
2026-07-26T19:20:00.000Z,MCT2408026,15.2467,74.198281,30.88,126.807248,640.96,91.11578320000001,13.133140000000003,12.5,4.730000000000003,14.509999999999996,7.710000000000001,2.446,26.943820799999994
2026-07-26T19:30:00.000Z,MCT2408026,15.2467,74.198281,30.88,125,641.6,91.06329400000003,13.1427644,12.5,4.730000000000003,14.509999999999996,7.710000000000001,2.4488,26.94124720000001
2026-07-26T19:40:00.000Z,MCT2408026,15.2467,74.198281,30.84,125,645.76,91.14050240000005,13.054521600000003,12.5,4.730000000000003,14.586799999999997,7.787600000000001,2.37,26.952830000000002
2026-07-26T19:50:00.000Z,MCT2408026,15.2467,74.198281,30.96,125,640.68,90.99951120000001,13.144960800000002,12.5,4.730000000000003,14.701999999999998,7.904000000000002,2.3784000000000005,27.003022400000006
2026-07-26T20:00:00.000Z,MCT2408026,15.2467,74.198281,31.28,125,656.84,91.2952264,13.1512904,12.5,5.9012,19.382799999999996,10.798,2.3596,26.95325840000001
2026-07-26T20:01:49.764Z,MCT2408026,15.2467,74.198281,31,125,656,91.32628,13.398335,12.5,4.73,14.51,7.71,2.13,26.9735275
2026-07-26T20:50:00.000Z,MCT2408028,15.186944,74.096667,40.69230769230769,598.3392307692307,504.61538461538464,93.0189776923077,17.63230769230769,12.808461538461538,5.605384615384616,19.73384615384615,11.77692307692308,1.2861538461538464,26.413968461538463
2026-07-26T21:00:00.000Z,MCT2408028,15.186944,74.096667,41.72,611.766,472.52,93.69146720000002,18.2076,13.277999999999999,6.63,23.3076,13.797600000000003,1.0776000000000001,26.238968399999994
2026-07-26T21:10:00.000Z,MCT2408028,15.186944,74.096667,41.8,615.004,476.36,94.0140376,18.246,12.887599999999999,7.870000000000002,26.768,15.628400000000008,1.7239999999999998,26.244118
2026-07-26T21:20:00.000Z,MCT2408028,15.186944,74.096667,41.68,610.66,481.64,94.39337200000004,18.1232,12.719199999999999,8.310000000000002,27.363600000000005,15.746800000000002,1.7168,26.255271199999996
2026-07-26T21:30:00.000Z,MCT2408028,15.186944,74.096667,41.76,605.5160000000001,482.68,94.3408808,18.200400000000002,12.9544,10.949600000000002,36.31279999999999,20.6388,1.6448000000000005,26.2046492
2026-07-26T21:40:00.000Z,MCT2408028,15.186944,74.096667,41.68,603.9939999999999,489.4,94.48156800000001,18.119999999999997,12.771999999999998,8.830000000000004,29.273200000000006,16.82040000000001,1.7392000000000007,26.164749600000007
2026-07-26T21:44:40.255Z,MCT2408028,15.186944,74.096667,41.54545454545455,598.1454545454545,495.8181818181818,94.7107818181818,17.984545454545454,12.55909090909091,8.353636363636362,27.75181818181818,16.086363636363636,1.718181818181818,26.090411818181813
2026-07-26T20:50:00.000Z,MCT2408020,15.543475,74.039433,22.75,180,693.125,88.34318875000001,9.426758750000001,19.020616250000003,5.57,15.840000000000002,7.43,3.66,27.260429999999992
2026-07-26T21:00:00.000Z,MCT2408020,15.543475,74.039433,22.5625,180,692.9375,88.615936875,9.148980875000001,18.55929125,5.5699999999999985,15.840000000000002,7.430000000000003,3.6599999999999984,27.283888125
2026-07-26T21:10:00.000Z,MCT2408020,15.543475,74.039433,22.5,180,697.1875,88.86150625,9.1163396875,18.432895000000002,5.5699999999999985,15.840000000000002,7.430000000000003,3.6599999999999984,27.3489075
2026-07-26T21:20:00.000Z,MCT2408020,15.543475,74.039433,23,180,700.875,88.76423312499999,9.4095928125,18.745097500000004,5.5699999999999985,15.840000000000002,7.430000000000003,3.6599999999999984,27.446103749999995
2026-07-26T21:30:00.000Z,MCT2408020,15.543475,74.039433,22.3125,180,699.875,88.98405500000004,8.9470198125,18.8095575,5.5699999999999985,15.840000000000002,7.430000000000003,3.6599999999999984,27.427334999999996
2026-07-26T21:40:00.000Z,MCT2408020,15.543475,74.039433,22.4375,180,703.3125,89.02792250000002,9.055478125,18.839263125000002,5.5699999999999985,15.840000000000002,7.430000000000003,3.6599999999999984,27.484981874999995
2026-07-26T21:44:40.255Z,MCT2408020,15.543475,74.039433,22.625,180,697,89.00980374999999,9.253017625,18.85634375,5.57,15.840000000000002,7.43,3.66,27.535256250000003
2026-07-26T20:50:00.000Z,MCT2408056,15.579167,73.920833,18.625,180,728.25,88.91157375,6.737500000000001,9.123532875,4.69,14.45625,8.31625,1.8137500000000002,27.90393375
2026-07-26T21:00:00.000Z,MCT2408056,15.579167,73.920833,18.75,180,729.25,89.02649374999999,6.39375,22.277581562500004,4.6899999999999995,14.797499999999998,8.668125000000002,2.8987499999999997,27.932085624999996
2026-07-26T21:10:00.000Z,MCT2408056,15.579167,73.920833,18.25,180,729,89.2262875,6.642499999999999,13.678843500000001,4.6899999999999995,13.887499999999998,7.7325,2.0668749999999996,27.84025375
2026-07-26T21:20:00.000Z,MCT2408056,15.579167,73.920833,18.3125,180,706.0625,89.61348125000002,6.592500000000001,12.016872062500001,4.6899999999999995,14.058124999999999,7.908125,2.0900000000000003,27.789307499999996
2026-07-26T21:30:00.000Z,MCT2408056,15.579167,73.920833,18,180,722.8125,89.84713250000001,7.099375,10.950557125,4.6899999999999995,13.659999999999998,7.5,1.6137499999999998,27.757130625
2026-07-26T21:40:00.000Z,MCT2408056,15.579167,73.920833,18.1875,180,718.75,89.72887562500001,6.88625,10.818808375,4.6899999999999995,13.830624999999998,7.674375000000001,2.083125,27.791988749999998
2026-07-26T21:44:40.264Z,MCT2408056,15.579167,73.920833,18,180,727.625,89.51525,7.133750000000001,10.05604425,4.69,13.659999999999998,7.5,1.6162500000000002,27.827516250000002
2026-07-26T20:50:00.000Z,MCT2408057,15.272222,74.104722,29.846153846153847,344.51769230769236,609.2307692307693,85.23699538461538,12.283076923076921,9.170769230769228,3.4861538461538455,11.04846153846154,6.08846153846154,2.0969230769230767,28.634886153846157
2026-07-26T21:00:00.000Z,MCT2408057,15.272222,74.104722,29.84,339.6175999999999,615.4,86.00256280000002,12.276399999999997,9.192399999999997,3.4339999999999997,11.058800000000002,6.222,2.0232,28.401577200000006
2026-07-26T21:10:00.000Z,MCT2408057,15.272222,74.104722,29.8,339.37959999999975,618.52,86.5393688,12.3244,9.186799999999998,3.339199999999999,10.9236,6.199199999999999,2.1632,28.260431599999997
2026-07-26T21:20:00.000Z,MCT2408057,15.272222,74.104722,29.56,341.07199999999995,625.48,86.63946639999999,12.203999999999999,9.174799999999998,3.291199999999999,10.6516,6.0211999999999986,2.1156,28.226540800000002
2026-07-26T21:30:00.000Z,MCT2408057,15.272222,74.104722,29.68,335.41919999999993,621,86.727966,12.206,9.2996,3.600400000000001,11.896800000000002,6.885599999999999,2.1304,28.1424564
2026-07-26T21:40:00.000Z,MCT2408057,15.272222,74.104722,29.72,339.6123999999999,610.04,87.3053588,12.279599999999999,9.262799999999997,3.3631999999999986,11.149200000000002,6.3759999999999994,2.3600000000000003,27.9206632
2026-07-26T21:44:40.265Z,MCT2408057,15.272222,74.104722,29.25,330.78999999999996,601.5833333333334,86.7327475,12.031666666666666,9.288333333333332,3.528333333333333,11.494166666666667,6.4558333333333335,2.1983333333333337,28.04514416666667
2026-07-26T20:50:00.000Z,MCT2408055,15.585833,73.885556,19.5,105.92249999999999,684,89.84426875000001,8.6225,24.472807499999995,3.5,9.127500000000001,4.6850000000000005,1.5074999999999998,27.297966249999998
2026-07-26T21:00:00.000Z,MCT2408055,15.585833,73.885556,19.625,106.19749999999999,687.625,90.01974500000001,8.730000000000002,22.8590175,3.5,10.075625000000002,5.663124999999999,1.4406249999999998,27.32544875
2026-07-26T21:10:00.000Z,MCT2408055,15.585833,73.885556,19.375,107.19500000000001,677.875,90.21811000000001,8.541250000000002,23.077290625000003,3.5,10.200000000000001,5.79,1.4312500000000001,27.323437499999997
2026-07-26T21:20:00.000Z,MCT2408055,15.585833,73.885556,19.6875,106.72687499999998,673.375,90.18616437500002,8.724375,25.147901875,3.5,9.951875000000003,5.535625,1.1825,27.360975625000005
2026-07-26T21:30:00.000Z,MCT2408055,15.585833,73.885556,19.3125,105.96625,679.25,90.0936575,8.524375000000003,25.168180000000003,3.5,9.003750000000002,4.5575,1.288125,27.35695375
2026-07-26T21:40:00.000Z,MCT2408055,15.585833,73.885556,19.375,106.93124999999998,675.25,89.97444437500002,8.580625000000001,26.223761874999997,3.5,9.869375000000003,5.450625000000001,1.4362500000000002,27.349579375000005
2026-07-26T21:44:40.278Z,MCT2408055,15.585833,73.885556,19.5,106.9,681.625,89.91770249999999,8.70125,25.985208749999998,3.5,8.9625,4.515,1.305,27.32611875
2026-07-26T20:50:00.000Z,MCT2408053,15.263333,74.110833,43.375,189.480575,636.5,92.95992249999998,17.885,25.32,8.14875,27.953750000000003,18.05,6.635000000000001,26.545865000000003
2026-07-26T21:00:00.000Z,MCT2408053,15.263333,74.110833,44.0625,196.70890000000003,661.1875,93.04241562499999,18.528125,25.510624999999997,7.001249999999999,24.064999999999998,15.580624999999998,6.740625000000001,26.567315000000004
2026-07-26T21:10:00.000Z,MCT2408053,15.263333,74.110833,44.4375,210.44411250000002,672.125,93.22266000000002,18.77125,24.990000000000002,6.196875000000002,20.173750000000002,12.550000000000006,6.703125,26.533127500000006
2026-07-26T21:20:00.000Z,MCT2408053,15.263333,74.110833,42.8125,215.207625,620.875,93.34520687499997,17.411874999999995,25.03,4.647500000000001,14.341875,8.600625000000003,6.845625,26.567315000000004
2026-07-26T21:30:00.000Z,MCT2408053,15.263333,74.110833,45.375,212.48803124999998,666.875,93.29370812500002,19.629375000000003,26.089375,4.590000000000002,15.678125000000003,10.291875000000001,7.111875000000001,26.582731875
2026-07-26T21:40:00.000Z,MCT2408053,15.263333,74.110833,44.125,190.3969625,664.375,92.90604062500002,18.528125,25.99,4.992500000000001,16.65,10.574375000000002,6.952500000000001,26.556590625000005
2026-07-26T21:44:40.454Z,MCT2408053,15.263333,74.110833,44.285714285714285,173.96880000000002,642,92.70365714285712,18.672857142857143,25.791428571428572,5.247142857142857,18.054285714285715,11.761428571428569,6.8985714285714295,26.54031
2026-07-26T20:50:00.000Z,MCT2408043,15.221111,74.087222,56.888888888888886,214.75666666666666,681.6666666666666,85.37895333333333,24.471111111111114,33.08888888888889,6.329999999999999,19.596666666666668,10.534444444444444,5.29,27.733520000000002
2026-07-26T21:00:00.000Z,MCT2408043,15.221111,74.087222,57,216.55624999999998,666.9375,85.50123500000001,24.33875,33.462500000000006,6.488749999999999,21.886875,12.490000000000002,5.290000000000001,27.572123125
2026-07-26T21:10:00.000Z,MCT2408043,15.221111,74.087222,57,217.06799999999996,676.1333333333333,85.61173399999997,24.34,33.40133333333334,6.329999999999999,22.230666666666664,13.151333333333334,5.290000000000001,27.45490866666666
2026-07-26T21:20:00.000Z,MCT2408043,15.221111,74.087222,56.9375,214.42062499999997,658.5625,85.88222937500001,24.35875,33.41375000000001,6.329999999999999,21.806874999999998,12.73,5.290000000000001,27.371699374999995
2026-07-26T21:30:00.000Z,MCT2408043,15.221111,74.087222,57,215.21749999999994,651.25,86.0281425,24.32875,33.426875,6.329999999999999,20.840625000000003,11.77,5.290000000000001,27.322095624999996
2026-07-26T21:40:00.000Z,MCT2408043,15.221111,74.087222,56.9375,213.4475,678.375,86.0996675,24.291875000000005,33.909375000000004,6.409374999999999,22.288124999999997,13.050000000000002,5.290000000000001,27.262438125000003
2026-07-26T21:44:40.459Z,MCT2408043,15.221111,74.087222,57,214.3957142857143,665.4285714285714,86.14564857142857,24.322857142857142,33.80142857142857,7.2371428571428575,26.3,15.370000000000001,5.29,27.214458571428565
2026-07-26T20:50:00.000Z,MCT2408021,15.500556,74.053333,48.375,375,596.875,88.86007625,21.1875,14.555679999999999,2.86,8.37,4.88,4.4037500000000005,27.350249999999996
2026-07-26T21:00:00.000Z,MCT2408021,15.500556,74.053333,48.4375,375,590.25,88.91348312499998,21.191250000000004,14.4839975,2.86,7.963125,4.435625000000001,4.343750000000001,27.30131625
2026-07-26T21:10:00.000Z,MCT2408021,15.500556,74.053333,48.25,375,592.5625,88.90442375,21.016875,14.395470000000001,2.86,7.883124999999999,4.3481250000000005,4.27125,27.259086874999994
2026-07-26T21:20:00.000Z,MCT2408021,15.500556,74.053333,48.5,375,597,88.5591925,21.28,14.74387875,3.781875,10.625,6.041250000000001,4.3375,27.33215125
2026-07-26T21:30:00.000Z,MCT2408021,15.500556,74.053333,48.0625,375,581.6875,88.41327999999999,21.00625,14.626220625,2.86,7.664375,4.109375,4.401875,27.116978125
2026-07-26T21:40:00.000Z,MCT2408021,15.500556,74.053333,48.0625,375,574.9375,88.797133125,20.854375,14.388625624999996,2.86,7.5,3.9300000000000006,4.380624999999999,26.822038125
2026-07-26T21:44:40.459Z,MCT2408021,15.500556,74.053333,48.142857142857146,375,576,89.28786714285715,21.038571428571426,14.371778571428573,2.86,7.452857142857143,3.8785714285714286,4.398571428571429,26.719575714285714
2026-07-26T20:50:00.000Z,MCT2408051,15.486528,74.033889,52.375,362.935,664.125,96.92625249999999,22.31625,5.19,3.73,10.57,4.98,4.39,26.5632925
2026-07-26T21:00:00.000Z,MCT2408051,15.486528,74.033889,52.125,354.355625,659.625,96.61440187499998,22.156249999999996,5.1899999999999995,3.7299999999999986,10.569999999999997,4.980000000000002,4.39,26.5203925
2026-07-26T21:10:00.000Z,MCT2408051,15.486528,74.033889,52.125,354.986875,657.6875,96.56528749999998,22.165625,5.1899999999999995,3.7299999999999986,10.569999999999997,4.980000000000002,4.39,26.51637125
2026-07-26T21:20:00.000Z,MCT2408051,15.486528,74.033889,51.9375,355.45937499999997,645.375,96.140428125,22.033125,5.1899999999999995,3.7299999999999986,10.569999999999997,4.980000000000002,4.39,26.463416249999998
2026-07-26T21:30:00.000Z,MCT2408051,15.486528,74.033889,51.8125,351.0450000000001,635.6875,95.78852124999999,21.95625,5.1899999999999995,3.7299999999999986,10.569999999999997,4.980000000000002,4.39,26.167135000000002
2026-07-26T21:40:00.000Z,MCT2408051,15.486528,74.033889,52.5,355.015,635.625,96.31447125,22.39625,5.1899999999999995,3.7299999999999986,10.569999999999997,4.980000000000002,4.39,26.0404425
2026-07-26T21:44:40.480Z,MCT2408051,15.486528,74.033889,52.5,359.42999999999995,646.5,96.81944375,22.402500000000003,5.19,3.73,10.57,4.98,4.39,26.02435625
2026-07-26T20:50:00.000Z,MCT2408034,15.356389,74.123611,41,206.2865142857143,477.85714285714283,79.65357857142855,15.199999999999998,4.786428571428572,6.38,18.957142857142856,9.577142857142857,1.5614285714285714,30.12938857142857
2026-07-26T21:00:00.000Z,MCT2408034,15.356389,74.123611,41,212.3505416666667,474.2083333333333,79.63613791666667,15.26666666666666,4.303750000000001,6.379999999999998,19.694166666666664,10.314166666666665,1.553333333333333,30.121346250000006
2026-07-26T21:10:00.000Z,MCT2408034,15.356389,74.123611,40,209.86478000000002,469.72,79.65429640000002,15.199999999999994,4.276,6.379999999999998,19.355199999999996,9.9752,1.5548,30.104292800000007
2026-07-26T21:20:00.000Z,MCT2408034,15.356389,74.123611,40,204.977196,473.04,79.99395679999996,15.199999999999994,4.454,6.379999999999998,19.843999999999998,10.464,1.5359999999999996,30.082414399999998
2026-07-26T21:30:00.000Z,MCT2408034,15.356389,74.123611,40,180.37319200000002,470.12,80.09802199999999,15.199999999999994,4.082800000000001,6.379999999999998,21.0812,11.7008,1.3048,30.089277600000006
2026-07-26T21:40:00.000Z,MCT2408034,15.356389,74.123611,40,190.51005999999998,470.56,79.9002692,15.199999999999994,4.4548,6.379999999999998,20.0672,10.6872,1.5035999999999998,30.086704399999995
2026-07-26T21:44:40.654Z,MCT2408034,15.356389,74.123611,40,208.06263636363636,476.3636363636364,79.94374272727272,15.2,4.454545454545454,6.380000000000001,20.459999999999997,11.08,1.4409090909090907,30.071376363636364
2026-07-26T20:50:00.000Z,MCT2408050,15.553611,73.958333,27.333333333333332,86.02999999999999,507.77777777777777,91.51637777777779,11.168888888888887,4.462222222222222,4.240000000000001,13.26222222222222,7.177777777777777,2.8633333333333333,26.997064444444444
2026-07-26T21:00:00.000Z,MCT2408050,15.553611,73.958333,27.25,86.02999999999999,512.5,91.73874375,11.034375,4.402500000000001,4.240000000000001,13.6325,7.543750000000001,2.9425,27.022461875
2026-07-26T21:10:00.000Z,MCT2408050,15.553611,73.958333,27.5625,86.02999999999999,513,91.78928875,11.293750000000001,4.551874999999999,4.240000000000001,14.169999999999998,8.075625,2.7737499999999997,27.072064375
2026-07-26T21:20:00.000Z,MCT2408050,15.553611,73.958333,27.25,86.02999999999999,525.9375,91.97668374999998,11.171875000000002,4.266875000000001,4.240000000000001,13.148749999999998,7.065624999999998,2.7800000000000002,27.108260000000005
2026-07-26T21:30:00.000Z,MCT2408050,15.553611,73.958333,27.4,86.02999999999999,511.8,92.01839199999999,11.218,4.391333333333333,4.240000000000001,12.994666666666664,6.913333333333331,2.744666666666667,27.118136000000007
2026-07-26T21:40:00.000Z,MCT2408050,15.553611,73.958333,27.3125,86.02999999999999,496.0625,92.00291187500001,11.232500000000002,4.10125,4.240000000000001,13.041249999999998,6.959374999999998,2.65,27.096864375000003
2026-07-26T21:44:40.654Z,MCT2408050,15.553611,73.958333,27.625,86.02999999999999,499.625,91.94235375,11.467499999999998,4.02,4.240000000000001,12.879999999999999,6.799999999999999,2.7262500000000003,27.06335125
2026-07-26T20:50:00.000Z,MCT2408030,15.142519,74.075003,26,163.0469222222222,456.55555555555554,86.57846666666667,8.767777777777779,6.200000000000001,9.37,24.741111111111113,12.414444444444445,3.1222222222222227,26.933906666666665
2026-07-26T21:00:00.000Z,MCT2408030,15.142519,74.075003,26,163.41293125,457.625,86.54979999999999,8.998750000000001,6.200000000000002,9.370000000000001,24.639999999999993,12.31,2.9974999999999996,27.017099375000004
2026-07-26T21:10:00.000Z,MCT2408030,15.142519,74.075003,26,163.38093125,452.375,86.538835,8.933125,6.200000000000002,9.370000000000001,24.639999999999993,12.31,3.2212499999999995,27.03653999999999
2026-07-26T21:20:00.000Z,MCT2408030,15.142519,74.075003,26,164.07763749999998,448.8125,86.56648750000002,8.8825,6.200000000000002,9.370000000000001,24.639999999999993,12.31,3.191875,27.032517499999994
2026-07-26T21:30:00.000Z,MCT2408030,15.142519,74.075003,26,163.85595625000002,452.3125,86.53883687499999,9.143125,6.200000000000002,9.370000000000001,24.639999999999993,12.31,3.0537499999999995,27.009054374999998
2026-07-26T21:40:00.000Z,MCT2408030,15.142519,74.075003,26,164.7490875,453,86.53072937500002,8.925,6.200000000000002,9.370000000000001,24.639999999999993,12.31,3.5562500000000004,26.948058125
2026-07-26T21:44:40.659Z,MCT2408030,15.142519,74.075003,26,163.40504285714286,448.14285714285717,86.49114999999999,8.954285714285716,6.200000000000001,9.37,24.640000000000004,12.31,3.1428571428571432,26.886580000000002
2026-07-26T20:50:00.000Z,MCT2408029,15.333611,74.206944,12.333333333333334,530.6082222222223,766.4444444444445,92.75912,3.0744444444444454,7.5311111111111115,2.9400000000000004,9.056666666666667,5.1,3.6455555555555557,26.768264444444444
2026-07-26T21:00:00.000Z,MCT2408029,15.333611,74.206944,12.933333333333334,525.1429000000002,780.8666666666667,92.770142,4.029333333333332,7.403999999999999,2.9399999999999995,8.862666666666666,4.9046666666666665,3.5766666666666667,26.742760666666666
2026-07-26T21:10:00.000Z,MCT2408029,15.333611,74.206944,12.0625,526.17068125,776.1875,92.93560624999998,3.6131249999999997,7.687500000000001,2.9399999999999995,8.814375,4.856249999999999,3.5206250000000003,26.665851250000003
2026-07-26T21:20:00.000Z,MCT2408029,15.333611,74.206944,12.4375,526.5173875,776.0625,93.11346499999999,4.194375,7.661250000000001,2.9399999999999995,9.032499999999999,5.074375,3.581875,26.641048124999998
2026-07-26T21:30:00.000Z,MCT2408029,15.333611,74.206944,12.5,523.57819375,768.375,93.32899624999999,4.553125,7.5493749999999995,2.9399999999999995,8.92375,4.964999999999999,3.66875,26.661158749999995
2026-07-26T21:40:00.000Z,MCT2408029,15.333611,74.206944,12.3125,518.93444375,767.625,93.371910625,2.9149999999999996,8.015000000000002,2.9399999999999995,9.43,5.476249999999999,3.635625,26.745622499999996
2026-07-26T21:44:40.676Z,MCT2408029,15.333611,74.206944,12.125,512.786775,741.625,93.22313749999999,3.4200000000000004,8.11875,2.9400000000000004,9.1775,5.22,3.6,26.84751
2026-07-26T20:50:00.000Z,MCT2408052,15.444425,74.063856,31,160,555.1111111111111,88.59347222222222,3.705341111111111,8,10.776666666666666,29.96111111111111,14.074444444444444,2,27.77523
2026-07-26T21:00:00.000Z,MCT2408052,15.444425,74.063856,30.75,160,587.0625,88.81763687500002,4.111535062500001,8.599419937499999,10.766874999999999,29.461875,13.6575,2,27.731656875
2026-07-26T21:10:00.000Z,MCT2408052,15.444425,74.063856,31.533333333333335,160,646.4,88.67112133333333,3.7783392,8.171026666666666,11.105333333333332,31.12466666666666,14.773333333333335,2,27.76808
2026-07-26T21:20:00.000Z,MCT2408052,15.444425,74.063856,31.125,160,638.625,88.84434000000003,3.7058773125000006,8,10.89,30.107499999999998,14.022500000000003,2,27.745734374999998
2026-07-26T21:30:00.000Z,MCT2408052,15.444425,74.063856,31.0625,160,658.5,88.98453125000002,3.7446930625,8,10.891874999999997,30.15125,14.130625000000002,2,27.725625
2026-07-26T21:40:00.000Z,MCT2408052,15.444425,74.063856,31.875,160,641.375,89.27921687499997,3.682368375,8,11.308749999999996,31.918124999999993,15.230624999999998,2,27.65390124999999
2026-07-26T21:44:40.804Z,MCT2408052,15.444425,74.063856,32,160,637.5714285714286,89.44699714285716,3.6967418571428574,8,11.42,32.215714285714284,15.337142857142856,2,27.651124285714282
2026-07-26T20:50:00.000Z,MCT2408040,15.528056,74.020833,19,100,454.625,86.6723475,8.113750000000001,4.699999999999999,3.07,8.42,3.73,3.5,27.874438749999996
2026-07-26T21:00:00.000Z,MCT2408040,15.528056,74.020833,18.9375,100,452.875,86.92268687499998,8.071250000000001,4.705,3.07,8.42,3.7299999999999986,3.5,27.864384374999997
2026-07-26T21:10:00.000Z,MCT2408040,15.528056,74.020833,19.1875,100,453.375,87.3885575,8.27,4.5737499999999995,3.07,8.42,3.7299999999999986,3.5,27.764504374999998
2026-07-26T21:20:00.000Z,MCT2408040,15.528056,74.020833,19.25,100,451.5,87.325615,8.314375,4.623749999999999,3.07,8.42,3.7299999999999986,3.5,27.64317625
2026-07-26T21:30:00.000Z,MCT2408040,15.528056,74.020833,18.9375,100,454.75,87.52874687500001,8.063125000000003,4.69125,3.07,8.42,3.7299999999999986,3.5,27.478949374999996
2026-07-26T21:40:00.000Z,MCT2408040,15.528056,74.020833,19.125,100,463.1875,88.00844687499998,8.193750000000001,4.741875,3.07,8.42,3.7299999999999986,3.5,27.338853750000006
2026-07-26T21:44:40.854Z,MCT2408040,15.528056,74.020833,19,100,471.625,88.16770875,8.015,4.87,3.07,8.42,3.73,3.5,27.297964999999998
2026-07-26T20:50:00.000Z,MCT2408027,15.275556,74.1075,25.5,1178.28375,647.25,91.08404625,6.579999999999999,12.71,4.93,16.020000000000003,9.14,2.9499999999999997,27.008385000000004
2026-07-26T21:00:00.000Z,MCT2408027,15.275556,74.1075,25.5625,1174.09,629.5,91.14937187500001,6.579999999999999,12.673125000000004,4.991875,16.265625,9.263125,2.9500000000000006,27.009054374999998
2026-07-26T21:10:00.000Z,MCT2408027,15.275556,74.1075,25.9375,1174.15625,646.4375,91.20134687500001,6.579999999999999,12.646250000000004,5.1775,17.004375,9.634374999999999,2.9500000000000006,27.023132500000003
2026-07-26T21:20:00.000Z,MCT2408027,15.275556,74.1075,27.1875,1175.82,635.8125,91.29051437500001,6.579999999999999,12.798125000000004,5.856250000000001,19.713125,11.179375000000002,2.9500000000000006,27.025811875000002
2026-07-26T21:30:00.000Z,MCT2408027,15.275556,74.1075,27.8125,1175.983125,608.4375,91.36060937500001,6.579999999999999,12.739375000000006,6.041875000000001,20.76125,11.85875,2.9500000000000006,27.047261874999997
2026-07-26T21:40:00.000Z,MCT2408027,15.275556,74.1075,27.375,1173.745625,618.3125,91.3806375,6.579999999999999,12.707500000000003,5.733750000000001,20.083749999999995,11.674374999999998,2.9500000000000006,27.028494375
2026-07-26T21:44:40.854Z,MCT2408027,15.275556,74.1075,27.5,1174.4862500000002,640.25,91.27191875,6.579999999999999,12.881250000000001,6.0425,20.0825,11.239999999999998,2.9499999999999997,27.019110000000005
2026-07-26T20:50:00.000Z,MCT2408023,15.499722,74.020833,36.5,150.51,499.625,85.84932875,10.6225,19.5875,10.29875,34.3525,22.656249999999996,5.1987499999999995,28.11307
2026-07-26T21:00:00.000Z,MCT2408023,15.499722,74.020833,30.5625,184.54687499999994,501.4375,86.71335624999998,10.590625,19.761249999999997,6.735000000000002,23.033749999999998,15.496875000000001,5.328125000000001,28.096983749999993
2026-07-26T21:10:00.000Z,MCT2408023,15.499722,74.020833,28.125,226.2225,492.8125,87.327521875,10.525624999999998,19.411875000000002,6.340000000000002,20.025624999999998,12.778125000000001,5.1487500000000015,28.029950625000005
2026-07-26T21:20:00.000Z,MCT2408023,15.499722,74.020833,28.125,241.02937500000004,477.5625,87.04714187500001,10.85625,19.435625,6.340000000000002,19.78875,12.50625,5.565625000000001,27.781933124999995
2026-07-26T21:30:00.000Z,MCT2408023,15.499722,74.020833,30.1875,230.22375000000005,484.6875,87.03522124999998,9.97,21.476250000000004,8.795625000000001,25.72375,15.225000000000003,5.894375,27.37102875
2026-07-26T21:40:00.000Z,MCT2408023,15.499722,74.020833,31.8125,215.80375000000004,492.9375,87.773364375,9.671249999999999,20.983124999999994,8.475625,26.992499999999996,17.128125,5.48375,27.186688125
2026-07-26T21:44:40.852Z,MCT2408023,15.499722,74.020833,29.857142857142858,229.24714285714285,491.57142857142856,88.12928999999998,9.584285714285715,20.898571428571426,6.700000000000001,22.254285714285714,14.5,5.67,27.111805714285715
2026-07-26T20:50:00.000Z,MCT2408049,15.475278,74.055833,57,150,530.6666666666666,87.58893444444442,24.285555555555554,11.113333333333332,4.771111111111112,16.086666666666666,9.03777777777778,2.61,27.662018888888888
2026-07-26T21:00:00.000Z,MCT2408049,15.475278,74.055833,56.625,150,539.5,87.79816125000004,24.159999999999997,11.497499999999999,5.128125,16.181874999999998,8.776250000000001,2.61,27.655910624999997
2026-07-26T21:10:00.000Z,MCT2408049,15.475278,74.055833,56.625,150.64785625000002,520.9375,87.96886875,24.125625,11.318750000000001,5.606249999999999,17.85875,9.974375,2.61,27.6686475
2026-07-26T21:20:00.000Z,MCT2408049,15.475278,74.055833,56.75,150,516.5,88.06232937500003,24.101875,13.301875,5.65375,18.003125000000004,10.069375,2.61,27.680043125
2026-07-26T21:30:00.000Z,MCT2408049,15.475278,74.055833,56.625,150,478.4375,87.74856937500002,24.073749999999997,13.57125,4.4556249999999995,14.601875,8.00875,2.61,27.623736875
2026-07-26T21:40:00.000Z,MCT2408049,15.475278,74.055833,56.4375,150,475.4375,87.55735687500001,23.999375,13.14625,4.022499999999999,12.689374999999998,6.956874999999998,2.61,27.556035
2026-07-26T21:44:40.867Z,MCT2408049,15.475278,74.055833,56.714285714285715,150,471.42857142857144,87.4230257142857,24.21142857142857,12.595714285714285,3.94,12.038571428571428,6.469999999999999,2.61,27.502507142857137
2026-07-26T20:50:00.000Z,MCT2408044,15.313669,74.140042,24.75,214.29,503.75,93.63131000000001,10.98375,3.3725,2.8700000000000006,7.625,4.455,3.255128125,26.1986425
2026-07-26T21:00:00.000Z,MCT2408044,15.313669,74.140042,24.357142857142858,214.29,501.7142857142857,93.44643214285716,10.83285714285714,3.3835714285714285,2.87,7.571428571428571,4.397142857142858,3.5895604285714287,26.305125714285712
2026-07-26T21:10:00.000Z,MCT2408044,15.313669,74.140042,24.533333333333335,214.29,497.26666666666665,93.32047400000002,10.827333333333335,3.389333333333333,2.9859999999999998,7.933333333333334,4.573333333333333,3.911880333333334,26.365952666666665
2026-07-26T21:20:00.000Z,MCT2408044,15.313669,74.140042,24.066666666666666,214.29,495,93.57173533333336,10.71,3.3699999999999997,2.8699999999999997,7.5,4.320000000000001,3.839829066666667,26.281582666666665
2026-07-26T21:30:00.000Z,MCT2408044,15.313669,74.140042,24.4375,214.29,495.1875,93.74908750000002,10.881874999999999,3.3406249999999997,2.8699999999999997,7.53125,4.35375,3.739983875,26.271036875000004
2026-07-26T21:40:00.000Z,MCT2408044,15.313669,74.140042,24.2,214.29,501.73333333333335,93.89929066666666,10.785999999999998,3.486,2.8699999999999997,7.633333333333334,4.464666666666667,3.8707692,26.223667333333335
2026-07-26T21:44:40.996Z,MCT2408044,15.313669,74.140042,24.571428571428573,214.29,497,93.7325342857143,10.985714285714286,3.474285714285714,2.8700000000000006,7.714285714285714,4.551428571428572,3.9445054285714285,26.296701428571424
2026-07-26T20:50:00.000Z,MCT2408037,15.394444,74.118333,25.375,160.2718625,480.75,86.4882875,10.588749999999997,214.35250000000002,3.7199999999999998,12.573749999999999,6.28125,3.6374999999999997,26.923927499999998
2026-07-26T21:00:00.000Z,MCT2408037,15.394444,74.118333,25.25,160.37951875,490.9375,86.78488124999998,10.560625,215.44875000000005,3.7199999999999993,13.286875000000006,6.936875000000001,3.6556249999999992,26.866949375000004
2026-07-26T21:10:00.000Z,MCT2408037,15.394444,74.118333,25.625,160.94691874999998,483.25,86.79871124999997,10.852500000000001,214.21437500000005,3.7199999999999993,12.37,6.093125000000001,3.5424999999999995,26.84080625
2026-07-26T21:20:00.000Z,MCT2408037,15.394444,74.118333,25.5,160.258125,474.3125,86.76914499999998,10.78875,213.87250000000003,3.7662499999999994,14.105000000000002,7.59125,3.5412500000000002,26.830081875000005
2026-07-26T21:30:00.000Z,MCT2408037,15.394444,74.118333,25.0625,160,479.25,86.86975874999999,10.39375,216.20250000000004,4.413749999999999,17.223750000000003,9.365625,3.8106250000000004,26.834103749999997
2026-07-26T21:40:00.000Z,MCT2408037,15.394444,74.118333,25.125,160,476.4375,86.91648750000002,10.519375,215.92812500000005,4.321249999999999,16.865625,9.178749999999999,3.6331249999999997,26.861586874999993
2026-07-26T21:44:41.053Z,MCT2408037,15.394444,74.118333,25.25,160,467,86.8440075,10.41875,215.44875000000005,4.09,16.0475,8.71,3.6025,26.89309
2026-07-26T20:50:00.000Z,MCT2408042,15.213889,74.071667,60.77777777777778,306.16111111111115,452.22222222222223,88.48750777777778,25.75888888888889,15.293333333333331,4.55,12.972222222222221,6.582222222222222,5.158888888888889,27.167473333333334
2026-07-26T21:00:00.000Z,MCT2408042,15.213889,74.071667,60.6875,304.05187499999994,452,89.58105499999999,25.4,15.628125000000002,4.549999999999999,13.793750000000003,7.403750000000001,4.616875,27.034526875
2026-07-26T21:10:00.000Z,MCT2408042,15.213889,74.071667,60.4375,297.38312500000006,454.75,90.21477250000001,25.371875,15.134374999999999,4.549999999999999,14.47625,8.08625,4.31125,27.012406875
2026-07-26T21:20:00.000Z,MCT2408042,15.213889,74.071667,60.3125,293.699375,462.3125,90.59338000000002,25.261250000000004,15.153125,4.663749999999999,15.503125000000004,8.882499999999999,4.255625,27.023133125
2026-07-26T21:30:00.000Z,MCT2408042,15.213889,74.071667,60.5,297.139375,460.75,90.439361875,25.353749999999998,15.34375,4.549999999999999,14.476875000000001,8.08625,4.286874999999999,27.058658124999997
2026-07-26T21:40:00.000Z,MCT2408042,15.213889,74.071667,60.375,295.620625,468.875,90.46081937500001,25.239999999999995,15.00125,4.834374999999999,15.388750000000002,8.484375000000002,4.350625,26.985595
2026-07-26T21:44:41.054Z,MCT2408042,15.213889,74.071667,60.57142857142857,298.47428571428566,471.42857142857144,90.65462,25.205714285714286,14.737142857142857,6.5,21.755714285714284,12.495714285714286,4.232857142857142,26.934077142857145
2026-07-26T20:50:00.000Z,MCT2408041,15.224628,74.171389,32.666666666666664,448.5764555555555,514.1111111111111,92.11740555555554,13.723333333333336,9.700000000000001,8.090000000000002,20.25,8.9,8.052222222222222,26.41314111111111
2026-07-26T21:00:00.000Z,MCT2408041,15.224628,74.171389,32.625,458.00640625,498.125,92.36292312500001,13.688125,9.7,8.090000000000002,20.25,8.900000000000002,8.106250000000001,26.440625624999996
2026-07-26T21:10:00.000Z,MCT2408041,15.224628,74.171389,32.5625,459.74298749999997,485.75,92.34718625000001,13.721249999999998,9.7,8.090000000000002,20.25,8.900000000000002,8.038125,26.567314375000002
2026-07-26T21:20:00.000Z,MCT2408041,15.224628,74.171389,32.625,460.90889999999996,479.3125,92.10781562500001,13.670625,9.7,8.090000000000002,20.25,8.900000000000002,8.02625,26.630325625000005
2026-07-26T21:30:00.000Z,MCT2408041,15.224628,74.171389,32.75,458.3276625,477,91.98192750000003,13.798749999999997,9.7,8.090000000000002,20.25,8.900000000000002,7.916875000000001,26.66451062499999
2026-07-26T21:40:00.000Z,MCT2408041,15.224628,74.171389,32.375,457.32707500000004,482.3125,91.43452124999999,13.57625,9.7,8.090000000000002,20.401875,9.051875000000003,8.136875000000002,26.787179999999996
2026-07-26T21:44:41.062Z,MCT2408041,15.224628,74.171389,32.57142857142857,446.3103142857143,489.85714285714283,90.73854428571428,13.624285714285714,9.700000000000001,8.090000000000002,20.944285714285712,9.592857142857143,8.342857142857143,26.869725714285718
2026-07-26T20:50:00.000Z,MCT2408046,15.529167,74.07,30.923076923076923,237.04,646.1538461538462,90.90387384615384,13.18206153846154,12.72964,5,12,5,4.319999999999999,27.040971538461537
2026-07-26T21:00:00.000Z,MCT2408046,15.529167,74.07,30.92,237.04,638,91.60070800000001,13.313889200000004,9.974118400000004,5,12,5,4.263200000000001,26.881186000000003
2026-07-26T21:10:00.000Z,MCT2408046,15.529167,74.07,31,237.04,640.24,92.1921392,13.439331200000002,9.874706640000005,5,12,5,4.1288,26.809112400000014
2026-07-26T21:20:00.000Z,MCT2408046,15.529167,74.07,31.08,237.04,635.64,92.35388320000001,13.441224,10.25706008,5,12,5,4.014399999999999,26.809543599999998
2026-07-26T21:30:00.000Z,MCT2408046,15.529167,74.07,31.04,237.04,639.36,91.9409796,13.485543600000003,8.31941216,5,12,5,4.363200000000001,26.70872680000001
2026-07-26T21:40:00.000Z,MCT2408046,15.529167,74.07,31,237.04,633.8,91.4746704,13.498169200000001,9.496471000000003,5,12,5,4.282800000000001,26.6229232
2026-07-26T21:44:41.054Z,MCT2408046,15.529167,74.07,31,237.04,638.3333333333334,91.91946416666667,13.515491666666668,9.044117750000003,5,12,5,4.198333333333333,26.572229999999994
2026-07-26T20:50:00.000Z,MCT2408033,15.346944,74.007778,22.125,122.2784375,457.625,85.0329825,8.915,49.98306,3.33375,9.61625,6.39625,4.39,28.566204999999997
2026-07-26T21:00:00.000Z,MCT2408033,15.346944,74.007778,21.6875,122.86033750000001,465.9375,85.27569312499999,8.440624999999999,50.047065625,3.1825000000000006,9.519374999999998,6.506875000000001,4.39,28.505877499999993
2026-07-26T21:10:00.000Z,MCT2408033,15.346944,74.007778,21.25,122.10944375,453.1875,85.563225,8.045625,47.25150875,3.6006250000000004,10.513124999999999,6.9125,4.39,28.483086250000003
2026-07-26T21:20:00.000Z,MCT2408033,15.346944,74.007778,21.375,122.0885875,450.375,86.0038225,8.235625,50.299324999999996,3.1443750000000006,9.231875000000002,6.248750000000001,4.39,28.358408125000004
2026-07-26T21:30:00.000Z,MCT2408033,15.346944,74.007778,21.9375,121.31004999999998,466.9375,86.531204375,8.5275,50.423570625,3.1825000000000006,9.6475,6.654375000000001,4.39,28.24244125
2026-07-26T21:40:00.000Z,MCT2408033,15.346944,74.007778,21.1875,121.38071250000002,480.625,87.06573812500001,7.905,50.36333000000001,3.3350000000000004,9.68,6.396249999999999,4.39,28.070168750000008
2026-07-26T21:44:41.187Z,MCT2408033,15.346944,74.007778,21.25,122.0596125,454.875,87.214035,8.10875,50.11107,3.1825,9.678749999999999,6.69125,4.39,27.997774999999997
2026-07-26T20:50:00.000Z,MCT2408022,15.475833,74.038889,28.11111111111111,150,453.55555555555554,87.94412555555556,4.19888888888889,11.191433333333334,7.777777777777778,26,15.222222222222221,4.252704111111111,27.725177777777777
2026-07-26T21:00:00.000Z,MCT2408022,15.475833,74.038889,28,150,448.75,87.84250625000003,4.33125,11.255208125000001,7.9375,26.625,15.625,4.276696499999999,27.73501
2026-07-26T21:10:00.000Z,MCT2408022,15.475833,74.038889,28.0625,150,458.4375,88.10476625,4.5975,11.172440624999997,8,26.4375,15.125,4.2888184375,27.586199375000003
2026-07-26T21:20:00.000Z,MCT2408022,15.475833,74.038889,25.3125,150,454.3125,88.23828187500003,4.550000000000001,11.315824999999998,6.5,21.1875,11.9375,4.3076053750000005,27.486991874999998
2026-07-26T21:30:00.000Z,MCT2408022,15.475833,74.038889,22.3125,150,439.5,86.88644749999999,4.738125,11.375376875,5.0625,15,7.875,4.32854925,27.385775625
2026-07-26T21:40:00.000Z,MCT2408022,15.475833,74.038889,22.266666666666666,150,439.06666666666666,87.54858333333333,4.574666666666665,11.261312666666667,5,15,8,4.306568466666667,27.131006666666668
2026-07-26T21:44:41.258Z,MCT2408022,15.475833,74.038889,22.375,150,441.875,88.34509375,4.31,11.448542500000002,5,15.125,8.125,4.319137375,27.03653875
2026-07-26T20:50:00.000Z,MCT2408024,15.148056,74.131667,41.07692307692308,218.07616153846155,600.9230769230769,82.18288923076922,18.00035076923077,7.363747307692307,5,15.220769230769234,8.220769230769228,2.523076923076923,27.944357692307698
2026-07-26T21:00:00.000Z,MCT2408024,15.148056,74.131667,40.5,218.42960833333328,649.9166666666666,82.15288625000004,17.531660416666664,6.744228208333333,5,15.365000000000004,8.365000000000002,2.5087499999999996,27.983477499999996
2026-07-26T21:10:00.000Z,MCT2408024,15.148056,74.131667,40.88,218.193308,622.52,82.31268199999997,17.846353200000003,6.81096708,5,15.470000000000004,8.470000000000002,2.5063999999999997,27.98115480000001
2026-07-26T21:20:00.000Z,MCT2408024,15.148056,74.131667,40.68,219.00531200000006,615.24,82.39904719999998,17.651062800000002,6.580086840000002,5,15.110000000000005,8.110000000000003,2.5103999999999997,27.979867600000006
2026-07-26T21:30:00.000Z,MCT2408024,15.148056,74.131667,40.68,219.23134000000002,637.4,82.43597400000003,17.6090424,7.503607799999998,5,15.470000000000004,8.470000000000002,2.502,28.03391959999999
2026-07-26T21:40:00.000Z,MCT2408024,15.148056,74.131667,40.5,219.1660791666667,641.9583333333334,82.39797583333329,17.4575725,8.297258624999996,5,15.073333333333338,8.073333333333336,2.49375,28.074191666666668
2026-07-26T21:44:41.258Z,MCT2408024,15.148056,74.131667,40.75,219.05094166666666,638.4166666666666,82.28671500000002,17.6269625,7.936508249999998,5,15.156666666666668,8.156666666666665,2.4933333333333327,28.11396333333333
2026-07-26T20:50:00.000Z,MCT2408032,15.525556,73.828611,35.76923076923077,199.93076923076922,619.3846153846154,73.7130876923077,15.494615384615384,42.99000000000001,7.120000000000001,18.489999999999995,8.495384615384616,3.0138461538461536,30.929231538461543
2026-07-26T21:00:00.000Z,MCT2408032,15.525556,73.828611,35,183.76639999999992,602.4,75.468506,14.661600000000004,42.80999999999999,7.176800000000002,22.3,12.1776,2.6008000000000004,30.63797120000001
2026-07-26T21:10:00.000Z,MCT2408032,15.525556,73.828611,33.88461538461539,179.96807692307692,577.2307692307693,73.26676769230768,13.79846153846154,44.52461538461539,7.558076923076924,23.795,13.069230769230769,2.266923076923077,31.336372692307684
2026-07-26T21:20:00.000Z,MCT2408032,15.525556,73.828611,34.92,179.32279999999994,557.4,72.1604008,14.522400000000005,44.489200000000004,12.359200000000003,36.8088,19.253599999999995,2.2655999999999996,31.686885999999994
2026-07-26T21:30:00.000Z,MCT2408032,15.525556,73.828611,36.4,179.33839999999998,579.04,70.79351799999999,14.406800000000006,45.452,15.264,45.684400000000004,23.784399999999994,2.118,32.2437348
2026-07-26T21:40:00.000Z,MCT2408032,15.525556,73.828611,35.04,196.06079999999997,633.64,72.703002,14.7256,43.8608,8.8292,26.7388,14.215200000000003,2.5704000000000002,31.510994800000002
2026-07-26T21:44:41.258Z,MCT2408032,15.525556,73.828611,35.583333333333336,214.71416666666664,600.6666666666666,73.62544583333333,15.201666666666668,43.33166666666667,7.238333333333334,20.149166666666662,9.910833333333331,3.0175,31.06247083333334
2026-07-26T20:50:00.000Z,MCT2408045,15.619444,73.878889,27.22222222222222,180.97555555555553,459.6666666666667,86.93365555555556,11.095555555555556,16.311111111111114,3.02,9.700000000000001,4.52,2.53,27.35814444444445
2026-07-26T21:00:00.000Z,MCT2408045,15.619444,73.878889,27.4375,180.79874999999998,461.8125,86.99469062500002,11.145625,16.404375,3.020000000000001,9.7,4.519999999999998,2.5300000000000002,27.38644500000001
2026-07-26T21:10:00.000Z,MCT2408045,15.619444,73.878889,27.4375,182.80312500000002,466.9375,87.03140687500002,11.220000000000002,16.538125,3.020000000000001,9.771249999999998,4.591249999999998,2.5300000000000002,27.39918312500001
2026-07-26T21:20:00.000Z,MCT2408045,15.619444,73.878889,27.0625,180.685625,457.0625,87.10531562500002,11.0275,16.6075,3.020000000000001,9.7,4.519999999999998,2.5300000000000002,27.390469375000006
2026-07-26T21:30:00.000Z,MCT2408045,15.619444,73.878889,27.4375,180.71624999999997,469.125,87.110560625,11.225624999999999,16.701875,3.020000000000001,9.7,4.519999999999998,2.5300000000000002,27.392478750000002
2026-07-26T21:40:00.000Z,MCT2408045,15.619444,73.878889,27.5625,179.5575,467.125,87.14203375000002,11.256250000000001,16.651875,3.020000000000001,9.7,4.519999999999998,2.5300000000000002,27.391808125
2026-07-26T21:44:41.258Z,MCT2408045,15.619444,73.878889,27.285714285714285,182.02571428571426,468.85714285714283,87.22902142857143,11.217142857142859,16.49857142857143,3.02,9.700000000000001,4.52,2.53,27.438154285714287
2026-07-26T20:50:00.000Z,MCT2408036,15.171567,74.067106,36.125,120,451,86.79918499999998,11.16375,7.88625,5.856249999999999,18.365000000000002,10.322500000000002,11.045000000000002,28.059445000000004
2026-07-26T21:00:00.000Z,MCT2408036,15.171567,74.067106,36.75,120,451.75,88.50721749999998,10.918125000000002,7.719374999999999,3.618125,11.999375,6.998749999999998,11.476875,27.5734625
2026-07-26T21:10:00.000Z,MCT2408036,15.171567,74.067106,36.875,120,461.25,89.278261875,11.048749999999998,7.863124999999999,2.729375,9.245625,5.510625000000001,11.521875,27.356951875
2026-07-26T21:20:00.000Z,MCT2408036,15.171567,74.067106,36.6,120,455.2,88.34356733333331,10.996000000000002,8.177333333333333,2.63,8.344,4.796,11.396000000000003,27.548572000000004
2026-07-26T21:30:00.000Z,MCT2408036,15.171567,74.067106,36.5,120,458.875,88.18869062499998,10.925625000000002,8.257499999999999,2.63,8.106874999999999,4.559374999999999,11.26625,27.51179375000001
2026-07-26T21:40:00.000Z,MCT2408036,15.171567,74.067106,36.53333333333333,120,458.4,88.40511,11.123333333333335,8.071333333333333,2.63,8.242666666666667,4.695333333333334,11.395999999999997,27.426305999999997
2026-07-26T21:44:41.376Z,MCT2408036,15.171567,74.067106,37.25,120,448.375,90.07696375,10.813749999999999,7.52,2.6299999999999994,9.4375,5.88875,11.88,27.071395
2026-07-26T20:50:00.000Z,MCT2408038,15.188889,74.055556,34.5,424.0325,612.875,87.55258874999998,14.226249999999999,13.33,10.035,29.697499999999998,15.15625,4.8625,27.7390325
2026-07-26T21:00:00.000Z,MCT2408038,15.188889,74.055556,34.5,420.3225,615.6875,87.93691937499999,14.25,13.330000000000005,12.157499999999999,35.105000000000004,17.46625,4.818124999999999,27.60697875
2026-07-26T21:10:00.000Z,MCT2408038,15.188889,74.055556,34.5625,414.31125000000003,622.375,88.076158125,14.473125,13.330000000000005,12.893750000000002,37.339375,18.7725,4.810624999999998,27.546650000000007
2026-07-26T21:20:00.000Z,MCT2408038,15.188889,74.055556,34.625,418.628125,622.625,88.24305000000001,14.313750000000002,13.330000000000005,10.80125,32.058125,16.63625,4.77125,27.521849999999997
2026-07-26T21:30:00.000Z,MCT2408038,15.188889,74.055556,34.5625,408.1131249999999,625.625,88.25258625000001,14.355624999999998,13.330000000000005,13.513749999999998,39.699999999999996,20.183749999999996,4.781875,27.463531874999994
2026-07-26T21:40:00.000Z,MCT2408038,15.188889,74.055556,34.3125,404.886875,626.5,88.38848375,14.134374999999999,13.330000000000005,9.584999999999999,28.453124999999996,14.709999999999999,4.78375,27.394489375000003
2026-07-26T21:44:41.466Z,MCT2408038,15.188889,74.055556,34.625,422.65250000000003,625.75,88.4805125,14.353750000000002,13.33,5.98,17.148750000000003,8.421249999999999,4.78875,27.3717
2026-07-26T20:50:00.000Z,MCT2408035,15.236111,74.125,41.75,190,536.875,91.824095,16.467865000000003,52.39851,3.8000000000000003,10.19,4.91,3.829999999999999,26.800587500000002
2026-07-26T21:00:00.000Z,MCT2408035,15.236111,74.125,42.25,190,560.625,90.401215,16.903248125,58.810723124999996,3.799999999999999,10.19,4.909999999999998,3.8299999999999987,27.133734375000003
2026-07-26T21:10:00.000Z,MCT2408035,15.236111,74.125,43.4375,190.073175,550.375,89.65877999999998,17.951890625,62.745396249999985,3.799999999999999,10.19,4.909999999999998,3.8299999999999987,27.216180624999993
2026-07-26T21:20:00.000Z,MCT2408035,15.236111,74.125,43.125,190.58070625,534.875,89.34883499999998,17.573472499999998,61.91354062499999,3.799999999999999,10.19,4.909999999999998,3.8299999999999987,27.220205624999995
2026-07-26T21:30:00.000Z,MCT2408035,15.236111,74.125,44.5,191.31574375,529.1875,89.487116875,18.738372500000004,63.417811874999984,3.799999999999999,10.19,4.909999999999998,3.8299999999999987,27.162557500000002
2026-07-26T21:40:00.000Z,MCT2408035,15.236111,74.125,44.0625,191.75834375000002,538.625,90.29201875000003,18.44656625,54.622335,3.799999999999999,10.19,4.909999999999998,3.8299999999999987,26.91856375
2026-07-26T21:44:41.463Z,MCT2408035,15.236111,74.125,43.875,191.14665,539.25,90.17137875,18.214051249999997,60.96383999999999,3.8000000000000003,10.19,4.91,3.829999999999999,26.960122500000004
2026-07-26T20:50:00.000Z,MCT2408031,15.290833,74.149167,18,181.28601250000003,604.5,87.73569375,7.411053625000001,6.354908125,3.7499999999999996,10.16375,5.88875,4.775,26.311255000000003
2026-07-26T21:00:00.000Z,MCT2408031,15.290833,74.149167,18.0625,181.1992625,604.0625,87.7671675,7.534575437499999,6.0142795625000005,3.8399999999999994,10.161874999999998,5.713125,4.729375,26.3441
2026-07-26T21:10:00.000Z,MCT2408031,15.290833,74.149167,18,182.80941875000002,600.75,87.80913,7.39363375,6.3711250625,3.81,10.11,5.7418749999999985,4.581250000000001,26.389679999999995
2026-07-26T21:20:00.000Z,MCT2408031,15.290833,74.149167,17.88235294117647,181.5407647058823,603.4705882352941,87.81417705882352,7.188617764705882,7.108023294117647,3.9511764705882353,10.691176470588236,6.161764705882353,4.6911764705882355,26.419451764705887
2026-07-26T21:30:00.000Z,MCT2408031,15.290833,74.149167,17.5,186.1382875,594.375,87.86014875,7.0213523124999995,7.1591201875,4.2875000000000005,11.764374999999998,6.815625,4.793125000000002,26.424538124999998
2026-07-26T21:40:00.000Z,MCT2408031,15.290833,74.149167,17.6875,186.68305625,579.75,87.73330937499998,7.045502374999999,7.070249687499998,4.40625,12.036874999999998,6.9331249999999995,5.11375,26.432582500000006
2026-07-26T21:44:41.463Z,MCT2408031,15.290833,74.149167,18,186.8240142857143,583.2857142857143,87.69114142857143,7.201677142857143,6.9157781428571425,4.558571428571428,12.545714285714284,7.278571428571429,4.8428571428571425,26.40548142857143
2026-07-26T20:50:00.000Z,MCT2408039,15.163611,74.110833,29,392.0688888888888,472.77777777777777,86.72850777777778,9.51222222222222,10.299999999999999,9.019999999999998,28.940000000000005,11.760000000000002,2.3000000000000003,27.240167777777774
2026-07-26T21:00:00.000Z,MCT2408039,15.163611,74.110833,29,388.464375,475.625,86.80252312500002,9.76625,10.3,9.019999999999998,28.94,11.759999999999998,2.3,27.245678749999996
2026-07-26T21:10:00.000Z,MCT2408039,15.163611,74.110833,29,385.6737499999999,470.1875,86.824459375,9.904374999999998,10.3,9.019999999999998,28.94,11.759999999999998,2.3,27.220876875
2026-07-26T21:20:00.000Z,MCT2408039,15.163611,74.110833,29,393.27312499999994,471.75,86.883111875,8.27625,10.3,9.019999999999998,28.94,11.759999999999998,2.3,27.155183750000003
2026-07-26T21:30:00.000Z,MCT2408039,15.163611,74.110833,29,396.32250000000005,475.0625,86.838765625,9.454374999999999,10.3,9.019999999999998,28.94,11.759999999999998,2.3,27.143788124999997
2026-07-26T21:40:00.000Z,MCT2408039,15.163611,74.110833,29,391.90062500000005,466.9375,86.77820687500001,8.749999999999998,10.3,9.019999999999998,28.94,11.759999999999998,2.3,27.108261875
2026-07-26T21:44:41.461Z,MCT2408039,15.163611,74.110833,29,388.15142857142854,466.85714285714283,86.79632857142857,9.565714285714284,10.299999999999999,9.019999999999998,28.94,11.760000000000002,2.3000000000000003,27.076565714285717
2026-07-26T20:50:00.000Z,MCT2408026,15.2467,74.198281,30.46153846153846,125,644.9230769230769,90.42674384615385,12.81330692307692,12.5,4.730000000000002,14.583846153846151,7.784615384615383,2.4353846153846157,27.290951538461538
2026-07-26T21:00:00.000Z,MCT2408026,15.2467,74.198281,30.56,126.63878000000001,640.16,90.89941480000002,12.9583332,12.5,4.730000000000003,14.6636,7.865200000000001,2.202,27.2604252
2026-07-26T21:10:00.000Z,MCT2408026,15.2467,74.198281,30.52,125,635.16,90.87042240000001,12.942958799999996,12.5,4.730000000000003,14.586799999999997,7.787600000000001,2.1839999999999997,27.31962920000001
2026-07-26T21:20:00.000Z,MCT2408026,15.2467,74.198281,30.68,125,626.96,89.8349608,13.013307200000002,12.5,4.730000000000003,15.628000000000004,8.831199999999997,2.448,27.503241600000003
2026-07-26T21:30:00.000Z,MCT2408026,15.2467,74.198281,30.76,125,630.4,88.32800279999998,13.102647599999997,12.5,4.730000000000003,15.4748,8.676800000000002,2.467600000000001,27.903932800000007
2026-07-26T21:40:00.000Z,MCT2408026,15.2467,74.198281,30.8,125,644.8,88.89318760000002,13.195541200000001,12.5,4.730000000000003,14.856399999999999,8.0584,2.5767999999999995,27.779519999999998
2026-07-26T21:44:41.568Z,MCT2408026,15.2467,74.198281,30.90909090909091,125,653.7272727272727,90.38560727272727,13.264474545454545,12.5,4.730000000000001,14.509999999999998,7.709999999999999,2.429090909090909,27.359877272727275
2026-07-26T21:50:00.000Z,MCT2408020,15.543475,74.039433,22.625,180,699.5,88.997405,9.266282125,18.85634375,5.57,15.840000000000002,7.43,3.66,27.552682500000003
2026-07-26T22:00:00.000Z,MCT2408020,15.543475,74.039433,22.625,180,701,88.99263749999999,9.1987885,19.15651625,5.5699999999999985,15.840000000000002,7.430000000000003,3.6599999999999984,27.59357375
2026-07-26T22:10:00.000Z,MCT2408020,15.543475,74.039433,22.6875,180,703.8125,88.74706562500003,9.192156250000002,18.970709999999997,5.5699999999999985,15.840000000000002,7.430000000000003,3.6599999999999984,27.70149375
2026-07-26T22:20:00.000Z,MCT2408020,15.543475,74.039433,22.75,180,707.5,88.90299437499996,9.259649875000001,19.287961874999997,5.5699999999999985,15.840000000000002,7.430000000000003,3.6599999999999984,27.65524187499999
2026-07-26T22:30:00.000Z,MCT2408020,15.543475,74.039433,22.875,180,708.6875,87.62507000000002,9.3968483125,18.182626875000004,5.5699999999999985,15.840000000000002,7.430000000000003,3.6599999999999984,27.731657500000004
2026-07-26T22:40:00.000Z,MCT2408020,15.543475,74.039433,22.3125,180,694.0625,87.380451875,9.023876375,17.754126875,5.5699999999999985,15.840000000000002,7.430000000000003,3.6599999999999984,27.306677500000003
2026-07-26T22:44:41.331Z,MCT2408020,15.543475,74.039433,22.625,180,697.625,88.08569500000002,9.1799315,17.6921925,5.57,15.840000000000002,7.43,3.66,26.94805625
2026-07-26T21:50:00.000Z,MCT2408028,15.186944,74.096667,41.42857142857143,597.6021428571428,498,94.80282999999999,17.885714285714283,12.358571428571427,9.704285714285714,32.74285714285715,18.81714285714286,1.6621428571428571,26.060745
2026-07-26T22:00:00.000Z,MCT2408028,15.186944,74.096667,41.68,601.4244000000002,493.2,94.86028879999998,18.126399999999993,12.982000000000001,8.550000000000002,28.59720000000001,16.5416,1.7735999999999998,26.056638
2026-07-26T22:10:00.000Z,MCT2408028,15.186944,74.096667,41.791666666666664,603.3016666666666,481.9583333333333,94.62789874999999,18.237916666666663,12.658333333333331,6.698333333333334,24.734583333333333,15.118333333333334,1.9054166666666668,26.117754583333337
2026-07-26T22:20:00.000Z,MCT2408028,15.186944,74.096667,41.8,604.3260000000001,476.56,94.00518880000001,18.249200000000002,12.735999999999999,5.95,23.029600000000002,14.275200000000005,2.2740000000000005,26.282297200000002
2026-07-26T22:30:00.000Z,MCT2408028,15.186944,74.096667,41.8,597.7232,474.92,93.87365800000002,18.246000000000002,12.630799999999999,5.789999999999999,22.551600000000004,14.116800000000003,2.0456,26.4170036
2026-07-26T22:40:00.000Z,MCT2408028,15.186944,74.096667,41.8,595.0027999999999,477.12,93.51751840000003,18.2332,12.774799999999997,6.03,22.1136,13.320000000000002,1.9628,26.542271200000005
2026-07-26T22:44:41.336Z,MCT2408028,15.186944,74.096667,41.75,595.8124999999999,478.5,93.42563333333335,18.197499999999998,12.470833333333331,6.156666666666667,23.11916666666667,14.333333333333334,1.9625000000000001,26.657134999999997
2026-07-26T21:50:00.000Z,MCT2408056,15.579167,73.920833,18.375,180,741.75,89.78037499999999,7.1175000000000015,9.76261725,4.69,14.001249999999999,7.84875,1.6250000000000002,27.748414999999998
2026-07-26T22:00:00.000Z,MCT2408056,15.579167,73.920833,19.125,180.92620625,716.5,89.579623125,7.3475,24.445715749999998,4.6899999999999995,13.773749999999998,7.616250000000001,3.17125,27.700821875000003
2026-07-26T22:10:00.000Z,MCT2408056,15.579167,73.920833,20.625,181.83981875,682.75,88.26689250000001,7.386875,46.3113220625,4.6899999999999995,13.659999999999998,7.5,5.876250000000001,27.373708750000002
2026-07-26T22:20:00.000Z,MCT2408056,15.579167,73.920833,18,180,666.5,88.44713625,6.8881250000000005,15.102698750000002,4.6899999999999995,13.659999999999998,7.5,2.9456249999999997,26.942693750000004
2026-07-26T22:30:00.000Z,MCT2408056,15.579167,73.920833,18.1875,180,695.8125,89.097541875,6.99625,10.4677226875,4.6899999999999995,13.887499999999998,7.7325,2.123125,26.717468750000002
2026-07-26T22:40:00.000Z,MCT2408056,15.579167,73.920833,18.0625,180,681.6875,89.62253874999998,6.235625,27.34609875,4.6899999999999995,13.944374999999997,7.790625,3.5343750000000007,26.606863750000006
2026-07-26T22:44:41.361Z,MCT2408056,15.579167,73.920833,18,180,719.25,89.82138000000002,6.89875,9.272006625,4.69,13.773749999999998,7.61625,1.8575,26.59949
2026-07-26T21:50:00.000Z,MCT2408057,15.272222,74.104722,29.46153846153846,310.92538461538464,603.7692307692307,86.9659330769231,12.118461538461538,9.29076923076923,4.172307692307692,12.96,7.153846153846155,2.3053846153846154,27.913007692307694
2026-07-26T22:00:00.000Z,MCT2408057,15.272222,74.104722,29.68,313.5368000000001,601,86.97973720000002,12.250399999999997,9.289599999999997,3.8632,12.686399999999999,7.1968,2.3167999999999993,27.89492319999999
2026-07-26T22:10:00.000Z,MCT2408057,15.272222,74.104722,29.84,323.38680000000005,604.76,86.9684448,12.357199999999995,9.223599999999998,3.3631999999999995,11.082000000000003,6.3104,2.216,27.8614608
2026-07-26T22:20:00.000Z,MCT2408057,15.272222,74.104722,29.8,338.99079999999987,615.2,87.10730040000003,12.276799999999998,9.157199999999998,2.9799999999999995,9.363600000000005,5.288800000000001,2.2848000000000006,27.7932488
2026-07-26T22:30:00.000Z,MCT2408057,15.272222,74.104722,29.88,341.95239999999995,621.56,87.52996759999996,12.3128,9.193999999999996,3.123999999999999,9.974,5.622400000000002,2.21,27.682992799999994
2026-07-26T22:40:00.000Z,MCT2408057,15.272222,74.104722,29.72,346.43519999999995,605.36,88.34417760000001,12.2492,9.337199999999998,3.3876,11.488800000000001,6.642799999999999,2.426,27.525120400000006
2026-07-26T22:44:41.360Z,MCT2408057,15.272222,74.104722,29.666666666666668,344.62166666666667,595,88.2789725,12.160833333333334,9.440833333333332,3.23,10.8825,6.3175,2.3941666666666666,27.617927499999997
2026-07-26T21:50:00.000Z,MCT2408055,15.585833,73.885556,19.5,107.0925,684.75,90.19235874999998,8.67,25.427003750000004,3.5,9.540000000000001,5.11,1.52625,27.284557500000005
2026-07-26T22:00:00.000Z,MCT2408055,15.585833,73.885556,19.25,112.61375,669.25,90.85945625000001,8.433125,20.011926250000005,3.5,8.715000000000002,4.26,2.2456250000000004,26.585415000000005
2026-07-26T22:10:00.000Z,MCT2408055,15.585833,73.885556,19.5,113.41999999999999,664,91.38922124999999,8.55625,17.230438125,3.5,9.498750000000001,5.067499999999999,2.511875,25.744835
2026-07-26T22:20:00.000Z,MCT2408055,15.585833,73.885556,19.5,110.89062500000001,661.875,92.05297874999998,8.716875,15.499761562499998,3.54375,9.910000000000002,5.40875,2.2081250000000003,25.27091875
2026-07-26T22:30:00.000Z,MCT2408055,15.585833,73.885556,19.75,108.38,654,92.11067499999997,8.845000000000002,14.002861875,3.54375,10.609375000000002,6.133124999999999,1.9943749999999998,25.2555025
2026-07-26T22:40:00.000Z,MCT2408055,15.585833,73.885556,19.9375,107.835,660.9375,92.12068874999999,8.9525,14.200858125,3.5,10.280625000000002,5.876874999999999,1.9649999999999996,25.28969
2026-07-26T22:44:41.397Z,MCT2408055,15.585833,73.885556,19.714285714285715,107.88857142857144,664.2857142857143,92.18376714285715,8.73,14.593782857142859,3.5,9.39857142857143,4.964285714285714,2.107142857142857,25.290071428571427
2026-07-26T21:50:00.000Z,MCT2408053,15.263333,74.110833,47.111111111111114,197.62635555555556,620.6666666666666,92.62603,21.034444444444446,24.345555555555556,4.997777777777778,15.665555555555557,9.525555555555554,7.04111111111111,26.495367777777783
2026-07-26T22:00:00.000Z,MCT2408053,15.263333,74.110833,45.5,225.49549999999996,628.125,92.57988312500002,19.658125000000002,25.168125,4.590000000000002,13.064375,7.262499999999999,6.970624999999999,26.480843125
2026-07-26T22:10:00.000Z,MCT2408053,15.263333,74.110833,43.375,178.25662499999999,643.125,92.8688475,17.841874999999998,25.155624999999997,4.705000000000002,15.131250000000003,9.445625000000001,6.9087499999999995,26.458723750000004
2026-07-26T22:20:00.000Z,MCT2408053,15.263333,74.110833,44.125,204.07798749999998,652.25,92.66618937499997,18.55625,25.9775,4.590000000000002,14.280000000000005,8.671875,6.89875,26.434592500000004
2026-07-26T22:30:00.000Z,MCT2408053,15.263333,74.110833,44.75,212.88639999999998,644.1875,92.91605374999999,18.973125,25.371875,4.590000000000002,12.700624999999999,6.84,6.923749999999999,26.378956874999997
2026-07-26T22:40:00.000Z,MCT2408053,15.263333,74.110833,45.375,233.88161875000003,670.125,93.31993625,19.686249999999998,25.648125,4.590000000000002,13.246250000000002,7.473749999999999,6.85375,26.375604374999998
2026-07-26T22:44:41.542Z,MCT2408053,15.263333,74.110833,41.857142857142854,243.4395142857143,617.2857142857143,93.59084714285713,16.545714285714286,23.942857142857143,4.589999999999999,14.719999999999999,9.18142857142857,6.617142857142857,26.419271428571424
2026-07-26T21:50:00.000Z,MCT2408052,15.444425,74.063856,31.625,160,628,89.44468,3.6941227500000005,8,11.204999999999998,31.421249999999997,14.88625,2,27.659932500000004
2026-07-26T22:00:00.000Z,MCT2408052,15.444425,74.063856,31,160,629.75,89.416546875,3.8019738125000004,8.268064375,10.871249999999998,30.215625,14.239375,2,27.6693175
2026-07-26T22:10:00.000Z,MCT2408052,15.444425,74.063856,31.1875,160,629.0625,89.11804312500001,3.7168860625,8,10.954999999999997,30.473125,14.368125000000001,2,27.7510975
2026-07-26T22:20:00.000Z,MCT2408052,15.444425,74.063856,31.75,160,603.25,89.111845,3.799166625,8.0896624375,11.39375,31.681875,14.929375,2,27.747746249999995
2026-07-26T22:30:00.000Z,MCT2408052,15.444425,74.063856,32.125,160,615.6875,89.22581187500002,3.7894737500000004,8,11.560624999999998,32.263125,15.209999999999999,2,27.742381875
2026-07-26T22:40:00.000Z,MCT2408052,15.444425,74.063856,31.5,160,593.4375,89.334530625,3.810745625000001,8.015031625,11.12125,31.140625,14.735000000000001,2,27.703504374999994
2026-07-26T22:44:41.543Z,MCT2408052,15.444425,74.063856,30.285714285714285,160,536.2857142857143,89.23228142857143,3.6903258571428568,8,10.704285714285714,29.212857142857143,13.512857142857143,2,27.68329857142857
2026-07-26T21:50:00.000Z,MCT2408021,15.500556,74.053333,48,375,583.6666666666666,89.47000444444444,20.855555555555558,14.3997,2.86,7.536666666666666,3.9699999999999998,4.272222222222222,26.712255555555558
2026-07-26T22:00:00.000Z,MCT2408021,15.500556,74.053333,48.266666666666666,375,587.6,89.41524333333334,21.093333333333337,14.328824,2.86,7.565333333333333,4.001333333333333,4.332,26.735611333333328
2026-07-26T22:10:00.000Z,MCT2408021,15.500556,74.053333,47.9375,375,584.125,89.111369375,20.887499999999996,14.392048125,2.86,7.581874999999999,4.019375000000001,4.302499999999999,26.79522625
2026-07-26T22:20:00.000Z,MCT2408021,15.500556,74.053333,48.0625,375,588.3125,89.33977499999999,20.98625,14.408893125,2.86,7.472499999999999,3.900000000000001,4.363125,26.76573124999999
2026-07-26T22:30:00.000Z,MCT2408021,15.500556,74.053333,48.1875,375,589.125,89.40653125,21.100000000000005,14.383186875,2.86,7.555,3.9899999999999998,4.34,26.773105000000005
2026-07-26T22:40:00.000Z,MCT2408021,15.500556,74.053333,48.3125,375,592.6875,88.96497937499997,21.089375,15.036311249999999,6.219999999999999,18.450625,11.219999999999999,4.369999999999999,26.870300625000002
2026-07-26T22:44:41.571Z,MCT2408021,15.500556,74.053333,48.875,375,576.75,89.09372750000001,21.488750000000003,14.929795,6.55,17.769999999999996,10,4.4175,26.63166375
2026-07-26T21:50:00.000Z,MCT2408043,15.221111,74.087222,57,213.42875000000004,672.875,86.22412000000001,24.3,33.54625,9.182500000000001,31.863749999999996,18.576249999999998,5.29,27.173281250000002
2026-07-26T22:00:00.000Z,MCT2408043,15.221111,74.087222,57,191.37999999999994,686.25,86.26989687500001,24.338124999999998,33.635000000000005,14.643125,47.956875,26.501249999999995,5.290000000000001,27.155185000000003
2026-07-26T22:10:00.000Z,MCT2408043,15.221111,74.087222,57,205.92875,672.6875,86.230320625,24.328124999999996,33.745625000000004,14.802499999999998,48.923750000000005,27.300625000000004,5.290000000000001,27.187357499999994
2026-07-26T22:20:00.000Z,MCT2408043,15.221111,74.087222,57,204.94250000000002,679.125,86.247486875,24.375,33.35625000000001,14.881249999999998,49.486875000000005,27.620624999999997,5.290000000000001,27.197411875000004
2026-07-26T22:30:00.000Z,MCT2408043,15.221111,74.087222,57,206.69875000000002,668.875,86.38290750000002,24.413125,33.51562500000001,12.899999999999999,43.29125,24.660624999999996,5.290000000000001,27.22355750000001
2026-07-26T22:40:00.000Z,MCT2408043,15.221111,74.087222,57,202.79666666666665,690.6,86.5445553333333,24.38,33.482000000000006,11.482000000000001,39.482,22.803999999999995,5.290000000000001,27.27115133333333
2026-07-26T22:44:41.571Z,MCT2408043,15.221111,74.087222,57,203.23375,678.5,86.48161125,24.33875,33.175,10.92375,36.21,20.33875,5.29,27.346227500000005
2026-07-26T21:50:00.000Z,MCT2408051,15.486528,74.033889,52.125,356.05875,650.625,97.07693625000002,22.181250000000002,5.19,3.73,10.57,4.98,4.39,25.9868175
2026-07-26T22:00:00.000Z,MCT2408051,15.486528,74.033889,51.8125,354.81312500000007,645.5,97.34205625000001,21.965624999999996,5.1899999999999995,3.7299999999999986,10.569999999999997,4.980000000000002,4.39,25.915095625
2026-07-26T22:10:00.000Z,MCT2408051,15.486528,74.033889,52.125,355.6374999999999,645.8125,97.54757374999998,22.162499999999998,5.1899999999999995,3.7299999999999986,10.569999999999997,4.980000000000002,4.39,25.82125125
2026-07-26T22:20:00.000Z,MCT2408051,15.486528,74.033889,52.125,356.97187499999995,645.25,97.70445312500001,22.159374999999994,5.1899999999999995,3.7299999999999986,10.569999999999997,4.980000000000002,4.39,25.806504375000003
2026-07-26T22:30:00.000Z,MCT2408051,15.486528,74.033889,52.375,356.33062500000005,650.125,98.14695812500001,22.335,5.1899999999999995,3.7299999999999986,10.569999999999997,4.980000000000002,4.39,25.787736250000002
2026-07-26T22:40:00.000Z,MCT2408051,15.486528,74.033889,52.375,351.13062499999995,647.8125,98.20751562499998,22.313124999999996,5.1899999999999995,3.7299999999999986,10.569999999999997,4.980000000000002,4.39,25.7575725
2026-07-26T22:44:41.606Z,MCT2408051,15.486528,74.033889,52,343.06374999999997,639.625,97.82843,22.069999999999997,5.19,3.73,10.57,4.98,4.39,25.640937500000003
2026-07-26T21:50:00.000Z,MCT2408050,15.553611,73.958333,27.625,86.02999999999999,522.25,91.87082625000001,11.411249999999999,4.112500000000001,4.240000000000001,12.987499999999999,6.906249999999999,2.70875,27.052625
2026-07-26T22:00:00.000Z,MCT2408050,15.553611,73.958333,27.5625,86.02999999999999,529.0625,91.8555675,11.349375000000002,4.168750000000001,4.240000000000001,12.987499999999997,6.906249999999998,2.7981249999999998,27.05061375
2026-07-26T22:10:00.000Z,MCT2408050,15.553611,73.958333,27.625,86.18687499999999,533.0625,91.88799249999998,11.346875,4.422499999999999,4.240000000000001,12.879999999999997,6.799999999999998,3.188125,27.045251874999998
2026-07-26T22:20:00.000Z,MCT2408050,15.553611,73.958333,27.5,86.88749999999999,481.3125,91.03159249999999,11.363750000000001,4.4350000000000005,4.240000000000001,12.879999999999997,6.799999999999998,3.248125,26.944705625
2026-07-26T22:30:00.000Z,MCT2408050,15.553611,73.958333,27.75,87.36124999999998,517.25,91.27144374999999,11.415000000000001,4.408125,4.240000000000001,12.879999999999997,6.799999999999998,3.240625,26.618258125
2026-07-26T22:40:00.000Z,MCT2408050,15.553611,73.958333,27.5,86.89187499999998,523.9375,91.39589812499999,11.33375,4.483125,4.240000000000001,12.879999999999997,6.799999999999998,3.435625,26.440625
2026-07-26T22:44:41.752Z,MCT2408050,15.553611,73.958333,27.5,86.86000000000001,474.75,91.48458875,11.301249999999998,4.578749999999999,4.240000000000001,12.879999999999999,6.799999999999999,3.3525,26.30455125
2026-07-26T21:50:00.000Z,MCT2408034,15.356389,74.123611,40,209.22683846153848,472.46153846153845,79.97858,15.199999999999998,4.792307692307693,6.38,19.62230769230769,10.24230769230769,1.4200000000000002,30.049776923076916
2026-07-26T22:00:00.000Z,MCT2408034,15.356389,74.123611,40,211.28143599999999,469.72,79.8670036,15.199999999999994,4.277200000000001,6.379999999999998,19.88,10.5,1.6347999999999994,30.0566748
2026-07-26T22:10:00.000Z,MCT2408034,15.356389,74.123611,40,209.79127199999996,476.84,79.78674080000005,15.199999999999994,4.640000000000001,6.379999999999998,19.243599999999997,9.8636,1.6684,30.0257856
2026-07-26T22:20:00.000Z,MCT2408034,15.356389,74.123611,40,204.60415600000007,480.48,80.02752559999999,15.199999999999994,4.596800000000001,6.379999999999998,18.907199999999996,9.527199999999999,1.4324,29.974734400000006
2026-07-26T22:30:00.000Z,MCT2408034,15.356389,74.123611,40,199.3597625,480.0833333333333,80.17432875000002,15.199999999999994,4.617916666666667,6.379999999999998,18.679166666666664,9.299166666666666,1.4016666666666664,29.94750958333333
2026-07-26T22:40:00.000Z,MCT2408034,15.356389,74.123611,40.84,214.41115599999998,460.28,79.804442,15.7164,3.351599999999999,6.379999999999998,17.819999999999997,8.44,2.1015999999999995,29.766665599999996
2026-07-26T22:44:41.753Z,MCT2408034,15.356389,74.123611,41.416666666666664,218.32005,445.8333333333333,78.93486916666667,16.10833333333333,3.5649999999999995,6.38,17.819999999999997,8.44,2.3283333333333327,29.817467499999996
2026-07-26T21:50:00.000Z,MCT2408030,15.142519,74.075003,26,167.22586666666666,444.3333333333333,86.49623666666669,9.09888888888889,6.200000000000001,9.37,24.64,12.31,3.75,26.824271111111113
2026-07-26T22:00:00.000Z,MCT2408030,15.142519,74.075003,26,167.20375625000003,439,86.51022499999998,8.91875,6.200000000000002,9.370000000000001,24.639999999999993,12.31,3.593749999999999,26.757688124999994
2026-07-26T22:10:00.000Z,MCT2408030,15.142519,74.075003,26,165.09355,442.25,86.50545624999998,8.986875,6.200000000000002,9.370000000000001,24.639999999999993,12.31,3.5256250000000007,26.685290625000004
2026-07-26T22:20:00.000Z,MCT2408030,15.142519,74.075003,26,166.72300000000004,442.625,86.57888625,9.05625,6.200000000000002,9.370000000000001,24.639999999999993,12.31,3.630000000000001,26.626301875
2026-07-26T22:30:00.000Z,MCT2408030,15.142519,74.075003,25.25,164.73123750000002,438.0625,86.62847999999998,9.213124999999998,6.200000000000002,9.370000000000001,24.639999999999993,12.31,3.429375,26.614906249999997
2026-07-26T22:40:00.000Z,MCT2408030,15.142519,74.075003,25,167.61549333333332,435.6666666666667,86.65747266666664,9.109333333333334,6.200000000000002,9.370000000000001,24.639999999999993,12.31,3.6500000000000004,26.65123666666667
2026-07-26T22:44:41.781Z,MCT2408030,15.142519,74.075003,25.125,166.33597500000002,430.625,86.65423125,9.23875,6.200000000000001,9.37,24.753749999999997,12.427500000000002,3.55875,26.721490000000003
2026-07-26T21:50:00.000Z,MCT2408023,15.499722,74.020833,27.875,238.08125,491.75,88.58828125000001,9.85625,19.44125,6.34,19.78875,12.50625,5.01625,27.06067
2026-07-26T22:00:00.000Z,MCT2408023,15.499722,74.020833,28.375,217.71249999999998,495.5,88.83098875000003,8.608749999999999,22.220625000000002,6.418750000000001,20.656874999999996,13.321875000000002,5.565625000000002,27.009725624999998
2026-07-26T22:10:00.000Z,MCT2408023,15.499722,74.020833,28.6875,232.34062500000002,496.125,89.12185875,9.3825,20.17,6.340000000000002,20.658750000000005,13.503124999999999,5.45875,26.97285812499999
2026-07-26T22:20:00.000Z,MCT2408023,15.499722,74.020833,28.375,222.85187499999995,496.125,89.341681875,9.313125,20.063125000000003,6.340000000000002,20.42125,13.23125,4.92875,26.96615437499999
2026-07-26T22:30:00.000Z,MCT2408023,15.499722,74.020833,28.25,221.27437500000005,499.6875,89.50714625,9.583749999999998,20.136875,6.340000000000002,19.9475,12.687500000000002,5.255625000000001,27.009725625000005
2026-07-26T22:40:00.000Z,MCT2408023,15.499722,74.020833,26,238.53187499999999,490.0625,89.37506249999998,9.822499999999998,20.688125,6.340000000000002,17.729999999999997,10.150000000000002,5.1118749999999995,26.907838125
2026-07-26T22:44:41.839Z,MCT2408023,15.499722,74.020833,25.714285714285715,235.86285714285717,490,89.46443428571429,9.832857142857142,20.132857142857144,6.339999999999999,17.73,10.15,5.5128571428571425,26.760944285714288
2026-07-26T21:50:00.000Z,MCT2408040,15.528056,74.020833,18.625,100,469,88.16198749999998,7.7162500000000005,4.772499999999999,3.07,8.42,3.73,3.5,27.316735
2026-07-26T22:00:00.000Z,MCT2408040,15.528056,74.020833,19.0625,100,473.875,88.37370250000002,8.14375,4.798125,3.07,8.42,3.7299999999999986,3.5,27.280535625
2026-07-26T22:10:00.000Z,MCT2408040,15.528056,74.020833,19,100,479.5,88.33698625000002,7.964375,4.813750000000001,3.07,8.42,3.7299999999999986,3.5,27.31539312500001
2026-07-26T22:20:00.000Z,MCT2408040,15.528056,74.020833,18.8125,100,479.0625,88.41280374999998,7.88625,4.729374999999999,3.07,8.42,3.7299999999999986,3.5,27.283888124999997
2026-07-26T22:30:00.000Z,MCT2408040,15.528056,74.020833,18.9375,100,469.625,88.4147125,8.096875,4.6825,3.07,8.42,3.7299999999999986,3.5,27.264448750000003
2026-07-26T22:40:00.000Z,MCT2408040,15.528056,74.020833,18.9375,100,450.5,87.81532625,8.03625,4.641249999999999,3.07,8.42,3.7299999999999986,3.5,27.0888225
2026-07-26T22:44:41.964Z,MCT2408040,15.528056,74.020833,19,100,447,88.11335,8.015,4.7175,3.07,8.42,3.73,3.5,26.729535
2026-07-26T21:50:00.000Z,MCT2408027,15.275556,74.1075,28,1174.3225000000002,625.25,91.32913749999999,6.579999999999999,12.822500000000002,6.1625000000000005,21.317499999999995,12.475,2.9499999999999997,26.978892499999994
2026-07-26T22:00:00.000Z,MCT2408027,15.275556,74.1075,27.4375,1171.2643749999997,611.0625,91.32818500000003,6.579999999999999,12.771250000000006,5.856875000000001,20.082500000000003,11.488124999999998,2.9500000000000006,26.974198749999992
2026-07-26T22:10:00.000Z,MCT2408027,15.275556,74.1075,26.3125,1171.7312499999998,613.1875,91.18656375000003,6.579999999999999,12.705000000000004,5.548750000000002,18.789375,10.684375,2.9500000000000006,27.030505624999996
2026-07-26T22:20:00.000Z,MCT2408027,15.275556,74.1075,26.4375,1172.5031249999997,601.5,91.11122312500002,6.579999999999999,12.763750000000005,5.548125000000001,19.158749999999998,11.1175,2.9500000000000006,27.002351874999995
2026-07-26T22:30:00.000Z,MCT2408027,15.275556,74.1075,39.0625,1161.906875,583.625,91.36395,6.579999999999999,12.707500000000005,14.545625,43.98875,23.160000000000004,2.9500000000000006,26.926607499999996
2026-07-26T22:40:00.000Z,MCT2408027,15.275556,74.1075,27.125,1175.67875,585.1875,91.62144124999999,6.579999999999999,12.678125000000003,5.97875,20.453125,11.8575,2.9500000000000006,26.789863750000006
2026-07-26T22:44:41.961Z,MCT2408027,15.275556,74.1075,27.125,1178.2975,600.625,91.6104725,6.579999999999999,12.641250000000003,5.9175,20.33125,11.735000000000001,2.9499999999999997,26.768414999999997
2026-07-26T21:50:00.000Z,MCT2408049,15.475278,74.055833,56.77777777777778,150,475.3333333333333,87.66183777777779,24.10666666666667,11.49888888888889,3.829999999999999,11.233333333333333,5.883333333333333,2.61,27.47492888888889
2026-07-26T22:00:00.000Z,MCT2408049,15.475278,74.055833,56.5,151.1247375,487.125,87.769550625,24.015624999999996,11.509375,3.8299999999999987,11.730625000000002,6.380624999999999,2.61,27.497718749999994
2026-07-26T22:10:00.000Z,MCT2408049,15.475278,74.055833,56.75,151.2957125,491.125,87.78862437500001,24.15,11.925625000000002,3.8299999999999987,11.729999999999999,6.38,2.61,27.538606875000003
2026-07-26T22:20:00.000Z,MCT2408049,15.475278,74.055833,56.8125,150.0756,482.875,88.11763937499998,24.201249999999998,13.298124999999997,3.926249999999999,12.305000000000001,6.76375,2.61,27.447445625000004
2026-07-26T22:30:00.000Z,MCT2408049,15.475278,74.055833,56.875,150.464575,482.8125,88.40851374999998,24.283124999999995,13.806250000000002,4.407500000000001,14.555625,8.058125,2.61,27.40655625
2026-07-26T22:40:00.000Z,MCT2408049,15.475278,74.055833,57,150,477.875,88.45619624999999,24.318124999999995,13.777499999999998,3.974374999999999,10.819375,5.180000000000001,2.61,27.29796375
2026-07-26T22:44:41.987Z,MCT2408049,15.475278,74.055833,56.857142857142854,151.2176,472.14285714285717,88.11402999999999,24.18857142857143,12.981428571428571,3.829999999999999,9.19,3.84,2.61,27.294134285714282
2026-07-26T21:50:00.000Z,MCT2408044,15.313669,74.140042,24,214.29,496.5,93.59411333333333,10.591666666666667,3.4066666666666663,2.8700000000000006,7.833333333333333,4.681666666666667,4.2491451666666675,26.33806833333333
2026-07-26T22:00:00.000Z,MCT2408044,15.313669,74.140042,24.2,214.29,492.4,93.26757733333335,10.779333333333334,3.376666666666666,2.8699999999999997,7.633333333333334,4.464666666666667,4.031880266666667,26.389547999999998
2026-07-26T22:10:00.000Z,MCT2408044,15.313669,74.140042,24.066666666666666,214.29,488.8666666666667,93.27164666666667,10.758000000000001,3.32,2.8699999999999997,7.5,4.320000000000001,4.035128066666667,26.318047999999997
2026-07-26T22:20:00.000Z,MCT2408044,15.313669,74.140042,24.066666666666666,214.29,488.46666666666664,93.0748086666667,10.599999999999996,3.32,2.8699999999999997,7.5,4.320000000000001,4.210769,26.29159333333333
2026-07-26T22:30:00.000Z,MCT2408044,15.313669,74.140042,24.071428571428573,214.29,474.85714285714283,92.92817785714284,10.649999999999997,3.357142857142857,2.87,7.5,4.32,4.015109714285713,26.31278857142857
2026-07-26T22:40:00.000Z,MCT2408044,15.313669,74.140042,24.0625,214.29,472.75,93.25556187500001,10.681875000000002,3.34625,2.8699999999999997,7.5,4.32,4.168589625,26.248245624999996
2026-07-26T22:44:42.041Z,MCT2408044,15.313669,74.140042,24.428571428571427,214.29,462.7142857142857,93.29438857142858,10.922857142857143,3.32,4.185714285714286,11.285714285714286,6.564285714285712,4.114468857142857,26.270654285714283
2026-07-26T21:50:00.000Z,MCT2408029,15.333611,74.206944,12,512.5807625,743,93.18689749999999,3.5925000000000002,7.751250000000001,2.9400000000000004,8.96,5,3.5075000000000003,26.8595775
2026-07-26T22:00:00.000Z,MCT2408029,15.333611,74.206944,12.375,512.5235499999999,740.875,92.92129999999999,3.09875,7.8481250000000005,2.9399999999999995,8.995625000000002,5.038125,3.689375,26.897783749999995
2026-07-26T22:10:00.000Z,MCT2408029,15.333611,74.206944,12.375,511.1886124999999,725.75,92.98710249999999,2.73125,7.9281250000000005,2.9399999999999995,9.103750000000002,5.148125,3.709375,26.855553125
2026-07-26T22:20:00.000Z,MCT2408029,15.333611,74.206944,13.1875,510.65003749999994,733,92.87027499999998,4.01,7.549375,2.9399999999999995,8.851250000000002,4.891875000000001,3.66375,26.860245625
2026-07-26T22:30:00.000Z,MCT2408029,15.333611,74.206944,12.538461538461538,512.2998923076923,718.7692307692307,92.75370769230769,3.8969230769230774,7.577692307692307,2.94,8.893076923076924,4.933076923076923,3.5715384615384616,26.907322307692308
2026-07-26T22:40:00.000Z,MCT2408029,15.333611,74.206944,12.6875,512.6326375,715.3125,92.48451625,4.136875,8.044375,2.9768749999999997,9.8625,5.845625,3.58625,27.009056875
2026-07-26T22:44:42.156Z,MCT2408029,15.333611,74.206944,13.125,515.4970875,715.5,92.747255,4.291250000000001,8.2525,3.0875000000000004,10.548750000000002,6.32375,3.6975,26.94403375
2026-07-26T21:50:00.000Z,MCT2408046,15.529167,74.07,31.076923076923077,237.04,639.8461538461538,92.28244846153846,13.593750769230772,10.273756615384617,5,12,5,4.201538461538461,26.55091923076923
2026-07-26T22:00:00.000Z,MCT2408046,15.529167,74.07,31.04,237.04,649.6,92.1753528,13.524494000000002,12.02529532,5,12,5,4.022,26.529831599999987
2026-07-26T22:10:00.000Z,MCT2408046,15.529167,74.07,31.04,237.04,648.36,92.24554520000001,13.475062399999999,10.317059160000003,5,12,5,4.226000000000001,26.461619999999996
2026-07-26T22:20:00.000Z,MCT2408046,15.529167,74.07,31.16,237.04,647.88,92.59008999999998,13.586806000000001,8.868824040000003,5,12,5,4.0792,26.495081600000002
2026-07-26T22:30:00.000Z,MCT2408046,15.529167,74.07,31.24,237.04,657.64,92.7103276,13.643750000000002,13.137648960000002,5,12,5,4.0192000000000005,26.539697199999992
2026-07-26T22:40:00.000Z,MCT2408046,15.529167,74.07,30.96,237.04,644.2,92.0896004,13.379166800000002,11.990589280000004,5,12,5,4.4212,26.4054212
2026-07-26T22:44:42.170Z,MCT2408046,15.529167,74.07,30.916666666666668,237.04,637.0833333333334,91.97032666666665,13.34425,10.118873749999999,5,12,5,4.595833333333334,26.20132166666667
2026-07-26T21:50:00.000Z,MCT2408037,15.394444,74.118333,25.625,160,472.75,86.85640749999999,10.830000000000002,215.0375,4.09,16.558749999999996,9.2725,3.68625,26.899794999999997
2026-07-26T22:00:00.000Z,MCT2408037,15.394444,74.118333,25.1875,160.00726875,462.8125,86.97799999999998,10.498125000000002,215.51687500000003,4.1825,16.556874999999998,8.990625,3.7731250000000007,26.852873749999997
2026-07-26T22:10:00.000Z,MCT2408037,15.394444,74.118333,25.3125,160,477.125,87.07575000000001,10.684999999999999,215.37875000000003,4.41375,17.376875000000002,9.41375,3.506875,26.865609375000005
2026-07-26T22:20:00.000Z,MCT2408037,15.394444,74.118333,25.0625,160,471.6875,87.07813499999999,10.33125,215.38000000000002,4.13625,15.638124999999997,8.290624999999999,3.4918750000000003,26.860915625
2026-07-26T22:30:00.000Z,MCT2408037,15.394444,74.118333,25,160,474.5625,86.90981250000002,10.266250000000001,216.81812500000007,4.461250000000001,17.0175,9.131874999999999,3.7425,26.91588125
2026-07-26T22:40:00.000Z,MCT2408037,15.394444,74.118333,25.1875,160.37036875,461.25,86.62800250000002,10.518125,215.24312500000005,3.7662499999999994,14.361250000000002,7.823124999999999,3.803125,26.972188124999995
2026-07-26T22:44:42.171Z,MCT2408037,15.394444,74.118333,25,161.0201375,454.625,86.53978749999999,10.36625,215.58625,3.9049999999999994,13.7975,7.1225000000000005,3.68125,26.98693625
2026-07-26T21:50:00.000Z,MCT2408042,15.213889,74.071667,60.44444444444444,294.0388888888889,465.55555555555554,90.70851111111111,25.266666666666666,14.75111111111111,7.785555555555555,25.737777777777776,14.476666666666668,4.232222222222223,26.910074444444447
2026-07-26T22:00:00.000Z,MCT2408042,15.213889,74.071667,60.375,292.17249999999996,477.4375,90.90284624999998,25.166249999999994,14.72375,8.701874999999998,27.9875,15.546250000000002,4.284375000000001,26.872311875000005
2026-07-26T22:10:00.000Z,MCT2408042,15.213889,74.071667,60.1875,288.5012499999999,470.4375,90.89950999999998,25.009375,14.7075,12.455625000000003,40.355625,22.207500000000003,4.25,26.900463749999993
2026-07-26T22:20:00.000Z,MCT2408042,15.213889,74.071667,60,285.710625,473.9375,91.0211025,24.926249999999996,14.535625000000001,12.62625,40.58250000000001,22.265,4.271875,26.87499437500001
2026-07-26T22:30:00.000Z,MCT2408042,15.213889,74.071667,59.5,278.30937500000005,482.625,91.32294124999999,24.489999999999995,14.718125,12.796875000000002,40.64312500000001,22.038125,4.085000000000001,26.884376874999994
2026-07-26T22:40:00.000Z,MCT2408042,15.213889,74.071667,59.375,283.263125,480.5625,91.57661937499998,24.400624999999994,14.408125,11.886875,37.9625,20.782500000000002,4.0175,26.92928875000001
2026-07-26T22:44:42.197Z,MCT2408042,15.213889,74.071667,59.285714285714285,281.1585714285714,480.85714285714283,91.70420714285716,24.292857142857144,13.972857142857142,13.260000000000002,42.47428571428571,23.43,4.188571428571429,26.964718571428573
2026-07-26T21:50:00.000Z,MCT2408041,15.224628,74.171389,32.55555555555556,452.5573,480.55555555555554,90.58644111111113,13.69888888888889,9.700000000000001,8.090000000000002,20.790000000000003,9.437777777777779,8.341111111111111,26.880281111111117
2026-07-26T22:00:00.000Z,MCT2408041,15.224628,74.171389,32.75,453.64795625,482.1875,90.56667937500002,13.733124999999998,9.7,8.090000000000002,21.110625000000002,9.758125000000001,8.21625,26.857564375
2026-07-26T22:10:00.000Z,MCT2408041,15.224628,74.171389,32.625,450.35523125000003,491.5625,90.4365,13.659374999999999,9.7,8.090000000000002,20.55375,9.203125000000004,8.20625,26.87767375
2026-07-26T22:20:00.000Z,MCT2408041,15.224628,74.171389,32.5,454.38773749999996,494.875,90.50850375000002,13.548125,9.7,8.090000000000002,20.401875,9.051875000000003,8.120000000000001,26.811313125
2026-07-26T22:30:00.000Z,MCT2408041,15.224628,74.171389,32.4375,455.69441875,499.8125,90.67444312499998,13.53,9.7,8.090000000000002,20.25,8.900000000000002,8.079374999999999,26.729534375000004
2026-07-26T22:40:00.000Z,MCT2408041,15.224628,74.171389,32.625,455.72655625,505.6875,90.80605187500001,13.694374999999997,9.7,8.090000000000002,20.25,8.900000000000002,8.055,26.716127499999995
2026-07-26T22:44:42.249Z,MCT2408041,15.224628,74.171389,32.57142857142857,461.1056857142857,505,91.15924857142856,13.85142857142857,9.700000000000001,8.090000000000002,20.25,8.9,8.2,26.685864285714292
2026-07-26T21:50:00.000Z,MCT2408033,15.346944,74.007778,20.75,120.74607500000002,456.125,87.34850374999999,7.651249999999999,48.981553749999996,3.4875000000000003,9.74375,6.175,4.39,27.950853749999997
2026-07-26T22:00:00.000Z,MCT2408033,15.346944,74.007778,20.9375,122.22940625000003,465.375,87.49775312499997,7.774374999999999,46.24623625,3.939375000000001,10.993125000000001,7.0600000000000005,4.39,27.827515624999997
2026-07-26T22:10:00.000Z,MCT2408033,15.346944,74.007778,21.25,120.27490625,445.375,87.89352874999999,8.009375,47.53200375000001,3.901875000000001,10.865,6.949375000000001,4.39,27.730987500000005
2026-07-26T22:20:00.000Z,MCT2408033,15.346944,74.007778,21.1875,123.05863749999999,458.6875,87.868731875,7.8987500000000015,39.71009062500001,3.2962500000000006,9.68,6.506875,4.39,27.698812500000003
2026-07-26T22:30:00.000Z,MCT2408033,15.346944,74.007778,21.3125,122.18173749999998,448.4375,87.89734249999998,8.101875000000001,42.91415874999999,3.0681250000000007,8.91125,6.028125,4.39,27.593573124999992
2026-07-26T22:40:00.000Z,MCT2408033,15.346944,74.007778,21.25,122.13582500000003,450.875,87.96791499999998,8.12875,45.78972375,3.1443750000000006,8.81625,5.770625,4.39,27.558716875000005
2026-07-26T22:44:42.359Z,MCT2408033,15.346944,74.007778,21.5,121.99645,458.375,88.10285875000001,8.37875,47.18750125,3.33375,9.61625,6.39625,4.39,27.476268750000003
2026-07-26T21:50:00.000Z,MCT2408024,15.148056,74.131667,40.69230769230769,218.63893076923074,591.2307692307693,82.24040538461539,17.62479461538462,7.104007384615386,5,14.990000000000002,7.989999999999999,2.506153846153846,28.092033076923084
2026-07-26T22:00:00.000Z,MCT2408024,15.148056,74.131667,41,218.62649999999996,571,82.28430239999997,17.8819136,7.041847319999999,5,14.990000000000004,7.990000000000002,2.526,28.017189600000002
2026-07-26T22:10:00.000Z,MCT2408024,15.148056,74.131667,40.791666666666664,219.0927833333333,625.625,82.38272166666664,17.71925583333334,7.575757875,5,14.990000000000004,7.990000000000002,2.5170833333333333,27.925829999999994
2026-07-26T22:20:00.000Z,MCT2408024,15.148056,74.131667,40.4,219.225296,651.88,82.35540879999996,17.459346400000005,6.243578840000002,5,15.030000000000005,8.030000000000003,2.5172,27.872187600000014
2026-07-26T22:30:00.000Z,MCT2408024,15.148056,74.131667,40.4,220.174132,656.36,82.31939600000001,17.440274,6.6487733600000025,5,14.990000000000004,7.990000000000002,2.5203999999999995,27.825855600000015
2026-07-26T22:40:00.000Z,MCT2408024,15.148056,74.131667,40.5,219.07463749999997,661.2083333333334,82.43866833333337,17.48250583333333,8.360990208333337,5,15.031666666666672,8.031666666666668,2.5175000000000005,27.786406666666668
2026-07-26T22:44:42.383Z,MCT2408024,15.148056,74.131667,40.75,218.88105833333336,525.5833333333334,82.4552,17.6135075,8.299662750000001,5,14.990000000000002,7.989999999999999,2.503333333333333,27.814556666666665
2026-07-26T21:50:00.000Z,MCT2408045,15.619444,73.878889,28.11111111111111,191.20111111111112,462.77777777777777,86.43859111111111,11.83111111111111,15.387777777777778,3.02,9.953333333333335,4.772222222222221,2.53,27.23420888888889
2026-07-26T22:00:00.000Z,MCT2408045,15.619444,73.878889,27.5,196.79874999999998,440.875,86.30756812499997,11.293125,15.635000000000002,3.020000000000001,9.985,4.803749999999999,2.5300000000000002,26.568656250000004
2026-07-26T22:10:00.000Z,MCT2408045,15.619444,73.878889,27.4375,196.0925,433.1875,87.33324500000003,11.181250000000002,15.788124999999999,3.020000000000001,9.771249999999998,4.591249999999998,2.5300000000000002,26.037093125000002
2026-07-26T22:20:00.000Z,MCT2408045,15.619444,73.878889,26.5,190.645,436.6875,88.110965,10.579375,15.267500000000002,3.020000000000001,9.735624999999999,4.555624999999998,2.5300000000000002,25.899678124999994
2026-07-26T22:30:00.000Z,MCT2408045,15.619444,73.878889,27,190.97062500000004,438.25,88.40517374999999,10.923750000000002,15.372500000000002,3.020000000000001,9.7,4.519999999999998,2.5300000000000002,25.85208625
2026-07-26T22:40:00.000Z,MCT2408045,15.619444,73.878889,27.375,190.44000000000003,439.375,88.55824000000001,11.128125,15.614374999999999,3.020000000000001,9.7,4.519999999999998,2.5300000000000002,25.893643750000003
2026-07-26T22:44:42.383Z,MCT2408045,15.619444,73.878889,27,188,439.7142857142857,88.55435714285714,10.964285714285714,14.954285714285714,3.02,9.700000000000001,4.52,2.53,25.924384285714286
2026-07-26T21:50:00.000Z,MCT2408022,15.475833,74.038889,22.25,150,441,88.81048625,4.041250000000001,11.704316249999998,5,15.125,8.125,4.318197125,26.919903750000003
2026-07-26T22:00:00.000Z,MCT2408022,15.475833,74.038889,22.625,150,436.4375,89.120430625,4.154375,11.559611249999998,5,15.6875,8.6875,4.3354538125,26.840806250000004
2026-07-26T22:10:00.000Z,MCT2408022,15.475833,74.038889,23.8125,150,437.6875,89.70789374999998,4.30375,11.458145000000002,5.3125,18.0625,10.4375,4.2831308749999994,26.704061875
2026-07-26T22:20:00.000Z,MCT2408022,15.475833,74.038889,23.5625,150,437.0625,89.70169249999998,4.301874999999999,11.495794375000001,5.3125,17.8125,10.1875,4.273479125000001,26.696016874999994
2026-07-26T22:30:00.000Z,MCT2408022,15.475833,74.038889,23.5625,150,442.9375,89.68834374999999,4.20125,11.443460000000002,5.3125,17.6875,10.0625,4.273248874999999,26.761039375000003
2026-07-26T22:40:00.000Z,MCT2408022,15.475833,74.038889,21.3125,150,441.125,89.25775875,3.9418749999999996,11.725400624999999,5,14.3125,7.3125,4.324908124999999,26.861586875
2026-07-26T22:44:42.402Z,MCT2408022,15.475833,74.038889,21,150,436.2857142857143,89.20503428571429,3.9214285714285713,11.98537,5,14,7,4.317762714285714,26.744087142857147
2026-07-26T21:50:00.000Z,MCT2408032,15.525556,73.828611,34.76923076923077,210.30999999999997,588.7692307692307,74.83637,14.469230769230771,42.694615384615375,7.120000000000001,19.69153846153846,9.693076923076921,2.983846153846154,30.87478153846154
2026-07-26T22:00:00.000Z,MCT2408032,15.525556,73.828611,35.2,213.87279999999998,579.64,72.44970800000002,14.941200000000002,42.66239999999999,7.347600000000003,23.040400000000005,12.628800000000004,3.0264000000000006,31.18666760000001
2026-07-26T22:10:00.000Z,MCT2408032,15.525556,73.828611,35.64,222.96279999999996,633.04,74.92590280000002,15.338799999999999,42.5364,7.120000000000002,17.581199999999995,7.589200000000004,3.3571999999999997,30.232564799999995
2026-07-26T22:20:00.000Z,MCT2408032,15.525556,73.828611,34.48,220.33399999999997,723.6,82.13232520000001,14.405999999999995,40.899600000000014,7.120000000000002,17.069999999999997,7.080000000000002,3.1499999999999995,28.299472
2026-07-26T22:30:00.000Z,MCT2408032,15.525556,73.828611,34.48,197.73559999999998,682.76,84.37963959999999,14.280799999999994,40.300000000000004,7.120000000000002,17.126799999999992,7.136400000000004,2.4716000000000005,27.83100280000001
2026-07-26T22:40:00.000Z,MCT2408032,15.525556,73.828611,34.36,195.31999999999996,730.2,85.80694520000002,14.2064,39.398399999999995,7.120000000000002,17.069999999999997,7.080000000000002,2.1503999999999994,27.473640000000003
2026-07-26T22:44:42.454Z,MCT2408032,15.525556,73.828611,34.166666666666664,192.72916666666666,732.8333333333334,86.751185,14.064166666666665,38.69583333333333,7.120000000000001,17.069999999999997,7.079999999999999,2.1325000000000003,27.356057500000006
2026-07-26T21:50:00.000Z,MCT2408036,15.171567,74.067106,37.375,120,444.5,90.32682874999999,10.976250000000002,7.674999999999999,2.6299999999999994,9.37375,5.82625,11.83,27.012406249999998
2026-07-26T22:00:00.000Z,MCT2408036,15.171567,74.067106,37.333333333333336,120,447.4,90.36891666666665,10.636666666666668,7.629999999999999,2.7359999999999998,9.693999999999999,5.944,11.768,26.970133999999995
2026-07-26T22:10:00.000Z,MCT2408036,15.171567,74.067106,37.0625,120,448.125,90.42934874999999,10.579374999999999,7.6499999999999995,2.6962500000000005,9.436250000000001,5.762499999999999,11.71,26.933309374999997
2026-07-26T22:20:00.000Z,MCT2408036,15.171567,74.067106,36.8,120,445.93333333333334,90.79107666666664,10.734,7.597333333333333,2.700666666666667,9.354000000000001,5.675999999999999,11.503999999999998,26.88576266666667
2026-07-26T22:30:00.000Z,MCT2408036,15.171567,74.067106,37.0625,120,447.5,90.60482499999999,10.666874999999997,7.713125,2.7625,9.973125,6.1762500000000005,11.643124999999998,27.025813749999998
2026-07-26T22:40:00.000Z,MCT2408036,15.171567,74.067106,37.0625,120,445.6875,91.015380625,10.164375000000001,7.38,2.8287500000000008,10.13125,6.2075000000000005,11.671874999999998,26.984924374999995
2026-07-26T22:44:42.570Z,MCT2408036,15.171567,74.067106,35.57142857142857,120,448.57142857142856,90.18813857142857,10.4,7.9628571428571435,2.6299999999999994,9.41,5.862857142857143,10.731428571428571,27.274214285714287
2026-07-26T21:50:00.000Z,MCT2408031,15.290833,74.149167,17.77777777777778,187.47367777777777,582.7777777777778,87.72880555555554,7.135651222222222,7.297614333333333,4.234444444444444,11.592222222222224,6.7188888888888885,5.103333333333333,26.371434444444443
2026-07-26T22:00:00.000Z,MCT2408031,15.290833,74.149167,21.875,188.46058125,571.9375,87.716619375,7.3077226875,7.2515788125,9.345625000000002,25.625624999999992,14.642500000000002,5.083125,26.353485000000006
2026-07-26T22:10:00.000Z,MCT2408031,15.290833,74.149167,19.125,172.89635625,575,87.67084499999999,7.188687687500001,6.2222301875,7.262499999999999,19.592500000000005,10.980624999999998,4.906875,26.359516875
2026-07-26T22:20:00.000Z,MCT2408031,15.290833,74.149167,18.125,158.37533124999996,574.9375,87.64414374999997,7.369483687500002,7.548399750000001,5.566875000000001,15.000000000000002,8.42375,5.024375,26.325331249999994
2026-07-26T22:30:00.000Z,MCT2408031,15.290833,74.149167,18,187.0562,576.125,87.65844999999997,7.362753250000001,6.7584671875,4.405625,11.765000000000002,6.668125,5.070625,26.295837499999998
2026-07-26T22:40:00.000Z,MCT2408031,15.290833,74.149167,19.3125,169.2592125,580.6875,87.701363125,7.208350749999998,7.507211750000001,7.2331249999999985,18.775625,10.23875,4.9575000000000005,26.294498125000004
2026-07-26T22:44:42.589Z,MCT2408031,15.290833,74.149167,17.714285714285715,180.6630142857143,574.5714285714286,87.80885571428571,7.065637142857142,9.955879142857142,4.965714285714284,13.228571428571428,7.414285714285714,4.841428571428572,26.272187142857145
2026-07-26T21:50:00.000Z,MCT2408035,15.236111,74.125,42.5,190.1579625,549.25,90.26102375000002,17.16540875,54.99389625,3.8000000000000003,10.28375,5.00375,3.829999999999999,26.91856375
2026-07-26T22:00:00.000Z,MCT2408035,15.236111,74.125,43.125,190.50840625,549.375,90.4031225,17.68973,60.98741062499999,3.799999999999999,10.19,4.909999999999998,3.8299999999999987,26.941354375000003
2026-07-26T22:10:00.000Z,MCT2408035,15.236111,74.125,42.8125,190.0140625,540,89.77321999999998,17.447333125,64.57409124999998,3.823749999999999,10.61375,5.286874999999999,3.8299999999999987,27.165910000000004
2026-07-26T22:20:00.000Z,MCT2408035,15.236111,74.125,42.4375,190.00245625,572.5,89.97253812499997,16.942775625000003,60.893133125,3.799999999999999,10.448125,5.168124999999998,3.8299999999999987,27.155183125
2026-07-26T22:30:00.000Z,MCT2408035,15.236111,74.125,43.1875,190,586.5625,89.91674749999997,17.563590625,63.347106875,3.799999999999999,10.19,4.909999999999998,3.8299999999999987,27.212834999999995
2026-07-26T22:40:00.000Z,MCT2408035,15.236111,74.125,43.75,190,571.5,90.01783874999998,18.087911875000003,65.10509187499999,3.799999999999999,10.19,4.909999999999998,3.8299999999999987,27.21618375
2026-07-26T22:44:42.595Z,MCT2408035,15.236111,74.125,43.75,190,565.625,89.83282500000001,18.194287499999998,66.98092499999998,3.8000000000000003,10.19,4.91,3.829999999999999,27.2926025
2026-07-26T21:50:00.000Z,MCT2408039,15.163611,74.110833,29,390.23333333333335,466.1111111111111,86.71833666666664,8.564444444444444,10.299999999999999,9.019999999999998,28.940000000000005,11.760000000000002,2.3000000000000003,27.05307222222222
2026-07-26T22:00:00.000Z,MCT2408039,15.163611,74.110833,29,395.09625,465.8125,87.00756562499998,10.171249999999999,10.3,9.019999999999998,28.94,11.759999999999998,2.3,26.940013750000002
2026-07-26T22:10:00.000Z,MCT2408039,15.163611,74.110833,29,390.64125,472.3125,86.831135,9.939374999999998,10.3,9.019999999999998,28.94,11.759999999999998,2.3,26.954760625000002
2026-07-26T22:20:00.000Z,MCT2408039,15.163611,74.110833,29,390.1433333333334,472.53333333333336,86.85176733333333,9.148666666666665,10.3,9.019999999999998,28.94,11.759999999999998,2.3,26.89934666666666
2026-07-26T22:30:00.000Z,MCT2408039,15.163611,74.110833,29,387.666875,467.25,86.87738687500003,9.455625,10.3,9.019999999999998,28.94,11.759999999999998,2.3,26.869630625
2026-07-26T22:40:00.000Z,MCT2408039,15.163611,74.110833,29,388.3425,483.6875,86.89693812499999,9.639375,10.3,9.019999999999998,28.94,11.759999999999998,2.3,26.874993749999994
2026-07-26T22:44:42.608Z,MCT2408039,15.163611,74.110833,29,388.20750000000004,473.25,86.95177375,9.75625,10.299999999999999,9.019999999999998,28.94,11.760000000000002,2.3000000000000003,26.90649625
2026-07-26T21:50:00.000Z,MCT2408038,15.188889,74.055556,34.625,426.04625,636.5,88.54345875000001,14.3675,13.33,5.950000000000001,17.148750000000003,8.4075,4.80875,27.348908749999996
2026-07-26T22:00:00.000Z,MCT2408038,15.188889,74.055556,34.5625,430.8425,627.75,88.58780375,14.464375,13.330000000000005,5.950000000000002,16.900000000000002,7.939999999999999,4.79125,27.328129375000003
2026-07-26T22:10:00.000Z,MCT2408038,15.188889,74.055556,34.5625,422.75187500000004,633.625,88.66552687500001,14.350625,13.330000000000005,5.950000000000002,16.900000000000002,7.9606249999999985,4.760000000000001,27.348907500000003
2026-07-26T22:20:00.000Z,MCT2408038,15.188889,74.055556,34.8125,435.99312499999996,635.875,88.862461875,14.553125,13.330000000000005,5.950000000000002,16.900000000000002,7.939999999999999,4.783125000000001,27.37706312500001
2026-07-26T22:30:00.000Z,MCT2408038,15.188889,74.055556,34.625,427.77875,644.5625,88.924926875,14.426875,13.330000000000005,5.950000000000002,16.900000000000002,7.939999999999999,4.72875,27.39717000000001
2026-07-26T22:40:00.000Z,MCT2408038,15.188889,74.055556,34.625,428.911875,649.5,89.05987375,14.505625,13.330000000000005,5.950000000000002,16.900000000000002,7.939999999999999,4.813750000000001,27.446103750000002
2026-07-26T22:44:42.660Z,MCT2408038,15.188889,74.055556,34.857142857142854,437.46000000000004,630.1428571428571,89.24208999999999,14.687142857142858,13.33,5.950000000000001,16.900000000000002,8.112857142857141,4.8028571428571425,27.470329999999997
2026-07-26T21:50:00.000Z,MCT2408026,15.2467,74.198281,30.928571428571427,125,653.5,90.69440285714288,13.26504214285714,12.5,4.730000000000002,14.509999999999996,7.709999999999998,2.5907142857142857,27.23514571428571
2026-07-26T22:00:00.000Z,MCT2408026,15.2467,74.198281,30.92,125,650.32,91.18963600000002,13.2271324,12.5,4.730000000000003,14.509999999999996,7.710000000000001,2.6868000000000007,27.02404360000001
2026-07-26T22:10:00.000Z,MCT2408026,15.2467,74.198281,30.92,125,650.6,91.78716999999995,13.272480399999997,12.5,4.730000000000003,14.548399999999994,7.748800000000001,2.5432,26.8786116
2026-07-26T22:20:00.000Z,MCT2408026,15.2467,74.198281,30.96,125,658.4,91.49999960000002,13.301096400000006,12.5,4.730000000000003,14.509999999999996,7.710000000000001,2.5612,26.960551999999993
2026-07-26T22:30:00.000Z,MCT2408026,15.2467,74.198281,30.8,125,648.04,91.21343960000002,13.087790800000002,12.5,4.730000000000003,14.509999999999996,7.710000000000001,2.5416000000000007,27.0364852
2026-07-26T22:40:00.000Z,MCT2408026,15.2467,74.198281,30.68,126.906848,649.88,91.7609248,12.956395200000001,12.5,4.730000000000003,14.663999999999996,7.864800000000002,2.6224000000000003,26.94425040000001
2026-07-26T22:44:42.775Z,MCT2408026,15.2467,74.198281,30.727272727272727,125,641.8181818181819,91.96905363636364,13.07831090909091,12.5,4.730000000000001,14.509999999999998,7.709999999999999,2.493636363636363,26.914298181818182
2026-07-26T22:50:00.000Z,MCT2408020,15.543475,74.039433,22,180,691.25,88.56443750000001,8.76716625,17.48871,5.57,15.84,7.43,3.66,26.6732275
2026-07-26T23:00:00.000Z,MCT2408020,15.543475,74.039433,22.625,180,693.625,88.65122187500002,9.2469051875,18.088460625000003,5.5699999999999985,15.840000000000002,7.430000000000003,3.6599999999999984,26.585413125000002
2026-07-26T23:10:00.000Z,MCT2408020,15.543475,74.039433,22.3125,180,694.1875,88.594478125,8.9973473125,17.473560625,5.5699999999999985,15.840000000000002,7.430000000000003,3.6599999999999984,26.572005625000003
2026-07-26T23:20:00.000Z,MCT2408020,15.543475,74.039433,22.125,180,692.1875,88.59114187499999,8.886678375,17.431823125,5.5699999999999985,15.840000000000002,7.430000000000003,3.6599999999999984,26.488888125
2026-07-26T23:30:00.000Z,MCT2408020,15.543475,74.039433,22.375,180,690.625,89.20149250000003,8.979661187500001,18.046131250000006,5.5699999999999985,15.840000000000002,7.430000000000003,3.6599999999999984,26.320639375
2026-07-26T23:40:00.000Z,MCT2408020,15.543475,74.039433,22.5,180,692.1875,89.471859375,9.036101125,18.301448125,5.5699999999999985,15.840000000000002,7.430000000000003,3.6599999999999984,26.356836250000008
2026-07-26T23:47:32.073Z,MCT2408020,15.543475,74.039433,22.25,180,695,89.53463999999998,8.78415925,18.413933333333336,5.57,15.840000000000002,7.430000000000002,3.659999999999999,26.425654166666664
2026-07-26T22:50:00.000Z,MCT2408028,15.186944,74.096667,41.833333333333336,584.8233333333334,482.5,93.68948499999999,18.278333333333332,12.67,6.990000000000001,25.189999999999998,15.243333333333332,2.07,26.663389999999996
2026-07-26T23:00:00.000Z,MCT2408028,15.186944,74.096667,41.72,585.4916000000001,476.8,93.61578360000001,18.1652,12.877199999999998,5.829999999999999,22.431600000000003,13.797600000000003,1.7728000000000004,26.6658212
2026-07-26T23:10:00.000Z,MCT2408028,15.186944,74.096667,41.72,582.3660000000001,476.84,93.6847544,18.161600000000004,12.708799999999997,5.549999999999999,21.557999999999996,13.520400000000002,1.5236000000000005,26.675259999999998
2026-07-26T23:20:00.000Z,MCT2408028,15.186944,74.096667,41.36,577.5527999999998,483.36,94.11505240000001,17.8156,12.6528,6.19,22.114,13.121600000000003,1.5195999999999998,26.601903200000002
2026-07-26T23:30:00.000Z,MCT2408028,15.186944,74.096667,41.52,575.4424000000001,484.68,94.29479959999998,17.968000000000004,12.752400000000002,6.19,23.4272,14.434400000000004,1.3035999999999999,26.569299199999996
2026-07-26T23:40:00.000Z,MCT2408028,15.186944,74.096667,41.52,577.384,488.64,94.47576880000004,18.010399999999997,12.677999999999997,5.83,21.5564,13.0024,1.5944,26.520820799999996
2026-07-26T23:47:32.073Z,MCT2408028,15.186944,74.096667,41.36842105263158,577.1215789473684,491,94.75940526315789,17.874736842105264,12.683684210526314,6.253157894736841,21.77157894736842,12.608421052631575,1.462105263157895,26.466766315789485
2026-07-26T22:50:00.000Z,MCT2408055,15.585833,73.885556,20,106.2175,659.25,92.17123500000001,9.015,16.626905,3.5,8.22,3.75,2.025,25.37817
2026-07-26T23:00:00.000Z,MCT2408055,15.585833,73.885556,19.6875,107.62562499999997,664.625,92.053455,8.882500000000002,14.875952499999999,3.5,7.93125,3.452499999999999,1.930625,25.516254375000003
2026-07-26T23:10:00.000Z,MCT2408055,15.585833,73.885556,20,107.4275,657.125,92.18363,9.035625,13.084444999999999,3.5,7.89,3.4099999999999993,1.9643749999999998,25.467991875000003
2026-07-26T23:20:00.000Z,MCT2408055,15.585833,73.885556,19.9375,108.44562499999999,654.1875,92.15454437499999,8.96125,14.835399375,3.5,7.89,3.4099999999999993,1.808125,25.492793125000006
2026-07-26T23:30:00.000Z,MCT2408055,15.585833,73.885556,19.6875,107.85125,661.75,91.77689000000002,8.883750000000001,17.662211874999997,3.5,7.89,3.4099999999999993,1.6231250000000004,25.770976875
2026-07-26T23:40:00.000Z,MCT2408055,15.585833,73.885556,19.5,108.10937499999999,667.0625,91.74971062500002,8.640625000000004,16.708013125,3.5,7.9312499999999995,3.4524999999999997,1.7637500000000002,25.785054999999996
2026-07-26T23:47:32.101Z,MCT2408055,15.585833,73.885556,19.583333333333332,108.96083333333333,662.9166666666666,91.51765,8.728333333333333,19.5229,3.5,8.275,3.806666666666666,1.7891666666666666,25.926043333333336
2026-07-26T22:50:00.000Z,MCT2408056,15.579167,73.920833,18,180,703.75,89.72982999999999,6.255000000000001,26.629695,4.69,13.66,7.5,3.395,26.6061925
2026-07-26T23:00:00.000Z,MCT2408056,15.579167,73.920833,18,180,675.4375,89.81136875,6.268750000000001,23.07526375,4.6899999999999995,13.659999999999998,7.5,3.1337499999999996,26.5947975
2026-07-26T23:10:00.000Z,MCT2408056,15.579167,73.920833,18,180,677.0625,90.12274249999999,6.206249999999999,22.606661250000002,4.6899999999999995,13.659999999999998,7.5,3.1568749999999994,26.596138125000003
2026-07-26T23:20:00.000Z,MCT2408056,15.579167,73.920833,18,180,680.4375,90.41504499999999,6.550000000000001,17.65801075,4.6899999999999995,13.659999999999998,7.5,2.6762499999999996,26.582061875
2026-07-26T23:30:00.000Z,MCT2408056,15.579167,73.920833,18,180,701.5,90.369745,6.781250000000002,13.9438091875,4.6899999999999995,13.659999999999998,7.5,2.2612499999999995,26.655796875
2026-07-26T23:40:00.000Z,MCT2408056,15.579167,73.920833,18.375,180,704,90.26913125000002,7.035624999999999,17.202903875,4.6899999999999995,13.659999999999998,7.5,2.32875,26.73154624999999
2026-07-26T23:47:32.105Z,MCT2408056,15.579167,73.920833,18,180,700.5833333333334,90.31284166666666,6.760833333333334,14.409233249999998,4.6899999999999995,13.659999999999998,7.5,2.11,26.75902916666666
2026-07-26T22:50:00.000Z,MCT2408057,15.272222,74.104722,29.666666666666668,345.9433333333333,601.6666666666666,88.47097833333333,12.195,9.368333333333334,3.28,11.211666666666666,6.548333333333333,2.3316666666666666,27.614351666666664
2026-07-26T23:00:00.000Z,MCT2408057,15.272222,74.104722,29.32,345.7511999999999,587.84,88.41131639999996,12.005999999999998,9.544399999999994,3.2911999999999995,11.262,6.619599999999999,2.442,27.655108
2026-07-26T23:10:00.000Z,MCT2408057,15.272222,74.104722,29.68,345.38199999999995,591.68,87.92150999999998,12.171599999999998,9.486399999999998,3.6252,12.053200000000002,6.887199999999998,2.2632,27.836149599999995
2026-07-26T23:20:00.000Z,MCT2408057,15.272222,74.104722,29.84,345.7843999999999,595.96,87.87664880000003,12.266799999999998,9.369599999999997,3.315999999999999,11.307600000000004,6.575999999999999,2.3087999999999997,27.871756799999993
2026-07-26T23:30:00.000Z,MCT2408057,15.272222,74.104722,29.6,344.5239999999999,591.56,87.96789720000001,12.223599999999998,9.357599999999998,3.4819999999999993,11.487600000000002,6.553199999999999,2.3064,27.8786212
2026-07-26T23:40:00.000Z,MCT2408057,15.272222,74.104722,29.8,339.09839999999997,594.68,88.0753176,12.279199999999998,9.343199999999998,3.291599999999999,11.058400000000004,6.398,2.4020000000000006,27.883769200000003
2026-07-26T23:47:32.102Z,MCT2408057,15.272222,74.104722,29.736842105263158,340.49210526315784,603.3157894736842,87.91142263157897,12.222631578947368,9.362631578947365,3.6089473684210525,12.200000000000001,7.05,2.34,27.960943157894743
2026-07-26T22:50:00.000Z,MCT2408053,15.263333,74.110833,40,215.447675,646.5,93.630355,15.1625,23.65,4.82,17.5,11.844999999999999,6.495,26.4667675
2026-07-26T23:00:00.000Z,MCT2408053,15.263333,74.110833,43.5,222.449325,630.6875,93.70855500000003,18.139375,22.715625,4.762500000000001,15.920625000000001,10.220625,6.6899999999999995,26.463415625
2026-07-26T23:10:00.000Z,MCT2408053,15.263333,74.110833,42.875,212.94481874999997,639.4375,93.74765687499999,17.41125,23.840625,4.762500000000001,16.285625000000003,10.574375000000002,6.93375,26.528436875000004
2026-07-26T23:20:00.000Z,MCT2408053,15.263333,74.110833,46.25,219.76280625,633.5625,93.500655625,20.41625,24.208125,4.647500000000002,15.859375,10.3625,6.829999999999999,26.567315625
2026-07-26T23:30:00.000Z,MCT2408053,15.263333,74.110833,42.5625,190.43707500000002,632.8125,93.37715624999998,17.225,25.016875,6.543125000000002,23.21375,15.439374999999997,6.636874999999999,26.598817500000003
2026-07-26T23:40:00.000Z,MCT2408053,15.263333,74.110833,42.2,137.39189333333334,674.0666666666667,93.52596066666665,16.879333333333335,25.014,6.735333333333335,23.398666666666667,15.415333333333333,6.703333333333333,26.606193333333337
2026-07-26T23:47:32.284Z,MCT2408053,15.263333,74.110833,42.69230769230769,169.6829615384615,661.1538461538462,93.52368999999999,17.413846153846155,25.611538461538455,5.014615384615386,18.324615384615388,12.408461538461536,6.49,26.647443076923075
2026-07-26T22:50:00.000Z,MCT2408052,15.444425,74.063856,28.25,160,543.5,89.0241075,3.7101755,8,9.535,25.085,11.047500000000001,2,27.56341
2026-07-26T23:00:00.000Z,MCT2408052,15.444425,74.063856,28.75,160.58593125000002,576.4375,88.76184749999997,3.7360964375000005,8.0166139375,10.116249999999999,26.595000000000002,11.694375000000003,2,27.509783125
2026-07-26T23:10:00.000Z,MCT2408052,15.444425,74.063856,29.625,160,594.625,88.60210562500001,3.7782895625000004,8,10.662499999999998,28.385624999999997,12.706875000000002,2,27.395161249999997
2026-07-26T23:20:00.000Z,MCT2408052,15.444425,74.063856,34.8125,160,642.5,88.61116749999998,3.7980702500000003,8,14.07,38.53500000000001,17.798125,2,27.247690625000004
2026-07-26T23:30:00.000Z,MCT2408052,15.444425,74.063856,32.13333333333333,160,631.2666666666667,88.837442,3.700912400000001,8,11.906666666666665,33.056,15.486,2,27.02232666666666
2026-07-26T23:40:00.000Z,MCT2408052,15.444425,74.063856,31.125,160,665.75,89.04842937500001,3.7489913125000007,8,11.349999999999996,31.421875,14.625625,2,26.925264374999994
2026-07-26T23:47:32.285Z,MCT2408052,15.444425,74.063856,31.916666666666668,160,669.1666666666666,89.1150275,3.7649123333333336,8,11.901666666666664,32.902499999999996,15.332499999999998,2,26.9324175
2026-07-26T22:50:00.000Z,MCT2408021,15.500556,74.053333,48,375,572,89.3655225,20.9625,15.0754425,2.86,7.39,3.81,4.5225,26.448
2026-07-26T23:00:00.000Z,MCT2408021,15.500556,74.053333,48.125,375,566,89.556735625,20.868749999999995,14.865829999999999,2.86,7.39,3.810000000000001,4.415625,26.290474375000002
2026-07-26T23:10:00.000Z,MCT2408021,15.500556,74.053333,48,375,565.125,89.76892875000001,20.868750000000002,14.82327875,2.86,7.39,3.810000000000001,4.44125,26.124904375
2026-07-26T23:20:00.000Z,MCT2408021,15.500556,74.053333,48,375,566.125,90.179484375,20.883125,14.59595125,2.86,7.39,3.810000000000001,4.421875,25.958665625
2026-07-26T23:30:00.000Z,MCT2408021,15.500556,74.053333,48,375,564.1875,90.47798625000001,20.909375,14.697902500000001,2.86,7.39,3.810000000000001,4.39875,25.844043124999992
2026-07-26T23:40:00.000Z,MCT2408021,15.500556,74.053333,48.25,375,561.5,90.54092875,21.099999999999994,14.768441874999999,2.86,7.39,3.810000000000001,4.40875,25.878226875
2026-07-26T23:47:32.306Z,MCT2408021,15.500556,74.053333,48.5,375,557,90.52392083333335,21.174166666666668,15.015661666666666,2.86,7.39,3.8100000000000005,4.3883333333333345,25.934980833333338
2026-07-26T22:50:00.000Z,MCT2408043,15.221111,74.087222,57,202.10999999999999,671,86.5540925,24.34,33.900000000000006,10.4475,36.37,21.46,5.29,27.356952500000002
2026-07-26T23:00:00.000Z,MCT2408043,15.221111,74.087222,57,195.77437499999996,691.3125,86.48828812500003,24.356875,33.736875000000005,13.93125,45.786875,25.461875,5.290000000000001,27.386446250000006
2026-07-26T23:10:00.000Z,MCT2408043,15.221111,74.087222,57.4375,182.23375000000004,703.1875,86.52166687500002,24.412499999999998,33.63937500000001,21.4525,68.39750000000001,36.67000000000001,5.290000000000001,27.391138750000007
2026-07-26T23:20:00.000Z,MCT2408043,15.221111,74.087222,57,193.91466666666668,700.1333333333333,86.56133933333335,24.300666666666668,34.10466666666667,18.491333333333333,59.138,31.686000000000003,5.290000000000001,27.39055866666667
2026-07-26T23:30:00.000Z,MCT2408043,15.221111,74.087222,57,192.0175,709.125,86.71526374999999,24.319374999999997,33.91812500000001,18.046875,58.66,31.867500000000007,5.290000000000001,27.326118125
2026-07-26T23:40:00.000Z,MCT2408043,15.221111,74.087222,57.875,185.28874999999996,708.6875,86.82970250000002,24.375625,33.949374999999996,22.479374999999997,71.61625000000001,38.830625,5.290000000000001,27.325447500000003
2026-07-26T23:47:32.315Z,MCT2408043,15.221111,74.087222,64.5,200.2566666666667,710.5833333333334,87.01185833333334,24.41416666666667,33.623333333333335,26.914166666666663,86.58416666666666,46.9725,5.29,27.35248333333334
2026-07-26T22:50:00.000Z,MCT2408051,15.486528,74.033889,52,343.51,638.75,97.7674,22.082499999999996,5.19,3.73,10.57,4.98,4.39,25.61412
2026-07-26T23:00:00.000Z,MCT2408051,15.486528,74.033889,52.1875,337.159375,638.0625,97.829863125,22.196249999999996,5.1899999999999995,3.7299999999999986,10.569999999999997,4.980000000000002,4.39,25.492793125000002
2026-07-26T23:10:00.000Z,MCT2408051,15.486528,74.033889,52.1875,308.86,644.375,97.92761250000002,22.199374999999996,5.1899999999999995,5.635625,18.917500000000004,10.77375,4.39,25.39895
2026-07-26T23:20:00.000Z,MCT2408051,15.486528,74.033889,51.9375,317.90375,643.1875,98.18891750000002,22.042499999999997,5.1899999999999995,3.8468749999999985,12.004999999999997,6.301250000000001,4.39,25.301753749999996
2026-07-26T23:30:00.000Z,MCT2408051,15.486528,74.033889,51.8125,336.7575,647.625,98.40969500000003,21.962499999999995,5.1899999999999995,3.7299999999999986,10.569999999999997,4.980000000000002,4.39,25.209251249999994
2026-07-26T23:40:00.000Z,MCT2408051,15.486528,74.033889,52.1875,339.88374999999996,643.375,98.56371124999998,22.19625,5.1899999999999995,3.7299999999999986,10.569999999999997,4.980000000000002,4.39,25.16098875
2026-07-26T23:47:32.314Z,MCT2408051,15.486528,74.033889,52.083333333333336,336.67,644.0833333333334,98.71089666666666,22.135833333333334,5.1899999999999995,3.729999999999999,10.569999999999999,4.980000000000001,4.39,25.125237499999997
2026-07-26T22:50:00.000Z,MCT2408034,15.356389,74.123611,43.5,221.74890000000002,445.1666666666667,78.93169166666667,16.986666666666668,3.41,6.38,17.819999999999997,8.44,2.1666666666666665,29.786185000000003
2026-07-26T23:00:00.000Z,MCT2408034,15.356389,74.123611,42.36,203.62067599999997,447.12,79.21026719999999,16.0968,4.9092,6.379999999999998,17.819999999999997,8.44,1.6232,29.754224400000002
2026-07-26T23:10:00.000Z,MCT2408034,15.356389,74.123611,41.72,212.39228399999993,450.68,79.61798159999995,15.635599999999995,4.139599999999999,6.379999999999998,17.819999999999997,8.44,1.8508000000000004,29.758943599999988
2026-07-26T23:20:00.000Z,MCT2408034,15.356389,74.123611,41.56,213.959504,466.04,79.80230599999999,15.554399999999996,5.045599999999999,6.379999999999998,17.819999999999997,8.44,1.7320000000000002,29.764520400000002
2026-07-26T23:30:00.000Z,MCT2408034,15.356389,74.123611,41.16,211.11911199999997,466,79.91003359999999,15.296799999999994,4.2456,6.379999999999998,17.857599999999994,8.477599999999999,1.8084000000000002,29.755081599999993
2026-07-26T23:40:00.000Z,MCT2408034,15.356389,74.123611,51.458333333333336,213.3402166666667,457.8333333333333,79.75089833333332,23.820833333333336,5.110833333333333,6.379999999999998,17.819999999999997,8.44,1.9229166666666668,29.741051666666667
2026-07-26T23:47:32.491Z,MCT2408034,15.356389,74.123611,49.578947368421055,220.13355263157897,435.7368421052632,79.4532342105263,22.156842105263163,4.41,6.379999999999998,17.819999999999997,8.44,2.3678947368421053,29.61091631578947
2026-07-26T22:50:00.000Z,MCT2408050,15.553611,73.958333,27.25,87.10750000000002,511.75,91.6505275,11.0475,4.5975,4.24,12.88,6.8,3.2424999999999997,26.236180000000004
2026-07-26T23:00:00.000Z,MCT2408050,15.553611,73.958333,27.4375,86.38437499999999,511.875,91.84889312500002,11.235000000000001,4.259375000000001,4.240000000000001,12.879999999999997,6.799999999999998,3.2581249999999997,26.191270625000005
2026-07-26T23:10:00.000Z,MCT2408050,15.553611,73.958333,27.25,86.21187499999999,515.6875,92.07729875000001,11.14875,4.369999999999999,4.240000000000001,12.879999999999997,6.799999999999998,3.059375,26.169819375000003
2026-07-26T23:20:00.000Z,MCT2408050,15.553611,73.958333,27.4375,86.36562499999998,522.5,92.00243375000001,11.204375000000002,4.46,4.240000000000001,12.879999999999997,6.799999999999998,3.051875,26.203335624999998
2026-07-26T23:30:00.000Z,MCT2408050,15.553611,73.958333,27.25,86.13937499999997,515.125,92.23322375,11.036249999999999,4.42375,4.240000000000001,12.879999999999997,6.799999999999998,3.149375,26.165126249999997
2026-07-26T23:40:00.000Z,MCT2408050,15.553611,73.958333,27.25,86.09499999999998,495.3125,92.34098750000001,11.122500000000002,4.3843749999999995,4.240000000000001,12.879999999999997,6.799999999999998,3.20125,26.165126875000002
2026-07-26T23:47:32.491Z,MCT2408050,15.553611,73.958333,27.25,86.02999999999999,502.6666666666667,92.329545,11.019166666666669,4.429166666666667,4.240000000000001,12.879999999999997,6.799999999999998,3.0075,26.20221833333333
2026-07-26T22:50:00.000Z,MCT2408030,15.142519,74.075003,25,164.3605,430,86.62848000000001,9.283333333333333,6.2,9.37,24.64,12.31,2.956666666666667,26.81712333333333
2026-07-26T23:00:00.000Z,MCT2408030,15.142519,74.075003,25,166.75566875000004,431.625,86.55314187500002,8.998125000000002,6.200000000000002,9.370000000000001,24.639999999999993,12.31,3.5825000000000005,26.839465625000003
2026-07-26T23:10:00.000Z,MCT2408030,15.142519,74.075003,25,166.4641125,439,86.52167000000001,8.885625000000001,6.200000000000002,9.370000000000001,24.639999999999993,12.31,3.6281250000000003,26.841476874999998
2026-07-26T23:20:00.000Z,MCT2408030,15.142519,74.075003,25,166.53076875,441.0625,86.52739250000002,9.009375,6.200000000000002,9.370000000000001,24.639999999999993,12.31,3.5375,26.831421249999995
2026-07-26T23:30:00.000Z,MCT2408030,15.142519,74.075003,25,165.99115,440.25,86.59081000000002,8.80375,6.200000000000002,9.370000000000001,24.639999999999993,12.31,3.3593749999999996,26.795895625000004
2026-07-26T23:40:00.000Z,MCT2408030,15.142519,74.075003,25,165.16325625000002,447.1875,86.64564625000001,9.028749999999999,6.200000000000002,9.370000000000001,24.639999999999993,12.31,3.148125,26.79187312500001
2026-07-26T23:47:32.516Z,MCT2408030,15.142519,74.075003,25,165.29488333333333,449.0833333333333,86.67934000000001,8.865000000000002,6.200000000000002,9.370000000000001,24.639999999999997,12.31,3.295833333333333,26.81086666666666
2026-07-26T22:50:00.000Z,MCT2408023,15.499722,74.020833,25.5,195.39249999999998,478,89.39795000000001,9.5125,20.229999999999997,6.34,17.73,10.15,5.5975,26.675905
2026-07-26T23:00:00.000Z,MCT2408023,15.499722,74.020833,38.25,156.35312500000003,492.4375,89.57151874999998,9.830625,21.19625,12.277500000000002,39.973125,25.646874999999998,5.5225,26.575358749999996
2026-07-26T23:10:00.000Z,MCT2408023,15.499722,74.020833,42.0625,155.67187499999997,499.875,89.82472062499998,9.515625,21.068125,13.861874999999998,46.543124999999996,30.540625,5.50375,26.452692499999998
2026-07-26T23:20:00.000Z,MCT2408023,15.499722,74.020833,61.9375,182.75375000000008,494.9375,90.04501812499998,9.428124999999998,21.93875,27.25,85.96124999999999,53.834999999999994,5.583749999999999,26.375605000000007
2026-07-26T23:30:00.000Z,MCT2408023,15.499722,74.020833,76.33333333333333,153.4286666666667,496.1333333333333,90.22141666666668,9.036666666666667,21.704000000000004,35.65866666666667,112.884,70.47666666666666,5.423333333333334,26.323052666666662
2026-07-26T23:40:00.000Z,MCT2408023,15.499722,74.020833,64.0625,150.51,497.0625,90.40979874999998,8.358125000000001,22.043125000000003,27.882499999999997,89.04875000000001,55.91562499999999,5.298125,26.317288125
2026-07-26T23:47:32.525Z,MCT2408023,15.499722,74.020833,55.666666666666664,150.51,496.0833333333333,90.50421,8.730833333333333,22.293333333333333,22.285,72.29499999999999,45.916666666666664,5.185,26.335387499999996
2026-07-26T22:50:00.000Z,MCT2408029,15.333611,74.206944,12.75,507.911475,724,92.79684499999999,2.215,7.14,2.94,9.395,5.44,3.8175,26.898455
2026-07-26T23:00:00.000Z,MCT2408029,15.333611,74.206944,12.1875,506.84576875000005,733.1875,92.89173499999998,2.9549999999999996,7.3175,2.9399999999999995,9.466875000000002,5.511875000000001,3.59375,26.851532499999994
2026-07-26T23:10:00.000Z,MCT2408029,15.333611,74.206944,12.625,494.3161625,733.4375,92.96040124999999,2.488125,7.879375000000001,2.9399999999999995,8.959999999999999,5.000625,3.8293749999999998,26.807960625000007
2026-07-26T23:20:00.000Z,MCT2408029,15.333611,74.206944,12.625,510.68168750000007,720.9375,92.83785187499997,2.88625,7.536875,2.9399999999999995,8.959375,5.001874999999999,3.8487500000000003,26.809971875000002
2026-07-26T23:30:00.000Z,MCT2408029,15.333611,74.206944,12.3125,516.0618875,726.125,92.96373874999999,2.420625,7.533125000000001,2.9399999999999995,8.959999999999999,5.001249999999999,3.699375,26.788522500000006
2026-07-26T23:40:00.000Z,MCT2408029,15.333611,74.206944,12.1875,517.886275,740.4375,93.09105124999999,2.9837499999999997,7.71875,2.9399999999999995,8.815,4.8549999999999995,3.633125,26.791203125000003
2026-07-26T23:47:32.524Z,MCT2408029,15.333611,74.206944,13.5,523.1248833333333,731.5,93.1764075,3.3158333333333334,7.574166666666667,3.1858333333333335,9.875,5.539166666666667,4.2491666666666665,26.79031
2026-07-26T22:50:00.000Z,MCT2408040,15.528056,74.020833,19,100,448.25,88.33174,8.22,4.7575,3.07,8.42,3.73,3.5,26.5954675
2026-07-26T23:00:00.000Z,MCT2408040,15.528056,74.020833,19.0625,100,458.75,88.417570625,8.163125,4.618125,3.07,8.42,3.7299999999999986,3.5,26.5425125
2026-07-26T23:10:00.000Z,MCT2408040,15.528056,74.020833,19,100,458.875,88.48671312499997,8.1075,4.576249999999999,3.07,8.42,3.7299999999999986,3.5,26.515030625000005
2026-07-26T23:20:00.000Z,MCT2408040,15.528056,74.020833,18.75,100,457.8125,88.54870250000002,7.904375,4.633125000000001,3.07,8.42,3.7299999999999986,3.5,26.470118750000005
2026-07-26T23:30:00.000Z,MCT2408040,15.528056,74.020833,19,100,457.6875,88.63596312500002,8.073125,4.7056249999999995,3.07,8.42,3.7299999999999986,3.5,26.413141250000002
2026-07-26T23:40:00.000Z,MCT2408040,15.528056,74.020833,18.75,100,463.5625,88.709395,7.913750000000002,4.6918750000000005,3.07,8.42,3.7299999999999986,3.5,26.412473125000005
2026-07-26T23:47:32.700Z,MCT2408040,15.528056,74.020833,18.923076923076923,100,464.84615384615387,88.76118846153847,8.075384615384614,4.703076923076923,3.07,8.42,3.729999999999999,3.5,26.435417692307695
2026-07-26T22:50:00.000Z,MCT2408027,15.275556,74.1075,27.5,1180.6525000000001,589,92.94752249999999,6.58,12.945,6.41,21.685000000000002,12.355,2.95,26.4909
2026-07-26T23:00:00.000Z,MCT2408027,15.275556,74.1075,27.6875,1176.5712499999997,589.125,92.49548312499998,6.579999999999999,12.739375000000004,6.165000000000001,21.748125,12.784375000000002,2.9500000000000006,26.667863125000004
2026-07-26T23:10:00.000Z,MCT2408027,15.275556,74.1075,28.75,1176.461875,594.5,92.38438125,6.579999999999999,12.712500000000004,6.841250000000001,23.350625000000004,13.648125,2.9500000000000006,26.7905325
2026-07-26T23:20:00.000Z,MCT2408027,15.275556,74.1075,28.3125,1176.2512499999998,595,92.231315,6.579999999999999,12.683125000000002,6.963125000000001,22.733750000000004,12.908125000000002,2.9500000000000006,26.891751250000002
2026-07-26T23:30:00.000Z,MCT2408027,15.275556,74.1075,28.25,1174.56375,576.3125,92.04296437500001,6.579999999999999,12.619375000000003,6.840625000000001,22.488125000000004,12.723125,2.9500000000000006,26.986935
2026-07-26T23:40:00.000Z,MCT2408027,15.275556,74.1075,28.9375,1171.02375,601.875,91.928525625,6.579999999999999,12.744375000000005,7.458750000000002,24.211875,13.586875,2.9500000000000006,27.078098125000004
2026-07-26T23:47:32.699Z,MCT2408027,15.275556,74.1075,27.583333333333332,1177.4966666666667,589.6666666666666,91.85969916666669,6.579999999999999,12.631666666666668,6.411666666666666,22.342499999999998,13.094166666666668,2.9499999999999997,27.144235
2026-07-26T22:50:00.000Z,MCT2408049,15.475278,74.055833,57,150,466.75,87.68896500000001,24.240000000000002,15.0625,7.859999999999999,23.1725,12.085,2.61,27.255065
2026-07-26T23:00:00.000Z,MCT2408049,15.475278,74.055833,56.8125,150,475.25,87.63985000000001,24.193125,14.821875000000002,10.924999999999999,33.275625000000005,17.550624999999997,2.61,27.1424475
2026-07-26T23:10:00.000Z,MCT2408049,15.475278,74.055833,56.9375,150,474.5,87.63556000000001,24.359375,13.813749999999999,10.492499999999998,31.551875000000003,16.592500000000005,2.61,27.010395625
2026-07-26T23:20:00.000Z,MCT2408049,15.475278,74.055833,56.9375,150,468.4375,87.70041,24.308750000000003,14.043749999999998,4.070625,11.584375000000001,5.755000000000001,2.61,26.893761875000006
2026-07-26T23:30:00.000Z,MCT2408049,15.475278,74.055833,56.666666666666664,150,468.4,87.91225266666666,24.163333333333338,13.822666666666667,3.8299999999999987,9.701333333333332,4.348666666666669,2.61,26.80139266666667
2026-07-26T23:40:00.000Z,MCT2408049,15.475278,74.055833,56.6875,150.47204375,468,88.08712312499998,24.292500000000008,13.419374999999997,3.8299999999999987,9.19,3.8400000000000016,2.61,26.755678125
2026-07-26T23:47:32.722Z,MCT2408049,15.475278,74.055833,56.46153846153846,150,474.2307692307692,88.1461407692308,23.93,12.798461538461538,3.8299999999999987,9.19,3.840000000000001,2.61,26.771196923076925
2026-07-26T22:50:00.000Z,MCT2408046,15.529167,74.07,31,237.04,627.2857142857143,92.32763714285714,13.267495714285715,8.613445142857143,5,12,5,4.4957142857142856,25.945832857142857
2026-07-26T23:00:00.000Z,MCT2408046,15.529167,74.07,31.04,237.04,629.36,92.45214960000001,13.4326384,7.45176468,5,12,5,4.618800000000001,25.791946399999997
2026-07-26T23:10:00.000Z,MCT2408046,15.529167,74.07,31,237.04,628.28,92.64349280000002,13.443371600000003,7.5647058000000005,5,12,5,4.5004,25.7018564
2026-07-26T23:20:00.000Z,MCT2408046,15.529167,74.07,31.08,237.04,634.32,92.83239759999998,13.545453199999999,7.10294116,5,12,5,4.494000000000001,25.63707320000001
2026-07-26T23:30:00.000Z,MCT2408046,15.529167,74.07,31.08,237.04,634.2,92.95416280000003,13.637309199999999,7.10294116,6.175,17.2,8.463158040000001,4.435600000000001,25.5353992
2026-07-26T23:40:00.000Z,MCT2408046,15.529167,74.07,31.48,237.04,633.76,93.04724160000002,13.802778,7,7.525,21.92,11.19999988,4.4492,25.5658572
2026-07-26T23:47:32.732Z,MCT2408046,15.529167,74.07,31.263157894736842,237.04000000000002,630.0526315789474,92.93597894736844,13.682133157894734,7,5,12,5,4.390526315789474,25.642629473684213
2026-07-26T22:50:00.000Z,MCT2408044,15.313669,74.140042,24,214.29,464,93.445345,10.63,3.32,2.87,7.5,4.32,4.04006425,26.260312499999998
2026-07-26T23:00:00.000Z,MCT2408044,15.313669,74.140042,24,214.29,460,93.15466333333335,10.682666666666668,3.342,2.8699999999999997,7.5,4.320000000000001,4.461025466666667,26.276577333333332
2026-07-26T23:10:00.000Z,MCT2408044,15.313669,74.140042,24.0625,214.29,461.6875,93.14302812500003,10.659374999999999,3.32,2.8699999999999997,7.53125,4.35375,4.4011216875,26.305892500000002
2026-07-26T23:20:00.000Z,MCT2408044,15.313669,74.140042,24,214.29,471.2,93.26401866666667,10.611333333333333,3.32,2.8699999999999997,7.5,4.320000000000001,4.285726333333333,26.408138
2026-07-26T23:30:00.000Z,MCT2408044,15.313669,74.140042,24,214.29,471,93.28995666666667,10.55733333333333,3.32,2.8699999999999997,7.5,4.320000000000001,3.9038461333333334,26.491793333333327
2026-07-26T23:40:00.000Z,MCT2408044,15.313669,74.140042,24,214.29,480.3125,93.67374812500003,10.638124999999999,3.3875,2.8699999999999997,7.5,4.32,3.9738781249999997,26.4017475
2026-07-26T23:47:32.732Z,MCT2408044,15.313669,74.140042,24,214.29,481.1666666666667,93.13698833333332,10.449166666666667,3.32,2.8700000000000006,7.5,4.32,4.514316166666667,26.466769166666666
2026-07-26T22:50:00.000Z,MCT2408042,15.213889,74.071667,59.25,279.6175,474.75,91.4140175,24.3725,14.6725,16.834999999999997,53.58,29.382499999999997,4.09,27.04592
2026-07-26T23:00:00.000Z,MCT2408042,15.213889,74.071667,59.4375,284.264375,476.0625,91.371099375,24.480624999999993,14.679374999999999,15.697499999999998,49.590625,27.159375,4.0225,27.068041875
2026-07-26T23:10:00.000Z,MCT2408042,15.213889,74.071667,59.625,286.43625000000003,475.75,91.35822812499998,24.603124999999995,14.584375,14.446250000000003,45.9425,25.054375000000007,4.17,27.086811875
2026-07-26T23:20:00.000Z,MCT2408042,15.213889,74.071667,59.5625,288.55125,477.4375,91.59092249999999,24.566249999999993,15.005625,12.341875000000002,39.2725,21.3525,4.21375,27.065360625
2026-07-26T23:30:00.000Z,MCT2408042,15.213889,74.071667,59.3125,287.53125,483.875,91.68629187499998,24.327499999999997,14.464375,12.341875000000003,39.045,21.0675,4.226875000000001,27.094185625000005
2026-07-26T23:40:00.000Z,MCT2408042,15.213889,74.071667,59.733333333333334,286.00266666666664,483.46666666666664,91.78747666666668,24.69266666666666,14.282000000000002,12.315333333333335,38.54666666666666,20.709999999999997,4.1353333333333335,27.136012666666666
2026-07-26T23:47:32.909Z,MCT2408042,15.213889,74.071667,59,286.19384615384615,485.7692307692308,91.91212692307691,24.219230769230766,14.881538461538462,11.409999999999998,36.47923076923077,19.97076923076923,4.233846153846154,27.17874769230769
2026-07-26T22:50:00.000Z,MCT2408037,15.394444,74.118333,25.25,161.591325,456.5,86.46063,10.787499999999998,214.35,3.72,12.675,6.375,3.6624999999999996,27.05665
2026-07-26T23:00:00.000Z,MCT2408037,15.394444,74.118333,25.3125,160.529175,455.25,86.49019500000003,10.537499999999998,213.94000000000005,3.7662499999999994,13.594375000000001,7.122499999999999,3.7356249999999998,27.039219375
2026-07-26T23:10:00.000Z,MCT2408037,15.394444,74.118333,25.0625,160,458.3125,86.67044000000003,10.408749999999998,216.33875000000003,3.8124999999999996,14.309375000000001,7.683124999999999,3.685625,26.99632
2026-07-26T23:20:00.000Z,MCT2408037,15.394444,74.118333,25.4375,160,458.3125,86.79680062500002,10.746250000000002,215.86000000000004,3.7662499999999994,13.645000000000003,7.169375,3.9131249999999995,26.919904375000005
2026-07-26T23:30:00.000Z,MCT2408037,15.394444,74.118333,25.3125,160.75096875000003,438.9375,86.27800312500001,10.538750000000002,217.36687500000002,3.7199999999999993,10.83375,4.6875,4.128125,26.968836874999997
2026-07-26T23:40:00.000Z,MCT2408037,15.394444,74.118333,25.5,160.11950625,421.625,86.08154624999999,10.769374999999998,216.8875,3.7199999999999993,9.81,3.75,4.234999999999999,26.671215625000002
2026-07-26T23:47:32.908Z,MCT2408037,15.394444,74.118333,25.25,160.12165833333333,422,86.22157833333334,10.594999999999999,217.55166666666665,3.7199999999999993,9.81,3.75,4.225833333333333,26.51503166666667
2026-07-26T22:50:00.000Z,MCT2408041,15.224628,74.171389,32.75,457.4074,506,91.32819,13.757499999999999,9.7,8.09,20.25,8.9,8.2025,26.724172499999998
2026-07-26T23:00:00.000Z,MCT2408041,15.224628,74.171389,32.625,467.9931875,503.75,91.582340625,13.758125,9.7,8.090000000000002,20.300625,8.950625000000002,8.100625,26.779137500000004
2026-07-26T23:10:00.000Z,MCT2408041,15.224628,74.171389,32.625,470.21256875000006,483.3125,92.04248812499998,13.699375,9.7,8.090000000000002,20.35125,9.001250000000002,8.226249999999999,26.832763125
2026-07-26T23:20:00.000Z,MCT2408041,15.224628,74.171389,32.75,473.5534625,480.125,91.78308937500002,13.693749999999998,9.7,8.090000000000002,20.25,8.900000000000002,8.190624999999999,26.96146312499999
2026-07-26T23:30:00.000Z,MCT2408041,15.224628,74.171389,32.6875,474.53891875000005,479.5625,91.54371749999997,13.775,9.7,8.090000000000002,20.300625,8.950625000000002,8.181875,27.047933749999995
2026-07-26T23:40:00.000Z,MCT2408041,15.224628,74.171389,32.625,475.2295812500001,480.5,91.46408687499999,13.673124999999999,9.7,8.090000000000002,20.4525,9.101250000000002,8.323125,27.094185625
2026-07-26T23:47:32.929Z,MCT2408041,15.224628,74.171389,32.75,467.84453333333323,485.8333333333333,91.36696916666666,13.724166666666664,9.700000000000001,8.090000000000002,20.8575,9.505833333333335,8.287499999999998,27.129041666666666
2026-07-26T22:50:00.000Z,MCT2408024,15.148056,74.131667,41,219.51106666666666,623,82.49080666666667,17.901785,9.302548499999999,5,14.99,7.990000000000001,2.546666666666667,27.850310000000004
2026-07-26T23:00:00.000Z,MCT2408024,15.148056,74.131667,40.56,219.26756800000007,651.88,82.48877200000001,17.519147600000007,8.51543992,5,14.990000000000004,7.990000000000002,2.5132000000000003,27.8661824
2026-07-26T23:10:00.000Z,MCT2408024,15.148056,74.131667,40.75,219.70318333333339,667,82.51846000000002,17.682212083333336,7.706229208333332,5,14.990000000000004,7.990000000000002,2.505833333333334,27.869971666666668
2026-07-26T23:20:00.000Z,MCT2408024,15.148056,74.131667,40.68,217.49697599999996,578.12,82.37768479999995,17.682749200000003,6.810967080000001,5,15.030000000000005,8.030000000000003,2.5152,27.918948800000006
2026-07-26T23:30:00.000Z,MCT2408024,15.148056,74.131667,40.76,219.083144,635.88,82.35510159999998,17.730926800000006,7.513420159999997,5,15.030000000000005,8.030000000000003,2.5192,27.94854919999999
2026-07-26T23:40:00.000Z,MCT2408024,15.148056,74.131667,40.44,219.30542799999995,639.68,82.30047639999995,17.5230228,7.388167679999999,5,15.430000000000005,8.430000000000001,2.5084,27.973431600000005
2026-07-26T23:47:32.940Z,MCT2408024,15.148056,74.131667,40.833333333333336,220.1378888888889,595.1111111111111,82.33185666666662,17.667383888888892,6.5736735,5,15.101111111111114,8.101111111111111,2.511111111111111,27.971263333333336
2026-07-26T22:50:00.000Z,MCT2408033,15.346944,74.007778,21.75,122.89385,412.5,88.18488,8.8125,45.304972500000005,3.03,8.592500000000001,5.7325,4.39,27.4105775
2026-07-26T23:00:00.000Z,MCT2408033,15.346944,74.007778,21,122.45721875,447.3125,88.285486875,7.8374999999999995,46.23023625,3.4106250000000005,9.713125,6.3225,4.39,27.393820000000005
2026-07-26T23:10:00.000Z,MCT2408033,15.346944,74.007778,21.3125,121.24915625,455.875,88.51294000000001,8.008750000000001,47.848270625000005,3.3350000000000004,9.777500000000002,6.506875,4.39,27.380413125000008
2026-07-26T23:20:00.000Z,MCT2408033,15.346944,74.007778,21,121.49565625,440.5625,88.70367437499999,7.608749999999999,40.60711750000001,3.3725000000000005,9.839374999999999,6.54375,4.39,27.486321875
2026-07-26T23:30:00.000Z,MCT2408033,15.346944,74.007778,20.6875,120.96859375000001,441.375,87.80340562499998,7.410625,33.72646875,3.1443750000000006,8.495625,5.4037500000000005,4.39,27.613682499999992
2026-07-26T23:40:00.000Z,MCT2408033,15.346944,74.007778,20.75,121.32795625000003,435.3125,88.64120750000001,7.626874999999999,32.092434374999996,3.1062500000000006,8.688125,5.696250000000001,4.39,27.354941875000005
2026-07-26T23:47:32.939Z,MCT2408033,15.346944,74.007778,21.333333333333332,121.31048333333335,443.6666666666667,89.24981166666667,8.256666666666668,30.390312499999997,3.284166666666667,9.444999999999999,6.2250000000000005,4.39,27.156747500000005
2026-07-26T22:50:00.000Z,MCT2408022,15.475833,74.038889,21,150,430.25,89.3197475,3.6275,11.704315,5,14,7,4.29693975,26.584744999999998
2026-07-26T23:00:00.000Z,MCT2408022,15.475833,74.038889,21.125,150,428.5,89.3793525,3.9318750000000002,11.73475,5,14.1875,7.1875,4.3242442500000005,26.500283125000003
2026-07-26T23:10:00.000Z,MCT2408022,15.475833,74.038889,35.3125,150,427.1875,89.42322125,3.7349999999999994,12.053841249999998,13.6875,42,22.25,4.345981125,26.41180375
2026-07-26T23:20:00.000Z,MCT2408022,15.475833,74.038889,34.625,150,428.6875,89.89624375,3.57625,11.923254999999997,13.375,40.75,21.5,4.309578125,26.222773125
2026-07-26T23:30:00.000Z,MCT2408022,15.475833,74.038889,30.533333333333335,150,430.46666666666664,90.247354,3.592,11.979852,10.733333333333333,32.6,17.2,4.3221832,26.105687333333332
2026-07-26T23:40:00.000Z,MCT2408022,15.475833,74.038889,28.5625,150,430.0625,90.60148687499999,3.5500000000000007,11.859438125,9.375,28.5625,15.1875,4.3058908124999995,25.968050624999997
2026-07-26T23:47:33.119Z,MCT2408022,15.475833,74.038889,23.5,150,430.5,90.92382833333335,3.8308333333333326,11.817519166666669,5.833333333333333,18.333333333333332,9.833333333333334,4.270231416666666,25.840244166666665
2026-07-26T22:50:00.000Z,MCT2408045,15.619444,73.878889,27,184.12,450,88.58923,10.885,16.3375,3.02,9.7,4.52,2.53,25.981457499999998
2026-07-26T23:00:00.000Z,MCT2408045,15.619444,73.878889,27.125,186.47062499999998,443.4375,88.55919375000003,10.963125000000002,15.836875000000001,3.020000000000001,9.7,4.519999999999998,2.5300000000000002,26.024356250000004
2026-07-26T23:10:00.000Z,MCT2408045,15.619444,73.878889,26.6875,186.47125000000003,445.6875,88.519138125,10.725624999999999,16.008125,3.020000000000001,9.7,4.519999999999998,2.5300000000000002,26.099430625
2026-07-26T23:20:00.000Z,MCT2408045,15.619444,73.878889,26.9375,184.835625,450.0625,88.493864375,10.8725,15.9775,3.020000000000001,9.7,4.519999999999998,2.5300000000000002,26.157083125000003
2026-07-26T23:30:00.000Z,MCT2408045,15.619444,73.878889,27.3125,186.18624999999997,444,88.51341624999999,11.086875000000003,15.878125,3.020000000000001,9.7,4.519999999999998,2.5300000000000002,26.15574
2026-07-26T23:40:00.000Z,MCT2408045,15.619444,73.878889,27.0625,184.215,446.1875,88.41328125,10.915000000000001,15.829999999999998,3.020000000000001,9.7,4.519999999999998,2.5300000000000002,26.20802687500001
2026-07-26T23:47:33.119Z,MCT2408045,15.619444,73.878889,26.75,185.54416666666665,447.8333333333333,88.37243083333334,10.729166666666664,15.649166666666668,3.02,9.700000000000001,4.519999999999999,2.5300000000000002,26.257630000000002
2026-07-26T22:50:00.000Z,MCT2408032,15.525556,73.828611,35.166666666666664,190.14333333333335,740,87.41176333333334,14.783333333333331,37.830000000000005,7.12,17.069999999999997,7.079999999999999,1.9749999999999999,27.149598333333333
2026-07-26T23:00:00.000Z,MCT2408032,15.525556,73.828611,33.96,190.26879999999997,746,88.12139920000003,13.828800000000006,38.8168,7.120000000000002,17.069999999999997,7.080000000000002,2.2172,26.9493976
2026-07-26T23:10:00.000Z,MCT2408032,15.525556,73.828611,34.16,185.8384,741.52,88.81903120000001,13.9684,38.5808,7.120000000000002,17.069999999999997,7.080000000000002,2.1764,26.807398
2026-07-26T23:20:00.000Z,MCT2408032,15.525556,73.828611,34.32,179.9832,746.12,89.22827199999995,14.1224,38.64359999999999,7.120000000000002,17.069999999999997,7.080000000000002,2.0815999999999995,26.76363999999999
2026-07-26T23:30:00.000Z,MCT2408032,15.525556,73.828611,34.4,182.01719999999997,748.68,89.28167799999997,14.281200000000002,39.21719999999999,7.120000000000002,17.069999999999997,7.080000000000002,1.9336000000000007,26.886764
2026-07-26T23:40:00.000Z,MCT2408032,15.525556,73.828611,34.46153846153846,184.7846153846154,746.0384615384615,88.67315653846155,14.233076923076927,39.659615384615385,7.120000000000003,17.069999999999997,7.080000000000003,2.3599999999999994,26.959297692307704
2026-07-26T23:47:33.139Z,MCT2408032,15.525556,73.828611,34.94444444444444,190.54888888888888,761.4444444444445,88.05814333333336,14.740555555555554,38.593888888888884,7.120000000000001,17.148888888888887,7.158333333333333,2.8866666666666667,26.87074722222222
2026-07-26T22:50:00.000Z,MCT2408031,15.290833,74.149167,17.75,191.28920000000002,562.25,88.2516325,6.92250825,12.334959249999999,4.405,11.6325,6.425,5.3149999999999995,26.1611025
2026-07-26T23:00:00.000Z,MCT2408031,15.290833,74.149167,17.8125,192.54615625000002,564.4375,88.69795124999997,7.1269266875,12.273966875000001,4.881875000000001,12.770625,7.025,5.260625,26.062565
2026-07-26T23:10:00.000Z,MCT2408031,15.290833,74.149167,17.6875,187.8574875,561.6875,88.61975125,7.069652562500001,11.1213755625,4.821249999999998,12.907499999999999,7.292499999999999,5.2212499999999995,26.1999825
2026-07-26T23:20:00.000Z,MCT2408031,15.290833,74.149167,17.875,186.23927499999996,563.9375,88.15722000000001,7.091559124999999,8.026262749999999,4.911249999999999,13.341874999999996,7.590000000000002,4.8275,26.415152500000005
2026-07-26T23:30:00.000Z,MCT2408031,15.290833,74.149167,18,186.25111875,572.75,87.98984812500002,7.353779437500001,6.980697374999999,5.266875,14.021249999999998,7.828750000000002,4.930625,26.490899375000005
2026-07-26T23:40:00.000Z,MCT2408031,15.290833,74.149167,18.1875,183.94117500000002,576,87.97506687499998,7.377929437499999,6.891826875,5.178125,13.85625,7.768750000000001,4.736249999999999,26.543853750000007
2026-07-26T23:47:33.146Z,MCT2408031,15.290833,74.149167,18.166666666666668,178.22343333333333,575.5833333333334,87.84663916666666,7.421171083333333,7.0342035833333325,5.238333333333334,13.98583333333333,7.779166666666668,4.822499999999999,26.611555
2026-07-26T22:50:00.000Z,MCT2408036,15.171567,74.067106,36.25,120,454.25,89.67070000000001,10.8825,7.825,2.63,9.12,5.5725,11.155,27.378405
2026-07-26T23:00:00.000Z,MCT2408036,15.171567,74.067106,37.1875,120,455.1875,90.24338187500001,10.625625,7.778124999999999,2.663125,9.2475,5.63625,11.74375,27.204117500000006
2026-07-26T23:10:00.000Z,MCT2408036,15.171567,74.067106,36.8,120,452.8666666666667,89.48594266666666,10.566666666666668,7.913333333333332,2.63,9.018666666666666,5.4719999999999995,11.514666666666665,27.41129133333334
2026-07-26T23:20:00.000Z,MCT2408036,15.171567,74.067106,36.5625,120,444.625,88.869136875,10.658125000000002,7.900625,2.63,8.9925,5.447500000000001,11.271875,27.5613975
2026-07-26T23:30:00.000Z,MCT2408036,15.171567,74.067106,36.6,120,448.46666666666664,88.93255666666667,10.756666666666664,7.971333333333333,2.6653333333333338,9.254,5.64,11.434666666666663,27.55715133333333
2026-07-26T23:40:00.000Z,MCT2408036,15.171567,74.067106,36.75,120,453.9375,89.54577,10.939374999999997,7.735624999999999,2.7956250000000002,10.006874999999999,6.143749999999999,11.381249999999998,27.429345
2026-07-26T23:47:33.145Z,MCT2408036,15.171567,74.067106,36.75,120,445.8333333333333,89.75144416666666,10.770000000000001,7.9049999999999985,2.6741666666666664,9.499999999999998,5.869166666666666,11.5,27.449008333333335
2026-07-26T22:50:00.000Z,MCT2408035,15.236111,74.125,43.5,190,556.25,89.6535325,17.68973,69.9423275,3.8,10.19,4.91,3.83,27.300645000000003
2026-07-26T23:00:00.000Z,MCT2408035,15.236111,74.125,44,190.07071875,571.375,89.914841875,18.330308750000004,64.34394437499999,3.799999999999999,10.19,4.909999999999998,3.8299999999999987,27.20009625
2026-07-26T23:10:00.000Z,MCT2408035,15.236111,74.125,43.5625,190,589.875,90.15087374999999,17.942008750000003,66.149070625,3.799999999999999,10.21375,4.933124999999999,3.8299999999999987,27.141779375000002
2026-07-26T23:20:00.000Z,MCT2408035,15.236111,74.125,44,190,572,90.33970312499997,18.310545,65.75393812499999,3.799999999999999,10.19,4.909999999999998,3.8299999999999987,27.120328750000006
2026-07-26T23:30:00.000Z,MCT2408035,15.236111,74.125,43.5625,190,577.125,90.29344999999998,17.951890625,67.05163312499998,3.799999999999999,10.19,4.909999999999998,3.8299999999999987,27.126361874999997
2026-07-26T23:40:00.000Z,MCT2408035,15.236111,74.125,43.0625,190,559.125,90.45986562499999,17.553708750000002,66.79791687499998,3.799999999999999,10.19,4.909999999999998,3.8299999999999987,27.124349999999993
2026-07-26T23:47:33.326Z,MCT2408035,15.236111,74.125,44.416666666666664,190,594.0833333333334,90.51883416666665,18.7383725,69.50976416666664,3.7999999999999994,10.19,4.909999999999999,3.8299999999999987,27.158535
2026-07-26T22:50:00.000Z,MCT2408039,15.163611,74.110833,29,389.95,475,86.91077,8.9475,10.3,9.02,28.94,11.76,2.3,26.981572500000002
2026-07-26T23:00:00.000Z,MCT2408039,15.163611,74.110833,29,391.708125,476.25,86.92983999999998,9.801874999999999,10.3,9.019999999999998,28.94,11.759999999999998,2.3,27.003693750000004
2026-07-26T23:10:00.000Z,MCT2408039,15.163611,74.110833,29,392.740625,476.9375,87.05334062499998,8.575624999999999,10.3,9.019999999999998,28.94,11.759999999999998,2.3,26.980901249999995
2026-07-26T23:20:00.000Z,MCT2408039,15.163611,74.110833,29.1875,391.25062499999996,477.3125,86.9594025,10.690624999999999,10.3,9.019999999999998,28.94,11.759999999999998,2.3,26.990957499999993
2026-07-26T23:30:00.000Z,MCT2408039,15.163611,74.110833,29,390.40250000000003,477.125,87.41144500000001,9.674375,10.3,9.019999999999998,28.94,11.759999999999998,2.3,26.87231125
2026-07-26T23:40:00.000Z,MCT2408039,15.163611,74.110833,29,386.44562500000006,468.875,87.23263187500001,9.975,10.3,9.019999999999998,28.94,11.759999999999998,2.3,26.938673125000005
2026-07-26T23:47:33.327Z,MCT2408039,15.163611,74.110833,29,401.21166666666664,472.5833333333333,87.51285333333334,9.733333333333333,10.299999999999999,9.019999999999998,28.94,11.76,2.3000000000000003,26.888623333333328
2026-07-26T22:50:00.000Z,MCT2408038,15.188889,74.055556,35,422.9,625.75,89.28923250000001,14.665,13.33,5.95,17.3975,8.7375,4.755,27.5178275
2026-07-26T23:00:00.000Z,MCT2408038,15.188889,74.055556,34.5,432.59625000000005,627.625,89.2467925,14.633124999999998,13.330000000000005,5.950000000000002,17.024375000000003,8.104999999999999,4.81,27.57815375
2026-07-26T23:10:00.000Z,MCT2408038,15.188889,74.055556,34.6875,432.51562500000006,630.9375,89.42369937500003,14.573125000000001,13.330000000000005,5.950000000000002,16.900000000000002,7.939999999999999,4.75875,27.619044375
2026-07-26T23:20:00.000Z,MCT2408038,15.188889,74.055556,34.5625,353.188125,623.5625,89.43228375,14.4025,13.330000000000005,9.238750000000001,26.52875,12.986250000000002,4.728124999999999,27.661944374999997
2026-07-26T23:30:00.000Z,MCT2408038,15.188889,74.055556,34.75,233.95187499999997,626.6875,89.43228374999998,14.210624999999999,13.330000000000005,13.706874999999998,38.70625,18.843124999999997,4.699375,27.710876875000007
2026-07-26T23:40:00.000Z,MCT2408038,15.188889,74.055556,35.9375,233.32999999999996,631.125,89.43991062500002,14.355625,13.330000000000005,14.905624999999997,42.060625,20.461875,4.66875,27.773889999999994
2026-07-26T23:47:33.349Z,MCT2408038,15.188889,74.055556,37.25,240.0325,625.3333333333334,89.44563000000001,14.445833333333333,13.330000000000004,15.43333333333333,43.49,21.1725,4.700833333333333,27.823494999999998
2026-07-26T22:50:00.000Z,MCT2408026,15.2467,74.198281,30.333333333333332,125,633.5,92.10511333333334,12.852606666666667,12.5,4.73,14.51,7.71,2.615,26.945823333333333
2026-07-26T23:00:00.000Z,MCT2408026,15.2467,74.198281,30.52,125,626.52,91.1194464,12.9270012,12.5,4.730000000000003,14.702799999999998,7.903200000000001,2.3351999999999995,27.281016800000007
2026-07-26T23:10:00.000Z,MCT2408026,15.2467,74.198281,30.72,125,622.68,91.62725720000005,13.039146399999998,12.5,4.730000000000003,14.625199999999996,7.826400000000001,2.2864,27.262570400000005
2026-07-26T23:20:00.000Z,MCT2408026,15.2467,74.198281,30.875,125,627.25,91.49635083333335,13.08738333333333,12.5,4.730000000000003,15.032499999999999,8.232916666666666,2.504166666666667,27.261320833333333
2026-07-26T23:30:00.000Z,MCT2408026,15.2467,74.198281,30.84,125,630.16,91.7035512,13.180166800000002,12.5,4.730000000000003,14.625599999999995,7.826000000000001,2.3936,27.2831644
2026-07-26T23:40:00.000Z,MCT2408026,15.2467,74.198281,31,125,637.96,91.8662108,13.246122800000002,12.5,4.730000000000003,14.509999999999996,7.710000000000001,2.6644,27.211518400000003
2026-07-26T23:47:33.354Z,MCT2408026,15.2467,74.198281,30.842105263157894,125,641.2631578947369,91.97829368421053,13.282502631578948,12.5,4.730000000000002,14.509999999999996,7.709999999999999,2.6,27.20679999999999
2026-07-27T04:40:00.000Z,MCT2408028,15.186944,74.096667,41.266666666666666,535.472,474.8,93.18924933333332,17.755333333333336,13.106666666666667,6.856666666666666,21.410666666666664,11.598,1.8566666666666667,26.855016
2026-07-27T04:50:00.000Z,MCT2408028,15.186944,74.096667,41.4,550.3523999999999,467.96,91.44140600000003,17.9004,13.220800000000006,5.83,18.2948,10.021999999999998,2.5476,27.489512799999996
2026-07-27T05:00:00.000Z,MCT2408028,15.186944,74.096667,41.64,545.956,462.08,88.5162956,18.102800000000006,12.993200000000002,6.19,18.971600000000002,10.180799999999998,2.865200000000001,28.4521984
2026-07-27T05:10:00.000Z,MCT2408028,15.186944,74.096667,41.44,524.3795999999999,458.28,86.64251839999999,17.952,12.7608,5.869999999999999,17.778000000000006,9.463600000000001,2.6144,29.076398799999996
2026-07-27T05:20:00.000Z,MCT2408028,15.186944,74.096667,40.52,503.60200000000003,452.04,84.3729252,17.246000000000002,12.568400000000004,4.989999999999998,14.636000000000003,7.674799999999998,1.9699999999999998,29.551308400000003
2026-07-27T05:30:00.000Z,MCT2408028,15.186944,74.096667,39.72,491.93760000000003,450.16,83.90051240000001,16.856399999999997,12.556400000000004,5.1099999999999985,14.716400000000004,7.514799999999999,1.3812,29.983742399999997
2026-07-27T05:33:50.064Z,MCT2408028,15.186944,74.096667,38.888888888888886,479.2255555555555,450.44444444444446,82.00252222222221,16.395555555555557,12.759999999999998,4.990000000000001,15.134444444444442,8.174444444444443,1.02,29.99413555555556
2026-07-27T04:40:00.000Z,MCT2408020,15.543475,74.039433,26.5,183.78932,701.7,86.47131299999998,8.2798592,18.155178999999997,11.039,31.034000000000002,15.148,3.6599999999999993,28.744779000000005
2026-07-27T04:50:00.000Z,MCT2408020,15.543475,74.039433,22.5,180,701.375,85.82739187499999,8.735695312499999,18.64469375,7.5943749999999985,22.133749999999996,11.149999999999999,3.6599999999999984,29.033420000000003
2026-07-27T05:00:00.000Z,MCT2408020,15.543475,74.039433,21.25,180,699.3125,85.27807625,8.818144624999999,18.919615625000006,6.724999999999999,19.920625,10.22,3.6599999999999984,29.27339125
2026-07-27T05:10:00.000Z,MCT2408020,15.543475,74.039433,20.75,180,693,83.93053375,8.763915375000002,18.408981250000004,5.742499999999998,16.541875000000005,7.953125000000003,3.6599999999999984,29.792889374999998
2026-07-27T05:20:00.000Z,MCT2408020,15.543475,74.039433,21,180,696.8125,82.396071875,9.067702437500001,19.042892499999997,5.5699999999999985,15.840000000000002,7.430000000000003,3.6599999999999984,30.571798124999997
2026-07-27T05:30:00.000Z,MCT2408020,15.543475,74.039433,21.25,180,691.3125,79.140704375,9.243134125000003,19.320341875,5.5699999999999985,15.840000000000002,7.430000000000003,3.6599999999999984,31.156317500000004
2026-07-27T05:33:50.065Z,MCT2408020,15.543475,74.039433,21.5,180,698.6666666666666,79.09954166666667,9.547094666666666,19.90217,5.57,15.840000000000002,7.43,3.66,31.091068333333336
2026-07-27T04:40:00.000Z,MCT2408056,15.579167,73.920833,31.9,180,716.2,87.335723,6.909999999999999,9,14.732999999999999,43.898,23.899000000000004,1.6380000000000003,28.625728999999996
2026-07-27T04:50:00.000Z,MCT2408056,15.579167,73.920833,21.25,180,714.625,86.931746875,6.79625,10.9399938125,7.038124999999997,22.084374999999998,12.711250000000001,1.7493749999999997,28.88594875
2026-07-27T05:00:00.000Z,MCT2408056,15.579167,73.920833,19.5625,180,701.8125,86.21267687500001,7.068125,11.3279050625,5.571249999999999,18.67125,11.071250000000001,1.795625,29.351148750000004
2026-07-27T05:10:00.000Z,MCT2408056,15.579167,73.920833,21.25,180,697,84.56425125,7.123749999999999,9.073063312499999,6.922499999999999,22.258125000000007,13.063125000000001,1.6281249999999996,29.851878125000006
2026-07-27T05:20:00.000Z,MCT2408056,15.579167,73.920833,19.9375,180,707.1875,83.92576499999998,6.8775,13.1241200625,6.1587499999999995,19.923125,11.656250000000002,2.0524999999999998,30.014094999999998
2026-07-27T05:30:00.000Z,MCT2408056,15.579167,73.920833,18.625,180,702.0625,82.528634375,7.00125,18.105339562500003,5.277499999999999,17.076874999999998,9.956875000000002,2.6175,30.176981875000003
2026-07-27T05:33:50.073Z,MCT2408056,15.579167,73.920833,18.333333333333332,180,699,82.23394666666667,7.3500000000000005,10.142018666666667,4.69,15.783333333333333,9.683333333333332,2.105,30.17050333333334
2026-07-27T04:40:00.000Z,MCT2408057,15.272222,74.104722,28.25,290.88416666666666,583.5,87.69532250000002,12.035833333333334,9.7475,4.0233333333333325,11.919166666666667,6.32,2.3775,27.690321666666666
2026-07-27T04:50:00.000Z,MCT2408057,15.272222,74.104722,28.24,296.29200000000003,577.4,86.62115479999999,11.9916,9.615600000000004,4.483199999999999,13.388799999999998,7.106800000000001,2.4332000000000003,28.01590080000001
2026-07-27T05:00:00.000Z,MCT2408057,15.272222,74.104722,28.12,290.9992,576.12,85.2966924,12.134400000000001,9.464400000000001,6.698400000000003,19.880399999999995,10.5396,2.3331999999999997,28.6765676
2026-07-27T05:10:00.000Z,MCT2408057,15.272222,74.104722,28.36,301.32560000000007,573.08,83.5031744,12.2524,9.424,4.935599999999999,14.859599999999999,8.061199999999996,2.6204,29.043366000000002
2026-07-27T05:20:00.000Z,MCT2408057,15.272222,74.104722,28.48,306.07959999999997,576.84,82.303528,12.272,9.260400000000002,4.244,12.756800000000004,6.952399999999999,2.512,29.754653600000005
2026-07-27T05:30:00.000Z,MCT2408057,15.272222,74.104722,28.84,307.8516,568.8,80.55578599999998,12.5452,9.179200000000003,3.003999999999999,8.5048,4.404000000000001,2.6488,30.103435200000003
2026-07-27T05:33:50.073Z,MCT2408057,15.272222,74.104722,29,328.757,571.3,80.170197,12.697,8.932,2.98,8.256000000000002,4.206,2.61,30.170145
2026-07-27T04:40:00.000Z,MCT2408055,15.585833,73.885556,19.2,92.32,654.4,89.206451,8.431999999999999,22.27481,4.619,13.094,7.159000000000001,1.607,27.955413
2026-07-27T04:50:00.000Z,MCT2408055,15.585833,73.885556,19.0625,91.04125,656.5625,88.599248125,8.281250000000002,22.052719999999997,5.1137500000000005,14.184999999999999,7.669999999999998,1.5868750000000003,28.30076
2026-07-27T05:00:00.000Z,MCT2408055,15.585833,73.885556,19.133333333333333,91.55600000000001,650.8,88.46665466666667,8.333333333333334,23.01399533333333,4.573333333333333,13.466,7.5,1.1726666666666667,28.84488066666667
2026-07-27T05:10:00.000Z,MCT2408055,15.585833,73.885556,18.9375,89.819375,650.125,86.93270187500002,8.008750000000001,24.357106875,4.810000000000001,13.44625,7.2425,1.416875,29.44901625
2026-07-27T05:20:00.000Z,MCT2408055,15.585833,73.885556,18.9375,96.93687499999997,648.5625,84.557574375,8.0375,24.519323125,4.417500000000001,12.705625,6.901874999999999,2.0725,29.630672500000003
2026-07-27T05:30:00.000Z,MCT2408055,15.585833,73.885556,19.0625,100.94062499999998,648,84.90137500000002,8.09,28.543655624999996,4.11125,11.431250000000002,6.133125000000001,1.8175,29.502643749999997
2026-07-27T05:33:50.095Z,MCT2408055,15.585833,73.885556,21.666666666666668,95.76833333333333,647.3333333333334,84.92331166666666,8.173333333333334,28.21883,8.041666666666666,23.244999999999994,12.723333333333334,2.1283333333333334,29.51091166666666
2026-07-27T04:40:00.000Z,MCT2408052,15.444425,74.063856,30.7,160,592.6,87.62487800000001,3.665403500000001,8,10.803,30.379999999999995,14.463999999999999,2,28.625729999999997
2026-07-27T04:50:00.000Z,MCT2408052,15.444425,74.063856,30.5625,160,629.875,86.69666750000002,3.7560965625000002,8,10.787499999999998,30.065000000000005,14.217500000000001,2,28.794110624999995
2026-07-27T05:00:00.000Z,MCT2408052,15.444425,74.063856,31.0625,160,588.1875,86.217921875,3.7816667500000003,8,11.059374999999998,30.839999999999996,14.563125,2,28.785399375
2026-07-27T05:10:00.000Z,MCT2408052,15.444425,74.063856,30.4375,160,606.1875,85.5484425,3.8432457500000003,8,10.703125,29.783749999999998,14.043750000000003,2,28.975101250000005
2026-07-27T05:20:00.000Z,MCT2408052,15.444425,74.063856,29.5625,160,590.625,84.45505499999999,3.8805703124999997,8,10.117500000000001,27.78125,12.901875000000004,2,29.226468750000002
2026-07-27T05:30:00.000Z,MCT2408052,15.444425,74.063856,30.25,160,584.125,84.11554687499999,3.8490351875,8,10.43125,29.355000000000004,14.023750000000003,2,29.37796312499999
2026-07-27T05:33:50.278Z,MCT2408052,15.444425,74.063856,32.833333333333336,160,606.3333333333334,82.88753333333334,3.8017544999999995,8,11.761666666666665,34.82666666666667,17.43166666666667,2,29.568111666666667
2026-07-27T04:40:00.000Z,MCT2408043,15.221111,74.087222,57.1,199.405,665.7,86.507934,24.568999999999996,33.693,6.456999999999999,20.341,11.018,5.29,27.825638000000005
2026-07-27T04:50:00.000Z,MCT2408043,15.221111,74.087222,57.06666666666667,198.49800000000002,618.7333333333333,86.20377733333332,24.604,33.724,9.372666666666666,30.72666666666667,16.738000000000003,5.290000000000001,28.532422
2026-07-27T05:00:00.000Z,MCT2408043,15.221111,74.087222,57.0625,167.39624999999998,603.4375,85.305256875,24.60875,33.41625,8.943750000000001,27.921250000000004,14.892500000000002,5.290000000000001,29.49794875
2026-07-27T05:10:00.000Z,MCT2408043,15.221111,74.087222,57.0625,142.42687500000002,628.125,83.913845625,24.571875,33.71875,8.626875,27.277500000000003,14.650625000000002,5.290000000000001,30.254738749999998
2026-07-27T05:20:00.000Z,MCT2408043,15.221111,74.087222,57,103.182,639.0666666666667,82.510642,24.59,33.340666666666664,10.216666666666667,31.413999999999994,16.396,5.290000000000001,30.705326666666668
2026-07-27T05:30:00.000Z,MCT2408043,15.221111,74.087222,57,186.21062500000002,619.625,80.89355874999998,24.253750000000007,33.914375,11.398125000000002,35.16375000000001,18.575625,5.290000000000001,30.7749075
2026-07-27T05:33:50.285Z,MCT2408043,15.221111,74.087222,57,147.1916666666667,612.3333333333334,80.50080333333334,24.36,33.495000000000005,9.92,29.396666666666665,15.158333333333333,5.29,30.454716666666666
2026-07-27T04:40:00.000Z,MCT2408053,15.263333,74.110833,39,152.01464,605.4,92.070526,15.196000000000002,19.453,5.233,15.362,8.797999999999998,7.0200000000000005,27.059866
2026-07-27T04:50:00.000Z,MCT2408053,15.263333,74.110833,40.6875,150.1541375,616.375,90.45271375000002,15.859999999999998,19.745624999999997,6.598750000000002,21.025000000000002,12.900000000000004,6.801874999999999,27.547320624999998
2026-07-27T05:00:00.000Z,MCT2408053,15.263333,74.110833,43.1875,184.53759374999996,596.9375,87.10102437499998,18.838125,22.046874999999996,4.647500000000001,13.30875,7.403125,6.822500000000001,28.25585
2026-07-27T05:10:00.000Z,MCT2408053,15.263333,74.110833,40.9375,188.28688125,576.875,85.25900250000001,16.933125,23.29875,4.590000000000002,11.730624999999996,5.710625,6.973750000000001,28.82897125
2026-07-27T05:20:00.000Z,MCT2408053,15.263333,74.110833,43.875,185.69326250000003,597.6875,83.15567312499999,19.38125,24.003124999999997,4.819375000000002,12.520624999999997,6.203749999999999,7.4325,29.230491250000004
2026-07-27T05:30:00.000Z,MCT2408053,15.263333,74.110833,46.6875,177.34092499999997,577.6875,83.47372375,21.82875,27.038749999999993,5.049375,13.734999999999996,7.1206249999999995,7.590624999999999,29.30221375
2026-07-27T05:33:50.279Z,MCT2408053,15.263333,74.110833,43.166666666666664,132.3142,593,84.553285,18.691666666666666,26.775000000000002,6.426666666666667,20.418333333333333,12.221666666666666,8.105,29.05509166666667
2026-07-27T04:40:00.000Z,MCT2408021,15.500556,74.053333,49.55555555555556,375,563.4444444444445,88.51887333333333,21.026666666666667,14.449932222222222,4.02,12.174444444444443,7.617777777777778,4.183333333333334,27.952792222222218
2026-07-27T04:50:00.000Z,MCT2408021,15.500556,74.053333,49.6875,375,560.5,88.17533937499998,21.123124999999998,14.586219375000004,3.988749999999999,12.55375,8.035,4.113125,28.284001875000005
2026-07-27T05:00:00.000Z,MCT2408021,15.500556,74.053333,49.8125,375,557.75,86.708110625,21.217499999999998,14.503395,3.9299999999999993,12.283749999999998,7.7974999999999985,4.270625000000001,28.656698125
2026-07-27T05:10:00.000Z,MCT2408021,15.500556,74.053333,49.5,375,560.9375,86.31805874999999,21.031875,14.286069374999999,3.988749999999999,12.200625000000002,7.648750000000001,4.206250000000001,28.780706874999996
2026-07-27T05:20:00.000Z,MCT2408021,15.500556,74.053333,49.625,375,559.3125,85.993331875,21.145000000000003,14.167271875,3.8406249999999993,11.440000000000001,6.9925,4.231874999999999,28.989178124999995
2026-07-27T05:30:00.000Z,MCT2408021,15.500556,74.053333,49.375,375,556.9375,84.9070975,20.984374999999996,14.066461249999998,4.374375,13.423125,8.481874999999999,4.2625,29.485884374999994
2026-07-27T05:33:50.285Z,MCT2408021,15.500556,74.053333,49.5,375,557.3333333333334,84.11713666666667,21.10833333333333,13.786870000000002,3.731666666666667,11.375,7.0616666666666665,4.21,29.73077166666667
2026-07-27T04:40:00.000Z,MCT2408051,15.486528,74.033889,52,300.30400000000003,635.1,95.61056499999998,22.075,5.1899999999999995,3.7299999999999995,10.569999999999999,4.980000000000001,4.39,26.708083
2026-07-27T04:50:00.000Z,MCT2408051,15.486528,74.033889,52,299.99125,620.9375,94.2354625,22.073124999999994,5.1899999999999995,3.7299999999999986,10.569999999999997,4.980000000000002,4.39,26.885718124999997
2026-07-27T05:00:00.000Z,MCT2408051,15.486528,74.033889,51.8125,298.46124999999995,618.5,92.68288062500002,21.962500000000002,5.1899999999999995,3.7299999999999986,10.569999999999997,4.980000000000002,4.39,27.252381874999998
2026-07-27T05:10:00.000Z,MCT2408051,15.486528,74.033889,51.8125,286.26124999999996,622.25,92.65284000000001,21.956249999999997,5.1899999999999995,3.7299999999999986,10.569999999999997,4.980000000000002,4.39,27.425324999999997
2026-07-27T05:20:00.000Z,MCT2408051,15.486528,74.033889,51.5,280.909375,628.625,92.76775750000002,21.753125,5.1899999999999995,3.7299999999999986,10.569999999999997,4.980000000000002,4.39,27.618374375000002
2026-07-27T05:30:00.000Z,MCT2408051,15.486528,74.033889,51.5,282.244375,618.8125,92.61421624999998,21.7625,5.1899999999999995,3.7299999999999986,10.569999999999997,4.980000000000002,4.39,27.852316875
2026-07-27T05:33:50.301Z,MCT2408051,15.486528,74.033889,50.666666666666664,272.83166666666665,619.8333333333334,91.30021333333332,21.24166666666667,5.19,3.73,10.57,4.98,4.39,28.061233333333334
2026-07-27T04:40:00.000Z,MCT2408050,15.553611,73.958333,27.22222222222222,86.02999999999999,513.6666666666666,91.15440444444444,11.043333333333333,4.358888888888888,8.01,23.28,11.72111111111111,3.0277777777777777,27.467777777777776
2026-07-27T04:50:00.000Z,MCT2408050,15.553611,73.958333,27,86.02999999999999,503.25,91.01061124999998,10.97875,4.601249999999999,7.423125000000001,22.648124999999993,11.80375,3.0300000000000002,27.710879999999996
2026-07-27T05:00:00.000Z,MCT2408050,15.553611,73.958333,28.4375,86.02999999999999,518.6875,90.11463625,10.859999999999998,4.7175,10.285624999999998,29.948125000000005,14.991875000000002,3.2468750000000006,28.286683125
2026-07-27T05:10:00.000Z,MCT2408050,15.553611,73.958333,27.375,86.02999999999999,505.3125,88.34175437500001,11.235,4.4075,5.355625000000002,16.960624999999997,9.035625000000001,3.1300000000000003,29.090395625000003
2026-07-27T05:20:00.000Z,MCT2408050,15.553611,73.958333,27.5625,86.02999999999999,509.625,87.04904937499998,11.274375000000001,4.352500000000001,5.885624999999999,17.764375,9.1425,3.3143750000000005,29.31428125
2026-07-27T05:30:00.000Z,MCT2408050,15.553611,73.958333,27.625,86.02999999999999,513.8125,85.82691625000001,11.426875,4.42625,5.24875,16.263125000000002,8.44875,3.54375,29.526774374999995
2026-07-27T05:33:50.483Z,MCT2408050,15.553611,73.958333,28,86.02999999999999,510.8333333333333,85.317495,11.646666666666668,4.216666666666667,4.665,14.600000000000001,7.6499999999999995,3.543333333333333,29.541296666666664
2026-07-27T04:40:00.000Z,MCT2408034,15.356389,74.123611,41.4,180,434.53333333333336,75.91172266666666,15.443999999999997,2.596000000000001,6.379999999999999,17.944666666666663,8.564666666666666,2.0773333333333333,31.052818000000002
2026-07-27T04:50:00.000Z,MCT2408034,15.356389,74.123611,42.08,180,431.08,75.378174,15.265599999999996,2.6291999999999995,8.567199999999998,24.459600000000005,11.8904,1.5492,31.574488800000005
2026-07-27T05:00:00.000Z,MCT2408034,15.356389,74.123611,43.791666666666664,180.02178333333336,432.875,73.41818208333332,17.282083333333336,4.110833333333333,6.379999999999998,18.210416666666664,8.830416666666666,2.252083333333333,32.086271249999996
2026-07-27T05:10:00.000Z,MCT2408034,15.356389,74.123611,44.36,184.16767999999996,436.04,71.9177856,17.749599999999997,4.017599999999999,7.181999999999997,20.6332,10.052799999999998,2.3736,32.28363280000001
2026-07-27T05:20:00.000Z,MCT2408034,15.356389,74.123611,46.125,180.0435666666667,432.4166666666667,72.04934208333333,19.218333333333337,4.243333333333333,6.417916666666664,18.132499999999997,8.713333333333331,2.23125,32.50857208333333
2026-07-27T05:30:00.000Z,MCT2408034,15.356389,74.123611,48.72,183.82382,429.44,70.9296264,21.416000000000004,5.4808,6.7079999999999975,19.057599999999994,9.189599999999999,2.803599999999999,32.6212568
2026-07-27T05:33:50.502Z,MCT2408034,15.356389,74.123611,50.111111111111114,180.49724444444442,424.77777777777777,71.58924666666667,22.725555555555548,4.394444444444445,6.380000000000001,17.819999999999997,8.44,2.791111111111111,32.51929666666667
2026-07-27T04:40:00.000Z,MCT2408029,15.333611,74.206944,12.4,523.09028,723.1,92.01483099999999,3.7800000000000002,7.953,3.2940000000000005,9.999,5.4110000000000005,3.503,28.187072999999998
2026-07-27T04:50:00.000Z,MCT2408029,15.333611,74.206944,12.75,523.14669375,713.8125,91.573280625,3.7712499999999993,7.9106250000000005,2.9768749999999997,9.068124999999998,5.037499999999999,3.615,28.483087500000003
2026-07-27T05:00:00.000Z,MCT2408029,15.333611,74.206944,12.875,526.6931,708.75,90.43983812500001,3.8668749999999994,8.603125,2.9399999999999995,8.851249999999999,4.891249999999999,3.5675,28.933540625000003
2026-07-27T05:10:00.000Z,MCT2408029,15.333611,74.206944,13.1875,521.4192562499999,705.3125,88.44713687499998,3.684375,8.736249999999998,2.9399999999999995,8.67,4.709999999999999,3.901875,29.390028124999997
2026-07-27T05:20:00.000Z,MCT2408029,15.333611,74.206944,12.8,512.49102,706.3333333333334,86.89804999999998,3.724666666666666,7.679999999999999,2.9399999999999995,8.67,4.709999999999999,3.7886666666666664,29.819432666666664
2026-07-27T05:30:00.000Z,MCT2408029,15.333611,74.206944,13.0625,514.5619999999999,707.3125,86.03815562499999,2.8962499999999998,7.470625,2.9399999999999995,8.67,4.709999999999999,4.016874999999999,30.008733124999996
2026-07-27T05:33:50.506Z,MCT2408029,15.333611,74.206944,12.666666666666666,514.5860166666668,711.6666666666666,85.53366166666667,1.8700000000000003,7.195,2.94,8.67,4.71,3.8633333333333333,30.120453333333334
2026-07-27T04:40:00.000Z,MCT2408030,15.142519,74.075003,25,163,432.3,86.59719999999999,9.24,6.200000000000001,9.370000000000001,24.639999999999997,12.31,3.3529999999999993,26.818553
2026-07-27T04:50:00.000Z,MCT2408030,15.142519,74.075003,27.6875,163,430.0625,86.581271875,9.183125,6.200000000000002,11.245000000000003,29.77124999999999,14.852500000000001,3.3325,27.226239375000002
2026-07-27T05:00:00.000Z,MCT2408030,15.142519,74.075003,25,163,431.1333333333333,86.28973266666667,9.145333333333333,6.200000000000002,9.370000000000001,24.639999999999993,12.31,3.1526666666666667,27.84816066666667
2026-07-27T05:10:00.000Z,MCT2408030,15.142519,74.075003,25,163,424.125,85.71152124999998,9.011875000000002,6.200000000000002,9.370000000000001,24.639999999999993,12.31,3.3075,28.338298124999998
2026-07-27T05:20:00.000Z,MCT2408030,15.142519,74.075003,25,163,423.25,85.15505312499998,8.65625,6.200000000000002,9.370000000000001,24.639999999999993,12.31,3.3331250000000003,29.111175625
2026-07-27T05:30:00.000Z,MCT2408030,15.142519,74.075003,25,163.0393,429.2,83.88087999999999,8.530666666666667,6.200000000000002,9.370000000000001,24.639999999999993,12.31,3.9313333333333325,29.97959533333334
2026-07-27T05:33:50.501Z,MCT2408030,15.142519,74.075003,25,163.09825,429.3333333333333,83.13421666666666,8.328333333333333,6.2,9.37,24.64,12.31,3.973333333333333,30.442201666666666
2026-07-27T04:40:00.000Z,MCT2408023,15.499722,74.020833,38,164.24,490.8,88.581604,8.662,22.719,12.672,40.147999999999996,25.375000000000004,5.414,27.43739
2026-07-27T04:50:00.000Z,MCT2408023,15.499722,74.020833,34.875,175.19187499999998,488.875,87.74523312500001,9.558124999999999,21.504375000000003,10.534999999999998,33.324375,20.934374999999996,5.623749999999999,27.73165875
2026-07-27T05:00:00.000Z,MCT2408023,15.499722,74.020833,32.125,195.14187500000003,487.0625,86.20456937499999,9.94,21.500625,8.47375,27.62625,17.58125,5.765625000000001,28.07888437500001
2026-07-27T05:10:00.000Z,MCT2408023,15.499722,74.020833,35.6875,182.66812500000003,486,85.67385062499999,9.781249999999998,20.56125,11.564375000000002,35.540625,21.75,5.791874999999998,28.158650625000003
2026-07-27T05:20:00.000Z,MCT2408023,15.499722,74.020833,34,174.06124999999997,475.9375,85.93897187500001,9.474999999999998,21.119999999999997,9.82125,31.425625,19.9375,5.319375,28.450911875000006
2026-07-27T05:30:00.000Z,MCT2408023,15.499722,74.020833,39.125,163.09375000000006,489,85.352939375,9.715625,20.247499999999995,12.990624999999998,41.31875,25.918749999999996,5.69625,28.743839374999997
2026-07-27T05:33:50.522Z,MCT2408023,15.499722,74.020833,50.5,150.92,496,84.993245,9.228333333333333,20.458333333333332,19.645,62.900000000000006,39.63333333333333,5.941666666666666,28.929968333333335
2026-07-27T04:40:00.000Z,MCT2408027,15.275556,74.1075,32.857142857142854,1138.0242857142855,550.4285714285714,90.80611714285715,6.579999999999999,12.468571428571428,11.131428571428572,33.51428571428571,17.50428571428571,2.9499999999999997,27.789019999999997
2026-07-27T04:50:00.000Z,MCT2408027,15.275556,74.1075,26.9375,1147.7668749999998,577.5,89.89433750000002,6.579999999999999,12.174999999999999,7.210000000000002,22.179374999999997,11.981875,2.9500000000000006,28.252496875000006
2026-07-27T05:00:00.000Z,MCT2408027,15.275556,74.1075,28.375,1153.5118750000001,576.3125,88.77710687500002,6.579999999999999,12.030624999999999,7.951249999999999,24.828125,13.525625000000002,2.9500000000000006,28.590338125
2026-07-27T05:10:00.000Z,MCT2408027,15.275556,74.1075,33.75,1153.70625,552.875,87.73474062500001,6.579999999999999,11.969375000000001,11.710000000000003,35.546875,18.71125,2.9500000000000006,29.087714999999992
2026-07-27T05:20:00.000Z,MCT2408027,15.275556,74.1075,30.5625,1148.719375,580.25,86.83256625000001,6.579999999999999,11.966875000000002,9.493749999999999,29.26375,15.686875,2.9500000000000006,29.494598124999996
2026-07-27T05:30:00.000Z,MCT2408027,15.275556,74.1075,30.25,1143.0074999999997,593.375,85.7415625,6.579999999999999,12.076875000000001,9.24625,28.52375,15.501875,2.9500000000000006,29.624638749999995
2026-07-27T05:33:50.686Z,MCT2408027,15.275556,74.1075,25.166666666666668,1148.9299999999996,572.6666666666666,85.64428500000001,6.579999999999999,12.181666666666665,6.081666666666667,18.893333333333334,10.21,2.9499999999999997,29.507333333333335
2026-07-27T04:40:00.000Z,MCT2408040,15.528056,74.020833,19,100,456.5,87.62793099999999,8.099,4.768000000000001,3.07,8.42,3.7299999999999995,3.5,28.150608
2026-07-27T04:50:00.000Z,MCT2408040,15.528056,74.020833,18.8125,100,457.3125,87.33944249999998,8.0525,4.751874999999999,3.07,8.42,3.7299999999999986,3.5,28.338298125
2026-07-27T05:00:00.000Z,MCT2408040,15.528056,74.020833,18.5,100,457.3125,86.578886875,7.609375000000001,4.705,3.07,8.42,3.7299999999999986,3.5,28.741828125
2026-07-27T05:10:00.000Z,MCT2408040,15.528056,74.020833,18.9375,100,452.1875,86.253685,8.065,4.73125,3.07,8.42,3.7299999999999986,3.5,29.107825000000002
2026-07-27T05:20:00.000Z,MCT2408040,15.528056,74.020833,18.75,100,458.75,85.08018812500002,8.033124999999998,4.738750000000001,3.07,8.42,3.7299999999999986,3.5,29.782163749999995
2026-07-27T05:30:00.000Z,MCT2408040,15.528056,74.020833,19.125,100,458.6875,83.0498175,8.244375,4.969374999999999,3.07,8.42,3.7299999999999986,3.5,30.187706875000003
2026-07-27T05:33:50.703Z,MCT2408040,15.528056,74.020833,19.333333333333332,100,449.3333333333333,82.77817833333333,8.54,5.103333333333334,3.07,8.42,3.73,3.5,30.22949166666667
2026-07-27T04:40:00.000Z,MCT2408049,15.475278,74.055833,56.7,150,461.4,83.059448,24.263,10.663999999999998,7.975,22.983,11.661999999999999,2.61,29.190942999999997
2026-07-27T04:50:00.000Z,MCT2408049,15.475278,74.055833,56.5625,150,468.9375,82.59920499999998,24.054374999999997,11.06,11.355625000000003,33.035,16.735625,2.61,29.312940625
2026-07-27T05:00:00.000Z,MCT2408049,15.475278,74.055833,56.46666666666667,150,464.8,82.19274866666667,23.956000000000003,10.308,7.409999999999998,21.040666666666667,10.537333333333333,2.61,29.656411333333335
2026-07-27T05:10:00.000Z,MCT2408049,15.475278,74.055833,56.3125,150,462.8125,80.770056875,23.928750000000004,10.1075,6.180625000000001,17.618750000000002,8.920625000000003,2.61,29.977898125
2026-07-27T05:20:00.000Z,MCT2408049,15.475278,74.055833,56.8125,150,458.6875,79.99328999999999,24.299999999999997,9.823124999999997,8.72,24.897499999999997,12.420625000000001,2.61,30.046273124999995
2026-07-27T05:30:00.000Z,MCT2408049,15.475278,74.055833,56.5,150.63994285714287,463,79.28464214285714,24.08285714285714,9.19714285714286,6.131428571428572,17.564285714285713,9.044285714285717,2.61,30.395216428571427
2026-07-27T05:33:50.712Z,MCT2408049,15.475278,74.055833,56.333333333333336,150,453,79.19872333333333,23.924999999999997,8.838333333333333,6.6433333333333335,19.40666666666667,9.973333333333334,2.61,30.645981666666668
2026-07-27T04:40:00.000Z,MCT2408044,15.313669,74.140042,24,214.29000000000002,447,89.12634299999999,10.462,3.3199999999999994,2.8700000000000006,7.5,4.32,4.8660254,27.325851
2026-07-27T04:50:00.000Z,MCT2408044,15.313669,74.140042,24.133333333333333,214.29,442.4,88.50887000000002,10.524666666666665,3.3546666666666667,2.8699999999999997,7.5,4.320000000000001,4.671281866666667,27.658684000000004
2026-07-27T05:00:00.000Z,MCT2408044,15.313669,74.140042,24.1875,214.29,441.4375,86.57412000000001,10.558125,3.855,2.8699999999999997,7.5,4.32,4.7516826875,28.216969375
2026-07-27T05:10:00.000Z,MCT2408044,15.313669,74.140042,23.875,214.29,441,84.91234125,10.388125000000002,3.390625,2.8699999999999997,7.5,4.32,4.741105500000001,28.786070000000002
2026-07-27T05:20:00.000Z,MCT2408044,15.313669,74.140042,23.4,214.29,438.6,83.24662466666668,9.931333333333335,3.32,2.8699999999999997,7.5,4.320000000000001,5.092478266666666,29.095848
2026-07-27T05:30:00.000Z,MCT2408044,15.313669,74.140042,23.625,214.29,439.5,84.39735687500001,10.0075,3.364375,2.8699999999999997,7.5,4.32,5.219150687500001,28.803498749999996
2026-07-27T05:33:50.712Z,MCT2408044,15.313669,74.140042,23.833333333333332,214.29,444.5,85.789245,10.18,3.421666666666667,2.9666666666666672,7.75,4.41,4.9893160000000005,28.52419833333333
2026-07-27T04:40:00.000Z,MCT2408046,15.529167,74.07,31.2,237.04,633.6666666666666,90.62373933333332,13.506734666666668,8.664706266666665,5.791666666666667,17.133333333333333,8.9122812,4.199333333333334,27.06093666666667
2026-07-27T04:50:00.000Z,MCT2408046,15.529167,74.07,31.04,237.04,631.96,90.56646639999997,13.394193200000002,9.077059680000001,5.275,15,7.5368424,4.155199999999999,27.0974008
2026-07-27T05:00:00.000Z,MCT2408046,15.529167,74.07,31.12,237.04,632.88,90.332398,13.536554399999998,8.542941280000003,5.625,16.56,8.526316000000001,4.088799999999999,27.256563999999997
2026-07-27T05:10:00.000Z,MCT2408046,15.529167,74.07,31,237.04,628.4,89.16998240000001,13.336428399999999,8.380000560000001,5.475,16.12,8.273684560000001,4.235200000000001,27.5954776
2026-07-27T05:20:00.000Z,MCT2408046,15.529167,74.07,31.04,237.04,627.48,87.75824039999998,13.4196988,7.424705800000001,5.675,16.72,8.67368484,4.2392,28.0163304
2026-07-27T05:30:00.000Z,MCT2408046,15.529167,74.07,31.16,237.04,625.32,86.1630864,13.486049600000001,8.044706080000003,5,13.16,6.126316000000003,4.345199999999999,28.4642124
2026-07-27T05:33:50.724Z,MCT2408046,15.529167,74.07,30.7,237.04000000000002,624.5,85.963959,13.0756,11.9205897,5,13,6.0526317999999995,4.292,28.472363999999992
2026-07-27T04:40:00.000Z,MCT2408037,15.394444,74.118333,25.1,160,427.7,85.00646900000001,10.466000000000001,219.177,4.534,16.189999999999998,8.093,3.896,28.244988999999997
2026-07-27T04:50:00.000Z,MCT2408037,15.394444,74.118333,27.375,160,425.9375,84.64579062499999,10.638750000000002,218.05375000000004,6.320625,20.495625000000004,9.745624999999999,3.6700000000000004,28.675468749999993
2026-07-27T05:00:00.000Z,MCT2408037,15.394444,74.118333,26.6875,160,432.6875,84.05451312499999,10.524375,218.73937500000002,6.599375,21.873749999999998,10.587499999999999,3.5856250000000003,29.174854375000002
2026-07-27T05:10:00.000Z,MCT2408037,15.394444,74.118333,25.5625,160,433.1875,83.48135375000001,10.702499999999999,217.84750000000003,3.7199999999999993,10.885625,4.734375,4.128125,29.121901874999995
2026-07-27T05:20:00.000Z,MCT2408037,15.394444,74.118333,25.6875,160,428.5625,83.57481312499999,10.936249999999998,216.413125,4.09125,12.828125,5.9525,4.0175,28.951641875
2026-07-27T05:30:00.000Z,MCT2408037,15.394444,74.118333,33,160,432.6875,83.860438125,10.646875000000001,217.29937500000003,10.964374999999999,37.103750000000005,18.12875,4.1075,28.889302499999996
2026-07-27T05:33:50.898Z,MCT2408037,15.394444,74.118333,29.5,160,428.3333333333333,83.96073333333332,10.951666666666666,215.4466666666667,9.291666666666666,32.02666666666667,15.863333333333332,3.8733333333333335,28.82986166666667
2026-07-27T04:40:00.000Z,MCT2408042,15.213889,74.071667,58.2,220.44400000000002,475.3,89.530701,24.360999999999997,16.431,5.915,17.601999999999997,9.019,4.162999999999999,27.761287
2026-07-27T04:50:00.000Z,MCT2408042,15.213889,74.071667,58.625,241.37249999999995,468.375,87.91260124999998,25.022499999999994,15.883125000000001,4.8912499999999985,14.650625000000002,7.574375,3.81,28.354385625000003
2026-07-27T05:00:00.000Z,MCT2408042,15.213889,74.071667,59.875,265.2362499999999,464.0625,84.84653812500001,25.843125000000008,15.914375,4.606874999999999,13.510000000000003,7.005625000000001,3.891875,29.081680625
2026-07-27T05:10:00.000Z,MCT2408042,15.213889,74.071667,60.3125,259.85875000000004,462.375,82.32263812500001,26.11,16.18375,4.663749999999999,13.225000000000001,6.664375000000001,3.956875,29.844504375
2026-07-27T05:20:00.000Z,MCT2408042,15.213889,74.071667,60.875,245.505625,459.5,80.45153,26.605,15.8225,5.175624999999998,14.8775,7.460625000000001,4.678750000000001,30.362659375000003
2026-07-27T05:30:00.000Z,MCT2408042,15.213889,74.071667,60,231.32187499999998,454.625,79.780144375,25.975625,15.533750000000001,5.858124999999999,17.669999999999998,9.166874999999997,5.251250000000001,30.57381125
2026-07-27T05:33:50.908Z,MCT2408042,15.213889,74.071667,60.333333333333336,222.13,459.1666666666667,80.07228500000001,26.421666666666667,15.438333333333333,5.156666666666667,15.201666666666668,7.745,6.131666666666667,30.29205166666667
2026-07-27T04:40:00.000Z,MCT2408041,15.224628,74.171389,32.8,402.84353,472.9,92.001099,13.771,9.700000000000001,8.090000000000002,20.25,8.900000000000002,7.917999999999999,26.909715999999996
2026-07-27T04:50:00.000Z,MCT2408041,15.224628,74.171389,32.875,387.1995375000001,467.0625,91.98049812499998,13.890000000000002,9.7,8.090000000000002,20.35125,9.001250000000002,7.952500000000001,27.322765000000004
2026-07-27T05:00:00.000Z,MCT2408041,15.224628,74.171389,32.75,389.0003625,478.4375,91.821234375,13.852499999999997,9.7,8.090000000000002,20.25,8.900000000000002,7.846875000000001,27.942809375
2026-07-27T05:10:00.000Z,MCT2408041,15.224628,74.171389,32.625,385.1332,477.875,91.48077437499998,13.77,9.7,8.090000000000002,20.25,8.900000000000002,7.7325,28.6996
2026-07-27T05:20:00.000Z,MCT2408041,15.224628,74.171389,32.5625,437.5850187500001,486.8125,89.10946125,13.681874999999998,9.7,8.090000000000002,20.25,8.900000000000002,7.92875,29.516048125
2026-07-27T05:30:00.000Z,MCT2408041,15.224628,74.171389,32.5,435.5017,489.875,85.98331812499998,13.640624999999996,9.7,8.090000000000002,20.25,8.900000000000002,7.998749999999999,30.158881875
2026-07-27T05:33:50.915Z,MCT2408041,15.224628,74.171389,32,419.06526666666656,482.6666666666667,83.40633000000001,13.36,9.700000000000001,8.090000000000002,20.25,8.9,7.96,30.549455000000005
2026-07-27T04:40:00.000Z,MCT2408033,15.346944,74.007778,20.8,110,479.5,85.886139,7.876,40.102413999999996,4.4830000000000005,11.024999999999999,6.470000000000001,4.39,29.800129
2026-07-27T04:50:00.000Z,MCT2408033,15.346944,74.007778,21.3125,110,456.25,84.16466187500001,8.34125,43.49962625,3.8268750000000007,9.807499999999997,5.806875,4.39,30.257420625
2026-07-27T05:00:00.000Z,MCT2408033,15.346944,74.007778,21.0625,110,461.0625,82.83476249999998,8.4,49.767509374999996,4.92625,12.594375,7.536250000000001,4.39,30.616710625
2026-07-27T05:10:00.000Z,MCT2408033,15.346944,74.007778,22.375,110,464.75,81.26072374999998,10.001249999999999,50.87255499999999,4.58375,11.634374999999999,6.911874999999998,4.39,30.594589374999998
2026-07-27T05:20:00.000Z,MCT2408033,15.346944,74.007778,22.3125,110,460.0625,81.83197375,9.637500000000001,57.724964375000006,6.818124999999999,16.826249999999998,9.778749999999999,4.39,30.045599375000002
2026-07-27T05:30:00.000Z,MCT2408033,15.346944,74.007778,23.1875,110,482.9375,82.64164500000003,10.773750000000001,55.310618749999996,4.545000000000001,11.730625,7.13375,4.39,30.081128125000003
2026-07-27T05:33:50.921Z,MCT2408033,15.346944,74.007778,20.833333333333332,110,473,83.172365,8.81,52.89909666666667,4.445,11.795,7.453333333333333,4.39,30.28133
2026-07-27T04:40:00.000Z,MCT2408024,15.148056,74.131667,40.86666666666667,217.32765333333333,582.8,80.77775066666666,17.784574,5.018759,5,14.990000000000004,7.989999999999998,2.508,28.34938199999999
2026-07-27T04:50:00.000Z,MCT2408024,15.148056,74.131667,40.875,215.34754583333333,582.4166666666666,80.96047374999999,17.841469583333332,5.222763125,5.374583333333334,16.698333333333338,8.990000000000004,2.5329166666666674,28.571120416666663
2026-07-27T05:00:00.000Z,MCT2408024,15.148056,74.131667,41.16,214.96695200000002,530.28,80.1370856,18.1420968,5.131312999999999,5.2396,16.030000000000005,8.590000000000002,2.5112000000000005,29.185366
2026-07-27T05:10:00.000Z,MCT2408024,15.148056,74.131667,40.96,216.15014,563.64,78.5175172,17.959042800000006,6.28744592,5,14.990000000000004,7.990000000000002,2.4992,30.072544799999996
2026-07-27T05:20:00.000Z,MCT2408024,15.148056,74.131667,41.24,214.178928,540,76.21252359999998,17.9414896,8.907359279999998,5,14.990000000000004,7.990000000000002,2.4804000000000004,31.51957519999999
2026-07-27T05:30:00.000Z,MCT2408024,15.148056,74.131667,41.208333333333336,216.76346250000003,501.875,72.30047541666667,17.935189999999995,7.671958166666666,5,14.990000000000004,7.990000000000002,2.537916666666667,32.80217041666666
2026-07-27T05:33:50.932Z,MCT2408024,15.148056,74.131667,40.8,221.80614,508.3,70.076508,17.512729,5.9725832,5,14.99,7.99,2.6060000000000003,33.171027
2026-07-27T04:40:00.000Z,MCT2408045,15.619444,73.878889,27.6,178.11999999999998,435.7,86.73528999999999,11.263,16.247999999999998,3.17,10.84,5.485,2.5300000000000002,28.181711999999997
2026-07-27T04:50:00.000Z,MCT2408045,15.619444,73.878889,27.6875,178.11999999999995,433.5625,86.31567375000002,11.37,16.426875,3.2081250000000012,10.946875,5.51125,2.5300000000000002,28.368463750000004
2026-07-27T05:00:00.000Z,MCT2408045,15.619444,73.878889,27.25,178.11999999999995,434.125,86.18978937500002,11.104375,16.638125,3.020000000000001,9.878125000000002,4.698124999999998,2.5300000000000002,28.6654125
2026-07-27T05:10:00.000Z,MCT2408045,15.619444,73.878889,27.3125,178.11999999999995,434.125,85.56179375000002,11.0825,16.486250000000002,3.020000000000001,10.091875,4.9106250000000005,2.5300000000000002,29.314953125
2026-07-27T05:20:00.000Z,MCT2408045,15.619444,73.878889,34.8125,178.11999999999995,428,84.42882812500001,11.578124999999998,16.935,11.26125,37.1425,18.730625,2.5300000000000002,29.617265
2026-07-27T05:30:00.000Z,MCT2408045,15.619444,73.878889,42.8125,178.11999999999995,444.3125,83.71595749999999,11.897499999999997,17.445,20.165,69.04375,35.975624999999994,2.5300000000000002,29.744625625
2026-07-27T05:33:51.107Z,MCT2408045,15.619444,73.878889,29,178.12,433.5,83.09352666666668,12.67,17.76,4.696666666666666,15.495,7.821666666666666,2.53,29.652121666666662
2026-07-27T04:40:00.000Z,MCT2408022,15.475833,74.038889,28.5,150,440.5,88.715882,3.897,11.269378,9.6,28.5,14.8,4.2035253,28.174203999999996
2026-07-27T04:50:00.000Z,MCT2408022,15.475833,74.038889,29.125,150,443.5625,87.97125125000001,4.201874999999999,11.413781250000001,9.9375,29.875,15.75,4.2587299375,28.343661875
2026-07-27T05:00:00.000Z,MCT2408022,15.475833,74.038889,25.5,150,447.0625,87.04046624999998,4.285625,11.265062499999997,7.25,22.4375,12.125,4.2877950625,28.680829999999997
2026-07-27T05:10:00.000Z,MCT2408022,15.475833,74.038889,24.6875,150,448.8125,85.510295625,4.6575,11.12675875,6.8125,21.3125,11.5,4.299640812499999,28.9449375
2026-07-27T05:20:00.000Z,MCT2408022,15.475833,74.038889,24.875,150,450.875,85.26663187499997,4.7700000000000005,11.133974375,7.25,22.3125,12,4.296893562499999,29.13463625
2026-07-27T05:30:00.000Z,MCT2408022,15.475833,74.038889,36.25,150,453.5,84.19946999999999,4.76875,11.012488749999997,14.5,44.4375,23.5625,4.3093290625,29.412820625000002
2026-07-27T05:33:51.120Z,MCT2408022,15.475833,74.038889,29.833333333333332,150,454.8333333333333,83.53221666666667,4.880000000000001,11.109773333333331,10.333333333333334,31.333333333333332,16.666666666666668,4.350541000000001,29.51091
2026-07-27T04:40:00.000Z,MCT2408036,15.171567,74.067106,36.8,120,475.8,91.483062,10.55,7.590999999999999,2.6299999999999994,7.6,4.049999999999999,11.459,27.247555
2026-07-27T04:50:00.000Z,MCT2408036,15.171567,74.067106,36.125,120,475.8125,90.74692125000001,9.69375,7.513750000000002,2.63,7.599999999999998,4.049999999999999,11.106874999999999,27.75042875
2026-07-27T05:00:00.000Z,MCT2408036,15.171567,74.067106,36.666666666666664,120,479.46666666666664,88.41375733333331,10.575999999999999,7.486666666666666,2.63,7.599999999999998,4.049999999999999,11.428000000000003,28.269299999999998
2026-07-27T05:10:00.000Z,MCT2408036,15.171567,74.067106,36.5,120,477.5,87.03855999999999,10.695625,7.920625,2.63,7.599999999999998,4.049999999999999,11.268749999999999,28.749871875
2026-07-27T05:20:00.000Z,MCT2408036,15.171567,74.067106,36.5625,120,479.0625,85.25518937500001,10.93,7.859374999999999,2.63,7.599999999999998,4.049999999999999,11.373750000000001,29.300875
2026-07-27T05:30:00.000Z,MCT2408036,15.171567,74.067106,36.25,120,468.75,83.65778499999999,9.926874999999999,8.245624999999999,2.63,7.663124999999998,4.113749999999999,11.257500000000002,29.843163125
2026-07-27T05:33:51.121Z,MCT2408036,15.171567,74.067106,36.5,120,471.5,82.280995,9.49,8.338333333333333,2.6299999999999994,7.6000000000000005,4.05,11.165,30.199101666666667
2026-07-27T04:40:00.000Z,MCT2408032,15.525556,73.828611,34.625,178.92999999999998,767.125,87.535421875,14.509374999999999,40.207499999999996,7.120000000000002,18.845,8.8475,2.5750000000000006,27.5808375
2026-07-27T04:50:00.000Z,MCT2408032,15.525556,73.828611,33.32,178.92999999999995,758.32,86.6312256,13.3676,40.519999999999996,7.120000000000002,17.752399999999998,7.758400000000003,2.6832000000000007,28.010323600000007
2026-07-27T05:00:00.000Z,MCT2408032,15.525556,73.828611,32.88,178.92999999999995,761.32,85.037292,12.917199999999998,37.918,7.176800000000003,19.115999999999996,9.004400000000006,2.8032,28.495526400000003
2026-07-27T05:10:00.000Z,MCT2408032,15.525556,73.828611,32.96,178.92999999999995,764.64,84.42632959999999,12.977200000000003,38.8868,7.120000000000002,17.8084,7.814000000000002,3.126000000000001,28.8717648
2026-07-27T05:20:00.000Z,MCT2408032,15.525556,73.828611,34,178.92999999999995,758.64,83.45037800000004,13.9844,41.3424,7.120000000000002,17.1836,7.193200000000002,3.2043999999999992,29.0879832
2026-07-27T05:30:00.000Z,MCT2408032,15.525556,73.828611,34.52,178.92999999999995,740.64,82.86108399999998,14.360000000000003,41.81880000000001,7.120000000000002,17.297199999999997,7.305600000000003,3.1808000000000005,29.408018799999994
2026-07-27T05:33:51.119Z,MCT2408032,15.525556,73.828611,34.22222222222222,178.93000000000004,749.1111111111111,81.92114111111111,14.202222222222225,41.87111111111111,7.12,17.069999999999997,7.079999999999999,3.265555555555555,29.67595777777778
2026-07-27T04:40:00.000Z,MCT2408031,15.290833,74.149167,17.77777777777778,170.24897777777778,554.7777777777778,86.62254666666666,7.126736,8.950568,3.597777777777777,9.46888888888889,5.342222222222222,4.947777777777778,27.82289888888889
2026-07-27T04:50:00.000Z,MCT2408031,15.290833,74.149167,17.75,160.40954374999998,554.5625,86.56410749999999,7.0573795625,6.9535016249999995,3.66,9.375625,5.119375,4.515,28.265903124999994
2026-07-27T05:00:00.000Z,MCT2408031,15.290833,74.149167,17.9375,159.7414875,547.5,85.612814375,7.056851812500001,8.558984249999998,4.1075,10.516875,5.683749999999999,4.59875,29.105812500000003
2026-07-27T05:10:00.000Z,MCT2408031,15.290833,74.149167,18.125,168.61203749999999,554.375,84.377331875,7.389278875000001,6.4490171875,3.6006250000000004,9.131874999999999,4.970625000000001,4.796875,29.725186875000002
2026-07-27T05:20:00.000Z,MCT2408031,15.290833,74.149167,18.8125,170.65553124999997,550.1875,83.58911875000001,7.903029812499998,6.0895522500000006,3.600625,9.15875,4.910625,5.45625,29.682286250000004
2026-07-27T05:30:00.000Z,MCT2408031,15.290833,74.149167,18.875,166.33789374999998,550.875,83.12706312499999,7.993955625,6.044776125,3.8687500000000004,9.974374999999998,5.505,5.801875000000001,29.720494374999994
2026-07-27T05:33:51.143Z,MCT2408031,15.290833,74.149167,22,157.58256666666668,549.6666666666666,82.70569666666667,8.3196085,6,8.57,22.320000000000004,12.221666666666666,6.145,29.585986666666667
2026-07-27T04:40:00.000Z,MCT2408035,15.236111,74.125,40.3,190,629.7,90.952056,15.204609999999999,48.573644,3.8,10.19,4.909999999999999,3.829999999999999,27.327993000000003
2026-07-27T04:50:00.000Z,MCT2408035,15.236111,74.125,41.1875,190,634.5625,90.167088125,15.911572499999997,45.750609375,3.799999999999999,10.19,4.909999999999998,3.8299999999999987,27.72361625
2026-07-27T05:00:00.000Z,MCT2408035,15.236111,74.125,42.75,190,612.1875,88.1634175,17.289223124999996,47.968888125,3.799999999999999,10.19,4.909999999999998,3.8299999999999987,28.229705
2026-07-27T05:10:00.000Z,MCT2408035,15.236111,74.125,44.5625,190,602.5625,86.25177687499999,18.869743749999998,53.891692500000005,3.799999999999999,10.19,4.909999999999998,3.8299999999999987,28.876563124999997
2026-07-27T05:20:00.000Z,MCT2408035,15.236111,74.125,43.875,190,593.625,84.24715375000001,18.32565875,55.602541875,3.799999999999999,10.19,4.909999999999998,3.8299999999999987,29.489905625000002
2026-07-27T05:30:00.000Z,MCT2408035,15.236111,74.125,45.8125,190,563.9375,82.66262375000001,19.829449375,65.690161875,3.799999999999999,10.19,4.909999999999998,3.8299999999999987,30.270825624999997
2026-07-27T05:33:51.318Z,MCT2408035,15.236111,74.125,46.333333333333336,190,560.1666666666666,81.74185,20.45355833333333,72.14581333333334,3.8000000000000003,10.19,4.91,3.8299999999999996,30.42433
2026-07-27T04:40:00.000Z,MCT2408026,15.2467,74.198281,30.6,125,611.8666666666667,90.77683666666664,13.15180933333333,12.5,5.610000000000002,18.43866666666667,10.093333333333334,2.5033333333333334,27.39556133333333
2026-07-27T04:50:00.000Z,MCT2408026,15.2467,74.198281,30.4,125,607.36,89.9408568,12.8883072,12.5,5.144400000000002,16.442,8.908000000000001,2.1919999999999993,27.8177004
2026-07-27T05:00:00.000Z,MCT2408026,15.2467,74.198281,30.52,125,607.72,88.7204592,13.051872800000002,12.5,4.730000000000003,14.817999999999994,8.019600000000002,1.9376000000000002,28.338940800000003
2026-07-27T05:10:00.000Z,MCT2408026,15.2467,74.198281,30.28,125,608.72,86.3217776,12.914986399999998,12.5,4.730000000000003,14.509999999999996,7.710000000000001,1.7395999999999998,29.037359199999997
2026-07-27T05:20:00.000Z,MCT2408026,15.2467,74.198281,36.88,125,606.12,84.123292,12.728100679999997,12.5,10.211199999999998,32.4972,17.624399999999994,1.6199999999999997,29.77396
2026-07-27T05:30:00.000Z,MCT2408026,15.2467,74.198281,30.48,125,605.32,80.37664840000001,13.056266399999997,12.5,4.730000000000003,14.509999999999996,7.710000000000001,1.9304000000000006,30.568903999999996
2026-07-27T05:33:51.326Z,MCT2408026,15.2467,74.198281,30.88888888888889,125,606.3333333333334,79.63571444444445,13.1695,12.5,4.73,14.51,7.71,2.3055555555555554,30.81400666666667
2026-07-27T04:40:00.000Z,MCT2408038,15.188889,74.055556,34.3,313.591,617.8,89.323182,14.133,13.330000000000002,5.950000000000001,16.900000000000002,7.9399999999999995,4.812,27.960774999999995
2026-07-27T04:50:00.000Z,MCT2408038,15.188889,74.055556,34.0625,341.851875,611.875,88.82431312499999,14.07,13.330000000000005,5.950000000000002,16.900000000000002,7.939999999999999,4.810625000000001,28.141224374999997
2026-07-27T05:00:00.000Z,MCT2408038,15.188889,74.055556,34.25,275.943125,613.3125,88.21301000000001,14.243749999999999,13.330000000000005,5.950000000000002,16.900000000000002,7.939999999999999,4.7212499999999995,28.93019
2026-07-27T05:10:00.000Z,MCT2408038,15.188889,74.055556,34.3125,239.34624999999997,597.3125,86.53692625,14.19875,13.330000000000005,5.950000000000002,16.900000000000002,7.939999999999999,4.655625000000001,29.65212125
2026-07-27T05:20:00.000Z,MCT2408038,15.188889,74.055556,34.0625,283.99187500000005,602.3125,85.0124775,14.03125,13.330000000000005,5.950000000000002,16.900000000000002,7.939999999999999,4.7,29.9892925
2026-07-27T05:30:00.000Z,MCT2408038,15.188889,74.055556,34.25,277.858125,593.0625,83.33401125,14.239375000000003,13.330000000000005,5.950000000000002,16.900000000000002,7.939999999999999,4.695625,30.376065000000004
2026-07-27T05:33:51.329Z,MCT2408038,15.188889,74.055556,34.666666666666664,233.33,583.5,82.81123666666667,14.623333333333335,13.33,5.95,16.900000000000002,7.94,4.6883333333333335,30.481526666666664
2026-07-27T04:40:00.000Z,MCT2408039,15.163611,74.110833,29.1,254.929,456.4,86.679596,10.128999999999998,10.299999999999999,9.019999999999998,29.043,11.890000000000002,2.3000000000000003,27.243266999999996
2026-07-27T04:50:00.000Z,MCT2408039,15.163611,74.110833,29.6875,291.275625,448.75,86.3905375,11.812499999999998,10.3,9.019999999999998,28.94,11.759999999999998,2.3,27.793328125000002
2026-07-27T05:00:00.000Z,MCT2408039,15.163611,74.110833,29,288.478125,450.25,85.42875749999999,11.340624999999998,10.3,9.019999999999998,28.94,11.759999999999998,2.3,28.751884375000003
2026-07-27T05:10:00.000Z,MCT2408039,15.163611,74.110833,29,325.86875,453.9375,83.99967625000001,10.265625,10.3,9.019999999999998,28.94,11.759999999999998,2.3,29.410137499999998
2026-07-27T05:20:00.000Z,MCT2408039,15.163611,74.110833,29,336.78375,454.5625,82.86432749999999,9.309375,10.3,9.019999999999998,28.94,11.759999999999998,2.3,30.025490000000005
2026-07-27T05:30:00.000Z,MCT2408039,15.163611,74.110833,29,345.79374999999993,448.125,81.25118562499999,8.339375,10.3,9.019999999999998,28.94,11.759999999999998,2.3,30.459184999999998
2026-07-27T05:33:51.325Z,MCT2408039,15.163611,74.110833,29,336.59000000000003,447.6666666666667,80.58854500000001,5.903333333333333,10.299999999999999,9.019999999999998,28.94,11.76,2.3000000000000003,30.806858333333334
2026-07-27T08:10:00.000Z,MCT2408028,15.186944,74.096667,38.48,569.596,442.52,78.13665799999998,16.0372,11.918,6.910000000000001,23.545600000000004,13.599199999999998,0.5028000000000001,32.96789
2026-07-27T08:20:00.000Z,MCT2408028,15.186944,74.096667,37.875,557.45375,440.5,77.56062625000001,15.377500000000003,11.477083333333333,6.281666666666666,22.53916666666667,13.296666666666667,0.7554166666666665,32.864735833333334
2026-07-27T08:30:00.000Z,MCT2408028,15.186944,74.096667,35.52,487.00519999999995,450.6,83.46441680000002,12.978399999999999,12.980799999999997,5.629999999999999,20.403599999999997,12.406799999999999,4.6735999999999995,29.683010399999997
2026-07-27T08:40:00.000Z,MCT2408028,15.186944,74.096667,37.2,594.3367999999999,459.28,89.936584,14.865599999999997,14.731200000000003,9.389600000000002,32.69399999999999,19.366,4.064000000000001,27.66154359999999
2026-07-27T08:50:00.000Z,MCT2408028,15.186944,74.096667,40.08,682.0628,456.52,90.7028804,16.928,14.159999999999995,10.508800000000003,36.35199999999999,21.474,0.8251999999999999,27.586468000000004
2026-07-27T09:00:00.000Z,MCT2408028,15.186944,74.096667,41.04,703.012,458.44,91.0864876,17.665200000000002,13.544000000000004,10.948400000000001,37.9036,22.3488,2.1188,27.817702399999998
2026-07-27T08:10:00.000Z,MCT2408020,15.543475,74.039433,21,180,681.1875,80.29846375000001,8.851826125,19.361929375,5.5699999999999985,16.192500000000003,7.778749999999999,3.6599999999999984,30.095203750000003
2026-07-27T08:20:00.000Z,MCT2408020,15.543475,74.039433,21.75,180,687.1875,80.44104062499999,9.2292194375,19.403663124999998,5.6274999999999995,16.953125,8.47625,3.6599999999999984,30.16759875
2026-07-27T08:30:00.000Z,MCT2408020,15.543475,74.039433,21.25,180,684.75,79.81495312500002,9.016204187500001,19.090867499999998,5.5699999999999985,16.777500000000003,8.36,3.6599999999999984,30.715246875
2026-07-27T08:40:00.000Z,MCT2408020,15.543475,74.039433,21.0625,180,684.125,79.60466812500002,9.022316750000003,19.64576125,5.5699999999999985,16.951875000000005,8.534374999999997,3.6599999999999984,31.225360000000002
2026-07-27T08:50:00.000Z,MCT2408020,15.543475,74.039433,21.375,180,685.3125,78.97571875000001,9.3587446875,19.80186375,5.5699999999999985,17.302500000000002,8.883125,3.6599999999999984,31.527001875000003
2026-07-27T09:00:00.000Z,MCT2408020,15.543475,74.039433,21.5,180,683.25,78.89179625,9.326103,20.43132,5.5699999999999985,17.010625,8.5925,3.6599999999999984,31.777031249999997
2026-07-27T08:10:00.000Z,MCT2408057,15.272222,74.104722,30.32,347.76439999999997,559.64,73.1732796,13.615600000000002,7.760799999999997,3.1719999999999997,10.471600000000002,6.022400000000001,4.1348,32.83318520000001
2026-07-27T08:20:00.000Z,MCT2408057,15.272222,74.104722,30.92,362.314,564.56,76.7420056,14.411999999999999,7.341600000000003,3.0999999999999988,10.154000000000003,5.843600000000001,4.613600000000002,30.885080399999993
2026-07-27T08:30:00.000Z,MCT2408057,15.272222,74.104722,29.96,344.1532000000001,564.44,81.11395200000001,13.462399999999997,7.895199999999999,3.1719999999999993,10.831600000000003,6.3751999999999995,3.2083999999999997,29.6426848
2026-07-27T08:40:00.000Z,MCT2408057,15.272222,74.104722,29.2,337.05879999999996,566.72,83.3203728,12.856399999999999,8.435199999999998,6.6524,20.718000000000007,11.4028,2.2643999999999997,29.199522800000004
2026-07-27T08:50:00.000Z,MCT2408057,15.272222,74.104722,29,319.34520000000003,568.72,84.57129039999998,12.6068,8.842,5.3404,17.053599999999996,9.5864,1.9539999999999997,28.9863108
2026-07-27T09:00:00.000Z,MCT2408057,15.272222,74.104722,28.96,311.44040000000007,566.84,85.05407759999999,12.492399999999998,9.093200000000001,6.317200000000002,19.291999999999994,10.471600000000002,1.6340000000000001,28.942122800000003
2026-07-27T08:10:00.000Z,MCT2408056,15.579167,73.920833,20.375,180,704.4375,84.25001624999999,7.31,12.140258249999999,5.453749999999999,19.468124999999997,12.008125000000001,1.5599999999999998,30.098555
2026-07-27T08:20:00.000Z,MCT2408056,15.579167,73.920833,19.5,180,693,83.58053687500002,6.947500000000001,14.7551349375,5.394999999999999,18.499375,11.246250000000002,1.78375,30.313055625
2026-07-27T08:30:00.000Z,MCT2408056,15.579167,73.920833,19.0625,180,705.6875,83.65683000000001,7.2225,12.564407937499999,5.0424999999999995,17.473125,10.72,1.6181249999999998,30.291606249999997
2026-07-27T08:40:00.000Z,MCT2408056,15.579167,73.920833,19.25,180,703.5625,84.32344875,7.014375,12.049442749999999,5.218749999999999,17.871875,10.835000000000003,1.5599999999999998,30.388131875
2026-07-27T08:50:00.000Z,MCT2408056,15.579167,73.920833,20.125,180,683.375,83.5648,7.285,11.669308062499999,5.395,19.581875,12.240000000000004,1.5893749999999995,30.677039375
2026-07-27T09:00:00.000Z,MCT2408056,15.579167,73.920833,20.0625,180,687.625,82.594436875,7.415625,13.176203999999998,5.1012499999999985,18.728125,11.890000000000002,1.6225,30.7346875
2026-07-27T08:10:00.000Z,MCT2408055,15.585833,73.885556,19.066666666666666,101.31266666666667,640.2,83.897156,8.312000000000001,25.498727999999996,5.129333333333334,15.920666666666664,9.404666666666664,1.518,29.618516666666668
2026-07-27T08:20:00.000Z,MCT2408055,15.585833,73.885556,19,103.32066666666667,636,83.569092,8.163333333333332,27.561069999999994,4.759333333333333,15.393999999999998,9.268666666666665,1.4800000000000002,29.77367333333334
2026-07-27T08:30:00.000Z,MCT2408055,15.585833,73.885556,19.133333333333333,99.97066666666667,635.3333333333334,83.35089066666667,8.244,29.260816,4.943333333333333,15.087999999999996,8.724666666666666,1.4593333333333336,29.982456000000003
2026-07-27T08:40:00.000Z,MCT2408055,15.585833,73.885556,19,102.10200000000003,634.3333333333334,82.84938533333333,8.200666666666667,28.005089999999992,5.453333333333334,17.063333333333336,10.176666666666666,1.658,29.89951333333334
2026-07-27T08:50:00.000Z,MCT2408055,15.585833,73.885556,19,101.17687500000001,631.75,81.57019000000001,8.200625,29.477578749999992,5.419375000000001,17.639375,10.779374999999998,1.5525,30.185695
2026-07-27T09:00:00.000Z,MCT2408055,15.585833,73.885556,19,104.39416666666666,625.75,80.6425825,8.242500000000001,30.5264025,5.533333333333334,17.599166666666665,10.679166666666665,1.5949999999999998,30.4716975
2026-07-27T09:00:13.973Z,MCT2408055,15.585833,73.885556,19,96.39,598,80.16638,7.83,27.36641,6.29,19.08,10.91,1.54,30.66028
2026-07-27T08:20:00.000Z,MCT2408053,15.263333,74.110833,53.5,282.57506666666666,507.3333333333333,78.54640666666667,27.71666666666667,48.30833333333334,4.59,12.478333333333333,6.579999999999999,7.798333333333335,30.138326666666668
2026-07-27T08:30:00.000Z,MCT2408053,15.263333,74.110833,43.875,208.89359374999998,566.3125,83.29491,19.41625,34.335625,4.590000000000002,11.9125,5.922499999999999,6.778124999999999,28.942254375
2026-07-27T08:40:00.000Z,MCT2408053,15.263333,74.110833,35.5625,193.203125,590.0625,87.266964375,12.165625,25.678124999999998,4.590000000000002,12.761249999999999,6.910625000000001,5.676875000000001,28.226353125
2026-07-27T08:50:00.000Z,MCT2408053,15.263333,74.110833,37.625,190.986775,575.5625,88.36273562500003,13.893750000000002,22.415000000000003,4.590000000000002,12.8825,7.051875,5.248125,27.985041249999995
2026-07-27T09:00:00.000Z,MCT2408053,15.263333,74.110833,33.5,146.22043125000005,558.1875,88.34318562499999,10.455625,18.43,4.590000000000002,13.186874999999999,7.4037500000000005,5.525,27.985710625
2026-07-27T08:10:00.000Z,MCT2408052,15.444425,74.063856,30.4375,160,644.6875,81.96405812500001,3.786491125,8.00158225,9.992500000000001,28.945000000000004,14.260000000000002,2,29.76473375
2026-07-27T08:20:00.000Z,MCT2408052,15.444425,74.063856,31.0625,160,610.8125,82.68599062500002,3.6567983750000006,8,10.283750000000001,29.935,14.820625000000001,2,29.926952500000002
2026-07-27T08:30:00.000Z,MCT2408052,15.444425,74.063856,30.625,160,645.9375,82.39702562499998,3.7760526875000004,8,10.17875,29.268750000000004,14.304375000000002,2,30.213180000000005
2026-07-27T08:40:00.000Z,MCT2408052,15.444425,74.063856,32.5,160,623.625,81.933539375,3.7738159375000007,8,11.245624999999999,33.0825,16.459999999999997,2,30.36802250000001
2026-07-27T08:50:00.000Z,MCT2408052,15.444425,74.063856,32.5,160,600.375,81.77952125,3.888771875,8,11.246874999999998,33.104375,16.546249999999997,2,30.375396250000012
2026-07-27T09:00:00.000Z,MCT2408052,15.444425,74.063856,32.875,160,624.9375,81.85057125,3.8339035625,8,11.351875000000001,33.533125000000005,16.784374999999997,2,30.40086625
2026-07-27T08:10:00.000Z,MCT2408021,15.500556,74.053333,48.5625,375,559.5,84.45886875000002,20.150624999999998,13.782350625,3.3949999999999996,10.463125,6.48625,4.33375,28.981134375
2026-07-27T08:20:00.000Z,MCT2408021,15.500556,74.053333,48.75,375,561.125,85.16554249999999,20.30125,14.194723124999998,3.6018749999999993,11.167499999999999,7.021874999999999,4.295625,28.967058125
2026-07-27T08:30:00.000Z,MCT2408021,15.500556,74.053333,48.875,375,546.4375,85.023445625,20.549374999999998,14.284393124999998,3.0962499999999995,9.620624999999999,5.979374999999999,4.24375,29.192283125
2026-07-27T08:40:00.000Z,MCT2408021,15.500556,74.053333,48.4375,375,547.9375,84.012550625,20.28875,14.338353125,3.361874999999999,10.596875,6.754375000000001,4.2593749999999995,29.605199999999996
2026-07-27T08:50:00.000Z,MCT2408021,15.500556,74.053333,48.8,375,551.8666666666667,83.37886600000002,20.417999999999996,14.177120666666665,3.235999999999999,10.492666666666668,6.824,4.2506666666666675,29.647116666666673
2026-07-27T09:00:00.000Z,MCT2408021,15.500556,74.053333,48.8125,375,551.625,83.278698125,20.415624999999995,14.178143749999998,3.0068749999999995,9.783124999999998,6.277499999999999,4.3025,29.764734375000003
2026-07-27T09:00:14.175Z,MCT2408021,15.500556,74.053333,49,375,550,82.82141,20.34,14.157,2.86,9.13,5.71,4.24,29.813
2026-07-27T08:10:00.000Z,MCT2408043,15.221111,74.087222,56.266666666666666,211.8973333333333,613.0666666666667,71.499898,23.974,34.634,8.529333333333332,30.382666666666662,17.67666666666667,5.290000000000001,33.726941999999994
2026-07-27T08:20:00.000Z,MCT2408043,15.221111,74.087222,55.9375,243.55249999999998,604.9375,73.9436575,23.410625,33.15812499999999,6.568124999999998,21.966875,12.49,5.3362500000000015,31.480081250000005
2026-07-27T08:30:00.000Z,MCT2408043,15.221111,74.087222,56.333333333333336,121.73066666666666,610,82.01524,24.002000000000002,32.734,7.5139999999999985,26.092000000000002,15.115333333333334,5.290000000000001,28.691868666666668
2026-07-27T08:40:00.000Z,MCT2408043,15.221111,74.087222,56.9375,125.27062499999998,616,84.51609125000002,24.244375,32.299375,7.995624999999999,29.048125000000006,17.051875000000003,5.290000000000001,28.204231875000005
2026-07-27T08:50:00.000Z,MCT2408043,15.221111,74.087222,57,152.81,608.25,84.42120000000001,24.290625000000002,32.657500000000006,9.340625,32.4275,18.573125,5.290000000000001,28.357738125
2026-07-27T09:00:00.000Z,MCT2408043,15.221111,74.087222,57,153.42399999999998,614.6,83.95412200000003,24.38,33.444,8.866666666666667,30.296666666666667,17.335333333333335,5.290000000000001,28.781243999999994
2026-07-27T09:00:14.189Z,MCT2408043,15.221111,74.087222,57,170.08,623,83.66827,24.16,32.68,7.6,27.04,15.37,5.29,29.00862
2026-07-27T08:10:00.000Z,MCT2408051,15.486528,74.033889,50.53333333333333,291.64866666666666,612.9333333333333,90.93451066666667,21.161333333333335,5.1899999999999995,3.7299999999999986,10.569999999999997,4.980000000000002,4.39,28.455916666666667
2026-07-27T08:20:00.000Z,MCT2408051,15.486528,74.033889,51.0625,307.53875,611,90.63629562499999,21.501250000000002,5.1899999999999995,3.7299999999999986,10.569999999999997,4.980000000000002,4.39,28.599051250000002
2026-07-27T08:30:00.000Z,MCT2408051,15.486528,74.033889,51.0625,318.0775,604.3125,89.691204375,21.482499999999998,5.1899999999999995,3.7299999999999986,10.569999999999997,4.980000000000002,4.39,28.754564375
2026-07-27T08:40:00.000Z,MCT2408051,15.486528,74.033889,50.6875,316.4937499999999,601,88.82669750000001,21.242500000000003,5.1899999999999995,3.7299999999999986,10.569999999999997,4.980000000000002,4.39,28.756574375
2026-07-27T08:50:00.000Z,MCT2408051,15.486528,74.033889,50.9375,307.22374999999994,601.5,90.17519499999997,21.405625,5.1899999999999995,3.7299999999999986,10.569999999999997,4.980000000000002,4.39,28.653346874999993
2026-07-27T09:00:00.000Z,MCT2408051,15.486528,74.033889,50.875,300.91875,593.9375,90.55189374999999,21.378124999999997,5.1899999999999995,3.7299999999999986,10.569999999999997,4.980000000000002,4.39,28.689543750000002
2026-07-27T09:00:14.204Z,MCT2408051,15.486528,74.033889,51,303.07,598,90.59576,21.48,5.19,3.73,10.57,4.98,4.39,28.79411
2026-07-27T08:10:00.000Z,MCT2408050,15.553611,73.958333,28.133333333333333,86.02999999999999,490.8666666666667,83.64792866666667,11.903333333333336,4.185333333333333,5.146666666666666,17.917333333333332,10.208666666666668,3.143333333333333,30.006051333333335
2026-07-27T08:20:00.000Z,MCT2408050,15.553611,73.958333,28,86.02999999999999,456.5,83.38646312500002,11.773125,4.1225000000000005,4.611875000000001,16.960625,10.103125,3.1599999999999997,30.183013749999994
2026-07-27T08:30:00.000Z,MCT2408050,15.553611,73.958333,28.125,86.02999999999999,469.375,83.37835687500001,11.925625,3.7449999999999997,4.877500000000001,16.743125000000003,9.410625,2.9281249999999996,30.23463
2026-07-27T08:40:00.000Z,MCT2408050,15.553611,73.958333,27.1875,86.02999999999999,490.125,83.734078125,11.745000000000003,3.8487500000000003,4.771249999999999,16.745000000000005,9.678125000000001,2.97875,30.32311
2026-07-27T08:50:00.000Z,MCT2408050,15.553611,73.958333,26.3125,86.02999999999999,478.125,83.05315374999999,11.564375000000002,4.04,6.628125,22.058124999999997,12.281875000000001,3.09,30.6187225
2026-07-27T09:00:00.000Z,MCT2408050,15.553611,73.958333,26.1875,86.02999999999999,487.6875,81.973594375,11.43875,3.8393750000000004,5.886875,20.12625,11.485,3.1462499999999998,30.838585
2026-07-27T08:10:00.000Z,MCT2408034,15.356389,74.123611,69.34782608695652,220.46059565217394,426.04347826086956,70.73379608695653,38.837391304347825,9.550869565217392,6.379999999999998,19.97869565217391,10.598695652173912,2.7773913043478267,32.113298695652176
2026-07-27T08:20:00.000Z,MCT2408034,15.356389,74.123611,56.6,199.14214,424.72,73.44519079999999,28.115600000000004,6.816,7.583199999999997,24.421200000000002,13.2776,1.4047999999999998,31.58907280000001
2026-07-27T08:30:00.000Z,MCT2408034,15.356389,74.123611,51,185.35843750000004,423.8333333333333,74.82358041666667,23.313750000000002,4.487500000000001,6.910833333333332,23.251666666666665,13.206249999999999,1.1258333333333332,31.562527916666678
2026-07-27T08:40:00.000Z,MCT2408034,15.356389,74.123611,47.32,180,426.2,75.2707516,20.364799999999995,3.3224,6.561999999999997,22.432799999999997,12.864399999999998,1.1255999999999997,31.57105479999999
2026-07-27T08:50:00.000Z,MCT2408034,15.356389,74.123611,43.916666666666664,180,424.4166666666667,75.93842625,17.51583333333333,3.2237500000000003,8.201666666666666,26.924166666666675,14.962499999999999,1.133333333333333,31.67916374999999
2026-07-27T09:00:00.000Z,MCT2408034,15.356389,74.123611,45.6,180.18993600000002,427.36,75.52618400000001,18.923999999999996,3.3515999999999995,7.691599999999998,26.145599999999998,15.038799999999998,1.1387999999999996,31.804438000000015
2026-07-27T08:10:00.000Z,MCT2408030,15.142519,74.075003,28.066666666666666,163.07343333333336,417.93333333333334,77.805846,8.141333333333334,6.200000000000002,9.870666666666668,30.047999999999995,17.04,3.6100000000000008,32.25617533333334
2026-07-27T08:20:00.000Z,MCT2408030,15.142519,74.075003,33.6875,163.259175,415.4375,77.08410687499999,8.168125,6.200000000000002,13.470625000000002,41.1725,23.31125,3.83125,32.2087175
2026-07-27T08:30:00.000Z,MCT2408030,15.142519,74.075003,25.0625,174.310225,419.25,76.661629375,8.056875000000002,6.200000000000002,9.370000000000001,24.753749999999997,12.428125000000001,5.34375,30.575150625000006
2026-07-27T08:40:00.000Z,MCT2408030,15.142519,74.075003,26.933333333333334,163.68248666666665,415.53333333333336,83.16015599999997,8.580666666666668,6.200000000000002,9.495333333333337,27.79866666666667,15.398666666666667,4.331999999999999,28.278595333333335
2026-07-27T08:50:00.000Z,MCT2408030,15.142519,74.075003,27.1875,163,420.5625,85.1722175,8.87375,6.200000000000002,9.605,28.28375,15.68,3.2281249999999995,27.551344375
2026-07-27T09:00:00.000Z,MCT2408030,15.142519,74.075003,28.75,163,420,85.51554124999998,9.14,6.200000000000002,10.48375,31.306250000000002,17.513125,2.974375,27.484311249999998
2026-07-27T08:10:00.000Z,MCT2408029,15.333611,74.206944,15.266666666666667,508.28163333333333,696.8,80.70298266666666,8.438666666666666,7.14,2.9399999999999995,8.978666666666667,5.021333333333334,3.6293333333333333,32.265470666666666
2026-07-27T08:20:00.000Z,MCT2408029,15.333611,74.206944,44.3125,484.32383749999997,690.6875,80.89498875000001,36.28875,17.19499999999999,2.9399999999999995,9.8275,5.880000000000002,5.158125,30.673686249999996
2026-07-27T08:30:00.000Z,MCT2408029,15.333611,74.206944,16.1875,495.27885000000003,698.1875,85.41016062499999,8.52875,7.14,2.9399999999999995,9.71875,5.771249999999999,3.5375,28.294728124999995
2026-07-27T08:40:00.000Z,MCT2408029,15.333611,74.206944,13.6875,518.2895375,705.8125,87.67847437500001,5.33875,7.14,3.124375,10.368750000000002,6.06625,3.5,27.551342499999997
2026-07-27T08:50:00.000Z,MCT2408029,15.333611,74.206944,12.1875,527.1953187500001,701.3125,89.013140625,2.8856249999999997,7.14,3.16125,10.94625,6.617500000000001,3.5,27.226908124999998
2026-07-27T09:00:00.000Z,MCT2408029,15.333611,74.206944,12.6875,533.7354750000001,712.375,90.48943062500003,3.484375000000001,7.301875,3.4931249999999996,11.631874999999999,6.801875000000001,3.530625,27.123679375000002
2026-07-27T08:10:00.000Z,MCT2408023,15.499722,74.020833,37,161.39000000000001,480.875,85.42112687500003,10.396249999999998,18.995625,10.296249999999999,33.245625000000004,21.296874999999996,5.0287500000000005,29.358522500000003
2026-07-27T08:20:00.000Z,MCT2408023,15.499722,74.020833,35,208.80125,477.125,84.95048875,10.7375,17.791875,8.631874999999999,28.970625,18.940625,5.141874999999999,29.563640625
2026-07-27T08:30:00.000Z,MCT2408023,15.499722,74.020833,35.125,179.14875000000006,479.125,84.49415499999999,10.852499999999997,17.255000000000003,8.235,28.65625,19.031250000000004,4.865000000000001,29.939688750000002
2026-07-27T08:40:00.000Z,MCT2408023,15.499722,74.020833,35.93333333333333,150.50999999999996,471.4,83.08488000000001,10.840666666666667,16.736,8.700666666666667,30.059333333333335,20.10666666666667,5.288666666666667,30.177652
2026-07-27T08:50:00.000Z,MCT2408023,15.499722,74.020833,43.6875,159.03625,482.8125,82.97447625000001,11.03,15.916875000000003,16.158749999999998,48.68000000000001,29.181250000000002,5.3881250000000005,30.160893750000003
2026-07-27T09:00:00.000Z,MCT2408023,15.499722,74.020833,34.75,150.51,474,83.31112250000002,11.36875,16.465,7.997499999999999,28.021250000000002,18.668750000000003,5.260624999999999,30.1662575
2026-07-27T09:00:14.433Z,MCT2408023,15.499722,74.020833,34,150.51,471,82.91296,10.63,18.85,6.34,24.06,17.4,4.46,30.17765
2026-07-27T08:10:00.000Z,MCT2408027,15.275556,74.1075,24.6875,1132.3987499999998,487.1875,73.37383625000001,6.579999999999999,12.256874999999997,5.300000000000001,18.666250000000005,11.17875,2.9500000000000006,32.96014562499999
2026-07-27T08:20:00.000Z,MCT2408027,15.275556,74.1075,24.6875,1145.115,505.75,78.22899249999999,6.579999999999999,14.246875000000005,5.176874999999999,18.481875,11.177500000000002,2.9500000000000006,30.376736875
2026-07-27T08:30:00.000Z,MCT2408027,15.275556,74.1075,25.875,1146.8925000000002,519.375,84.6062125,6.579999999999999,14.048749999999998,6.163125,20.701249999999995,11.920625,2.9500000000000006,28.693566250000003
2026-07-27T08:40:00.000Z,MCT2408027,15.275556,74.1075,25.9375,1165.505,520.75,85.88318125,6.579999999999999,13.564375000000002,6.288750000000001,21.192499999999995,12.043125,2.9500000000000006,28.477726874999995
2026-07-27T08:50:00.000Z,MCT2408027,15.275556,74.1075,25.5625,1158.7925,543.875,85.79592125000002,6.579999999999999,13.228124999999999,5.61,20.146874999999998,11.982499999999998,2.9500000000000006,28.488450625
2026-07-27T09:00:00.000Z,MCT2408027,15.275556,74.1075,25.875,1159.5475000000001,511.25,86.9327025,6.579999999999999,13.230625000000005,6.040625000000001,21.008125000000003,12.415,2.9500000000000006,28.473704374999997
2026-07-27T08:10:00.000Z,MCT2408040,15.528056,74.020833,19.133333333333333,100,445.3333333333333,84.52988599999999,8.283999999999999,4.927333333333333,3.07,8.42,3.7299999999999986,3.5,29.427610666666663
2026-07-27T08:20:00.000Z,MCT2408040,15.528056,74.020833,19.1875,100,444.125,84.67964562500002,8.368749999999999,4.8793750000000005,3.07,8.42,3.7299999999999986,3.5,29.764065625
2026-07-27T08:30:00.000Z,MCT2408040,15.528056,74.020833,19.3125,100,448.5,83.398385,8.486875,4.8149999999999995,3.07,8.42,3.7299999999999986,3.5,30.158213125
2026-07-27T08:40:00.000Z,MCT2408040,15.528056,74.020833,19.125,100,447.125,82.39798062499999,8.325624999999999,4.9418750000000005,3.07,8.42,3.7299999999999986,3.5,30.313055000000006
2026-07-27T08:50:00.000Z,MCT2408040,15.528056,74.020833,19.4375,100,447.0625,82.89532062499998,8.695,5.0456249999999985,3.07,8.42,3.7299999999999986,3.5,30.27216625
2026-07-27T09:00:00.000Z,MCT2408040,15.528056,74.020833,19.4375,100,447.0625,82.998794375,8.690625,5.072500000000001,3.07,8.42,3.7299999999999986,3.5,30.293616250000003
2026-07-27T08:10:00.000Z,MCT2408049,15.475278,74.055833,56.6,150,461.1333333333333,78.47774266666667,24.05666666666666,8.295333333333332,7.922666666666669,24.104666666666667,12.839333333333334,2.61,30.974168000000006
2026-07-27T08:20:00.000Z,MCT2408049,15.475278,74.055833,56.1875,150.11295625,455.875,77.36067125000001,23.880625,8.578125,7.333125000000003,22.933124999999997,12.565,2.61,31.189832499999998
2026-07-27T08:30:00.000Z,MCT2408049,15.475278,74.055833,56.375,150,458.5625,76.92484375000001,23.965625,8.54375,6.468749999999999,19.678124999999998,10.549375000000001,2.61,31.365455625000003
2026-07-27T08:40:00.000Z,MCT2408049,15.475278,74.055833,56.25,150,457.1875,75.47335,23.764375000000005,8.441249999999998,8.3375,26.38125,14.576875000000001,2.61,31.342665000000004
2026-07-27T08:50:00.000Z,MCT2408049,15.475278,74.055833,56.4375,150,454.0625,76.88097437500002,24.024375000000003,9.466874999999998,9.536874999999998,30.019999999999996,16.350625,2.61,31.0765475
2026-07-27T09:00:00.000Z,MCT2408049,15.475278,74.055833,56.4375,150,459.875,77.62627125,24.083750000000002,8.366249999999999,8.385,26.955,14.959375,2.61,31.0685025
2026-07-27T09:00:14.631Z,MCT2408049,15.475278,74.055833,57,150,457,77.33588,24.89,10.56,7.67,23.75,13.04,2.61,31.16436
2026-07-27T08:10:00.000Z,MCT2408044,15.313669,74.140042,23.625,214.29,421.3125,77.098889375,8.93375,4.326874999999999,2.8699999999999997,7.5625,4.387499999999999,5.1806888749999995,31.222006874999995
2026-07-27T08:20:00.000Z,MCT2408044,15.313669,74.140042,24,214.29,430.625,82.03605999999999,9.466249999999999,4.51625,2.8699999999999997,7.53125,4.35375,5.273397125,29.044814999999996
2026-07-27T08:30:00.000Z,MCT2408044,15.313669,74.140042,25.0625,214.29,436.625,86.74816562500003,10.498750000000001,3.32,2.8699999999999997,7.71875,4.557499999999999,3.745192125,27.89923875
2026-07-27T08:40:00.000Z,MCT2408044,15.313669,74.140042,25.125,214.29,439.3125,88.69175249999999,10.541875000000001,3.3525,2.8699999999999997,8.1875,5.067500000000001,3.2695513124999995,27.7222725
2026-07-27T08:50:00.000Z,MCT2408044,15.313669,74.140042,25.533333333333335,214.29,439.6666666666667,89.33691333333333,10.679999999999998,3.32,2.9473333333333334,8.2,4.935999999999999,2.866153866666666,27.759499999999996
2026-07-27T09:00:00.000Z,MCT2408044,15.313669,74.140042,25.625,214.29,438.5625,88.90156249999998,10.71375,3.32,2.9787499999999993,8.53125,5.2375,3.3584132500000003,27.7490875
2026-07-27T09:00:14.640Z,MCT2408044,15.313669,74.140042,25,214.29,433,89.19958,10.58,3.32,2.87,8,4.86,3.65,27.65725
2026-07-27T08:10:00.000Z,MCT2408046,15.529167,74.07,30.88,237.04,615.32,88.342956,13.227400800000003,13.545295479999998,5,12,5.01052632,4.1684,27.942114
2026-07-27T08:20:00.000Z,MCT2408046,15.529167,74.07,31.16,237.04,615,89.1126096,13.545707200000003,9.916470800000003,5,12,5,3.7615999999999996,28.088402799999997
2026-07-27T08:30:00.000Z,MCT2408046,15.529167,74.07,31.28,237.04,601.28,88.295044,13.517739999999998,8.365294480000001,5,12,5.01052632,3.6524000000000014,28.722899600000005
2026-07-27T08:40:00.000Z,MCT2408046,15.529167,74.07,31.12,237.04,599.24,85.36901879999999,13.4344712,9.346471120000004,5,12,5.01052632,3.8160000000000007,29.36769480000001
2026-07-27T08:50:00.000Z,MCT2408046,15.529167,74.07,31.04,237.04,607.92,84.91400120000002,13.3490544,12.04058904,5,12,5,4.0684,29.476660800000005
2026-07-27T09:00:00.000Z,MCT2408046,15.529167,74.07,30.8,237.04,610.72,84.8840944,13.184660400000002,14.92529468,5,12,5,3.9776000000000007,29.584768799999996
2026-07-27T09:00:14.657Z,MCT2408046,15.529167,74.07,31,237.04,614,84.25574,13.13605,12.26471,5,12,5,3.78,29.71647
2026-07-27T08:10:00.000Z,MCT2408037,15.394444,74.118333,27.9375,163.59819375,424.75,79.62040250000001,11.59,207.72124999999997,6.8306249999999995,25.093749999999996,13.067500000000003,4.433750000000001,29.963820624999997
2026-07-27T08:20:00.000Z,MCT2408037,15.394444,74.118333,26.1875,160.1240875,420.6875,81.80527124999999,11.237499999999999,209.02374999999998,4.368125,18.550000000000004,10.58375,3.72375,29.393379375000006
2026-07-27T08:30:00.000Z,MCT2408037,15.394444,74.118333,25.6875,160.1641875,416.4375,82.72652125,10.9575,211.64874999999998,4.738125,18.348125,9.975,3.4050000000000002,29.363883750000003
2026-07-27T08:40:00.000Z,MCT2408037,15.394444,74.118333,30.375,160,422.625,83.0164375,10.9475,213.33437500000005,9.9425,35.981875,18.69125,3.164375,29.465106249999998
2026-07-27T08:50:00.000Z,MCT2408037,15.394444,74.118333,34.1875,160,419.9375,83.41650312499999,11.005,213.35125000000005,13.427500000000002,47.173125,23.705000000000002,3.017499999999999,29.483874375000006
2026-07-27T09:00:00.000Z,MCT2408037,15.394444,74.118333,30.875,160,423.4375,83.665413125,10.705625000000001,214.63687500000003,11.15,39.710625,20.144375000000004,3.098125,29.519401250000005
2026-07-27T08:10:00.000Z,MCT2408042,15.213889,74.071667,60.9375,147.931875,459.375,73.420566875,26.804375000000004,13.490000000000002,6.142499999999999,20.804375,11.958125000000003,6.005000000000001,33.482991875
2026-07-27T08:20:00.000Z,MCT2408042,15.213889,74.071667,61.625,207.13375,455.625,76.65924562500001,27.055,12.816875,10.294375,29.811875000000004,15.033125,7.792499999999999,31.31049125
2026-07-27T08:30:00.000Z,MCT2408042,15.213889,74.071667,58.8125,139.65687499999999,464.25,82.33408374999999,24.911875000000002,13.90125,5.403124999999998,18.125625,10.305625000000001,5.025625000000001,29.247920624999995
2026-07-27T08:40:00.000Z,MCT2408042,15.213889,74.071667,58.4375,129.57125000000002,470.875,84.51179875,24.668749999999996,14.825625,6.0287500000000005,20.7475,12.014374999999998,2.8581250000000002,28.806849375
2026-07-27T08:50:00.000Z,MCT2408042,15.213889,74.071667,58.8125,134.46937499999999,459.625,84.73972625,24.94125,15.425625,7.4506250000000005,24.168750000000006,13.554374999999999,2.4287500000000004,28.882596874999997
2026-07-27T09:00:00.000Z,MCT2408042,15.213889,74.071667,58.4375,127.08250000000001,459.4375,84.789316875,24.648125,15.815625,7.735,24.852499999999996,13.954374999999999,2.43875,29.141339375
2026-07-27T08:10:00.000Z,MCT2408041,15.224628,74.171389,32.86666666666667,405.9279133333333,474.53333333333336,75.99666333333333,13.756,9.7,8.090000000000002,20.898000000000003,9.545333333333334,7.923333333333335,32.927564000000004
2026-07-27T08:20:00.000Z,MCT2408041,15.224628,74.171389,32.0625,398.98334374999996,473.5,74.579280625,13.28625,9.7,8.090000000000002,21.768750000000004,10.413750000000002,8.284374999999999,32.79725625
2026-07-27T08:30:00.000Z,MCT2408041,15.224628,74.171389,31.9375,502.03323750000004,465.9375,74.44195,13.103125,9.7,8.090000000000002,20.35125,9.001250000000002,8.83625,31.213963749999998
2026-07-27T08:40:00.000Z,MCT2408041,15.224628,74.171389,32.1875,478.942725,458.8125,80.72428249999999,13.356250000000003,9.7,8.090000000000002,20.25,8.900000000000002,8.435,29.0535275
2026-07-27T08:50:00.000Z,MCT2408041,15.224628,74.171389,32.5625,414.76379375000005,451.625,84.34633625,13.68875,9.7,8.090000000000002,20.4525,9.101875000000001,8.009374999999999,28.05542375
2026-07-27T09:00:00.000Z,MCT2408041,15.224628,74.171389,32.5625,425.5234125,453.375,86.43726625,13.693750000000001,9.7,8.090000000000002,20.25,8.900000000000002,7.871875,27.73568125
2026-07-27T08:10:00.000Z,MCT2408033,15.346944,74.007778,20.875,113.04776875,430.625,77.00161374999999,8.891875,59.142509374999996,4.659375000000001,13.140000000000002,8.603125,4.39,31.330598749999996
2026-07-27T08:20:00.000Z,MCT2408033,15.346944,74.007778,20.6875,110.896375,454,74.979346875,8.7325,47.57247999999999,4.5443750000000005,12.65875,8.310625,4.39,32.247596249999994
2026-07-27T08:30:00.000Z,MCT2408033,15.346944,74.007778,22.6875,110.9118125,417.6875,71.38304,10.196875,45.506403125000006,6.210625,16.3775,10.183124999999999,4.39,33.399873125
2026-07-27T08:40:00.000Z,MCT2408033,15.346944,74.007778,23,116.21034374999999,441.75,68.03850625000001,10.614374999999999,55.703126875,4.128750000000001,11.763125,7.759375,4.39,33.57147375
2026-07-27T08:50:00.000Z,MCT2408033,15.346944,74.007778,23.375,121.00864374999999,431.5625,69.41179625000001,10.856875,62.470823124999995,4.96125,13.2375,8.420625000000001,4.39,32.655148125000004
2026-07-27T09:00:00.000Z,MCT2408033,15.346944,74.007778,21.9375,114.42925625,449.375,72.998565,9.764999999999999,59.134979375,4.054375,11.858125,7.869999999999999,4.39,31.699945625
2026-07-27T08:10:00.000Z,MCT2408024,15.148056,74.131667,38.76,219.231508,504.76,71.0166016,16.022491600000002,12.867530719999998,5.2,17.910000000000004,10.510000000000002,2.4476,33.555198
2026-07-27T08:20:00.000Z,MCT2408024,15.148056,74.131667,38.791666666666664,220.09409166666669,397,69.04018166666667,16.1149625,14.146223291666665,5.041666666666667,17.15666666666667,10.073333333333336,2.4450000000000003,34.361781666666666
2026-07-27T08:30:00.000Z,MCT2408024,15.148056,74.131667,37.96,226.32090000000005,475.16,68.09179759999999,15.405243199999997,6.0819627600000015,5,16.630000000000006,9.630000000000004,2.5683999999999996,33.551766
2026-07-27T08:40:00.000Z,MCT2408024,15.148056,74.131667,38.32,232.42537200000007,537.04,70.7999268,15.557828399999996,6.4660896,5,15.030000000000005,8.030000000000003,2.582,31.144197600000005
2026-07-27T08:50:00.000Z,MCT2408024,15.148056,74.131667,38.958333333333336,222.28976666666668,530.4166666666666,75.17262500000001,16.114726666666666,5,5,15.781666666666672,8.781666666666668,2.4716666666666662,29.64541999999999
2026-07-27T09:00:00.000Z,MCT2408024,15.148056,74.131667,39.48,216.373132,523.92,77.02826039999997,16.474695999999998,7.360749999999999,5.3196,17.750000000000004,10.150000000000002,2.4208000000000003,29.362116399999994
2026-07-27T09:00:14.889Z,MCT2408024,15.148056,74.131667,39,214.4678,554,77.33588,16.29749,6.262626,6,19.99,10.99,2.4,29.31964
2026-07-27T08:10:00.000Z,MCT2408045,15.619444,73.878889,27.6875,178.11999999999995,417.625,82.43708000000002,11.592500000000001,17.189999999999998,3.870000000000001,14.081875,7.8825,2.5300000000000002,29.892765
2026-07-27T08:20:00.000Z,MCT2408045,15.619444,73.878889,26.333333333333332,179.9253333333333,413,82.83514333333333,10.856666666666664,19,3.825333333333334,14.032000000000004,7.841333333333336,2.5300000000000002,29.634246666666666
2026-07-27T08:30:00.000Z,MCT2408045,15.619444,73.878889,26.9375,178.11999999999995,416.375,83.298725625,12.024375000000003,18.124999999999996,3.8687500000000012,14.010625000000001,7.74,2.5300000000000002,29.575035624999995
2026-07-27T08:40:00.000Z,MCT2408045,15.619444,73.878889,27.1875,178.11999999999995,416.625,83.32685937500001,12.196875,17.9075,4.090625000000001,14.794374999999999,8.200000000000001,2.5300000000000002,29.81501
2026-07-27T08:50:00.000Z,MCT2408045,15.619444,73.878889,26.6875,178.11999999999995,409.1875,82.69648000000002,11.838749999999997,17.633125,3.933750000000001,14.438125,8.165000000000001,2.5300000000000002,30.173630625
2026-07-27T09:00:00.000Z,MCT2408045,15.619444,73.878889,26.4375,178.11999999999995,416.4375,82.2792475,11.605625,18.101250000000004,3.5531250000000014,13.618750000000002,7.77625,2.5300000000000002,30.414943750000003
2026-07-27T08:10:00.000Z,MCT2408022,15.475833,74.038889,27.9375,150,445.25,83.78605312500002,4.96875,10.974084375,8.6875,27.5625,15.3125,4.2938333125,29.21909625
2026-07-27T08:20:00.000Z,MCT2408022,15.475833,74.038889,26.75,150,444.3125,83.31255499999999,4.916875,11.069402500000002,7.6875,25.0625,14.3125,4.288541875,29.336401875
2026-07-27T08:30:00.000Z,MCT2408022,15.475833,74.038889,26.466666666666665,150,442.46666666666664,83.22932866666666,4.792666666666666,11.132864666666666,7.533333333333333,24.466666666666665,13.933333333333334,4.262763133333334,29.35181933333333
2026-07-27T08:40:00.000Z,MCT2408022,15.475833,74.038889,26.0625,150,445.9375,83.13421625,4.817500000000001,11.068588125,7.25,23.5,13.25,4.265201124999999,29.345115000000003
2026-07-27T08:50:00.000Z,MCT2408022,15.475833,74.038889,26.375,150,446.9375,83.42461062500001,4.7125,11.154554999999998,7.375,24.375,14,4.280854,29.183569999999996
2026-07-27T09:00:00.000Z,MCT2408022,15.475833,74.038889,26.5,150,443.5,84.20280875,4.784375000000001,11.2675075,7.4375,24.4375,14,4.2605735,29.116537500000003
2026-07-27T09:00:15.066Z,MCT2408022,15.475833,74.038889,28,150,443,84.30914,4.9,10.94177,8,27,16,4.126697,29.19094
2026-07-27T08:10:00.000Z,MCT2408032,15.525556,73.828611,35.5,224.3095833333334,737.25,72.20224833333333,15.178750000000003,45.47125,7.120000000000002,17.36583333333333,7.373750000000002,4.732500000000001,31.14648541666668
2026-07-27T08:20:00.000Z,MCT2408032,15.525556,73.828611,35.68,223.424,744.64,73.03594960000001,15.397200000000003,45.5216,7.176800000000003,19.967999999999996,9.853200000000005,4.670399999999999,31.02493000000001
2026-07-27T08:30:00.000Z,MCT2408032,15.525556,73.828611,35.52,203.63520000000005,749.6,74.5642696,15.154800000000005,44.7372,7.233600000000001,21.218799999999998,10.988000000000001,3.9939999999999993,30.955862800000006
2026-07-27T08:40:00.000Z,MCT2408032,15.525556,73.828611,34.64,194.38279999999995,742.68,75.21551480000002,14.455600000000002,44.7808,7.120000000000002,19.4568,9.456000000000003,3.4572000000000003,31.02321440000001
2026-07-27T08:50:00.000Z,MCT2408032,15.525556,73.828611,34.52,196.2624,749.88,76.1224976,14.391200000000003,44.00959999999999,7.120000000000002,18.376399999999997,8.381200000000002,3.4487999999999994,31.004767199999996
2026-07-27T09:00:00.000Z,MCT2408032,15.525556,73.828611,35.16,188.1796,740.48,77.5012824,14.893600000000006,43.953599999999994,9.113199999999999,25.6576,12.741600000000004,3.3316,30.692026799999997
2026-07-27T09:00:15.086Z,MCT2408032,15.525556,73.828611,32,178.93,738,78.198,12.48,43.65,7.12,22.76,12.74,3.32,30.48868
2026-07-27T08:10:00.000Z,MCT2408036,15.171567,74.067106,36.625,120,456.8125,75.99262624999999,12.638124999999999,8.85125,2.860625,9.815625,5.889375,11.364374999999999,31.969413125000003
2026-07-27T08:20:00.000Z,MCT2408036,15.171567,74.067106,37.3125,120,455.75,74.86681375,12.748749999999998,9.296249999999999,2.63,8.360624999999997,4.8112499999999985,11.763124999999999,31.423103124999997
2026-07-27T08:30:00.000Z,MCT2408036,15.171567,74.067106,37.75,120,451,79.23511812500001,13.358125000000001,9.738750000000001,2.696249999999999,8.644375,4.9712499999999995,11.985624999999997,29.107153124999996
2026-07-27T08:40:00.000Z,MCT2408036,15.171567,74.067106,36.8,120,457.4,83.895122,12.576666666666666,9.208666666666664,2.7006666666666663,8.849333333333332,5.166666666666667,11.502666666666668,28.109138666666663
2026-07-27T08:50:00.000Z,MCT2408036,15.171567,74.067106,35.875,120,459.25,85.62950437500001,11.811249999999998,8.613125,2.8618749999999995,9.78375,5.793749999999999,10.85375,28.02861
2026-07-27T09:00:00.000Z,MCT2408036,15.171567,74.067106,35.875,120,451.9375,85.89224312499996,11.157500000000002,8.0525,3.453125,11.714375,6.934375,10.860625000000002,28.235738125
2026-07-27T08:10:00.000Z,MCT2408031,15.290833,74.149167,19.4375,196.16236875,530.6875,74.3203575,8.926044749999999,8.813863562500002,5.120000000000001,13.91125,7.8862499999999995,6.606875,33.09621875
2026-07-27T08:20:00.000Z,MCT2408031,15.290833,74.149167,20.625,205.625075,543.4375,75.62689125,9.4374205625,9.737514874999997,5.922499999999999,15.733749999999997,8.691875000000001,7.475625,31.147602499999994
2026-07-27T08:30:00.000Z,MCT2408031,15.290833,74.149167,19.066666666666666,193.75003999999998,541.0666666666667,80.35558999999999,8.843468199999997,6.909414733333334,5.206,14.259999999999998,8.190666666666667,6.271333333333333,29.324648666666665
2026-07-27T08:40:00.000Z,MCT2408031,15.290833,74.149167,17.5625,166.15459375,542.25,82.208199375,7.9219011875000005,6,4.940625000000001,13.449374999999998,7.679375000000001,5.008124999999999,28.759258125
2026-07-27T08:50:00.000Z,MCT2408031,15.290833,74.149167,17.875,159.4152,552.5625,83.6320325,7.6591531250000005,6.3111006875,5.237500000000001,14.266249999999998,8.126875,4.369999999999999,28.426110625000003
2026-07-27T09:00:00.000Z,MCT2408031,15.290833,74.149167,18,170.81578125,544.1875,84.641975,7.4738700625,6.3720938125,5.208124999999999,14.21125,8.096874999999999,4.075624999999999,28.204232500000003
2026-07-27T09:00:15.112Z,MCT2408031,15.290833,74.149167,18,159.5661,544,85.07208,7.1875,14.59529,6.19,16.96,9.52,4.01,28.16133
2026-07-27T08:10:00.000Z,MCT2408035,15.236111,74.125,53.9375,201.438275,564.4375,70.3101575,27.825639374999998,100.89009187500001,3.799999999999999,10.19,4.909999999999998,3.8299999999999987,34.189508125
2026-07-27T08:20:00.000Z,MCT2408035,15.236111,74.125,55.375,203.96760625,553.6875,71.19278187500001,29.08180125,107.36051437500002,3.799999999999999,10.19,4.909999999999998,3.8299999999999987,32.852893125
2026-07-27T08:30:00.000Z,MCT2408035,15.236111,74.125,54.25,211.25900000000001,578.125,75.851483125,27.078103125000002,110.99296437500001,3.799999999999999,10.19,4.909999999999998,3.8299999999999987,30.347243124999995
2026-07-27T08:40:00.000Z,MCT2408035,15.236111,74.125,48.25,193.07954375,580.125,81.18776625,21.955798124999998,88.29303499999999,3.799999999999999,10.19,4.909999999999998,3.8299999999999987,29.002585
2026-07-27T08:50:00.000Z,MCT2408035,15.236111,74.125,42.5625,190,583.0625,83.400290625,17.1898225,72.15921875000001,3.799999999999999,10.19,4.909999999999998,3.8299999999999987,28.674126250000004
2026-07-27T09:00:00.000Z,MCT2408035,15.236111,74.125,40.8125,190,558.625,84.48462062499999,15.626740625000002,62.986634374999994,3.799999999999999,10.590625,5.3081249999999995,3.8299999999999987,28.635918125000003
2026-07-27T08:10:00.000Z,MCT2408039,15.163611,74.110833,29,355.77062500000005,430.8125,74.066205625,4.00125,10.3,9.019999999999998,28.94,11.759999999999998,2.3,33.43607
2026-07-27T08:20:00.000Z,MCT2408039,15.163611,74.110833,29,354.83562499999994,435.5,72.58371625000001,3.254375000000001,10.3,9.019999999999998,28.94,11.759999999999998,2.3,33.667328749999996
2026-07-27T08:30:00.000Z,MCT2408039,15.163611,74.110833,29,434.45687499999997,440.5,71.032566875,5.508125,10.3,9.019999999999998,28.94,11.759999999999998,2.3,32.47751375
2026-07-27T08:40:00.000Z,MCT2408039,15.163611,74.110833,29,399.259375,440.625,75.502436875,4.033125000000001,10.3,9.019999999999998,28.94,11.759999999999998,2.3,30.372714375
2026-07-27T08:50:00.000Z,MCT2408039,15.163611,74.110833,29,269.50562500000007,435.25,78.83076187500001,5.855625,10.3,9.019999999999998,28.94,11.759999999999998,2.3,29.412149375000002
2026-07-27T09:00:00.000Z,MCT2408039,15.163611,74.110833,29,292.938,434.26666666666665,79.90037066666667,9.612666666666666,10.3,9.019999999999998,28.94,11.759999999999998,2.3,29.105142666666666
2026-07-27T09:00:15.290Z,MCT2408039,15.163611,74.110833,29,230.28,436,80.0672,11.26,10.3,9.02,28.94,11.76,2.3,29.06224
2026-07-27T08:10:00.000Z,MCT2408026,15.2467,74.198281,31.25,125,620.5,72.62504374999999,13.708142916666667,12.5,4.730000000000003,15.675416666666669,8.877916666666666,3.2812500000000004,34.010084166666665
2026-07-27T08:20:00.000Z,MCT2408026,15.2467,74.198281,31.52,125,628.48,72.77471960000001,13.842763200000002,12.5,4.918800000000003,15.820800000000004,8.7548,4.2792,33.592521600000005
2026-07-27T08:30:00.000Z,MCT2408026,15.2467,74.198281,31.916666666666668,125,623.0416666666666,74.5314375,14.162562916666666,12.5,5.162083333333336,16.76458333333333,9.239583333333334,5.771666666666666,31.962485833333332
2026-07-27T08:40:00.000Z,MCT2408026,15.2467,74.198281,31.84,125,616.2,78.59686279999998,13.999222799999998,12.5,4.730000000000003,14.934799999999997,8.1352,6.064,30.365984400000006
2026-07-27T08:50:00.000Z,MCT2408026,15.2467,74.198281,31.4,125,604.12,82.95111039999998,13.697804000000001,12.5,5.068800000000002,17.292800000000003,9.834400000000002,4.676799999999998,29.332085600000006
2026-07-27T09:00:00.000Z,MCT2408026,15.2467,74.198281,31.2,125,614.12,85.5698244,13.628357999999999,12.5,5.7860000000000005,19.690399999999997,11.146800000000002,3.3471999999999995,28.953705600000006
2026-07-27T09:00:15.322Z,MCT2408026,15.2467,74.198281,31,125,612,86.28516,13.71608,12.5,5.67,19.34,10.61,3.01,28.89064
2026-07-27T08:10:00.000Z,MCT2408038,15.188889,74.055556,35.5625,366.14875,578.3125,71.290535,15.800000000000002,13.330000000000005,5.950000000000002,16.900000000000002,8.132499999999999,4.7875000000000005,34.267264374999996
2026-07-27T08:20:00.000Z,MCT2408038,15.188889,74.055556,38,458.2266666666667,583.5333333333333,69.612386,17.340666666666667,13.330000000000005,5.950000000000002,16.900000000000002,7.939999999999999,5.028666666666666,32.95330533333333
2026-07-27T08:30:00.000Z,MCT2408038,15.188889,74.055556,36.5625,383.701875,592.375,74.77955125000001,16.144375,13.330000000000005,10.19875,30.07,15.246875000000001,4.955625,30.676368749999995
2026-07-27T08:40:00.000Z,MCT2408038,15.188889,74.055556,35.3125,246.40187499999996,593.6875,79.165976875,14.754375000000001,13.330000000000005,14.598125,42.681875000000005,21.63125,4.793749999999999,29.770098125
2026-07-27T08:50:00.000Z,MCT2408038,15.188889,74.055556,34.0625,308.60499999999996,545,81.32366750000001,14.075000000000001,13.330000000000005,13.939999999999998,40.755624999999995,20.699374999999996,4.704999999999999,29.637376249999996
2026-07-27T09:00:00.000Z,MCT2408038,15.188889,74.055556,35.0625,237.94249999999997,566.8125,82.299275,13.599374999999998,13.330000000000005,15.449374999999998,45.10625000000002,22.734375,4.638749999999999,29.756021249999996
2026-07-27T09:00:15.322Z,MCT2408038,15.188889,74.055556,38,234.82,563,82.24921,15.01,13.33,17.34,50.7,25.35,4.63,29.8559
2026-07-27T11:30:00.000Z,MCT2408057,15.272222,74.104722,29.333333333333332,295.28,565.3333333333334,84.14129666666666,12.943333333333333,8.74,7.746666666666667,23.74666666666667,12.913333333333334,2.1033333333333335,30.1991
2026-07-27T11:40:00.000Z,MCT2408057,15.272222,74.104722,29.16,223.66719999999995,569.72,84.80566359999999,12.702,8.790000000000003,8.6304,26.55239999999999,14.412400000000005,1.9855999999999998,30.1686444
2026-07-27T11:50:00.000Z,MCT2408057,15.272222,74.104722,29.08,297.80199999999996,570.44,84.43182399999999,12.763599999999999,8.723600000000001,6.747600000000001,21.351600000000005,11.934000000000001,1.9311999999999998,30.1493392
2026-07-27T12:00:00.000Z,MCT2408057,15.272222,74.104722,29.2,283.82719999999995,570.56,85.20696960000001,12.8384,8.691200000000004,5.363599999999999,17.323999999999995,9.829600000000001,2.094,29.821150000000006
2026-07-27T12:10:00.000Z,MCT2408057,15.272222,74.104722,29.76,346.6052,567.36,83.3908692,13.214800000000004,8.494,3.8868000000000014,12.642800000000005,7.218399999999999,2.7807999999999997,29.124447999999997
2026-07-27T12:20:00.000Z,MCT2408057,15.272222,74.104722,29.916666666666668,347.64750000000004,559.0416666666666,83.31032875000001,13.222500000000002,8.507499999999997,3.379166666666667,11.28416666666667,6.480833333333333,3.102083333333334,28.3266775
2026-07-27T12:29:07.664Z,MCT2408057,15.272222,74.104722,29.130434782608695,329.3573913043478,563.8260869565217,84.39240260869566,12.746521739130435,8.8195652173913,3.679130434782609,12.414347826086953,7.315652173913043,2.5069565217391307,28.21495652173913
2026-07-27T11:30:00.000Z,MCT2408028,15.186944,74.096667,39,657.265,440,87.28079,16.51,11.325,6.99,26.85,16.9,1.535,30.02214
2026-07-27T11:40:00.000Z,MCT2408028,15.186944,74.096667,40.88,670.574,450.52,85.340942,17.522400000000005,11.789599999999997,7.070000000000001,25.295600000000004,15.230000000000008,2.382,30.912534399999995
2026-07-27T11:50:00.000Z,MCT2408028,15.186944,74.096667,39.44,631.2635999999999,451.08,83.30847160000002,16.68,11.645199999999999,6.830000000000001,25.693600000000007,15.946,2.1923999999999992,31.150631600000008
2026-07-27T12:00:00.000Z,MCT2408028,15.186944,74.096667,37.96,586.9292,453.56,84.29601999999998,15.410799999999995,12.091599999999998,9.549200000000003,33.48919999999999,20.001599999999996,0.7484000000000001,30.1523408
2026-07-27T12:10:00.000Z,MCT2408028,15.186944,74.096667,37.76,602.5964,449.68,86.11059599999999,15.293600000000009,13.4132,9.430000000000003,32.574000000000005,19.167599999999993,1.9371999999999998,29.015051200000006
2026-07-27T12:20:00.000Z,MCT2408028,15.186944,74.096667,43.64,649.9232,454.32,88.25231880000003,16.540799999999994,13.5344,16.260000000000005,55.284800000000004,32.0508,0.6652000000000001,28.57146120000001
2026-07-27T12:29:07.664Z,MCT2408028,15.186944,74.096667,59.78260869565217,660.3717391304348,453.1304347826087,88.9179604347826,16.996956521739133,13.453478260869565,27.273478260869577,89.44695652173914,50.48434782608697,0.581304347826087,28.273246956521735
2026-07-27T11:30:00.000Z,MCT2408020,15.543475,74.039433,25,444.981,689,73.02527,10.20807,20.21388,8.35,28.89,16.73,3.66,33.45953
2026-07-27T11:40:00.000Z,MCT2408020,15.543475,74.039433,22.6875,297.1615125,686.0625,73.05864812499999,9.6392534375,20.2657125,6.262499999999998,22.6025,13.416874999999997,3.6599999999999984,33.28725999999999
2026-07-27T11:50:00.000Z,MCT2408020,15.543475,74.039433,22.75,228.1839875,687.25,74.16157125,10.2279694375,20.8414025,5.684999999999999,19.629999999999995,11.091875000000002,3.6599999999999984,32.5472275
2026-07-27T12:00:00.000Z,MCT2408020,15.543475,74.039433,22.8125,180,684.25,75.607341875,10.35515625,20.448253125,5.5699999999999985,18.058125,9.63875,3.6599999999999984,31.466673749999998
2026-07-27T12:10:00.000Z,MCT2408020,15.543475,74.039433,22,180,677.4375,77.949088125,9.612594,19.782111875,5.5699999999999985,18.581874999999997,10.161874999999998,3.6599999999999984,30.63615
2026-07-27T12:20:00.000Z,MCT2408020,15.543475,74.039433,21.4375,180,685.125,79.92224124999998,9.145599375,19.7644375,5.5699999999999985,18.639999999999997,10.219999999999999,3.6599999999999984,30.100566875000002
2026-07-27T12:29:07.690Z,MCT2408020,15.543475,74.039433,21.714285714285715,180,683.7857142857143,80.77945785714287,9.194310785714288,19.354290714285714,5.966428571428571,19.638571428571428,10.817857142857147,3.659999999999999,29.77086357142857
2026-07-27T11:30:00.000Z,MCT2408056,15.579167,73.920833,21,180,690,77.74786,7.69,17.42958,4.69,19.13,13.12,1.68,31.67916
2026-07-27T11:40:00.000Z,MCT2408056,15.579167,73.920833,19.3125,180.7235625,685.4375,78.45405937500003,7.456875000000001,18.857688312500002,4.866249999999999,17.529374999999998,11.126875000000004,2.45375,31.386905625
2026-07-27T11:50:00.000Z,MCT2408056,15.579167,73.920833,19.625,180,678.125,80.19070124999999,7.473125000000001,14.394366875000001,4.983749999999999,18.156875000000007,11.538125000000003,2.0012499999999998,30.72128
2026-07-27T12:00:00.000Z,MCT2408056,15.579167,73.920833,20.0625,180,689.375,81.72659375,7.320624999999998,13.496332687499999,5.1012499999999985,18.897500000000004,12.066250000000002,1.820625,30.176983125000007
2026-07-27T12:10:00.000Z,MCT2408056,15.579167,73.920833,20.3125,180,698,81.59832374999999,7.374375000000001,12.82922475,5.33625,19.581249999999997,12.417500000000002,1.7631249999999996,29.834448124999994
2026-07-27T12:20:00.000Z,MCT2408056,15.579167,73.920833,20.25,180,683.5,82.11235374999998,7.400625,13.158890812500001,5.33625,19.581249999999997,12.358125000000003,1.7043749999999998,29.540850624999997
2026-07-27T12:29:07.690Z,MCT2408056,15.579167,73.920833,19.866666666666667,180,697.5333333333333,82.82751466666666,7.319999999999999,11.081846,5.003333333333333,18.578666666666667,11.934000000000001,1.7786666666666668,29.31034933333334
2026-07-27T11:30:00.000Z,MCT2408055,15.585833,73.885556,19,116.76,635,77.61816,8.13,36.29771,4.2,13.82,8.18,2,30.93913
2026-07-27T11:40:00.000Z,MCT2408055,15.585833,73.885556,18.933333333333334,112.52666666666667,632,79.44667666666666,8.207333333333333,31.306616666666663,4.293333333333333,14.472666666666665,8.859999999999998,1.8933333333333335,30.578054666666667
2026-07-27T11:50:00.000Z,MCT2408055,15.585833,73.885556,19.266666666666666,108.71666666666667,636,81.07682399999999,8.406000000000002,31.008906666666665,4.8500000000000005,16.22733333333333,10.088,1.6413333333333333,30.070401333333333
2026-07-27T12:00:00.000Z,MCT2408055,15.585833,73.885556,19.818181818181817,104.32090909090911,636.5454545454545,81.41968363636363,8.376363636363637,28.45072909090909,6.23,19.67727272727273,11.773636363636363,1.6063636363636364,29.387895454545458
2026-07-27T12:10:00.000Z,MCT2408055,15.585833,73.885556,19.2,105.19333333333334,639.8666666666667,81.71006133333331,8.502666666666668,27.04071266666666,4.8966666666666665,15.965999999999998,9.767333333333333,1.3373333333333333,29.210248
2026-07-27T12:20:00.000Z,MCT2408055,15.585833,73.885556,20.0625,105.23750000000003,641.6875,82.891983125,9.07625,25.487835,5.245000000000001,16.776875,10.18,1.3599999999999999,28.83500374999999
2026-07-27T12:29:07.715Z,MCT2408055,15.585833,73.885556,19.545454545454547,103.93181818181819,640,83.53163909090908,8.612727272727273,24.486468181818182,5.024545454545454,16.029999999999998,9.602727272727272,1.51,28.48113818181819
2026-07-27T11:30:00.000Z,MCT2408052,15.444425,74.063856,29.5,160,562.5,79.9375,3.8803505,8,9.7,27.415,13.115,2,28.327575
2026-07-27T11:40:00.000Z,MCT2408052,15.444425,74.063856,31,160,605,82.056565,3.7383330624999997,8,10.431249999999999,30.065624999999994,14.73375,2,28.390582499999997
2026-07-27T11:50:00.000Z,MCT2408052,15.444425,74.063856,31.466666666666665,160,598.4666666666667,83.41955666666667,3.5510176,8,10.747333333333334,31.011333333333337,15.187999999999999,2,28.493097333333328
2026-07-27T12:00:00.000Z,MCT2408052,15.444425,74.063856,30.75,160,595.8125,84.39974125,3.6407456875000004,8,10.473125,29.614375000000003,14.239375000000003,2,28.477054999999993
2026-07-27T12:10:00.000Z,MCT2408052,15.444425,74.063856,31.3125,160,591.75,84.36445625000002,3.5425880000000007,8,10.745000000000001,30.626875000000005,14.821875,2,28.781378125000003
2026-07-27T12:20:00.000Z,MCT2408052,15.444425,74.063856,30.75,160,608.4375,83.17665437500001,3.6157456875000005,8,10.3675,29.526875,14.281875000000001,2,29.312941874999996
2026-07-27T12:29:07.919Z,MCT2408052,15.444425,74.063856,30.733333333333334,160,582,82.69425599999998,3.6531464000000016,8,10.367333333333333,29.471333333333337,14.222000000000001,2,29.41831666666667
2026-07-27T11:30:00.000Z,MCT2408053,15.263333,74.110833,42,147.56754999999998,566.5,87.265535,18.77,31.025000000000002,5.05,18.96,12.969999999999999,6.140000000000001,29.609225000000002
2026-07-27T11:40:00.000Z,MCT2408053,15.263333,74.110833,43.875,171.17750625,566.125,87.75047687500002,20.325,29.22874999999999,7.05875,24.793125,16.285625,6.081875,29.614585625
2026-07-27T11:50:00.000Z,MCT2408053,15.263333,74.110833,44.75,146.22185000000002,561.3125,87.365193125,21.113749999999996,28.547499999999996,5.221875000000001,18.291874999999997,12.12625,6.16125,29.64877125
2026-07-27T12:00:00.000Z,MCT2408053,15.263333,74.110833,44,140.09079375000002,571.75,87.75190749999999,20.441875000000003,27.661874999999995,4.935000000000001,16.4075,10.433125,6.1225000000000005,29.528785000000003
2026-07-27T12:10:00.000Z,MCT2408053,15.263333,74.110833,50.375,222.377525,548.875,84.93809125,25.840625,28.930000000000003,4.590000000000002,12.518749999999997,6.628749999999999,7.034375000000001,29.005263750000005
2026-07-27T12:20:00.000Z,MCT2408053,15.263333,74.110833,43.5,190.865725,570.375,86.04673812499999,19.99,29.238749999999996,4.590000000000002,11.973124999999996,5.993125,7.0375000000000005,28.086928124999996
2026-07-27T12:29:07.919Z,MCT2408053,15.263333,74.110833,35.57142857142857,114.84233571428571,590.4285714285714,88.39795285714284,13.372857142857143,25.077857142857148,4.852857142857144,15.069999999999999,9.105714285714285,6.762857142857143,27.700919285714285
2026-07-27T11:30:00.000Z,MCT2408021,15.500556,74.053333,48,375,545,76.23724,20.01,14.13875,3.81,13.48,9.52,4.24,32.08672
2026-07-27T11:40:00.000Z,MCT2408021,15.500556,74.053333,48.375,375,545.6875,76.108975,20.170624999999998,13.429914375000001,4.851875,15.624375,10.238125,4.213125000000001,32.1584425
2026-07-27T11:50:00.000Z,MCT2408021,15.500556,74.053333,47.25,375,542.5625,75.8734175,19.200000000000003,13.047814375000002,4.998124999999999,16.141875000000002,10.566875000000001,4.296250000000001,31.793788749999997
2026-07-27T12:00:00.000Z,MCT2408021,15.500556,74.053333,47.1875,375,542.625,76.712173125,19.18625,13.181781249999997,2.889375,8.967500000000001,5.504374999999999,4.436249999999999,30.884837499999996
2026-07-27T12:10:00.000Z,MCT2408021,15.500556,74.053333,47.5625,375,543.8125,78.26809187500002,19.31125,13.485086875,2.86,8.831875,5.385625,4.3875,30.15352
2026-07-27T12:20:00.000Z,MCT2408021,15.500556,74.053333,47.875,375,538.0625,80.353778125,19.663124999999997,13.686708750000001,2.86,9.294374999999999,5.889999999999999,4.306875,29.528115000000003
2026-07-27T12:29:07.947Z,MCT2408021,15.500556,74.053333,48.142857142857146,375,546.9285714285714,81.56310642857143,19.835714285714285,14.144652142857144,2.9942857142857138,9.875714285714285,6.392142857142855,4.267857142857143,29.227713571428573
2026-07-27T11:30:00.000Z,MCT2408043,15.221111,74.087222,57,166.26,600,78.8999,24.16,33.46,11.4,42.49,25.62,5.29,31.66844
2026-07-27T11:40:00.000Z,MCT2408043,15.221111,74.087222,57,128.05874999999997,617.1875,79.79826375,24.328750000000003,34.264375,15.830625,52.706250000000004,29.464374999999997,5.290000000000001,31.31451125
2026-07-27T11:50:00.000Z,MCT2408043,15.221111,74.087222,57,114.20937500000001,621.8125,81.18538375000001,24.253750000000004,33.352500000000006,10.68625,38.14000000000001,22.66,5.290000000000001,30.832554375000004
2026-07-27T12:00:00.000Z,MCT2408043,15.221111,74.087222,56.0625,201.733125,595.3125,78.29813375,23.840000000000003,32.974999999999994,7.3618749999999995,27.759999999999998,16.9725,5.290000000000001,30.344561249999998
2026-07-27T12:10:00.000Z,MCT2408043,15.221111,74.087222,56.666666666666664,138.01666666666668,587.9333333333333,79.94716466666667,24.17066666666667,32.732,7.854,28.83933333333333,17.249333333333333,5.290000000000001,29.428324666666665
2026-07-27T12:20:00.000Z,MCT2408043,15.221111,74.087222,58.5,131.81062500000002,605.0625,82.112354375,24.179375,32.975625,14.721874999999999,48.92375,27.3825,5.290000000000001,29.049506875000002
2026-07-27T12:29:07.949Z,MCT2408043,15.221111,74.087222,57,131.44571428571427,596,82.82468142857144,24.33142857142857,32.66428571428572,9.862142857142858,35.77214285714286,21.41428571428571,5.29,28.92358357142857
2026-07-27T11:30:00.000Z,MCT2408051,15.486528,74.033889,50,340.49,564,87.57452,20.84,5.19,3.73,10.57,4.98,4.39,28.81556
2026-07-27T11:40:00.000Z,MCT2408051,15.486528,74.033889,50.9375,354.746875,575.8125,88.6888925,21.44,5.1899999999999995,3.7299999999999986,10.569999999999997,4.980000000000002,4.39,28.765960625
2026-07-27T11:50:00.000Z,MCT2408051,15.486528,74.033889,50.8125,357.165625,585.6875,90.769809375,21.328750000000007,5.1899999999999995,3.7299999999999986,10.686249999999996,5.096250000000002,4.46125,28.491129999999995
2026-07-27T12:00:00.000Z,MCT2408051,15.486528,74.033889,50.1875,350.60437500000006,590.5,90.37260375000001,20.894999999999996,5.1899999999999995,3.7299999999999986,10.569999999999997,4.980000000000002,4.39,28.0219075
2026-07-27T12:10:00.000Z,MCT2408051,15.486528,74.033889,51,363.65375000000006,590.9375,91.11694749999998,21.473750000000003,5.1899999999999995,3.7299999999999986,10.569999999999997,4.980000000000002,4.39,27.92404250000001
2026-07-27T12:20:00.000Z,MCT2408051,15.486528,74.033889,51.4375,372.1525,592.625,91.90182249999998,21.738124999999997,5.1899999999999995,3.7299999999999986,10.569999999999997,4.980000000000002,4.39,27.929403125
2026-07-27T12:29:07.973Z,MCT2408051,15.486528,74.033889,51.357142857142854,367.7800000000001,592.5714285714286,92.293305,21.665714285714284,5.1899999999999995,3.729999999999999,10.569999999999997,4.980000000000002,4.39,27.887845714285714
2026-07-27T11:30:00.000Z,MCT2408050,15.553611,73.958333,27,86.03,474,79.1593,11.96,3.97,5.94,21.47,12.76,2.73,32.36557
2026-07-27T11:40:00.000Z,MCT2408050,15.553611,73.958333,27.9375,86.12062499999998,467.25,77.96291749999999,12.631875,3.6656249999999995,4.77125,17.9275,10.9,3.4975000000000005,31.958688749999997
2026-07-27T11:50:00.000Z,MCT2408050,15.553611,73.958333,27.75,86.06687499999998,474.0625,78.918975625,12.427500000000002,3.4168749999999997,4.6118749999999995,17.2275,10.36875,3.655,31.161009375
2026-07-27T12:00:00.000Z,MCT2408050,15.553611,73.958333,27.3125,86.02999999999999,483.625,80.900235,12.090000000000002,3.6574999999999998,4.824375,17.980000000000004,10.846875,3.303125,30.496723124999995
2026-07-27T12:10:00.000Z,MCT2408050,15.553611,73.958333,26.9375,86.02999999999999,484.9375,82.74511687500001,11.68,3.7718750000000005,6.5756250000000005,23.185,13.503750000000002,2.94625,29.9282925
2026-07-27T12:20:00.000Z,MCT2408050,15.553611,73.958333,26.866666666666667,86.02999999999999,476.73333333333335,83.90682,11.797333333333333,3.7866666666666657,5.543333333333333,20.038666666666664,11.910000000000002,2.51,29.539151333333333
2026-07-27T12:29:08.169Z,MCT2408050,15.553611,73.958333,26.666666666666668,86.02999999999999,492.53333333333336,84.85896866666666,11.554666666666666,3.8453333333333335,5.543333333333334,19.75,11.513333333333334,2.2499999999999996,29.072967333333334
2026-07-27T11:30:00.000Z,MCT2408034,15.356389,74.123611,47,180,421,75.06231500000001,20.68,5.54,14.125,44.545,23.445,1.11,32.563985
2026-07-27T11:40:00.000Z,MCT2408034,15.356389,74.123611,53.04,181.247956,428,73.74426239999998,25.974399999999996,5.7116,10.1708,33.6128,18.7164,1.6023999999999998,32.2909244
2026-07-27T11:50:00.000Z,MCT2408034,15.356389,74.123611,57.96,182.27995599999997,426.08,72.3871464,30.072400000000002,6.911999999999998,12.177999999999999,39.652,21.641199999999998,2.1328000000000005,31.787274400000005
2026-07-27T12:00:00.000Z,MCT2408034,15.356389,74.123611,67.16666666666667,184.3804875,425.5833333333333,74.07558208333334,32.915416666666665,7.170416666666667,22.36833333333333,70.37666666666668,37.38791666666668,1.6087499999999997,31.17285166666666
2026-07-27T12:10:00.000Z,MCT2408034,15.356389,74.123611,56.6,196.21265599999995,421.4,75.5789796,29.069199999999995,5.436800000000002,9.623999999999997,31.47400000000001,17.402399999999997,1.7496,30.4530712
2026-07-27T12:20:00.000Z,MCT2408034,15.356389,74.123611,56.583333333333336,183.64534166666667,422.375,76.35867791666666,20.040416666666662,3.7412500000000004,21.911666666666665,67.64083333333333,35.27916666666667,1.5262499999999999,30.325121249999995
2026-07-27T12:29:08.174Z,MCT2408034,15.356389,74.123611,47.130434782608695,180,431.4347826086956,76.93284521739129,20.296956521739126,3.422608695652173,16.40608695652174,51.41739130434781,27.23304347826087,1.1517391304347824,30.488678695652172
2026-07-27T11:30:00.000Z,MCT2408030,15.142519,74.075003,28,163,422,82.1958,8.73,6.2,9.37,25.55,13.25,3.29,30.40288
2026-07-27T11:40:00.000Z,MCT2408030,15.142519,74.075003,29.625,163,427.0625,82.218213125,8.335625,6.200000000000002,10.015,29.483749999999993,16.271875,3.784375,30.51079875
2026-07-27T11:50:00.000Z,MCT2408030,15.142519,74.075003,28.0625,163.008925,422.0625,81.64314562500002,8.222499999999998,6.200000000000002,9.370000000000001,26.346249999999998,14.081875,4.043749999999999,30.586548124999997
2026-07-27T12:00:00.000Z,MCT2408030,15.142519,74.075003,30.933333333333334,163,426.26666666666665,81.48372466666666,8.380000000000003,6.200000000000002,10.433333333333334,31.933333333333334,18.113333333333333,4.198666666666666,30.435052666666667
2026-07-27T12:10:00.000Z,MCT2408030,15.142519,74.075003,29.75,163,424.3125,81.571144375,8.271875000000001,6.200000000000002,9.78125,29.482500000000005,16.625625000000003,4.217499999999999,30.257420624999998
2026-07-27T12:20:00.000Z,MCT2408030,15.142519,74.075003,27.8,164.29999333333336,419.46666666666664,80.38865133333333,8.417333333333335,6.200000000000002,9.370000000000001,25.974666666666664,13.696,4.461333333333333,30.080412
2026-07-27T12:29:08.194Z,MCT2408030,15.142519,74.075003,27,166.66426666666666,420.6666666666667,79.26763933333334,8.213333333333333,6.200000000000002,9.370000000000001,24.639999999999993,12.31,4.894,29.730058666666668
2026-07-27T11:30:00.000Z,MCT2408029,15.333611,74.206944,12,542.8263999999999,711.5,90.28296,6.37,8.01,3.53,11.27,6.175,3.5,28.917455
2026-07-27T11:40:00.000Z,MCT2408029,15.333611,74.206944,12.2,540.7360533333333,711.7333333333333,89.90199666666666,3.721333333333333,8.072,3.4513333333333334,11.097333333333333,6.194666666666666,3.5,29.168062666666664
2026-07-27T11:50:00.000Z,MCT2408029,15.333611,74.206944,16.25,558.24739375,715.8125,89.01218874999998,2.8112499999999994,8.143125,6.8393749999999995,21.098750000000003,11.653749999999999,3.504375,29.273391250000003
2026-07-27T12:00:00.000Z,MCT2408029,15.333611,74.206944,14.125,529.48083125,710.625,89.33834562499999,2.8175,7.54125,4.779999999999999,15.136875000000002,8.56625,3.78,28.959013124999995
2026-07-27T12:10:00.000Z,MCT2408029,15.333611,74.206944,12.75,517.7550062500002,712.25,90.00305499999999,4.165,7.646875,3.345625,11.453125000000002,6.765000000000001,3.6725,28.371813749999998
2026-07-27T12:20:00.000Z,MCT2408029,15.333611,74.206944,12.4375,514.57819375,714.0625,89.37315437500003,2.6918750000000005,7.17375,3.3825,11.018125,6.322500000000001,3.646875,28.001128124999997
2026-07-27T12:29:08.205Z,MCT2408029,15.333611,74.206944,12.428571428571429,508.3292285714286,716.5,90.13309642857145,2.4564285714285714,7.1499999999999995,3.445714285714286,11.767142857142858,6.933571428571429,3.757857142857143,27.46267071428571
2026-07-27T11:30:00.000Z,MCT2408023,15.499722,74.020833,38,231.29,466,78.15222,12.34,15.77,8.87,31.66,21.75,5.25,31.62554
2026-07-27T11:40:00.000Z,MCT2408023,15.499722,74.020833,36.3125,224.15625,460.0625,78.1808325,12.181250000000002,15.581250000000002,7.761875000000001,28.1,19.393749999999997,5.1918750000000005,31.626878125000005
2026-07-27T11:50:00.000Z,MCT2408023,15.499722,74.020833,33.5,254.588125,469.4375,78.44929125,12.966875,13.368749999999999,6.497500000000002,23.271874999999998,16.13125,5.668750000000001,30.920364999999997
2026-07-27T12:00:00.000Z,MCT2408023,15.499722,74.020833,34.75,232.09375000000006,477.25,80.62796000000003,12.125,15.390624999999996,7.526250000000002,26.042499999999997,17.581249999999997,5.535,29.91756875
2026-07-27T12:10:00.000Z,MCT2408023,15.499722,74.020833,34.625,226.84562499999998,471.9375,81.626456875,12.168124999999998,16.554374999999997,6.9725,25.0925,17.400000000000002,5.251250000000001,29.466446249999997
2026-07-27T12:20:00.000Z,MCT2408023,15.499722,74.020833,33.4375,229.67000000000002,479.6875,82.70601625,11.515625,17.555,6.418750000000001,23.11375,16.131249999999998,4.95,29.308916874999998
2026-07-27T12:29:08.228Z,MCT2408023,15.499722,74.020833,34.857142857142854,222.08,471.64285714285717,83.56800071428572,11.065,17.404285714285717,6.7007142857142865,24.877142857142854,17.607142857142858,4.897857142857143,29.135017857142856
2026-07-27T11:30:00.000Z,MCT2408040,15.528056,74.020833,19.5,100,446.5,78.445955,8.775,4.859999999999999,3.07,8.42,3.73,3.5,31.77033
2026-07-27T11:40:00.000Z,MCT2408040,15.528056,74.020833,19.375,100,450.5,77.756446875,8.485,4.94125,3.07,8.63875,3.9393749999999996,3.5,31.926513750000005
2026-07-27T11:50:00.000Z,MCT2408040,15.528056,74.020833,19.6875,100,451.375,77.56475937500001,8.772499999999999,5.096249999999999,3.07,8.42,3.7299999999999986,3.5,31.21664375
2026-07-27T12:00:00.000Z,MCT2408040,15.528056,74.020833,19.5625,100,457.8125,79.07442499999999,8.477500000000001,5.113124999999999,3.07,8.42,3.7324999999999986,3.5,30.465219375000004
2026-07-27T12:10:00.000Z,MCT2408040,15.528056,74.020833,19,100,456.1875,79.79635499999999,8.143125,5.032500000000001,3.07,8.42,3.7312499999999984,3.5,30.113301875
2026-07-27T12:20:00.000Z,MCT2408040,15.528056,74.020833,19.0625,100,459.8125,80.594104375,8.150000000000002,4.9224999999999985,3.07,8.42,3.7299999999999986,3.5,29.75736125
2026-07-27T12:29:08.423Z,MCT2408040,15.528056,74.020833,18.785714285714285,100,460.57142857142856,81.84048785714285,7.985714285714287,4.89,3.07,8.42,3.729999999999999,3.5,29.431495
2026-07-27T11:30:00.000Z,MCT2408027,15.275556,74.1075,32,1149.26,474,85.07971,6.58,12.75,9.86,32.53,18.77,2.95,30.39215
2026-07-27T11:40:00.000Z,MCT2408027,15.275556,74.1075,33.625,1133.658125,527.75,85.1331175,6.579999999999999,12.485000000000003,11.21625,36.348749999999995,20.441875,2.9500000000000006,30.366010000000003
2026-07-27T11:50:00.000Z,MCT2408027,15.275556,74.1075,43.3125,1128.3143750000002,503.4375,85.54987187500001,6.579999999999999,12.690625000000002,17.875,55.3225,29.706875,2.9500000000000006,30.166256875
2026-07-27T12:00:00.000Z,MCT2408027,15.275556,74.1075,37.1875,1140.4312499999999,521.1875,85.18461625,6.579999999999999,12.998750000000003,13.620625000000002,43.24812499999999,23.716250000000002,2.9500000000000006,29.839810625000002
2026-07-27T12:10:00.000Z,MCT2408027,15.275556,74.1075,26.0625,1160.5206249999999,538.9375,84.799330625,6.579999999999999,13.330625000000005,6.041250000000002,21.625625,12.784375,2.9500000000000006,28.748532499999996
2026-07-27T12:20:00.000Z,MCT2408027,15.275556,74.1075,25.625,1160.5074999999997,558.9375,87.77861,6.579999999999999,13.685624999999998,5.855,20.822499999999998,12.415,2.9500000000000006,27.32678625
2026-07-27T12:29:08.422Z,MCT2408027,15.275556,74.1075,27.142857142857142,1168.5992857142858,518.7857142857143,89.19903928571429,6.579999999999999,13.512142857142859,7.4664285714285725,24.572142857142858,14.115,2.95,27.020642857142853
2026-07-27T11:30:00.000Z,MCT2408049,15.475278,74.055833,57,150,456,75.85577,24.22,7.96,5.37,16.09,8.44,2.61,30.04895
2026-07-27T11:40:00.000Z,MCT2408049,15.475278,74.055833,56.1875,150.961675,451.4375,76.88526562499999,23.78875,10.8475,5.939374999999998,18.67375,10.4525,2.61,30.109281249999995
2026-07-27T11:50:00.000Z,MCT2408049,15.475278,74.055833,56.5625,150,455.3125,78.69343124999999,24.008125000000003,12.980625,6.323124999999999,20.444375,11.606250000000001,2.61,29.810988750000003
2026-07-27T12:00:00.000Z,MCT2408049,15.475278,74.055833,56.25,157.58658125,448.4375,81.09859812500001,23.871250000000003,13.501875,6.851249999999999,21.976875,12.277499999999998,2.61,29.150053124999996
2026-07-27T12:10:00.000Z,MCT2408049,15.475278,74.055833,56.625,152.29209999999998,450.6875,82.14620874999997,24.1575,13.934375000000003,6.3706249999999995,20.54,11.653749999999997,2.61,29.229820625000002
2026-07-27T12:20:00.000Z,MCT2408049,15.475278,74.055833,56.5,153.70516874999998,442.6875,81.46242499999998,24.070625000000003,13.457500000000003,6.322500000000001,20.444375000000004,11.653124999999998,2.61,29.517390000000006
2026-07-27T12:29:08.446Z,MCT2408049,15.475278,74.055833,56.46666666666667,150.80355999999998,448.8666666666667,80.95170066666668,24.063333333333333,13.780000000000001,5.317333333333333,17.721333333333334,10.124666666666666,2.61,29.537721999999995
2026-07-27T11:30:00.000Z,MCT2408044,15.313669,74.140042,25,214.29,441,86.75055,10.3,3.32,2.87,8,4.86,3.09359,29.26602
2026-07-27T11:40:00.000Z,MCT2408044,15.313669,74.140042,25,214.29,434.625,87.19639187500002,10.293750000000001,3.3924999999999996,3.0149999999999997,8.84375,5.509375,3.5167468124999997,29.217756250000004
2026-07-27T11:50:00.000Z,MCT2408044,15.313669,74.140042,24.9375,214.29,443.3125,88.10619812499998,10.170000000000002,3.71125,3.303750000000001,9.84375,6.118125,3.629567375,28.9603525
2026-07-27T12:00:00.000Z,MCT2408044,15.313669,74.140042,24.9375,214.29,439.4375,85.66336125,10.023750000000003,3.7793750000000004,2.8699999999999997,8,4.8625,4.816826687499999,28.2216625
2026-07-27T12:10:00.000Z,MCT2408044,15.313669,74.140042,24.875,214.29,438.25,87.873025,10.124375,3.37875,2.90625,8.03125,4.828125,4.7329324375,27.35829125
2026-07-27T12:20:00.000Z,MCT2408044,15.313669,74.140042,25.0625,214.29,433.5625,89.49141,10.386875000000002,3.3343749999999996,2.90625,7.9375,4.726874999999999,4.19423075,26.75902625
2026-07-27T12:29:08.448Z,MCT2408044,15.313669,74.140042,25.285714285714285,214.29,437.57142857142856,89.92982642857143,10.558571428571428,3.35,2.9114285714285715,8.178571428571429,4.979285714285714,4.271977928571429,26.57708142857143
2026-07-27T11:30:00.000Z,MCT2408046,15.529167,74.07,31,237.04,607,83.530945,13.491955,8.948529,5,12,5,3.565,30.55303
2026-07-27T11:40:00.000Z,MCT2408046,15.529167,74.07,31.16,237.04,611.12,82.3364876,13.4691312,14.26941308,5,12,5.031578960000001,3.7028,30.877355599999998
2026-07-27T11:50:00.000Z,MCT2408046,15.529167,74.07,30.4,237.04,613.76,81.77587920000002,12.927336400000002,24.8294128,5,12,5.01052632,3.9159999999999995,30.896661599999998
2026-07-27T12:00:00.000Z,MCT2408046,15.529167,74.07,29.52,237.04,608.16,81.55340600000001,12.2088372,40.49176359999999,5,12.2,5.210526320000001,4.422000000000001,29.839596799999995
2026-07-27T12:10:00.000Z,MCT2408046,15.529167,74.07,30.68,244.1184,617.96,86.06512560000002,13.097158400000001,26.0523536,5,12.24,5.284210640000001,3.8676000000000004,28.89107
2026-07-27T12:20:00.000Z,MCT2408046,15.529167,74.07,31.08,291.0572,626.4,87.279114,13.5916652,19.344707199999995,5,12.32,5.368421199999999,3.5432,28.619080000000007
2026-07-27T12:29:08.482Z,MCT2408046,15.529167,74.07,31.130434782608695,327.15043478260856,625.7826086956521,87.8690847826087,13.598276956521735,15.476983347826087,5,12.91304347826087,5.949656913043479,3.460869565217391,28.374904347826085
2026-07-27T11:30:00.000Z,MCT2408037,15.394444,74.118333,27,160,422,79.71625,11.96,217.18,5.95,22.08,11.99,4.22,30.1562
2026-07-27T11:40:00.000Z,MCT2408037,15.394444,74.118333,26.125,161.0395125,420.375,79.63661562499999,11.176875,212.38000000000005,4.46,17.989375,9.880625,4.2162500000000005,29.585761249999997
2026-07-27T11:50:00.000Z,MCT2408037,15.394444,74.118333,27.25,160,421.375,81.712286875,10.680625000000001,212.92312500000003,7.340625000000001,25.859375,12.973125,3.7887499999999994,28.947618749999997
2026-07-27T12:00:00.000Z,MCT2408037,15.394444,74.118333,25.6875,160.32488125,425.0625,82.68265062500002,10.485,213.25562500000004,6.085,23.917499999999997,13.161875000000002,4.270624999999999,28.33494625
2026-07-27T12:10:00.000Z,MCT2408037,15.394444,74.118333,25.875,160.21721250000002,416.3125,84.01159750000001,10.983749999999999,213.39187500000006,5.434375000000001,20.700000000000003,11.193125000000002,3.9056249999999997,27.668649375
2026-07-27T12:20:00.000Z,MCT2408037,15.394444,74.118333,25.375,160,413.3125,84.51227625000001,10.751875,212.63875000000002,5.3881250000000005,20.392500000000002,10.95875,3.553125,27.547991874999994
2026-07-27T12:29:08.686Z,MCT2408037,15.394444,74.118333,26.466666666666665,160,412.6666666666667,84.76894133333332,10.147333333333332,216.7,7.383333333333334,27.09533333333333,14.190000000000003,3.439333333333333,27.66011333333333
2026-07-27T11:30:00.000Z,MCT2408042,15.213889,74.071667,61,194.03,460,81.84485,26.61,15.77,7.28,22.8,12.76,3.67,31.14291
2026-07-27T11:40:00.000Z,MCT2408042,15.213889,74.071667,58.875,120.25250000000001,463.1875,83.390754375,25.180000000000007,15.255,7.9625,26.276875000000004,14.978124999999999,4.176875,31.026943749999994
2026-07-27T11:50:00.000Z,MCT2408042,15.213889,74.071667,59.25,117.12687500000001,467,83.43128625,25.4575,15.290625000000002,7.39375,25.934375000000003,15.318124999999998,4.011875,30.751444375000002
2026-07-27T12:00:00.000Z,MCT2408042,15.213889,74.071667,60.6875,174.87937499999998,461.1875,80.49158375000002,26.599999999999998,14.891250000000001,5.3462499999999995,18.354375,10.648749999999998,5.644375,29.886063749999998
2026-07-27T12:10:00.000Z,MCT2408042,15.213889,74.071667,59.8125,157.12625,460.375,83.58148874999999,25.966875,14.698749999999999,5.516874999999999,19.265,11.158125,4.87375,29.117878125
2026-07-27T12:20:00.000Z,MCT2408042,15.213889,74.071667,58.9375,126.48875,460.6875,83.03455874999999,25.214999999999996,15.699375000000002,6.142499999999999,21.034374999999997,12.13,3.9525,28.957674374999996
2026-07-27T12:29:08.696Z,MCT2408042,15.213889,74.071667,58.666666666666664,116.61400000000002,462.93333333333334,83.29545066666667,24.832666666666668,16.00666666666667,7.28,23.347333333333335,13.121333333333334,3.826666666666667,29.014336666666672
2026-07-27T11:30:00.000Z,MCT2408041,15.224628,74.171389,32.5,454.127,473.5,85.59851,13.440000000000001,9.7,8.09,20.25,8.9,8.07,29.614584999999998
2026-07-27T11:40:00.000Z,MCT2408041,15.224628,74.171389,32.6875,449.67968749999994,477.0625,85.605186875,13.742499999999998,9.7,8.090000000000002,20.300625,8.950625000000002,7.788750000000001,29.697704999999992
2026-07-27T11:50:00.000Z,MCT2408041,15.224628,74.171389,32.5625,447.25056874999996,469.6875,85.16792749999999,13.651874999999999,9.7,8.090000000000002,21.009375000000002,9.656875000000003,7.9125,29.650111874999997
2026-07-27T12:00:00.000Z,MCT2408041,15.224628,74.171389,32.4375,447.33559375000004,464.9375,85.77541749999999,13.528125000000001,9.7,8.090000000000002,20.806875,9.455625000000003,8.065,29.383325624999998
2026-07-27T12:10:00.000Z,MCT2408041,15.224628,74.171389,32.75,400.33161874999996,461.4375,87.12486750000002,13.708124999999999,9.7,8.140000000000002,22.4775,11.019375,8.106874999999999,28.967056250000002
2026-07-27T12:20:00.000Z,MCT2408041,15.224628,74.171389,32.3125,420.5309875,457.375,86.38481625,13.540624999999999,9.7,8.090000000000002,22.123125,10.764999999999999,8.209375,28.41806625
2026-07-27T12:29:08.708Z,MCT2408041,15.224628,74.171389,32.07142857142857,438.89967142857137,457.57142857142856,86.14019785714285,13.321428571428571,9.700000000000001,8.090000000000002,22.275000000000002,10.917142857142858,8.217142857142859,28.07323428571429
2026-07-27T11:30:00.000Z,MCT2408033,15.346944,74.007778,22,111.42545,435.5,74.61981,9.75,64.46536,3.64,11.024999999999999,7.355,4.39,31.51829
2026-07-27T11:40:00.000Z,MCT2408033,15.346944,74.007778,21.4375,112.955225,436.3125,75.79330875,9.323125000000001,63.123120625,4.318125,12.083125,7.831874999999998,4.39,30.990076874999996
2026-07-27T11:50:00.000Z,MCT2408033,15.346944,74.007778,21.3125,115.21348125000002,454.1875,79.49451812500003,8.869375000000002,57.323045,7.0825,18.910625,11.875,4.39,29.414159375000008
2026-07-27T12:00:00.000Z,MCT2408033,15.346944,74.007778,21.375,110,443.625,84.96956187499998,7.5249999999999995,47.65531,9.65875,25.417499999999997,15.699375000000002,4.39,27.88114
2026-07-27T12:10:00.000Z,MCT2408033,15.346944,74.007778,19.5625,110,454.6875,86.4062725,7.526249999999999,43.84695249999999,6.8925,18.365000000000002,11.54375,4.39,27.565419375
2026-07-27T12:20:00.000Z,MCT2408033,15.346944,74.007778,19.1875,110,451.1875,86.81301562499998,7.35,42.46141125,8.56,22.211875,13.382499999999999,4.39,27.723614375
2026-07-27T12:29:08.712Z,MCT2408033,15.346944,74.007778,20.714285714285715,110,447.7142857142857,87.24155499999999,7.861428571428573,41.57917714285715,10.302857142857144,26.592857142857145,16.092857142857138,4.39,27.97287714285714
2026-07-27T11:30:00.000Z,MCT2408024,15.148056,74.131667,40,213.89035,443,73.704285,17.34802,8.412699,5.5,18.99,10.99,2.46,32.27441
2026-07-27T11:40:00.000Z,MCT2408024,15.148056,74.131667,39.6,214.438864,512.04,73.547424,16.8142104,8.297258880000003,6.315199999999999,21.908400000000007,12.910000000000004,2.476800000000001,32.36385639999999
2026-07-27T11:50:00.000Z,MCT2408024,15.148056,74.131667,39.24,215.642504,524.04,73.67498719999999,16.499315199999998,7.729870679999998,5.3191999999999995,18.670000000000005,11.110000000000003,2.4792,32.3870208
2026-07-27T12:00:00.000Z,MCT2408024,15.148056,74.131667,39.666666666666664,216.74069166666672,474.9166666666667,73.40769124999998,16.826004166666664,7.233045041666664,5.541250000000001,19.44833333333334,11.406666666666672,2.4933333333333336,32.29943500000001
2026-07-27T12:10:00.000Z,MCT2408024,15.148056,74.131667,39.2,222.01420400000006,480.72,73.50073279999998,16.406914399999998,5.7249640799999995,5.24,19.150000000000006,11.670000000000005,2.5372000000000003,31.791992399999994
2026-07-27T12:20:00.000Z,MCT2408024,15.148056,74.131667,39.24,221.44864800000008,489.52,74.5209356,16.4163384,5.488311679999998,5.917999999999999,21.469600000000003,12.830000000000005,2.5144,31.187096800000003
2026-07-27T12:29:08.734Z,MCT2408024,15.148056,74.131667,39.40909090909091,220.92742272727273,476.6818181818182,74.89897772727274,16.60084045454546,5.786107818181815,6.405454545454545,23.579090909090915,14.21727272727273,2.522727272727273,30.804582727272727
2026-07-27T11:30:00.000Z,MCT2408045,15.619444,73.878889,28.5,181.45,412.5,78.65194500000001,13.045,18.445,3.52,13.975,8.2,2.53,31.19654
2026-07-27T11:40:00.000Z,MCT2408045,15.619444,73.878889,27.4375,184.06375000000003,394.9375,79.2036475,12.333124999999995,18.468125,4.2162500000000005,15.18625,8.411249999999999,2.5300000000000002,30.898913125000004
2026-07-27T11:50:00.000Z,MCT2408045,15.619444,73.878889,26.8125,192.98812500000003,430.5625,80.16638125,11.925625,18.314375,3.365625000000001,13.369375,7.776875,2.5300000000000002,30.201113125
2026-07-27T12:00:00.000Z,MCT2408045,15.619444,73.878889,26.875,178.30687499999993,430.75,80.636543125,11.958749999999998,18.246875,4.498125000000001,16.361874999999998,9.012500000000001,2.5300000000000002,29.681615625
2026-07-27T12:10:00.000Z,MCT2408045,15.619444,73.878889,26.6875,178.11999999999995,439.875,80.96460875,11.650625000000002,17.764375,4.686875000000001,16.575625000000002,8.941875,2.5300000000000002,29.540851875000005
2026-07-27T12:20:00.000Z,MCT2408045,15.619444,73.878889,26.1875,178.11999999999995,437.9375,80.81201999999999,11.371875,17.5225,4.309375,15.89875,8.908125000000002,2.5300000000000002,29.444995000000002
2026-07-27T12:29:08.942Z,MCT2408045,15.619444,73.878889,26.214285714285715,178.11999999999995,437,81.3222342857143,11.342857142857145,17.928571428571427,4.925714285714286,17.76142857142857,9.692857142857141,2.5300000000000002,29.20932785714286
2026-07-27T11:30:00.000Z,MCT2408022,15.475833,74.038889,27,150,435,80.70807,4.93,10.30522,8,24,13,4.217699,29.44835
2026-07-27T11:40:00.000Z,MCT2408022,15.475833,74.038889,30.3125,150,438.75,80.82155625000001,5.060624999999999,10.879831875,9.6875,30.9375,17.125,4.243860874999999,29.59045375
2026-07-27T11:50:00.000Z,MCT2408022,15.475833,74.038889,37.875,150,445.5,82.5243425,5.0275,11.342808125000001,14.5,46.1875,25.3125,4.2398601875,29.334391250000003
2026-07-27T12:00:00.000Z,MCT2408022,15.475833,74.038889,33.9375,150,441.5,83.332580625,4.904375,11.224271875000001,12,38.375,21.1875,4.257393375,28.917453124999998
2026-07-27T12:10:00.000Z,MCT2408022,15.475833,74.038889,29.4375,150,439.6875,83.61439187500001,4.930625000000001,11.17112125,9.0625,29.375,16.5625,4.261827125,28.707641875
2026-07-27T12:20:00.000Z,MCT2408022,15.475833,74.038889,28.5,150,438.8125,84.333939375,4.751875,11.229605625,8.5,27.5,15.5,4.202360124999999,28.70362
2026-07-27T12:29:08.946Z,MCT2408022,15.475833,74.038889,28.357142857142858,150,439.2857142857143,84.50042214285713,4.852857142857142,11.307945714285717,8.142857142857142,27,15.5,4.167130428571428,28.65698642857143
2026-07-27T11:30:00.000Z,MCT2408032,15.525556,73.828611,34.5,201.245,752,78.75494499999999,14.115,43.894999999999996,7.12,18.49,8.49,3.7,29.83981
2026-07-27T11:40:00.000Z,MCT2408032,15.525556,73.828611,33.92,184.35880000000006,746.84,80.82342600000003,13.9016,42.2944,7.120000000000002,18.831599999999998,8.834400000000004,2.7316000000000003,29.6740008
2026-07-27T11:50:00.000Z,MCT2408032,15.525556,73.828611,33.76923076923077,178.92999999999998,750.9230769230769,81.79525730769234,13.706923076923081,42.44115384615385,7.120000000000003,19.74807692307692,9.746538461538467,2.1296153846153842,29.560547692307686
2026-07-27T12:00:00.000Z,MCT2408032,15.525556,73.828611,33.2,178.92999999999995,750.16,81.57263160000001,13.2552,42.2836,7.290400000000002,21.562,11.212000000000003,2.1416,29.572757599999996
2026-07-27T12:10:00.000Z,MCT2408032,15.525556,73.828611,34,179.01666666666662,737.2857142857143,81.86882523809524,13.95714285714286,42.629999999999995,7.8652380952380945,24.653809523809525,13.415714285714289,2.0609523809523806,29.640887142857135
2026-07-27T12:20:00.000Z,MCT2408032,15.525556,73.828611,34.44,178.92999999999995,747.48,81.92022679999998,14.3848,42.5252,7.4044000000000025,21.7324,11.268000000000004,2.214,29.6847264
2026-07-27T12:29:08.963Z,MCT2408032,15.525556,73.828611,33.65217391304348,178.92999999999992,748.9565217391304,81.64880695652172,13.571304347826091,42.86391304347826,7.181739130434785,20.962608695652168,10.833913043478265,2.3469565217391306,29.797608695652176
2026-07-27T11:30:00.000Z,MCT2408036,15.171567,74.067106,36,120,452,84.33966,12.49,8.05,3.16,11.65,7.09,11.26,30.22055
2026-07-27T11:40:00.000Z,MCT2408036,15.171567,74.067106,36.25,120,456.75,83.88905000000001,11.631875,8.031875000000001,2.9274999999999998,11.46,7.379374999999999,11.231250000000001,30.23798125
2026-07-27T11:50:00.000Z,MCT2408036,15.171567,74.067106,36.8125,120,458.75,83.273451875,11.264375,8.21875,3.0275000000000007,11.5875,7.283749999999999,11.462500000000002,30.101906874999997
2026-07-27T12:00:00.000Z,MCT2408036,15.171567,74.067106,37.875,120,455.0625,80.30847999999999,12.501249999999999,8.445625000000001,4.176875,14.120625,8.36,12.104375,29.62866125
2026-07-27T12:10:00.000Z,MCT2408036,15.171567,74.067106,37.13333333333333,120,452.8,83.50958399999999,11.806666666666668,8.501333333333333,6.632,22.288666666666675,13.172000000000002,11.581999999999999,28.966432666666666
2026-07-27T12:20:00.000Z,MCT2408036,15.171567,74.067106,37.1875,120,449.9375,85.07732687500001,11.488125000000002,8.285625,3.5174999999999996,12.790000000000001,7.916249999999999,11.651875,28.698258749999997
2026-07-27T12:29:08.973Z,MCT2408036,15.171567,74.067106,37.266666666666666,120,444.26666666666665,82.97654266666669,11.359999999999998,8.15933333333333,3.0180000000000002,11.042666666666666,6.790000000000001,11.801333333333332,29.096562666666664
2026-07-27T11:30:00.000Z,MCT2408031,15.290833,74.149167,17.5,162.30845,541,84.04211,7.7671030000000005,6,6.43,17.395,9.76,4.08,30.027504999999998
2026-07-27T11:40:00.000Z,MCT2408031,15.290833,74.149167,20.375,144.576125,550.9375,84.07596937500001,7.427945374999999,6.087614749999999,8.9875,24.376874999999995,13.749375,4.13125,30.02817125
2026-07-27T11:50:00.000Z,MCT2408031,15.290833,74.149167,20.3125,151.99153124999998,549.625,84.524196875,7.7653875625,6,9.1075,24.536875000000006,13.779375000000002,4.556875,29.702395624999994
2026-07-27T12:00:00.000Z,MCT2408031,15.290833,74.149167,20,156.17842000000002,547.8666666666667,85.06038600000002,7.872747466666666,6.220780666666667,8.858,24.05733333333333,13.619333333333332,4.452,29.291045333333333
2026-07-27T12:10:00.000Z,MCT2408031,15.290833,74.149167,20.875,164.38135,555.1875,84.793609375,8.05730025,6,9.88125,25.925000000000004,14.1675,5.299375,28.806851875
2026-07-27T12:20:00.000Z,MCT2408031,15.290833,74.149167,19.3125,181.38226874999998,547.4375,84.865133125,8.2475980625,6.3111006875,8.27375,21.331874999999997,11.45875,5.940625,27.708198125
2026-07-27T12:29:08.985Z,MCT2408031,15.290833,74.149167,17.666666666666668,169.11333333333332,543.2,85.659036,7.6486486,6.7460392,5.553999999999999,14.898666666666665,8.351333333333333,5.568666666666667,27.079529333333326
2026-07-27T11:30:00.000Z,MCT2408035,15.236111,74.125,42,190,612,83.68353,17.53162,69.94233,3.8,13.21,7.92,3.83,30.55303
2026-07-27T11:40:00.000Z,MCT2408035,15.236111,74.125,44.1875,190,594.3125,82.932038125,19.569613750000002,66.11440937500001,3.799999999999999,12.193750000000001,6.910625000000001,3.8299999999999987,30.67838125
2026-07-27T11:50:00.000Z,MCT2408035,15.236111,74.125,45.6875,190,619.4375,82.52052687500002,20.7542775,68.845665,3.799999999999999,11.48625,6.204375000000001,3.8299999999999987,30.555710625
2026-07-27T12:00:00.000Z,MCT2408035,15.236111,74.125,46.25,190,603,83.33067374999999,21.347771875,73.989299375,3.799999999999999,10.755625,5.474374999999999,3.8299999999999987,30.002699999999997
2026-07-27T12:10:00.000Z,MCT2408035,15.236111,74.125,46.75,190.5854125,620,83.03360375000001,21.805245,76.49595125,3.799999999999999,10.37875,5.098124999999999,3.8299999999999987,29.264008125000004
2026-07-27T12:20:00.000Z,MCT2408035,15.236111,74.125,44.625,190,612.125,84.035915625,19.846306249999998,73.280835,4.3225,13.915000000000001,7.808125,3.8299999999999987,28.660050625
2026-07-27T12:29:09.190Z,MCT2408035,15.236111,74.125,41.266666666666666,190,629.0666666666667,85.20737666666668,16.966763333333333,69.923102,4.864000000000001,15.698666666666668,8.728666666666667,3.8299999999999987,28.368687333333337
2026-07-27T11:30:00.000Z,MCT2408039,15.163611,74.110833,34.5,134.62,426.5,80.47156,7.654999999999999,10.3,11.555,38.760000000000005,16.575,2.3,30.751445
2026-07-27T11:40:00.000Z,MCT2408039,15.163611,74.110833,29.125,247.60812500000003,437.1875,80.18116375000001,8.07,10.3,9.019999999999998,29.068749999999998,11.922499999999998,2.3,30.887518125
2026-07-27T11:50:00.000Z,MCT2408039,15.163611,74.110833,29.0625,312.390625,435.4375,79.75868625000001,7.7456249999999995,10.3,9.019999999999998,29.004375,11.859999999999998,2.3,31.140900000000006
2026-07-27T12:00:00.000Z,MCT2408039,15.163611,74.110833,32.125,180.451875,432,79.315228125,6.103749999999999,10.3,10.568750000000005,34.689375000000005,14.471249999999998,2.3,31.0852625
2026-07-27T12:10:00.000Z,MCT2408039,15.163611,74.110833,29,328.992,437.93333333333334,78.28242933333333,3.7966666666666664,10.3,9.019999999999998,28.94,11.759999999999998,2.3,30.573764666666662
2026-07-27T12:20:00.000Z,MCT2408039,15.163611,74.110833,29,296.919375,428.5,79.33573125,5.6025,10.3,9.019999999999998,28.94,11.759999999999998,2.3,29.9289625
2026-07-27T12:29:09.205Z,MCT2408039,15.163611,74.110833,29,257.018,440.26666666666665,80.31286666666666,7.063333333333334,10.3,9.019999999999998,28.94,11.759999999999998,2.3,29.605646666666665
2026-07-27T11:30:00.000Z,MCT2408026,15.2467,74.198281,76,125,511.5,85.43829,13.310725,12.5,41.59,130.08,68.95,2.355,29.82372
2026-07-27T11:40:00.000Z,MCT2408026,15.2467,74.198281,40.4,125,499.8,84.79498240000001,13.3895984,12.5,15.654000000000002,50.9488,27.926000000000002,2.2319999999999993,29.940412800000008
2026-07-27T11:50:00.000Z,MCT2408026,15.2467,74.198281,40.28,125,500.2,85.1795056,13.386304,12.5,15.917600000000004,54.043200000000006,30.5496,2.0959999999999996,29.996185199999992
2026-07-27T12:00:00.000Z,MCT2408026,15.2467,74.198281,33.84,125,491.72,85.51824919999999,13.339276000000002,12.5,9.339999999999996,31.3736,17.665999999999997,2.3756000000000004,30.026216400000003
2026-07-27T12:10:00.000Z,MCT2408026,15.2467,74.198281,34.791666666666664,125,498.125,85.706595,13.477872916666668,12.5,8.627499999999996,29.295000000000016,16.673749999999995,2.734583333333333,29.821489583333328
2026-07-27T12:20:00.000Z,MCT2408026,15.2467,74.198281,31.12,125,496.88,85.4294428,13.4675708,12.5,6.958400000000001,23.752000000000002,13.538799999999998,3.3731999999999998,29.150188
2026-07-27T12:29:09.223Z,MCT2408026,15.2467,74.198281,31.045454545454547,125,498.95454545454544,85.81941545454546,13.434930000000001,12.5,7.434090909090909,25.54181818181818,14.639090909090907,3.456818181818183,28.64250045454546
2026-07-27T11:30:00.000Z,MCT2408038,15.188889,74.055556,35,233.33,547,80.40289,14.32,13.33,14.25,40.76,20.39,4.62,31.43249
2026-07-27T11:40:00.000Z,MCT2408038,15.188889,74.055556,34.8125,233.32999999999996,553.8125,79.84165562500002,14.541875000000001,13.330000000000005,13.241249999999999,38.085,19.08375,4.559374999999999,31.659723749999998
2026-07-27T11:50:00.000Z,MCT2408038,15.188889,74.055556,34.4375,299.96375,553.1875,78.42163500000001,15.194374999999999,13.330000000000005,10.065000000000001,30.070625000000003,15.707500000000001,4.7075000000000005,31.543759375
2026-07-27T12:00:00.000Z,MCT2408038,15.188889,74.055556,34.25,414.42687500000005,561,77.852766875,15.230625000000002,13.330000000000005,7.1137500000000005,21.744374999999994,11.438125,4.84,30.558392499999993
2026-07-27T12:10:00.000Z,MCT2408038,15.188889,74.055556,33.8125,423.709375,556.375,80.45772937499999,14.961875,13.330000000000005,5.950000000000002,17.210000000000004,8.496875,4.809375,29.809648125
2026-07-27T12:20:00.000Z,MCT2408038,15.188889,74.055556,40.5625,295.196875,553.125,81.84627937500001,14.470625,13.330000000000005,15.571250000000003,45.60125,23.252499999999998,4.686875000000001,29.575706875
2026-07-27T12:29:09.223Z,MCT2408038,15.188889,74.055556,56.2,233.32999999999996,570.4666666666667,82.50657333333334,14.447999999999997,13.330000000000005,27.008000000000003,82.30533333333334,43.42933333333334,4.624666666666667,29.424752666666663
2026-07-27T14:40:00.000Z,MCT2408020,15.543475,74.039433,23.09090909090909,180,698.5454545454545,86.14505363636363,8.825332363636363,18.84138272727273,7.250909090909091,22.96181818181818,12.840909090909092,3.6599999999999993,27.744028181818177
2026-07-27T14:50:00.000Z,MCT2408020,15.543475,74.039433,23.25,180,703.6875,86.56553625000001,9.2247976875,19.085075624999998,7.536250000000001,23.183125,12.603125,3.6599999999999984,27.674011249999996
2026-07-27T15:00:00.000Z,MCT2408020,15.543475,74.039433,22.5625,180,701.625,86.95320312499999,9.20321,18.710342500000003,7.013124999999999,21.9025,12.021875000000003,3.6599999999999984,27.61569375
2026-07-27T15:10:00.000Z,MCT2408020,15.543475,74.039433,22.25,180,695.5,87.09244125,9.235851437500001,19.201372499999994,6.839999999999999,21.379375000000003,11.673125000000004,3.6599999999999984,27.550001875000007
2026-07-27T15:20:00.000Z,MCT2408020,15.543475,74.039433,22.625,180,707.625,87.379498125,9.144559375000002,19.39475375,7.187499999999999,22.13625,12.080000000000004,3.6599999999999984,27.52922375
2026-07-27T15:30:00.000Z,MCT2408020,15.543475,74.039433,23.125,180,709.5625,87.49870500000003,9.2076315,19.359998125,7.53625,22.952500000000008,12.370624999999999,3.6599999999999984,27.478949375
2026-07-27T15:33:18.111Z,MCT2408020,15.543475,74.039433,23.4,180,706.8,87.65234600000001,9.228881,19.279468,7.606,23.488000000000003,12.824000000000002,3.66,27.432030000000005
2026-07-27T14:40:00.000Z,MCT2408028,15.186944,74.096667,45.705882352941174,627.88,500.05882352941177,94.09855294117646,17.641176470588235,11.919411764705881,17.50764705882353,55.97529411764705,30.93470588235294,1.8241176470588234,26.955707058823528
2026-07-27T14:50:00.000Z,MCT2408028,15.186944,74.096667,61.84,615.8328,511.92,94.10376000000001,17.54760000000001,11.763999999999996,29.085200000000007,88.53479999999999,47.04160000000001,1.8267999999999995,26.959692399999998
2026-07-27T15:00:00.000Z,MCT2408028,15.186944,74.096667,51.36,621.9159999999999,508.16,94.18127399999999,17.62560000000001,11.859599999999995,21.57440000000001,66.81840000000003,35.9872,1.8315999999999997,26.906925599999994
2026-07-27T15:10:00.000Z,MCT2408028,15.186944,74.096667,42.12,626.732,495.84,94.22003160000003,17.393600000000006,11.9012,14.700000000000003,47.88600000000001,26.841200000000008,1.8167999999999997,26.857592000000004
2026-07-27T15:20:00.000Z,MCT2408028,15.186944,74.096667,41.44,633.8016,499.4,94.31127999999997,17.587200000000003,12.150399999999998,12.546000000000006,42.516799999999996,24.536000000000005,1.8067999999999997,26.896201599999998
2026-07-27T15:30:00.000Z,MCT2408028,15.186944,74.096667,43.4,623.0247999999999,500.32,93.91821239999999,17.273200000000003,12.267999999999997,13.464400000000001,45.6196,26.326000000000004,1.8068000000000004,27.014176400000007
2026-07-27T15:33:18.110Z,MCT2408028,15.186944,74.096667,44.875,623.9425,489.375,92.29235125,16.990000000000002,12.623749999999998,15.355000000000002,54.06750000000001,31.937499999999996,1.4337499999999999,27.01643
2026-07-27T14:40:00.000Z,MCT2408056,15.579167,73.920833,28.818181818181817,180,733.8181818181819,87.09803454545455,6.915454545454546,10.396072363636364,11.601818181818182,35.76818181818182,20.193636363636365,1.5600000000000003,27.61630181818182
2026-07-27T14:50:00.000Z,MCT2408056,15.579167,73.920833,29.4375,180,720.9375,87.67132249999999,6.859375,10.102993,11.847499999999997,36.6575,20.618750000000002,1.5699999999999998,27.524530625
2026-07-27T15:00:00.000Z,MCT2408056,15.579167,73.920833,30.3125,180,746.6875,87.927383125,6.939375000000001,10.353579062500001,12.726875,38.706875,21.613750000000003,1.5599999999999998,27.443424375
2026-07-27T15:10:00.000Z,MCT2408056,15.579167,73.920833,37.625,180,758.5,88.16198750000001,6.796249999999999,10.2122945,17.888125,53.39125,29.346250000000005,1.571875,27.472916875
2026-07-27T15:20:00.000Z,MCT2408056,15.579167,73.920833,46.875,224.58849375000003,758.5,88.40994250000001,6.96875,10.526407750000002,24.044999999999995,71.60749999999999,39.30375,1.5599999999999998,27.428005624999994
2026-07-27T15:30:00.000Z,MCT2408056,15.579167,73.920833,50.125,222.25441874999999,773.375,88.62737999999999,6.9068749999999985,10.169453562500001,26.098124999999992,76.95874999999998,41.705000000000005,1.5599999999999998,27.416611250000003
2026-07-27T15:33:18.112Z,MCT2408056,15.579167,73.920833,41.6,180,781.8,88.96154800000001,6.970000000000001,10.457746199999999,20.08,60.29200000000001,32.989999999999995,1.56,27.374112000000004
2026-07-27T14:40:00.000Z,MCT2408057,15.272222,74.104722,28.764705882352942,272.89352941176475,589.4705882352941,87.32320294117643,12.32764705882353,9.183529411764706,8.308823529411764,25.04470588235293,13.414117647058825,1.9876470588235293,28.298867647058824
2026-07-27T14:50:00.000Z,MCT2408057,15.272222,74.104722,28.84,295.77840000000003,584.88,87.53149359999999,12.3308,9.2296,8.844799999999998,26.620000000000005,14.257599999999998,1.8784,28.250565600000012
2026-07-27T15:00:00.000Z,MCT2408057,15.272222,74.104722,28.52,237.37560000000002,589.08,88.04235920000002,12.18,9.332799999999999,8.51,25.623999999999995,13.680799999999998,1.9759999999999998,28.201228800000003
2026-07-27T15:10:00.000Z,MCT2408057,15.272222,74.104722,28.24,232.83840000000004,583.48,87.41674760000002,12.027600000000001,9.402799999999997,8.7488,27.0044,14.6776,1.9380000000000004,28.420023599999993
2026-07-27T15:20:00.000Z,MCT2408057,15.272222,74.104722,28.36,249.76679999999996,590.04,87.532104,12.0736,9.37,8.392000000000001,25.806800000000003,14.058000000000002,1.9932000000000003,28.422598400000002
2026-07-27T15:30:00.000Z,MCT2408057,15.272222,74.104722,28.88,302.8236,585.08,87.53179960000001,12.375199999999998,9.261600000000001,5.9824,18.907199999999996,10.649600000000003,1.9516,28.355243999999992
2026-07-27T15:33:18.111Z,MCT2408057,15.272222,74.104722,28.875,323.65625,578.875,86.048645,12.38375,9.14875,4.69375,14.77375,8.373750000000001,2.04875,28.456274999999998
2026-07-27T14:40:00.000Z,MCT2408055,15.585833,73.885556,21.8,83.947,656.3,86.439269,8.615,23.906489000000004,9.23,27.959999999999997,15.884000000000004,1.269,27.640092000000003
2026-07-27T14:50:00.000Z,MCT2408055,15.585833,73.885556,22.533333333333335,84.84266666666666,657.6666666666666,86.85786800000001,8.612000000000002,23.662851333333332,9.65,29.385333333333328,16.813333333333333,1.2793333333333332,27.60291266666667
2026-07-27T15:00:00.000Z,MCT2408055,15.585833,73.885556,22.125,84.445,660.625,87.04284937499997,8.602500000000003,25.188456875,9.39625,28.249375,16.105,1.095,27.59089125
2026-07-27T15:10:00.000Z,MCT2408055,15.585833,73.885556,21.266666666666666,88.02733333333335,660.4666666666667,88.50124066666669,8.701333333333336,23.533080666666667,8.483333333333333,26.184666666666665,15.178,1.3093333333333335,27.311191333333333
2026-07-27T15:20:00.000Z,MCT2408055,15.585833,73.885556,21.1875,82.494375,662.9375,89.009804375,8.626250000000002,22.519083750000004,8.783750000000001,26.357499999999998,14.996250000000002,1.2275,27.27249125
2026-07-27T15:30:00.000Z,MCT2408055,15.585833,73.885556,22.066666666666666,77.19133333333335,667.1333333333333,88.74029466666666,8.772,24.87023066666667,9.463333333333333,28.246666666666666,15.996666666666668,1.0846666666666667,27.40700333333333
2026-07-27T15:33:18.145Z,MCT2408055,15.585833,73.885556,21,80.392,669.6,89.15991,8.468,24.442750000000004,8.11,24.868000000000002,14.448000000000002,1.074,27.380546
2026-07-27T14:40:00.000Z,MCT2408052,15.444425,74.063856,37.63636363636363,160,608.0909090909091,87.17918272727273,3.618564727272728,8,14.109090909090908,42.25545454545455,21.433636363636364,2,28.079432727272728
2026-07-27T14:50:00.000Z,MCT2408052,15.444425,74.063856,38.5625,160,627.75,87.513964375,3.6245175625000003,8,14.718125,44.158125000000005,22.415625000000006,2,27.983029374999994
2026-07-27T15:00:00.000Z,MCT2408052,15.444425,74.063856,37.625,160,616.6875,88.54011875000002,3.5967106250000005,8,14.15375,42.522499999999994,21.66125,2,27.829526875
2026-07-27T15:10:00.000Z,MCT2408052,15.444425,74.063856,37.9375,160,619.0625,88.57588249999999,3.6107018125000003,8,14.570624999999998,42.910000000000004,21.403125,2,27.849635625000005
2026-07-27T15:20:00.000Z,MCT2408052,15.444425,74.063856,33.8125,160,564.4375,88.68984625,3.6179825625000004,8,11.935624999999998,34.720625,17.020625,2,27.662616249999996
2026-07-27T15:30:00.000Z,MCT2408052,15.444425,74.063856,33.1875,160,591,89.15476125,3.5593860625000007,8,11.559374999999998,33.448125000000005,16.308749999999996,2,27.454148749999995
2026-07-27T15:33:18.342Z,MCT2408052,15.444425,74.063856,33,160,586.4,89.375062,3.511018,8,11.437999999999999,33.244,16.291999999999998,2,27.401998000000003
2026-07-27T14:40:00.000Z,MCT2408053,15.263333,74.110833,40.7,124.74661999999998,605.4,91.46704100000002,17.622999999999998,26.133000000000003,7.898999999999999,27.125999999999998,17.823,6.456999999999999,27.214306
2026-07-27T14:50:00.000Z,MCT2408053,15.263333,74.110833,41.8125,121.02688125,613.0625,91.990989375,18.625625,24.820625000000003,8.2625,28.926874999999995,19.036250000000003,6.3774999999999995,27.177303750000004
2026-07-27T15:00:00.000Z,MCT2408053,15.263333,74.110833,38.5625,177.24239375,630.0625,92.432540625,15.806249999999999,24.86,7.805624999999999,27.223124999999996,18.04625,6.209375,27.17864375
2026-07-27T15:10:00.000Z,MCT2408053,15.263333,74.110833,41.4375,119.81136875,607.0625,92.23608375000002,18.209374999999998,24.998125,8.952499999999999,31.719999999999995,21.148750000000003,6.446250000000001,27.220876875000005
2026-07-27T15:20:00.000Z,MCT2408053,15.263333,74.110833,39.125,121.3056,609.4375,92.346710625,16.33375,25.037500000000005,8.608125,30.261250000000004,20.020625000000003,6.19625,27.220876250000003
2026-07-27T15:30:00.000Z,MCT2408053,15.263333,74.110833,40.25,119.43974999999998,601.3125,92.480700625,17.308125,24.820625000000003,8.494375,30.44375,20.516250000000003,6.30625,27.269811875
2026-07-27T15:33:18.341Z,MCT2408053,15.263333,74.110833,42,156.81678333333332,627.8333333333334,92.16742,18.73,25.263333333333332,5.8166666666666655,21.065,14.098333333333334,6.390000000000001,27.25148833333333
2026-07-27T14:40:00.000Z,MCT2408051,15.486528,74.033889,51,350.84600000000006,615.3,97.256989,21.435000000000006,5.1899999999999995,3.7299999999999995,10.569999999999999,4.980000000000001,4.39,26.512885
2026-07-27T14:50:00.000Z,MCT2408051,15.486528,74.033889,50.8125,353.65749999999997,605.5625,96.89382937499998,21.313125000000003,5.1899999999999995,3.7299999999999986,10.569999999999997,4.980000000000002,4.39,26.419845
2026-07-27T15:00:00.000Z,MCT2408051,15.486528,74.033889,51.4375,357.71750000000003,598.6875,96.71787624999999,21.71,5.1899999999999995,3.7299999999999986,10.569999999999997,4.980000000000002,4.39,26.344100625
2026-07-27T15:10:00.000Z,MCT2408051,15.486528,74.033889,51.625,364.485625,582.125,97.09219374999999,21.839374999999997,5.1899999999999995,3.7299999999999986,10.569999999999997,4.980000000000002,4.39,26.259640624999996
2026-07-27T15:20:00.000Z,MCT2408051,15.486528,74.033889,51.875,367.3975,595.625,97.582380625,21.99625,5.1899999999999995,3.7299999999999986,10.569999999999997,4.980000000000002,4.39,26.217411249999998
2026-07-27T15:30:00.000Z,MCT2408051,15.486528,74.033889,51.8125,364.32687500000003,603.3125,97.45649749999998,21.949999999999996,5.1899999999999995,3.7299999999999986,10.569999999999997,4.980000000000002,4.39,26.299189375
2026-07-27T15:33:18.366Z,MCT2408051,15.486528,74.033889,51.8,354.21799999999996,604,97.166196,21.942,5.19,3.7299999999999995,10.57,4.98,4.39,26.28444
2026-07-27T14:40:00.000Z,MCT2408050,15.553611,73.958333,26.2,86.02999999999999,505.3,89.56808199999999,11.348999999999998,4.109,6.534999999999999,21.986,12.675,2.286,27.176767
2026-07-27T14:50:00.000Z,MCT2408050,15.553611,73.958333,26.0625,86.02999999999999,509.75,89.52526500000002,11.235625000000002,4.153125,7.0512500000000005,23.614999999999995,13.397499999999997,2.2356249999999998,27.119655625000004
2026-07-27T15:00:00.000Z,MCT2408050,15.553611,73.958333,25.75,86.02999999999999,517.625,89.69120375000001,11.058750000000002,4.295625000000001,6.841875000000003,22.7575,13.025625000000002,2.56125,27.055975625
2026-07-27T15:10:00.000Z,MCT2408050,15.553611,73.958333,25.9375,86.02999999999999,513.125,89.89052187500002,11.177500000000002,4.273125,7.104375,23.561874999999997,13.291250000000003,2.29625,27.063349375000005
2026-07-27T15:20:00.000Z,MCT2408050,15.553611,73.958333,26,86.02999999999999,526,89.88622933333335,11.180000000000001,4.221333333333333,6.956666666666666,23.816666666666666,13.780000000000003,2.33,27.057362666666666
2026-07-27T15:30:00.000Z,MCT2408050,15.553611,73.958333,26,86.02999999999999,526.5,90.14944375000002,11.230000000000002,4.216875,7.261874999999999,24.84875,14.247499999999999,2.3562500000000006,27.006373124999996
2026-07-27T15:33:18.569Z,MCT2408050,15.553611,73.958333,26.166666666666668,86.02999999999999,525.5,90.29694666666667,11.443333333333333,4.13,7.348333333333333,24.471666666666668,13.610000000000001,1.9516666666666664,27.004810000000003
2026-07-27T14:40:00.000Z,MCT2408034,15.356389,74.123611,47.125,180,450.625,78.21802499999998,15.578749999999996,3.9774999999999996,19.995,63.24312500000001,33.696875000000006,1.14875,30.2299375
2026-07-27T14:50:00.000Z,MCT2408034,15.356389,74.123611,40.96,180,447.96,78.41680839999998,15.855599999999992,4.148,14.2904,45.765600000000006,24.678800000000006,1.1547999999999998,30.136039199999995
2026-07-27T15:00:00.000Z,MCT2408034,15.356389,74.123611,41.833333333333336,180,453.8333333333333,78.63096541666667,15.714583333333328,4.401666666666666,14.545,45.562083333333334,24.066249999999997,1.1562499999999998,30.09051166666667
2026-07-27T15:10:00.000Z,MCT2408034,15.356389,74.123611,43.44,180,455.52,78.86114559999999,16.138399999999997,4.733599999999999,16.734,51.88000000000001,27.192000000000004,1.1183999999999998,30.026215600000004
2026-07-27T15:20:00.000Z,MCT2408034,15.356389,74.123611,41.48,180,457.4,79.40832520000001,15.731999999999998,4.778,14.035599999999999,44.79080000000001,23.928800000000003,1.1419999999999997,29.9005156
2026-07-27T15:30:00.000Z,MCT2408034,15.356389,74.123611,40.708333333333336,180.1159583333333,443.1666666666667,79.63709333333335,15.452083333333329,3.0429166666666663,8.581666666666665,27.90125,15.469999999999999,1.357083333333333,29.846066250000003
2026-07-27T15:33:18.569Z,MCT2408034,15.356389,74.123611,41,181.6624875,441.625,79.40439625000002,15.301250000000001,3.2199999999999998,10.82375,36.34,20.393749999999997,1.4100000000000001,29.91622625
2026-07-27T14:40:00.000Z,MCT2408030,15.142519,74.075003,27.3,163,438.8,84.886689,8.752,6.200000000000001,9.370000000000001,24.913,12.592,3.495,27.833148
2026-07-27T14:50:00.000Z,MCT2408030,15.142519,74.075003,27.375,163,435,85.042519375,9.056875,6.200000000000002,9.370000000000001,25.038124999999997,12.721875,3.3906250000000004,27.840253749999995
2026-07-27T15:00:00.000Z,MCT2408030,15.142519,74.075003,27.2,163,432.73333333333335,85.14278266666666,8.796,6.200000000000002,9.370000000000001,24.94333333333333,12.624666666666668,3.3233333333333333,27.90178666666667
2026-07-27T15:10:00.000Z,MCT2408030,15.142519,74.075003,27.5,163,434.375,85.16792749999998,8.791875,6.200000000000002,9.370000000000001,25.151875,12.839375,3.29375,27.989063124999998
2026-07-27T15:20:00.000Z,MCT2408030,15.142519,74.075003,27.8125,163,439.3125,85.12978187499998,8.776875,6.200000000000002,9.370000000000001,25.778125,13.49,3.165,28.044027500000002
2026-07-27T15:30:00.000Z,MCT2408030,15.142519,74.075003,32.333333333333336,163,443.2,85.11328133333333,8.825333333333333,6.200000000000002,11.558,34.67333333333333,19.374666666666666,3.583999999999999,28.039782000000002
2026-07-27T15:33:18.585Z,MCT2408030,15.142519,74.075003,29.2,163,430.8,84.78369,8.708000000000002,6.2,9.37,28.282,16.092000000000002,3.8040000000000007,27.912512
2026-07-27T14:40:00.000Z,MCT2408043,15.221111,74.087222,108.45454545454545,82.22818181818182,643.7272727272727,84.57131727272727,24.268181818181816,33.87636363636364,56.64636363636364,174.7481818181818,91.77090909090909,5.29,28.54158727272727
2026-07-27T14:50:00.000Z,MCT2408043,15.221111,74.087222,75.8,117.54066666666668,651.1333333333333,84.889486,24.478666666666665,33.330666666666666,32.592666666666666,100.85466666666669,53.20666666666667,5.290000000000001,28.472362666666662
2026-07-27T15:00:00.000Z,MCT2408043,15.221111,74.087222,64.4375,96.73250000000002,631.25,85.25232625,24.450625000000002,33.05125,24.301875,77.089375,41.47625,5.290000000000001,28.424100625
2026-07-27T15:10:00.000Z,MCT2408043,15.221111,74.087222,57.125,139.92,644.375,84.99054312499999,24.319375000000004,33.002500000000005,16.226875,55.28062499999999,31.226249999999997,5.290000000000001,28.600392499999998
2026-07-27T15:20:00.000Z,MCT2408043,15.221111,74.087222,57,168.064375,627.625,84.439796875,24.271875,32.565,10.924375000000001,40.07062500000001,24.099999999999998,5.290000000000001,28.71300375
2026-07-27T15:30:00.000Z,MCT2408043,15.221111,74.087222,56.93333333333333,201.91800000000003,626.8666666666667,82.86973000000002,24.199333333333342,32.04266666666667,10.554,37.76533333333334,22.548000000000002,5.290000000000001,28.994318
2026-07-27T15:33:18.784Z,MCT2408043,15.221111,74.087222,56.833333333333336,201.645,625.3333333333334,82.809965,24.233333333333334,32.089999999999996,9.498333333333333,35.406666666666666,21.78,5.29,28.944265
2026-07-27T14:40:00.000Z,MCT2408023,15.499722,74.020833,52.5,150.51,504.2,88.79827800000001,10.600999999999999,17.608,13.307999999999998,44.327999999999996,29,4.916,27.599338
2026-07-27T14:50:00.000Z,MCT2408023,15.499722,74.020833,48.25,151.89937500000002,498.75,88.511985625,10.1325,18.511875000000003,10.931249999999999,36.331875000000004,23.925000000000004,4.773125,27.491684375
2026-07-27T15:00:00.000Z,MCT2408023,15.499722,74.020833,45.25,150.51,496.3125,88.59829500000001,9.985000000000001,19.49,8.5525,30.238749999999996,20.481250000000003,4.9750000000000005,27.350920625000004
2026-07-27T15:10:00.000Z,MCT2408023,15.499722,74.020833,46.5,152.20875,498.25,89.10374124999998,9.819374999999997,18.986250000000002,9.7425,33.088125000000005,22.021875,4.66,27.236295000000002
2026-07-27T15:20:00.000Z,MCT2408023,15.499722,74.020833,46.625,177.32625,492.375,89.60727999999999,9.534374999999999,19.623750000000005,9.584375000000001,32.77,22.021874999999998,4.852499999999998,27.224228125000007
2026-07-27T15:30:00.000Z,MCT2408023,15.499722,74.020833,48.86666666666667,171.75933333333336,497.4,89.81603933333332,8.924666666666667,20.464,11.153333333333332,37.486666666666665,24.746666666666663,4.817333333333334,27.249700000000004
2026-07-27T15:33:18.789Z,MCT2408023,15.499722,74.020833,49.833333333333336,168.69500000000002,500.3333333333333,89.91928999999999,9.121666666666666,19.43,11.195,38.205,25.61666666666667,4.871666666666667,27.25148833333333
2026-07-27T14:40:00.000Z,MCT2408021,15.500556,74.053333,49.2,375,566.2,87.136596,20.951999999999998,14.898626000000002,4.903,15.479,10.049000000000001,4.259,27.68514
2026-07-27T14:50:00.000Z,MCT2408021,15.500556,74.053333,49.375,375,567.625,87.53876062500002,20.932499999999997,14.786163125,4.58375,14.648124999999999,9.554375,4.220625,27.444762499999996
2026-07-27T15:00:00.000Z,MCT2408021,15.500556,74.053333,49.0625,375,566.875,87.67179937499999,20.895625,14.864690624999998,4.5249999999999995,14.048124999999997,8.959375000000001,4.259375,27.284558125
2026-07-27T15:10:00.000Z,MCT2408021,15.500556,74.053333,49.1875,375,575.8125,87.8053125,21.046875,14.817572499999999,4.404375,14.239999999999998,9.346250000000001,4.241875,27.174623750000002
2026-07-27T15:20:00.000Z,MCT2408021,15.500556,74.053333,49.25,375,571.75,88.28787249999999,21.058125,14.825560625,5.295,16.848125000000003,10.953124999999998,4.2406250000000005,27.078768125
2026-07-27T15:30:00.000Z,MCT2408021,15.500556,74.053333,49.5625,375,576.625,88.28930375,21.26875,14.702198124999997,4.584375,14.729375000000001,9.613125,4.145625,27.035866875000004
2026-07-27T15:33:18.784Z,MCT2408021,15.500556,74.053333,49.4,375,583,87.984984,21.236,14.931058000000002,4.95,16.174,10.762,4.15,27.114563999999994
2026-07-27T14:40:00.000Z,MCT2408029,15.333611,74.206944,18.727272727272727,527.5674727272727,737.9090909090909,93.11485272727272,3.8427272727272737,7.983636363636364,8.504545454545456,26.326363636363634,14.545454545454545,3.516363636363636,26.807046363636367
2026-07-27T14:50:00.000Z,MCT2408029,15.333611,74.206944,17.375,526.21108125,731.25,92.87981437499998,3.75875,7.331875,7.575000000000001,23.808125,13.343749999999998,3.5,26.853543750000004
2026-07-27T15:00:00.000Z,MCT2408029,15.333611,74.206944,19.0625,539.3169875000001,735.375,92.75917562499998,3.244375,7.6262500000000015,8.786875,27.095625,14.851875,3.506875,26.879014999999995
2026-07-27T15:10:00.000Z,MCT2408029,15.333611,74.206944,16.9375,523.10291875,737.0625,92.89554999999999,2.925,7.9506250000000005,7.4993750000000015,22.940625,12.608749999999999,3.563125,26.833433749999998
2026-07-27T15:20:00.000Z,MCT2408029,15.333611,74.206944,19.466666666666665,525.0208333333334,735.8666666666667,93.13380866666667,5.944,7.731333333333334,7.999333333333333,25.27933333333333,14.273333333333333,3.5,26.820698000000007
2026-07-27T15:30:00.000Z,MCT2408029,15.333611,74.206944,15.3125,521.286625,731.875,93.37667874999998,4.417499999999999,7.589999999999999,6.2856250000000005,19.906249999999993,11.249374999999999,3.535,26.842819375000005
2026-07-27T15:33:18.789Z,MCT2408029,15.333611,74.206944,14.5,517.3955166666666,752,93.22409,5.616666666666667,7.233333333333333,5.39,17.14666666666667,9.705,3.581666666666667,26.89934666666667
2026-07-27T14:40:00.000Z,MCT2408027,15.275556,74.1075,37.9,1135.5409999999997,553.1,90.222687,6.58,12.804000000000006,15.779,49.582,26.877000000000002,2.9499999999999997,27.665832
2026-07-27T14:50:00.000Z,MCT2408027,15.275556,74.1075,34.4375,1152.421875,574.5625,90.691133125,6.579999999999999,12.798125000000006,13.62125,43.06250000000001,23.529375,2.9500000000000006,27.566759999999995
2026-07-27T15:00:00.000Z,MCT2408027,15.275556,74.1075,35.875,1149.578125,543.9375,90.62962062499999,6.579999999999999,12.800625000000004,14.546875,45.526875000000004,24.579375000000002,2.9500000000000006,27.613681875
2026-07-27T15:10:00.000Z,MCT2408027,15.275556,74.1075,34.6875,1148.6225,554.6875,90.78935999999997,6.579999999999999,12.741875000000006,13.498124999999998,43.371249999999996,23.90125,2.9500000000000006,27.592231249999994
2026-07-27T15:20:00.000Z,MCT2408027,15.275556,74.1075,34.0625,1150.280625,570.25,91.09930562499997,6.579999999999999,12.683125000000006,12.819999999999999,41.83125,23.468124999999997,2.9500000000000006,27.576815
2026-07-27T15:30:00.000Z,MCT2408027,15.275556,74.1075,31.8125,1151.604375,540.9375,90.97771125,6.579999999999999,12.685625000000005,11.401874999999999,37.703125,21.368750000000002,2.9500000000000006,27.667976875
2026-07-27T15:33:18.804Z,MCT2408027,15.275556,74.1075,28.333333333333332,1157.6283333333333,566.5,90.30839166666665,6.579999999999999,12.88,9.040000000000001,31.051666666666666,18.44333333333333,2.9499999999999997,27.69657833333334
2026-07-27T14:40:00.000Z,MCT2408049,15.475278,74.055833,56.81818181818182,151.63981818181819,492.90909090909093,86.55426636363637,24.310909090909092,12.027272727272726,9.549090909090909,28.065454545454543,14.43727272727273,2.61,28.193507272727274
2026-07-27T14:50:00.000Z,MCT2408049,15.475278,74.055833,56.5,150.84651250000002,480.4375,86.33474875,24.1525,13.663124999999999,8.768125000000001,26.621250000000003,14.0975,2.61,28.140551875
2026-07-27T15:00:00.000Z,MCT2408049,15.475278,74.055833,56.75,150.8214625,465.3125,85.86315562499999,24.192500000000003,13.896249999999998,7.522500000000002,23.509375,12.709374999999998,2.61,27.972305
2026-07-27T15:10:00.000Z,MCT2408049,15.475278,74.055833,56.5,150,464.1875,86.72289312499998,24.076249999999998,14.011875,7.283125000000002,22.456249999999997,12.084374999999998,2.61,27.581509375
2026-07-27T15:20:00.000Z,MCT2408049,15.475278,74.055833,56.25,151.01704999999998,451.3125,87.659878125,23.9075,14.880624999999998,6.132500000000001,19.4875,10.884375,2.61,27.227579374999998
2026-07-27T15:30:00.000Z,MCT2408049,15.475278,74.055833,56.86666666666667,152.79840666666666,456.2,88.43410266666666,24.406666666666663,14.040666666666668,5.826666666666668,18.744000000000003,10.434666666666667,2.61,27.158893333333342
2026-07-27T15:33:19.016Z,MCT2408049,15.475278,74.055833,56.833333333333336,150,462.1666666666667,88.698585,24.051666666666666,12.426666666666668,6.259999999999999,19.023333333333337,10.228333333333333,2.61,27.197859999999995
2026-07-27T14:40:00.000Z,MCT2408040,15.528056,74.020833,19,100,465.90909090909093,87.18334454545453,8.099090909090911,4.782727272727273,3.07,8.42,3.7299999999999995,3.5,27.824956363636364
2026-07-27T14:50:00.000Z,MCT2408040,15.528056,74.020833,18.875,100,464.6875,87.221664375,8.026250000000001,4.773125000000001,3.07,8.42,3.7562499999999988,3.5,27.769196875
2026-07-27T15:00:00.000Z,MCT2408040,15.528056,74.020833,19.125,100,458.625,87.3032025,8.176875,4.803125,3.07,8.42,3.7299999999999986,3.5,27.648537500000003
2026-07-27T15:10:00.000Z,MCT2408040,15.528056,74.020833,19,100,465.0625,87.44768499999999,8.179375,4.746250000000001,3.07,8.441875,3.753124999999999,3.5,27.592231249999998
2026-07-27T15:20:00.000Z,MCT2408040,15.528056,74.020833,18.75,100,465.0625,87.51921125,7.925000000000001,4.810625,3.07,8.42,3.7299999999999986,3.5,27.55670625
2026-07-27T15:30:00.000Z,MCT2408040,15.528056,74.020833,19.0625,100,463.25,87.944073125,8.12625,4.7943750000000005,3.07,8.42,3.7299999999999986,3.5,27.372368750000007
2026-07-27T15:33:19.019Z,MCT2408040,15.528056,74.020833,19.2,100,472.2,88.061282,8.114,4.894,3.07,8.42,3.7299999999999995,3.5,27.316197999999996
2026-07-27T14:40:00.000Z,MCT2408044,15.313669,74.140042,25.181818181818183,214.29,467.3636363636364,92.93521454545453,10.615454545454545,3.3499999999999996,5.067272727272728,14.090909090909092,8.404545454545454,3.4877622727272732,26.658842727272727
2026-07-27T14:50:00.000Z,MCT2408044,15.313669,74.140042,25.4375,214.29,470.4375,93.365233125,10.728749999999998,3.381875,5.7837499999999995,16.03125,9.595,3.40176275,26.534468750000002
2026-07-27T15:00:00.000Z,MCT2408044,15.313669,74.140042,25.53846153846154,214.29,474.84615384615387,93.5776846153846,10.75076923076923,3.3376923076923077,4.774615384615385,13.346153846153847,8.068461538461538,3.618540461538461,26.62269230769231
2026-07-27T15:10:00.000Z,MCT2408044,15.313669,74.140042,25.5625,214.29,471.375,93.28607937499999,10.750625000000001,3.3406249999999997,4.093124999999999,12.03125,7.5024999999999995,3.4733975,26.752994375
2026-07-27T15:20:00.000Z,MCT2408044,15.313669,74.140042,25.125,214.29,462.125,93.03383374999999,10.53,3.3668750000000003,5.279375,14.90625,8.988125000000002,3.32612175,26.892421249999995
2026-07-27T15:30:00.000Z,MCT2408044,15.313669,74.140042,25,214.29,472.5625,92.55556499999999,10.41375,3.5049999999999994,4.3825,12.5,7.637499999999998,3.8061698125,26.803268125
2026-07-27T15:33:19.016Z,MCT2408044,15.313669,74.140042,25.2,214.29000000000002,461,91.00775,10.55,3.3199999999999994,2.9860000000000007,8.4,5.082,4.2817948,26.679124
2026-07-27T14:40:00.000Z,MCT2408046,15.529167,74.07,31.25,237.04,633.25,90.29106562499999,13.582210000000002,13.800551750000002,5,12.0625,5.09868425,3.8587499999999997,27.141776874999998
2026-07-27T14:50:00.000Z,MCT2408046,15.529167,74.07,31.12,237.32879999999997,632.92,90.5454104,13.598358000000003,12.27411924,5,13.04,6.010526440000002,3.833200000000001,27.048923999999996
2026-07-27T15:00:00.000Z,MCT2408046,15.529167,74.07,31.16,237.04,633.92,90.7559812,13.5561868,12.73176572,5,12.16,5.157894799999999,3.927200000000001,26.8524428
2026-07-27T15:10:00.000Z,MCT2408046,15.529167,74.07,31.12,237.04,623.28,91.07458400000002,13.601578400000001,14.071177919999998,5.025,12.44,5.42105268,3.8288000000000006,26.886333999999987
2026-07-27T15:20:00.000Z,MCT2408046,15.529167,74.07,31,237.04,639.24,91.25372320000001,13.458397600000003,13.65823576,5,12.36,5.38947376,3.846,26.9421044
2026-07-27T15:30:00.000Z,MCT2408046,15.529167,74.07,31.28,237.04,632.08,91.44049159999999,13.662815199999995,11.56235496,5,12,5,3.8420000000000005,26.927090000000003
2026-07-27T15:33:19.023Z,MCT2408046,15.529167,74.07,31.375,237.04,637.5,91.4740975,13.643070000000002,10.784927,5,12,5,3.78375,26.9855925
2026-07-27T14:40:00.000Z,MCT2408037,15.394444,74.118333,27.818181818181817,160,439.8181818181818,85.66370545454545,10.388181818181817,215.49818181818182,8.378181818181817,30.405454545454543,15.671818181818184,3.5809090909090915,27.177546363636363
2026-07-27T14:50:00.000Z,MCT2408037,15.394444,74.118333,25.5,160,432.875,85.87078562500002,10.709375000000001,214.90062500000005,6.086875,22.641875,12.130625000000002,3.43125,27.009725624999998
2026-07-27T15:00:00.000Z,MCT2408037,15.394444,74.118333,25.375,160,433.1875,86.120170625,10.624375000000002,214.83125000000004,5.714375000000001,21.669999999999998,11.708750000000002,3.3649999999999998,26.904486874999993
2026-07-27T15:10:00.000Z,MCT2408037,15.394444,74.118333,26.875,160,439.4375,85.94469312500001,10.609375,214.21375000000006,7.573124999999999,27.291875,14.146250000000002,3.301874999999999,26.935991250000008
2026-07-27T15:20:00.000Z,MCT2408037,15.394444,74.118333,25.25,160,444.0625,86.24224062499998,10.351875000000001,216.27125000000004,6.225625000000001,23.713124999999998,12.880625000000002,3.5556250000000005,26.839466874999992
2026-07-27T15:30:00.000Z,MCT2408037,15.394444,74.118333,25.3125,160,445.0625,86.38147812500002,10.498125,216.34,6.179375,23.560624999999998,12.786875000000002,3.6137499999999996,26.85957562499999
2026-07-27T15:33:19.025Z,MCT2408037,15.394444,74.118333,25,160,432,86.49725400000003,10.287999999999998,216.43400000000003,6.244,24.201999999999998,13.34,3.6119999999999997,26.863596
2026-07-27T14:40:00.000Z,MCT2408042,15.213889,74.071667,59.2,205.56000000000003,467,89.37048300000001,25.332,14.219,19.201,58.641999999999996,30.978,3.125,28.064807000000002
2026-07-27T14:50:00.000Z,MCT2408042,15.213889,74.071667,59.0625,151.02,479.125,89.79706187500003,25.178124999999998,14.020625000000003,20.076875,61.16125000000001,32.17375,3.3075,27.989732500000006
2026-07-27T15:00:00.000Z,MCT2408042,15.213889,74.071667,58.5,117.39375000000001,475.3125,90.17424249999999,24.589999999999993,15.098125000000003,15.924999999999997,50.16,27.2175,3.08,28.059445625
2026-07-27T15:10:00.000Z,MCT2408042,15.213889,74.071667,59.1875,169.81624999999997,468.8125,89.54862937499998,25.300624999999997,15.015000000000004,12.853749999999998,40.64,22.150624999999994,3.114375,28.172057499999998
2026-07-27T15:20:00.000Z,MCT2408042,15.213889,74.071667,59.0625,196.309375,462.5,86.60225249999999,25.391874999999995,15.809999999999999,5.914999999999999,21.145625,12.641250000000003,3.03625,28.430805000000003
2026-07-27T15:30:00.000Z,MCT2408042,15.213889,74.071667,60.25,250.07999999999998,451.3125,83.040278125,26.176249999999996,15.346875,5.8581249999999985,20.57625,12.130000000000003,3.9881249999999997,28.766630000000006
2026-07-27T15:33:19.245Z,MCT2408042,15.213889,74.071667,60.2,270.756,451,82.14697,26.276,14.907999999999998,5.46,19.15,10.93,4.67,28.843448000000002
2026-07-27T14:40:00.000Z,MCT2408041,15.224628,74.171389,34.8,249.09902000000002,483.9,89.320892,13.513,9.700000000000001,14.716,46.332,25.071999999999996,7.835000000000001,27.422376000000003
2026-07-27T14:50:00.000Z,MCT2408041,15.224628,74.171389,32.625,268.49866875,482.875,89.50380687499998,13.718125,9.7,12.585624999999999,39.53812500000001,21.283125000000002,7.77125,27.394491250000005
2026-07-27T15:00:00.000Z,MCT2408041,15.224628,74.171389,32.625,196.10846249999997,496.5625,89.81756624999998,13.697499999999998,9.7,12.484374999999998,38.424375,20.22,7.708125000000001,27.341536249999997
2026-07-27T15:10:00.000Z,MCT2408041,15.224628,74.171389,33.125,255.44406249999997,495.6875,89.86239,13.574999999999998,9.7,13.443124999999998,41.81625,22.393125,7.884374999999999,27.325446875
2026-07-27T15:20:00.000Z,MCT2408041,15.224628,74.171389,32.3125,306.09125624999996,490.8125,90.41552,13.562499999999998,9.7,10.560624999999998,32.39999999999999,17.08625,8.008125,27.206801249999998
2026-07-27T15:30:00.000Z,MCT2408041,15.224628,74.171389,32.25,362.44613125000006,482.625,90.66252062500001,13.536249999999999,9.7,8.893125000000001,28.501875000000005,15.774375000000003,7.901250000000001,27.149151250000003
2026-07-27T15:33:19.248Z,MCT2408041,15.224628,74.171389,32.6,383.41044,471.6,90.47369599999999,13.668000000000001,9.7,8.892000000000001,27.54,14.722,7.858000000000001,27.206799999999998
2026-07-27T14:40:00.000Z,MCT2408024,15.148056,74.131667,40.375,207.65174375,559.25,79.40010187499999,17.425437499999997,8.54256775,11.177500000000002,34.855000000000004,18.92125,2.4587499999999998,28.855784999999997
2026-07-27T14:50:00.000Z,MCT2408024,15.148056,74.131667,40.28,209.70379200000002,601.64,79.47454840000002,17.365274799999998,8.095237440000004,9.590000000000003,30.54040000000001,16.868400000000005,2.4527999999999994,28.825001200000003
2026-07-27T15:00:00.000Z,MCT2408024,15.148056,74.131667,40.56,208.65582800000004,592.8,79.7424924,17.522417199999996,8.672437840000004,10.950000000000003,35.65920000000001,19.942800000000005,2.4551999999999996,28.748638400000004
2026-07-27T15:10:00.000Z,MCT2408024,15.148056,74.131667,40.48,208.91985200000002,505.44,79.86089799999996,17.502356000000006,8.326117600000003,11.590000000000005,36.66000000000001,20.020800000000005,2.4523999999999995,28.7546456
2026-07-27T15:20:00.000Z,MCT2408024,15.148056,74.131667,40.333333333333336,204.73783749999998,604.5,80.01188666666668,17.33164,8.662817833333337,14.487916666666672,44.472916666666684,23.563333333333336,2.450416666666668,28.710546666666662
2026-07-27T15:30:00.000Z,MCT2408024,15.148056,74.131667,40.96,205.11335200000002,613.04,80.33514679999999,17.545364799999998,8.903318000000006,17.227600000000006,53.170000000000016,28.41840000000001,2.4444,28.622941199999996
2026-07-27T15:33:19.247Z,MCT2408024,15.148056,74.131667,40.875,211.3411625,608.875,80.47537375,17.70683,8.181817500000001,12.239999999999998,38.72625,21.105,2.43375,28.59301875
2026-07-27T14:40:00.000Z,MCT2408045,15.619444,73.878889,27.1,178.11999999999998,475.9,84.811158,11.199,17.531,10.819999999999999,36.956,19.112999999999996,2.5300000000000002,27.740907
2026-07-27T14:50:00.000Z,MCT2408045,15.619444,73.878889,26.125,178.11999999999995,485.375,85.07351249999998,11.452499999999999,17.642500000000005,9.499375,32.046875,16.466875000000005,2.5300000000000002,27.654571875000002
2026-07-27T15:00:00.000Z,MCT2408045,15.619444,73.878889,28.0625,178.11999999999995,492.875,85.52460124999999,11.306249999999999,17.5725,11.641250000000003,38.886875,19.8625,2.5300000000000002,27.557376250000004
2026-07-27T15:10:00.000Z,MCT2408045,15.619444,73.878889,28,178.11999999999995,481.5625,85.677665625,11.236250000000002,17.486875,11.640625000000002,39.17187499999999,20.07625,2.5300000000000002,27.494366874999997
2026-07-27T15:20:00.000Z,MCT2408045,15.619444,73.878889,27.9375,178.11999999999995,484.875,85.65525499999998,11.040625,17.491875,11.640625000000002,39.17187499999999,20.111250000000002,2.5300000000000002,27.502409375000003
2026-07-27T15:30:00.000Z,MCT2408045,15.619444,73.878889,26.625,178.11999999999995,494.3125,85.83025312500001,11.446875,17.35125,10.130624999999998,34.041875,17.351250000000004,2.5300000000000002,27.451465624999997
2026-07-27T15:33:19.247Z,MCT2408045,15.619444,73.878889,26,178.12,492.6,85.902164,11.014,16.915999999999997,9.360000000000001,31.940000000000005,16.624000000000002,2.53,27.457767999999998
2026-07-27T14:40:00.000Z,MCT2408033,15.346944,74.007778,24.5,110,438,88.24056900000001,11.593999999999998,50.143074,10.182,26.208000000000006,15.823999999999998,4.39,27.858888
2026-07-27T14:50:00.000Z,MCT2408033,15.346944,74.007778,23.6875,110,474.375,88.61164499999998,8.300625,52.867095625000005,12.273750000000001,31.3775,18.897499999999997,4.39,27.80070375
2026-07-27T15:00:00.000Z,MCT2408033,15.346944,74.007778,22.6875,110,488.625,89.22008874999999,8.6475,40.55534875000001,10.302500000000002,27.40375,16.949375,4.39,27.90661375
2026-07-27T15:10:00.000Z,MCT2408033,15.346944,74.007778,23,110,454.5625,86.50879312499997,10.67125,35.468751250000004,4.999375,14.328125,9.55875,4.39,28.132508750000003
2026-07-27T15:20:00.000Z,MCT2408033,15.346944,74.007778,20.6875,110.28023125,444.125,85.92800625000001,8.68,39.065326875000004,5.189375,14.45625,9.520624999999999,4.39,27.791989375
2026-07-27T15:30:00.000Z,MCT2408033,15.346944,74.007778,20.0625,110,444.8125,86.980385,8.253125,37.983811249999995,5.642499999999999,15.223749999999999,9.705,4.39,27.554695000000006
2026-07-27T15:33:19.246Z,MCT2408033,15.346944,74.007778,18.833333333333332,110,471,87.37743,7.254999999999999,43.383536666666664,5.755,15.126666666666665,9.410000000000002,4.39,27.45526666666667
2026-07-27T14:40:00.000Z,MCT2408022,15.475833,74.038889,65.9090909090909,150,450.45454545454544,89.73849818181817,3.675454545454546,11.339448181818181,32.63636363636363,98.54545454545455,51.72727272727273,4.167203090909091,27.252624545454545
2026-07-27T14:50:00.000Z,MCT2408022,15.475833,74.038889,55.1875,150,448.9375,89.634460625,3.8431249999999997,11.479228749999999,25.8125,77.3125,40.25,4.1884773125,27.245680625000002
2026-07-27T15:00:00.000Z,MCT2408022,15.475833,74.038889,35.6,150,447.4,89.79416933333336,4.112666666666666,11.489156000000001,12.666666666666666,38.6,20.4,4.216489800000001,27.114563333333333
2026-07-27T15:10:00.000Z,MCT2408022,15.475833,74.038889,33.625,150,437.9375,90.21715562499999,4.242499999999999,11.51474625,10.875,34.6875,19.0625,4.2385325625000005,26.858905
2026-07-27T15:20:00.000Z,MCT2408022,15.475833,74.038889,29.875,150,434,89.96634,3.9856249999999993,11.581763124999998,8.1875,27.25,15.75,4.229314250000001,26.892419999999998
2026-07-27T15:30:00.000Z,MCT2408022,15.475833,74.038889,30.875,150,434.1875,90.12512624999998,4.1975,11.504330000000001,8.9375,29.25,16.5625,4.216132125,26.872981250000006
2026-07-27T15:33:19.473Z,MCT2408022,15.475833,74.038889,32.4,150,434.4,90.25244,4.002,11.541566,10,32.4,18.2,4.2497050000000005,26.86574
2026-07-27T14:40:00.000Z,MCT2408036,15.171567,74.067106,36.5,120,452.8,84.76843199999999,11.589999999999998,7.919,3.367,12.208,7.498,11.325999999999999,28.764085
2026-07-27T14:50:00.000Z,MCT2408036,15.171567,74.067106,36.5,120,449.5625,85.837405625,10.963749999999997,7.748749999999999,3.8468750000000003,13.07375,7.8531249999999995,11.299999999999999,28.576261249999998
2026-07-27T15:00:00.000Z,MCT2408036,15.171567,74.067106,35.375,120,462.1875,84.55662125,10.833124999999999,8.138125,4.0125,14.055625,8.581249999999999,10.654375,28.95298125
2026-07-27T15:10:00.000Z,MCT2408036,15.171567,74.067106,36.125,120,470,84.75832562500001,11.323749999999999,8.0175,4.9674999999999985,16.4,9.595,11.07375,28.856455
2026-07-27T15:20:00.000Z,MCT2408036,15.171567,74.067106,36.07692307692308,120,458.61538461538464,85.32091692307694,10.54076923076923,8.144615384615387,4.128461538461539,14.223076923076924,8.693076923076923,11.01,28.752039230769235
2026-07-27T15:30:00.000Z,MCT2408036,15.171567,74.067106,36.8125,120,465.1875,84.25621500000001,11.416875,7.67125,4.012500000000001,13.646249999999997,8.10625,11.488125,28.708983749999994
2026-07-27T15:33:19.482Z,MCT2408036,15.171567,74.067106,37,120,463.4,85.085814,10.662,7.678,3.3660000000000005,11.044,6.386,11.628000000000002,27.92753
2026-07-27T14:40:00.000Z,MCT2408035,15.236111,74.125,41.63636363636363,190,610.2727272727273,88.1293890909091,17.3659,68.80092454545454,4.283636363636363,13.891818181818183,7.786363636363635,3.8299999999999987,27.75865090909091
2026-07-27T14:50:00.000Z,MCT2408035,15.236111,74.125,42,190,642.6,88.35424733333335,17.710811333333332,68.56403666666667,4.332,13.987333333333334,7.823333333333334,3.8299999999999987,27.721601333333336
2026-07-27T15:00:00.000Z,MCT2408035,15.236111,74.125,41.25,190,635.1875,89.4613675,16.9526575,65.03992937499999,5.272500000000001,17.429375,9.8825,3.8299999999999987,27.539947500000004
2026-07-27T15:10:00.000Z,MCT2408035,15.236111,74.125,40.0625,190,600.1875,89.94106625,15.953424375000003,62.745395624999986,5.3675,17.59375,9.952499999999999,3.8299999999999987,27.539278125000003
2026-07-27T15:20:00.000Z,MCT2408035,15.236111,74.125,40.9375,190,619.625,89.823765625,16.690496875,63.09338874999998,4.845000000000001,16.038125,9.103750000000002,3.8299999999999987,27.5513425
2026-07-27T15:30:00.000Z,MCT2408035,15.236111,74.125,40.75,190,608.0625,90.22478500000001,16.58412125,64.87494499999998,4.53625,15.117499999999998,8.63125,3.8299999999999987,27.507103749999995
2026-07-27T15:33:19.485Z,MCT2408035,15.236111,74.125,40.166666666666664,190,603.5,90.019745,16.034223333333333,62.78467666666668,4.94,16.353333333333335,9.246666666666668,3.8299999999999996,27.61435333333333
2026-07-27T14:40:00.000Z,MCT2408031,15.290833,74.149167,26.818181818181817,140,571.7272727272727,87.24784727272726,7.47178290909091,6,11.774545454545454,31.739090909090905,17.836363636363632,4.426363636363637,27.029347272727275
2026-07-27T14:50:00.000Z,MCT2408031,15.290833,74.149167,25.875,143.4927375,573.375,87.52922500000003,7.292546437500001,6.729621062499999,11.0425,29.5925,16.488125,4.493124999999999,26.933980000000002
2026-07-27T15:00:00.000Z,MCT2408031,15.290833,74.149167,22.875,167.0477625,569.9375,87.95360875000003,7.3363596875,8.594934312500001,8.720624999999998,23.53375,13.273750000000001,4.65625,26.767742500000004
2026-07-27T15:10:00.000Z,MCT2408031,15.290833,74.149167,25.875,142.22433124999998,561.1875,87.74189312500002,7.2285419375,7.383287812499999,11.071874999999999,29.890625,16.815000000000005,4.6156250000000005,26.71076375
2026-07-27T15:20:00.000Z,MCT2408031,15.290833,74.149167,24.625,140,566.5,87.59741187499999,7.305479187500001,7.578896375,10.266874999999999,27.419375,15.267499999999997,4.4331249999999995,26.791873750000004
2026-07-27T15:30:00.000Z,MCT2408031,15.290833,74.149167,24.75,140,572,87.943119375,7.067409,8.371447875,10.328125,27.555,15.32625,4.528124999999999,26.828740624999995
2026-07-27T15:33:19.485Z,MCT2408031,15.290833,74.149167,22,151.24836,568.4,87.928526,7.412162,8.145809400000001,7.903999999999999,21.826,12.475999999999999,4.39,26.885048
2026-07-27T14:40:00.000Z,MCT2408032,15.525556,73.828611,33.8125,179.16125,764.3125,85.14503937499998,14.191875000000001,42.92937499999999,7.120000000000002,18.135624999999997,8.139375,2.498125,28.68217
2026-07-27T14:50:00.000Z,MCT2408032,15.525556,73.828611,34,185.4072,770.6,84.25299040000003,14.533200000000004,42.1184,7.120000000000002,18.092399999999998,8.097600000000003,2.7163999999999997,28.719036800000005
2026-07-27T15:00:00.000Z,MCT2408032,15.525556,73.828611,34,187.8836,754.12,83.78515639999999,14.602000000000007,43.2336,7.120000000000002,18.661199999999997,8.664000000000005,3.0468,28.60277760000001
2026-07-27T15:10:00.000Z,MCT2408032,15.525556,73.828611,34.44,190.2448,736.6,83.20410240000001,14.673600000000004,43.273199999999996,7.120000000000002,17.581199999999995,7.588400000000004,3.2656000000000005,28.507110000000015
2026-07-27T15:20:00.000Z,MCT2408032,15.525556,73.828611,33.52,187.24400000000003,749.36,83.11071879999997,14.413200000000002,42.992,7.120000000000002,18.319999999999997,8.324000000000005,3.318,28.448339199999996
2026-07-27T15:30:00.000Z,MCT2408032,15.525556,73.828611,33.48,201.3084,754.76,82.02246120000001,14.527200000000004,43.26560000000001,7.347200000000002,21.4472,10.986400000000003,3.376799999999999,28.431179199999995
2026-07-27T15:33:19.482Z,MCT2408032,15.525556,73.828611,33.666666666666664,202.29222222222222,750.8888888888889,82.00591333333334,14.796666666666665,43.913333333333334,7.908888888888886,22.75555555555556,11.168888888888887,3.258888888888889,28.459254444444436
2026-07-27T14:40:00.000Z,MCT2408039,15.163611,74.110833,29,264.432,471.5,84.681459,11.7,10.299999999999999,9.019999999999998,28.940000000000005,11.760000000000002,2.3000000000000003,27.74627
2026-07-27T14:50:00.000Z,MCT2408039,15.163611,74.110833,29.625,112.45749999999998,479.3125,84.85369062500001,11.349375,10.3,9.090625,30.360625000000002,12.893125000000001,2.3,27.703503125
2026-07-27T15:00:00.000Z,MCT2408039,15.163611,74.110833,29.1875,229.648125,479.625,85.21084187499999,11.578749999999998,10.3,9.019999999999998,29.004375,11.841249999999999,2.3,27.6471975
2026-07-27T15:10:00.000Z,MCT2408039,15.163611,74.110833,29,213.25625,477.1875,85.48502312500001,10.806249999999997,10.3,9.019999999999998,29.004375000000003,11.809999999999999,2.3,27.597593125000007
2026-07-27T15:20:00.000Z,MCT2408039,15.163611,74.110833,29.4375,140.16437499999998,484.4375,85.53509125,11.268124999999998,10.3,9.090625,29.844375,12.511874999999998,2.3,27.642504999999993
2026-07-27T15:30:00.000Z,MCT2408039,15.163611,74.110833,29,160.26562499999997,478.1875,85.51172687500001,10.908749999999998,10.3,9.019999999999998,28.94,11.759999999999998,2.3,27.707525625000002
2026-07-27T15:33:19.694Z,MCT2408039,15.163611,74.110833,29,192.36833333333334,487.8333333333333,85.25646,10.858333333333333,10.299999999999999,9.019999999999998,28.94,11.76,2.3000000000000003,27.75020333333333
2026-07-27T14:40:00.000Z,MCT2408038,15.188889,74.055556,43.7,856.7860000000001,629.1,87.003084,13.666,13.330000000000002,20.502,57.55499999999999,27.999000000000002,4.4910000000000005,28.587118999999994
2026-07-27T14:50:00.000Z,MCT2408038,15.188889,74.055556,44.3125,821.0493749999999,618,87.16253687500001,14.320000000000002,13.330000000000005,21.176249999999996,58.95875,28.556875,4.48625,28.53537125
2026-07-27T15:00:00.000Z,MCT2408038,15.188889,74.055556,35.8125,260.13312499999995,614.125,87.40810875000001,14.094375000000001,13.330000000000005,14.559999999999999,41.56374999999999,20.425624999999997,4.584999999999999,28.42879125
2026-07-27T15:10:00.000Z,MCT2408038,15.188889,74.055556,40.3125,233.32999999999996,609.875,87.59788937500001,14.044374999999999,13.330000000000005,17.537499999999994,50.88249999999999,25.354375,4.644375,28.411365625000002
2026-07-27T15:20:00.000Z,MCT2408038,15.188889,74.055556,41.8125,239.46874999999997,614.875,87.677520625,14.234375,13.330000000000005,18.001250000000002,52.746249999999996,26.661875000000002,4.6674999999999995,28.413374374999997
2026-07-27T15:30:00.000Z,MCT2408038,15.188889,74.055556,33.125,353.16687500000006,601.4375,85.863631875,14.261875,13.330000000000005,9.2125,28.205624999999998,14.880624999999998,4.77875,28.419406875
2026-07-27T15:33:19.713Z,MCT2408038,15.188889,74.055556,33.4,383.04200000000003,590.6,85.716004,14.516,13.330000000000002,6.514,20.28,10.692,4.836,28.124868000000003
2026-07-27T14:40:00.000Z,MCT2408026,15.2467,74.198281,31.058823529411764,125,520.5294117647059,89.79961411764708,13.372566470588236,12.5,10.230588235294118,34.53117647058824,19.514117647058825,2.408235294117647,27.75188588235294
2026-07-27T14:50:00.000Z,MCT2408026,15.2467,74.198281,36.96,125,516.92,89.78796320000001,13.367892400000006,12.5,15.349199999999996,50.715199999999996,28.080400000000004,2.2716,27.7958244
2026-07-27T15:00:00.000Z,MCT2408026,15.2467,74.198281,31.84,125,528.04,89.93872000000003,13.414338800000005,12.5,10.9264,35.821200000000005,19.788800000000002,2.257599999999999,27.756781599999997
2026-07-27T15:10:00.000Z,MCT2408026,15.2467,74.198281,31.64,125,533.12,90.356812,13.2829456,12.5,10.9264,36.904799999999994,20.8288,2.3340000000000005,27.674841600000004
2026-07-27T15:20:00.000Z,MCT2408026,15.2467,74.198281,33.28,125,533.6,90.61773720000005,13.3074276,12.5,12.703199999999997,42.7852,24.031599999999994,2.2159999999999997,27.670121999999996
2026-07-27T15:30:00.000Z,MCT2408026,15.2467,74.198281,30.92,125,521.28,90.56921399999999,13.3266776,12.5,7.3736,27.196000000000005,16.354000000000003,2.2212000000000005,27.652104399999995
2026-07-27T15:33:19.715Z,MCT2408026,15.2467,74.198281,31.125,125,521.875,90.15612124999998,13.516026250000001,12.5,7.680000000000001,26.596250000000005,15.547500000000003,2.20625,27.796681250000002
